"Liga","Mecz","MatchId","Data","Arena","Drużyna","TeamId","Zawodnik","PlayerId","Pkt","W-L","Serwisy","S_błędy","Asy","MaxSpeed_kmh","Ataki","A_błędy","A_pkt","SK%","EF%","Próby_Obr_Asek","Próby_Obrony","Udane_Obrony","Próby_Asekuracji","Udane_Asekuracje","Obr_SK%","Przyjęcia","P_błędy","Poz%","Prf","Perf%","Bloki","Wybloki","Próby_Bloku","Wystawy_Udane","Wystawy_Złe","Wystawy_Tot","Rozegranie_Bez_Bloku","Rozegranie_Pojedynczy","Rozegranie_Podwójny","Rozegranie_Potrójny","MVP_Score","PBP_Data","D1_Asek_Kiwki_Udane","D1_Asek_Kiwki_Tot","D1_Asek_Bloku_Aktywnego_Udane","D1_Asek_Bloku_Aktywnego_Tot","D1_Asek_Bloku_Pasywnego_Udane","D1_Asek_Bloku_Pasywnego_Tot","D2_Ustawienie_Blok_Udane","D2_Ustawienie_Blok_Tot","D2_Blok_Aktywny_Udane","D2_Blok_Aktywny_Nieudane","D2_Blok_Aktywny_Tot","D2_Blok_Pasywny_Udane","D2_Blok_Pasywny_Nieudane","D2_Blok_Pasywny_Tot","O1_Serwis_Max_kmh","O1_Serwis_Śr_kmh","O1_Kiwka_Udane","O1_Kiwka_Błędy","O1_Kiwka_Zablokowane_Skutecznie","O1_Kiwka_Zablokowane_Nieskutecznie","O1_Kiwka_Wyasekurowane","O1_Kiwka_Tot","O1_Atak_BlokAut_Udane","O1_Atak_BlokAut_Błędy","O1_Atak_BlokAut_Zablokowane","O1_Atak_BlokAut_Zablokowane_Nieskutecznie","O1_Atak_BlokAut_Wybronione","O1_Atak_BlokAut_Tot","O2_Atak_1Linia_Skrzydło_Udane","O2_Atak_1Linia_Skrzydło_Błędy","O2_Atak_1Linia_Skrzydło_Zablokowane","O2_Atak_1Linia_Skrzydło_Zablokowane_Nieskutecznie","O2_Atak_1Linia_Skrzydło_Wybronione","O2_Atak_1Linia_Skrzydło_Tot","O2_Atak_1Linia_Środek_Udane","O2_Atak_1Linia_Środek_Błędy","O2_Atak_1Linia_Środek_Zablokowane","O2_Atak_1Linia_Środek_Zablokowane_Nieskutecznie","O2_Atak_1Linia_Środek_Wybronione","O2_Atak_1Linia_Środek_Tot","O2_Atak_2Linia_Udane","O2_Atak_2Linia_Błędy","O2_Atak_2Linia_Zablokowane","O2_Atak_2Linia_Zablokowane_Nieskutecznie","O2_Atak_2Linia_Wybronione","O2_Atak_2Linia_Tot","OTH_Wystawa_Punkt","OTH_Wystawa_Atakujący_Zablokowany","OTH_Wystawa_Atakujący_Nieskutecznie_Zablokowany","OTH_Wystawa_Atakujący_Błąd","OTH_Wystawa_Atak_Obroniony","OTH_Rozegranie_Tot","PBP_Przyjecie_Blok0","PBP_Przyjecie_Blok1","PBP_Przyjecie_Blok2","PBP_Przyjecie_Blok3","PBP_Przyjecie_Blok_Razem","PBP_OB_Atak_Razem","PBP_OB_Atak_Punkt","PBP_OB_Atak_Blok","PBP_OB_Atak_Blad","PBP_OB_Atak_Obroniony","PBP_OB_Atak_Inne","PBP_SEK_Atak_Razem","PBP_SEK_Atak_Punkt","PBP_SEK_Atak_Blok","PBP_SEK_Atak_Blad","PBP_SEK_Atak_Obroniony","PBP_SEK_Atak_Inne","Sety_Zagrane_PBP","PBP_Set1_Akcje","PBP_Set2_Akcje","PBP_Set3_Akcje","PBP_Set4_Akcje","PBP_Set5_Akcje","Exporter_Version","Is_Walkover","Walkover_MP_For","Walkover_MP_Against"
"3.3","KS Okalew vs TKS Jelenie Studzienki 0:3","1126263","2026-07-02 17:00","Hala Sportowa Okalew","KS Okalew","131073","Kuczkowski, Michał","1681793","0","-1","3","1","0","52","0","0","0","0","0","13","5","2","8","0","15","0","0","0","0","0","0","2","8","6","25","46","1","11","16","18","0.6","{""sets"":[{""h"":7,""a"":25},{""h"":5,""a"":25},{""h"":6,""a"":25}],""parsedSets"":[{""rallies"":[{""type"":""end"",""score"":""7 : 25"",""txt"":""Koniec seta 0 : 1""},{""type"":""end"",""score"":""7 : 25"",""txt"":""Koniec seta 0 : 1""},{""type"":""rally"",""score"":""7 : 25"",""speed"":""51.2 km/h"",""res"":""Punkt: K. Rzymski""},{""type"":""rally"",""score"":""7 : 24"",""speed"":""45.4 km/h"",""res"":""Błąd: C. Gojnea""},{""type"":""rally"",""score"":""7 : 23"",""speed"":""52.0 km/h"",""res"":""Punkt: B. Wawryniuk""},{""type"":""rally"",""score"":""7 : 22"",""speed"":""56.3 km/h"",""res"":""Punkt: K. Rzymski""},{""type"":""rally"",""score"":""7 : 21"",""speed"":""54.1 km/h"",""res"":""Punkt: A. Henderson""},{""type"":""rally"",""score"":""7 : 20"",""speed"":""55.1 km/h"",""res"":""Punkt: I. Menaballi""},{""type"":""rally"",""score"":""6 : 20"",""speed"":""58.3 km/h"",""res"":""Punkt: F. Aboim""},{""type"":""rally"",""score"":""6 : 19"",""speed"":""56.9 km/h"",""res"":""Punkt: F. Aboim""},{""type"":""rally"",""score"":""6 : 18"",""speed"":""-"",""res"":""Błąd: M. Kuczkowski""},{""type"":""rally"",""score"":""6 : 17"",""speed"":""-"",""res"":""Błąd: M. Drąg""},{""type"":""rally"",""score"":""5 : 17"",""speed"":""62.5 km/h"",""res"":""Punkt: A. Henderson""},{""type"":""tmo"",""score"":""5 : 16"",""txt"":""Czas dla: ""},{""type"":""rally"",""score"":""5 : 16"",""speed"":""55.7 km/h"",""res"":""Punkt: A. Henderson""},{""type"":""rally"",""score"":""5 : 15"",""speed"":""52.1 km/h"",""res"":""Punkt: W. Kowalski""},{""type"":""rally"",""score"":""5 : 14"",""speed"":""53.3 km/h"",""res"":""Punkt: A. Henderson""},{""type"":""rally"",""score"":""5 : 13"",""speed"":""-"",""res"":""Błąd: K. Rzymski""},{""type"":""rally"",""score"":""4 : 13"",""speed"":""55.0 km/h"",""res"":""Punkt: K. Rzymski""},{""type"":""rally"",""score"":""4 : 12"",""speed"":""73.4 km/h"",""res"":""Punkt: M. Drąg""},{""type"":""rally"",""score"":""4 : 11"",""speed"":""-"",""res"":""Błąd: M. Carella""},{""type"":""rally"",""score"":""4 : 10"",""speed"":""48.5 km/h"",""res"":""Punkt: C. Naliwajko""},{""type"":""rally"",""score"":""3 : 10"",""speed"":""50.6 km/h"",""res"":""Punkt: M. Drąg""},{""type"":""chg"",""score"":""3 : 9"",""txt"":""Zmiana: M. Carella ⇄ T. Nakaizumi""},{""type"":""rally"",""score"":""3 : 9"",""speed"":""68.0 km/h"",""res"":""Punkt: K. Rzymski""},{""type"":""tmo"",""score"":""3 : 8"",""txt"":""Czas dla: ""},{""type"":""rally"",""score"":""3 : 8"",""speed"":""43.1 km/h"",""res"":""Punkt: M. Drąg""},{""type"":""chg"",""score"":""3 : 7"",""txt"":""Zmiana: C. Naliwajko ⇄ M. Baranowski""},{""type"":""chg"",""score"":""3 : 7"",""txt"":""Zmiana: M. Kuczkowski ⇄ K. Juszkiewicz""},{""type"":""rally"",""score"":""3 : 7"",""speed"":""52.7 km/h"",""res"":""Punkt: M. Drąg""},{""type"":""chg"",""score"":""3 : 6"",""txt"":""Zmiana: C. Gojnea ⇄ P. Lauriola""},{""type"":""rally"",""score"":""3 : 6"",""speed"":""49.3 km/h"",""res"":""Punkt: K. Rzymski""},{""type"":""rally"",""score"":""3 : 5"",""speed"":""64.5 km/h"",""res"":""Błąd: K. Rzymski""},{""type"":""tmo"",""score"":""2 : 5"",""txt"":""Czas dla: KS Okalew""},{""type"":""rally"",""score"":""2 : 5"",""speed"":""53.5 km/h"",""res"":""Punkt: M. Drąg""},{""type"":""chg"",""score"":""2 : 4"",""txt"":""Zmiana: K. Juszkiewicz ⇄ M. Kuczkowski""},{""type"":""chg"",""score"":""2 : 4"",""txt"":""Zmiana: T. Nakaizumi ⇄ M. Carella""},{""type"":""rally"",""score"":""2 : 4"",""speed"":""-"",""res"":""Błąd: I. Menaballi""},{""type"":""rally"",""score"":""2 : 3"",""speed"":""-"",""res"":""Błąd: W. Kowalski""},{""type"":""tmo"",""score"":""1 : 3"",""txt"":""Czas dla: KS Okalew""},{""type"":""rally"",""score"":""1 : 3"",""speed"":""45.3 km/h"",""res"":""Punkt: K. Rzymski""},{""type"":""rally"",""score"":""1 : 2"",""speed"":""58.1 km/h"",""res"":""Punkt: F. Aboim""},{""type"":""rally"",""score"":""1 : 1"",""speed"":""63.8 km/h"",""res"":""Punkt: P. Lauriola""},{""type"":""chg"",""score"":""0 : 1"",""txt"":""Zmiana: B. Wawryniuk ⇄ J. Wrzesiński""},{""type"":""rally"",""score"":""0 : 1"",""speed"":""52.0 km/h"",""res"":""Punkt: W. Kowalski""}]},{""rallies"":[{""type"":""end"",""score"":""5 : 25"",""txt"":""Koniec seta 0 : 2""},{""type"":""end"",""score"":""5 : 25"",""txt"":""Koniec seta 0 : 2""},{""type"":""rally"",""score"":""5 : 25"",""speed"":""62.7 km/h"",""res"":""Punkt: K. Rzymski""},{""type"":""rally"",""score"":""5 : 24"",""speed"":""52.3 km/h"",""res"":""Punkt: M. Krawiec""},{""type"":""rally"",""score"":""5 : 23"",""speed"":""44.9 km/h"",""res"":""Punkt: K. Rzymski""},{""type"":""rally"",""score"":""5 : 22"",""speed"":""62.8 km/h"",""res"":""Punkt: T. Nakaizumi""},{""type"":""rally"",""score"":""4 : 22"",""speed"":""63.2 km/h"",""res"":""Punkt: K. Rzymski""},{""type"":""rally"",""score"":""4 : 21"",""speed"":""55.4 km/h"",""res"":""Punkt: K. Rzymski""},{""type"":""rally"",""score"":""4 : 20"",""speed"":""63.8 km/h"",""res"":""Punkt: M. Drąg""},{""type"":""rally"",""score"":""4 : 19"",""speed"":""63.2 km/h"",""res"":""Punkt: M. Drąg""},{""type"":""rally"",""score"":""4 : 18"",""speed"":""53.6 km/h"",""res"":""Punkt: M. Klemenčič""},{""type"":""rally"",""score"":""4 : 17"",""speed"":""-"",""res"":""Błąd: M. Klemenčič""},{""type"":""rally"",""score"":""3 : 17"",""speed"":""44.4 km/h"",""res"":""Punkt: K. Rzymski""},{""type"":""rally"",""score"":""3 : 16"",""speed"":""-"",""res"":""Błąd: M. Krawiec""},{""type"":""tmo"",""score"":""2 : 16"",""txt"":""Czas dla: ""},{""type"":""rally"",""score"":""2 : 16"",""speed"":""52.6 km/h"",""res"":""Punkt: M. Klemenčič""},{""type"":""rally"",""score"":""2 : 15"",""speed"":""63.1 km/h"",""res"":""Punkt: M. Klemenčič""},{""type"":""rally"",""score"":""2 : 14"",""speed"":""64.9 km/h"",""res"":""Punkt: J. Wrzesiński""},{""type"":""rally"",""score"":""2 : 13"",""speed"":""54.4 km/h"",""res"":""Punkt: M. Klemenčič""},{""type"":""rally"",""score"":""2 : 12"",""speed"":""61.0 km/h"",""res"":""Punkt: K. Rzymski""},{""type"":""rally"",""score"":""2 : 11"",""speed"":""54.2 km/h"",""res"":""Punkt: K. Rzymski""},{""type"":""rally"",""score"":""2 : 10"",""speed"":""60.3 km/h"",""res"":""Punkt: J. Wrzesiński""},{""type"":""rally"",""score"":""2 : 9"",""speed"":""62.2 km/h"",""res"":""Punkt: K. Rzymski""},{""type"":""tmo"",""score"":""2 : 8"",""txt"":""Czas dla: ""},{""type"":""rally"",""score"":""2 : 8"",""speed"":""-"",""res"":""Błąd: I. Menaballi""},{""type"":""rally"",""score"":""2 : 7"",""speed"":""56.3 km/h"",""res"":""Punkt: I. Menaballi""},{""type"":""rally"",""score"":""1 : 7"",""speed"":""63.8 km/h"",""res"":""Punkt: J. Wrzesiński""},{""type"":""rally"",""score"":""1 : 6"",""speed"":""50.9 km/h"",""res"":""Punkt: J. Wrzesiński""},{""type"":""rally"",""score"":""1 : 5"",""speed"":""60.0 km/h"",""res"":""Punkt: J. Wrzesiński""},{""type"":""tmo"",""score"":""1 : 4"",""txt"":""Czas dla: KS Okalew""},{""type"":""rally"",""score"":""1 : 4"",""speed"":""55.7 km/h"",""res"":""Punkt: M. Klemenčič""},{""type"":""tmo"",""score"":""1 : 3"",""txt"":""Czas dla: KS Okalew""},{""type"":""rally"",""score"":""1 : 3"",""speed"":""57.2 km/h"",""res"":""Punkt: M. Krawiec""},{""type"":""chg"",""score"":""1 : 2"",""txt"":""Zmiana: K. Juszkiewicz ⇄ M. Kuczkowski""},{""type"":""chg"",""score"":""1 : 2"",""txt"":""Zmiana: T. Nakaizumi ⇄ B. Kędzierski""},{""type"":""rally"",""score"":""1 : 2"",""speed"":""51.6 km/h"",""res"":""Punkt: M. Krawiec""},{""type"":""chg"",""score"":""1 : 1"",""txt"":""Zmiana: P. Lauriola ⇄ C. Gojnea""},{""type"":""chg"",""score"":""1 : 1"",""txt"":""Zmiana: I. Menaballi ⇄ C. Naliwajko""},{""type"":""rally"",""score"":""1 : 1"",""speed"":""-"",""res"":""Błąd: M. Drąg""},{""type"":""chg"",""score"":""0 : 1"",""txt"":""Zmiana: M. Krawiec ⇄ W. Kowalski""},{""type"":""chg"",""score"":""0 : 1"",""txt"":""Zmiana: W. Niewiadomski ⇄ A. Henderson""},{""type"":""chg"",""score"":""0 : 1"",""txt"":""Zmiana: M. Klemenčič ⇄ F. Aboim""},{""type"":""chg"",""score"":""0 : 1"",""txt"":""Zmiana: C. Gojnea ⇄ P. Lauriola""},{""type"":""chg"",""score"":""0 : 1"",""txt"":""Zmiana: C. Naliwajko ⇄ I. Menaballi""},{""type"":""rally"",""score"":""0 : 1"",""speed"":""47.8 km/h"",""res"":""Punkt: F. Aboim""}]},{""rallies"":[{""type"":""end"",""score"":""6 : 25"",""txt"":""Koniec seta 0 : 3""},{""type"":""end"",""score"":""6 : 25"",""txt"":""Koniec seta 0 : 3""},{""type"":""rally"",""score"":""6 : 25"",""speed"":""54.4 km/h"",""res"":""Punkt: W. Kowalski""},{""type"":""rally"",""score"":""6 : 24"",""speed"":""66.6 km/h"",""res"":""Punkt: W. Kowalski""},{""type"":""rally"",""score"":""6 : 23"",""speed"":""56.9 km/h"",""res"":""Punkt: M. Drąg""},{""type"":""rally"",""score"":""6 : 22"",""speed"":""62.3 km/h"",""res"":""Punkt: B. Wawryniuk""},{""type"":""rally"",""score"":""6 : 21"",""speed"":""49.2 km/h"",""res"":""Punkt: M. Drąg""},{""type"":""rally"",""score"":""6 : 20"",""speed"":""50.1 km/h"",""res"":""Punkt: W. Kowalski""},{""type"":""rally"",""score"":""6 : 19"",""speed"":""46.1 km/h"",""res"":""Błąd: C. Gojnea""},{""type"":""rally"",""score"":""6 : 18"",""speed"":""-"",""res"":""Błąd: J. Wrzesiński""},{""type"":""rally"",""score"":""5 : 18"",""speed"":""57.0 km/h"",""res"":""Punkt: K. Rzymski""},{""type"":""rally"",""score"":""5 : 17"",""speed"":""48.7 km/h"",""res"":""Punkt: K. Rzymski""},{""type"":""tmo"",""score"":""5 : 16"",""txt"":""Czas dla: ""},{""type"":""rally"",""score"":""5 : 16"",""speed"":""-"",""res"":""Błąd: C. Gojnea""},{""type"":""tmo"",""score"":""5 : 15"",""txt"":""Czas dla: TKS Jelenie Studzienki ""},{""type"":""rally"",""score"":""5 : 15"",""speed"":""50.3 km/h"",""res"":""Punkt: M. Baranowski""},{""type"":""rally"",""score"":""4 : 15"",""speed"":""56.9 km/h"",""res"":""Punkt: C. Gojnea""},{""type"":""rally"",""score"":""3 : 15"",""speed"":""62.9 km/h"",""res"":""Punkt: M. Baranowski""},{""type"":""rally"",""score"":""2 : 15"",""speed"":""51.8 km/h"",""res"":""Punkt: K. Rzymski""},{""type"":""rally"",""score"":""2 : 14"",""speed"":""46.2 km/h"",""res"":""Punkt: I. Menaballi""},{""type"":""rally"",""score"":""1 : 14"",""speed"":""61.6 km/h"",""res"":""Punkt: F. Bealer""},{""type"":""rally"",""score"":""1 : 13"",""speed"":""55.1 km/h"",""res"":""Błąd: B. Kędzierski""},{""type"":""rally"",""score"":""1 : 12"",""speed"":""60.2 km/h"",""res"":""Punkt: K. Rzymski""},{""type"":""rally"",""score"":""1 : 11"",""speed"":""62.0 km/h"",""res"":""Punkt: J. Wrzesiński""},{""type"":""rally"",""score"":""1 : 10"",""speed"":""49.4 km/h"",""res"":""Błąd: C. Gojnea""},{""type"":""rally"",""score"":""1 : 9"",""speed"":""46.1 km/h"",""res"":""Punkt: W. Kowalski""},{""type"":""rally"",""score"":""1 : 8"",""speed"":""-"",""res"":""Błąd: B. Wawryniuk""},{""type"":""tmo"",""score"":""0 : 8"",""txt"":""Czas dla: ""},{""type"":""rally"",""score"":""0 : 8"",""speed"":""56.1 km/h"",""res"":""Punkt: W. Kowalski""},{""type"":""rally"",""score"":""0 : 7"",""speed"":""51.2 km/h"",""res"":""Punkt: J. Wrzesiński""},{""type"":""rally"",""score"":""0 : 6"",""speed"":""56.0 km/h"",""res"":""Punkt: W. Kowalski""},{""type"":""tmo"",""score"":""0 : 5"",""txt"":""Czas dla: KS Okalew""},{""type"":""rally"",""score"":""0 : 5"",""speed"":""63.1 km/h"",""res"":""Punkt: W. Kowalski""},{""type"":""rally"",""score"":""0 : 4"",""speed"":""49.8 km/h"",""res"":""Punkt: W. Kowalski""},{""type"":""tmo"",""score"":""0 : 3"",""txt"":""Czas dla: KS Okalew""},{""type"":""rally"",""score"":""0 : 3"",""speed"":""62.1 km/h"",""res"":""Punkt: F. Bealer""},{""type"":""chg"",""score"":""0 : 2"",""txt"":""Zmiana: M. Carella ⇄ T. Nakaizumi""},{""type"":""chg"",""score"":""0 : 2"",""txt"":""Zmiana: I. Menaballi ⇄ C. Naliwajko""},{""type"":""chg"",""score"":""0 : 2"",""txt"":""Zmiana: M. Kuczkowski ⇄ K. Juszkiewicz""},{""type"":""rally"",""score"":""0 : 2"",""speed"":""68.0 km/h"",""res"":""Punkt: W. Kowalski""},{""type"":""chg"",""score"":""0 : 1"",""txt"":""Zmiana: F. Bealer ⇄ F. Aboim""},{""type"":""chg"",""score"":""0 : 1"",""txt"":""Zmiana: B. Wawryniuk ⇄ A. Henderson""},{""type"":""chg"",""score"":""0 : 1"",""txt"":""Zmiana: K. Juszkiewicz ⇄ M. Kuczkowski""},{""type"":""chg"",""score"":""0 : 1"",""txt"":""Zmiana: C. Gojnea ⇄ P. Lauriola""},{""type"":""chg"",""score"":""0 : 1"",""txt"":""Zmiana: C. Naliwajko ⇄ I. Menaballi""},{""type"":""chg"",""score"":""0 : 1"",""txt"":""Zmiana: T. Nakaizumi ⇄ M. Carella""},{""type"":""rally"",""score"":""0 : 1"",""speed"":""45.3 km/h"",""res"":""Punkt: W. Kowalski""}]}]}","0","1","0","7","0","0","2","8","0","1","2","0","0","0","52","48.7","0","0","0","0","0","0","0","0","0","0","0","0","0","0","0","0","0","0","0","0","0","0","0","0","0","0","0","0","0","0","6","25","1","4","10","46","0","0","0","0","0","2","0","1","0","1","0","0","0","0","0","0","0","3","20","2","26","0","0","bulk-1.27-teamid-from-league-list","0","0","0"
"3.3","KS Okalew vs TKS Jelenie Studzienki 0:3","1126263","2026-07-02 17:00","Hala Sportowa Okalew","KS Okalew","131073","Kędzierski, Bartosz","1864635","1","-3","4","0","0","58.1","6","4","1","17","-50","8","6","4","2","0","50","18","0","100","2","11","0","6","14","0","0","0","0","0","0","0","7.2","","0","0","0","2","0","0","6","14","0","0","5","0","0","1","58.1","52.5","0","0","0","1","0","1","0","0","1","0","0","1","0","0","0","0","1","1","0","0","0","0","0","0","0","1","2","0","0","3","0","0","0","0","0","0","0","3","7","8","18","4","0","2","0","2","0","0","0","0","0","0","0","3","16","2","9","0","0","bulk-1.27-teamid-from-league-list","0","0","0"
"3.3","KS Okalew vs TKS Jelenie Studzienki 0:3","1126263","2026-07-02 17:00","Hala Sportowa Okalew","KS Okalew","131073","Menaballi, Italo","1744884","4","-10","3","2","0","51.8","24","12","4","17","-33","4","1","0","3","0","0","0","0","0","0","0","0","12","19","0","0","1","0","0","1","0","-18.6","","0","0","0","3","0","0","12","19","0","0","9","0","0","3","51.8","51.8","0","0","0","0","0","0","0","0","0","1","0","1","0","0","0","0","0","0","3","0","12","0","8","23","0","0","0","0","0","0","0","0","0","0","1","1","0","0","0","0","0","0","0","0","0","0","0","0","0","0","0","0","0","3","8","5","10","0","0","bulk-1.27-teamid-from-league-list","0","0","0"
"3.3","KS Okalew vs TKS Jelenie Studzienki 0:3","1126263","2026-07-02 17:00","Hala Sportowa Okalew","KS Okalew","131073","Lauriola, Paolo","1710082","1","-6","2","0","0","49.3","10","7","1","10","-60","8","3","0","5","0","0","0","0","0","0","0","0","4","14","0","0","0","0","0","0","0","-8.5","","0","1","0","4","0","0","4","14","0","0","4","0","0","0","49.3","46.8","1","0","0","0","0","1","0","0","4","0","0","4","0","0","3","0","2","5","0","0","0","0","0","0","0","0","0","0","0","0","0","0","0","0","0","0","0","0","0","0","0","0","0","0","0","0","0","0","0","0","0","0","0","3","3","10","1","0","0","bulk-1.27-teamid-from-league-list","0","0","0"
"3.3","KS Okalew vs TKS Jelenie Studzienki 0:3","1126263","2026-07-02 17:00","Hala Sportowa Okalew","KS Okalew","131073","Carella, Martino","1744885","1","-4","3","1","0","53.6","6","3","1","17","-33","13","3","2","10","2","31","30","1","97","2","7","0","3","17","0","0","0","0","0","0","0","9.3","","0","0","2","10","0","0","3","17","0","0","2","0","0","1","53.6","49.9","0","0","0","0","1","1","0","0","2","1","0","3","0","0","1","0","0","1","0","0","0","0","0","0","0","0","0","0","1","1","0","0","0","0","0","0","2","5","10","12","29","2","0","1","0","0","1","2","0","2","0","0","0","3","10","15","12","0","0","bulk-1.27-teamid-from-league-list","0","0","0"
"3.3","KS Okalew vs TKS Jelenie Studzienki 0:3","1126263","2026-07-02 17:00","Hala Sportowa Okalew","KS Okalew","131073","Baranowski, Maciej","1903655","3","-5","1","0","0","44.9","21","8","3","14","-24","4","1","0","3","0","0","0","0","0","0","0","0","14","26","0","0","0","0","0","0","0","-10.8","","0","0","0","3","0","0","14","26","0","0","13","0","0","1","44.9","44.9","0","0","0","0","1","1","1","0","1","0","1","3","0","0","0","0","0","0","1","0","7","1","8","17","0","0","0","0","0","0","0","0","0","0","0","0","0","0","0","0","0","0","0","0","0","0","0","0","0","0","0","0","0","3","4","7","9","0","0","bulk-1.27-teamid-from-league-list","0","0","0"
"3.3","KS Okalew vs TKS Jelenie Studzienki 0:3","1126263","2026-07-02 17:00","Hala Sportowa Okalew","KS Okalew","131073","Stoilov, Krasimir","1767983","0","0","0","0","0","0","0","0","0","0","0","15","9","6","6","2","53","8","0","100","1","13","0","0","0","0","2","3","0","1","0","2","9.2","","1","1","1","5","0","0","0","0","0","0","0","0","0","0","0","0","0","0","0","0","0","0","0","0","0","0","0","0","0","0","0","0","0","0","0","0","0","0","0","0","0","0","0","0","0","0","0","2","0","0","1","3","0","4","3","1","8","6","2","1","1","2","0","2","1","0","0","1","0","3","4","5","10","0","0","bulk-1.27-teamid-from-league-list","0","0","0"
"3.3","KS Okalew vs TKS Jelenie Studzienki 0:3","1126263","2026-07-02 17:00","Hala Sportowa Okalew","KS Okalew","131073","Gojnea, Cezar","1709695","1","-5","3","1","1","50.3","8","5","0","0","-62","5","2","1","3","0","20","0","0","0","0","0","0","5","12","0","0","0","0","0","0","0","-4.7","","0","1","0","2","0","0","5","12","0","1","3","0","0","2","56.9","53.6","0","3","0","0","1","4","0","0","2","0","0","2","0","0","0","0","2","2","0","0","0","0","0","0","0","0","0","0","0","0","0","0","0","0","0","0","0","0","0","0","0","1","0","1","0","0","0","0","0","0","0","0","0","2","4","0","11","0","0","bulk-1.27-teamid-from-league-list","0","0","0"
"3.3","KS Okalew vs TKS Jelenie Studzienki 0:3","1126263","2026-07-02 17:00","Hala Sportowa Okalew","KS Okalew","131073","Nakaizumi, Teppei","1905222","1","-2","0","0","0","0","5","2","1","20","-20","4","1","0","3","0","0","9","1","89","0","0","0","1","15","0","0","0","0","0","0","0","0.2","","0","1","0","2","0","0","1","15","0","0","1","0","0","0","0","0","0","0","0","0","1","1","1","0","0","0","0","1","0","0","1","0","1","2","0","0","0","0","0","0","0","0","1","0","0","1","0","0","0","0","0","0","0","2","5","1","8","0","0","0","0","0","0","0","0","0","0","0","0","3","1","11","1","0","0","bulk-1.27-teamid-from-league-list","0","0","0"
"3.3","KS Okalew vs TKS Jelenie Studzienki 0:3","1126263","2026-07-02 17:00","Hala Sportowa Okalew","KS Okalew","131073","Juszkiewicz, Krzysztof","1709440","0","0","0","0","0","0","0","0","0","0","0","10","5","1","5","1","20","0","0","0","0","0","0","2","12","2","13","34","1","8","12","13","1.2","","0","1","1","4","0","0","2","12","0","0","2","0","0","0","0","0","0","0","0","0","0","0","0","0","0","0","0","0","0","0","0","0","0","0","0","0","0","0","0","0","0","0","0","0","0","0","2","13","3","0","16","34","0","0","0","0","0","1","0","1","0","0","0","1","0","0","0","1","0","3","4","20","1","0","0","bulk-1.27-teamid-from-league-list","0","0","0"
"3.3","KS Okalew vs TKS Jelenie Studzienki 0:3","1126263","2026-07-02 17:00","Hala Sportowa Okalew","KS Okalew","131073","Naliwajko, Czesław","1646788","1","-2","1","0","0","53.3","4","3","1","25","-50","1","1","0","0","0","0","0","0","0","0","0","0","0","1","0","0","0","0","0","0","0","-2.5","","0","0","0","0","0","0","0","1","0","0","0","0","0","0","53.3","53.3","0","0","0","0","0","0","0","0","0","0","0","0","0","0","0","0","0","0","1","0","3","0","0","4","0","0","0","0","0","0","0","0","0","0","0","0","0","0","0","0","0","0","0","0","0","0","0","0","0","0","0","0","0","1","5","0","0","0","0","bulk-1.27-teamid-from-league-list","0","0","0"
"3.3","KS Okalew vs TKS Jelenie Studzienki 0:3","1126263","2026-07-02 17:00","Hala Sportowa Okalew","TKS Jelenie Studzienki","130939","Drąg, Michał","1865326","10","8","6","2","0","62.5","0","0","0","0","0","6","5","5","1","0","83","0","0","0","0","0","10","25","36","22","0","41","12","17","8","4","32","","0","1","0","0","0","0","25","36","9","1","21","1","0","4","62.5","54.5","0","0","0","0","0","0","0","0","0","0","0","0","0","0","0","0","0","0","0","0","0","0","0","0","0","0","0","0","0","0","22","0","2","1","16","41","0","0","0","0","0","5","4","0","0","1","0","0","0","0","0","0","0","3","17","18","15","0","0","bulk-1.27-teamid-from-league-list","0","0","0"
"3.3","KS Okalew vs TKS Jelenie Studzienki 0:3","1126263","2026-07-02 17:00","Hala Sportowa Okalew","TKS Jelenie Studzienki","130939","Henderson, Austin","1905920","4","4","4","0","0","63.8","4","0","2","50","50","3","3","2","0","0","67","1","0","100","1","100","2","10","14","0","0","0","0","0","0","0","12.4","","0","0","0","0","0","0","10","14","2","0","10","0","0","0","63.8","58.5","0","0","0","0","0","0","1","0","0","0","0","1","0","0","0","0","1","1","0","0","0","0","0","0","1","0","0","0","1","2","0","0","0","0","0","0","0","0","1","0","1","2","1","0","0","1","0","0","0","0","0","0","0","1","12","0","0","0","0","bulk-1.27-teamid-from-league-list","0","0","0"
"3.3","KS Okalew vs TKS Jelenie Studzienki 0:3","1126263","2026-07-02 17:00","Hala Sportowa Okalew","TKS Jelenie Studzienki","130939","Kowalski, Wojciech","1976238","12","11","12","1","0","62","8","0","7","88","88","1","1","0","0","0","0","0","0","0","0","0","5","24","27","1","0","1","1","0","0","0","28","","0","0","0","0","0","0","24","27","5","1","24","0","0","0","62","53.2","1","0","0","0","0","1","0","0","0","0","0","0","0","0","0","0","0","0","6","0","0","0","1","7","0","0","0","0","0","0","1","0","0","0","0","1","0","0","0","0","0","0","0","0","0","0","0","0","0","0","0","0","0","2","8","0","18","0","0","bulk-1.27-teamid-from-league-list","0","0","0"
"3.3","KS Okalew vs TKS Jelenie Studzienki 0:3","1126263","2026-07-02 17:00","Hala Sportowa Okalew","TKS Jelenie Studzienki","130939","Aboim, Félix","1929158","4","4","2","0","0","64.5","5","0","2","40","40","3","2","1","1","1","67","0","0","0","0","0","2","11","15","0","0","0","0","0","0","0","11.2","","0","0","0","0","1","1","11","15","2","0","11","0","0","0","64.5","59","1","0","0","0","0","1","0","0","0","0","0","0","1","0","0","0","2","3","0","0","0","0","0","0","0","0","0","0","1","1","0","0","0","0","0","0","0","0","0","0","0","1","0","0","0","1","0","1","0","0","0","1","0","3","7","1","1","0","0","bulk-1.27-teamid-from-league-list","0","0","0"
"3.3","KS Okalew vs TKS Jelenie Studzienki 0:3","1126263","2026-07-02 17:00","Hala Sportowa Okalew","TKS Jelenie Studzienki","130939","Wrzesiński, Jeremi","1905919","8","6","8","1","0","63.8","3","0","2","67","67","5","2","1","3","3","80","6","1","83","2","33","6","27","34","0","0","0","0","0","0","0","23.8","","2","2","1","1","0","0","27","34","6","1","25","0","0","2","63.8","59.2","0","0","0","0","0","0","0","0","0","1","0","1","1","0","0","0","1","2","0","0","0","0","0","0","0","0","0","0","0","0","0","0","0","0","0","0","2","2","0","1","5","1","1","0","0","0","0","3","1","0","0","1","1","2","0","13","12","0","0","bulk-1.27-teamid-from-league-list","0","0","0"
"3.3","KS Okalew vs TKS Jelenie Studzienki 0:3","1126263","2026-07-02 17:00","Hala Sportowa Okalew","TKS Jelenie Studzienki","130939","Rzymski, Krystian","1865802","19","17","11","1","2","73.4","15","1","8","53","47","1","1","1","0","0","100","0","0","0","0","0","9","33","48","0","0","0","0","0","0","0","56.7","","0","0","0","0","0","0","33","48","8","0","27","1","0","6","73.4","58.3","1","0","0","0","0","1","0","0","0","0","1","1","0","0","0","0","0","0","7","1","0","0","5","13","0","0","0","0","0","0","0","0","0","0","0","0","0","0","0","0","0","1","1","0","0","0","0","0","0","0","0","0","0","3","9","11","11","0","0","bulk-1.27-teamid-from-league-list","0","0","0"
"3.3","KS Okalew vs TKS Jelenie Studzienki 0:3","1126263","2026-07-02 17:00","Hala Sportowa Okalew","TKS Jelenie Studzienki","130939","Eduardo, Américo","2088367","0","0","0","0","0","0","0","0","0","0","0","11","10","9","1","1","91","4","0","100","3","75","0","0","0","0","0","1","0","0","1","0","10.4","","1","1","0","0","0","0","0","0","0","0","0","0","0","0","0","0","0","0","0","0","0","0","0","0","0","0","0","0","0","0","0","0","0","0","0","0","0","0","0","0","0","0","0","0","0","0","0","0","0","0","1","1","1","2","1","0","4","9","2","1","1","5","0","1","1","0","0","0","0","3","6","6","4","0","0","bulk-1.27-teamid-from-league-list","0","0","0"
"3.3","KS Okalew vs TKS Jelenie Studzienki 0:3","1126263","2026-07-02 17:00","Hala Sportowa Okalew","TKS Jelenie Studzienki","130939","Krawiec, Michał","1904451","3","2","9","1","0","64.9","2","0","2","100","100","0","0","0","0","0","0","0","0","0","0","0","1","7","9","3","0","3","1","2","0","0","6","","0","0","0","0","0","0","7","9","1","0","7","0","0","0","64.9","59.1","0","0","0","0","0","0","0","0","0","0","0","0","0","0","0","0","0","0","2","0","0","0","0","2","0","0","0","0","0","0","3","0","0","0","0","3","0","0","0","0","0","0","0","0","0","0","0","0","0","0","0","0","0","1","0","12","0","0","0","bulk-1.27-teamid-from-league-list","0","0","0"
"3.3","KS Okalew vs TKS Jelenie Studzienki 0:3","1126263","2026-07-02 17:00","Hala Sportowa Okalew","TKS Jelenie Studzienki","130939","Wawryniuk, Bogdan","2088862","3","2","13","1","0","68","2","0","1","50","50","5","4","3","1","1","80","4","0","100","2","50","2","19","26","0","0","0","0","0","0","0","12.2","","1","1","0","0","0","0","19","26","2","0","16","0","0","3","68","55.8","0","0","0","0","0","0","0","0","0","1","0","1","0","0","0","0","1","1","0","0","0","0","0","0","0","0","0","0","0","0","0","0","0","0","0","0","0","2","2","0","4","3","3","0","0","0","0","1","1","0","0","0","0","2","10","0","11","0","0","bulk-1.27-teamid-from-league-list","0","0","0"
"3.3","KS Okalew vs TKS Jelenie Studzienki 0:3","1126263","2026-07-02 17:00","Hala Sportowa Okalew","TKS Jelenie Studzienki","130939","Niewiadomski, Wojciech","2088863","0","0","6","0","0","63.8","1","0","0","0","0","2","1","0","1","1","50","0","0","0","0","0","0","4","10","0","0","0","0","0","0","0","0.4","","0","0","0","0","1","1","4","10","0","0","4","0","0","0","63.8","57.3","0","0","0","0","0","0","0","0","0","0","0","0","0","0","0","0","1","1","0","0","0","0","0","0","0","0","0","0","0","0","0","0","0","0","0","0","0","0","0","0","0","0","0","0","0","0","0","1","1","0","0","0","0","1","0","8","0","0","0","bulk-1.27-teamid-from-league-list","0","0","0"
"3.3","KS Okalew vs TKS Jelenie Studzienki 0:3","1126263","2026-07-02 17:00","Hala Sportowa Okalew","TKS Jelenie Studzienki","130939","Klemenčič, Mario","2088660","5","4","1","1","0","0","5","0","4","80","80","0","0","0","0","0","0","0","0","0","0","0","1","7","17","0","0","0","0","0","0","0","10","","0","0","0","0","0","0","7","17","1","1","7","0","0","0","0","0","2","0","0","0","0","2","0","0","0","0","0","0","1","0","0","0","1","2","0","0","0","0","0","0","1","0","0","0","0","1","0","0","0","0","0","0","0","0","0","0","0","0","0","0","0","0","0","0","0","0","0","0","0","1","0","8","0","0","0","bulk-1.27-teamid-from-league-list","0","0","0"
"3.3","KS Okalew vs TKS Jelenie Studzienki 0:3","1126263","2026-07-02 17:00","Hala Sportowa Okalew","TKS Jelenie Studzienki","130939","Bealer, Francisco","2060437","2","2","1","0","0","62.9","1","0","0","0","0","3","2","2","1","1","100","0","0","0","0","0","2","10","16","0","0","0","0","0","0","0","8","","0","0","1","1","0","0","10","16","2","0","10","0","0","0","62.9","62.9","0","0","0","0","1","1","0","0","0","0","0","0","0","0","0","0","0","0","0","0","0","0","0","0","0","0","0","0","0","0","0","0","0","0","0","0","0","0","0","0","0","2","2","0","0","0","0","1","0","0","0","1","0","1","0","0","7","0","0","bulk-1.27-teamid-from-league-list","0","0","0"
"3.3","Tigers vs Bank Pekao S.A 0:3","1126264","2026-07-02 17:00","Sovia","Tigers","128634","Vaast, Emeric","1682180","0","0","4","0","0","49.9","0","0","0","0","0","13","8","4","5","1","38","0","0","0","0","0","0","5","8","7","29","59","5","12","26","16","3.6","{""sets"":[{""h"":9,""a"":25},{""h"":3,""a"":25},{""h"":2,""a"":25}],""parsedSets"":[{""rallies"":[{""type"":""end"",""score"":""9 : 25"",""txt"":""Koniec seta 0 : 1""},{""type"":""end"",""score"":""9 : 25"",""txt"":""Koniec seta 0 : 1""},{""type"":""rally"",""score"":""9 : 25"",""speed"":""57.1 km/h"",""res"":""Błąd: D. Kubicz""},{""type"":""rally"",""score"":""9 : 24"",""speed"":""49.1 km/h"",""res"":""Punkt: L. Pillar""},{""type"":""rally"",""score"":""9 : 23"",""speed"":""49.6 km/h"",""res"":""Błąd: A. Chavez""},{""type"":""rally"",""score"":""8 : 23"",""speed"":""-"",""res"":""Błąd: G. Barbier""},{""type"":""rally"",""score"":""7 : 23"",""speed"":""51.0 km/h"",""res"":""Punkt: K. Barglik""},{""type"":""rally"",""score"":""7 : 22"",""speed"":""49.4 km/h"",""res"":""Punkt: A. Chavez""},{""type"":""rally"",""score"":""7 : 21"",""speed"":""50.5 km/h"",""res"":""Punkt: K. Barglik""},{""type"":""rally"",""score"":""7 : 20"",""speed"":""58.0 km/h"",""res"":""Punkt: K. Barglik""},{""type"":""rally"",""score"":""7 : 19"",""speed"":""57.6 km/h"",""res"":""Punkt: K. Barglik""},{""type"":""rally"",""score"":""7 : 18"",""speed"":""59.1 km/h"",""res"":""Błąd: M. Zapart""},{""type"":""rally"",""score"":""7 : 17"",""speed"":""51.4 km/h"",""res"":""Punkt: G. Barbier""},{""type"":""tmo"",""score"":""7 : 16"",""txt"":""Czas dla: ""},{""type"":""rally"",""score"":""7 : 16"",""speed"":""41.5 km/h"",""res"":""Punkt: L. Pillar""},{""type"":""rally"",""score"":""7 : 15"",""speed"":""49.9 km/h"",""res"":""Błąd: K. Barglik""},{""type"":""rally"",""score"":""6 : 15"",""speed"":""-"",""res"":""Błąd: L. Estrada""},{""type"":""chg"",""score"":""5 : 15"",""txt"":""Zmiana: G. Barbier ⇄ N. Danilović""},{""type"":""rally"",""score"":""5 : 15"",""speed"":""56.5 km/h"",""res"":""Punkt: L. Estrada""},{""type"":""chg"",""score"":""5 : 14"",""txt"":""Zmiana: K. Barglik ⇄ K. Jaworski""},{""type"":""rally"",""score"":""5 : 14"",""speed"":""46.6 km/h"",""res"":""Punkt: K. Jaworski""},{""type"":""rally"",""score"":""5 : 13"",""speed"":""54.9 km/h"",""res"":""Punkt: M. Mazepa""},{""type"":""chg"",""score"":""4 : 13"",""txt"":""Zmiana: H. Chun-Chieh ⇄ D. Skeens""},{""type"":""rally"",""score"":""4 : 13"",""speed"":""62.9 km/h"",""res"":""Punkt: K. Jaworski""},{""type"":""rally"",""score"":""4 : 12"",""speed"":""-"",""res"":""Błąd: M. Mazepa""},{""type"":""rally"",""score"":""4 : 11"",""speed"":""-"",""res"":""Błąd: L. Pillar""},{""type"":""rally"",""score"":""3 : 11"",""speed"":""51.4 km/h"",""res"":""Punkt: L. Pillar""},{""type"":""rally"",""score"":""3 : 10"",""speed"":""56.8 km/h"",""res"":""Punkt: D. Skeens""},{""type"":""rally"",""score"":""3 : 9"",""speed"":""52.6 km/h"",""res"":""Punkt: D. Skeens""},{""type"":""tmo"",""score"":""3 : 8"",""txt"":""Czas dla: ""},{""type"":""rally"",""score"":""3 : 8"",""speed"":""-"",""res"":""Błąd: D. Kubicz""},{""type"":""rally"",""score"":""3 : 7"",""speed"":""80.0 km/h"",""res"":""Punkt: D. Kubicz""},{""type"":""chg"",""score"":""2 : 7"",""txt"":""Zmiana: A. Chavez ⇄ J. Martin""},{""type"":""rally"",""score"":""2 : 7"",""speed"":""44.3 km/h"",""res"":""Punkt: J. Martin""},{""type"":""rally"",""score"":""2 : 6"",""speed"":""50.6 km/h"",""res"":""Punkt: M. Zapart""},{""type"":""rally"",""score"":""1 : 6"",""speed"":""49.8 km/h"",""res"":""Błąd: M. Mazepa""},{""type"":""rally"",""score"":""1 : 5"",""speed"":""-"",""res"":""Błąd: I. Filar""},{""type"":""rally"",""score"":""1 : 4"",""speed"":""55.0 km/h"",""res"":""Punkt: D. Kubicz""},{""type"":""tmo"",""score"":""0 : 4"",""txt"":""Czas dla: Tigers""},{""type"":""rally"",""score"":""0 : 4"",""speed"":""50.7 km/h"",""res"":""Punkt: L. Pillar""},{""type"":""rally"",""score"":""0 : 3"",""speed"":""57.1 km/h"",""res"":""Punkt: J. Martin""},{""type"":""rally"",""score"":""0 : 2"",""speed"":""47.2 km/h"",""res"":""Punkt: K. Jaworski""},{""type"":""rally"",""score"":""0 : 1"",""speed"":""44.6 km/h"",""res"":""Błąd: M. Zapart""}]},{""rallies"":[{""type"":""end"",""score"":""3 : 25"",""txt"":""Koniec seta 0 : 2""},{""type"":""end"",""score"":""3 : 25"",""txt"":""Koniec seta 0 : 2""},{""type"":""rally"",""score"":""3 : 25"",""speed"":""63.0 km/h"",""res"":""Punkt: H. Chun-Chieh""},{""type"":""rally"",""score"":""3 : 24"",""speed"":""42.1 km/h"",""res"":""Punkt: H. Chun-Chieh""},{""type"":""rally"",""score"":""3 : 23"",""speed"":""52.4 km/h"",""res"":""Punkt: J. Martin""},{""type"":""rally"",""score"":""3 : 22"",""speed"":""56.8 km/h"",""res"":""Punkt: L. Pillar""},{""type"":""rally"",""score"":""3 : 21"",""speed"":""48.5 km/h"",""res"":""Punkt: J. Martin""},{""type"":""rally"",""score"":""3 : 20"",""speed"":""53.8 km/h"",""res"":""Punkt: L. Pillar""},{""type"":""rally"",""score"":""3 : 19"",""speed"":""57.4 km/h"",""res"":""Punkt: H. Chun-Chieh""},{""type"":""rally"",""score"":""3 : 18"",""speed"":""52.9 km/h"",""res"":""Punkt: L. Pillar""},{""type"":""rally"",""score"":""3 : 17"",""speed"":""51.3 km/h"",""res"":""Punkt: J. Martin""},{""type"":""tmo"",""score"":""3 : 16"",""txt"":""Czas dla: ""},{""type"":""rally"",""score"":""3 : 16"",""speed"":""58.1 km/h"",""res"":""Punkt: H. Chun-Chieh""},{""type"":""chg"",""score"":""3 : 15"",""txt"":""Zmiana: G. Barbier ⇄ N. Danilović""},{""type"":""rally"",""score"":""3 : 15"",""speed"":""51.7 km/h"",""res"":""Punkt: L. Pillar""},{""type"":""chg"",""score"":""3 : 14"",""txt"":""Zmiana: M. Di Giacomo ⇄ L. Estrada""},{""type"":""rally"",""score"":""3 : 14"",""speed"":""53.8 km/h"",""res"":""Punkt: J. Martin""},{""type"":""chg"",""score"":""3 : 13"",""txt"":""Zmiana: H. Chun-Chieh ⇄ D. Skeens""},{""type"":""rally"",""score"":""3 : 13"",""speed"":""54.3 km/h"",""res"":""Punkt: J. Martin""},{""type"":""rally"",""score"":""3 : 12"",""speed"":""-"",""res"":""Błąd: D. Kubicz""},{""type"":""rally"",""score"":""3 : 11"",""speed"":""-"",""res"":""Błąd: K. Jaworski""},{""type"":""rally"",""score"":""2 : 11"",""speed"":""56.7 km/h"",""res"":""Punkt: D. Skeens""},{""type"":""rally"",""score"":""2 : 10"",""speed"":""48.0 km/h"",""res"":""Punkt: J. Martin""},{""type"":""rally"",""score"":""2 : 9"",""speed"":""56.9 km/h"",""res"":""Punkt: M. Zapart""},{""type"":""rally"",""score"":""1 : 9"",""speed"":""51.7 km/h"",""res"":""Punkt: J. Martin""},{""type"":""tmo"",""score"":""1 : 8"",""txt"":""Czas dla: ""},{""type"":""rally"",""score"":""1 : 8"",""speed"":""61.3 km/h"",""res"":""Punkt: K. Jaworski""},{""type"":""rally"",""score"":""1 : 7"",""speed"":""60.1 km/h"",""res"":""Punkt: J. Martin""},{""type"":""rally"",""score"":""1 : 6"",""speed"":""53.1 km/h"",""res"":""Punkt: N. Danilović""},{""type"":""rally"",""score"":""1 : 5"",""speed"":""53.9 km/h"",""res"":""Punkt: M. Mazepa""},{""type"":""rally"",""score"":""0 : 5"",""speed"":""44.4 km/h"",""res"":""Punkt: K. Jaworski""},{""type"":""tmo"",""score"":""0 : 4"",""txt"":""Czas dla: Tigers""},{""type"":""rally"",""score"":""0 : 4"",""speed"":""50.5 km/h"",""res"":""Punkt: J. Martin""},{""type"":""rally"",""score"":""0 : 3"",""speed"":""62.3 km/h"",""res"":""Punkt: N. Danilović""},{""type"":""rally"",""score"":""0 : 2"",""speed"":""59.4 km/h"",""res"":""Punkt: K. Jaworski""},{""type"":""rally"",""score"":""0 : 1"",""speed"":""52.8 km/h"",""res"":""Punkt: K. Jaworski""}]},{""rallies"":[{""type"":""end"",""score"":""2 : 25"",""txt"":""Koniec seta 0 : 3""},{""type"":""end"",""score"":""2 : 25"",""txt"":""Koniec seta 0 : 3""},{""type"":""rally"",""score"":""2 : 25"",""speed"":""63.6 km/h"",""res"":""Punkt: A. Chavez""},{""type"":""rally"",""score"":""2 : 24"",""speed"":""66.0 km/h"",""res"":""Punkt: L. Pillar""},{""type"":""rally"",""score"":""2 : 23"",""speed"":""57.1 km/h"",""res"":""Punkt: D. Skeens""},{""type"":""rally"",""score"":""2 : 22"",""speed"":""53.3 km/h"",""res"":""Punkt: D. Skeens""},{""type"":""rally"",""score"":""2 : 21"",""speed"":""78.2 km/h"",""res"":""Punkt: A. Chavez""},{""type"":""rally"",""score"":""2 : 20"",""speed"":""69.8 km/h"",""res"":""Punkt: A. Chavez""},{""type"":""rally"",""score"":""2 : 19"",""speed"":""77.7 km/h"",""res"":""Punkt: D. Skeens""},{""type"":""rally"",""score"":""2 : 18"",""speed"":""87.6 km/h"",""res"":""Punkt: A. Chavez""},{""type"":""rally"",""score"":""2 : 17"",""speed"":""74.1 km/h"",""res"":""Punkt: L. Pillar""},{""type"":""tmo"",""score"":""2 : 16"",""txt"":""Czas dla: ""},{""type"":""rally"",""score"":""2 : 16"",""speed"":""75.9 km/h"",""res"":""Punkt: A. Chavez""},{""type"":""chg"",""score"":""2 : 15"",""txt"":""Zmiana: G. Barbier ⇄ N. Danilović""},{""type"":""rally"",""score"":""2 : 15"",""speed"":""68.9 km/h"",""res"":""Punkt: A. Chavez""},{""type"":""chg"",""score"":""2 : 14"",""txt"":""Zmiana: M. Di Giacomo ⇄ L. Estrada""},{""type"":""chg"",""score"":""2 : 14"",""txt"":""Zmiana: K. Barglik ⇄ K. Jaworski""},{""type"":""rally"",""score"":""2 : 14"",""speed"":""68.0 km/h"",""res"":""Punkt: L. Estrada""},{""type"":""rally"",""score"":""2 : 13"",""speed"":""74.5 km/h"",""res"":""Błąd: M. Mazepa""},{""type"":""rally"",""score"":""2 : 12"",""speed"":""64.8 km/h"",""res"":""Punkt: L. Pillar""},{""type"":""rally"",""score"":""2 : 11"",""speed"":""77.4 km/h"",""res"":""Punkt: L. Pillar""},{""type"":""rally"",""score"":""2 : 10"",""speed"":""59.7 km/h"",""res"":""Punkt: A. Chavez""},{""type"":""rally"",""score"":""2 : 9"",""speed"":""48.2 km/h"",""res"":""Punkt: D. Skeens""},{""type"":""tmo"",""score"":""2 : 8"",""txt"":""Czas dla: ""},{""type"":""rally"",""score"":""2 : 8"",""speed"":""71.3 km/h"",""res"":""Punkt: D. Skeens""},{""type"":""chg"",""score"":""2 : 7"",""txt"":""Zmiana: A. Chavez ⇄ J. Martin""},{""type"":""tmo"",""score"":""2 : 7"",""txt"":""Czas dla: Tigers""},{""type"":""rally"",""score"":""2 : 7"",""speed"":""52.0 km/h"",""res"":""Punkt: D. Skeens""},{""type"":""rally"",""score"":""2 : 6"",""speed"":""59.4 km/h"",""res"":""Punkt: J. Martin""},{""type"":""rally"",""score"":""2 : 5"",""speed"":""59.1 km/h"",""res"":""Punkt: J. Martin""},{""type"":""rally"",""score"":""2 : 4"",""speed"":""41.3 km/h"",""res"":""Punkt: D. Skeens""},{""type"":""rally"",""score"":""2 : 3"",""speed"":""58.7 km/h"",""res"":""Punkt: M. Zapart""},{""type"":""rally"",""score"":""1 : 3"",""speed"":""56.7 km/h"",""res"":""Punkt: L. Pillar""},{""type"":""rally"",""score"":""1 : 2"",""speed"":""54.4 km/h"",""res"":""Punkt: K. Jaworski""},{""type"":""rally"",""score"":""1 : 1"",""speed"":""-"",""res"":""Błąd: N. Danilović""},{""type"":""rally"",""score"":""0 : 1"",""speed"":""47.2 km/h"",""res"":""Punkt: K. Jaworski""}]}]}","0","0","1","5","0","0","5","8","0","0","5","0","0","0","49.9","45.8","0","0","0","0","0","0","0","0","0","0","0","0","0","0","0","0","0","0","0","0","0","0","0","0","0","0","0","0","0","0","7","29","1","4","18","59","0","0","0","0","0","4","0","0","2","1","1","1","0","0","0","0","1","3","22","21","16","0","0","bulk-1.27-teamid-from-league-list","0","0","0"
"3.3","Tigers vs Bank Pekao S.A 0:3","1126264","2026-07-02 17:00","Sovia","Tigers","128634","Filar, Izydor","1617515","0","-19","5","1","0","54.4","9","9","0","0","-100","11","5","1","6","0","9","52","9","83","4","8","0","1","15","0","0","0","0","0","0","0","-12.9","","0","0","0","6","0","0","1","15","0","0","1","0","0","0","54.4","51.6","0","0","0","0","0","0","0","0","4","0","0","4","0","0","4","0","0","4","0","0","0","0","0","0","0","0","1","0","0","1","0","0","0","0","0","0","1","8","19","15","43","1","0","1","0","0","0","0","0","0","0","0","0","3","22","20","16","0","0","bulk-1.27-teamid-from-league-list","0","0","0"
"3.3","Tigers vs Bank Pekao S.A 0:3","1126264","2026-07-02 17:00","Sovia","Tigers","128634","Zapart, Marcin","1685466","4","0","3","0","0","48","13","4","3","23","-8","6","2","0","4","0","0","0","0","0","0","0","1","10","21","0","0","0","0","0","0","0","1.4","","0","0","0","4","0","0","10","21","0","1","7","1","0","3","48","44.5","1","2","0","0","1","4","0","0","0","0","0","0","0","0","0","0","0","0","2","0","2","0","5","9","0","0","0","0","0","0","0","0","0","0","0","0","0","0","0","0","0","0","0","0","0","0","0","0","0","0","0","0","0","3","7","6","3","0","0","bulk-1.27-teamid-from-league-list","0","0","0"
"3.3","Tigers vs Bank Pekao S.A 0:3","1126264","2026-07-02 17:00","Sovia","Tigers","128634","Kubicz, Damian","1617513","3","-6","2","2","0","0","14","7","3","21","-29","9","4","0","5","0","0","0","0","0","0","0","0","3","27","0","0","0","0","0","0","0","-12.3","","0","0","0","5","0","0","3","27","0","0","2","0","0","1","0","0","1","0","0","0","1","2","1","0","4","1","0","6","0","1","2","0","1","4","0","0","0","0","0","0","0","0","0","0","2","2","0","0","0","0","0","0","0","0","0","0","0","0","0","0","0","0","0","0","0","0","0","0","0","3","8","9","2","0","0","bulk-1.27-teamid-from-league-list","0","0","0"
"3.3","Tigers vs Bank Pekao S.A 0:3","1126264","2026-07-02 17:00","Sovia","Tigers","128634","Mazepa, Miron","1617516","2","-13","1","1","0","0","18","9","2","11","-39","7","1","0","6","1","14","7","5","29","1","14","0","1","20","0","0","0","0","0","0","0","-26.7","","0","0","0","5","1","1","1","20","0","0","1","0","0","0","0","0","0","1","0","0","2","3","1","0","1","0","0","2","0","1","6","0","3","10","0","0","0","0","0","0","1","0","0","0","2","3","0","0","0","0","0","0","1","0","1","0","2","0","0","0","0","0","0","1","0","0","1","0","0","3","7","7","12","0","0","bulk-1.27-teamid-from-league-list","0","0","0"
"3.3","Tigers vs Bank Pekao S.A 0:3","1126264","2026-07-02 17:00","Sovia","Tigers","128634","Katafiasz, Mieczysław","1617519","0","-5","1","0","0","46.6","10","5","0","0","-50","3","0","0","3","0","0","0","0","0","0","0","0","2","14","0","0","0","0","0","0","0","-7.5","","0","0","0","3","0","0","2","14","0","0","2","0","0","0","46.6","46.6","0","0","0","0","1","1","0","0","2","0","0","2","0","0","0","0","0","0","0","0","3","0","4","7","0","0","0","0","0","0","0","0","0","0","0","0","0","0","0","0","0","0","0","0","0","0","0","0","0","0","0","0","0","3","2","5","4","0","0","bulk-1.27-teamid-from-league-list","0","0","0"
"3.3","Tigers vs Bank Pekao S.A 0:3","1126264","2026-07-02 17:00","Sovia","Tigers","128634","Edwards, Ryan","1975268","0","0","0","0","0","0","0","0","0","0","0","13","11","2","2","1","23","9","0","100","2","22","0","0","0","0","0","5","0","2","1","2","6.4","","1","1","0","1","0","0","0","0","0","0","0","0","0","0","0","0","0","0","0","0","0","0","0","0","0","0","0","0","0","0","0","0","0","0","0","0","0","0","0","0","0","0","0","0","0","0","0","0","0","1","4","5","3","3","3","0","9","2","0","2","0","0","0","1","0","0","0","1","0","3","6","9","7","0","0","bulk-1.27-teamid-from-league-list","0","0","0"
"3.3","Tigers vs Bank Pekao S.A 0:3","1126264","2026-07-02 17:00","Sovia","Bank Pekao S.A","144741","Estrada, Lactancio","1976624","2","1","8","1","1","62.3","1","0","0","0","0","5","3","3","2","1","80","0","0","0","0","0","1","10","14","14","0","23","14","8","1","0","7.8","","1","2","0","0","0","0","10","14","1","0","9","0","0","1","62.3","54.3","0","0","0","0","1","1","0","0","0","0","0","0","0","0","0","0","0","0","0","0","0","0","0","0","0","0","0","0","0","0","14","0","1","2","6","23","0","0","0","0","0","3","1","1","0","1","0","1","1","0","0","0","0","3","13","9","7","0","0","bulk-1.27-teamid-from-league-list","0","0","0"
"3.3","Tigers vs Bank Pekao S.A 0:3","1126264","2026-07-02 17:00","Sovia","Bank Pekao S.A","144741","Danilović, Nebojša","2003778","2","1","9","1","0","61.3","3","0","2","67","67","3","3","2","0","0","67","3","0","100","2","67","0","10","15","0","0","0","0","0","0","0","6.6","","0","0","0","0","0","0","10","15","0","1","9","0","0","1","61.3","55","0","0","0","0","0","0","0","0","0","0","0","0","2","0","0","0","0","2","0","0","0","0","0","0","0","0","0","0","1","1","0","0","0","0","0","0","3","0","0","0","3","2","2","0","0","0","0","0","0","0","0","0","0","3","6","8","5","0","0","bulk-1.27-teamid-from-league-list","0","0","0"
"3.3","Tigers vs Bank Pekao S.A 0:3","1126264","2026-07-02 17:00","Sovia","Bank Pekao S.A","144741","Jaworski, Krzysztof","1975450","9","8","6","1","0","58.7","7","0","5","71","71","3","1","0","2","1","33","0","0","0","0","0","4","15","22","0","0","0","0","0","0","0","21.4","","0","1","0","0","1","1","15","22","4","0","13","0","0","2","58.7","54.5","0","0","0","0","0","0","0","0","0","0","0","0","0","0","0","0","0","0","5","0","0","0","2","7","0","0","0","0","0","0","0","0","0","0","0","0","0","0","0","0","0","0","0","0","0","0","0","1","1","0","0","0","0","3","6","7","4","0","0","bulk-1.27-teamid-from-league-list","0","0","0"
"3.3","Tigers vs Bank Pekao S.A 0:3","1126264","2026-07-02 17:00","Sovia","Bank Pekao S.A","144741","Martin, Jacky","2002623","14","13","16","0","5","63","6","1","3","50","33","1","1","1","0","0","100","0","0","0","0","0","6","16","26","0","0","0","0","0","0","0","38.3","","0","0","0","0","0","0","16","26","5","0","15","1","0","1","63","54.2","0","0","1","0","0","1","0","0","0","0","0","0","1","0","0","0","2","3","0","0","0","0","0","0","2","0","0","0","0","2","0","0","0","0","0","0","0","0","0","0","0","1","1","0","0","0","0","0","0","0","0","0","0","3","3","20","3","0","0","bulk-1.27-teamid-from-league-list","0","0","0"
"3.3","Tigers vs Bank Pekao S.A 0:3","1126264","2026-07-02 17:00","Sovia","Bank Pekao S.A","144741","Pillar, Leonardo","2032282","13","12","4","1","1","56.8","7","0","6","86","86","4","4","3","0","0","75","3","0","100","2","67","6","30","48","0","0","0","0","0","0","0","36.4","","0","0","0","0","0","0","30","48","6","0","30","0","0","0","56.8","53.6","0","0","0","0","0","0","0","0","0","0","0","0","5","0","0","0","0","5","0","0","0","0","0","0","1","0","0","0","1","2","0","0","0","0","0","0","2","1","0","0","3","3","2","0","0","1","0","0","0","0","0","0","0","3","8","7","5","0","0","bulk-1.27-teamid-from-league-list","0","0","0"
"3.3","Tigers vs Bank Pekao S.A 0:3","1126264","2026-07-02 17:00","Sovia","Bank Pekao S.A","144741","Skeens, Danny","2002503","10","10","1","0","0","62.9","4","0","3","75","75","0","0","0","0","0","0","0","0","0","0","0","7","17","24","0","0","0","0","0","0","0","27","","0","0","0","0","0","0","17","24","7","0","17","0","0","0","62.9","62.9","0","0","0","0","0","0","1","0","0","0","0","1","0","0","0","0","0","0","2","0","0","0","1","3","0","0","0","0","0","0","0","0","0","0","0","0","0","0","0","0","0","0","0","0","0","0","0","0","0","0","0","0","0","3","4","1","7","0","0","bulk-1.27-teamid-from-league-list","0","0","0"
"3.3","Tigers vs Bank Pekao S.A 0:3","1126264","2026-07-02 17:00","Sovia","Bank Pekao S.A","144741","Sperka, Bartłomiej","2060593","0","0","0","0","0","0","0","0","0","0","0","6","5","4","1","1","83","4","0","100","2","50","0","0","0","2","1","4","0","2","1","1","6","","1","1","0","0","0","0","0","0","0","0","0","0","0","0","0","0","0","0","0","0","0","0","0","0","0","0","0","0","0","0","0","0","0","0","0","0","0","0","0","0","0","0","0","0","0","0","2","1","0","0","1","4","3","1","0","0","4","3","2","0","0","1","0","1","1","0","0","0","0","3","5","6","3","0","0","bulk-1.27-teamid-from-league-list","0","0","0"
"3.3","Tigers vs Bank Pekao S.A 0:3","1126264","2026-07-02 17:00","Sovia","Bank Pekao S.A","144741","Chavez, Antonio","2032828","8","7","19","0","6","80","2","1","1","50","0","2","2","2","0","0","100","0","0","0","0","0","1","5","8","0","0","0","0","0","0","0","23.1","","0","0","0","0","0","0","5","8","1","0","5","0","0","0","87.6","69.3","0","0","0","0","0","0","0","0","0","0","0","0","0","1","0","0","0","1","0","0","0","0","0","0","1","0","0","0","0","1","0","0","0","0","0","0","0","0","0","0","0","2","1","0","0","1","0","0","0","0","0","0","0","2","3","0","18","0","0","bulk-1.27-teamid-from-league-list","0","0","0"
"3.3","Tigers vs Bank Pekao S.A 0:3","1126264","2026-07-02 17:00","Sovia","Bank Pekao S.A","144741","Barglik, Krystian","2002591","4","3","1","0","0","57.1","3","1","2","67","33","1","0","0","1","1","100","0","0","0","0","0","2","4","7","0","0","0","0","0","0","0","8.9","","0","0","1","1","0","0","4","7","2","0","4","0","0","0","57.1","57.1","0","0","0","0","0","0","0","0","0","0","0","0","0","0","0","0","0","0","2","1","0","0","0","3","0","0","0","0","0","0","0","0","0","0","0","0","0","0","0","0","0","0","0","0","0","0","0","1","0","0","0","1","0","1","7","0","0","0","0","bulk-1.27-teamid-from-league-list","0","0","0"
"3.3","Tigers vs Bank Pekao S.A 0:3","1126264","2026-07-02 17:00","Sovia","Bank Pekao S.A","144741","Di Giacomo, Marco","2002400","0","0","0","0","0","0","0","0","0","0","0","0","0","0","0","0","0","0","0","0","0","0","0","7","16","8","0","8","4","3","1","0","0","","0","0","0","0","0","0","7","16","0","0","7","0","0","0","0","0","0","0","0","0","0","0","0","0","0","0","0","0","0","0","0","0","0","0","0","0","0","0","0","0","0","0","0","0","0","0","8","0","0","0","0","8","0","0","0","0","0","0","0","0","0","0","0","0","0","0","0","0","0","2","0","6","2","0","0","bulk-1.27-teamid-from-league-list","0","0","0"
"3.3","Tigers vs Bank Pekao S.A 0:3","1126264","2026-07-02 17:00","Sovia","Bank Pekao S.A","144741","Barbier, Gérard","2087381","2","1","8","1","1","59.1","1","0","1","100","100","5","2","2","3","3","100","2","0","100","1","50","0","1","1","0","0","0","0","0","0","0","8","","3","3","0","0","0","0","1","1","0","0","1","0","0","0","59.1","53.9","0","0","0","1","0","1","0","0","0","0","0","0","0","0","0","0","0","0","0","0","0","0","0","0","0","0","0","0","0","0","0","0","0","0","0","0","1","1","0","0","2","2","2","0","0","0","0","3","3","0","0","0","0","2","11","3","1","0","0","bulk-1.27-teamid-from-league-list","0","0","0"
"3.3","Tigers vs Bank Pekao S.A 0:3","1126264","2026-07-02 17:00","Sovia","Bank Pekao S.A","144741","Chun-Chieh, Hark-Sun","2002321","4","4","1","0","0","54.9","2","0","2","100","100","1","1","0","0","0","0","0","0","0","0","0","2","7","11","0","0","0","0","0","0","0","10","","0","0","0","0","0","0","7","11","2","0","7","0","0","0","54.9","54.9","0","0","0","0","0","0","0","0","0","0","0","0","0","0","0","0","0","0","2","0","0","0","0","2","0","0","0","0","0","0","0","0","0","0","0","0","0","0","0","0","0","0","0","0","0","0","0","0","0","0","0","0","0","2","1","4","0","0","0","bulk-1.27-teamid-from-league-list","0","0","0"
"3.3","Magic Volleyball vs Mrukowo VC 3:0","1126265","2026-07-02 17:00","Kingdom","Magic Volleyball","131049","Dębowski, Michał","1928803","1","0","8","1","0","72.2","0","0","0","0","0","14","9","4","5","5","64","0","0","0","0","0","1","7","26","29","5","57","29","16","11","1","7.2","{""sets"":[{""h"":25,""a"":23},{""h"":25,""a"":22},{""h"":25,""a"":21}],""parsedSets"":[{""rallies"":[{""type"":""end"",""score"":""25 : 23"",""txt"":""Koniec seta 1 : 0""},{""type"":""end"",""score"":""25 : 23"",""txt"":""Koniec seta 1 : 0""},{""type"":""rally"",""score"":""25 : 23"",""speed"":""56.7 km/h"",""res"":""Punkt: A. Koźbiał""},{""type"":""rally"",""score"":""24 : 23"",""speed"":""44.3 km/h"",""res"":""Punkt: T. Drążkiewicz""},{""type"":""rally"",""score"":""24 : 22"",""speed"":""74.8 km/h"",""res"":""Punkt: J. Kawala""},{""type"":""rally"",""score"":""23 : 22"",""speed"":""63.2 km/h"",""res"":""Punkt: G. Cian""},{""type"":""rally"",""score"":""23 : 21"",""speed"":""-"",""res"":""Błąd: D. Kowalski""},{""type"":""rally"",""score"":""22 : 21"",""speed"":""53.3 km/h"",""res"":""Błąd: M. Pietrzak""},{""type"":""rally"",""score"":""22 : 20"",""speed"":""78.1 km/h"",""res"":""Punkt: J. Kawala""},{""type"":""rally"",""score"":""21 : 20"",""speed"":""58.1 km/h"",""res"":""Punkt: M. Pietrzak""},{""type"":""tmo"",""score"":""20 : 20"",""txt"":""Czas dla: Mrukowo VC""},{""type"":""rally"",""score"":""20 : 20"",""speed"":""51.1 km/h"",""res"":""Punkt: J. Kawala""},{""type"":""rally"",""score"":""19 : 20"",""speed"":""69.9 km/h"",""res"":""Punkt: T. Reczuch""},{""type"":""rally"",""score"":""18 : 20"",""speed"":""62.9 km/h"",""res"":""Punkt: T. Reczuch""},{""type"":""rally"",""score"":""17 : 20"",""speed"":""57.1 km/h"",""res"":""Punkt: D. de Aragão""},{""type"":""rally"",""score"":""17 : 19"",""speed"":""75.8 km/h"",""res"":""Punkt: T. Reczuch""},{""type"":""rally"",""score"":""16 : 19"",""speed"":""77.2 km/h"",""res"":""Punkt: D. Kowalski""},{""type"":""rally"",""score"":""16 : 18"",""speed"":""56.1 km/h"",""res"":""Punkt: D. Kowalski""},{""type"":""rally"",""score"":""16 : 17"",""speed"":""73.5 km/h"",""res"":""Błąd: D. de Aragão""},{""type"":""rally"",""score"":""15 : 17"",""speed"":""66.3 km/h"",""res"":""Punkt: T. Reczuch""},{""type"":""rally"",""score"":""14 : 17"",""speed"":""62.2 km/h"",""res"":""Punkt: R. Poggi""},{""type"":""tmo"",""score"":""14 : 16"",""txt"":""Czas dla: ""},{""type"":""rally"",""score"":""14 : 16"",""speed"":""50.6 km/h"",""res"":""Punkt: R. Poggi""},{""type"":""rally"",""score"":""14 : 15"",""speed"":""61.0 km/h"",""res"":""Punkt: M. Pietrzak""},{""type"":""rally"",""score"":""13 : 15"",""speed"":""63.8 km/h"",""res"":""Punkt: G. Cian""},{""type"":""rally"",""score"":""13 : 14"",""speed"":""50.7 km/h"",""res"":""Punkt: G. Cian""},{""type"":""rally"",""score"":""13 : 13"",""speed"":""-"",""res"":""Błąd: J. Kawala""},{""type"":""rally"",""score"":""13 : 12"",""speed"":""58.3 km/h"",""res"":""Punkt: A. Koźbiał""},{""type"":""rally"",""score"":""12 : 12"",""speed"":""51.8 km/h"",""res"":""Punkt: T. Drążkiewicz""},{""type"":""chg"",""score"":""12 : 11"",""txt"":""Zmiana: G. Cian ⇄ A. Gromadzki""},{""type"":""chg"",""score"":""12 : 11"",""txt"":""Zmiana: J. Batteux ⇄ A. Avelino""},{""type"":""rally"",""score"":""12 : 11"",""speed"":""62.0 km/h"",""res"":""Punkt: M. Pietrzak""},{""type"":""chg"",""score"":""11 : 11"",""txt"":""Zmiana: D. de Aragão ⇄ K. Drozdek""},{""type"":""rally"",""score"":""11 : 11"",""speed"":""45.7 km/h"",""res"":""Błąd: A. Jaworski""},{""type"":""rally"",""score"":""11 : 10"",""speed"":""73.4 km/h"",""res"":""Punkt: D. Kowalski""},{""type"":""rally"",""score"":""11 : 9"",""speed"":""67.8 km/h"",""res"":""Punkt: A. Jaworski""},{""type"":""rally"",""score"":""10 : 9"",""speed"":""50.6 km/h"",""res"":""Punkt: T. Drążkiewicz""},{""type"":""rally"",""score"":""10 : 8"",""speed"":""50.8 km/h"",""res"":""Punkt: D. Kowalski""},{""type"":""chg"",""score"":""10 : 7"",""txt"":""Zmiana: A. Gromadzki ⇄ G. Cian""},{""type"":""chg"",""score"":""10 : 7"",""txt"":""Zmiana: K. Drozdek ⇄ D. de Aragão""},{""type"":""tmo"",""score"":""10 : 7"",""txt"":""Czas dla: Mrukowo VC""},{""type"":""rally"",""score"":""10 : 7"",""speed"":""72.2 km/h"",""res"":""Punkt: A. Jaworski""},{""type"":""rally"",""score"":""9 : 7"",""speed"":""42.5 km/h"",""res"":""Punkt: T. Reczuch""},{""type"":""tmo"",""score"":""8 : 7"",""txt"":""Czas dla: ""},{""type"":""rally"",""score"":""8 : 7"",""speed"":""64.4 km/h"",""res"":""Punkt: T. Reczuch""},{""type"":""rally"",""score"":""7 : 7"",""speed"":""77.4 km/h"",""res"":""Punkt: T. Drążkiewicz""},{""type"":""chg"",""score"":""7 : 6"",""txt"":""Zmiana: A. Avelino ⇄ J. Batteux""},{""type"":""rally"",""score"":""7 : 6"",""speed"":""73.8 km/h"",""res"":""Punkt: M. Pietrzak""},{""type"":""rally"",""score"":""6 : 6"",""speed"":""64.9 km/h"",""res"":""Punkt: M. Pietrzak""},{""type"":""rally"",""score"":""5 : 6"",""speed"":""59.5 km/h"",""res"":""Punkt: D. Kowalski""},{""type"":""rally"",""score"":""5 : 5"",""speed"":""66.6 km/h"",""res"":""Punkt: D. de Aragão""},{""type"":""rally"",""score"":""5 : 4"",""speed"":""53.3 km/h"",""res"":""Punkt: A. Koźbiał""},{""type"":""rally"",""score"":""4 : 4"",""speed"":""63.0 km/h"",""res"":""Punkt: G. Cian""},{""type"":""rally"",""score"":""4 : 3"",""speed"":""62.7 km/h"",""res"":""Punkt: J. Kawala""},{""type"":""rally"",""score"":""3 : 3"",""speed"":""79.6 km/h"",""res"":""Błąd: A. Koźbiał""},{""type"":""rally"",""score"":""3 : 2"",""speed"":""46.8 km/h"",""res"":""Punkt: A. Jaworski""},{""type"":""rally"",""score"":""2 : 2"",""speed"":""-"",""res"":""Błąd: M. Pietrzak""},{""type"":""rally"",""score"":""2 : 1"",""speed"":""52.1 km/h"",""res"":""Błąd: D. de Aragão""},{""type"":""rally"",""score"":""1 : 1"",""speed"":""70.1 km/h"",""res"":""Punkt: J. Kawala""},{""type"":""rally"",""score"":""0 : 1"",""speed"":""66.2 km/h"",""res"":""Punkt: R. Poggi""}]},{""rallies"":[{""type"":""end"",""score"":""25 : 22"",""txt"":""Koniec seta 2 : 0""},{""type"":""end"",""score"":""25 : 22"",""txt"":""Koniec seta 2 : 0""},{""type"":""rally"",""score"":""25 : 22"",""speed"":""75.2 km/h"",""res"":""Punkt: J. Kawala""},{""type"":""rally"",""score"":""24 : 22"",""speed"":""42.5 km/h"",""res"":""Punkt: A. Koźbiał""},{""type"":""rally"",""score"":""23 : 22"",""speed"":""67.1 km/h"",""res"":""Punkt: A. Koźbiał""},{""type"":""rally"",""score"":""22 : 22"",""speed"":""49.6 km/h"",""res"":""Punkt: D. Kowalski""},{""type"":""rally"",""score"":""22 : 21"",""speed"":""44.7 km/h"",""res"":""Punkt: T. Reczuch""},{""type"":""rally"",""score"":""21 : 21"",""speed"":""60.1 km/h"",""res"":""Punkt: K. Drozdek""},{""type"":""rally"",""score"":""21 : 20"",""speed"":""56.5 km/h"",""res"":""Błąd: K. Piłat""},{""type"":""rally"",""score"":""20 : 20"",""speed"":""51.8 km/h"",""res"":""Punkt: J. Batteux""},{""type"":""tmo"",""score"":""20 : 19"",""txt"":""Czas dla: Magic Volleyball""},{""type"":""rally"",""score"":""20 : 19"",""speed"":""60.8 km/h"",""res"":""Punkt: J. Batteux""},{""type"":""rally"",""score"":""20 : 18"",""speed"":""69.3 km/h"",""res"":""Punkt: R. Poggi""},{""type"":""chg"",""score"":""20 : 17"",""txt"":""Zmiana: J. Sztobryn ⇄ M. Dębowski""},{""type"":""rally"",""score"":""20 : 17"",""speed"":""67.6 km/h"",""res"":""Punkt: R. Poggi""},{""type"":""rally"",""score"":""20 : 16"",""speed"":""54.6 km/h"",""res"":""Punkt: K. Piłat""},{""type"":""rally"",""score"":""20 : 15"",""speed"":""57.1 km/h"",""res"":""Punkt: J. Kawala""},{""type"":""rally"",""score"":""19 : 15"",""speed"":""66.8 km/h"",""res"":""Punkt: G. Cian""},{""type"":""rally"",""score"":""19 : 14"",""speed"":""61.2 km/h"",""res"":""Błąd: K. Drozdek""},{""type"":""rally"",""score"":""18 : 14"",""speed"":""53.4 km/h"",""res"":""Punkt: G. Cian""},{""type"":""rally"",""score"":""18 : 13"",""speed"":""53.1 km/h"",""res"":""Punkt: T. Reczuch""},{""type"":""chg"",""score"":""17 : 13"",""txt"":""Zmiana: K. Piłat ⇄ T. Drążkiewicz""},{""type"":""rally"",""score"":""17 : 13"",""speed"":""62.9 km/h"",""res"":""Punkt: A. Koźbiał""},{""type"":""tmo"",""score"":""16 : 13"",""txt"":""Czas dla: ""},{""type"":""rally"",""score"":""16 : 13"",""speed"":""56.4 km/h"",""res"":""Punkt: A. Koźbiał""},{""type"":""rally"",""score"":""15 : 13"",""speed"":""61.4 km/h"",""res"":""Punkt: T. Drążkiewicz""},{""type"":""chg"",""score"":""15 : 12"",""txt"":""Zmiana: K. Drozdek ⇄ D. de Aragão""},{""type"":""rally"",""score"":""15 : 12"",""speed"":""56.9 km/h"",""res"":""Punkt: M. Dębowski""},{""type"":""rally"",""score"":""14 : 12"",""speed"":""52.8 km/h"",""res"":""Punkt: M. Pietrzak""},{""type"":""rally"",""score"":""13 : 12"",""speed"":""75.1 km/h"",""res"":""Punkt: D. de Aragão""},{""type"":""rally"",""score"":""13 : 11"",""speed"":""67.9 km/h"",""res"":""Punkt: T. Reczuch""},{""type"":""rally"",""score"":""12 : 11"",""speed"":""55.2 km/h"",""res"":""Błąd: J. Kawala""},{""type"":""tmo"",""score"":""12 : 10"",""txt"":""Czas dla: Mrukowo VC""},{""type"":""rally"",""score"":""12 : 10"",""speed"":""51.3 km/h"",""res"":""Punkt: J. Kawala""},{""type"":""rally"",""score"":""11 : 10"",""speed"":""62.0 km/h"",""res"":""Punkt: J. Kawala""},{""type"":""rally"",""score"":""10 : 10"",""speed"":""60.3 km/h"",""res"":""Punkt: J. Kawala""},{""type"":""chg"",""score"":""9 : 10"",""txt"":""Zmiana: J. Batteux ⇄ A. Avelino""},{""type"":""rally"",""score"":""9 : 10"",""speed"":""-"",""res"":""Błąd: M. Dębowski""},{""type"":""rally"",""score"":""9 : 9"",""speed"":""78.3 km/h"",""res"":""Punkt: T. Reczuch""},{""type"":""rally"",""score"":""8 : 9"",""speed"":""66.9 km/h"",""res"":""Błąd: M. Pietrzak""},{""type"":""chg"",""score"":""8 : 8"",""txt"":""Zmiana: G. Cian ⇄ A. Gromadzki""},{""type"":""rally"",""score"":""8 : 8"",""speed"":""-"",""res"":""Błąd: A. Koźbiał""},{""type"":""tmo"",""score"":""8 : 7"",""txt"":""Czas dla: ""},{""type"":""rally"",""score"":""8 : 7"",""speed"":""-"",""res"":""Błąd: D. de Aragão""},{""type"":""rally"",""score"":""7 : 7"",""speed"":""88.3 km/h"",""res"":""Punkt: D. de Aragão""},{""type"":""rally"",""score"":""7 : 6"",""speed"":""80.5 km/h"",""res"":""Punkt: J. Kawala""},{""type"":""rally"",""score"":""6 : 6"",""speed"":""68.4 km/h"",""res"":""Błąd: A. Koźbiał""},{""type"":""rally"",""score"":""6 : 5"",""speed"":""72.5 km/h"",""res"":""Punkt: T. Drążkiewicz""},{""type"":""chg"",""score"":""6 : 4"",""txt"":""Zmiana: A. Gromadzki ⇄ G. Cian""},{""type"":""tmo"",""score"":""6 : 4"",""txt"":""Czas dla: Mrukowo VC""},{""type"":""rally"",""score"":""6 : 4"",""speed"":""54.6 km/h"",""res"":""Punkt: M. Pietrzak""},{""type"":""chg"",""score"":""5 : 4"",""txt"":""Zmiana: A. Avelino ⇄ J. Batteux""},{""type"":""rally"",""score"":""5 : 4"",""speed"":""52.0 km/h"",""res"":""Punkt: J. Kawala""},{""type"":""rally"",""score"":""4 : 4"",""speed"":""52.5 km/h"",""res"":""Punkt: T. Reczuch""},{""type"":""rally"",""score"":""3 : 4"",""speed"":""64.5 km/h"",""res"":""Punkt: T. Drążkiewicz""},{""type"":""rally"",""score"":""3 : 3"",""speed"":""53.3 km/h"",""res"":""Punkt: A. Koźbiał""},{""type"":""rally"",""score"":""2 : 3"",""speed"":""-"",""res"":""Błąd: R. Poggi""},{""type"":""rally"",""score"":""1 : 3"",""speed"":""73.3 km/h"",""res"":""Błąd: Z. Woźniak""},{""type"":""rally"",""score"":""1 : 2"",""speed"":""-"",""res"":""Błąd: J. Batteux""},{""type"":""rally"",""score"":""0 : 2"",""speed"":""54.0 km/h"",""res"":""Błąd: J. Kawala""},{""type"":""rally"",""score"":""0 : 1"",""speed"":""57.8 km/h"",""res"":""Punkt: J. Batteux""}]},{""rallies"":[{""type"":""end"",""score"":""25 : 21"",""txt"":""Koniec seta 3 : 0""},{""type"":""end"",""score"":""25 : 21"",""txt"":""Koniec seta 3 : 0""},{""type"":""rally"",""score"":""25 : 21"",""speed"":""45.8 km/h"",""res"":""Punkt: A. Koźbiał""},{""type"":""rally"",""score"":""24 : 21"",""speed"":""74.3 km/h"",""res"":""Błąd: M. Pietrzak""},{""type"":""rally"",""score"":""24 : 20"",""speed"":""62.0 km/h"",""res"":""Punkt: T. Reczuch""},{""type"":""rally"",""score"":""23 : 20"",""speed"":""72.1 km/h"",""res"":""Punkt: T. Drążkiewicz""},{""type"":""rally"",""score"":""23 : 19"",""speed"":""52.9 km/h"",""res"":""Punkt: J. Batteux""},{""type"":""rally"",""score"":""23 : 18"",""speed"":""56.3 km/h"",""res"":""Punkt: G. Cian""},{""type"":""rally"",""score"":""23 : 17"",""speed"":""59.3 km/h"",""res"":""Punkt: M. Pietrzak""},{""type"":""rally"",""score"":""22 : 17"",""speed"":""-"",""res"":""Błąd: M. Pietrzak""},{""type"":""rally"",""score"":""22 : 16"",""speed"":""47.3 km/h"",""res"":""Punkt: J. Kawala""},{""type"":""rally"",""score"":""21 : 16"",""speed"":""62.2 km/h"",""res"":""Punkt: T. Drążkiewicz""},{""type"":""rally"",""score"":""21 : 15"",""speed"":""62.1 km/h"",""res"":""Błąd: R. Poggi""},{""type"":""rally"",""score"":""20 : 15"",""speed"":""-"",""res"":""Błąd: J. Batteux""},{""type"":""rally"",""score"":""19 : 15"",""speed"":""70.3 km/h"",""res"":""Punkt: D. de Aragão""},{""type"":""rally"",""score"":""19 : 14"",""speed"":""-"",""res"":""Błąd: G. Cian""},{""type"":""rally"",""score"":""18 : 14"",""speed"":""58.1 km/h"",""res"":""Punkt: R. Poggi""},{""type"":""rally"",""score"":""18 : 13"",""speed"":""74.7 km/h"",""res"":""Punkt: R. Poggi""},{""type"":""chg"",""score"":""18 : 12"",""txt"":""Zmiana: D. de Aragão ⇄ K. Drozdek""},{""type"":""rally"",""score"":""18 : 12"",""speed"":""70.1 km/h"",""res"":""Błąd: K. Drozdek""},{""type"":""rally"",""score"":""17 : 12"",""speed"":""74.6 km/h"",""res"":""Punkt: T. Reczuch""},{""type"":""tmo"",""score"":""16 : 12"",""txt"":""Czas dla: ""},{""type"":""rally"",""score"":""16 : 12"",""speed"":""80.3 km/h"",""res"":""Punkt: J. Kawala""},{""type"":""rally"",""score"":""15 : 12"",""speed"":""51.2 km/h"",""res"":""Punkt: J. Kawala""},{""type"":""rally"",""score"":""14 : 12"",""speed"":""-"",""res"":""Błąd: J. Kawala""},{""type"":""chg"",""score"":""14 : 11"",""txt"":""Zmiana: K. Drozdek ⇄ D. de Aragão""},{""type"":""chg"",""score"":""14 : 11"",""txt"":""Zmiana: J. Batteux ⇄ A. Avelino""},{""type"":""tmo"",""score"":""14 : 11"",""txt"":""Czas dla: Mrukowo VC""},{""type"":""rally"",""score"":""14 : 11"",""speed"":""48.2 km/h"",""res"":""Punkt: A. Koźbiał""},{""type"":""rally"",""score"":""13 : 11"",""speed"":""43.7 km/h"",""res"":""Punkt: A. Koźbiał""},{""type"":""rally"",""score"":""12 : 11"",""speed"":""74.4 km/h"",""res"":""Błąd: G. Cian""},{""type"":""chg"",""score"":""11 : 11"",""txt"":""Zmiana: G. Cian ⇄ A. Gromadzki""},{""type"":""rally"",""score"":""11 : 11"",""speed"":""52.9 km/h"",""res"":""Błąd: A. Jaworski""},{""type"":""rally"",""score"":""11 : 10"",""speed"":""-"",""res"":""Błąd: D. Kowalski""},{""type"":""rally"",""score"":""10 : 10"",""speed"":""48.8 km/h"",""res"":""Punkt: T. Drążkiewicz""},{""type"":""rally"",""score"":""10 : 9"",""speed"":""61.2 km/h"",""res"":""Punkt: T. Reczuch""},{""type"":""rally"",""score"":""9 : 9"",""speed"":""46.0 km/h"",""res"":""Punkt: T. Drążkiewicz""},{""type"":""rally"",""score"":""9 : 8"",""speed"":""73.0 km/h"",""res"":""Punkt: T. Drążkiewicz""},{""type"":""chg"",""score"":""9 : 7"",""txt"":""Zmiana: A. Gromadzki ⇄ G. Cian""},{""type"":""tmo"",""score"":""9 : 7"",""txt"":""Czas dla: Mrukowo VC""},{""type"":""rally"",""score"":""9 : 7"",""speed"":""85.3 km/h"",""res"":""Punkt: J. Sztobryn""},{""type"":""chg"",""score"":""8 : 7"",""txt"":""Zmiana: A. Avelino ⇄ J. Batteux""},{""type"":""tmo"",""score"":""8 : 7"",""txt"":""Czas dla: ""},{""type"":""rally"",""score"":""8 : 7"",""speed"":""55.8 km/h"",""res"":""Błąd: T. Drążkiewicz""},{""type"":""rally"",""score"":""7 : 7"",""speed"":""73.3 km/h"",""res"":""Punkt: M. Pietrzak""},{""type"":""rally"",""score"":""6 : 7"",""speed"":""48.3 km/h"",""res"":""Punkt: D. Kowalski""},{""type"":""rally"",""score"":""6 : 6"",""speed"":""70.2 km/h"",""res"":""Punkt: R. Poggi""},{""type"":""rally"",""score"":""6 : 5"",""speed"":""47.5 km/h"",""res"":""Punkt: T. Reczuch""},{""type"":""rally"",""score"":""5 : 5"",""speed"":""-"",""res"":""Błąd: T. Reczuch""},{""type"":""rally"",""score"":""5 : 4"",""speed"":""53.5 km/h"",""res"":""Punkt: A. Koźbiał""},{""type"":""rally"",""score"":""4 : 4"",""speed"":""-"",""res"":""Błąd: J. Kawala""},{""type"":""rally"",""score"":""4 : 3"",""speed"":""59.3 km/h"",""res"":""Punkt: M. Pietrzak""},{""type"":""rally"",""score"":""3 : 3"",""speed"":""49.9 km/h"",""res"":""Błąd: A. Koźbiał""},{""type"":""rally"",""score"":""3 : 2"",""speed"":""59.7 km/h"",""res"":""Punkt: T. Reczuch""},{""type"":""rally"",""score"":""2 : 2"",""speed"":""63.5 km/h"",""res"":""Punkt: T. Drążkiewicz""},{""type"":""rally"",""score"":""2 : 1"",""speed"":""59.7 km/h"",""res"":""Punkt: A. Jaworski""},{""type"":""rally"",""score"":""1 : 1"",""speed"":""57.8 km/h"",""res"":""Punkt: D. Kowalski""},{""type"":""chg"",""score"":""1 : 0"",""txt"":""Zmiana: J. Sztobryn ⇄ M. Dębowski""},{""type"":""rally"",""score"":""1 : 0"",""speed"":""69.1 km/h"",""res"":""Błąd: T. Drążkiewicz""}]}]}","3","3","1","1","1","1","7","26","1","0","2","0","0","5","72.2","58.9","0","0","0","0","0","0","0","0","0","0","0","0","0","0","0","0","0","0","0","0","0","0","0","0","0","0","0","0","0","0","29","5","4","5","14","57","0","0","0","0","0","4","2","1","1","0","0","5","3","1","0","0","1","3","38","23","1","0","0","bulk-1.27-teamid-from-league-list","0","0","0"
"3.3","Magic Volleyball vs Mrukowo VC 3:0","1126265","2026-07-02 17:00","Kingdom","Magic Volleyball","131049","Pietrzak, Marcin","1974443","14","1","16","2","0","78.1","31","9","14","45","16","18","7","5","11","7","67","50","2","96","25","50","0","4","47","0","0","0","0","0","0","0","47.7","","5","5","2","6","0","0","4","47","0","0","3","0","0","1","78.1","60.7","1","1","0","0","4","6","1","0","4","4","0","9","2","1","0","0","2","5","0","0","0","0","0","0","6","1","2","0","2","11","0","0","0","0","0","0","24","10","13","1","48","5","2","2","0","0","1","7","3","2","0","1","1","3","30","27","23","0","0","bulk-1.27-teamid-from-league-list","0","0","0"
"3.3","Magic Volleyball vs Mrukowo VC 3:0","1126265","2026-07-02 17:00","Kingdom","Magic Volleyball","131049","Jaworski, Artur","1865574","6","2","10","0","0","79.6","10","4","4","40","0","4","1","1","3","1","50","0","0","0","0","0","2","34","51","0","0","0","0","0","0","0","9.2","","1","1","0","1","0","1","34","51","0","1","13","2","0","21","79.6","59.6","0","0","1","0","2","3","0","0","2","0","0","2","0","0","0","0","0","0","4","1","0","0","0","5","0","0","0","0","0","0","0","0","0","0","0","0","0","0","0","0","0","1","0","0","1","0","0","1","0","1","0","0","0","3","9","6","8","0","0","bulk-1.27-teamid-from-league-list","0","0","0"
"3.3","Magic Volleyball vs Mrukowo VC 3:0","1126265","2026-07-02 17:00","Kingdom","Magic Volleyball","131049","Kawala, Jarosław","2003175","15","10","15","3","1","74.3","22","2","14","64","55","18","8","0","10","6","33","0","0","0","0","0","0","27","55","0","0","0","0","0","0","0","38.4","","3","4","2","4","1","2","27","55","0","1","6","0","1","21","75.2","57.4","3","0","0","0","4","7","1","0","1","0","0","2","7","1","0","0","1","9","0","0","0","0","0","0","3","0","0","0","1","4","0","0","0","0","0","0","0","0","0","0","0","0","0","0","0","0","0","5","3","2","0","0","0","3","16","15","10","0","0","bulk-1.27-teamid-from-league-list","0","0","0"
"3.3","Magic Volleyball vs Mrukowo VC 3:0","1126265","2026-07-02 17:00","Kingdom","Magic Volleyball","131049","Reczuch, Tomasz","1725406","21","19","11","1","1","88.3","25","1","16","64","60","11","5","1","6","6","64","5","0","100","2","40","4","20","47","0","0","0","0","0","0","0","62.5","","5","5","0","0","1","1","20","47","2","0","7","2","1","13","88.3","67.5","1","0","0","0","3","4","1","0","1","3","0","5","4","0","0","0","2","6","0","0","0","0","0","0","7","0","0","0","3","10","0","0","0","0","0","0","2","2","1","0","5","1","0","0","0","0","1","6","4","0","0","2","0","3","18","15","13","0","0","bulk-1.27-teamid-from-league-list","0","0","0"
"3.3","Magic Volleyball vs Mrukowo VC 3:0","1126265","2026-07-02 17:00","Kingdom","Magic Volleyball","131049","Koźbiał, Aleksander","1745491","17","11","8","1","0","77.4","18","5","12","67","39","8","4","1","4","1","25","0","0","0","0","0","5","35","43","0","0","0","0","0","0","0","39.5","","0","1","0","1","1","2","35","43","2","0","14","3","2","21","77.4","69.7","1","0","0","0","0","1","1","0","2","1","0","4","0","0","0","0","0","0","8","2","1","1","1","13","0","0","0","0","0","0","0","0","0","0","0","0","0","0","0","0","0","1","0","0","0","0","1","1","1","0","0","0","0","3","10","9","11","0","0","bulk-1.27-teamid-from-league-list","0","0","0"
"3.3","Magic Volleyball vs Mrukowo VC 3:0","1126265","2026-07-02 17:00","Kingdom","Magic Volleyball","131049","Woźniak, Zbigniew","1949970","0","-2","0","0","0","0","0","0","0","0","0","17","7","4","10","7","65","5","2","60","4","80","0","0","0","5","2","11","4","2","1","4","5.2","","3","4","2","3","2","3","0","0","0","0","0","0","0","0","0","0","0","0","0","0","0","0","0","0","0","0","0","0","0","0","0","0","0","0","0","0","0","0","0","0","0","0","0","0","0","0","5","2","2","1","1","11","3","0","0","0","3","4","2","1","1","0","0","7","2","1","2","0","2","3","12","10","7","0","0","bulk-1.27-teamid-from-league-list","0","0","0"
"3.3","Magic Volleyball vs Mrukowo VC 3:0","1126265","2026-07-02 17:00","Kingdom","Magic Volleyball","131049","Sztobryn, Jan","2087678","1","1","6","0","1","73","1","0","0","0","0","8","5","1","3","1","25","0","0","0","0","0","0","8","13","17","7","38","17","7","11","3","4.2","","0","1","0","1","1","1","8","13","0","0","4","0","0","4","85.3","66","0","0","0","0","1","1","0","0","0","0","0","0","0","0","0","0","0","0","0","0","0","0","0","0","0","0","0","0","0","0","17","7","3","1","10","38","0","0","0","0","0","1","0","1","0","0","0","1","0","1","0","0","0","2","0","7","29","0","0","bulk-1.27-teamid-from-league-list","0","0","0"
"3.3","Magic Volleyball vs Mrukowo VC 3:0","1126265","2026-07-02 17:00","Kingdom","Mrukowo VC","137492","Batteux, Jérôme","1975977","4","2","14","2","3","77.2","1","0","0","0","0","11","7","2","4","1","27","0","0","0","0","0","1","9","38","27","9","70","11","30","17","12","12","","0","2","0","1","1","1","9","38","1","1","7","0","0","2","77.2","62.7","0","0","0","0","1","1","0","0","0","0","0","0","0","0","0","0","0","0","0","0","0","0","0","0","0","0","0","0","0","0","27","9","4","5","25","70","0","0","0","0","0","2","0","1","1","0","0","1","0","0","1","0","0","3","25","31","20","0","0","bulk-1.27-teamid-from-league-list","0","0","0"
"3.3","Magic Volleyball vs Mrukowo VC 3:0","1126265","2026-07-02 17:00","Kingdom","Mrukowo VC","137492","Poggi, Rino","2032922","9","5","11","1","0","70.1","17","2","8","47","35","19","15","1","4","3","21","26","1","96","10","38","1","17","53","0","0","0","0","0","0","0","36","","2","3","0","0","1","1","17","53","0","0","11","1","1","6","70.1","57.8","1","1","0","0","3","5","1","0","0","0","0","1","6","0","1","0","4","11","0","0","0","0","0","0","0","0","0","0","0","0","0","0","0","0","0","0","5","5","10","5","25","1","0","1","0","0","0","3","1","0","0","1","1","3","24","22","17","0","0","bulk-1.27-teamid-from-league-list","0","0","0"
"3.3","Magic Volleyball vs Mrukowo VC 3:0","1126265","2026-07-02 17:00","Kingdom","Mrukowo VC","137492","Kowalski, Daniel","2032920","12","8","10","2","0","67.1","12","2","6","50","33","7","3","0","4","3","43","0","0","0","0","0","6","24","57","0","1","1","0","0","0","1","32.8","","2","2","1","2","0","0","24","57","4","2","20","2","0","4","67.1","55.7","0","0","0","0","1","1","2","0","2","0","0","4","0","0","0","0","0","0","2","0","0","2","3","7","0","0","0","0","0","0","0","1","0","0","0","1","0","0","0","0","0","0","0","0","0","0","0","3","0","2","0","0","1","3","13","6","6","0","0","bulk-1.27-teamid-from-league-list","0","0","0"
"3.3","Magic Volleyball vs Mrukowo VC 3:0","1126265","2026-07-02 17:00","Kingdom","Mrukowo VC","137492","Drążkiewicz, Tymon","1904158","15","11","11","0","1","80.5","25","4","12","48","32","10","5","1","5","3","40","0","0","0","0","0","2","14","48","0","0","0","0","0","0","0","35.4","","3","4","0","1","0","0","14","48","2","0","13","0","0","1","80.5","65.6","1","1","1","0","5","8","1","0","1","1","0","3","7","1","0","0","3","11","0","0","0","0","0","0","1","0","0","1","1","3","0","0","0","0","0","0","0","0","0","0","0","1","0","0","0","0","1","3","1","1","0","1","0","3","14","14","16","0","0","bulk-1.27-teamid-from-league-list","0","0","0"
"3.3","Magic Volleyball vs Mrukowo VC 3:0","1126265","2026-07-02 17:00","Kingdom","Mrukowo VC","137492","de Aragão, Dionísio","1724984","6","0","8","1","0","63.8","17","4","6","35","12","12","9","0","3","2","17","11","1","91","4","36","0","5","39","0","0","0","0","0","0","0","11.8","","2","3","0","0","0","0","5","39","0","0","4","0","0","1","63.8","55","1","0","1","0","3","5","0","0","0","1","0","1","2","1","1","0","4","8","0","0","0","0","0","0","2","1","0","0","0","3","0","0","0","0","0","0","2","5","2","1","10","0","0","0","0","0","0","2","1","0","0","1","0","3","23","6","11","0","0","bulk-1.27-teamid-from-league-list","0","0","0"
"3.3","Magic Volleyball vs Mrukowo VC 3:0","1126265","2026-07-02 17:00","Kingdom","Mrukowo VC","137492","Cian, Giuseppe","1927195","9","5","10","1","0","78.3","13","3","5","38","15","6","3","2","3","2","67","0","0","0","0","0","4","18","44","0","0","0","0","0","0","0","21.9","","0","0","0","0","2","3","18","44","3","4","11","1","1","7","78.3","62.3","0","0","0","0","3","3","0","0","1","1","0","2","0","0","0","0","0","0","4","0","2","0","2","8","0","0","0","0","0","0","0","0","0","0","0","0","0","0","0","0","0","2","1","1","0","0","0","2","2","0","0","0","0","3","8","10","10","0","0","bulk-1.27-teamid-from-league-list","0","0","0"
"3.3","Magic Volleyball vs Mrukowo VC 3:0","1126265","2026-07-02 17:00","Kingdom","Mrukowo VC","137492","Łysakowski, Adam","1928407","0","0","0","0","0","0","0","0","0","0","0","20","13","5","7","5","50","24","0","100","8","33","0","0","0","0","0","2","0","1","1","0","18.8","","4","5","1","2","0","0","0","0","0","0","0","0","0","0","0","0","0","0","0","0","0","0","0","0","0","0","0","0","0","0","0","0","0","0","0","0","0","0","0","0","0","0","0","0","0","0","0","0","0","2","0","2","3","15","5","1","24","5","2","0","1","0","2","4","2","1","0","1","0","3","13","13","14","0","0","bulk-1.27-teamid-from-league-list","0","0","0"
"3.3","Magic Volleyball vs Mrukowo VC 3:0","1126265","2026-07-02 17:00","Kingdom","Mrukowo VC","137492","Piłat, Krzysztof","1681846","1","-1","0","0","0","0","4","2","1","25","-25","0","0","0","0","0","0","0","0","0","0","0","0","4","12","0","0","0","0","0","0","0","-1","","0","0","0","0","0","0","4","12","0","0","2","0","0","2","0","0","0","0","1","0","1","2","0","0","0","0","0","0","0","1","0","0","0","1","0","0","0","0","0","0","1","0","0","0","0","1","0","0","0","0","0","0","0","0","0","0","0","0","0","0","0","0","0","0","0","0","0","0","0","1","0","3","0","0","0","bulk-1.27-teamid-from-league-list","0","0","0"
"3.3","Magic Volleyball vs Mrukowo VC 3:0","1126265","2026-07-02 17:00","Kingdom","Mrukowo VC","137492","Drozdek, Kacper","1974857","1","-2","2","0","0","61.2","5","2","1","20","-20","5","2","1","3","1","40","5","1","80","0","0","0","3","14","0","0","0","0","0","0","0","-0.2","","1","1","0","1","0","1","3","14","0","0","3","0","0","0","61.2","56.2","1","0","0","0","2","3","0","0","0","0","0","0","0","0","1","0","0","1","0","0","0","0","0","0","0","1","0","0","0","1","0","0","0","0","0","0","0","2","2","0","4","1","1","0","0","0","0","1","0","0","0","0","1","3","1","10","3","0","0","bulk-1.27-teamid-from-league-list","0","0","0"
"3.3","Magic Volleyball vs Mrukowo VC 3:0","1126265","2026-07-02 17:00","Kingdom","Mrukowo VC","137492","Gromadzki, Adam","2088117","0","0","0","0","0","0","1","0","0","0","0","0","0","0","0","0","0","0","0","0","0","0","0","0","5","0","0","0","0","0","0","0","0","","0","0","0","0","0","0","0","5","0","0","0","0","0","0","0","0","0","0","0","0","1","1","0","0","0","0","0","0","0","0","0","0","0","0","0","0","0","0","0","0","0","0","0","0","0","0","0","0","0","0","0","0","0","0","0","0","0","0","0","0","0","0","0","0","0","0","0","0","0","0","1","0","0","0","0","bulk-1.27-teamid-from-league-list","0","0","0"
"3.3","Magic Volleyball vs Mrukowo VC 3:0","1126265","2026-07-02 17:00","Kingdom","Mrukowo VC","137492","Avelino, Alcides","1927155","0","0","1","0","0","64.4","0","0","0","0","0","0","0","0","0","0","0","0","0","0","0","0","0","1","8","6","2","21","4","8","6","3","0","","0","0","0","0","0","0","1","8","0","0","0","0","0","1","64.4","64.4","0","0","0","0","0","0","0","0","0","0","0","0","0","0","0","0","0","0","0","0","0","0","0","0","0","0","0","0","0","0","6","2","2","0","11","21","0","0","0","0","0","0","0","0","0","0","0","0","0","0","0","0","0","3","8","4","5","0","0","bulk-1.27-teamid-from-league-list","0","0","0"
"3.3","DragonGAYS Polska vs Wierzeje 3:0","1126266","2026-07-02 17:00","Dytto","DragonGAYS Polska","130705","Kesyakov, Stoyan","1685527","2","1","14","1","1","61.6","0","0","0","0","0","17","11","10","6","5","88","0","0","0","0","0","1","14","46","41","4","88","27","32","22","7","15","{""sets"":[{""h"":28,""a"":26},{""h"":25,""a"":11},{""h"":25,""a"":19}],""parsedSets"":[{""rallies"":[{""type"":""end"",""score"":""28 : 26"",""txt"":""Koniec seta 1 : 0""},{""type"":""end"",""score"":""28 : 26"",""txt"":""Koniec seta 1 : 0""},{""type"":""rally"",""score"":""28 : 26"",""speed"":""53.2 km/h"",""res"":""Punkt: S. Morère""},{""type"":""rally"",""score"":""27 : 26"",""speed"":""46.0 km/h"",""res"":""Punkt: M. Jakimowicz""},{""type"":""rally"",""score"":""26 : 26"",""speed"":""56.9 km/h"",""res"":""Punkt: S. Gębuś""},{""type"":""rally"",""score"":""26 : 25"",""speed"":""54.5 km/h"",""res"":""Punkt: M. Jakimowicz""},{""type"":""rally"",""score"":""25 : 25"",""speed"":""69.2 km/h"",""res"":""Punkt: F. Alkanalp""},{""type"":""rally"",""score"":""24 : 25"",""speed"":""56.0 km/h"",""res"":""Punkt: M. Barchański""},{""type"":""rally"",""score"":""24 : 24"",""speed"":""47.4 km/h"",""res"":""Błąd: P. Karasiewicz""},{""type"":""rally"",""score"":""23 : 24"",""speed"":""78.0 km/h"",""res"":""Punkt: F. Alkanalp""},{""type"":""rally"",""score"":""22 : 24"",""speed"":""46.6 km/h"",""res"":""Błąd: F. Alkanalp""},{""type"":""rally"",""score"":""22 : 23"",""speed"":""42.9 km/h"",""res"":""Punkt: F. Alkanalp""},{""type"":""rally"",""score"":""21 : 23"",""speed"":""41.7 km/h"",""res"":""Punkt: M. Barchański""},{""type"":""rally"",""score"":""21 : 22"",""speed"":""62.5 km/h"",""res"":""Punkt: S. Morère""},{""type"":""rally"",""score"":""20 : 22"",""speed"":""-"",""res"":""Błąd: S. Hądzlik""},{""type"":""rally"",""score"":""20 : 21"",""speed"":""42.9 km/h"",""res"":""Punkt: S. Burçak""},{""type"":""rally"",""score"":""19 : 21"",""speed"":""46.7 km/h"",""res"":""Punkt: M. Jakimowicz""},{""type"":""rally"",""score"":""18 : 21"",""speed"":""55.1 km/h"",""res"":""Punkt: M. Jakimowicz""},{""type"":""rally"",""score"":""17 : 21"",""speed"":""49.2 km/h"",""res"":""Punkt: S. Gębuś""},{""type"":""rally"",""score"":""17 : 20"",""speed"":""46.1 km/h"",""res"":""Punkt: M. Jakimowicz""},{""type"":""rally"",""score"":""16 : 20"",""speed"":""58.4 km/h"",""res"":""Punkt: S. Burçak""},{""type"":""rally"",""score"":""15 : 20"",""speed"":""43.7 km/h"",""res"":""Punkt: V. Gerhold""},{""type"":""rally"",""score"":""15 : 19"",""speed"":""74.1 km/h"",""res"":""Punkt: F. Alkanalp""},{""type"":""rally"",""score"":""14 : 19"",""speed"":""59.8 km/h"",""res"":""Punkt: S. Gębuś""},{""type"":""rally"",""score"":""14 : 18"",""speed"":""78.9 km/h"",""res"":""Punkt: M. Barchański""},{""type"":""rally"",""score"":""14 : 17"",""speed"":""61.3 km/h"",""res"":""Punkt: M. Barchański""},{""type"":""rally"",""score"":""14 : 16"",""speed"":""71.9 km/h"",""res"":""Punkt: S. Morère""},{""type"":""tmo"",""score"":""13 : 16"",""txt"":""Czas dla: ""},{""type"":""rally"",""score"":""13 : 16"",""speed"":""49.9 km/h"",""res"":""Punkt: M. Barchański""},{""type"":""rally"",""score"":""13 : 15"",""speed"":""41.4 km/h"",""res"":""Punkt: F. Alkanalp""},{""type"":""rally"",""score"":""12 : 15"",""speed"":""43.6 km/h"",""res"":""Punkt: V. Gerhold""},{""type"":""rally"",""score"":""12 : 14"",""speed"":""68.3 km/h"",""res"":""Punkt: S. Burçak""},{""type"":""rally"",""score"":""11 : 14"",""speed"":""51.7 km/h"",""res"":""Punkt: V. Gerhold""},{""type"":""rally"",""score"":""11 : 13"",""speed"":""45.2 km/h"",""res"":""Punkt: M. Jakimowicz""},{""type"":""rally"",""score"":""10 : 13"",""speed"":""62.1 km/h"",""res"":""Punkt: M. Jakimowicz""},{""type"":""rally"",""score"":""9 : 13"",""speed"":""-"",""res"":""Błąd: S. Kesyakov""},{""type"":""rally"",""score"":""9 : 12"",""speed"":""60.8 km/h"",""res"":""Punkt: S. Burçak""},{""type"":""rally"",""score"":""8 : 12"",""speed"":""77.9 km/h"",""res"":""Błąd: S. Burçak""},{""type"":""tmo"",""score"":""8 : 11"",""txt"":""Czas dla: DragonGAYS Polska ""},{""type"":""rally"",""score"":""8 : 11"",""speed"":""64.4 km/h"",""res"":""Punkt: S. Gębuś""},{""type"":""rally"",""score"":""8 : 10"",""speed"":""52.6 km/h"",""res"":""Punkt: P. Karasiewicz""},{""type"":""rally"",""score"":""8 : 9"",""speed"":""72.3 km/h"",""res"":""Błąd: S. Gębuś""},{""type"":""rally"",""score"":""7 : 9"",""speed"":""77.2 km/h"",""res"":""Punkt: S. Gębuś""},{""type"":""tmo"",""score"":""7 : 8"",""txt"":""Czas dla: ""},{""type"":""rally"",""score"":""7 : 8"",""speed"":""92.2 km/h"",""res"":""Punkt: M. Danilović""},{""type"":""rally"",""score"":""7 : 7"",""speed"":""85.3 km/h"",""res"":""Punkt: M. Danilović""},{""type"":""rally"",""score"":""7 : 6"",""speed"":""57.0 km/h"",""res"":""Punkt: M. Barchański""},{""type"":""rally"",""score"":""7 : 5"",""speed"":""47.0 km/h"",""res"":""Błąd: M. Danilović""},{""type"":""rally"",""score"":""6 : 5"",""speed"":""53.4 km/h"",""res"":""Punkt: F. Alkanalp""},{""type"":""rally"",""score"":""5 : 5"",""speed"":""44.9 km/h"",""res"":""Punkt: M. Barchański""},{""type"":""rally"",""score"":""5 : 4"",""speed"":""65.9 km/h"",""res"":""Punkt: M. Jakimowicz""},{""type"":""rally"",""score"":""4 : 4"",""speed"":""46.1 km/h"",""res"":""Punkt: F. Alkanalp""},{""type"":""rally"",""score"":""3 : 4"",""speed"":""-"",""res"":""Błąd: S. Burçak""},{""type"":""rally"",""score"":""3 : 3"",""speed"":""76.2 km/h"",""res"":""Punkt: M. Jakimowicz""},{""type"":""rally"",""score"":""2 : 3"",""speed"":""58.2 km/h"",""res"":""Punkt: V. Gerhold""},{""type"":""rally"",""score"":""2 : 2"",""speed"":""52.4 km/h"",""res"":""Punkt: M. Danilović""},{""type"":""rally"",""score"":""2 : 1"",""speed"":""61.4 km/h"",""res"":""Punkt: S. Burçak""},{""type"":""rally"",""score"":""1 : 1"",""speed"":""50.7 km/h"",""res"":""Punkt: S. Gębuś""},{""type"":""rally"",""score"":""1 : 0"",""speed"":""50.0 km/h"",""res"":""Punkt: S. Burçak""}]},{""rallies"":[{""type"":""end"",""score"":""25 : 11"",""txt"":""Koniec seta 2 : 0""},{""type"":""end"",""score"":""25 : 11"",""txt"":""Koniec seta 2 : 0""},{""type"":""rally"",""score"":""25 : 11"",""speed"":""55.6 km/h"",""res"":""Punkt: M. Jakimowicz""},{""type"":""rally"",""score"":""24 : 11"",""speed"":""54.7 km/h"",""res"":""Punkt: M. Jakimowicz""},{""type"":""rally"",""score"":""23 : 11"",""speed"":""52.6 km/h"",""res"":""Punkt: F. Alkanalp""},{""type"":""rally"",""score"":""22 : 11"",""speed"":""60.0 km/h"",""res"":""Punkt: S. Burçak""},{""type"":""rally"",""score"":""21 : 11"",""speed"":""48.4 km/h"",""res"":""Punkt: P. Karasiewicz""},{""type"":""rally"",""score"":""21 : 10"",""speed"":""47.4 km/h"",""res"":""Punkt: S. Burçak""},{""type"":""rally"",""score"":""20 : 10"",""speed"":""55.0 km/h"",""res"":""Punkt: M. Jakimowicz""},{""type"":""rally"",""score"":""19 : 10"",""speed"":""60.6 km/h"",""res"":""Punkt: S. Morère""},{""type"":""rally"",""score"":""18 : 10"",""speed"":""62.9 km/h"",""res"":""Punkt: S. Hądzlik""},{""type"":""rally"",""score"":""17 : 10"",""speed"":""-"",""res"":""Błąd: D. Métairie""},{""type"":""rally"",""score"":""16 : 10"",""speed"":""54.0 km/h"",""res"":""Błąd: M. Jakimowicz""},{""type"":""tmo"",""score"":""16 : 9"",""txt"":""Czas dla: ""},{""type"":""rally"",""score"":""16 : 9"",""speed"":""55.7 km/h"",""res"":""Punkt: S. Hądzlik""},{""type"":""rally"",""score"":""15 : 9"",""speed"":""43.4 km/h"",""res"":""Punkt: M. Jakimowicz""},{""type"":""rally"",""score"":""14 : 9"",""speed"":""62.6 km/h"",""res"":""Punkt: S. Kesyakov""},{""type"":""rally"",""score"":""13 : 9"",""speed"":""46.1 km/h"",""res"":""Punkt: M. Jakimowicz""},{""type"":""rally"",""score"":""12 : 9"",""speed"":""67.5 km/h"",""res"":""Punkt: S. Burçak""},{""type"":""rally"",""score"":""11 : 9"",""speed"":""59.7 km/h"",""res"":""Punkt: V. Gerhold""},{""type"":""rally"",""score"":""11 : 8"",""speed"":""54.1 km/h"",""res"":""Punkt: M. Barchański""},{""type"":""rally"",""score"":""11 : 7"",""speed"":""53.7 km/h"",""res"":""Punkt: M. Barchański""},{""type"":""rally"",""score"":""11 : 6"",""speed"":""52.5 km/h"",""res"":""Punkt: S. Burçak""},{""type"":""tmo"",""score"":""10 : 6"",""txt"":""Czas dla: Wierzeje""},{""type"":""rally"",""score"":""10 : 6"",""speed"":""45.3 km/h"",""res"":""Punkt: F. Alkanalp""},{""type"":""rally"",""score"":""9 : 6"",""speed"":""55.6 km/h"",""res"":""Punkt: S. Burçak""},{""type"":""tmo"",""score"":""8 : 6"",""txt"":""Czas dla: ""},{""type"":""rally"",""score"":""8 : 6"",""speed"":""42.8 km/h"",""res"":""Punkt: S. Morère""},{""type"":""rally"",""score"":""7 : 6"",""speed"":""82.5 km/h"",""res"":""Punkt: F. Alkanalp""},{""type"":""rally"",""score"":""6 : 6"",""speed"":""68.2 km/h"",""res"":""Punkt: V. Gerhold""},{""type"":""rally"",""score"":""6 : 5"",""speed"":""49.5 km/h"",""res"":""Punkt: M. Barchański""},{""type"":""rally"",""score"":""6 : 4"",""speed"":""46.3 km/h"",""res"":""Punkt: S. Morère""},{""type"":""rally"",""score"":""5 : 4"",""speed"":""-"",""res"":""Błąd: M. Jakimowicz""},{""type"":""rally"",""score"":""5 : 3"",""speed"":""62.2 km/h"",""res"":""Punkt: M. Jakimowicz""},{""type"":""rally"",""score"":""4 : 3"",""speed"":""51.3 km/h"",""res"":""Punkt: S. Gębuś""},{""type"":""rally"",""score"":""4 : 2"",""speed"":""53.4 km/h"",""res"":""Punkt: F. Alkanalp""},{""type"":""rally"",""score"":""3 : 2"",""speed"":""47.3 km/h"",""res"":""Punkt: M. Jakimowicz""},{""type"":""rally"",""score"":""2 : 2"",""speed"":""59.1 km/h"",""res"":""Punkt: S. Burçak""},{""type"":""rally"",""score"":""1 : 2"",""speed"":""51.6 km/h"",""res"":""Punkt: S. Gębuś""},{""type"":""rally"",""score"":""1 : 1"",""speed"":""71.0 km/h"",""res"":""Punkt: M. Jakimowicz""},{""type"":""rally"",""score"":""0 : 1"",""speed"":""63.1 km/h"",""res"":""Punkt: D. Métairie""}]},{""rallies"":[{""type"":""end"",""score"":""25 : 19"",""txt"":""Koniec seta 3 : 0""},{""type"":""end"",""score"":""25 : 19"",""txt"":""Koniec seta 3 : 0""},{""type"":""rally"",""score"":""25 : 19"",""speed"":""52.1 km/h"",""res"":""Punkt: S. Hądzlik""},{""type"":""rally"",""score"":""24 : 19"",""speed"":""46.4 km/h"",""res"":""Błąd: S. Gębuś""},{""type"":""rally"",""score"":""23 : 19"",""speed"":""55.1 km/h"",""res"":""Punkt: S. Burçak""},{""type"":""rally"",""score"":""22 : 19"",""speed"":""60.6 km/h"",""res"":""Błąd: S. Gębuś""},{""type"":""rally"",""score"":""21 : 19"",""speed"":""59.8 km/h"",""res"":""Błąd: M. Jakimowicz""},{""type"":""rally"",""score"":""21 : 18"",""speed"":""62.5 km/h"",""res"":""Błąd: S. Hądzlik""},{""type"":""rally"",""score"":""21 : 17"",""speed"":""50.4 km/h"",""res"":""Punkt: M. Jakimowicz""},{""type"":""rally"",""score"":""20 : 17"",""speed"":""51.9 km/h"",""res"":""Punkt: M. Barchański""},{""type"":""rally"",""score"":""20 : 16"",""speed"":""-"",""res"":""Błąd: P. Karasiewicz""},{""type"":""rally"",""score"":""19 : 16"",""speed"":""48.1 km/h"",""res"":""Punkt: P. Karasiewicz""},{""type"":""rally"",""score"":""19 : 15"",""speed"":""57.1 km/h"",""res"":""Punkt: M. Jakimowicz""},{""type"":""rally"",""score"":""18 : 15"",""speed"":""57.9 km/h"",""res"":""Błąd: M. Jakimowicz""},{""type"":""rally"",""score"":""18 : 14"",""speed"":""48.5 km/h"",""res"":""Punkt: S. Burçak""},{""type"":""rally"",""score"":""17 : 14"",""speed"":""47.0 km/h"",""res"":""Błąd: S. Gębuś""},{""type"":""tmo"",""score"":""16 : 14"",""txt"":""Czas dla: ""},{""type"":""rally"",""score"":""16 : 14"",""speed"":""54.7 km/h"",""res"":""Punkt: S. Morère""},{""type"":""rally"",""score"":""15 : 14"",""speed"":""62.9 km/h"",""res"":""Punkt: S. Burçak""},{""type"":""tmo"",""score"":""14 : 14"",""txt"":""Czas dla: Wierzeje""},{""type"":""rally"",""score"":""14 : 14"",""speed"":""43.7 km/h"",""res"":""Błąd: S. Gębuś""},{""type"":""rally"",""score"":""13 : 14"",""speed"":""51.1 km/h"",""res"":""Punkt: M. Jakimowicz""},{""type"":""rally"",""score"":""12 : 14"",""speed"":""48.7 km/h"",""res"":""Punkt: S. Burçak""},{""type"":""rally"",""score"":""11 : 14"",""speed"":""74.5 km/h"",""res"":""Punkt: S. Burçak""},{""type"":""rally"",""score"":""10 : 14"",""speed"":""71.4 km/h"",""res"":""Punkt: S. Gębuś""},{""type"":""tmo"",""score"":""10 : 13"",""txt"":""Czas dla: DragonGAYS Polska ""},{""type"":""rally"",""score"":""10 : 13"",""speed"":""60.9 km/h"",""res"":""Błąd: S. Hądzlik""},{""type"":""rally"",""score"":""10 : 12"",""speed"":""59.5 km/h"",""res"":""Punkt: S. Gębuś""},{""type"":""rally"",""score"":""10 : 11"",""speed"":""60.8 km/h"",""res"":""Punkt: M. Jakimowicz""},{""type"":""rally"",""score"":""9 : 11"",""speed"":""64.5 km/h"",""res"":""Punkt: S. Gębuś""},{""type"":""rally"",""score"":""9 : 10"",""speed"":""49.2 km/h"",""res"":""Punkt: S. Gębuś""},{""type"":""rally"",""score"":""9 : 9"",""speed"":""47.3 km/h"",""res"":""Punkt: M. Jakimowicz""},{""type"":""rally"",""score"":""8 : 9"",""speed"":""80.2 km/h"",""res"":""Punkt: M. Jakimowicz""},{""type"":""rally"",""score"":""7 : 9"",""speed"":""75.1 km/h"",""res"":""Punkt: M. Barchański""},{""type"":""tmo"",""score"":""7 : 8"",""txt"":""Czas dla: ""},{""type"":""rally"",""score"":""7 : 8"",""speed"":""58.0 km/h"",""res"":""Punkt: M. Barchański""},{""type"":""rally"",""score"":""7 : 7"",""speed"":""54.8 km/h"",""res"":""Punkt: M. Jakimowicz""},{""type"":""rally"",""score"":""6 : 7"",""speed"":""48.9 km/h"",""res"":""Punkt: M. Barchański""},{""type"":""rally"",""score"":""6 : 6"",""speed"":""52.6 km/h"",""res"":""Punkt: M. Barchański""},{""type"":""rally"",""score"":""6 : 5"",""speed"":""59.0 km/h"",""res"":""Błąd: M. Barchański""},{""type"":""rally"",""score"":""5 : 5"",""speed"":""42.0 km/h"",""res"":""Punkt: S. Morère""},{""type"":""rally"",""score"":""4 : 5"",""speed"":""45.7 km/h"",""res"":""Punkt: M. Barchański""},{""type"":""rally"",""score"":""4 : 4"",""speed"":""49.5 km/h"",""res"":""Punkt: S. Hądzlik""},{""type"":""rally"",""score"":""3 : 4"",""speed"":""50.3 km/h"",""res"":""Błąd: M. Jakimowicz""},{""type"":""rally"",""score"":""3 : 3"",""speed"":""56.6 km/h"",""res"":""Punkt: S. Gębuś""},{""type"":""rally"",""score"":""3 : 2"",""speed"":""42.6 km/h"",""res"":""Punkt: M. Jakimowicz""},{""type"":""rally"",""score"":""2 : 2"",""speed"":""44.8 km/h"",""res"":""Punkt: S. Burçak""},{""type"":""rally"",""score"":""1 : 2"",""speed"":""69.9 km/h"",""res"":""Punkt: M. Danilović""},{""type"":""rally"",""score"":""1 : 1"",""speed"":""61.6 km/h"",""res"":""Punkt: S. Gębuś""},{""type"":""rally"",""score"":""1 : 0"",""speed"":""50.8 km/h"",""res"":""Punkt: M. Jakimowicz""}]}]}","2","3","0","0","3","3","14","46","0","0","8","1","0","6","62.6","52.5","0","0","0","0","0","0","0","0","0","0","0","0","0","0","0","0","0","0","0","0","0","0","0","0","0","0","0","0","0","0","41","4","3","5","35","88","0","0","0","0","0","10","4","2","1","2","1","5","1","1","1","2","0","3","38","22","28","0","0","bulk-1.27-teamid-from-league-list","0","0","0"
"3.3","DragonGAYS Polska vs Wierzeje 3:0","1126266","2026-07-02 17:00","Dytto","DragonGAYS Polska","130705","Hądzlik, Szymon","2004139","5","0","22","1","1","62.9","7","1","1","14","0","14","7","3","7","3","43","21","3","86","10","48","3","26","51","0","0","0","0","0","0","0","20.3","","1","2","0","2","2","3","26","51","2","0","14","1","0","12","62.9","51.4","0","0","0","0","0","0","0","0","0","0","0","0","0","1","0","0","4","5","0","0","0","0","0","0","1","0","0","0","1","2","0","0","0","0","0","0","2","10","5","1","18","3","1","0","0","1","1","3","2","0","1","0","0","3","20","14","23","0","0","bulk-1.27-teamid-from-league-list","0","0","0"
"3.3","DragonGAYS Polska vs Wierzeje 3:0","1126266","2026-07-02 17:00","Dytto","DragonGAYS Polska","130705","Burçak, Sertaç","1904459","23","19","11","1","0","55.6","22","3","10","45","32","6","2","0","4","2","33","0","0","0","0","0","13","53","73","1","0","3","2","1","0","0","60.7","","0","1","2","3","0","0","53","73","8","0","31","5","1","22","55.6","49.4","1","0","0","0","5","6","2","0","2","0","1","5","0","0","0","0","0","0","7","1","0","0","3","11","0","0","0","0","0","0","1","0","1","0","1","3","0","0","0","0","0","0","0","0","0","0","0","2","1","1","0","0","0","3","12","16","14","0","0","bulk-1.27-teamid-from-league-list","0","0","0"
"3.3","DragonGAYS Polska vs Wierzeje 3:0","1126266","2026-07-02 17:00","Dytto","DragonGAYS Polska","130705","Jakimowicz, Mateusz","1864396","31","26","8","1","0","65.9","43","4","25","58","49","16","9","4","7","4","50","0","0","0","0","0","6","44","67","0","0","0","0","0","0","0","75.6","","1","3","1","1","2","3","44","67","5","1","26","1","0","18","65.9","53","3","0","0","0","4","7","4","1","0","3","1","9","10","1","1","1","8","21","0","0","0","0","0","0","4","1","0","0","1","6","0","0","0","0","0","0","0","0","0","0","0","4","2","0","0","2","0","4","2","0","0","2","0","3","24","13","23","0","0","bulk-1.27-teamid-from-league-list","0","0","0"
"3.3","DragonGAYS Polska vs Wierzeje 3:0","1126266","2026-07-02 17:00","Dytto","DragonGAYS Polska","130705","Morère, Steven","1744631","9","8","8","0","0","62.5","15","0","6","40","40","19","12","3","7","3","32","13","1","92","5","38","3","37","62","0","0","0","0","0","0","0","37.4","","1","4","0","1","2","2","37","62","2","0","22","1","1","15","62.5","54.8","1","0","0","0","3","4","1","0","0","0","1","2","2","0","0","0","4","6","0","0","0","0","0","0","2","0","0","0","1","3","0","0","0","0","0","0","4","5","2","1","12","3","1","1","0","1","0","3","3","0","0","0","0","3","20","6","22","0","0","bulk-1.27-teamid-from-league-list","0","0","0"
"3.3","DragonGAYS Polska vs Wierzeje 3:0","1126266","2026-07-02 17:00","Dytto","DragonGAYS Polska","130705","Alkanalp, Fahir","1976201","14","11","14","0","1","56.9","16","3","9","56","38","6","2","1","4","3","67","0","0","0","0","0","4","30","40","0","0","0","0","0","0","0","38.1","","2","2","0","1","1","1","30","40","2","2","20","2","0","10","56.9","50.6","2","0","0","0","3","5","1","1","2","1","0","5","0","0","0","0","0","0","5","0","0","0","1","6","0","0","0","0","0","0","0","0","0","0","0","0","0","0","0","0","0","1","1","0","0","0","0","3","1","0","0","0","2","3","15","10","6","0","0","bulk-1.27-teamid-from-league-list","0","0","0"
"3.3","DragonGAYS Polska vs Wierzeje 3:0","1126266","2026-07-02 17:00","Dytto","DragonGAYS Polska","130705","Kütt, Martin","1929606","0","-1","0","0","0","0","0","0","0","0","0","16","8","4","8","8","75","21","1","95","9","43","0","0","0","4","1","12","3","5","2","2","16","","6","6","1","1","1","1","0","0","0","0","0","0","0","0","0","0","0","0","0","0","0","0","0","0","0","0","0","0","0","0","0","0","0","0","0","0","0","0","0","0","0","0","0","0","0","0","4","1","1","1","5","12","6","10","3","1","20","4","0","0","2","2","0","8","3","1","1","2","1","3","18","11","13","0","0","bulk-1.27-teamid-from-league-list","0","0","0"
"3.3","DragonGAYS Polska vs Wierzeje 3:0","1126266","2026-07-02 17:00","Dytto","Wierzeje","141108","Métairie, Damien","1865782","1","0","10","1","1","77.9","1","0","0","0","0","21","12","4","9","5","43","0","0","0","0","0","0","16","43","33","27","104","11","34","34","25","7.2","","4","5","1","4","0","0","16","43","0","1","15","0","0","1","77.9","63","0","0","0","0","1","1","0","0","0","0","0","0","0","0","0","0","0","0","0","0","0","0","0","0","0","0","0","0","0","0","33","27","3","7","34","104","0","0","0","0","0","4","0","2","0","1","1","5","1","3","0","0","1","3","40","27","32","0","0","bulk-1.27-teamid-from-league-list","0","0","0"
"3.3","DragonGAYS Polska vs Wierzeje 3:0","1126266","2026-07-02 17:00","Dytto","Wierzeje","141108","Danilović, Milan","1767929","5","-2","10","0","0","74.5","13","5","3","23","-15","19","13","7","6","1","42","27","2","93","10","37","2","20","52","0","0","0","0","0","0","0","17.5","","1","1","0","5","0","0","20","52","2","0","17","0","0","3","74.5","61.9","0","1","0","0","3","4","0","0","2","1","0","3","0","0","0","0","1","1","0","0","0","0","0","0","2","0","2","0","1","5","0","0","0","0","0","0","5","7","8","5","25","7","0","2","0","2","3","1","0","0","0","1","0","3","22","14","17","0","0","bulk-1.27-teamid-from-league-list","0","0","0"
"3.3","DragonGAYS Polska vs Wierzeje 3:0","1126266","2026-07-02 17:00","Dytto","Wierzeje","141108","Gębuś, Sebastian","1725044","18","-3","8","0","0","76.2","58","21","15","26","-10","6","3","1","3","0","17","0","0","0","0","0","3","40","70","0","1","1","0","0","0","1","6.3","","0","0","0","2","0","1","40","70","3","1","35","0","1","5","76.2","60.5","4","4","2","2","6","18","2","0","10","2","0","14","0","0","0","0","0","0","5","0","5","0","16","26","0","0","0","0","0","0","0","1","0","0","0","1","0","0","0","0","0","1","1","0","0","0","0","0","0","0","0","0","0","3","17","15","25","0","0","bulk-1.27-teamid-from-league-list","0","0","0"
"3.3","DragonGAYS Polska vs Wierzeje 3:0","1126266","2026-07-02 17:00","Dytto","Wierzeje","141108","Karasiewicz, Paweł","2112119","3","-1","6","1","0","46.3","7","3","3","43","0","17","7","0","10","5","29","0","0","0","0","0","0","8","60","0","0","0","0","0","0","0","2.5","","5","8","0","2","0","0","8","60","0","0","8","0","0","0","46.3","43.7","1","0","0","0","0","1","0","0","2","0","0","2","1","0","0","0","1","2","0","0","0","0","0","0","1","1","0","0","0","2","0","0","0","0","0","0","0","0","0","0","0","0","0","0","0","0","0","5","3","1","1","0","0","3","13","5","6","0","0","bulk-1.27-teamid-from-league-list","0","0","0"
"3.3","DragonGAYS Polska vs Wierzeje 3:0","1126266","2026-07-02 17:00","Dytto","Wierzeje","141108","Gerhold, Viktor","1928207","6","3","8","0","1","82.5","9","2","5","56","33","19","13","4","6","3","37","23","1","96","4","17","0","14","51","0","0","0","0","0","0","0","22.8","","3","5","0","1","0","0","14","51","0","2","13","0","0","1","82.5","63.5","2","0","0","0","2","4","0","0","2","0","0","2","2","0","0","0","0","2","0","0","0","0","0","0","1","0","0","0","0","1","0","0","0","0","0","0","3","9","5","5","22","4","1","2","1","0","0","3","0","0","1","2","0","3","18","15","18","0","0","bulk-1.27-teamid-from-league-list","0","0","0"
"3.3","DragonGAYS Polska vs Wierzeje 3:0","1126266","2026-07-02 17:00","Dytto","Wierzeje","141108","Barchański, Michał","1725141","16","10","15","0","3","92.2","26","6","13","50","27","1","0","0","1","0","0","0","0","0","0","0","0","15","33","0","0","0","0","0","0","0","31.4","","0","0","0","1","0","0","15","33","0","0","13","0","0","2","92.2","71.1","1","0","1","0","1","3","0","0","4","0","0","4","0","0","0","0","0","0","12","1","0","0","6","19","0","0","0","0","0","0","0","0","0","0","0","0","0","0","0","0","0","0","0","0","0","0","0","0","0","0","0","0","0","3","20","8","12","0","0","bulk-1.27-teamid-from-league-list","0","0","0"
"3.3","DragonGAYS Polska vs Wierzeje 3:0","1126266","2026-07-02 17:00","Dytto","Wierzeje","141108","Amaral, Cláudio","1976289","0","0","0","0","0","0","0","0","0","0","0","27","17","10","10","4","52","23","0","100","8","35","0","0","0","1","2","8","0","0","0","8","22","","2","3","2","7","0","0","0","0","0","0","0","0","0","0","0","0","0","0","0","0","0","0","0","0","0","0","0","0","0","0","0","0","0","0","0","0","0","0","0","0","0","0","0","0","0","0","1","2","2","0","3","8","4","7","7","5","23","10","6","2","0","0","2","4","0","1","0","3","0","3","15","13","17","0","0","bulk-1.27-teamid-from-league-list","0","0","0"
"3.3","RG Olsztyn vs Kotwica Kołobrzeg 3:1","1126267","2026-07-02 17:00","RG Arena","RG Olsztyn","128652","Herbolzheim, Jörg-Arne","2002937","0","0","10","0","0","74.3","0","0","0","0","0","13","8","4","5","4","62","0","0","0","0","0","0","9","34","23","10","68","13","24","19","12","4.8","{""sets"":[{""h"":25,""a"":21},{""h"":15,""a"":25},{""h"":25,""a"":23},{""h"":25,""a"":22}],""parsedSets"":[{""rallies"":[{""type"":""end"",""score"":""25 : 21"",""txt"":""Koniec seta 1 : 0""},{""type"":""end"",""score"":""25 : 21"",""txt"":""Koniec seta 1 : 0""},{""type"":""rally"",""score"":""25 : 21"",""speed"":""54.4 km/h"",""res"":""Punkt: M. Schechtinger""},{""type"":""rally"",""score"":""24 : 21"",""speed"":""51.5 km/h"",""res"":""Punkt: J. Leone""},{""type"":""rally"",""score"":""23 : 21"",""speed"":""88.3 km/h"",""res"":""Punkt: J. Lachèvre""},{""type"":""rally"",""score"":""23 : 20"",""speed"":""70.1 km/h"",""res"":""Punkt: J. Caldwell""},{""type"":""rally"",""score"":""22 : 20"",""speed"":""67.9 km/h"",""res"":""Punkt: M. Schechtinger""},{""type"":""rally"",""score"":""21 : 20"",""speed"":""49.0 km/h"",""res"":""Błąd: M. Schechtinger""},{""type"":""rally"",""score"":""21 : 19"",""speed"":""71.9 km/h"",""res"":""Punkt: I. Iliev""},{""type"":""rally"",""score"":""21 : 18"",""speed"":""47.4 km/h"",""res"":""Punkt: A. Nılsu""},{""type"":""rally"",""score"":""20 : 18"",""speed"":""86.1 km/h"",""res"":""Punkt: G. Graves""},{""type"":""rally"",""score"":""20 : 17"",""speed"":""48.7 km/h"",""res"":""Punkt: M. Schechtinger""},{""type"":""rally"",""score"":""19 : 17"",""speed"":""48.3 km/h"",""res"":""Błąd: A. Nılsu""},{""type"":""rally"",""score"":""19 : 16"",""speed"":""57.7 km/h"",""res"":""Punkt: G. Graves""},{""type"":""rally"",""score"":""19 : 15"",""speed"":""59.3 km/h"",""res"":""Punkt: F. Rodrigues""},{""type"":""rally"",""score"":""18 : 15"",""speed"":""94.6 km/h"",""res"":""Punkt: F. Rodrigues""},{""type"":""rally"",""score"":""17 : 15"",""speed"":""53.3 km/h"",""res"":""Punkt: A. Nılsu""},{""type"":""rally"",""score"":""16 : 15"",""speed"":""60.4 km/h"",""res"":""Punkt: G. Graves""},{""type"":""tmo"",""score"":""16 : 14"",""txt"":""Czas dla: ""},{""type"":""rally"",""score"":""16 : 14"",""speed"":""67.9 km/h"",""res"":""Punkt: F. Rodrigues""},{""type"":""tmo"",""score"":""15 : 14"",""txt"":""Czas dla: RG Olsztyn""},{""type"":""rally"",""score"":""15 : 14"",""speed"":""66.5 km/h"",""res"":""Punkt: G. Graves""},{""type"":""rally"",""score"":""15 : 13"",""speed"":""57.9 km/h"",""res"":""Punkt: G. Graves""},{""type"":""rally"",""score"":""15 : 12"",""speed"":""69.2 km/h"",""res"":""Punkt: T. Rosowski""},{""type"":""rally"",""score"":""15 : 11"",""speed"":""72.4 km/h"",""res"":""Punkt: F. Rodrigues""},{""type"":""rally"",""score"":""14 : 11"",""speed"":""68.0 km/h"",""res"":""Punkt: J. Leone""},{""type"":""rally"",""score"":""13 : 11"",""speed"":""55.3 km/h"",""res"":""Punkt: M. Schechtinger""},{""type"":""rally"",""score"":""12 : 11"",""speed"":""66.6 km/h"",""res"":""Punkt: T. Rosowski""},{""type"":""rally"",""score"":""12 : 10"",""speed"":""75.4 km/h"",""res"":""Punkt: I. Iliev""},{""type"":""tmo"",""score"":""12 : 9"",""txt"":""Czas dla: Kotwica Kołobrzeg ""},{""type"":""rally"",""score"":""12 : 9"",""speed"":""59.8 km/h"",""res"":""Punkt: J. Leone""},{""type"":""rally"",""score"":""11 : 9"",""speed"":""64.0 km/h"",""res"":""Punkt: O. Portela""},{""type"":""rally"",""score"":""10 : 9"",""speed"":""63.6 km/h"",""res"":""Punkt: J. Leone""},{""type"":""rally"",""score"":""9 : 9"",""speed"":""59.1 km/h"",""res"":""Punkt: J. Leone""},{""type"":""rally"",""score"":""8 : 9"",""speed"":""50.5 km/h"",""res"":""Punkt: M. Schechtinger""},{""type"":""rally"",""score"":""7 : 9"",""speed"":""61.1 km/h"",""res"":""Punkt: J. Lachèvre""},{""type"":""rally"",""score"":""7 : 8"",""speed"":""54.0 km/h"",""res"":""Punkt: A. Nılsu""},{""type"":""rally"",""score"":""6 : 8"",""speed"":""60.6 km/h"",""res"":""Punkt: M. Schechtinger""},{""type"":""tmo"",""score"":""5 : 8"",""txt"":""Czas dla: ""},{""type"":""rally"",""score"":""5 : 8"",""speed"":""63.7 km/h"",""res"":""Błąd: A. Nılsu""},{""type"":""rally"",""score"":""5 : 7"",""speed"":""77.8 km/h"",""res"":""Punkt: G. Reynaud""},{""type"":""rally"",""score"":""5 : 6"",""speed"":""-"",""res"":""Błąd: J. Lachèvre""},{""type"":""rally"",""score"":""4 : 6"",""speed"":""61.8 km/h"",""res"":""Punkt: G. Reynaud""},{""type"":""rally"",""score"":""4 : 5"",""speed"":""42.8 km/h"",""res"":""Punkt: F. Rodrigues""},{""type"":""rally"",""score"":""3 : 5"",""speed"":""47.1 km/h"",""res"":""Punkt: T. Rosowski""},{""type"":""rally"",""score"":""3 : 4"",""speed"":""65.5 km/h"",""res"":""Punkt: J. Lachèvre""},{""type"":""rally"",""score"":""3 : 3"",""speed"":""50.1 km/h"",""res"":""Punkt: F. Rodrigues""},{""type"":""rally"",""score"":""2 : 3"",""speed"":""95.2 km/h"",""res"":""Punkt: J. Lachèvre""},{""type"":""rally"",""score"":""2 : 2"",""speed"":""49.0 km/h"",""res"":""Punkt: M. Schechtinger""},{""type"":""tmo"",""score"":""1 : 2"",""txt"":""Czas dla: RG Olsztyn""},{""type"":""rally"",""score"":""1 : 2"",""speed"":""49.3 km/h"",""res"":""Błąd: M. Schechtinger""},{""type"":""rally"",""score"":""1 : 1"",""speed"":""66.7 km/h"",""res"":""Punkt: I. Iliev""},{""type"":""chg"",""score"":""1 : 0"",""txt"":""Zmiana: O. Portela ⇄ J. Herbolzheim""},{""type"":""chg"",""score"":""1 : 0"",""txt"":""Zmiana: J. Leone ⇄ B. Gomez""},{""type"":""chg"",""score"":""1 : 0"",""txt"":""Zmiana: F. Rodrigues ⇄ D. Reeves""},{""type"":""chg"",""score"":""1 : 0"",""txt"":""Zmiana: J. Caldwell ⇄ A. Koryczan""},{""type"":""rally"",""score"":""1 : 0"",""speed"":""57.6 km/h"",""res"":""Punkt: A. Koryczan""}]},{""rallies"":[{""type"":""end"",""score"":""15 : 25"",""txt"":""Koniec seta 1 : 1""},{""type"":""end"",""score"":""15 : 25"",""txt"":""Koniec seta 1 : 1""},{""type"":""rally"",""score"":""15 : 25"",""speed"":""66.4 km/h"",""res"":""Punkt: I. Iliev""},{""type"":""rally"",""score"":""15 : 24"",""speed"":""57.2 km/h"",""res"":""Punkt: T. Rosowski""},{""type"":""rally"",""score"":""15 : 23"",""speed"":""72.3 km/h"",""res"":""Punkt: S. Rousseau""},{""type"":""rally"",""score"":""15 : 22"",""speed"":""52.4 km/h"",""res"":""Punkt: T. Rosowski""},{""type"":""rally"",""score"":""15 : 21"",""speed"":""78.7 km/h"",""res"":""Punkt: J. Lachèvre""},{""type"":""rally"",""score"":""15 : 20"",""speed"":""57.4 km/h"",""res"":""Punkt: B. Gomez""},{""type"":""rally"",""score"":""14 : 20"",""speed"":""75.9 km/h"",""res"":""Punkt: G. Graves""},{""type"":""rally"",""score"":""14 : 19"",""speed"":""-"",""res"":""Błąd: A. Nılsu""},{""type"":""rally"",""score"":""14 : 18"",""speed"":""-"",""res"":""Błąd: J. Lachèvre""},{""type"":""rally"",""score"":""13 : 18"",""speed"":""55.5 km/h"",""res"":""Błąd: M. Schechtinger""},{""type"":""rally"",""score"":""13 : 17"",""speed"":""65.7 km/h"",""res"":""Błąd: M. Schechtinger""},{""type"":""rally"",""score"":""13 : 16"",""speed"":""93.3 km/h"",""res"":""Punkt: M. Schechtinger""},{""type"":""rally"",""score"":""12 : 16"",""speed"":""79.3 km/h"",""res"":""Punkt: M. Schechtinger""},{""type"":""rally"",""score"":""11 : 16"",""speed"":""54.9 km/h"",""res"":""Punkt: D. Reeves""},{""type"":""tmo"",""score"":""10 : 16"",""txt"":""Czas dla: ""},{""type"":""rally"",""score"":""10 : 16"",""speed"":""49.7 km/h"",""res"":""Punkt: J. Lachèvre""},{""type"":""rally"",""score"":""10 : 15"",""speed"":""70.6 km/h"",""res"":""Błąd: G. Graves""},{""type"":""rally"",""score"":""9 : 15"",""speed"":""-"",""res"":""Błąd: I. Iliev""},{""type"":""rally"",""score"":""8 : 15"",""speed"":""55.9 km/h"",""res"":""Punkt: G. Graves""},{""type"":""chg"",""score"":""8 : 14"",""txt"":""Zmiana: J. Caldwell ⇄ A. Koryczan""},{""type"":""rally"",""score"":""8 : 14"",""speed"":""48.1 km/h"",""res"":""Punkt: T. Rosowski""},{""type"":""rally"",""score"":""8 : 13"",""speed"":""74.2 km/h"",""res"":""Punkt: I. Iliev""},{""type"":""rally"",""score"":""8 : 12"",""speed"":""-"",""res"":""Błąd: G. Reynaud""},{""type"":""rally"",""score"":""7 : 12"",""speed"":""54.2 km/h"",""res"":""Punkt: T. Rosowski""},{""type"":""rally"",""score"":""7 : 11"",""speed"":""62.3 km/h"",""res"":""Punkt: G. Reynaud""},{""type"":""rally"",""score"":""7 : 10"",""speed"":""75.1 km/h"",""res"":""Punkt: M. Schechtinger""},{""type"":""rally"",""score"":""6 : 10"",""speed"":""70.8 km/h"",""res"":""Punkt: J. Lachèvre""},{""type"":""rally"",""score"":""6 : 9"",""speed"":""61.6 km/h"",""res"":""Błąd: T. Rosowski""},{""type"":""rally"",""score"":""5 : 9"",""speed"":""46.6 km/h"",""res"":""Błąd: M. Schechtinger""},{""type"":""tmo"",""score"":""5 : 8"",""txt"":""Czas dla: ""},{""type"":""rally"",""score"":""5 : 8"",""speed"":""70.4 km/h"",""res"":""Punkt: G. Reynaud""},{""type"":""rally"",""score"":""5 : 7"",""speed"":""-"",""res"":""Błąd: J. Lachèvre""},{""type"":""rally"",""score"":""4 : 7"",""speed"":""49.2 km/h"",""res"":""Punkt: G. Reynaud""},{""type"":""rally"",""score"":""4 : 6"",""speed"":""58.4 km/h"",""res"":""Punkt: G. Reynaud""},{""type"":""rally"",""score"":""4 : 5"",""speed"":""53.2 km/h"",""res"":""Punkt: A. Nılsu""},{""type"":""rally"",""score"":""3 : 5"",""speed"":""63.6 km/h"",""res"":""Punkt: J. Lachèvre""},{""type"":""rally"",""score"":""3 : 4"",""speed"":""49.6 km/h"",""res"":""Punkt: A. Koryczan""},{""type"":""rally"",""score"":""2 : 4"",""speed"":""46.0 km/h"",""res"":""Punkt: I. Iliev""},{""type"":""rally"",""score"":""2 : 3"",""speed"":""74.1 km/h"",""res"":""Punkt: D. Reeves""},{""type"":""tmo"",""score"":""1 : 3"",""txt"":""Czas dla: RG Olsztyn""},{""type"":""rally"",""score"":""1 : 3"",""speed"":""66.2 km/h"",""res"":""Punkt: G. Reynaud""},{""type"":""tmo"",""score"":""1 : 2"",""txt"":""Czas dla: RG Olsztyn""},{""type"":""rally"",""score"":""1 : 2"",""speed"":""63.4 km/h"",""res"":""Punkt: T. Rosowski""},{""type"":""rally"",""score"":""1 : 1"",""speed"":""61.9 km/h"",""res"":""Punkt: J. Lachèvre""},{""type"":""chg"",""score"":""1 : 0"",""txt"":""Zmiana: R. De Maria ⇄ J. Herbolzheim""},{""type"":""rally"",""score"":""1 : 0"",""speed"":""-"",""res"":""Błąd: S. Rousseau""}]},{""rallies"":[{""type"":""end"",""score"":""25 : 23"",""txt"":""Koniec seta 2 : 1""},{""type"":""end"",""score"":""25 : 23"",""txt"":""Koniec seta 2 : 1""},{""type"":""rally"",""score"":""25 : 23"",""speed"":""53.6 km/h"",""res"":""Punkt: M. Schechtinger""},{""type"":""rally"",""score"":""24 : 23"",""speed"":""74.6 km/h"",""res"":""Punkt: G. Reynaud""},{""type"":""rally"",""score"":""24 : 22"",""speed"":""57.4 km/h"",""res"":""Punkt: T. Rosowski""},{""type"":""rally"",""score"":""24 : 21"",""speed"":""78.2 km/h"",""res"":""Punkt: A. Nılsu""},{""type"":""rally"",""score"":""23 : 21"",""speed"":""-"",""res"":""Błąd: J. Lachèvre""},{""type"":""rally"",""score"":""22 : 21"",""speed"":""65.2 km/h"",""res"":""Punkt: T. Rosowski""},{""type"":""rally"",""score"":""22 : 20"",""speed"":""69.6 km/h"",""res"":""Punkt: G. Graves""},{""type"":""rally"",""score"":""22 : 19"",""speed"":""80.1 km/h"",""res"":""Punkt: A. Koryczan""},{""type"":""rally"",""score"":""21 : 19"",""speed"":""71.9 km/h"",""res"":""Punkt: D. Reeves""},{""type"":""rally"",""score"":""20 : 19"",""speed"":""70.2 km/h"",""res"":""Punkt: A. Nılsu""},{""type"":""rally"",""score"":""19 : 19"",""speed"":""58.2 km/h"",""res"":""Punkt: A. Nılsu""},{""type"":""rally"",""score"":""18 : 19"",""speed"":""-"",""res"":""Błąd: B. Gomez""},{""type"":""rally"",""score"":""18 : 18"",""speed"":""63.8 km/h"",""res"":""Punkt: B. Gomez""},{""type"":""rally"",""score"":""17 : 18"",""speed"":""63.8 km/h"",""res"":""Punkt: G. Reynaud""},{""type"":""rally"",""score"":""17 : 17"",""speed"":""58.9 km/h"",""res"":""Punkt: I. Iliev""},{""type"":""rally"",""score"":""17 : 16"",""speed"":""49.7 km/h"",""res"":""Punkt: M. Schechtinger""},{""type"":""rally"",""score"":""16 : 16"",""speed"":""67.7 km/h"",""res"":""Punkt: T. Rosowski""},{""type"":""rally"",""score"":""16 : 15"",""speed"":""62.7 km/h"",""res"":""Punkt: T. Rosowski""},{""type"":""rally"",""score"":""16 : 14"",""speed"":""53.9 km/h"",""res"":""Błąd: B. Gomez""},{""type"":""rally"",""score"":""16 : 13"",""speed"":""70.1 km/h"",""res"":""Punkt: G. Reynaud""},{""type"":""tmo"",""score"":""16 : 12"",""txt"":""Czas dla: ""},{""type"":""rally"",""score"":""16 : 12"",""speed"":""74.3 km/h"",""res"":""Punkt: B. Gomez""},{""type"":""rally"",""score"":""15 : 12"",""speed"":""53.4 km/h"",""res"":""Punkt: A. Koryczan""},{""type"":""rally"",""score"":""14 : 12"",""speed"":""60.2 km/h"",""res"":""Punkt: M. Schechtinger""},{""type"":""rally"",""score"":""13 : 12"",""speed"":""55.2 km/h"",""res"":""Punkt: T. Rosowski""},{""type"":""tmo"",""score"":""13 : 11"",""txt"":""Czas dla: RG Olsztyn""},{""type"":""rally"",""score"":""13 : 11"",""speed"":""57.9 km/h"",""res"":""Punkt: T. Rosowski""},{""type"":""rally"",""score"":""13 : 10"",""speed"":""52.6 km/h"",""res"":""Błąd: M. Schechtinger""},{""type"":""rally"",""score"":""13 : 9"",""speed"":""-"",""res"":""Błąd: A. Nılsu""},{""type"":""rally"",""score"":""13 : 8"",""speed"":""71.3 km/h"",""res"":""Błąd: S. Rousseau""},{""type"":""rally"",""score"":""12 : 8"",""speed"":""56.3 km/h"",""res"":""Punkt: I. Iliev""},{""type"":""rally"",""score"":""12 : 7"",""speed"":""47.9 km/h"",""res"":""Punkt: G. Graves""},{""type"":""rally"",""score"":""12 : 6"",""speed"":""64.2 km/h"",""res"":""Punkt: A. Nılsu""},{""type"":""rally"",""score"":""11 : 6"",""speed"":""75.7 km/h"",""res"":""Punkt: G. Reynaud""},{""type"":""rally"",""score"":""11 : 5"",""speed"":""75.8 km/h"",""res"":""Punkt: G. Graves""},{""type"":""rally"",""score"":""11 : 4"",""speed"":""50.4 km/h"",""res"":""Punkt: A. Nılsu""},{""type"":""rally"",""score"":""10 : 4"",""speed"":""50.2 km/h"",""res"":""Punkt: J. Lachèvre""},{""type"":""rally"",""score"":""10 : 3"",""speed"":""65.3 km/h"",""res"":""Punkt: G. Reynaud""},{""type"":""rally"",""score"":""10 : 2"",""speed"":""70.4 km/h"",""res"":""Punkt: B. Gomez""},{""type"":""tmo"",""score"":""9 : 2"",""txt"":""Czas dla: Kotwica Kołobrzeg ""},{""type"":""rally"",""score"":""9 : 2"",""speed"":""56.3 km/h"",""res"":""Punkt: A. Koryczan""},{""type"":""tmo"",""score"":""8 : 2"",""txt"":""Czas dla: ""},{""type"":""rally"",""score"":""8 : 2"",""speed"":""75.9 km/h"",""res"":""Punkt: A. Koryczan""},{""type"":""tmo"",""score"":""7 : 2"",""txt"":""Czas dla: Kotwica Kołobrzeg ""},{""type"":""rally"",""score"":""7 : 2"",""speed"":""49.9 km/h"",""res"":""Punkt: A. Koryczan""},{""type"":""rally"",""score"":""6 : 2"",""speed"":""49.4 km/h"",""res"":""Punkt: D. Reeves""},{""type"":""rally"",""score"":""5 : 2"",""speed"":""-"",""res"":""Błąd: I. Iliev""},{""type"":""rally"",""score"":""4 : 2"",""speed"":""80.0 km/h"",""res"":""Błąd: D. Reeves""},{""type"":""rally"",""score"":""4 : 1"",""speed"":""76.2 km/h"",""res"":""Punkt: B. Gomez""},{""type"":""rally"",""score"":""3 : 1"",""speed"":""60.1 km/h"",""res"":""Punkt: B. Gomez""},{""type"":""rally"",""score"":""2 : 1"",""speed"":""62.8 km/h"",""res"":""Punkt: I. Iliev""},{""type"":""rally"",""score"":""2 : 0"",""speed"":""73.5 km/h"",""res"":""Punkt: M. Schechtinger""},{""type"":""rally"",""score"":""1 : 0"",""speed"":""61.9 km/h"",""res"":""Punkt: A. Koryczan""}]},{""rallies"":[{""type"":""end"",""score"":""25 : 22"",""txt"":""Koniec seta 3 : 1""},{""type"":""end"",""score"":""25 : 22"",""txt"":""Koniec seta 3 : 1""},{""type"":""rally"",""score"":""25 : 22"",""speed"":""71.2 km/h"",""res"":""Punkt: A. Koryczan""},{""type"":""chg"",""score"":""24 : 22"",""txt"":""Zmiana: A. Koryczan ⇄ J. Caldwell""},{""type"":""rally"",""score"":""24 : 22"",""speed"":""54.2 km/h"",""res"":""Punkt: T. Rosowski""},{""type"":""rally"",""score"":""24 : 21"",""speed"":""70.6 km/h"",""res"":""Punkt: T. Rosowski""},{""type"":""rally"",""score"":""24 : 20"",""speed"":""56.5 km/h"",""res"":""Punkt: J. Caldwell""},{""type"":""rally"",""score"":""23 : 20"",""speed"":""48.7 km/h"",""res"":""Punkt: B. Gomez""},{""type"":""rally"",""score"":""22 : 20"",""speed"":""56.2 km/h"",""res"":""Punkt: I. Iliev""},{""type"":""rally"",""score"":""22 : 19"",""speed"":""62.2 km/h"",""res"":""Punkt: B. Gomez""},{""type"":""rally"",""score"":""21 : 19"",""speed"":""67.7 km/h"",""res"":""Punkt: J. Caldwell""},{""type"":""rally"",""score"":""20 : 19"",""speed"":""60.2 km/h"",""res"":""Punkt: M. Schechtinger""},{""type"":""rally"",""score"":""19 : 19"",""speed"":""59.3 km/h"",""res"":""Punkt: G. Reynaud""},{""type"":""rally"",""score"":""19 : 18"",""speed"":""63.8 km/h"",""res"":""Punkt: M. Schechtinger""},{""type"":""rally"",""score"":""18 : 18"",""speed"":""-"",""res"":""Błąd: A. Nılsu""},{""type"":""rally"",""score"":""18 : 17"",""speed"":""65.5 km/h"",""res"":""Punkt: M. Schechtinger""},{""type"":""rally"",""score"":""17 : 17"",""speed"":""55.7 km/h"",""res"":""Błąd: D. Reeves""},{""type"":""rally"",""score"":""17 : 16"",""speed"":""59.5 km/h"",""res"":""Punkt: G. Graves""},{""type"":""rally"",""score"":""17 : 15"",""speed"":""70.3 km/h"",""res"":""Punkt: G. Reynaud""},{""type"":""rally"",""score"":""17 : 14"",""speed"":""65.2 km/h"",""res"":""Punkt: G. Reynaud""},{""type"":""rally"",""score"":""17 : 13"",""speed"":""-"",""res"":""Błąd: D. Reeves""},{""type"":""tmo"",""score"":""17 : 12"",""txt"":""Czas dla: Kotwica Kołobrzeg ""},{""type"":""rally"",""score"":""17 : 12"",""speed"":""79.7 km/h"",""res"":""Punkt: D. Reeves""},{""type"":""tmo"",""score"":""16 : 12"",""txt"":""Czas dla: ""},{""type"":""rally"",""score"":""16 : 12"",""speed"":""66.2 km/h"",""res"":""Punkt: A. Nılsu""},{""type"":""rally"",""score"":""15 : 12"",""speed"":""53.2 km/h"",""res"":""Błąd: J. Lachèvre""},{""type"":""rally"",""score"":""14 : 12"",""speed"":""55.5 km/h"",""res"":""Punkt: A. Nılsu""},{""type"":""rally"",""score"":""13 : 12"",""speed"":""62.6 km/h"",""res"":""Punkt: G. Graves""},{""type"":""rally"",""score"":""13 : 11"",""speed"":""58.4 km/h"",""res"":""Błąd: G. Graves""},{""type"":""rally"",""score"":""12 : 11"",""speed"":""59.8 km/h"",""res"":""Punkt: G. Reynaud""},{""type"":""rally"",""score"":""12 : 10"",""speed"":""67.6 km/h"",""res"":""Punkt: J. Caldwell""},{""type"":""rally"",""score"":""11 : 10"",""speed"":""75.7 km/h"",""res"":""Punkt: G. Reynaud""},{""type"":""rally"",""score"":""11 : 9"",""speed"":""-"",""res"":""Błąd: S. Rousseau""},{""type"":""chg"",""score"":""10 : 9"",""txt"":""Zmiana: J. Caldwell ⇄ A. Koryczan""},{""type"":""rally"",""score"":""10 : 9"",""speed"":""51.6 km/h"",""res"":""Punkt: I. Iliev""},{""type"":""rally"",""score"":""10 : 8"",""speed"":""52.8 km/h"",""res"":""Punkt: B. Gomez""},{""type"":""rally"",""score"":""9 : 8"",""speed"":""67.9 km/h"",""res"":""Punkt: B. Gomez""},{""type"":""tmo"",""score"":""8 : 8"",""txt"":""Czas dla: RG Olsztyn""},{""type"":""rally"",""score"":""8 : 8"",""speed"":""49.4 km/h"",""res"":""Punkt: I. Iliev""},{""type"":""rally"",""score"":""8 : 7"",""speed"":""68.1 km/h"",""res"":""Punkt: T. Rosowski""},{""type"":""rally"",""score"":""8 : 6"",""speed"":""56.0 km/h"",""res"":""Punkt: J. Lachèvre""},{""type"":""tmo"",""score"":""8 : 5"",""txt"":""Czas dla: ""},{""type"":""rally"",""score"":""8 : 5"",""speed"":""55.0 km/h"",""res"":""Punkt: A. Nılsu""},{""type"":""rally"",""score"":""7 : 5"",""speed"":""45.9 km/h"",""res"":""Punkt: M. Schechtinger""},{""type"":""rally"",""score"":""6 : 5"",""speed"":""61.2 km/h"",""res"":""Punkt: J. Lachèvre""},{""type"":""rally"",""score"":""6 : 4"",""speed"":""90.0 km/h"",""res"":""Punkt: A. Nılsu""},{""type"":""rally"",""score"":""5 : 4"",""speed"":""-"",""res"":""Błąd: T. Rosowski""},{""type"":""rally"",""score"":""4 : 4"",""speed"":""47.6 km/h"",""res"":""Punkt: J. Lachèvre""},{""type"":""rally"",""score"":""4 : 3"",""speed"":""62.5 km/h"",""res"":""Błąd: M. Schechtinger""},{""type"":""rally"",""score"":""4 : 2"",""speed"":""69.2 km/h"",""res"":""Punkt: A. Nılsu""},{""type"":""rally"",""score"":""3 : 2"",""speed"":""61.1 km/h"",""res"":""Punkt: G. Reynaud""},{""type"":""rally"",""score"":""3 : 1"",""speed"":""45.6 km/h"",""res"":""Punkt: B. Gomez""},{""type"":""rally"",""score"":""2 : 1"",""speed"":""56.3 km/h"",""res"":""Punkt: J. Lachèvre""},{""type"":""rally"",""score"":""2 : 0"",""speed"":""68.9 km/h"",""res"":""Punkt: B. Gomez""},{""type"":""rally"",""score"":""1 : 0"",""speed"":""-"",""res"":""Błąd: S. Rousseau""}]}]}","3","3","0","1","1","1","9","34","0","0","3","0","0","6","74.3","61.7","0","0","0","0","0","0","0","0","0","0","0","0","0","0","0","0","0","0","0","0","0","0","0","0","0","0","0","0","0","0","23","10","2","4","29","68","0","0","0","0","0","4","3","0","0","1","0","4","3","0","0","0","1","3","1","0","37","30","0","bulk-1.27-teamid-from-league-list","0","0","0"
"3.3","RG Olsztyn vs Kotwica Kołobrzeg 3:1","1126267","2026-07-02 17:00","RG Arena","RG Olsztyn","128652","Schechtinger, Matthäus","1949706","21","11","16","0","1","95.2","45","8","16","36","18","21","12","6","9","5","52","22","2","91","7","32","4","31","72","0","0","0","0","0","0","0","52.2","","1","2","0","2","4","5","31","72","2","1","20","2","0","11","95.2","67.8","6","2","2","0","10","20","0","1","0","1","0","2","8","3","0","0","9","20","0","0","0","0","0","0","1","0","0","0","2","3","0","0","0","0","0","0","5","6","7","2","20","6","3","0","1","1","1","5","1","0","1","3","0","4","21","18","18","20","0","bulk-1.27-teamid-from-league-list","0","0","0"
"3.3","RG Olsztyn vs Kotwica Kołobrzeg 3:1","1126267","2026-07-02 17:00","RG Arena","RG Olsztyn","128652","Gomez, Brooks","1709571","13","10","13","1","1","75.9","13","2","6","46","31","7","2","1","5","1","29","0","0","0","0","0","6","29","42","3","0","5","0","0","4","1","36.4","","0","1","0","3","1","1","29","42","5","1","20","1","0","9","75.9","61.3","1","0","0","0","2","3","0","0","0","0","0","0","0","0","0","0","0","0","5","1","1","0","3","10","0","0","0","0","0","0","3","0","0","0","2","5","0","0","0","0","0","1","1","0","0","0","0","1","0","1","0","0","0","3","0","4","16","12","0","bulk-1.27-teamid-from-league-list","0","0","0"
"3.3","RG Olsztyn vs Kotwica Kołobrzeg 3:1","1126267","2026-07-02 17:00","RG Arena","RG Olsztyn","128652","Koryczan, Adrian","1767121","10","7","7","0","0","80.1","17","3","7","41","24","21","17","7","4","0","33","0","0","0","0","0","3","21","44","0","0","0","0","0","0","0","28.9","","0","1","0","3","0","0","21","44","2","0","10","1","0","11","80.1","70.5","3","0","1","0","1","5","0","0","0","0","0","0","3","0","2","0","6","11","0","0","0","0","0","0","1","0","0","0","0","1","0","0","0","0","0","0","0","0","0","0","0","7","2","1","0","3","1","0","0","0","0","0","0","4","1","7","19","9","0","bulk-1.27-teamid-from-league-list","0","0","0"
"3.3","RG Olsztyn vs Kotwica Kołobrzeg 3:1","1126267","2026-07-02 17:00","RG Arena","RG Olsztyn","128652","Reeves, Dale","1974843","6","-3","13","1","1","93.3","19","7","4","21","-16","16","11","6","5","2","50","38","1","97","13","34","1","25","55","0","0","0","0","0","0","0","22.9","","2","3","0","2","0","0","25","55","0","0","11","1","1","14","93.3","69.2","2","1","2","0","3","8","0","0","1","0","0","1","2","1","1","0","5","9","0","0","0","0","0","0","0","0","1","0","0","1","0","0","0","0","0","0","3","14","11","9","37","6","1","1","0","4","0","2","0","1","1","0","0","3","0","19","22","28","0","bulk-1.27-teamid-from-league-list","0","0","0"
"3.3","RG Olsztyn vs Kotwica Kołobrzeg 3:1","1126267","2026-07-02 17:00","RG Arena","RG Olsztyn","128652","Nılsu, Alpar","1709795","15","8","9","3","2","71.9","22","4","9","41","23","3","2","1","1","0","33","0","0","0","0","0","4","52","78","0","0","0","0","0","0","0","32.4","","0","0","0","1","0","0","52","78","4","2","27","0","0","25","71.9","61.4","0","0","0","0","2","2","0","0","1","0","1","2","0","0","0","0","0","0","8","2","1","1","6","18","0","0","0","0","0","0","0","0","0","0","0","0","0","0","0","0","0","1","0","0","0","0","1","0","0","0","0","0","0","4","9","5","8","10","0","bulk-1.27-teamid-from-league-list","0","0","0"
"3.3","RG Olsztyn vs Kotwica Kołobrzeg 3:1","1126267","2026-07-02 17:00","RG Arena","RG Olsztyn","128652","Rosołowski, Dawid","1904656","0","0","0","0","0","0","0","0","0","0","0","30","21","11","9","6","57","12","0","100","2","17","0","0","0","4","1","6","1","1","1","3","16.8","","6","7","0","2","0","0","0","0","0","0","0","0","0","0","0","0","0","0","0","0","0","0","0","0","0","0","0","0","0","0","0","0","0","0","0","0","0","0","0","0","0","0","0","0","0","0","4","1","0","0","1","6","4","7","1","0","12","11","3","2","0","4","2","6","3","0","1","2","0","4","14","8","8","7","0","bulk-1.27-teamid-from-league-list","0","0","0"
"3.3","RG Olsztyn vs Kotwica Kołobrzeg 3:1","1126267","2026-07-02 17:00","RG Arena","RG Olsztyn","128652","Leone, Jacques","1709572","6","6","2","0","0","65.5","9","0","3","33","33","3","1","0","2","0","0","0","0","0","0","0","3","16","23","0","0","0","0","0","0","0","15","","0","0","0","2","0","0","16","23","3","0","7","0","0","9","65.5","63","1","0","0","0","1","2","0","0","0","1","0","1","0","0","0","0","0","0","1","0","0","0","5","6","0","0","0","0","0","0","0","0","0","0","0","0","0","0","0","0","0","0","0","0","0","0","0","0","0","0","0","0","0","1","11","0","0","0","0","bulk-1.27-teamid-from-league-list","0","0","0"
"3.3","RG Olsztyn vs Kotwica Kołobrzeg 3:1","1126267","2026-07-02 17:00","RG Arena","RG Olsztyn","128652","Rodrigues, Fred","1974844","6","3","2","0","0","86.1","10","3","5","50","20","7","5","3","2","2","71","9","0","100","6","67","1","7","16","0","0","0","0","0","0","0","17.7","","2","2","0","0","0","0","7","16","1","0","4","0","0","3","86.1","81.9","2","0","1","0","0","3","0","0","1","0","0","1","3","0","1","0","2","6","0","0","0","0","0","0","0","0","0","0","0","0","0","0","0","0","0","0","0","5","2","2","9","3","1","0","0","2","0","2","0","1","1","0","0","1","23","0","0","0","0","bulk-1.27-teamid-from-league-list","0","0","0"
"3.3","RG Olsztyn vs Kotwica Kołobrzeg 3:1","1126267","2026-07-02 17:00","RG Arena","RG Olsztyn","128652","Caldwell, Jeffry","1974842","5","0","7","0","0","94.6","11","5","4","36","-9","9","5","4","4","3","78","0","0","0","0","0","1","16","37","0","0","0","0","0","0","0","6.1","","2","2","1","2","0","0","16","37","1","0","11","0","0","5","94.6","65.2","2","0","1","0","2","5","0","0","4","0","0","4","1","0","0","1","0","2","0","0","0","0","0","0","0","0","0","0","0","0","0","0","0","0","0","0","0","0","0","0","0","4","1","2","1","0","0","3","1","1","0","0","1","3","8","6","0","7","0","bulk-1.27-teamid-from-league-list","0","0","0"
"3.3","RG Olsztyn vs Kotwica Kołobrzeg 3:1","1126267","2026-07-02 17:00","RG Arena","RG Olsztyn","128652","Portela, Olinto","2032423","2","2","8","0","1","88.3","0","0","0","0","0","8","3","1","5","2","38","0","0","0","0","0","1","6","14","13","5","39","6","16","15","2","7.6","","1","2","1","3","0","0","6","14","0","0","4","1","0","2","88.3","68.4","0","0","0","0","0","0","0","0","0","0","0","0","0","0","0","0","0","0","0","0","0","0","0","0","0","0","0","0","0","0","13","5","2","4","15","39","0","0","0","0","0","1","1","0","0","0","0","2","1","1","0","0","0","1","36","0","0","0","0","bulk-1.27-teamid-from-league-list","0","0","0"
"3.3","RG Olsztyn vs Kotwica Kołobrzeg 3:1","1126267","2026-07-02 17:00","RG Arena","RG Olsztyn","128652","De Maria, Riccardo","2032424","0","0","2","0","0","78.7","1","0","0","0","0","3","3","0","0","0","0","0","0","0","0","0","0","5","14","7","5","28","4","9","9","6","0","","0","0","0","0","0","0","5","14","0","0","5","0","0","0","78.7","74.8","0","0","0","0","1","1","0","0","0","0","0","0","0","0","0","0","0","0","0","0","0","0","0","0","0","0","0","0","0","0","7","5","0","3","13","28","0","0","0","0","0","0","0","0","0","0","0","0","0","0","0","0","0","1","0","24","0","0","0","bulk-1.27-teamid-from-league-list","0","0","0"
"3.3","RG Olsztyn vs Kotwica Kołobrzeg 3:1","1126267","2026-07-02 17:00","RG Arena","Kotwica Kołobrzeg","128801","Rousseau, Sébastien","1904005","1","-2","16","3","1","75.1","2","0","0","0","0","28","15","7","13","2","32","0","0","0","0","0","0","16","67","49","23","134","24","46","40","24","6.4","","1","7","0","4","1","2","16","67","0","0","14","0","0","2","75.1","59.8","0","0","0","0","2","2","0","0","0","0","0","0","0","0","0","0","0","0","0","0","0","0","0","0","0","0","0","0","0","0","49","23","5","3","54","134","0","0","0","0","0","7","3","0","0","2","2","2","0","1","0","0","1","4","32","28","35","36","0","bulk-1.27-teamid-from-league-list","0","0","0"
"3.3","RG Olsztyn vs Kotwica Kołobrzeg 3:1","1126267","2026-07-02 17:00","RG Arena","Kotwica Kołobrzeg","128801","Reynaud, Gérard","1903450","18","12","18","1","1","74.1","35","4","14","40","29","26","11","5","15","3","31","40","1","98","15","38","3","37","70","0","0","0","0","0","0","0","63.6","","2","9","0","5","1","1","37","70","3","1","33","0","1","4","74.1","58","1","0","0","0","3","4","2","0","0","0","1","3","6","0","1","0","7","14","0","0","0","0","0","0","5","0","3","0","6","14","0","0","0","0","0","0","5","15","12","7","39","5","1","2","0","2","0","3","2","1","0","0","0","4","26","18","25","23","0","bulk-1.27-teamid-from-league-list","0","0","0"
"3.3","RG Olsztyn vs Kotwica Kołobrzeg 3:1","1126267","2026-07-02 17:00","RG Arena","Kotwica Kołobrzeg","128801","Iliev, Ivan","1904138","12","3","15","2","0","71.2","21","7","8","38","5","9","5","4","4","2","67","0","0","0","0","0","4","44","73","0","1","2","0","0","1","1","20.5","","2","2","0","2","0","0","44","73","4","0","40","0","0","4","71.2","59.7","1","0","1","0","4","6","0","0","3","0","0","3","0","0","0","0","0","0","7","0","3","0","2","12","0","0","0","0","0","0","0","1","0","0","1","2","0","0","0","0","0","4","2","0","0","2","0","2","0","0","0","0","2","4","13","7","7","11","0","bulk-1.27-teamid-from-league-list","0","0","0"
"3.3","RG Olsztyn vs Kotwica Kołobrzeg 3:1","1126267","2026-07-02 17:00","RG Arena","Kotwica Kołobrzeg","128801","Rosowski, Tadeusz","1975436","20","11","11","1","0","58.2","32","8","13","41","16","22","13","5","9","6","50","0","0","0","0","0","7","42","79","0","0","0","0","0","0","0","43.6","","5","6","1","3","0","0","42","79","7","0","36","0","1","6","58.2","51.3","3","1","1","0","4","9","5","0","4","2","0","11","2","0","1","1","4","8","0","0","0","0","0","0","0","0","1","0","3","4","0","0","0","0","0","0","0","0","0","0","0","5","1","1","1","2","0","5","2","1","0","2","0","4","11","10","18","18","0","bulk-1.27-teamid-from-league-list","0","0","0"
"3.3","RG Olsztyn vs Kotwica Kołobrzeg 3:1","1126267","2026-07-02 17:00","RG Arena","Kotwica Kołobrzeg","128801","Lachèvre, Jean-Claude","1745017","15","1","17","4","0","75.7","38","5","14","37","24","15","6","5","9","4","60","38","5","87","14","37","1","27","76","0","0","0","0","0","0","0","38.7","","4","5","0","4","0","0","27","76","1","0","23","0","0","4","75.7","59.1","1","0","0","0","3","4","0","0","1","0","0","1","6","1","2","0","7","16","0","0","0","0","0","0","6","0","1","1","9","17","0","0","0","0","0","0","6","13","10","4","33","5","0","2","0","3","0","4","3","0","0","1","0","4","23","19","22","21","0","bulk-1.27-teamid-from-league-list","0","0","0"
"3.3","RG Olsztyn vs Kotwica Kołobrzeg 3:1","1126267","2026-07-02 17:00","RG Arena","Kotwica Kołobrzeg","128801","Graves, Gérard","1905584","15","12","15","0","1","74.6","17","3","8","47","29","6","2","1","4","3","67","0","0","0","0","0","6","52","73","0","0","0","0","0","0","0","40.3","","2","2","1","1","0","1","52","73","4","1","43","2","0","9","75.9","61.2","0","0","1","0","1","2","0","0","1","0","0","1","0","0","0","0","0","0","7","1","0","1","5","14","0","0","0","0","0","0","0","0","0","0","0","0","0","0","0","0","0","1","0","0","0","1","0","3","1","0","0","2","0","4","8","8","10","10","0","bulk-1.27-teamid-from-league-list","0","0","0"
"3.3","RG Olsztyn vs Kotwica Kołobrzeg 3:1","1126267","2026-07-02 17:00","RG Arena","Kotwica Kołobrzeg","128801","Wolna, Karol","1951306","0","0","0","0","0","0","0","0","0","0","0","31","20","12","11","8","65","6","0","100","1","17","0","0","0","3","0","7","0","1","5","1","15.6","","6","8","2","3","0","0","0","0","0","0","0","0","0","0","0","0","0","0","0","0","0","0","0","0","0","0","0","0","0","0","0","0","0","0","0","0","0","0","0","0","0","0","0","0","0","0","3","0","0","0","4","7","2","2","1","1","6","11","4","1","0","4","2","8","4","2","0","1","1","4","14","4","7","13","0","bulk-1.27-teamid-from-league-list","0","0","0"
"3.3","OFIME Targówek vs NiuniuTeam 3:1","1126268","2026-07-02 17:00","NWWALC Stadium","OFIME Targówek","131746","Gorzkowski, Bartosz","1974499","3","3","19","0","0","75.9","0","0","0","0","0","17","11","6","6","3","53","0","0","0","0","0","3","11","59","45","17","110","13","31","38","28","15","{""sets"":[{""h"":25,""a"":18},{""h"":13,""a"":25},{""h"":25,""a"":23},{""h"":25,""a"":20}],""parsedSets"":[{""rallies"":[{""type"":""end"",""score"":""25 : 18"",""txt"":""Koniec seta 1 : 0""},{""type"":""end"",""score"":""25 : 18"",""txt"":""Koniec seta 1 : 0""},{""type"":""rally"",""score"":""25 : 18"",""speed"":""43.5 km/h"",""res"":""Punkt: Z. Nović""},{""type"":""rally"",""score"":""24 : 18"",""speed"":""69.2 km/h"",""res"":""Punkt: M. Dubois""},{""type"":""rally"",""score"":""24 : 17"",""speed"":""50.9 km/h"",""res"":""Punkt: M. Dubois""},{""type"":""rally"",""score"":""24 : 16"",""speed"":""56.5 km/h"",""res"":""Punkt: O. Wietrzykowski""},{""type"":""chg"",""score"":""23 : 16"",""txt"":""Zmiana: M. Wojtera ⇄ G. Houbron""},{""type"":""rally"",""score"":""23 : 16"",""speed"":""50.7 km/h"",""res"":""Punkt: M. Dubois""},{""type"":""rally"",""score"":""23 : 15"",""speed"":""54.2 km/h"",""res"":""Punkt: A. Largouet""},{""type"":""rally"",""score"":""23 : 14"",""speed"":""53.1 km/h"",""res"":""Punkt: K. Rudziński""},{""type"":""rally"",""score"":""22 : 14"",""speed"":""84.1 km/h"",""res"":""Punkt: D. Minchev""},{""type"":""rally"",""score"":""22 : 13"",""speed"":""43.4 km/h"",""res"":""Punkt: B. Sokołowski""},{""type"":""tmo"",""score"":""21 : 13"",""txt"":""Czas dla: OFIME Targówek""},{""type"":""rally"",""score"":""21 : 13"",""speed"":""58.8 km/h"",""res"":""Punkt: M. Dubois""},{""type"":""rally"",""score"":""21 : 12"",""speed"":""63.5 km/h"",""res"":""Punkt: D. Minchev""},{""type"":""rally"",""score"":""21 : 11"",""speed"":""73.9 km/h"",""res"":""Punkt: Z. Nović""},{""type"":""chg"",""score"":""20 : 11"",""txt"":""Zmiana: D. Minchev ⇄ B. Santarelli""},{""type"":""chg"",""score"":""20 : 11"",""txt"":""Zmiana: P. Kacprzak ⇄ B. Gorzkowski""},{""type"":""rally"",""score"":""20 : 11"",""speed"":""68.0 km/h"",""res"":""Błąd: B. Santarelli""},{""type"":""rally"",""score"":""19 : 11"",""speed"":""89.0 km/h"",""res"":""Punkt: Z. Nović""},{""type"":""rally"",""score"":""18 : 11"",""speed"":""-"",""res"":""Błąd: G. Houbron""},{""type"":""rally"",""score"":""17 : 11"",""speed"":""63.1 km/h"",""res"":""Punkt: A. Tucker""},{""type"":""rally"",""score"":""17 : 10"",""speed"":""56.9 km/h"",""res"":""Punkt: Z. Nović""},{""type"":""rally"",""score"":""16 : 10"",""speed"":""61.3 km/h"",""res"":""Błąd: Z. Nović""},{""type"":""rally"",""score"":""16 : 9"",""speed"":""69.6 km/h"",""res"":""Punkt: A. Largouet""},{""type"":""chg"",""score"":""16 : 8"",""txt"":""Zmiana: O. Wietrzykowski ⇄ D. Labarrière""},{""type"":""chg"",""score"":""16 : 8"",""txt"":""Zmiana: B. Sokołowski ⇄ D. Reese""},{""type"":""tmo"",""score"":""16 : 8"",""txt"":""Czas dla: ""},{""type"":""rally"",""score"":""16 : 8"",""speed"":""50.4 km/h"",""res"":""Punkt: Z. Nović""},{""type"":""chg"",""score"":""15 : 8"",""txt"":""Zmiana: K. Rudziński ⇄ O. Langfeldt""},{""type"":""chg"",""score"":""15 : 8"",""txt"":""Zmiana: M. Mikołajczyk ⇄ F. Malinowski""},{""type"":""rally"",""score"":""15 : 8"",""speed"":""66.0 km/h"",""res"":""Punkt: R. Temperini""},{""type"":""rally"",""score"":""14 : 8"",""speed"":""57.4 km/h"",""res"":""Punkt: D. Labarrière""},{""type"":""rally"",""score"":""13 : 8"",""speed"":""55.9 km/h"",""res"":""Punkt: Z. Nović""},{""type"":""tmo"",""score"":""12 : 8"",""txt"":""Czas dla: OFIME Targówek""},{""type"":""rally"",""score"":""12 : 8"",""speed"":""46.6 km/h"",""res"":""Punkt: A. Largouet""},{""type"":""rally"",""score"":""12 : 7"",""speed"":""54.9 km/h"",""res"":""Punkt: M. Dubois""},{""type"":""rally"",""score"":""12 : 6"",""speed"":""50.5 km/h"",""res"":""Punkt: D. Labarrière""},{""type"":""rally"",""score"":""11 : 6"",""speed"":""56.6 km/h"",""res"":""Punkt: G. Houbron""},{""type"":""tmo"",""score"":""11 : 5"",""txt"":""Czas dla: NiuniuTeam""},{""type"":""rally"",""score"":""11 : 5"",""speed"":""68.5 km/h"",""res"":""Punkt: R. Temperini""},{""type"":""rally"",""score"":""10 : 5"",""speed"":""49.8 km/h"",""res"":""Punkt: R. Temperini""},{""type"":""rally"",""score"":""9 : 5"",""speed"":""57.4 km/h"",""res"":""Błąd: D. Labarrière""},{""type"":""chg"",""score"":""9 : 4"",""txt"":""Zmiana: W. Białek ⇄ D. Lisowski""},{""type"":""rally"",""score"":""9 : 4"",""speed"":""62.1 km/h"",""res"":""Punkt: R. Temperini""},{""type"":""tmo"",""score"":""8 : 4"",""txt"":""Czas dla: ""},{""type"":""rally"",""score"":""8 : 4"",""speed"":""69.6 km/h"",""res"":""Punkt: D. Labarrière""},{""type"":""rally"",""score"":""7 : 4"",""speed"":""55.2 km/h"",""res"":""Punkt: D. Labarrière""},{""type"":""rally"",""score"":""6 : 4"",""speed"":""59.3 km/h"",""res"":""Punkt: A. Tucker""},{""type"":""rally"",""score"":""6 : 3"",""speed"":""82.0 km/h"",""res"":""Punkt: A. Tucker""},{""type"":""rally"",""score"":""6 : 2"",""speed"":""55.3 km/h"",""res"":""Punkt: D. Labarrière""},{""type"":""rally"",""score"":""5 : 2"",""speed"":""57.1 km/h"",""res"":""Punkt: A. Largouet""},{""type"":""rally"",""score"":""5 : 1"",""speed"":""66.3 km/h"",""res"":""Punkt: A. Tucker""},{""type"":""chg"",""score"":""5 : 0"",""txt"":""Zmiana: D. Lisowski ⇄ W. Białek""},{""type"":""chg"",""score"":""5 : 0"",""txt"":""Zmiana: A. Largouet ⇄ J. Borkowski""},{""type"":""rally"",""score"":""5 : 0"",""speed"":""75.9 km/h"",""res"":""Punkt: Z. Nović""},{""type"":""rally"",""score"":""4 : 0"",""speed"":""59.1 km/h"",""res"":""Punkt: D. Labarrière""},{""type"":""chg"",""score"":""3 : 0"",""txt"":""Zmiana: J. Borkowski ⇄ A. Largouet""},{""type"":""tmo"",""score"":""3 : 0"",""txt"":""Czas dla: NiuniuTeam""},{""type"":""rally"",""score"":""3 : 0"",""speed"":""59.7 km/h"",""res"":""Punkt: Z. Nović""},{""type"":""rally"",""score"":""2 : 0"",""speed"":""61.6 km/h"",""res"":""Punkt: D. Reese""},{""type"":""rally"",""score"":""1 : 0"",""speed"":""72.0 km/h"",""res"":""Punkt: D. Labarrière""}]},{""rallies"":[{""type"":""end"",""score"":""13 : 25"",""txt"":""Koniec seta 1 : 1""},{""type"":""end"",""score"":""13 : 25"",""txt"":""Koniec seta 1 : 1""},{""type"":""rally"",""score"":""13 : 25"",""speed"":""61.2 km/h"",""res"":""Punkt: D. Minchev""},{""type"":""rally"",""score"":""13 : 24"",""speed"":""56.9 km/h"",""res"":""Punkt: A. Tucker""},{""type"":""rally"",""score"":""13 : 23"",""speed"":""55.6 km/h"",""res"":""Błąd: K. Rudziński""},{""type"":""tmo"",""score"":""13 : 22"",""txt"":""Czas dla: OFIME Targówek""},{""type"":""rally"",""score"":""13 : 22"",""speed"":""58.0 km/h"",""res"":""Punkt: D. Minchev""},{""type"":""rally"",""score"":""13 : 21"",""speed"":""65.9 km/h"",""res"":""Punkt: A. Tucker""},{""type"":""rally"",""score"":""13 : 20"",""speed"":""81.3 km/h"",""res"":""Punkt: O. Wietrzykowski""},{""type"":""chg"",""score"":""12 : 20"",""txt"":""Zmiana: J. Borkowski ⇄ A. Largouet""},{""type"":""rally"",""score"":""12 : 20"",""speed"":""100.9 km/h"",""res"":""Punkt: A. Tucker""},{""type"":""chg"",""score"":""12 : 19"",""txt"":""Zmiana: D. Minchev ⇄ B. Santarelli""},{""type"":""chg"",""score"":""12 : 19"",""txt"":""Zmiana: M. Wojtera ⇄ G. Houbron""},{""type"":""chg"",""score"":""12 : 19"",""txt"":""Zmiana: M. Mikołajczyk ⇄ F. Malinowski""},{""type"":""chg"",""score"":""12 : 19"",""txt"":""Zmiana: B. Sokołowski ⇄ D. Reese""},{""type"":""chg"",""score"":""12 : 19"",""txt"":""Zmiana: K. Rudziński ⇄ O. Langfeldt""},{""type"":""chg"",""score"":""12 : 19"",""txt"":""Zmiana: P. Kacprzak ⇄ B. Gorzkowski""},{""type"":""chg"",""score"":""12 : 19"",""txt"":""Zmiana: O. Wietrzykowski ⇄ D. Labarrière""},{""type"":""rally"",""score"":""12 : 19"",""speed"":""107.6 km/h"",""res"":""Punkt: A. Tucker""},{""type"":""rally"",""score"":""12 : 18"",""speed"":""105.8 km/h"",""res"":""Punkt: D. Lisowski""},{""type"":""rally"",""score"":""12 : 17"",""speed"":""81.1 km/h"",""res"":""Punkt: A. Tucker""},{""type"":""tmo"",""score"":""12 : 16"",""txt"":""Czas dla: ""},{""type"":""rally"",""score"":""12 : 16"",""speed"":""65.9 km/h"",""res"":""Punkt: A. Tucker""},{""type"":""chg"",""score"":""12 : 15"",""txt"":""Zmiana: D. Lisowski ⇄ W. Białek""},{""type"":""rally"",""score"":""12 : 15"",""speed"":""75.3 km/h"",""res"":""Punkt: D. Reese""},{""type"":""rally"",""score"":""11 : 15"",""speed"":""62.8 km/h"",""res"":""Punkt: B. Gorzkowski""},{""type"":""rally"",""score"":""10 : 15"",""speed"":""62.8 km/h"",""res"":""Błąd: D. Reese""},{""type"":""rally"",""score"":""10 : 14"",""speed"":""49.1 km/h"",""res"":""Punkt: G. Houbron""},{""type"":""rally"",""score"":""10 : 13"",""speed"":""65.8 km/h"",""res"":""Punkt: R. Temperini""},{""type"":""rally"",""score"":""9 : 13"",""speed"":""74.3 km/h"",""res"":""Punkt: G. Houbron""},{""type"":""tmo"",""score"":""9 : 12"",""txt"":""Czas dla: OFIME Targówek""},{""type"":""rally"",""score"":""9 : 12"",""speed"":""69.6 km/h"",""res"":""Punkt: W. Białek""},{""type"":""rally"",""score"":""9 : 11"",""speed"":""58.1 km/h"",""res"":""Punkt: O. Janowiak""},{""type"":""rally"",""score"":""9 : 10"",""speed"":""46.4 km/h"",""res"":""Punkt: D. Labarrière""},{""type"":""rally"",""score"":""8 : 10"",""speed"":""55.3 km/h"",""res"":""Punkt: B. Santarelli""},{""type"":""rally"",""score"":""8 : 9"",""speed"":""47.3 km/h"",""res"":""Punkt: O. Janowiak""},{""type"":""rally"",""score"":""8 : 8"",""speed"":""52.9 km/h"",""res"":""Punkt: W. Białek""},{""type"":""rally"",""score"":""8 : 7"",""speed"":""53.5 km/h"",""res"":""Punkt: A. Largouet""},{""type"":""rally"",""score"":""8 : 6"",""speed"":""50.7 km/h"",""res"":""Punkt: B. Santarelli""},{""type"":""rally"",""score"":""8 : 5"",""speed"":""61.9 km/h"",""res"":""Punkt: W. Białek""},{""type"":""rally"",""score"":""8 : 4"",""speed"":""54.7 km/h"",""res"":""Punkt: B. Santarelli""},{""type"":""rally"",""score"":""8 : 3"",""speed"":""63.2 km/h"",""res"":""Punkt: O. Janowiak""},{""type"":""chg"",""score"":""8 : 2"",""txt"":""Zmiana: O. Janowiak ⇄ M. Dubois""},{""type"":""tmo"",""score"":""8 : 2"",""txt"":""Czas dla: ""},{""type"":""rally"",""score"":""8 : 2"",""speed"":""59.1 km/h"",""res"":""Punkt: R. Temperini""},{""type"":""tmo"",""score"":""7 : 2"",""txt"":""Czas dla: NiuniuTeam""},{""type"":""rally"",""score"":""7 : 2"",""speed"":""62.3 km/h"",""res"":""Punkt: R. Temperini""},{""type"":""rally"",""score"":""6 : 2"",""speed"":""63.1 km/h"",""res"":""Punkt: O. Langfeldt""},{""type"":""rally"",""score"":""5 : 2"",""speed"":""49.1 km/h"",""res"":""Punkt: O. Langfeldt""},{""type"":""rally"",""score"":""4 : 2"",""speed"":""-"",""res"":""Błąd: D. Reese""},{""type"":""rally"",""score"":""4 : 1"",""speed"":""78.5 km/h"",""res"":""Punkt: D. Labarrière""},{""type"":""rally"",""score"":""3 : 1"",""speed"":""61.3 km/h"",""res"":""Punkt: Z. Nović""},{""type"":""rally"",""score"":""2 : 1"",""speed"":""53.1 km/h"",""res"":""Punkt: G. Houbron""},{""type"":""rally"",""score"":""2 : 0"",""speed"":""81.5 km/h"",""res"":""Punkt: D. Labarrière""},{""type"":""rally"",""score"":""1 : 0"",""speed"":""51.9 km/h"",""res"":""Punkt: Z. Nović""}]},{""rallies"":[{""type"":""end"",""score"":""25 : 23"",""txt"":""Koniec seta 2 : 1""},{""type"":""end"",""score"":""25 : 23"",""txt"":""Koniec seta 2 : 1""},{""type"":""rally"",""score"":""25 : 23"",""speed"":""53.3 km/h"",""res"":""Punkt: B. Gorzkowski""},{""type"":""rally"",""score"":""24 : 23"",""speed"":""69.3 km/h"",""res"":""Punkt: R. Temperini""},{""type"":""rally"",""score"":""23 : 23"",""speed"":""62.9 km/h"",""res"":""Punkt: D. Labarrière""},{""type"":""rally"",""score"":""22 : 23"",""speed"":""64.7 km/h"",""res"":""Punkt: G. Houbron""},{""type"":""rally"",""score"":""22 : 22"",""speed"":""54.2 km/h"",""res"":""Punkt: O. Langfeldt""},{""type"":""rally"",""score"":""21 : 22"",""speed"":""-"",""res"":""Błąd: Z. Nović""},{""type"":""rally"",""score"":""21 : 21"",""speed"":""59.5 km/h"",""res"":""Punkt: D. Labarrière""},{""type"":""tmo"",""score"":""20 : 21"",""txt"":""Czas dla: OFIME Targówek""},{""type"":""rally"",""score"":""20 : 21"",""speed"":""50.9 km/h"",""res"":""Punkt: B. Santarelli""},{""type"":""rally"",""score"":""20 : 20"",""speed"":""50.6 km/h"",""res"":""Punkt: A. Tucker""},{""type"":""rally"",""score"":""20 : 19"",""speed"":""49.9 km/h"",""res"":""Punkt: Z. Nović""},{""type"":""rally"",""score"":""19 : 19"",""speed"":""68.4 km/h"",""res"":""Punkt: Z. Nović""},{""type"":""rally"",""score"":""18 : 19"",""speed"":""59.6 km/h"",""res"":""Punkt: Z. Nović""},{""type"":""rally"",""score"":""17 : 19"",""speed"":""61.1 km/h"",""res"":""Punkt: A. Tucker""},{""type"":""rally"",""score"":""17 : 18"",""speed"":""56.7 km/h"",""res"":""Punkt: J. Borkowski""},{""type"":""rally"",""score"":""17 : 17"",""speed"":""71.2 km/h"",""res"":""Punkt: O. Langfeldt""},{""type"":""rally"",""score"":""16 : 17"",""speed"":""62.8 km/h"",""res"":""Punkt: B. Santarelli""},{""type"":""rally"",""score"":""16 : 16"",""speed"":""53.3 km/h"",""res"":""Punkt: G. Houbron""},{""type"":""tmo"",""score"":""16 : 15"",""txt"":""Czas dla: ""},{""type"":""rally"",""score"":""16 : 15"",""speed"":""64.6 km/h"",""res"":""Punkt: O. Langfeldt""},{""type"":""rally"",""score"":""15 : 15"",""speed"":""-"",""res"":""Błąd: D. Labarrière""},{""type"":""rally"",""score"":""15 : 14"",""speed"":""59.9 km/h"",""res"":""Punkt: D. Labarrière""},{""type"":""rally"",""score"":""14 : 14"",""speed"":""66.5 km/h"",""res"":""Punkt: J. Borkowski""},{""type"":""rally"",""score"":""14 : 13"",""speed"":""57.9 km/h"",""res"":""Punkt: D. Reese""},{""type"":""rally"",""score"":""13 : 13"",""speed"":""80.5 km/h"",""res"":""Punkt: J. Borkowski""},{""type"":""chg"",""score"":""13 : 12"",""txt"":""Zmiana: J. Borkowski ⇄ A. Largouet""},{""type"":""rally"",""score"":""13 : 12"",""speed"":""80.6 km/h"",""res"":""Punkt: D. Reese""},{""type"":""rally"",""score"":""12 : 12"",""speed"":""45.4 km/h"",""res"":""Punkt: O. Langfeldt""},{""type"":""rally"",""score"":""11 : 12"",""speed"":""69.7 km/h"",""res"":""Punkt: A. Tucker""},{""type"":""rally"",""score"":""11 : 11"",""speed"":""58.0 km/h"",""res"":""Punkt: D. Labarrière""},{""type"":""tmo"",""score"":""10 : 11"",""txt"":""Czas dla: OFIME Targówek""},{""type"":""rally"",""score"":""10 : 11"",""speed"":""56.5 km/h"",""res"":""Punkt: A. Tucker""},{""type"":""rally"",""score"":""10 : 10"",""speed"":""61.4 km/h"",""res"":""Punkt: W. Białek""},{""type"":""rally"",""score"":""10 : 9"",""speed"":""64.8 km/h"",""res"":""Punkt: G. Houbron""},{""type"":""tmo"",""score"":""10 : 8"",""txt"":""Czas dla: NiuniuTeam""},{""type"":""rally"",""score"":""10 : 8"",""speed"":""54.3 km/h"",""res"":""Punkt: D. Labarrière""},{""type"":""rally"",""score"":""9 : 8"",""speed"":""59.8 km/h"",""res"":""Punkt: D. Labarrière""},{""type"":""rally"",""score"":""8 : 8"",""speed"":""52.2 km/h"",""res"":""Punkt: D. Labarrière""},{""type"":""tmo"",""score"":""7 : 8"",""txt"":""Czas dla: ""},{""type"":""rally"",""score"":""7 : 8"",""speed"":""48.1 km/h"",""res"":""Punkt: G. Houbron""},{""type"":""rally"",""score"":""7 : 7"",""speed"":""-"",""res"":""Błąd: O. Langfeldt""},{""type"":""rally"",""score"":""7 : 6"",""speed"":""46.8 km/h"",""res"":""Punkt: O. Langfeldt""},{""type"":""rally"",""score"":""6 : 6"",""speed"":""51.6 km/h"",""res"":""Punkt: M. Dubois""},{""type"":""rally"",""score"":""6 : 5"",""speed"":""44.7 km/h"",""res"":""Punkt: Z. Nović""},{""type"":""rally"",""score"":""5 : 5"",""speed"":""55.1 km/h"",""res"":""Punkt: W. Białek""},{""type"":""rally"",""score"":""5 : 4"",""speed"":""59.4 km/h"",""res"":""Błąd: R. Temperini""},{""type"":""rally"",""score"":""5 : 3"",""speed"":""-"",""res"":""Błąd: D. Reese""},{""type"":""chg"",""score"":""5 : 2"",""txt"":""Zmiana: G. Houbron ⇄ M. Wojtera""},{""type"":""rally"",""score"":""5 : 2"",""speed"":""67.7 km/h"",""res"":""Punkt: D. Reese""},{""type"":""rally"",""score"":""4 : 2"",""speed"":""58.3 km/h"",""res"":""Punkt: Z. Nović""},{""type"":""rally"",""score"":""3 : 2"",""speed"":""70.8 km/h"",""res"":""Punkt: A. Tucker""},{""type"":""rally"",""score"":""3 : 1"",""speed"":""-"",""res"":""Błąd: M. Wojtera""},{""type"":""chg"",""score"":""2 : 1"",""txt"":""Zmiana: M. Wojtera ⇄ G. Houbron""},{""type"":""rally"",""score"":""2 : 1"",""speed"":""50.2 km/h"",""res"":""Punkt: B. Santarelli""},{""type"":""rally"",""score"":""2 : 0"",""speed"":""57.4 km/h"",""res"":""Punkt: D. Reese""},{""type"":""rally"",""score"":""1 : 0"",""speed"":""64.6 km/h"",""res"":""Punkt: D. Labarrière""}]},{""rallies"":[{""type"":""end"",""score"":""25 : 20"",""txt"":""Koniec seta 3 : 1""},{""type"":""end"",""score"":""25 : 20"",""txt"":""Koniec seta 3 : 1""},{""type"":""rally"",""score"":""25 : 20"",""speed"":""63.4 km/h"",""res"":""Punkt: Z. Nović""},{""type"":""rally"",""score"":""24 : 20"",""speed"":""54.4 km/h"",""res"":""Punkt: A. Largouet""},{""type"":""rally"",""score"":""24 : 19"",""speed"":""58.4 km/h"",""res"":""Błąd: D. Labarrière""},{""type"":""rally"",""score"":""24 : 18"",""speed"":""64.4 km/h"",""res"":""Punkt: D. Minchev""},{""type"":""rally"",""score"":""24 : 17"",""speed"":""60.1 km/h"",""res"":""Punkt: B. Sokołowski""},{""type"":""rally"",""score"":""23 : 17"",""speed"":""49.9 km/h"",""res"":""Błąd: M. Wojtera""},{""type"":""rally"",""score"":""22 : 17"",""speed"":""55.7 km/h"",""res"":""Punkt: M. Dubois""},{""type"":""rally"",""score"":""22 : 16"",""speed"":""-"",""res"":""Błąd: D. Minchev""},{""type"":""tmo"",""score"":""21 : 16"",""txt"":""Czas dla: OFIME Targówek""},{""type"":""rally"",""score"":""21 : 16"",""speed"":""58.2 km/h"",""res"":""Punkt: A. Largouet""},{""type"":""rally"",""score"":""21 : 15"",""speed"":""63.6 km/h"",""res"":""Punkt: D. Minchev""},{""type"":""rally"",""score"":""21 : 14"",""speed"":""55.7 km/h"",""res"":""Punkt: Z. Nović""},{""type"":""rally"",""score"":""20 : 14"",""speed"":""56.0 km/h"",""res"":""Punkt: R. Temperini""},{""type"":""chg"",""score"":""19 : 14"",""txt"":""Zmiana: D. Minchev ⇄ B. Santarelli""},{""type"":""rally"",""score"":""19 : 14"",""speed"":""52.9 km/h"",""res"":""Punkt: M. Dubois""},{""type"":""rally"",""score"":""19 : 13"",""speed"":""60.6 km/h"",""res"":""Punkt: M. Wojtera""},{""type"":""rally"",""score"":""19 : 12"",""speed"":""54.0 km/h"",""res"":""Punkt: Z. Nović""},{""type"":""rally"",""score"":""18 : 12"",""speed"":""76.6 km/h"",""res"":""Punkt: A. Tucker""},{""type"":""rally"",""score"":""18 : 11"",""speed"":""57.2 km/h"",""res"":""Punkt: R. Temperini""},{""type"":""rally"",""score"":""17 : 11"",""speed"":""54.2 km/h"",""res"":""Punkt: B. Sokołowski""},{""type"":""rally"",""score"":""16 : 11"",""speed"":""49.0 km/h"",""res"":""Błąd: B. Gorzkowski""},{""type"":""rally"",""score"":""16 : 10"",""speed"":""62.0 km/h"",""res"":""Punkt: A. Tucker""},{""type"":""tmo"",""score"":""16 : 9"",""txt"":""Czas dla: ""},{""type"":""rally"",""score"":""16 : 9"",""speed"":""57.3 km/h"",""res"":""Punkt: D. Labarrière""},{""type"":""tmo"",""score"":""15 : 9"",""txt"":""Czas dla: OFIME Targówek""},{""type"":""rally"",""score"":""15 : 9"",""speed"":""61.1 km/h"",""res"":""Punkt: A. Tucker""},{""type"":""rally"",""score"":""15 : 8"",""speed"":""54.7 km/h"",""res"":""Punkt: A. Tucker""},{""type"":""chg"",""score"":""15 : 7"",""txt"":""Zmiana: M. Mikołajczyk ⇄ F. Malinowski""},{""type"":""chg"",""score"":""15 : 7"",""txt"":""Zmiana: B. Sokołowski ⇄ D. Reese""},{""type"":""chg"",""score"":""15 : 7"",""txt"":""Zmiana: W. Białek ⇄ D. Lisowski""},{""type"":""rally"",""score"":""15 : 7"",""speed"":""58.3 km/h"",""res"":""Punkt: D. Reese""},{""type"":""rally"",""score"":""14 : 7"",""speed"":""-"",""res"":""Błąd: R. Temperini""},{""type"":""chg"",""score"":""14 : 6"",""txt"":""Zmiana: A. Largouet ⇄ J. Borkowski""},{""type"":""rally"",""score"":""14 : 6"",""speed"":""57.2 km/h"",""res"":""Punkt: D. Labarrière""},{""type"":""chg"",""score"":""13 : 6"",""txt"":""Zmiana: K. Rudziński ⇄ O. Langfeldt""},{""type"":""rally"",""score"":""13 : 6"",""speed"":""60.4 km/h"",""res"":""Błąd: J. Borkowski""},{""type"":""chg"",""score"":""12 : 6"",""txt"":""Zmiana: M. Wojtera ⇄ G. Houbron""},{""type"":""rally"",""score"":""12 : 6"",""speed"":""68.9 km/h"",""res"":""Punkt: D. Labarrière""},{""type"":""rally"",""score"":""11 : 6"",""speed"":""61.5 km/h"",""res"":""Punkt: D. Labarrière""},{""type"":""rally"",""score"":""10 : 6"",""speed"":""46.1 km/h"",""res"":""Punkt: J. Borkowski""},{""type"":""chg"",""score"":""10 : 5"",""txt"":""Zmiana: J. Borkowski ⇄ A. Largouet""},{""type"":""tmo"",""score"":""10 : 5"",""txt"":""Czas dla: NiuniuTeam""},{""type"":""rally"",""score"":""10 : 5"",""speed"":""48.1 km/h"",""res"":""Punkt: R. Temperini""},{""type"":""rally"",""score"":""9 : 5"",""speed"":""47.3 km/h"",""res"":""Punkt: D. Labarrière""},{""type"":""chg"",""score"":""8 : 5"",""txt"":""Zmiana: D. Lisowski ⇄ W. Białek""},{""type"":""tmo"",""score"":""8 : 5"",""txt"":""Czas dla: ""},{""type"":""rally"",""score"":""8 : 5"",""speed"":""53.0 km/h"",""res"":""Punkt: R. Temperini""},{""type"":""rally"",""score"":""7 : 5"",""speed"":""72.3 km/h"",""res"":""Punkt: A. Largouet""},{""type"":""rally"",""score"":""7 : 4"",""speed"":""47.8 km/h"",""res"":""Punkt: D. Labarrière""},{""type"":""rally"",""score"":""6 : 4"",""speed"":""65.5 km/h"",""res"":""Punkt: A. Tucker""},{""type"":""rally"",""score"":""6 : 3"",""speed"":""50.2 km/h"",""res"":""Punkt: M. Dubois""},{""type"":""rally"",""score"":""6 : 2"",""speed"":""74.8 km/h"",""res"":""Punkt: A. Tucker""},{""type"":""rally"",""score"":""6 : 1"",""speed"":""53.6 km/h"",""res"":""Punkt: D. Labarrière""},{""type"":""rally"",""score"":""5 : 1"",""speed"":""55.7 km/h"",""res"":""Punkt: O. Langfeldt""},{""type"":""tmo"",""score"":""4 : 1"",""txt"":""Czas dla: NiuniuTeam""},{""type"":""rally"",""score"":""4 : 1"",""speed"":""67.7 km/h"",""res"":""Punkt: Z. Nović""},{""type"":""rally"",""score"":""3 : 1"",""speed"":""52.5 km/h"",""res"":""Punkt: D. Labarrière""},{""type"":""rally"",""score"":""2 : 1"",""speed"":""57.0 km/h"",""res"":""Punkt: D. Labarrière""},{""type"":""rally"",""score"":""1 : 1"",""speed"":""-"",""res"":""Błąd: Z. Nović""},{""type"":""rally"",""score"":""1 : 0"",""speed"":""62.1 km/h"",""res"":""Punkt: Z. Nović""}]}]}","2","2","0","2","1","2","11","59","2","0","9","1","0","2","75.9","62.6","0","0","0","0","0","0","0","0","0","0","0","0","0","0","0","0","0","0","0","0","0","0","0","0","0","0","0","0","0","0","45","17","2","5","41","110","0","0","0","0","0","6","3","2","0","1","0","3","2","0","0","1","0","4","19","23","34","30","0","bulk-1.27-teamid-from-league-list","0","0","0"
"3.3","OFIME Targówek vs NiuniuTeam 3:1","1126268","2026-07-02 17:00","NWWALC Stadium","OFIME Targówek","131746","Nović, Zvonimir","1927072","21","4","14","2","1","82","43","10","15","35","12","18","14","9","4","1","56","44","5","89","13","30","5","41","75","0","0","0","0","0","0","0","51.8","","1","3","0","1","0","0","41","75","5","0","34","0","0","7","89","72.6","2","0","0","0","5","7","1","0","3","1","0","5","7","1","2","0","8","18","0","0","0","0","0","0","4","0","4","0","5","13","0","0","0","0","0","0","0","13","14","12","39","9","4","1","1","2","1","1","1","0","0","0","0","4","23","28","19","22","0","bulk-1.27-teamid-from-league-list","0","0","0"
"3.3","OFIME Targówek vs NiuniuTeam 3:1","1126268","2026-07-02 17:00","NWWALC Stadium","OFIME Targówek","131746","Reese, Daryl","1904258","7","4","14","2","1","78.5","9","1","2","22","11","4","3","1","1","0","25","0","0","0","0","0","4","36","53","1","0","1","0","0","0","1","16.3","","0","0","0","1","0","0","36","53","4","0","32","0","0","4","78.5","64.2","0","0","0","0","1","1","0","0","0","0","1","1","0","0","0","0","0","0","2","1","0","0","4","7","0","0","0","0","0","0","1","0","0","0","0","1","0","0","0","0","0","1","1","0","0","0","0","0","0","0","0","0","0","4","5","6","9","6","0","bulk-1.27-teamid-from-league-list","0","0","0"
"3.3","OFIME Targówek vs NiuniuTeam 3:1","1126268","2026-07-02 17:00","NWWALC Stadium","OFIME Targówek","131746","Labarrière, Didier","1903449","27","19","12","1","0","72.3","42","7","21","50","33","17","10","5","7","1","35","0","0","0","0","0","6","32","57","0","0","0","0","0","0","0","59.5","","1","2","0","5","0","0","32","57","6","0","28","0","0","4","72.3","61.8","2","1","0","0","4","7","0","0","2","0","0","2","9","1","2","0","2","14","0","0","0","0","0","0","10","0","1","0","8","19","0","0","0","0","0","0","0","0","0","0","0","5","1","2","0","2","0","1","0","1","0","0","0","4","11","14","18","16","0","bulk-1.27-teamid-from-league-list","0","0","0"
"3.3","OFIME Targówek vs NiuniuTeam 3:1","1126268","2026-07-02 17:00","NWWALC Stadium","OFIME Targówek","131746","Langfeldt, Oleg","2087383","9","4","7","1","0","58.1","16","4","9","56","31","16","10","3","6","1","25","20","0","100","8","40","0","17","38","0","0","0","0","0","0","0","31.2","","1","3","0","3","0","0","17","38","0","0","17","0","0","0","58.1","51.3","1","0","1","0","1","3","0","0","0","0","0","0","5","0","3","0","1","9","0","0","0","0","0","0","2","0","0","1","1","4","0","0","0","0","0","0","4","11","2","3","20","3","3","0","0","0","0","1","0","0","0","0","1","4","6","10","22","9","0","bulk-1.27-teamid-from-league-list","0","0","0"
"3.3","OFIME Targówek vs NiuniuTeam 3:1","1126268","2026-07-02 17:00","NWWALC Stadium","OFIME Targówek","131746","Temperini, Rodrigo","1976885","12","8","14","1","1","69.6","17","3","6","35","18","10","5","2","5","3","50","0","0","0","0","0","5","38","60","0","0","0","0","0","0","0","30.9","","2","2","1","3","0","0","38","60","5","1","32","0","0","6","69.6","59.3","1","0","0","0","3","4","1","0","0","0","0","1","0","0","0","0","0","0","4","1","2","0","5","12","0","0","0","0","0","0","0","0","0","0","0","0","0","0","0","0","0","2","1","1","0","0","0","3","1","1","0","1","0","4","9","6","7","12","0","bulk-1.27-teamid-from-league-list","0","0","0"
"3.3","OFIME Targówek vs NiuniuTeam 3:1","1126268","2026-07-02 17:00","NWWALC Stadium","OFIME Targówek","131746","Malinowski, Filip","1951167","0","-1","0","0","0","0","0","0","0","0","0","20","17","13","3","2","75","7","1","86","4","57","0","0","0","3","2","7","0","0","4","3","13.2","","2","2","0","1","0","0","0","0","0","0","0","0","0","0","0","0","0","0","0","0","0","0","0","0","0","0","0","0","0","0","0","0","0","0","0","0","0","0","0","0","0","0","0","0","0","0","3","2","0","0","2","7","2","1","2","1","6","13","5","1","1","5","1","2","1","0","0","0","1","4","4","9","11","5","0","bulk-1.27-teamid-from-league-list","0","0","0"
"3.3","OFIME Targówek vs NiuniuTeam 3:1","1126268","2026-07-02 17:00","NWWALC Stadium","OFIME Targówek","131746","Kacprzak, Przemysław","1865051","0","0","0","0","0","0","0","0","0","0","0","3","3","1","0","0","33","0","0","0","0","0","0","3","6","6","1","19","2","6","5","6","0.8","","0","0","0","0","0","0","3","6","0","0","3","0","0","0","0","0","0","0","0","0","0","0","0","0","0","0","0","0","0","0","0","0","0","0","0","0","0","0","0","0","0","0","0","0","0","0","6","1","0","1","11","19","0","0","0","0","0","1","0","1","0","0","0","0","0","0","0","0","0","2","9","7","0","0","0","bulk-1.27-teamid-from-league-list","0","0","0"
"3.3","OFIME Targówek vs NiuniuTeam 3:1","1126268","2026-07-02 17:00","NWWALC Stadium","OFIME Targówek","131746","Wietrzykowski, Oliwier","1927321","2","2","1","0","0","54.2","5","0","2","40","40","2","1","1","1","0","50","0","0","0","0","0","0","3","14","0","0","0","0","0","0","0","4.8","","0","1","0","0","0","0","3","14","0","1","1","0","0","2","54.2","54.2","0","0","0","0","0","0","1","0","0","0","0","1","0","0","0","0","2","2","0","0","0","0","0","0","1","0","0","0","1","2","0","0","0","0","0","0","0","0","0","0","0","1","0","0","0","1","0","0","0","0","0","0","0","2","5","2","0","0","0","bulk-1.27-teamid-from-league-list","0","0","0"
"3.3","OFIME Targówek vs NiuniuTeam 3:1","1126268","2026-07-02 17:00","NWWALC Stadium","OFIME Targówek","131746","Mikołajczyk, Maciej","1949539","0","0","0","0","0","0","0","0","0","0","0","10","8","5","2","2","70","4","0","100","2","50","0","0","0","1","1","2","0","0","1","1","7.2","","2","2","0","0","0","0","0","0","0","0","0","0","0","0","0","0","0","0","0","0","0","0","0","0","0","0","0","0","0","0","0","0","0","0","0","0","0","0","0","0","0","0","0","0","0","0","1","1","0","0","0","2","2","1","0","1","4","5","2","1","0","0","2","2","0","0","0","1","1","3","7","3","0","5","0","bulk-1.27-teamid-from-league-list","0","0","0"
"3.3","OFIME Targówek vs NiuniuTeam 3:1","1126268","2026-07-02 17:00","NWWALC Stadium","OFIME Targówek","131746","Sokołowski, Bruno","1904177","3","2","3","0","0","84.1","3","1","2","67","33","2","0","0","2","0","0","0","0","0","0","0","1","11","23","0","0","0","0","0","0","0","5.5","","0","1","0","1","0","0","11","23","1","0","9","0","1","2","84.1","72.6","1","0","1","0","0","2","1","0","0","0","0","1","0","0","0","0","0","0","0","0","0","0","0","0","0","0","0","0","0","0","0","0","0","0","0","0","0","0","0","0","0","0","0","0","0","0","0","0","0","0","0","0","0","2","2","0","0","6","0","bulk-1.27-teamid-from-league-list","0","0","0"
"3.3","OFIME Targówek vs NiuniuTeam 3:1","1126268","2026-07-02 17:00","NWWALC Stadium","OFIME Targówek","131746","Rudziński, Krzysztof","2004333","1","0","3","0","0","63.6","4","1","1","25","0","9","7","2","2","0","22","9","0","100","3","33","0","4","23","0","0","0","0","0","0","0","6.9","","0","0","0","2","0","0","4","23","0","0","2","0","0","2","63.6","56.7","0","0","0","0","0","0","0","0","0","0","0","0","1","1","0","0","1","3","0","0","0","0","0","0","0","0","0","0","1","1","0","0","0","0","0","0","2","2","4","1","9","2","1","0","0","0","1","0","0","0","0","0","0","3","5","2","0","10","0","bulk-1.27-teamid-from-league-list","0","0","0"
"3.3","OFIME Targówek vs NiuniuTeam 3:1","1126268","2026-07-02 17:00","NWWALC Stadium","NiuniuTeam","137395","Białek, Wiktor","1975473","5","5","14","0","1","63.4","0","0","0","0","0","16","12","2","4","1","19","0","0","0","0","0","4","29","59","40","19","109","22","40","28","19","17","","1","2","0","2","0","0","29","59","4","0","26","0","0","3","63.4","58.8","0","0","0","0","0","0","0","0","0","0","0","0","0","0","0","0","0","0","0","0","0","0","0","0","0","0","0","0","0","0","40","19","1","2","47","109","0","0","0","0","0","2","0","1","0","1","0","1","1","0","0","0","0","4","25","19","33","30","0","bulk-1.27-teamid-from-league-list","0","0","0"
"3.3","OFIME Targówek vs NiuniuTeam 3:1","1126268","2026-07-02 17:00","NWWALC Stadium","NiuniuTeam","137395","Houbron, Grégory","1949282","8","4","8","1","0","61.3","28","3","7","25","14","18","11","5","7","2","39","25","0","100","8","32","1","31","53","0","0","0","0","0","0","0","32.3","","2","5","0","2","0","0","31","53","1","0","25","0","0","6","61.3","55.2","0","0","1","0","7","8","0","0","1","0","0","1","5","0","0","0","7","12","0","0","0","0","0","0","2","0","1","0","4","7","0","0","0","0","0","0","7","11","5","2","25","5","1","1","0","2","1","2","2","0","0","0","0","4","16","12","21","9","0","bulk-1.27-teamid-from-league-list","0","0","0"
"3.3","OFIME Targówek vs NiuniuTeam 3:1","1126268","2026-07-02 17:00","NWWALC Stadium","NiuniuTeam","137395","Tucker, Austin","1975805","21","17","12","0","2","58.8","27","4","15","56","41","5","4","1","1","0","20","0","0","0","0","0","4","49","76","0","0","1","0","0","1","0","51","","0","0","0","1","0","0","49","76","4","0","42","0","0","7","65.5","54.5","3","0","0","0","2","5","1","0","2","0","0","3","0","0","0","0","0","0","11","0","2","0","6","19","0","0","0","0","0","0","0","0","0","0","1","1","0","0","0","0","0","1","1","0","0","0","0","0","0","0","0","0","0","4","10","8","12","12","0","bulk-1.27-teamid-from-league-list","0","0","0"
"3.3","OFIME Targówek vs NiuniuTeam 3:1","1126268","2026-07-02 17:00","NWWALC Stadium","NiuniuTeam","137395","Largouet, Arnaud","1928756","9","3","16","0","1","61.9","28","6","6","21","0","20","11","4","9","2","30","0","0","0","0","0","2","30","55","0","0","0","0","0","0","0","16","","1","3","0","5","1","1","30","55","2","0","27","0","0","3","61.9","52.9","0","0","0","0","0","0","2","0","5","1","2","10","1","0","0","0","5","6","0","0","0","0","0","0","2","0","1","0","9","12","0","0","0","0","0","0","0","0","0","0","0","4","1","1","0","2","0","2","0","0","0","2","0","4","14","10","8","14","0","bulk-1.27-teamid-from-league-list","0","0","0"
"3.3","OFIME Targówek vs NiuniuTeam 3:1","1126268","2026-07-02 17:00","NWWALC Stadium","NiuniuTeam","137395","Santarelli, Battista","1949927","8","0","7","0","0","74.3","11","6","3","27","-27","22","11","6","11","4","45","33","2","94","12","36","5","36","54","0","0","0","0","0","0","0","26.2","","3","3","0","7","1","1","36","54","3","1","32","2","0","4","74.3","61.9","3","0","1","0","0","4","0","0","3","0","0","3","0","1","0","0","1","2","0","0","0","0","0","0","0","0","1","0","1","2","0","0","0","0","0","0","6","10","10","5","31","6","1","1","0","3","1","4","3","1","0","0","0","4","15","17","12","12","0","bulk-1.27-teamid-from-league-list","0","0","0"
"3.3","OFIME Targówek vs NiuniuTeam 3:1","1126268","2026-07-02 17:00","NWWALC Stadium","NiuniuTeam","137395","Dubois, Melvin","1948927","10","7","10","0","1","71.2","16","3","8","50","31","3","3","3","0","0","100","0","0","0","0","0","1","33","47","0","0","0","0","0","0","0","26.1","","0","0","0","0","0","0","33","47","1","0","25","0","1","8","71.2","55.8","1","0","0","0","1","2","1","0","1","1","1","4","0","0","0","0","0","0","5","0","2","0","3","10","0","0","0","0","0","0","0","0","0","0","0","0","0","0","0","0","0","3","1","1","0","1","0","0","0","0","0","0","0","4","9","3","6","8","0","bulk-1.27-teamid-from-league-list","0","0","0"
"3.3","OFIME Targówek vs NiuniuTeam 3:1","1126268","2026-07-02 17:00","NWWALC Stadium","NiuniuTeam","137395","Dąbski, Piotr","1949487","0","0","0","0","0","0","0","0","0","0","0","32","24","13","8","5","56","6","0","100","2","33","0","0","0","0","0","3","0","0","2","1","15.6","","3","3","2","5","0","0","0","0","0","0","0","0","0","0","0","0","0","0","0","0","0","0","0","0","0","0","0","0","0","0","0","0","0","0","0","0","0","0","0","0","0","0","0","0","0","0","0","0","1","0","2","3","1","1","3","1","6","13","4","3","0","3","3","5","1","2","0","2","0","4","6","10","9","6","0","bulk-1.27-teamid-from-league-list","0","0","0"
"3.3","OFIME Targówek vs NiuniuTeam 3:1","1126268","2026-07-02 17:00","NWWALC Stadium","NiuniuTeam","137395","Borkowski, Jacek","2002663","4","3","2","0","0","62.9","9","1","3","33","22","5","2","0","3","0","0","0","0","0","0","0","1","8","17","0","0","0","0","0","0","0","7.5","","0","1","0","1","0","1","8","17","1","0","7","0","0","1","62.9","61.4","0","0","0","0","0","0","0","0","1","0","1","2","1","0","0","0","2","3","0","0","0","0","0","0","2","0","0","0","2","4","0","0","0","0","0","0","0","0","0","0","0","0","0","0","0","0","0","0","0","0","0","0","0","4","2","1","7","4","0","bulk-1.27-teamid-from-league-list","0","0","0"
"3.3","OFIME Targówek vs NiuniuTeam 3:1","1126268","2026-07-02 17:00","NWWALC Stadium","NiuniuTeam","137395","Wojtera, Maciej","1974660","2","-1","7","1","0","61.2","4","1","2","50","25","8","5","3","3","2","63","9","1","89","4","44","0","9","19","0","0","0","0","0","0","0","7.5","","2","2","0","1","0","0","9","19","0","0","7","0","0","2","61.2","55.8","0","0","0","0","0","0","0","0","0","1","1","2","0","1","0","0","0","1","0","0","0","0","0","0","1","0","0","0","0","1","0","0","0","0","0","0","1","2","4","1","8","3","0","0","0","2","1","2","0","0","0","2","0","4","1","5","3","12","0","bulk-1.27-teamid-from-league-list","0","0","0"
"3.3","OFIME Targówek vs NiuniuTeam 3:1","1126268","2026-07-02 17:00","NWWALC Stadium","NiuniuTeam","137395","Lisowski, Damian","1928735","1","1","5","0","1","107.6","0","0","0","0","0","4","3","1","1","0","25","0","0","0","0","0","0","5","8","8","5","23","3","8","10","2","3.8","","0","0","0","1","0","0","5","8","0","0","4","0","0","1","107.6","95.3","0","0","0","0","0","0","0","0","0","0","0","0","0","0","0","0","0","0","0","0","0","0","0","0","0","0","0","0","0","0","8","5","1","0","9","23","0","0","0","0","0","1","0","0","0","1","0","0","0","0","0","0","0","3","5","10","0","7","0","bulk-1.27-teamid-from-league-list","0","0","0"
"3.3","OFIME Targówek vs NiuniuTeam 3:1","1126268","2026-07-02 17:00","NWWALC Stadium","NiuniuTeam","137395","Minchev, Dimitar","1767379","6","3","4","1","0","58.2","9","2","5","56","33","5","3","2","2","2","80","7","0","100","5","71","1","10","13","0","0","0","0","0","0","0","16.2","","2","2","0","0","0","0","10","13","1","0","9","0","0","1","58.2","55.1","0","0","0","0","0","0","0","0","1","0","0","1","4","0","1","0","1","6","0","0","0","0","0","0","1","0","0","0","1","2","0","0","0","0","0","0","4","2","1","0","7","2","0","0","1","1","0","2","1","0","0","1","0","3","7","3","0","8","0","bulk-1.27-teamid-from-league-list","0","0","0"
"3.3","OFIME Targówek vs NiuniuTeam 3:1","1126268","2026-07-02 17:00","NWWALC Stadium","NiuniuTeam","137395","Janowiak, Olaf","1865690","4","4","2","0","0","62.8","4","0","2","50","50","1","0","0","1","1","100","0","0","0","0","0","2","10","16","0","0","0","0","0","0","0","10.4","","0","0","0","0","1","1","10","16","1","0","9","1","0","1","62.8","62.8","0","0","0","0","1","1","0","0","0","0","0","0","0","0","0","0","0","0","2","0","0","0","1","3","0","0","0","0","0","0","0","0","0","0","0","0","0","0","0","0","0","0","0","0","0","0","0","1","1","0","0","0","0","1","0","6","0","0","0","bulk-1.27-teamid-from-league-list","0","0","0"
"3.3","Volleyball Szubin Team vs Bad Boys Team 3:0","1126269","2026-07-02 17:00","VST Hala Sportowa","Volleyball Szubin Team","128579","Zawadzki, Maciej","1744964","4","4","13","0","0","64.7","0","0","0","0","0","16","11","4","5","2","38","0","0","0","0","0","4","27","57","41","11","93","27","32","26","8","16","{""sets"":[{""h"":25,""a"":17},{""h"":25,""a"":17},{""h"":25,""a"":16}],""parsedSets"":[{""rallies"":[{""type"":""end"",""score"":""25 : 17"",""txt"":""Koniec seta 1 : 0""},{""type"":""end"",""score"":""25 : 17"",""txt"":""Koniec seta 1 : 0""},{""type"":""rally"",""score"":""25 : 17"",""speed"":""61.8 km/h"",""res"":""Błąd: M. Piotrowski""},{""type"":""rally"",""score"":""24 : 17"",""speed"":""60.1 km/h"",""res"":""Punkt: Y. Chunxian""},{""type"":""rally"",""score"":""23 : 17"",""speed"":""47.0 km/h"",""res"":""Punkt: Y. Chunxian""},{""type"":""rally"",""score"":""22 : 17"",""speed"":""61.9 km/h"",""res"":""Punkt: R. Šandrić""},{""type"":""rally"",""score"":""22 : 16"",""speed"":""49.4 km/h"",""res"":""Punkt: B. Gallegos""},{""type"":""rally"",""score"":""21 : 16"",""speed"":""46.8 km/h"",""res"":""Punkt: S. Kuniewicz""},{""type"":""rally"",""score"":""21 : 15"",""speed"":""56.4 km/h"",""res"":""Punkt: J. Namysło""},{""type"":""rally"",""score"":""20 : 15"",""speed"":""49.9 km/h"",""res"":""Punkt: R. Šandrić""},{""type"":""rally"",""score"":""20 : 14"",""speed"":""61.6 km/h"",""res"":""Punkt: B. Gallegos""},{""type"":""rally"",""score"":""19 : 14"",""speed"":""68.8 km/h"",""res"":""Punkt: J. Czajka""},{""type"":""rally"",""score"":""19 : 13"",""speed"":""59.1 km/h"",""res"":""Punkt: Y. Chunxian""},{""type"":""rally"",""score"":""18 : 13"",""speed"":""57.7 km/h"",""res"":""Punkt: M. Szmuc""},{""type"":""rally"",""score"":""18 : 12"",""speed"":""45.5 km/h"",""res"":""Punkt: Y. Chunxian""},{""type"":""rally"",""score"":""17 : 12"",""speed"":""62.7 km/h"",""res"":""Punkt: R. Urbanek""},{""type"":""tmo"",""score"":""17 : 11"",""txt"":""Czas dla: Bad Boys Team""},{""type"":""rally"",""score"":""17 : 11"",""speed"":""72.8 km/h"",""res"":""Punkt: Y. Chunxian""},{""type"":""tmo"",""score"":""16 : 11"",""txt"":""Czas dla: ""},{""type"":""rally"",""score"":""16 : 11"",""speed"":""67.4 km/h"",""res"":""Punkt: J. Namysło""},{""type"":""rally"",""score"":""15 : 11"",""speed"":""56.2 km/h"",""res"":""Punkt: M. Zawadzki""},{""type"":""rally"",""score"":""14 : 11"",""speed"":""70.6 km/h"",""res"":""Punkt: P. Pankowski""},{""type"":""rally"",""score"":""13 : 11"",""speed"":""48.4 km/h"",""res"":""Punkt: Y. Chunxian""},{""type"":""rally"",""score"":""12 : 11"",""speed"":""49.6 km/h"",""res"":""Błąd: Y. Chunxian""},{""type"":""rally"",""score"":""12 : 10"",""speed"":""-"",""res"":""Błąd: B. Gallegos""},{""type"":""rally"",""score"":""12 : 9"",""speed"":""-"",""res"":""Błąd: J. Czajka""},{""type"":""rally"",""score"":""11 : 9"",""speed"":""66.8 km/h"",""res"":""Punkt: J. Czajka""},{""type"":""rally"",""score"":""11 : 8"",""speed"":""48.1 km/h"",""res"":""Punkt: A. Travnicek""},{""type"":""rally"",""score"":""10 : 8"",""speed"":""42.1 km/h"",""res"":""Punkt: S. Kuniewicz""},{""type"":""rally"",""score"":""10 : 7"",""speed"":""60.8 km/h"",""res"":""Punkt: R. Šandrić""},{""type"":""rally"",""score"":""10 : 6"",""speed"":""59.6 km/h"",""res"":""Punkt: B. Gallegos""},{""type"":""rally"",""score"":""9 : 6"",""speed"":""84.0 km/h"",""res"":""Punkt: J. Czajka""},{""type"":""rally"",""score"":""9 : 5"",""speed"":""50.2 km/h"",""res"":""Punkt: Y. Chunxian""},{""type"":""rally"",""score"":""8 : 5"",""speed"":""62.4 km/h"",""res"":""Punkt: R. Šandrić""},{""type"":""tmo"",""score"":""8 : 4"",""txt"":""Czas dla: ""},{""type"":""rally"",""score"":""8 : 4"",""speed"":""63.9 km/h"",""res"":""Punkt: Y. Chunxian""},{""type"":""rally"",""score"":""7 : 4"",""speed"":""60.2 km/h"",""res"":""Punkt: J. Namysło""},{""type"":""rally"",""score"":""6 : 4"",""speed"":""62.9 km/h"",""res"":""Punkt: M. Zawadzki""},{""type"":""rally"",""score"":""5 : 4"",""speed"":""57.9 km/h"",""res"":""Punkt: M. Piotrowski""},{""type"":""rally"",""score"":""5 : 3"",""speed"":""47.6 km/h"",""res"":""Punkt: Y. Chunxian""},{""type"":""rally"",""score"":""4 : 3"",""speed"":""-"",""res"":""Błąd: B. Gallegos""},{""type"":""rally"",""score"":""4 : 2"",""speed"":""45.3 km/h"",""res"":""Punkt: B. Gallegos""},{""type"":""rally"",""score"":""3 : 2"",""speed"":""-"",""res"":""Błąd: J. Czajka""},{""type"":""rally"",""score"":""2 : 2"",""speed"":""68.7 km/h"",""res"":""Punkt: R. Urbanek""},{""type"":""rally"",""score"":""2 : 1"",""speed"":""-"",""res"":""Błąd: R. Urbanek""},{""type"":""rally"",""score"":""1 : 1"",""speed"":""46.8 km/h"",""res"":""Punkt: R. Urbanek""},{""type"":""chg"",""score"":""1 : 0"",""txt"":""Zmiana: B. Gallegos ⇄ S. Xiangda""},{""type"":""chg"",""score"":""1 : 0"",""txt"":""Zmiana: Y. Chunxian ⇄ D. Gomez""},{""type"":""rally"",""score"":""1 : 0"",""speed"":""51.7 km/h"",""res"":""Punkt: S. Xiangda""}]},{""rallies"":[{""type"":""end"",""score"":""25 : 17"",""txt"":""Koniec seta 2 : 0""},{""type"":""end"",""score"":""25 : 17"",""txt"":""Koniec seta 2 : 0""},{""type"":""rally"",""score"":""25 : 17"",""speed"":""69.6 km/h"",""res"":""Punkt: A. Travnicek""},{""type"":""rally"",""score"":""24 : 17"",""speed"":""52.1 km/h"",""res"":""Punkt: A. Travnicek""},{""type"":""rally"",""score"":""23 : 17"",""speed"":""49.6 km/h"",""res"":""Punkt: S. Xiangda""},{""type"":""rally"",""score"":""22 : 17"",""speed"":""54.3 km/h"",""res"":""Punkt: S. Xiangda""},{""type"":""rally"",""score"":""21 : 17"",""speed"":""56.1 km/h"",""res"":""Punkt: R. Šandrić""},{""type"":""rally"",""score"":""21 : 16"",""speed"":""60.0 km/h"",""res"":""Punkt: S. Xiangda""},{""type"":""rally"",""score"":""20 : 16"",""speed"":""-"",""res"":""Błąd: A. Stathakopoulos""},{""type"":""rally"",""score"":""20 : 15"",""speed"":""53.5 km/h"",""res"":""Punkt: A. Stathakopoulos""},{""type"":""tmo"",""score"":""19 : 15"",""txt"":""Czas dla: Volleyball Szubin Team""},{""type"":""rally"",""score"":""19 : 15"",""speed"":""62.0 km/h"",""res"":""Punkt: M. Szmuc""},{""type"":""tmo"",""score"":""19 : 14"",""txt"":""Czas dla: Volleyball Szubin Team""},{""type"":""rally"",""score"":""19 : 14"",""speed"":""49.1 km/h"",""res"":""Punkt: M. Szmuc""},{""type"":""rally"",""score"":""19 : 13"",""speed"":""55.8 km/h"",""res"":""Punkt: M. Szmuc""},{""type"":""rally"",""score"":""19 : 12"",""speed"":""55.5 km/h"",""res"":""Punkt: M. Piotrowski""},{""type"":""rally"",""score"":""19 : 11"",""speed"":""46.5 km/h"",""res"":""Punkt: J. Namysło""},{""type"":""rally"",""score"":""18 : 11"",""speed"":""61.6 km/h"",""res"":""Punkt: M. Piotrowski""},{""type"":""rally"",""score"":""18 : 10"",""speed"":""56.2 km/h"",""res"":""Punkt: A. Stathakopoulos""},{""type"":""rally"",""score"":""17 : 10"",""speed"":""-"",""res"":""Błąd: S. Xiangda""},{""type"":""rally"",""score"":""17 : 9"",""speed"":""49.3 km/h"",""res"":""Punkt: S. Xiangda""},{""type"":""rally"",""score"":""16 : 9"",""speed"":""49.2 km/h"",""res"":""Punkt: R. Šandrić""},{""type"":""tmo"",""score"":""16 : 8"",""txt"":""Czas dla: ""},{""type"":""rally"",""score"":""16 : 8"",""speed"":""47.8 km/h"",""res"":""Punkt: S. Xiangda""},{""type"":""rally"",""score"":""15 : 8"",""speed"":""53.5 km/h"",""res"":""Punkt: J. Czajka""},{""type"":""rally"",""score"":""15 : 7"",""speed"":""57.8 km/h"",""res"":""Punkt: J. Czajka""},{""type"":""rally"",""score"":""15 : 6"",""speed"":""43.5 km/h"",""res"":""Punkt: S. Xiangda""},{""type"":""rally"",""score"":""14 : 6"",""speed"":""45.9 km/h"",""res"":""Punkt: M. Piotrowski""},{""type"":""rally"",""score"":""14 : 5"",""speed"":""62.8 km/h"",""res"":""Błąd: M. Piotrowski""},{""type"":""rally"",""score"":""13 : 5"",""speed"":""56.5 km/h"",""res"":""Punkt: M. Zawadzki""},{""type"":""rally"",""score"":""12 : 5"",""speed"":""64.3 km/h"",""res"":""Punkt: A. Stathakopoulos""},{""type"":""rally"",""score"":""11 : 5"",""speed"":""45.5 km/h"",""res"":""Punkt: S. Kuniewicz""},{""type"":""tmo"",""score"":""11 : 4"",""txt"":""Czas dla: Bad Boys Team""},{""type"":""rally"",""score"":""11 : 4"",""speed"":""63.5 km/h"",""res"":""Błąd: M. Piotrowski""},{""type"":""rally"",""score"":""10 : 4"",""speed"":""57.4 km/h"",""res"":""Punkt: A. Travnicek""},{""type"":""rally"",""score"":""9 : 4"",""speed"":""50.0 km/h"",""res"":""Punkt: A. Stathakopoulos""},{""type"":""tmo"",""score"":""8 : 4"",""txt"":""Czas dla: ""},{""type"":""rally"",""score"":""8 : 4"",""speed"":""55.0 km/h"",""res"":""Punkt: M. Zawadzki""},{""type"":""rally"",""score"":""7 : 4"",""speed"":""61.9 km/h"",""res"":""Punkt: M. Piotrowski""},{""type"":""rally"",""score"":""7 : 3"",""speed"":""-"",""res"":""Błąd: P. Pankowski""},{""type"":""rally"",""score"":""7 : 2"",""speed"":""60.0 km/h"",""res"":""Punkt: A. Stathakopoulos""},{""type"":""rally"",""score"":""6 : 2"",""speed"":""71.5 km/h"",""res"":""Punkt: A. Stathakopoulos""},{""type"":""rally"",""score"":""5 : 2"",""speed"":""44.3 km/h"",""res"":""Punkt: A. Stathakopoulos""},{""type"":""rally"",""score"":""4 : 2"",""speed"":""45.2 km/h"",""res"":""Punkt: R. Šandrić""},{""type"":""rally"",""score"":""4 : 1"",""speed"":""70.1 km/h"",""res"":""Punkt: J. Namysło""},{""type"":""rally"",""score"":""3 : 1"",""speed"":""51.7 km/h"",""res"":""Punkt: A. Stathakopoulos""},{""type"":""rally"",""score"":""2 : 1"",""speed"":""56.5 km/h"",""res"":""Punkt: P. Pankowski""},{""type"":""rally"",""score"":""1 : 1"",""speed"":""58.9 km/h"",""res"":""Punkt: R. Urbanek""},{""type"":""chg"",""score"":""1 : 0"",""txt"":""Zmiana: A. Stathakopoulos ⇄ D. Gomez""},{""type"":""rally"",""score"":""1 : 0"",""speed"":""52.9 km/h"",""res"":""Punkt: S. Xiangda""}]},{""rallies"":[{""type"":""end"",""score"":""25 : 16"",""txt"":""Koniec seta 3 : 0""},{""type"":""end"",""score"":""25 : 16"",""txt"":""Koniec seta 3 : 0""},{""type"":""rally"",""score"":""25 : 16"",""speed"":""64.7 km/h"",""res"":""Punkt: A. Travnicek""},{""type"":""rally"",""score"":""24 : 16"",""speed"":""57.7 km/h"",""res"":""Błąd: S. Kuniewicz""},{""type"":""rally"",""score"":""23 : 16"",""speed"":""51.3 km/h"",""res"":""Punkt: R. Urbanek""},{""type"":""rally"",""score"":""23 : 15"",""speed"":""46.0 km/h"",""res"":""Punkt: D. Gomez""},{""type"":""tmo"",""score"":""22 : 15"",""txt"":""Czas dla: Volleyball Szubin Team""},{""type"":""rally"",""score"":""22 : 15"",""speed"":""62.1 km/h"",""res"":""Błąd: D. Gomez""},{""type"":""rally"",""score"":""22 : 14"",""speed"":""59.4 km/h"",""res"":""Błąd: D. Gomez""},{""type"":""rally"",""score"":""22 : 13"",""speed"":""56.0 km/h"",""res"":""Punkt: R. Urbanek""},{""type"":""rally"",""score"":""22 : 12"",""speed"":""46.6 km/h"",""res"":""Punkt: D. Gomez""},{""type"":""rally"",""score"":""21 : 12"",""speed"":""51.8 km/h"",""res"":""Punkt: M. Szmuc""},{""type"":""rally"",""score"":""21 : 11"",""speed"":""56.8 km/h"",""res"":""Punkt: D. Gomez""},{""type"":""rally"",""score"":""20 : 11"",""speed"":""51.3 km/h"",""res"":""Błąd: M. Piotrowski""},{""type"":""rally"",""score"":""19 : 11"",""speed"":""54.3 km/h"",""res"":""Punkt: J. Namysło""},{""type"":""rally"",""score"":""18 : 11"",""speed"":""58.5 km/h"",""res"":""Punkt: D. Gomez""},{""type"":""rally"",""score"":""17 : 11"",""speed"":""52.1 km/h"",""res"":""Punkt: J. Namysło""},{""type"":""rally"",""score"":""16 : 11"",""speed"":""-"",""res"":""Błąd: B. Brewster""},{""type"":""tmo"",""score"":""16 : 10"",""txt"":""Czas dla: ""},{""type"":""rally"",""score"":""16 : 10"",""speed"":""47.5 km/h"",""res"":""Punkt: P. Pankowski""},{""type"":""rally"",""score"":""15 : 10"",""speed"":""52.9 km/h"",""res"":""Punkt: R. Šandrić""},{""type"":""rally"",""score"":""15 : 9"",""speed"":""58.7 km/h"",""res"":""Punkt: P. Pankowski""},{""type"":""rally"",""score"":""14 : 9"",""speed"":""59.0 km/h"",""res"":""Punkt: J. Namysło""},{""type"":""rally"",""score"":""13 : 9"",""speed"":""43.7 km/h"",""res"":""Punkt: R. Šandrić""},{""type"":""tmo"",""score"":""13 : 8"",""txt"":""Czas dla: Bad Boys Team""},{""type"":""rally"",""score"":""13 : 8"",""speed"":""51.4 km/h"",""res"":""Punkt: A. Travnicek""},{""type"":""rally"",""score"":""12 : 8"",""speed"":""56.1 km/h"",""res"":""Punkt: A. Travnicek""},{""type"":""rally"",""score"":""11 : 8"",""speed"":""52.3 km/h"",""res"":""Punkt: J. Namysło""},{""type"":""rally"",""score"":""10 : 8"",""speed"":""50.3 km/h"",""res"":""Punkt: P. Pankowski""},{""type"":""rally"",""score"":""9 : 8"",""speed"":""48.6 km/h"",""res"":""Punkt: J. Czajka""},{""type"":""rally"",""score"":""9 : 7"",""speed"":""62.4 km/h"",""res"":""Punkt: A. Travnicek""},{""type"":""tmo"",""score"":""8 : 7"",""txt"":""Czas dla: ""},{""type"":""rally"",""score"":""8 : 7"",""speed"":""55.6 km/h"",""res"":""Punkt: A. Travnicek""},{""type"":""rally"",""score"":""7 : 7"",""speed"":""-"",""res"":""Błąd: J. Namysło""},{""type"":""rally"",""score"":""7 : 6"",""speed"":""48.7 km/h"",""res"":""Punkt: D. Gomez""},{""type"":""rally"",""score"":""6 : 6"",""speed"":""53.0 km/h"",""res"":""Punkt: D. Gomez""},{""type"":""chg"",""score"":""5 : 6"",""txt"":""Zmiana: D. Gomez ⇄ S. Chuanhao""},{""type"":""rally"",""score"":""5 : 6"",""speed"":""54.6 km/h"",""res"":""Punkt: S. Kuniewicz""},{""type"":""rally"",""score"":""5 : 5"",""speed"":""58.8 km/h"",""res"":""Punkt: S. Chuanhao""},{""type"":""rally"",""score"":""4 : 5"",""speed"":""54.6 km/h"",""res"":""Punkt: R. Šandrić""},{""type"":""rally"",""score"":""4 : 4"",""speed"":""53.7 km/h"",""res"":""Punkt: J. Namysło""},{""type"":""rally"",""score"":""3 : 4"",""speed"":""49.4 km/h"",""res"":""Błąd: B. Brewster""},{""type"":""rally"",""score"":""3 : 3"",""speed"":""46.8 km/h"",""res"":""Punkt: S. Kuniewicz""},{""type"":""rally"",""score"":""3 : 2"",""speed"":""57.4 km/h"",""res"":""Punkt: S. Kuniewicz""},{""type"":""rally"",""score"":""3 : 1"",""speed"":""47.9 km/h"",""res"":""Błąd: J. Czajka""},{""type"":""rally"",""score"":""2 : 1"",""speed"":""43.7 km/h"",""res"":""Punkt: J. Namysło""},{""type"":""rally"",""score"":""1 : 1"",""speed"":""52.7 km/h"",""res"":""Punkt: J. Czajka""},{""type"":""chg"",""score"":""1 : 0"",""txt"":""Zmiana: S. Chuanhao ⇄ D. Gomez""},{""type"":""chg"",""score"":""1 : 0"",""txt"":""Zmiana: B. Brewster ⇄ S. Xiangda""},{""type"":""rally"",""score"":""1 : 0"",""speed"":""42.9 km/h"",""res"":""Punkt: J. Namysło""}]}]}","1","3","1","2","0","0","27","57","4","0","25","0","0","2","64.7","52.8","0","0","0","0","0","0","0","0","0","0","0","0","0","0","0","0","0","0","0","0","0","0","0","0","0","0","0","0","0","0","41","11","1","4","36","93","0","0","0","0","0","4","0","2","0","1","1","2","1","1","0","0","0","3","26","27","32","0","0","bulk-1.27-teamid-from-league-list","0","0","0"
"3.3","Volleyball Szubin Team vs Bad Boys Team 3:0","1126269","2026-07-02 17:00","VST Hala Sportowa","Volleyball Szubin Team","128579","Travnicek, Adam","1927565","9","8","12","0","2","68.7","11","1","3","27","18","15","7","7","8","1","53","20","0","100","10","50","4","25","48","0","0","0","0","0","0","0","44.1","","1","4","0","4","0","0","25","48","4","0","23","0","0","2","69.6","56.6","0","0","0","0","2","2","0","0","0","0","0","0","3","0","0","0","1","4","0","0","0","0","0","0","0","0","1","0","4","5","0","0","0","0","0","0","8","4","5","3","20","7","2","1","0","3","1","1","0","0","0","0","1","3","13","16","18","0","0","bulk-1.27-teamid-from-league-list","0","0","0"
"3.3","Volleyball Szubin Team vs Bad Boys Team 3:0","1126269","2026-07-02 17:00","VST Hala Sportowa","Volleyball Szubin Team","128579","Xiangda, Sakchai","2003881","8","5","4","1","0","70.1","12","2","7","58","42","0","0","0","0","0","0","0","0","0","0","0","1","10","16","0","0","0","0","0","0","0","21.4","","0","0","0","0","0","0","10","16","1","0","10","0","0","0","70.1","55.7","0","0","0","0","0","0","1","0","0","0","0","1","0","0","0","0","0","0","6","0","2","0","3","11","0","0","0","0","0","0","0","0","0","0","0","0","0","0","0","0","0","0","0","0","0","0","0","0","0","0","0","0","0","2","1","15","0","0","0","bulk-1.27-teamid-from-league-list","0","0","0"
"3.3","Volleyball Szubin Team vs Bad Boys Team 3:0","1126269","2026-07-02 17:00","VST Hala Sportowa","Volleyball Szubin Team","128579","Pankowski, Paweł","1951289","5","4","18","1","1","72.8","8","0","1","13","13","12","7","4","5","4","67","0","0","0","0","0","3","31","48","0","0","0","0","0","0","0","17.8","","4","5","0","0","0","0","31","48","3","0","27","0","0","4","72.8","60.6","0","0","0","0","5","5","1","0","0","0","0","1","0","0","0","0","1","1","0","0","0","0","0","0","0","0","0","0","1","1","0","0","0","0","0","0","0","0","0","0","0","4","1","2","0","0","1","4","2","0","0","1","1","3","12","8","15","0","0","bulk-1.27-teamid-from-league-list","0","0","0"
"3.3","Volleyball Szubin Team vs Bad Boys Team 3:0","1126269","2026-07-02 17:00","VST Hala Sportowa","Volleyball Szubin Team","128579","Namysło, Jan","1927567","12","10","12","1","1","63.9","14","1","8","57","50","7","3","2","4","2","57","23","0","100","14","61","3","30","57","0","0","0","0","0","0","0","52.7","","2","2","0","2","0","0","30","57","3","0","28","0","0","2","63.9","56.4","0","0","0","0","1","1","0","0","0","0","0","0","3","0","1","0","1","5","0","0","0","0","0","0","5","0","0","0","3","8","0","0","0","0","0","0","7","10","3","3","23","2","1","1","0","0","0","2","1","1","0","0","0","3","13","19","15","0","0","bulk-1.27-teamid-from-league-list","0","0","0"
"3.3","Volleyball Szubin Team vs Bad Boys Team 3:0","1126269","2026-07-02 17:00","VST Hala Sportowa","Volleyball Szubin Team","128579","Gomez, Damian","1865790","6","3","3","0","0","62.4","9","3","5","56","22","1","1","0","0","0","0","0","0","0","0","0","1","9","11","0","0","0","0","0","0","0","8.5","","0","0","0","0","0","0","9","11","1","1","9","0","0","0","62.4","54.1","0","1","0","0","1","2","0","0","1","0","0","1","0","0","0","0","0","0","5","1","0","0","0","6","0","0","0","0","0","0","0","0","0","0","0","0","0","0","0","0","0","0","0","0","0","0","0","0","0","0","0","0","0","1","0","0","13","0","0","bulk-1.27-teamid-from-league-list","0","0","0"
"3.3","Volleyball Szubin Team vs Bad Boys Team 3:0","1126269","2026-07-02 17:00","VST Hala Sportowa","Volleyball Szubin Team","128579","Arsov, Nikolay","1928398","0","0","0","0","0","0","0","0","0","0","0","34","22","16","12","9","74","5","0","100","1","20","0","0","0","1","3","6","0","2","2","2","18.8","","9","10","0","2","0","0","0","0","0","0","0","0","0","0","0","0","0","0","0","0","0","0","0","0","0","0","0","0","0","0","0","0","0","0","0","0","0","0","0","0","0","0","0","0","0","0","1","3","0","0","2","6","3","1","0","1","5","16","7","1","0","7","1","9","3","2","0","2","2","3","11","9","14","0","0","bulk-1.27-teamid-from-league-list","0","0","0"
"3.3","Volleyball Szubin Team vs Bad Boys Team 3:0","1126269","2026-07-02 17:00","VST Hala Sportowa","Volleyball Szubin Team","128579","Chunxian, Yong","2060385","9","7","2","0","0","84","13","2","8","62","46","1","0","0","1","0","0","0","0","0","0","0","1","13","17","0","0","0","0","0","0","0","25.2","","0","1","0","0","0","0","13","17","1","0","11","0","0","2","84","76.4","2","0","0","0","1","3","0","0","0","0","0","0","0","0","0","0","0","0","6","1","1","0","2","10","0","0","0","0","0","0","0","0","0","0","0","0","0","0","0","0","0","0","0","0","0","0","0","0","0","0","0","0","0","1","14","0","0","0","0","bulk-1.27-teamid-from-league-list","0","0","0"
"3.3","Volleyball Szubin Team vs Bad Boys Team 3:0","1126269","2026-07-02 17:00","VST Hala Sportowa","Volleyball Szubin Team","128579","Gallegos, Basilio","2004525","4","1","4","2","1","61.9","7","1","3","43","29","0","0","0","0","0","0","0","0","0","0","0","0","8","12","0","0","0","0","0","0","0","5.5","","0","0","0","0","0","0","8","12","0","0","8","0","0","0","61.9","53.6","0","0","0","0","0","0","0","0","0","0","0","0","0","0","0","0","0","0","3","0","1","0","3","7","0","0","0","0","0","0","0","0","0","0","0","0","0","0","0","0","0","0","0","0","0","0","0","0","0","0","0","0","0","1","11","0","0","0","0","bulk-1.27-teamid-from-league-list","0","0","0"
"3.3","Volleyball Szubin Team vs Bad Boys Team 3:0","1126269","2026-07-02 17:00","VST Hala Sportowa","Volleyball Szubin Team","128579","Chuanhao, See-Yuen","2060571","1","1","0","0","0","0","2","0","1","50","50","1","0","0","1","0","0","0","0","0","0","0","0","1","4","0","0","0","0","0","0","0","2","","0","0","0","1","0","0","1","4","0","1","1","0","0","0","0","0","1","0","0","0","0","1","0","0","0","0","0","0","0","0","0","0","0","0","0","0","0","0","1","1","0","0","0","0","0","0","0","0","0","0","0","0","0","0","0","0","0","0","0","0","0","0","0","0","0","0","0","0","0","1","0","0","2","0","0","bulk-1.27-teamid-from-league-list","0","0","0"
"3.3","Volleyball Szubin Team vs Bad Boys Team 3:0","1126269","2026-07-02 17:00","VST Hala Sportowa","Volleyball Szubin Team","128579","Stathakopoulos, Alkis","2060718","9","3","4","1","0","62.8","18","5","7","39","11","3","0","0","3","0","0","0","0","0","0","0","2","11","21","0","0","0","0","0","0","0","13.7","","0","1","0","2","0","0","11","21","2","0","9","0","0","2","62.8","55.1","1","0","1","0","3","5","0","0","1","0","0","1","0","0","0","0","0","0","5","0","3","1","3","12","0","0","0","0","0","0","0","0","0","0","0","0","0","0","0","0","0","0","0","0","0","0","0","0","0","0","0","0","0","1","0","18","0","0","0","bulk-1.27-teamid-from-league-list","0","0","0"
"3.3","Volleyball Szubin Team vs Bad Boys Team 3:0","1126269","2026-07-02 17:00","VST Hala Sportowa","Volleyball Szubin Team","128579","Brewster, Brian","2112139","0","-4","2","1","0","54.6","5","3","0","0","-60","0","0","0","0","0","0","0","0","0","0","0","0","15","24","0","0","0","0","0","0","0","-5.5","","0","0","0","0","0","0","15","24","0","1","12","0","0","3","54.6","54.6","0","0","0","0","0","0","0","0","0","0","0","0","0","0","0","0","0","0","0","1","2","0","2","5","0","0","0","0","0","0","0","0","0","0","0","0","0","0","0","0","0","0","0","0","0","0","0","0","0","0","0","0","0","1","0","0","7","0","0","bulk-1.27-teamid-from-league-list","0","0","0"
"3.3","Volleyball Szubin Team vs Bad Boys Team 3:0","1126269","2026-07-02 17:00","VST Hala Sportowa","Bad Boys Team","128706","Szmuc, Michał","1767801","5","5","8","0","0","61.6","0","0","0","0","0","12","9","3","3","2","42","0","0","0","0","0","5","26","54","27","18","100","12","29","37","22","18.2","","2","2","0","1","0","0","26","54","5","0","20","0","0","6","61.6","54.7","0","0","0","0","0","0","0","0","0","0","0","0","0","0","0","0","0","0","0","0","0","0","0","0","0","0","0","0","0","0","27","18","2","5","48","100","0","0","0","0","0","3","0","1","1","0","1","2","0","1","0","1","0","3","27","30","29","0","0","bulk-1.27-teamid-from-league-list","0","0","0"
"3.3","Volleyball Szubin Team vs Bad Boys Team 3:0","1126269","2026-07-02 17:00","VST Hala Sportowa","Bad Boys Team","128706","Urbanek, Rafał","1974735","6","0","8","1","0","59","22","4","6","27","9","16","10","4","6","3","44","19","1","95","8","42","0","12","45","0","0","0","0","0","0","0","19.6","","2","4","1","2","0","0","12","45","0","0","5","0","0","7","59","50.7","1","0","0","0","3","4","0","0","2","0","0","2","4","0","1","0","7","12","0","0","0","0","0","0","1","0","1","0","2","4","0","0","0","0","0","0","2","5","5","6","18","4","1","1","0","1","1","3","0","0","0","3","0","3","15","14","22","0","0","bulk-1.27-teamid-from-league-list","0","0","0"
"3.3","Volleyball Szubin Team vs Bad Boys Team 3:0","1126269","2026-07-02 17:00","VST Hala Sportowa","Bad Boys Team","128706","Czajka, Jerzy","2002950","7","4","9","2","0","56.2","13","1","6","46","38","2","1","0","1","0","0","0","0","0","0","0","1","23","47","0","0","0","0","0","0","0","19.1","","0","0","0","1","0","0","23","47","1","0","10","0","0","13","56.2","49.6","4","0","0","0","4","8","0","0","0","0","0","0","0","0","0","0","0","0","2","1","0","0","2","5","0","0","0","0","0","0","0","0","0","0","0","0","0","0","0","0","0","0","0","0","0","0","0","0","0","0","0","0","0","3","8","5","9","0","0","bulk-1.27-teamid-from-league-list","0","0","0"
"3.3","Volleyball Szubin Team vs Bad Boys Team 3:0","1126269","2026-07-02 17:00","VST Hala Sportowa","Bad Boys Team","128706","Šandrić, Romeo","1928725","12","2","9","0","0","61.9","30","10","10","33","0","23","11","2","12","2","17","0","0","0","0","0","2","13","45","0","0","0","0","0","0","0","13.4","","1","3","1","9","0","0","13","45","1","1","10","1","0","3","61.9","51.9","3","0","2","0","4","9","1","0","4","1","0","6","3","0","2","0","1","6","0","0","0","0","0","0","2","0","2","0","5","9","0","0","0","0","0","0","0","0","0","0","0","2","0","1","0","0","1","2","1","0","0","0","1","3","15","15","16","0","0","bulk-1.27-teamid-from-league-list","0","0","0"
"3.3","Volleyball Szubin Team vs Bad Boys Team 3:0","1126269","2026-07-02 17:00","VST Hala Sportowa","Bad Boys Team","128706","Kuniewicz, Szymon","1948967","9","0","9","0","0","64.3","23","5","4","17","-4","19","10","3","9","4","37","45","4","91","13","29","5","15","54","0","0","0","0","0","0","0","32.3","","3","3","0","5","1","1","15","54","4","0","11","1","0","4","64.3","54.7","0","1","1","0","3","5","0","0","2","0","0","2","2","0","1","2","7","12","0","0","0","0","0","0","0","0","0","0","4","4","0","0","0","0","0","0","7","11","16","7","41","3","1","1","0","1","0","4","0","2","0","0","2","3","21","25","22","0","0","bulk-1.27-teamid-from-league-list","0","0","0"
"3.3","Volleyball Szubin Team vs Bad Boys Team 3:0","1126269","2026-07-02 17:00","VST Hala Sportowa","Bad Boys Team","128706","Piotrowski, Marek","1976451","5","0","8","0","0","62.1","17","5","4","24","-6","4","3","1","1","1","50","0","0","0","0","0","1","31","52","0","0","0","0","0","0","0","3.5","","1","1","0","0","0","0","31","52","1","0","28","0","0","3","62.1","54.5","1","3","1","0","3","8","2","1","0","0","0","3","0","0","0","0","0","0","1","0","0","0","5","6","0","0","0","0","0","0","0","0","0","0","0","0","0","0","0","0","0","1","0","1","0","0","0","1","0","0","0","1","0","3","5","13","7","0","0","bulk-1.27-teamid-from-league-list","0","0","0"
"3.3","Volleyball Szubin Team vs Bad Boys Team 3:0","1126269","2026-07-02 17:00","VST Hala Sportowa","Bad Boys Team","128706","Barret, Jean-Pierre","1745239","0","0","0","0","0","0","0","0","0","0","0","28","19","12","9","6","64","3","0","100","1","33","0","0","0","0","1","5","1","0","1","3","13.6","","4","4","1","4","1","1","0","0","0","0","0","0","0","0","0","0","0","0","0","0","0","0","0","0","0","0","0","0","0","0","0","0","0","0","0","0","0","0","0","0","0","0","0","0","0","0","0","1","1","1","2","5","0","1","1","1","3","12","3","1","1","6","1","6","1","1","0","3","1","3","6","7","10","0","0","bulk-1.27-teamid-from-league-list","0","0","0"
"3.3","Ale co vs Mazaki VC 3:1","1126270","2026-07-02 17:00","Ale co","Ale co","128694","Drabek, Mieczysław","1927726","5","3","14","2","1","68.8","0","0","0","0","0","22","12","5","10","5","45","0","0","0","0","0","4","25","54","52","22","128","21","43","42","22","19","{""sets"":[{""h"":25,""a"":21},{""h"":17,""a"":25},{""h"":25,""a"":17},{""h"":26,""a"":24}],""parsedSets"":[{""rallies"":[{""type"":""end"",""score"":""25 : 21"",""txt"":""Koniec seta 1 : 0""},{""type"":""end"",""score"":""25 : 21"",""txt"":""Koniec seta 1 : 0""},{""type"":""rally"",""score"":""25 : 21"",""speed"":""-"",""res"":""Błąd: J. Łysiak""},{""type"":""rally"",""score"":""24 : 21"",""speed"":""-"",""res"":""Błąd: H. Floret""},{""type"":""rally"",""score"":""24 : 20"",""speed"":""48.7 km/h"",""res"":""Punkt: L. Ladeira""},{""type"":""rally"",""score"":""23 : 20"",""speed"":""-"",""res"":""Błąd: S. Chaput""},{""type"":""rally"",""score"":""23 : 19"",""speed"":""51.3 km/h"",""res"":""Punkt: H. Floret""},{""type"":""rally"",""score"":""22 : 19"",""speed"":""-"",""res"":""Błąd: M. Kobyliński""},{""type"":""rally"",""score"":""22 : 18"",""speed"":""-"",""res"":""Błąd: M. Kozakowski""},{""type"":""rally"",""score"":""21 : 18"",""speed"":""44.1 km/h"",""res"":""Punkt: M. Kozakowski""},{""type"":""rally"",""score"":""21 : 17"",""speed"":""49.3 km/h"",""res"":""Punkt: M. Kobyliński""},{""type"":""rally"",""score"":""20 : 17"",""speed"":""47.5 km/h"",""res"":""Punkt: M. Kozakowski""},{""type"":""rally"",""score"":""20 : 16"",""speed"":""60.8 km/h"",""res"":""Punkt: R. Kościółek""},{""type"":""rally"",""score"":""20 : 15"",""speed"":""44.6 km/h"",""res"":""Punkt: M. Kobyliński""},{""type"":""rally"",""score"":""19 : 15"",""speed"":""59.1 km/h"",""res"":""Punkt: V. Stefanov""},{""type"":""rally"",""score"":""19 : 14"",""speed"":""53.1 km/h"",""res"":""Punkt: M. Kozakowski""},{""type"":""rally"",""score"":""19 : 13"",""speed"":""55.2 km/h"",""res"":""Punkt: L. Ladeira""},{""type"":""rally"",""score"":""18 : 13"",""speed"":""52.7 km/h"",""res"":""Punkt: J. Łysiak""},{""type"":""chg"",""score"":""18 : 12"",""txt"":""Zmiana: G. Petershausen ⇄ M. Pułtorak""},{""type"":""rally"",""score"":""18 : 12"",""speed"":""65.3 km/h"",""res"":""Punkt: L. Ladeira""},{""type"":""rally"",""score"":""17 : 12"",""speed"":""46.0 km/h"",""res"":""Punkt: H. Floret""},{""type"":""chg"",""score"":""16 : 12"",""txt"":""Zmiana: J. Łysiak ⇄ F. Eylül""},{""type"":""tmo"",""score"":""16 : 12"",""txt"":""Czas dla: ""},{""type"":""rally"",""score"":""16 : 12"",""speed"":""57.8 km/h"",""res"":""Punkt: L. Ladeira""},{""type"":""chg"",""score"":""15 : 12"",""txt"":""Zmiana: A. Nowak ⇄ P. Pomian""},{""type"":""rally"",""score"":""15 : 12"",""speed"":""46.5 km/h"",""res"":""Punkt: M. Drabek""},{""type"":""rally"",""score"":""14 : 12"",""speed"":""58.5 km/h"",""res"":""Punkt: F. Eylül""},{""type"":""rally"",""score"":""14 : 11"",""speed"":""43.9 km/h"",""res"":""Punkt: S. Chaput""},{""type"":""rally"",""score"":""13 : 11"",""speed"":""44.1 km/h"",""res"":""Punkt: R. Kościółek""},{""type"":""rally"",""score"":""13 : 10"",""speed"":""71.1 km/h"",""res"":""Punkt: R. Kościółek""},{""type"":""rally"",""score"":""13 : 9"",""speed"":""-"",""res"":""Błąd: M. Kozakowski""},{""type"":""rally"",""score"":""12 : 9"",""speed"":""61.2 km/h"",""res"":""Punkt: M. Kozakowski""},{""type"":""chg"",""score"":""12 : 8"",""txt"":""Zmiana: M. Pułtorak ⇄ G. Petershausen""},{""type"":""tmo"",""score"":""12 : 8"",""txt"":""Czas dla: Mazaki VC""},{""type"":""rally"",""score"":""12 : 8"",""speed"":""63.8 km/h"",""res"":""Punkt: M. Kobyliński""},{""type"":""rally"",""score"":""11 : 8"",""speed"":""52.6 km/h"",""res"":""Błąd: M. Kozakowski""},{""type"":""chg"",""score"":""10 : 8"",""txt"":""Zmiana: F. Eylül ⇄ J. Łysiak""},{""type"":""chg"",""score"":""10 : 8"",""txt"":""Zmiana: P. Pomian ⇄ A. Nowak""},{""type"":""tmo"",""score"":""10 : 8"",""txt"":""Czas dla: Mazaki VC""},{""type"":""rally"",""score"":""10 : 8"",""speed"":""60.5 km/h"",""res"":""Punkt: C. Byrczek""},{""type"":""rally"",""score"":""9 : 8"",""speed"":""49.5 km/h"",""res"":""Punkt: S. Chaput""},{""type"":""rally"",""score"":""8 : 8"",""speed"":""-"",""res"":""Błąd: M. Drabek""},{""type"":""tmo"",""score"":""8 : 7"",""txt"":""Czas dla: ""},{""type"":""rally"",""score"":""8 : 7"",""speed"":""55.1 km/h"",""res"":""Punkt: M. Kobyliński""},{""type"":""rally"",""score"":""7 : 7"",""speed"":""52.4 km/h"",""res"":""Punkt: M. Kozakowski""},{""type"":""rally"",""score"":""7 : 6"",""speed"":""53.9 km/h"",""res"":""Punkt: M. Drabek""},{""type"":""rally"",""score"":""6 : 6"",""speed"":""64.5 km/h"",""res"":""Punkt: L. Ladeira""},{""type"":""rally"",""score"":""5 : 6"",""speed"":""45.5 km/h"",""res"":""Punkt: J. Łysiak""},{""type"":""rally"",""score"":""5 : 5"",""speed"":""56.5 km/h"",""res"":""Punkt: L. Ladeira""},{""type"":""rally"",""score"":""4 : 5"",""speed"":""55.5 km/h"",""res"":""Punkt: J. Łysiak""},{""type"":""rally"",""score"":""4 : 4"",""speed"":""-"",""res"":""Błąd: R. Kościółek""},{""type"":""rally"",""score"":""3 : 4"",""speed"":""46.6 km/h"",""res"":""Punkt: G. Petershausen""},{""type"":""rally"",""score"":""3 : 3"",""speed"":""61.1 km/h"",""res"":""Punkt: R. Kościółek""},{""type"":""rally"",""score"":""3 : 2"",""speed"":""52.1 km/h"",""res"":""Punkt: M. Kobyliński""},{""type"":""rally"",""score"":""2 : 2"",""speed"":""-"",""res"":""Błąd: C. Byrczek""},{""type"":""rally"",""score"":""2 : 1"",""speed"":""55.4 km/h"",""res"":""Punkt: S. Chaput""},{""type"":""rally"",""score"":""1 : 1"",""speed"":""63.9 km/h"",""res"":""Punkt: M. Kozakowski""},{""type"":""rally"",""score"":""1 : 0"",""speed"":""60.5 km/h"",""res"":""Błąd: M. Kozakowski""}]},{""rallies"":[{""type"":""end"",""score"":""17 : 25"",""txt"":""Koniec seta 1 : 1""},{""type"":""end"",""score"":""17 : 25"",""txt"":""Koniec seta 1 : 1""},{""type"":""rally"",""score"":""17 : 25"",""speed"":""-"",""res"":""Błąd: M. Kobyliński""},{""type"":""rally"",""score"":""17 : 24"",""speed"":""43.9 km/h"",""res"":""Punkt: M. Kobyliński""},{""type"":""rally"",""score"":""16 : 24"",""speed"":""56.8 km/h"",""res"":""Punkt: R. Kościółek""},{""type"":""rally"",""score"":""16 : 23"",""speed"":""57.9 km/h"",""res"":""Punkt: R. Kościółek""},{""type"":""tmo"",""score"":""16 : 22"",""txt"":""Czas dla: Ale co""},{""type"":""rally"",""score"":""16 : 22"",""speed"":""56.0 km/h"",""res"":""Punkt: R. Kościółek""},{""type"":""rally"",""score"":""16 : 21"",""speed"":""55.0 km/h"",""res"":""Punkt: V. Stefanov""},{""type"":""rally"",""score"":""16 : 20"",""speed"":""47.7 km/h"",""res"":""Punkt: M. Kozakowski""},{""type"":""rally"",""score"":""16 : 19"",""speed"":""-"",""res"":""Błąd: C. Byrczek""},{""type"":""rally"",""score"":""16 : 18"",""speed"":""58.2 km/h"",""res"":""Punkt: S. Chaput""},{""type"":""rally"",""score"":""15 : 18"",""speed"":""55.0 km/h"",""res"":""Punkt: C. Byrczek""},{""type"":""chg"",""score"":""14 : 18"",""txt"":""Zmiana: G. Petershausen ⇄ M. Pułtorak""},{""type"":""rally"",""score"":""14 : 18"",""speed"":""51.1 km/h"",""res"":""Błąd: S. Chaput""},{""type"":""rally"",""score"":""14 : 17"",""speed"":""51.1 km/h"",""res"":""Błąd: S. Chaput""},{""type"":""tmo"",""score"":""14 : 16"",""txt"":""Czas dla: ""},{""type"":""rally"",""score"":""14 : 16"",""speed"":""46.3 km/h"",""res"":""Punkt: M. Kozakowski""},{""type"":""chg"",""score"":""14 : 15"",""txt"":""Zmiana: J. Łysiak ⇄ F. Eylül""},{""type"":""rally"",""score"":""14 : 15"",""speed"":""58.9 km/h"",""res"":""Punkt: M. Kozakowski""},{""type"":""chg"",""score"":""14 : 14"",""txt"":""Zmiana: A. Nowak ⇄ P. Pomian""},{""type"":""rally"",""score"":""14 : 14"",""speed"":""64.0 km/h"",""res"":""Punkt: M. Kobyliński""},{""type"":""rally"",""score"":""13 : 14"",""speed"":""48.7 km/h"",""res"":""Punkt: F. Eylül""},{""type"":""rally"",""score"":""13 : 13"",""speed"":""71.1 km/h"",""res"":""Punkt: L. Ladeira""},{""type"":""rally"",""score"":""12 : 13"",""speed"":""48.3 km/h"",""res"":""Punkt: S. Chaput""},{""type"":""rally"",""score"":""11 : 13"",""speed"":""51.8 km/h"",""res"":""Punkt: F. Eylül""},{""type"":""rally"",""score"":""11 : 12"",""speed"":""53.1 km/h"",""res"":""Punkt: L. Ladeira""},{""type"":""chg"",""score"":""10 : 12"",""txt"":""Zmiana: M. Pułtorak ⇄ G. Petershausen""},{""type"":""rally"",""score"":""10 : 12"",""speed"":""48.3 km/h"",""res"":""Punkt: R. Kościółek""},{""type"":""rally"",""score"":""10 : 11"",""speed"":""47.9 km/h"",""res"":""Punkt: F. Eylül""},{""type"":""rally"",""score"":""10 : 10"",""speed"":""61.1 km/h"",""res"":""Błąd: L. Ladeira""},{""type"":""chg"",""score"":""10 : 9"",""txt"":""Zmiana: F. Eylül ⇄ J. Łysiak""},{""type"":""chg"",""score"":""10 : 9"",""txt"":""Zmiana: P. Pomian ⇄ A. Nowak""},{""type"":""rally"",""score"":""10 : 9"",""speed"":""61.8 km/h"",""res"":""Punkt: S. Chaput""},{""type"":""rally"",""score"":""9 : 9"",""speed"":""67.2 km/h"",""res"":""Punkt: R. Kościółek""},{""type"":""rally"",""score"":""9 : 8"",""speed"":""43.9 km/h"",""res"":""Punkt: S. Chaput""},{""type"":""rally"",""score"":""8 : 8"",""speed"":""55.8 km/h"",""res"":""Punkt: G. Petershausen""},{""type"":""rally"",""score"":""8 : 7"",""speed"":""50.5 km/h"",""res"":""Punkt: R. Kościółek""},{""type"":""tmo"",""score"":""8 : 6"",""txt"":""Czas dla: ""},{""type"":""rally"",""score"":""8 : 6"",""speed"":""44.4 km/h"",""res"":""Punkt: M. Kobyliński""},{""type"":""rally"",""score"":""7 : 6"",""speed"":""59.5 km/h"",""res"":""Punkt: M. Kozakowski""},{""type"":""rally"",""score"":""7 : 5"",""speed"":""62.3 km/h"",""res"":""Punkt: S. Chaput""},{""type"":""rally"",""score"":""6 : 5"",""speed"":""64.8 km/h"",""res"":""Punkt: A. Nowak""},{""type"":""rally"",""score"":""6 : 4"",""speed"":""50.3 km/h"",""res"":""Punkt: L. Ladeira""},{""type"":""rally"",""score"":""5 : 4"",""speed"":""47.2 km/h"",""res"":""Punkt: R. Kościółek""},{""type"":""rally"",""score"":""5 : 3"",""speed"":""47.7 km/h"",""res"":""Punkt: M. Drabek""},{""type"":""rally"",""score"":""4 : 3"",""speed"":""-"",""res"":""Błąd: S. Chaput""},{""type"":""rally"",""score"":""4 : 2"",""speed"":""59.1 km/h"",""res"":""Punkt: L. Ladeira""},{""type"":""rally"",""score"":""3 : 2"",""speed"":""54.2 km/h"",""res"":""Punkt: L. Ladeira""},{""type"":""rally"",""score"":""2 : 2"",""speed"":""64.3 km/h"",""res"":""Punkt: R. Kościółek""},{""type"":""rally"",""score"":""2 : 1"",""speed"":""48.8 km/h"",""res"":""Punkt: S. Chaput""},{""type"":""rally"",""score"":""1 : 1"",""speed"":""45.7 km/h"",""res"":""Punkt: R. Kościółek""},{""type"":""rally"",""score"":""1 : 0"",""speed"":""44.8 km/h"",""res"":""Punkt: M. Kobyliński""}]},{""rallies"":[{""type"":""end"",""score"":""25 : 17"",""txt"":""Koniec seta 2 : 1""},{""type"":""end"",""score"":""25 : 17"",""txt"":""Koniec seta 2 : 1""},{""type"":""rally"",""score"":""25 : 17"",""speed"":""61.0 km/h"",""res"":""Punkt: M. Drabek""},{""type"":""rally"",""score"":""24 : 17"",""speed"":""50.3 km/h"",""res"":""Punkt: M. Kobyliński""},{""type"":""rally"",""score"":""23 : 17"",""speed"":""60.5 km/h"",""res"":""Błąd: M. Kobyliński""},{""type"":""rally"",""score"":""23 : 16"",""speed"":""57.2 km/h"",""res"":""Punkt: L. Ladeira""},{""type"":""rally"",""score"":""22 : 16"",""speed"":""55.0 km/h"",""res"":""Punkt: J. Łysiak""},{""type"":""rally"",""score"":""22 : 15"",""speed"":""-"",""res"":""Błąd: G. Petershausen""},{""type"":""rally"",""score"":""21 : 15"",""speed"":""61.1 km/h"",""res"":""Punkt: J. Łysiak""},{""type"":""rally"",""score"":""21 : 14"",""speed"":""45.6 km/h"",""res"":""Punkt: L. Ladeira""},{""type"":""rally"",""score"":""20 : 14"",""speed"":""43.3 km/h"",""res"":""Punkt: G. Petershausen""},{""type"":""chg"",""score"":""20 : 13"",""txt"":""Zmiana: G. Petershausen ⇄ M. Pułtorak""},{""type"":""rally"",""score"":""20 : 13"",""speed"":""68.2 km/h"",""res"":""Punkt: J. Łysiak""},{""type"":""rally"",""score"":""20 : 12"",""speed"":""49.8 km/h"",""res"":""Punkt: S. Chaput""},{""type"":""rally"",""score"":""19 : 12"",""speed"":""-"",""res"":""Błąd: M. Kozakowski""},{""type"":""rally"",""score"":""18 : 12"",""speed"":""47.7 km/h"",""res"":""Punkt: M. Kozakowski""},{""type"":""rally"",""score"":""18 : 11"",""speed"":""50.8 km/h"",""res"":""Błąd: M. Kozakowski""},{""type"":""chg"",""score"":""17 : 11"",""txt"":""Zmiana: J. Łysiak ⇄ F. Eylül""},{""type"":""rally"",""score"":""17 : 11"",""speed"":""45.3 km/h"",""res"":""Punkt: S. Chaput""},{""type"":""tmo"",""score"":""16 : 11"",""txt"":""Czas dla: ""},{""type"":""rally"",""score"":""16 : 11"",""speed"":""51.7 km/h"",""res"":""Punkt: S. Chaput""},{""type"":""tmo"",""score"":""15 : 11"",""txt"":""Czas dla: Mazaki VC""},{""type"":""rally"",""score"":""15 : 11"",""speed"":""48.7 km/h"",""res"":""Punkt: S. Chaput""},{""type"":""rally"",""score"":""14 : 11"",""speed"":""55.2 km/h"",""res"":""Punkt: M. Kobyliński""},{""type"":""tmo"",""score"":""13 : 11"",""txt"":""Czas dla: Mazaki VC""},{""type"":""rally"",""score"":""13 : 11"",""speed"":""52.7 km/h"",""res"":""Punkt: S. Chaput""},{""type"":""chg"",""score"":""12 : 11"",""txt"":""Zmiana: M. Pułtorak ⇄ G. Petershausen""},{""type"":""rally"",""score"":""12 : 11"",""speed"":""52.1 km/h"",""res"":""Punkt: S. Chaput""},{""type"":""rally"",""score"":""11 : 11"",""speed"":""-"",""res"":""Błąd: M. Drabek""},{""type"":""rally"",""score"":""11 : 10"",""speed"":""58.4 km/h"",""res"":""Punkt: C. Byrczek""},{""type"":""rally"",""score"":""10 : 10"",""speed"":""68.8 km/h"",""res"":""Punkt: S. Chaput""},{""type"":""rally"",""score"":""9 : 10"",""speed"":""42.6 km/h"",""res"":""Punkt: H. Floret""},{""type"":""chg"",""score"":""8 : 10"",""txt"":""Zmiana: F. Eylül ⇄ J. Łysiak""},{""type"":""rally"",""score"":""8 : 10"",""speed"":""49.0 km/h"",""res"":""Punkt: M. Kozakowski""},{""type"":""rally"",""score"":""8 : 9"",""speed"":""45.4 km/h"",""res"":""Punkt: V. Stefanov""},{""type"":""rally"",""score"":""8 : 8"",""speed"":""-"",""res"":""Błąd: L. Ladeira""},{""type"":""tmo"",""score"":""8 : 7"",""txt"":""Czas dla: ""},{""type"":""rally"",""score"":""8 : 7"",""speed"":""49.6 km/h"",""res"":""Punkt: L. Ladeira""},{""type"":""rally"",""score"":""7 : 7"",""speed"":""46.2 km/h"",""res"":""Punkt: J. Łysiak""},{""type"":""rally"",""score"":""7 : 6"",""speed"":""63.0 km/h"",""res"":""Punkt: L. Ladeira""},{""type"":""rally"",""score"":""6 : 6"",""speed"":""61.1 km/h"",""res"":""Punkt: J. Łysiak""},{""type"":""rally"",""score"":""6 : 5"",""speed"":""48.4 km/h"",""res"":""Punkt: L. Ladeira""},{""type"":""rally"",""score"":""5 : 5"",""speed"":""-"",""res"":""Błąd: R. Kościółek""},{""type"":""rally"",""score"":""4 : 5"",""speed"":""48.0 km/h"",""res"":""Punkt: V. Stefanov""},{""type"":""rally"",""score"":""4 : 4"",""speed"":""50.3 km/h"",""res"":""Punkt: M. Kobyliński""},{""type"":""rally"",""score"":""3 : 4"",""speed"":""50.5 km/h"",""res"":""Punkt: R. Kościółek""},{""type"":""rally"",""score"":""3 : 3"",""speed"":""59.8 km/h"",""res"":""Punkt: C. Byrczek""},{""type"":""rally"",""score"":""2 : 3"",""speed"":""45.7 km/h"",""res"":""Błąd: M. Kozakowski""},{""type"":""rally"",""score"":""1 : 3"",""speed"":""51.0 km/h"",""res"":""Błąd: M. Kozakowski""},{""type"":""rally"",""score"":""0 : 3"",""speed"":""50.0 km/h"",""res"":""Punkt: M. Kozakowski""},{""type"":""rally"",""score"":""0 : 2"",""speed"":""53.5 km/h"",""res"":""Punkt: R. Kościółek""},{""type"":""rally"",""score"":""0 : 1"",""speed"":""50.3 km/h"",""res"":""Punkt: R. Kościółek""}]},{""rallies"":[{""type"":""end"",""score"":""26 : 24"",""txt"":""Koniec seta 3 : 1""},{""type"":""end"",""score"":""26 : 24"",""txt"":""Koniec seta 3 : 1""},{""type"":""rally"",""score"":""26 : 24"",""speed"":""57.8 km/h"",""res"":""Błąd: M. Kozakowski""},{""type"":""rally"",""score"":""25 : 24"",""speed"":""46.6 km/h"",""res"":""Punkt: M. Kobyliński""},{""type"":""rally"",""score"":""24 : 24"",""speed"":""-"",""res"":""Błąd: L. Ladeira""},{""type"":""rally"",""score"":""24 : 23"",""speed"":""54.1 km/h"",""res"":""Punkt: L. Ladeira""},{""type"":""rally"",""score"":""23 : 23"",""speed"":""58.9 km/h"",""res"":""Punkt: J. Łysiak""},{""type"":""rally"",""score"":""23 : 22"",""speed"":""56.3 km/h"",""res"":""Błąd: L. Ladeira""},{""type"":""rally"",""score"":""23 : 21"",""speed"":""56.5 km/h"",""res"":""Punkt: J. Łysiak""},{""type"":""rally"",""score"":""23 : 20"",""speed"":""52.5 km/h"",""res"":""Punkt: J. Łysiak""},{""type"":""rally"",""score"":""23 : 19"",""speed"":""53.9 km/h"",""res"":""Punkt: M. Drabek""},{""type"":""rally"",""score"":""22 : 19"",""speed"":""57.8 km/h"",""res"":""Punkt: L. Ladeira""},{""type"":""tmo"",""score"":""21 : 19"",""txt"":""Czas dla: Mazaki VC""},{""type"":""rally"",""score"":""21 : 19"",""speed"":""56.2 km/h"",""res"":""Punkt: H. Floret""},{""type"":""rally"",""score"":""20 : 19"",""speed"":""64.8 km/h"",""res"":""Błąd: J. Łysiak""},{""type"":""rally"",""score"":""19 : 19"",""speed"":""44.1 km/h"",""res"":""Punkt: L. Ladeira""},{""type"":""rally"",""score"":""18 : 19"",""speed"":""42.3 km/h"",""res"":""Błąd: L. Ladeira""},{""type"":""rally"",""score"":""18 : 18"",""speed"":""43.0 km/h"",""res"":""Punkt: J. Łysiak""},{""type"":""rally"",""score"":""18 : 17"",""speed"":""48.7 km/h"",""res"":""Punkt: R. Kościółek""},{""type"":""rally"",""score"":""18 : 16"",""speed"":""58.0 km/h"",""res"":""Błąd: R. Kościółek""},{""type"":""rally"",""score"":""17 : 16"",""speed"":""49.8 km/h"",""res"":""Punkt: H. Floret""},{""type"":""rally"",""score"":""16 : 16"",""speed"":""55.4 km/h"",""res"":""Punkt: J. Łysiak""},{""type"":""rally"",""score"":""16 : 15"",""speed"":""64.8 km/h"",""res"":""Punkt: G. Petershausen""},{""type"":""rally"",""score"":""16 : 14"",""speed"":""58.5 km/h"",""res"":""Punkt: M. Kozakowski""},{""type"":""tmo"",""score"":""16 : 13"",""txt"":""Czas dla: ""},{""type"":""rally"",""score"":""16 : 13"",""speed"":""45.1 km/h"",""res"":""Punkt: M. Kobyliński""},{""type"":""rally"",""score"":""15 : 13"",""speed"":""47.1 km/h"",""res"":""Punkt: G. Petershausen""},{""type"":""chg"",""score"":""15 : 12"",""txt"":""Zmiana: J. Łysiak ⇄ F. Eylül""},{""type"":""rally"",""score"":""15 : 12"",""speed"":""52.7 km/h"",""res"":""Punkt: R. Kościółek""},{""type"":""rally"",""score"":""15 : 11"",""speed"":""53.5 km/h"",""res"":""Punkt: S. Chaput""},{""type"":""rally"",""score"":""14 : 11"",""speed"":""41.4 km/h"",""res"":""Punkt: M. Kobyliński""},{""type"":""rally"",""score"":""13 : 11"",""speed"":""43.3 km/h"",""res"":""Punkt: R. Kościółek""},{""type"":""rally"",""score"":""13 : 10"",""speed"":""59.5 km/h"",""res"":""Punkt: M. Kozakowski""},{""type"":""rally"",""score"":""13 : 9"",""speed"":""53.2 km/h"",""res"":""Punkt: S. Chaput""},{""type"":""rally"",""score"":""12 : 9"",""speed"":""58.5 km/h"",""res"":""Punkt: S. Chaput""},{""type"":""rally"",""score"":""11 : 9"",""speed"":""61.5 km/h"",""res"":""Punkt: M. Kozakowski""},{""type"":""rally"",""score"":""11 : 8"",""speed"":""69.1 km/h"",""res"":""Punkt: F. Eylül""},{""type"":""rally"",""score"":""11 : 7"",""speed"":""61.3 km/h"",""res"":""Punkt: M. Kobyliński""},{""type"":""chg"",""score"":""10 : 7"",""txt"":""Zmiana: F. Eylül ⇄ J. Łysiak""},{""type"":""tmo"",""score"":""10 : 7"",""txt"":""Czas dla: Mazaki VC""},{""type"":""rally"",""score"":""10 : 7"",""speed"":""56.5 km/h"",""res"":""Punkt: L. Ladeira""},{""type"":""rally"",""score"":""9 : 7"",""speed"":""53.0 km/h"",""res"":""Punkt: H. Floret""},{""type"":""rally"",""score"":""8 : 7"",""speed"":""50.0 km/h"",""res"":""Punkt: J. Łysiak""},{""type"":""tmo"",""score"":""8 : 6"",""txt"":""Czas dla: ""},{""type"":""rally"",""score"":""8 : 6"",""speed"":""60.6 km/h"",""res"":""Błąd: G. Petershausen""},{""type"":""rally"",""score"":""7 : 6"",""speed"":""44.9 km/h"",""res"":""Punkt: L. Ladeira""},{""type"":""rally"",""score"":""6 : 6"",""speed"":""44.3 km/h"",""res"":""Punkt: J. Łysiak""},{""type"":""rally"",""score"":""6 : 5"",""speed"":""47.9 km/h"",""res"":""Punkt: J. Łysiak""},{""type"":""rally"",""score"":""6 : 4"",""speed"":""60.4 km/h"",""res"":""Punkt: R. Kościółek""},{""type"":""rally"",""score"":""6 : 3"",""speed"":""45.6 km/h"",""res"":""Punkt: L. Ladeira""},{""type"":""rally"",""score"":""5 : 3"",""speed"":""-"",""res"":""Błąd: M. Kobyliński""},{""type"":""rally"",""score"":""5 : 2"",""speed"":""53.5 km/h"",""res"":""Punkt: L. Ladeira""},{""type"":""rally"",""score"":""4 : 2"",""speed"":""48.6 km/h"",""res"":""Punkt: M. Kobyliński""},{""type"":""rally"",""score"":""3 : 2"",""speed"":""46.1 km/h"",""res"":""Punkt: R. Kościółek""},{""type"":""rally"",""score"":""3 : 1"",""speed"":""50.6 km/h"",""res"":""Punkt: M. Kozakowski""},{""type"":""rally"",""score"":""3 : 0"",""speed"":""46.9 km/h"",""res"":""Punkt: S. Chaput""},{""type"":""rally"",""score"":""2 : 0"",""speed"":""62.4 km/h"",""res"":""Punkt: S. Chaput""},{""type"":""rally"",""score"":""1 : 0"",""speed"":""52.5 km/h"",""res"":""Punkt: M. Kobyliński""}]}]}","3","3","0","5","2","2","25","54","4","0","20","0","0","5","68.8","59.4","0","0","0","0","0","0","0","0","0","0","0","0","0","0","0","0","0","0","0","0","0","0","0","0","0","0","0","0","0","0","52","22","6","6","42","128","0","0","0","0","0","5","2","0","0","3","0","5","0","1","0","4","0","4","28","32","28","35","0","bulk-1.27-teamid-from-league-list","0","0","0"
"3.3","Ale co vs Mazaki VC 3:1","1126270","2026-07-02 17:00","Ale co","Ale co","128694","Byrczek, Czesław","1905824","5","-1","25","2","2","63.8","7","2","2","29","0","27","18","9","9","3","44","43","2","95","17","40","1","22","54","0","0","0","0","0","0","0","35.6","","0","0","2","8","1","1","22","54","1","0","20","0","0","2","63.8","52.6","0","0","0","0","0","0","0","0","0","0","0","0","1","0","1","1","2","5","0","0","0","0","0","0","0","0","1","0","1","2","0","0","0","0","0","0","11","14","12","4","41","9","3","3","1","1","1","3","2","0","0","1","0","4","16","27","22","23","0","bulk-1.27-teamid-from-league-list","0","0","0"
"3.3","Ale co vs Mazaki VC 3:1","1126270","2026-07-02 17:00","Ale co","Ale co","128694","Kobyliński, Mikołaj","1949234","21","12","12","3","0","71.1","30","6","15","50","30","6","2","1","4","3","67","0","0","0","0","0","6","46","69","0","0","2","0","1","1","0","44","","0","0","1","2","2","2","46","69","5","1","38","1","0","8","71.1","60.2","0","0","0","0","1","1","0","0","0","0","0","0","0","0","0","0","0","0","13","1","5","2","8","29","0","0","0","0","0","0","0","0","0","0","2","2","0","0","0","0","0","1","1","0","0","0","0","3","1","1","0","1","0","4","9","12","11","11","0","bulk-1.27-teamid-from-league-list","0","0","0"
"3.3","Ale co vs Mazaki VC 3:1","1126270","2026-07-02 17:00","Ale co","Ale co","128694","Chaput, Stéphane","1974826","24","10","12","2","0","61.1","50","12","17","34","10","12","7","1","5","2","25","0","0","0","0","0","7","39","71","0","0","0","0","0","0","0","38.6","","0","0","2","5","0","0","39","71","4","1","32","3","0","7","61.1","57.2","0","0","0","0","1","1","1","0","2","0","0","3","13","2","7","0","16","38","0","0","0","0","0","0","3","0","1","0","4","8","0","0","0","0","0","0","0","0","0","0","0","1","0","0","0","1","0","2","1","0","0","1","0","4","12","19","18","16","0","bulk-1.27-teamid-from-league-list","0","0","0"
"3.3","Ale co vs Mazaki VC 3:1","1126270","2026-07-02 17:00","Ale co","Ale co","128694","Floret, Hervé","1709926","8","3","17","1","2","65.3","16","4","6","38","13","23","19","11","4","0","48","29","0","100","13","45","0","13","71","0","0","0","0","0","0","0","39.2","","0","0","0","4","0","0","13","71","0","0","10","0","0","3","65.3","54","0","0","0","0","1","1","0","0","2","1","0","3","2","0","0","1","3","6","0","0","0","0","0","0","2","0","2","0","2","6","0","0","0","0","0","0","5","9","11","4","29","11","3","4","2","2","0","0","0","0","0","0","0","4","20","13","12","19","0","bulk-1.27-teamid-from-league-list","0","0","0"
"3.3","Ale co vs Mazaki VC 3:1","1126270","2026-07-02 17:00","Ale co","Ale co","128694","Ladeira, Levindo","1949079","26","20","12","2","2","69.1","35","4","21","60","49","5","2","0","3","2","40","0","0","0","0","0","3","39","56","0","0","0","0","0","0","0","59.6","","1","1","1","2","0","0","39","56","2","2","34","1","0","5","71.1","59.1","2","0","0","0","2","4","1","1","0","0","0","2","0","0","0","0","0","0","16","2","1","2","8","29","0","0","0","0","0","0","0","0","0","0","0","0","0","0","0","0","0","0","0","0","0","0","0","2","1","1","0","0","0","4","12","10","7","16","0","bulk-1.27-teamid-from-league-list","0","0","0"
"3.3","Ale co vs Mazaki VC 3:1","1126270","2026-07-02 17:00","Ale co","Ale co","128694","Bertocco, Gianluca","2003660","0","0","0","0","0","0","0","0","0","0","0","31","22","11","9","6","55","9","0","100","3","33","0","0","0","2","0","8","1","2","4","1","16","","5","6","1","3","0","0","0","0","0","0","0","0","0","0","0","0","0","0","0","0","0","0","0","0","0","0","0","0","0","0","0","0","0","0","0","0","0","0","0","0","0","0","0","0","0","0","2","0","1","0","5","8","1","3","2","3","9","11","5","0","0","5","1","6","2","0","1","3","0","4","9","7","9","11","0","bulk-1.27-teamid-from-league-list","0","0","0"
"3.3","Ale co vs Mazaki VC 3:1","1126270","2026-07-02 17:00","Ale co","Mazaki VC","131006","Nowak, Andrzej","1903535","1","1","16","0","0","59.1","1","0","0","0","0","23","18","6","5","1","30","0","0","0","0","0","1","16","49","40","17","104","23","33","31","17","8.2","","1","2","0","3","0","0","16","49","1","1","15","0","0","1","59.1","48.5","0","0","0","0","1","1","0","0","0","0","0","0","0","0","0","0","0","0","0","0","0","0","0","0","0","0","0","0","0","0","40","17","3","7","37","104","0","0","0","0","0","6","0","2","1","3","0","1","0","0","0","1","0","4","21","22","26","32","0","bulk-1.27-teamid-from-league-list","0","0","0"
"3.3","Ale co vs Mazaki VC 3:1","1126270","2026-07-02 17:00","Ale co","Mazaki VC","131006","Stefanov, Vladimir","1724586","5","2","21","0","1","57.9","8","1","3","38","25","16","10","6","6","3","56","18","2","89","6","33","1","34","65","0","0","0","0","0","0","0","21.3","","1","1","2","5","0","0","34","65","1","0","33","0","0","1","57.9","50.5","0","0","0","0","1","1","0","0","0","0","0","0","1","0","1","1","0","3","0","0","0","0","0","0","1","0","0","0","3","4","0","0","0","0","0","0","3","5","7","1","16","6","0","2","0","4","0","3","2","1","0","0","0","4","11","14","17","12","0","bulk-1.27-teamid-from-league-list","0","0","0"
"3.3","Ale co vs Mazaki VC 3:1","1126270","2026-07-02 17:00","Ale co","Mazaki VC","131006","Kozakowski, Miłosz","1949481","18","3","11","3","0","64.8","38","12","13","34","3","6","2","0","4","1","17","0","0","0","0","0","5","47","78","0","0","1","0","0","1","0","21","","0","0","1","4","0","0","47","78","5","1","45","0","0","2","64.8","54.3","0","0","0","0","1","1","0","0","3","1","2","6","0","0","0","0","0","0","12","6","3","0","10","31","0","0","0","0","0","0","0","0","0","0","1","1","0","0","0","0","0","0","0","0","0","0","0","1","0","1","0","0","0","4","13","7","13","13","0","bulk-1.27-teamid-from-league-list","0","0","0"
"3.3","Ale co vs Mazaki VC 3:1","1126270","2026-07-02 17:00","Ale co","Mazaki VC","131006","Kościółek, Ryszard","1903653","21","8","18","2","1","53.1","37","11","14","38","8","15","13","0","2","0","0","0","0","0","0","0","6","36","77","0","0","0","0","0","0","0","32.1","","0","1","0","1","0","0","36","77","6","3","33","0","0","3","53.1","46.1","0","1","0","0","3","4","0","0","2","0","0","2","12","0","8","0","7","27","0","0","0","0","0","0","2","0","0","0","2","4","0","0","0","0","0","0","0","0","0","0","0","0","0","0","0","0","0","0","0","0","0","0","0","4","13","19","16","22","0","bulk-1.27-teamid-from-league-list","0","0","0"
"3.3","Ale co vs Mazaki VC 3:1","1126270","2026-07-02 17:00","Ale co","Mazaki VC","131006","Petershausen, Gordon","1865013","6","1","10","1","0","63","6","1","1","17","0","16","12","7","4","2","56","42","3","93","17","40","5","33","59","0","0","0","0","0","0","0","37.3","","2","2","0","2","0","0","33","59","5","0","29","0","0","4","63","55.3","0","0","0","0","1","1","0","0","0","0","0","0","0","1","0","0","2","3","0","0","0","0","0","0","0","0","0","1","1","2","0","0","0","0","0","0","8","14","11","6","39","7","3","2","0","2","0","2","2","0","0","0","0","4","15","11","12","28","0","bulk-1.27-teamid-from-league-list","0","0","0"
"3.3","Ale co vs Mazaki VC 3:1","1126270","2026-07-02 17:00","Ale co","Mazaki VC","131006","Łysiak, Jakub","1949482","16","11","7","1","0","64.5","27","4","14","52","37","2","1","0","1","0","0","0","0","0","0","0","2","23","46","0","0","0","0","0","0","0","34.4","","0","0","0","1","0","0","23","46","2","1","23","0","0","0","64.5","55.9","1","0","0","0","1","2","1","0","2","0","0","3","0","0","0","0","0","0","12","1","1","0","8","22","0","0","0","0","0","0","0","0","0","0","0","0","0","0","0","0","0","0","0","0","0","0","0","0","0","0","0","0","0","4","6","4","8","13","0","bulk-1.27-teamid-from-league-list","0","0","0"
"3.3","Ale co vs Mazaki VC 3:1","1126270","2026-07-02 17:00","Ale co","Mazaki VC","131006","Nikolov, Petar","1684203","0","-1","0","0","0","0","0","0","0","0","0","40","37","23","3","1","60","8","1","88","1","13","0","0","0","0","2","6","0","1","1","4","20","","1","1","0","2","0","0","0","0","0","0","0","0","0","0","0","0","0","0","0","0","0","0","0","0","0","0","0","0","0","0","0","0","0","0","0","0","0","0","0","0","0","0","0","0","0","0","0","2","0","1","3","6","2","3","1","1","7","23","9","3","2","7","2","1","0","1","0","0","0","4","10","11","7","13","0","bulk-1.27-teamid-from-league-list","0","0","0"
"3.3","Ale co vs Mazaki VC 3:1","1126270","2026-07-02 17:00","Ale co","Mazaki VC","131006","Pomian, Przemysław","1767462","0","0","0","0","0","0","0","0","0","0","0","1","0","0","1","0","0","0","0","0","0","0","0","7","12","5","2","14","0","9","3","2","0","","0","0","0","1","0","0","7","12","0","0","7","0","0","0","0","0","0","0","0","0","0","0","0","0","0","0","0","0","0","0","0","0","0","0","0","0","0","0","0","0","0","0","0","0","0","0","5","2","1","1","5","14","0","0","0","0","0","0","0","0","0","0","0","0","0","0","0","0","0","2","8","4","0","0","0","bulk-1.27-teamid-from-league-list","0","0","0"
"3.3","Ale co vs Mazaki VC 3:1","1126270","2026-07-02 17:00","Ale co","Mazaki VC","131006","Eylül, Fevzi","1865781","5","4","3","0","0","64","6","1","3","50","33","1","0","0","1","1","100","0","0","0","0","0","2","8","14","0","0","0","0","0","0","0","10.9","","0","0","1","1","0","0","8","14","2","1","8","0","0","0","64","61.3","0","0","0","0","1","1","0","0","0","0","0","0","0","0","0","0","0","0","3","0","1","0","1","5","0","0","0","0","0","0","0","0","0","0","0","0","0","0","0","0","0","0","0","0","0","0","0","1","0","1","0","0","0","3","3","4","0","3","0","bulk-1.27-teamid-from-league-list","0","0","0"
"3.3","Ale co vs Mazaki VC 3:1","1126270","2026-07-02 17:00","Ale co","Mazaki VC","131006","Pułtorak, Michał","1685788","1","0","2","0","0","48.3","3","0","1","33","33","3","3","2","0","0","67","12","1","92","5","42","0","5","14","0","0","0","0","0","0","0","8","","0","0","0","0","0","0","5","14","0","0","4","0","0","1","48.3","47.4","0","0","0","0","0","0","0","0","0","0","0","0","0","0","0","0","2","2","0","0","0","0","0","0","0","0","0","1","0","1","0","0","0","0","0","0","5","4","2","0","11","2","1","1","0","0","0","0","0","0","0","0","0","3","6","6","5","0","0","bulk-1.27-teamid-from-league-list","0","0","0"
"3.3","TKS Jelenie Studzienki vs Mazaki VC 3:0","1126255","2026-06-30 17:00","Hala sportowa w Paterku ul. Kcyńska 6A","TKS Jelenie Studzienki","130939","Joguet, Romain","1709954","0","-1","13","1","0","59","1","0","0","0","0","13","11","6","2","2","62","0","0","0","0","0","0","17","49","44","11","86","16","20","36","14","4.6","{""sets"":[{""h"":25,""a"":22},{""h"":25,""a"":14},{""h"":25,""a"":22}],""parsedSets"":[{""rallies"":[{""type"":""end"",""score"":""25 : 22"",""txt"":""Koniec seta 1 : 0""},{""type"":""end"",""score"":""25 : 22"",""txt"":""Koniec seta 1 : 0""},{""type"":""rally"",""score"":""25 : 22"",""speed"":""47.6 km/h"",""res"":""Punkt: E. Kaczmarek""},{""type"":""rally"",""score"":""24 : 22"",""speed"":""59.4 km/h"",""res"":""Punkt: J. Łysiak""},{""type"":""rally"",""score"":""24 : 21"",""speed"":""49.2 km/h"",""res"":""Punkt: E. Kaczmarek""},{""type"":""rally"",""score"":""23 : 21"",""speed"":""68.1 km/h"",""res"":""Punkt: J. Łysiak""},{""type"":""rally"",""score"":""23 : 20"",""speed"":""48.5 km/h"",""res"":""Punkt: E. Kaczmarek""},{""type"":""rally"",""score"":""22 : 20"",""speed"":""59.8 km/h"",""res"":""Punkt: R. Kościółek""},{""type"":""rally"",""score"":""22 : 19"",""speed"":""63.0 km/h"",""res"":""Punkt: F. Aboim""},{""type"":""rally"",""score"":""21 : 19"",""speed"":""59.2 km/h"",""res"":""Punkt: M. Kozakowski""},{""type"":""rally"",""score"":""21 : 18"",""speed"":""43.8 km/h"",""res"":""Punkt: F. Aboim""},{""type"":""rally"",""score"":""20 : 18"",""speed"":""48.2 km/h"",""res"":""Punkt: M. Kozakowski""},{""type"":""tmo"",""score"":""20 : 17"",""txt"":""Czas dla: Mazaki VC""},{""type"":""rally"",""score"":""20 : 17"",""speed"":""59.0 km/h"",""res"":""Punkt: F. Aboim""},{""type"":""rally"",""score"":""19 : 17"",""speed"":""56.3 km/h"",""res"":""Punkt: W. Kowalski""},{""type"":""rally"",""score"":""18 : 17"",""speed"":""58.9 km/h"",""res"":""Punkt: M. Kozakowski""},{""type"":""tmo"",""score"":""18 : 16"",""txt"":""Czas dla: Mazaki VC""},{""type"":""rally"",""score"":""18 : 16"",""speed"":""51.4 km/h"",""res"":""Błąd: M. Kozakowski""},{""type"":""rally"",""score"":""17 : 16"",""speed"":""58.4 km/h"",""res"":""Punkt: E. Kaczmarek""},{""type"":""chg"",""score"":""16 : 16"",""txt"":""Zmiana: G. Petershausen ⇄ M. Pułtorak""},{""type"":""rally"",""score"":""16 : 16"",""speed"":""64.3 km/h"",""res"":""Punkt: M. Kozakowski""},{""type"":""rally"",""score"":""16 : 15"",""speed"":""55.0 km/h"",""res"":""Punkt: J. Łysiak""},{""type"":""tmo"",""score"":""16 : 14"",""txt"":""Czas dla: ""},{""type"":""rally"",""score"":""16 : 14"",""speed"":""53.1 km/h"",""res"":""Punkt: E. Kaczmarek""},{""type"":""rally"",""score"":""15 : 14"",""speed"":""48.4 km/h"",""res"":""Punkt: E. Kaczmarek""},{""type"":""chg"",""score"":""14 : 14"",""txt"":""Zmiana: J. Łysiak ⇄ F. Eylül""},{""type"":""rally"",""score"":""14 : 14"",""speed"":""55.4 km/h"",""res"":""Punkt: F. Eylül""},{""type"":""chg"",""score"":""14 : 13"",""txt"":""Zmiana: A. Nowak ⇄ P. Pomian""},{""type"":""rally"",""score"":""14 : 13"",""speed"":""68.8 km/h"",""res"":""Punkt: F. Aboim""},{""type"":""rally"",""score"":""13 : 13"",""speed"":""50.2 km/h"",""res"":""Punkt: E. Kaczmarek""},{""type"":""rally"",""score"":""12 : 13"",""speed"":""52.7 km/h"",""res"":""Punkt: R. Kościółek""},{""type"":""rally"",""score"":""12 : 12"",""speed"":""66.8 km/h"",""res"":""Punkt: E. Kaczmarek""},{""type"":""rally"",""score"":""11 : 12"",""speed"":""66.2 km/h"",""res"":""Punkt: F. Aboim""},{""type"":""chg"",""score"":""10 : 12"",""txt"":""Zmiana: M. Pułtorak ⇄ G. Petershausen""},{""type"":""rally"",""score"":""10 : 12"",""speed"":""58.5 km/h"",""res"":""Punkt: M. Kozakowski""},{""type"":""rally"",""score"":""10 : 11"",""speed"":""54.9 km/h"",""res"":""Punkt: J. Wrzesiński""},{""type"":""rally"",""score"":""9 : 11"",""speed"":""-"",""res"":""Błąd: V. Stefanov""},{""type"":""rally"",""score"":""8 : 11"",""speed"":""53.4 km/h"",""res"":""Punkt: V. Stefanov""},{""type"":""chg"",""score"":""8 : 10"",""txt"":""Zmiana: F. Eylül ⇄ J. Łysiak""},{""type"":""chg"",""score"":""8 : 10"",""txt"":""Zmiana: P. Pomian ⇄ A. Nowak""},{""type"":""rally"",""score"":""8 : 10"",""speed"":""54.4 km/h"",""res"":""Punkt: M. Kozakowski""},{""type"":""rally"",""score"":""8 : 9"",""speed"":""54.6 km/h"",""res"":""Punkt: W. Kowalski""},{""type"":""rally"",""score"":""7 : 9"",""speed"":""47.9 km/h"",""res"":""Punkt: M. Kozakowski""},{""type"":""rally"",""score"":""7 : 8"",""speed"":""60.5 km/h"",""res"":""Punkt: E. Kaczmarek""},{""type"":""tmo"",""score"":""6 : 8"",""txt"":""Czas dla: ""},{""type"":""rally"",""score"":""6 : 8"",""speed"":""60.9 km/h"",""res"":""Punkt: J. Łysiak""},{""type"":""rally"",""score"":""6 : 7"",""speed"":""63.3 km/h"",""res"":""Punkt: E. Kaczmarek""},{""type"":""rally"",""score"":""5 : 7"",""speed"":""54.7 km/h"",""res"":""Punkt: J. Łysiak""},{""type"":""rally"",""score"":""5 : 6"",""speed"":""56.5 km/h"",""res"":""Punkt: E. Kaczmarek""},{""type"":""rally"",""score"":""4 : 6"",""speed"":""43.9 km/h"",""res"":""Punkt: E. Kaczmarek""},{""type"":""rally"",""score"":""3 : 6"",""speed"":""65.3 km/h"",""res"":""Punkt: R. Kościółek""},{""type"":""rally"",""score"":""3 : 5"",""speed"":""64.9 km/h"",""res"":""Punkt: W. Kowalski""},{""type"":""rally"",""score"":""2 : 5"",""speed"":""52.3 km/h"",""res"":""Punkt: M. Kozakowski""},{""type"":""rally"",""score"":""2 : 4"",""speed"":""63.2 km/h"",""res"":""Punkt: A. Henderson""},{""type"":""rally"",""score"":""1 : 4"",""speed"":""-"",""res"":""Błąd: V. Stefanov""},{""type"":""tmo"",""score"":""0 : 4"",""txt"":""Czas dla: TKS Jelenie Studzienki ""},{""type"":""rally"",""score"":""0 : 4"",""speed"":""53.6 km/h"",""res"":""Punkt: R. Kościółek""},{""type"":""rally"",""score"":""0 : 3"",""speed"":""43.3 km/h"",""res"":""Punkt: M. Kozakowski""},{""type"":""rally"",""score"":""0 : 2"",""speed"":""54.6 km/h"",""res"":""Punkt: R. Kościółek""},{""type"":""rally"",""score"":""0 : 1"",""speed"":""47.1 km/h"",""res"":""Punkt: M. Kozakowski""}]},{""rallies"":[{""type"":""end"",""score"":""25 : 14"",""txt"":""Koniec seta 2 : 0""},{""type"":""end"",""score"":""25 : 14"",""txt"":""Koniec seta 2 : 0""},{""type"":""rally"",""score"":""25 : 14"",""speed"":""46.4 km/h"",""res"":""Punkt: T. Hyla""},{""type"":""rally"",""score"":""24 : 14"",""speed"":""47.4 km/h"",""res"":""Punkt: R. Kościółek""},{""type"":""rally"",""score"":""24 : 13"",""speed"":""43.7 km/h"",""res"":""Punkt: M. Kozakowski""},{""type"":""rally"",""score"":""24 : 12"",""speed"":""49.9 km/h"",""res"":""Punkt: T. Hyla""},{""type"":""rally"",""score"":""23 : 12"",""speed"":""46.0 km/h"",""res"":""Punkt: T. Hyla""},{""type"":""rally"",""score"":""22 : 12"",""speed"":""53.1 km/h"",""res"":""Punkt: J. Łysiak""},{""type"":""rally"",""score"":""22 : 11"",""speed"":""55.1 km/h"",""res"":""Punkt: F. Aboim""},{""type"":""rally"",""score"":""21 : 11"",""speed"":""-"",""res"":""Błąd: W. Wal""},{""type"":""rally"",""score"":""21 : 10"",""speed"":""51.9 km/h"",""res"":""Punkt: F. Aboim""},{""type"":""rally"",""score"":""20 : 10"",""speed"":""64.3 km/h"",""res"":""Punkt: J. Łysiak""},{""type"":""rally"",""score"":""20 : 9"",""speed"":""56.6 km/h"",""res"":""Punkt: E. Kaczmarek""},{""type"":""rally"",""score"":""19 : 9"",""speed"":""52.1 km/h"",""res"":""Punkt: R. Kościółek""},{""type"":""chg"",""score"":""19 : 8"",""txt"":""Zmiana: G. Petershausen ⇄ M. Pułtorak""},{""type"":""rally"",""score"":""19 : 8"",""speed"":""45.9 km/h"",""res"":""Punkt: F. Aboim""},{""type"":""rally"",""score"":""18 : 8"",""speed"":""-"",""res"":""Błąd: W. Niewiadomski""},{""type"":""rally"",""score"":""18 : 7"",""speed"":""57.2 km/h"",""res"":""Punkt: F. Aboim""},{""type"":""rally"",""score"":""17 : 7"",""speed"":""53.0 km/h"",""res"":""Punkt: A. Nowak""},{""type"":""chg"",""score"":""17 : 6"",""txt"":""Zmiana: J. Łysiak ⇄ F. Eylül""},{""type"":""rally"",""score"":""17 : 6"",""speed"":""49.8 km/h"",""res"":""Punkt: T. Hyla""},{""type"":""chg"",""score"":""16 : 6"",""txt"":""Zmiana: A. Nowak ⇄ P. Pomian""},{""type"":""tmo"",""score"":""16 : 6"",""txt"":""Czas dla: ""},{""type"":""rally"",""score"":""16 : 6"",""speed"":""56.3 km/h"",""res"":""Błąd: M. Kozakowski""},{""type"":""rally"",""score"":""15 : 6"",""speed"":""66.1 km/h"",""res"":""Punkt: T. Hyla""},{""type"":""rally"",""score"":""14 : 6"",""speed"":""50.8 km/h"",""res"":""Punkt: F. Eylül""},{""type"":""rally"",""score"":""14 : 5"",""speed"":""67.5 km/h"",""res"":""Punkt: E. Kaczmarek""},{""type"":""rally"",""score"":""13 : 5"",""speed"":""62.3 km/h"",""res"":""Punkt: W. Niewiadomski""},{""type"":""chg"",""score"":""12 : 5"",""txt"":""Zmiana: M. Pułtorak ⇄ G. Petershausen""},{""type"":""rally"",""score"":""12 : 5"",""speed"":""54.8 km/h"",""res"":""Punkt: F. Aboim""},{""type"":""rally"",""score"":""11 : 5"",""speed"":""46.0 km/h"",""res"":""Punkt: E. Kaczmarek""},{""type"":""rally"",""score"":""10 : 5"",""speed"":""59.1 km/h"",""res"":""Błąd: E. Kaczmarek""},{""type"":""rally"",""score"":""10 : 4"",""speed"":""66.4 km/h"",""res"":""Punkt: F. Eylül""},{""type"":""chg"",""score"":""10 : 3"",""txt"":""Zmiana: F. Eylül ⇄ J. Łysiak""},{""type"":""chg"",""score"":""10 : 3"",""txt"":""Zmiana: P. Pomian ⇄ A. Nowak""},{""type"":""tmo"",""score"":""10 : 3"",""txt"":""Czas dla: Mazaki VC""},{""type"":""rally"",""score"":""10 : 3"",""speed"":""61.5 km/h"",""res"":""Punkt: E. Kaczmarek""},{""type"":""rally"",""score"":""9 : 3"",""speed"":""52.3 km/h"",""res"":""Punkt: E. Kaczmarek""},{""type"":""rally"",""score"":""8 : 3"",""speed"":""54.6 km/h"",""res"":""Błąd: E. Kaczmarek""},{""type"":""tmo"",""score"":""8 : 2"",""txt"":""Czas dla: ""},{""type"":""rally"",""score"":""8 : 2"",""speed"":""63.5 km/h"",""res"":""Błąd: R. Kościółek""},{""type"":""tmo"",""score"":""7 : 2"",""txt"":""Czas dla: Mazaki VC""},{""type"":""rally"",""score"":""7 : 2"",""speed"":""62.8 km/h"",""res"":""Punkt: W. Wal""},{""type"":""rally"",""score"":""6 : 2"",""speed"":""60.4 km/h"",""res"":""Punkt: W. Wal""},{""type"":""rally"",""score"":""5 : 2"",""speed"":""51.5 km/h"",""res"":""Punkt: E. Kaczmarek""},{""type"":""rally"",""score"":""4 : 2"",""speed"":""50.8 km/h"",""res"":""Punkt: W. Niewiadomski""},{""type"":""rally"",""score"":""3 : 2"",""speed"":""48.1 km/h"",""res"":""Punkt: M. Kozakowski""},{""type"":""rally"",""score"":""3 : 1"",""speed"":""57.4 km/h"",""res"":""Punkt: T. Hyla""},{""type"":""rally"",""score"":""2 : 1"",""speed"":""44.3 km/h"",""res"":""Punkt: F. Aboim""},{""type"":""rally"",""score"":""1 : 1"",""speed"":""-"",""res"":""Błąd: W. Niewiadomski""},{""type"":""chg"",""score"":""1 : 0"",""txt"":""Zmiana: T. Hyla ⇄ W. Kowalski""},{""type"":""chg"",""score"":""1 : 0"",""txt"":""Zmiana: W. Niewiadomski ⇄ A. Henderson""},{""type"":""chg"",""score"":""1 : 0"",""txt"":""Zmiana: W. Wal ⇄ J. Wrzesiński""},{""type"":""rally"",""score"":""1 : 0"",""speed"":""46.8 km/h"",""res"":""Punkt: J. Wrzesiński""}]},{""rallies"":[{""type"":""end"",""score"":""25 : 22"",""txt"":""Koniec seta 3 : 0""},{""type"":""end"",""score"":""25 : 22"",""txt"":""Koniec seta 3 : 0""},{""type"":""rally"",""score"":""25 : 22"",""speed"":""-"",""res"":""Błąd: J. Łysiak""},{""type"":""rally"",""score"":""24 : 22"",""speed"":""60.1 km/h"",""res"":""Punkt: J. Łysiak""},{""type"":""rally"",""score"":""24 : 21"",""speed"":""-"",""res"":""Błąd: G. Petershausen""},{""type"":""rally"",""score"":""23 : 21"",""speed"":""58.2 km/h"",""res"":""Punkt: G. Petershausen""},{""type"":""rally"",""score"":""23 : 20"",""speed"":""46.4 km/h"",""res"":""Punkt: B. Świacki""},{""type"":""rally"",""score"":""22 : 20"",""speed"":""53.8 km/h"",""res"":""Punkt: J. Łysiak""},{""type"":""rally"",""score"":""22 : 19"",""speed"":""44.8 km/h"",""res"":""Punkt: W. Kowalski""},{""type"":""rally"",""score"":""21 : 19"",""speed"":""62.5 km/h"",""res"":""Punkt: R. Kościółek""},{""type"":""rally"",""score"":""21 : 18"",""speed"":""48.5 km/h"",""res"":""Punkt: W. Kowalski""},{""type"":""rally"",""score"":""20 : 18"",""speed"":""55.5 km/h"",""res"":""Punkt: F. Aboim""},{""type"":""rally"",""score"":""19 : 18"",""speed"":""46.6 km/h"",""res"":""Punkt: M. Kozakowski""},{""type"":""rally"",""score"":""19 : 17"",""speed"":""54.1 km/h"",""res"":""Błąd: W. Kowalski""},{""type"":""rally"",""score"":""19 : 16"",""speed"":""46.4 km/h"",""res"":""Błąd: R. Kościółek""},{""type"":""rally"",""score"":""18 : 16"",""speed"":""-"",""res"":""Błąd: B. Świacki""},{""type"":""rally"",""score"":""18 : 15"",""speed"":""63.2 km/h"",""res"":""Punkt: J. Wrzesiński""},{""type"":""rally"",""score"":""17 : 15"",""speed"":""48.2 km/h"",""res"":""Punkt: V. Stefanov""},{""type"":""chg"",""score"":""17 : 14"",""txt"":""Zmiana: G. Petershausen ⇄ M. Pułtorak""},{""type"":""rally"",""score"":""17 : 14"",""speed"":""44.2 km/h"",""res"":""Punkt: B. Świacki""},{""type"":""rally"",""score"":""16 : 14"",""speed"":""48.7 km/h"",""res"":""Punkt: M. Pułtorak""},{""type"":""rally"",""score"":""16 : 13"",""speed"":""48.7 km/h"",""res"":""Punkt: J. Łysiak""},{""type"":""chg"",""score"":""16 : 12"",""txt"":""Zmiana: J. Łysiak ⇄ F. Eylül""},{""type"":""tmo"",""score"":""16 : 12"",""txt"":""Czas dla: ""},{""type"":""rally"",""score"":""16 : 12"",""speed"":""53.4 km/h"",""res"":""Punkt: F. Aboim""},{""type"":""tmo"",""score"":""15 : 12"",""txt"":""Czas dla: TKS Jelenie Studzienki ""},{""type"":""rally"",""score"":""15 : 12"",""speed"":""51.5 km/h"",""res"":""Punkt: F. Eylül""},{""type"":""rally"",""score"":""15 : 11"",""speed"":""51.3 km/h"",""res"":""Punkt: M. Pułtorak""},{""type"":""rally"",""score"":""15 : 10"",""speed"":""51.8 km/h"",""res"":""Punkt: F. Eylül""},{""type"":""rally"",""score"":""15 : 9"",""speed"":""64.4 km/h"",""res"":""Błąd: V. Stefanov""},{""type"":""tmo"",""score"":""14 : 9"",""txt"":""Czas dla: Mazaki VC""},{""type"":""rally"",""score"":""14 : 9"",""speed"":""54.4 km/h"",""res"":""Punkt: B. Świacki""},{""type"":""rally"",""score"":""13 : 9"",""speed"":""68.4 km/h"",""res"":""Punkt: B. Świacki""},{""type"":""chg"",""score"":""12 : 9"",""txt"":""Zmiana: M. Pułtorak ⇄ G. Petershausen""},{""type"":""rally"",""score"":""12 : 9"",""speed"":""71.5 km/h"",""res"":""Punkt: B. Świacki""},{""type"":""rally"",""score"":""11 : 9"",""speed"":""63.2 km/h"",""res"":""Punkt: F. Aboim""},{""type"":""rally"",""score"":""10 : 9"",""speed"":""-"",""res"":""Błąd: B. Wawryniuk""},{""type"":""chg"",""score"":""10 : 8"",""txt"":""Zmiana: F. Eylül ⇄ J. Łysiak""},{""type"":""tmo"",""score"":""10 : 8"",""txt"":""Czas dla: Mazaki VC""},{""type"":""rally"",""score"":""10 : 8"",""speed"":""49.9 km/h"",""res"":""Punkt: W. Kowalski""},{""type"":""rally"",""score"":""9 : 8"",""speed"":""43.9 km/h"",""res"":""Punkt: M. Kozakowski""},{""type"":""rally"",""score"":""9 : 7"",""speed"":""56.8 km/h"",""res"":""Punkt: W. Kowalski""},{""type"":""tmo"",""score"":""8 : 7"",""txt"":""Czas dla: ""},{""type"":""rally"",""score"":""8 : 7"",""speed"":""55.7 km/h"",""res"":""Punkt: B. Wawryniuk""},{""type"":""rally"",""score"":""7 : 7"",""speed"":""52.6 km/h"",""res"":""Punkt: M. Kozakowski""},{""type"":""rally"",""score"":""7 : 6"",""speed"":""51.5 km/h"",""res"":""Punkt: B. Świacki""},{""type"":""rally"",""score"":""6 : 6"",""speed"":""57.3 km/h"",""res"":""Punkt: V. Stefanov""},{""type"":""rally"",""score"":""6 : 5"",""speed"":""66.6 km/h"",""res"":""Punkt: B. Świacki""},{""type"":""rally"",""score"":""5 : 5"",""speed"":""49.8 km/h"",""res"":""Punkt: B. Świacki""},{""type"":""rally"",""score"":""4 : 5"",""speed"":""44.8 km/h"",""res"":""Punkt: B. Świacki""},{""type"":""rally"",""score"":""3 : 5"",""speed"":""62.7 km/h"",""res"":""Punkt: G. Petershausen""},{""type"":""rally"",""score"":""3 : 4"",""speed"":""63.8 km/h"",""res"":""Punkt: J. Łysiak""},{""type"":""rally"",""score"":""3 : 3"",""speed"":""53.9 km/h"",""res"":""Punkt: B. Świacki""},{""type"":""rally"",""score"":""2 : 3"",""speed"":""61.5 km/h"",""res"":""Punkt: J. Łysiak""},{""type"":""rally"",""score"":""2 : 2"",""speed"":""48.7 km/h"",""res"":""Błąd: R. Kościółek""},{""type"":""rally"",""score"":""1 : 2"",""speed"":""-"",""res"":""Błąd: B. Wawryniuk""},{""type"":""rally"",""score"":""1 : 1"",""speed"":""45.8 km/h"",""res"":""Punkt: W. Kowalski""},{""type"":""chg"",""score"":""0 : 1"",""txt"":""Zmiana: B. Świacki ⇄ E. Kaczmarek""},{""type"":""chg"",""score"":""0 : 1"",""txt"":""Zmiana: B. Wawryniuk ⇄ A. Henderson""},{""type"":""rally"",""score"":""0 : 1"",""speed"":""-"",""res"":""Błąd: R. Joguet""}]}]}","1","1","0","0","1","1","17","49","0","0","13","0","0","4","59","51.3","0","0","0","0","1","1","0","0","0","0","0","0","0","0","0","0","0","0","0","0","0","0","0","0","0","0","0","0","0","0","44","11","0","2","29","86","0","0","0","0","0","6","1","0","1","3","1","2","2","0","0","0","0","3","29","27","30","0","0","bulk-1.27-teamid-from-league-list","0","0","0"
"3.3","TKS Jelenie Studzienki vs Mazaki VC 3:0","1126255","2026-06-30 17:00","Hala sportowa w Paterku ul. Kcyńska 6A","TKS Jelenie Studzienki","130939","Henderson, Austin","1905920","2","0","5","0","1","59.2","2","2","0","0","-100","6","5","2","1","1","50","8","0","100","5","63","1","10","18","0","0","0","0","0","0","0","10.2","","1","1","0","0","0","0","10","18","0","0","6","1","0","4","63.2","57.6","0","0","0","0","0","0","0","0","0","0","0","0","0","0","1","0","0","1","0","0","0","0","0","0","0","0","1","0","0","1","0","0","0","0","0","0","4","0","3","1","8","2","0","1","0","1","0","1","0","0","0","0","1","1","18","0","0","0","0","bulk-1.27-teamid-from-league-list","0","0","0"
"3.3","TKS Jelenie Studzienki vs Mazaki VC 3:0","1126255","2026-06-30 17:00","Hala sportowa w Paterku ul. Kcyńska 6A","TKS Jelenie Studzienki","130939","Kowalski, Wojciech","1976238","8","7","11","0","0","71.5","16","1","8","50","44","3","2","0","1","0","0","0","0","0","0","0","0","20","30","1","0","4","0","1","2","1","23.3","","0","0","0","1","0","0","20","30","0","0","17","0","0","3","71.5","60.9","2","0","0","0","2","4","1","0","0","0","0","1","0","0","0","0","0","0","5","1","0","0","5","11","0","0","0","0","0","0","1","0","0","0","3","4","0","0","0","0","0","0","0","0","0","0","0","0","0","0","0","0","0","2","9","0","16","0","0","bulk-1.27-teamid-from-league-list","0","0","0"
"3.3","TKS Jelenie Studzienki vs Mazaki VC 3:0","1126255","2026-06-30 17:00","Hala sportowa w Paterku ul. Kcyńska 6A","TKS Jelenie Studzienki","130939","Aboim, Félix","1929158","14","10","14","0","1","68.1","26","4","12","46","31","13","11","2","2","0","15","0","0","0","0","0","1","29","50","0","0","0","0","0","0","0","31.8","","0","0","0","2","0","0","29","50","1","0","26","0","0","3","68.8","59.4","4","0","0","0","2","6","0","0","2","0","0","2","7","0","2","0","7","16","0","0","0","0","0","0","1","0","0","0","1","2","0","0","0","0","0","0","0","0","0","0","0","2","0","0","1","1","0","0","0","0","0","0","0","3","17","17","11","0","0","bulk-1.27-teamid-from-league-list","0","0","0"
"3.3","TKS Jelenie Studzienki vs Mazaki VC 3:0","1126255","2026-06-30 17:00","Hala sportowa w Paterku ul. Kcyńska 6A","TKS Jelenie Studzienki","130939","Wrzesiński, Jeremi","1905919","3","1","9","0","0","66.6","5","0","2","40","40","12","7","5","5","2","58","20","2","90","13","65","1","25","40","0","0","0","0","0","0","0","20.2","","1","1","0","3","1","1","25","40","1","1","22","0","0","3","66.6","56.7","0","0","0","0","0","0","0","0","0","0","0","0","0","0","0","0","1","1","0","0","0","0","0","0","2","0","0","0","2","4","0","0","0","0","0","0","1","8","7","2","18","5","2","1","0","1","1","2","1","1","0","0","0","3","18","1","20","0","0","bulk-1.27-teamid-from-league-list","0","0","0"
"3.3","TKS Jelenie Studzienki vs Mazaki VC 3:0","1126255","2026-06-30 17:00","Hala sportowa w Paterku ul. Kcyńska 6A","TKS Jelenie Studzienki","130939","Kaczmarek, Ernest","1976277","19","14","8","0","1","62.3","27","5","14","52","33","3","2","0","1","1","33","0","0","0","0","0","4","22","36","1","0","1","0","0","1","0","42.5","","0","0","0","0","1","1","22","36","3","0","20","1","0","2","67.5","55.8","0","1","1","0","5","7","0","0","0","0","0","0","0","0","0","0","0","0","14","1","2","0","3","20","0","0","0","0","0","0","1","0","0","0","0","1","0","0","0","0","0","0","0","0","0","0","0","1","1","0","0","0","0","2","19","14","0","0","0","bulk-1.27-teamid-from-league-list","0","0","0"
"3.3","TKS Jelenie Studzienki vs Mazaki VC 3:0","1126255","2026-06-30 17:00","Hala sportowa w Paterku ul. Kcyńska 6A","TKS Jelenie Studzienki","130939","Kosiński, Radosław","1685746","0","0","0","0","0","0","0","0","0","0","0","22","20","12","2","2","64","4","0","100","4","100","0","0","0","1","0","3","0","1","1","1","13.6","","1","1","0","0","1","1","0","0","0","0","0","0","0","0","0","0","0","0","0","0","0","0","0","0","0","0","0","0","0","0","0","0","0","0","0","0","0","0","0","0","0","0","0","0","0","0","1","0","0","1","1","3","2","0","2","0","4","12","5","3","0","2","2","2","0","0","0","1","1","3","7","8","13","0","0","bulk-1.27-teamid-from-league-list","0","0","0"
"3.3","TKS Jelenie Studzienki vs Mazaki VC 3:0","1126255","2026-06-30 17:00","Hala sportowa w Paterku ul. Kcyńska 6A","TKS Jelenie Studzienki","130939","Hyla, Tomasz","1974572","7","7","3","0","1","52.1","3","0","3","100","100","0","0","0","0","0","0","0","0","0","0","0","3","10","12","0","0","0","0","0","0","0","18","","0","0","0","0","0","0","10","12","2","0","9","1","0","1","57.4","52.5","1","0","0","0","0","1","0","0","0","0","0","0","0","0","0","0","0","0","2","0","0","0","0","2","0","0","0","0","0","0","0","0","0","0","0","0","0","0","0","0","0","0","0","0","0","0","0","0","0","0","0","0","0","1","0","9","0","0","0","bulk-1.27-teamid-from-league-list","0","0","0"
"3.3","TKS Jelenie Studzienki vs Mazaki VC 3:0","1126255","2026-06-30 17:00","Hala sportowa w Paterku ul. Kcyńska 6A","TKS Jelenie Studzienki","130939","Wawryniuk, Bogdan","2088862","1","-3","4","2","0","62.5","1","1","0","0","-100","10","6","2","4","1","30","10","1","90","2","20","1","5","14","0","0","0","0","0","0","0","3.9","","1","1","0","3","0","0","5","14","1","1","5","0","0","0","62.5","55.5","0","0","0","0","0","0","0","0","1","0","0","1","0","0","0","0","0","0","0","0","0","0","0","0","0","0","0","0","0","0","0","0","0","0","0","0","0","2","4","3","9","2","1","0","0","1","0","1","0","0","0","1","0","1","0","0","21","0","0","bulk-1.27-teamid-from-league-list","0","0","0"
"3.3","TKS Jelenie Studzienki vs Mazaki VC 3:0","1126255","2026-06-30 17:00","Hala sportowa w Paterku ul. Kcyńska 6A","TKS Jelenie Studzienki","130939","Niewiadomski, Wojciech","2088863","2","0","2","2","0","0","1","0","1","100","100","3","1","1","2","1","67","8","0","100","5","63","1","10","16","0","0","0","0","0","0","0","9.4","","1","1","0","1","0","0","10","16","1","0","9","0","0","1","0","0","0","0","0","0","0","0","0","0","0","0","0","0","0","0","0","0","0","0","0","0","0","0","0","0","1","0","0","0","0","1","0","0","0","0","0","0","2","3","3","0","8","1","1","0","0","0","0","1","0","0","1","0","0","1","0","12","0","0","0","bulk-1.27-teamid-from-league-list","0","0","0"
"3.3","TKS Jelenie Studzienki vs Mazaki VC 3:0","1126255","2026-06-30 17:00","Hala sportowa w Paterku ul. Kcyńska 6A","TKS Jelenie Studzienki","130939","Wal, Wiktor","2032554","2","1","3","1","0","66.4","1","0","0","0","0","3","3","3","0","0","100","5","0","100","3","60","2","5","11","0","0","0","0","0","0","0","10.6","","0","0","0","0","0","0","5","11","2","0","5","0","0","0","66.4","64","0","0","0","0","1","1","0","0","0","0","0","0","0","0","0","0","0","0","0","0","0","0","0","0","0","0","0","0","0","0","0","0","0","0","0","0","0","1","4","0","5","3","1","1","1","0","0","0","0","0","0","0","0","1","0","13","0","0","0","bulk-1.27-teamid-from-league-list","0","0","0"
"3.3","TKS Jelenie Studzienki vs Mazaki VC 3:0","1126255","2026-06-30 17:00","Hala sportowa w Paterku ul. Kcyńska 6A","TKS Jelenie Studzienki","130939","Świacki, Bartłomiej","1976237","11","9","2","1","0","52.6","12","1","7","58","50","0","0","0","0","0","0","0","0","0","0","0","4","14","21","0","0","0","0","0","0","0","33.5","","0","0","0","0","0","0","14","21","3","0","11","1","0","3","52.6","52.6","2","0","0","0","0","2","0","0","0","0","0","0","0","0","0","0","0","0","5","0","1","0","4","10","0","0","0","0","0","0","0","0","0","0","0","0","0","0","0","0","0","0","0","0","0","0","0","0","0","0","0","0","0","1","0","0","14","0","0","bulk-1.27-teamid-from-league-list","0","0","0"
"3.3","TKS Jelenie Studzienki vs Mazaki VC 3:0","1126255","2026-06-30 17:00","Hala sportowa w Paterku ul. Kcyńska 6A","Mazaki VC","131006","Nowak, Andrzej","1903535","1","1","8","0","0","57.2","1","0","0","0","0","19","13","6","6","1","37","0","0","0","0","0","1","13","41","31","14","80","10","24","34","12","8.2","","1","4","0","2","0","0","13","41","1","0","13","0","0","0","57.2","51.3","0","0","0","0","1","1","0","0","0","0","0","0","0","0","0","0","0","0","0","0","0","0","0","0","0","0","0","0","0","0","31","14","2","3","30","80","0","0","0","0","0","6","1","0","3","2","0","1","0","0","0","0","1","3","26","21","30","0","0","bulk-1.27-teamid-from-league-list","0","0","0"
"3.3","TKS Jelenie Studzienki vs Mazaki VC 3:0","1126255","2026-06-30 17:00","Hala sportowa w Paterku ul. Kcyńska 6A","Mazaki VC","131006","Stefanov, Vladimir","1724586","3","0","13","2","1","55.5","3","1","1","33","0","18","10","3","8","5","44","36","0","100","13","36","1","22","43","0","0","0","0","0","0","0","28.5","","5","5","0","3","0","0","22","43","1","0","22","0","0","0","55.5","48.8","0","0","0","0","1","1","0","0","0","0","0","0","1","0","0","0","0","1","0","0","0","0","0","0","0","1","0","0","0","1","0","0","0","0","0","0","3","8","20","5","36","3","1","2","0","0","0","5","3","1","0","1","0","3","27","16","17","0","0","bulk-1.27-teamid-from-league-list","0","0","0"
"3.3","TKS Jelenie Studzienki vs Mazaki VC 3:0","1126255","2026-06-30 17:00","Hala sportowa w Paterku ul. Kcyńska 6A","Mazaki VC","131006","Kozakowski, Miłosz","1949481","17","12","8","0","0","66.2","27","5","15","56","37","3","0","0","3","1","33","0","0","0","0","0","2","25","37","0","0","3","0","1","1","1","36.3","","0","1","1","2","0","0","25","37","2","0","22","0","0","3","66.2","57.3","0","0","0","0","1","1","0","0","2","1","0","3","0","0","0","0","0","0","13","2","1","1","6","23","0","0","0","0","0","0","0","0","0","1","2","3","0","0","0","0","0","0","0","0","0","0","0","1","0","0","0","1","0","3","15","8","11","0","0","bulk-1.27-teamid-from-league-list","0","0","0"
"3.3","TKS Jelenie Studzienki vs Mazaki VC 3:0","1126255","2026-06-30 17:00","Hala sportowa w Paterku ul. Kcyńska 6A","Mazaki VC","131006","Kościółek, Ryszard","1903653","8","-2","10","0","0","53.9","25","10","7","28","-12","18","11","0","7","1","6","0","0","0","0","0","1","20","47","0","0","0","0","0","0","0","0","","0","2","0","4","1","1","20","47","1","0","18","0","0","2","53.9","50.3","0","0","0","0","2","2","0","0","4","0","0","4","7","3","2","0","6","18","0","0","0","0","0","0","0","0","1","0","0","1","0","0","0","0","0","0","0","0","0","0","0","0","0","0","0","0","0","1","0","1","0","0","0","3","16","15","14","0","0","bulk-1.27-teamid-from-league-list","0","0","0"
"3.3","TKS Jelenie Studzienki vs Mazaki VC 3:0","1126255","2026-06-30 17:00","Hala sportowa w Paterku ul. Kcyńska 6A","Mazaki VC","131006","Petershausen, Gordon","1865013","3","-1","8","1","1","63.3","4","1","1","25","0","10","7","3","3","1","40","19","2","89","9","47","1","27","40","0","0","0","0","0","0","0","14.7","","0","1","1","2","0","0","27","40","0","0","26","1","0","1","63.3","54.3","0","0","0","0","0","0","0","0","0","0","0","0","1","0","1","0","1","3","0","0","0","0","0","0","0","0","0","0","1","1","0","0","0","0","0","0","4","9","4","0","17","3","0","1","0","2","0","1","0","0","0","1","0","3","12","11","13","0","0","bulk-1.27-teamid-from-league-list","0","0","0"
"3.3","TKS Jelenie Studzienki vs Mazaki VC 3:0","1126255","2026-06-30 17:00","Hala sportowa w Paterku ul. Kcyńska 6A","Mazaki VC","131006","Łysiak, Jakub","1949482","12","7","8","1","0","64.3","25","4","9","36","20","3","2","0","1","0","0","0","0","0","0","0","3","25","39","0","0","0","0","0","0","0","24","","0","0","0","1","0","0","25","39","3","0","23","0","0","2","64.3","55.9","0","0","0","0","1","1","0","0","1","0","0","1","0","0","0","0","0","0","9","0","3","0","11","23","0","0","0","0","0","0","0","0","0","0","0","0","0","0","0","0","0","0","0","0","0","0","0","0","0","0","0","0","0","3","10","7","13","0","0","bulk-1.27-teamid-from-league-list","0","0","0"
"3.3","TKS Jelenie Studzienki vs Mazaki VC 3:0","1126255","2026-06-30 17:00","Hala sportowa w Paterku ul. Kcyńska 6A","Mazaki VC","131006","Nikolov, Petar","1684203","0","0","0","0","0","0","0","0","0","0","0","23","17","10","6","4","61","4","0","100","2","50","0","0","0","1","0","4","0","1","0","3","12","","4","6","0","0","0","0","0","0","0","0","0","0","0","0","0","0","0","0","0","0","0","0","0","0","0","0","0","0","0","0","0","0","0","0","0","0","0","0","0","0","0","0","0","0","0","0","1","0","0","1","2","4","0","1","1","2","4","9","1","3","0","5","0","4","1","0","0","3","0","3","6","10","11","0","0","bulk-1.27-teamid-from-league-list","0","0","0"
"3.3","TKS Jelenie Studzienki vs Mazaki VC 3:0","1126255","2026-06-30 17:00","Hala sportowa w Paterku ul. Kcyńska 6A","Mazaki VC","131006","Pomian, Przemysław","1767462","0","0","0","0","0","0","0","0","0","0","0","0","0","0","0","0","0","0","0","0","0","0","0","2","6","3","4","12","0","4","5","3","0","","0","0","0","0","0","0","2","6","0","0","2","0","0","0","0","0","0","0","0","0","0","0","0","0","0","0","0","0","0","0","0","0","0","0","0","0","0","0","0","0","0","0","0","0","0","0","3","4","0","1","4","12","0","0","0","0","0","0","0","0","0","0","0","0","0","0","0","0","0","2","4","6","0","0","0","bulk-1.27-teamid-from-league-list","0","0","0"
"3.3","TKS Jelenie Studzienki vs Mazaki VC 3:0","1126255","2026-06-30 17:00","Hala sportowa w Paterku ul. Kcyńska 6A","Mazaki VC","131006","Eylül, Fevzi","1865781","5","3","1","0","0","66.1","13","2","4","31","15","1","0","0","1","0","0","0","0","0","0","0","1","11","18","0","0","0","0","0","0","0","11","","0","0","0","1","0","0","11","18","1","0","11","0","0","0","66.1","66.1","0","0","0","0","0","0","0","0","1","0","0","1","0","0","0","0","0","0","4","0","1","0","7","12","0","0","0","0","0","0","0","0","0","0","0","0","0","0","0","0","0","0","0","0","0","0","0","0","0","0","0","0","0","3","2","5","5","0","0","bulk-1.27-teamid-from-league-list","0","0","0"
"3.3","TKS Jelenie Studzienki vs Mazaki VC 3:0","1126255","2026-06-30 17:00","Hala sportowa w Paterku ul. Kcyńska 6A","Mazaki VC","131006","Pułtorak, Michał","1685788","2","-1","3","0","1","48.4","2","1","0","0","-50","3","1","1","2","1","67","8","2","75","3","38","1","5","11","0","0","0","0","0","0","0","5.3","","1","1","0","1","0","0","5","11","1","0","4","0","0","1","48.7","47.1","0","0","0","0","0","0","0","0","0","0","0","0","0","0","0","0","1","1","0","0","0","0","0","0","0","0","1","0","0","1","0","0","0","0","0","0","0","4","1","1","6","1","1","0","0","0","0","1","0","0","0","1","0","3","6","5","5","0","0","bulk-1.27-teamid-from-league-list","0","0","0"
"3.3","Volleyball Szubin Team vs Ale co 3:0","1126256","2026-06-30 17:00","VST Hala Sportowa","Volleyball Szubin Team","128579","Zawadzki, Maciej","1744964","5","2","12","3","1","63.9","0","0","0","0","0","14","9","2","5","2","29","0","0","0","0","0","4","24","64","44","10","92","26","36","15","15","14.4","{""sets"":[{""h"":25,""a"":17},{""h"":25,""a"":16},{""h"":27,""a"":25}],""parsedSets"":[{""rallies"":[{""type"":""end"",""score"":""25 : 17"",""txt"":""Koniec seta 1 : 0""},{""type"":""end"",""score"":""25 : 17"",""txt"":""Koniec seta 1 : 0""},{""type"":""rally"",""score"":""25 : 17"",""speed"":""58.6 km/h"",""res"":""Punkt: S. Chuanhao""},{""type"":""rally"",""score"":""24 : 17"",""speed"":""64.1 km/h"",""res"":""Punkt: L. Ladeira""},{""type"":""rally"",""score"":""24 : 16"",""speed"":""51.4 km/h"",""res"":""Punkt: Y. Chunxian""},{""type"":""rally"",""score"":""23 : 16"",""speed"":""65.5 km/h"",""res"":""Punkt: C. Byrczek""},{""type"":""rally"",""score"":""23 : 15"",""speed"":""47.2 km/h"",""res"":""Punkt: M. Kobyliński""},{""type"":""rally"",""score"":""23 : 14"",""speed"":""45.3 km/h"",""res"":""Punkt: M. Zawadzki""},{""type"":""rally"",""score"":""22 : 14"",""speed"":""54.2 km/h"",""res"":""Błąd: S. Chaput""},{""type"":""rally"",""score"":""21 : 14"",""speed"":""49.3 km/h"",""res"":""Punkt: M. Kobyliński""},{""type"":""rally"",""score"":""21 : 13"",""speed"":""43.3 km/h"",""res"":""Punkt: Y. Chunxian""},{""type"":""rally"",""score"":""20 : 13"",""speed"":""64.6 km/h"",""res"":""Punkt: A. Travnicek""},{""type"":""rally"",""score"":""19 : 13"",""speed"":""48.3 km/h"",""res"":""Punkt: M. Zawadzki""},{""type"":""rally"",""score"":""18 : 13"",""speed"":""56.0 km/h"",""res"":""Punkt: D. Furmanek""},{""type"":""rally"",""score"":""17 : 13"",""speed"":""64.5 km/h"",""res"":""Punkt: Y. Chunxian""},{""type"":""rally"",""score"":""16 : 13"",""speed"":""60.3 km/h"",""res"":""Punkt: S. Chaput""},{""type"":""tmo"",""score"":""16 : 12"",""txt"":""Czas dla: ""},{""type"":""rally"",""score"":""16 : 12"",""speed"":""65.0 km/h"",""res"":""Punkt: A. Travnicek""},{""type"":""rally"",""score"":""15 : 12"",""speed"":""60.2 km/h"",""res"":""Punkt: L. Ladeira""},{""type"":""rally"",""score"":""15 : 11"",""speed"":""52.2 km/h"",""res"":""Punkt: S. Chuanhao""},{""type"":""rally"",""score"":""14 : 11"",""speed"":""65.9 km/h"",""res"":""Błąd: A. Travnicek""},{""type"":""rally"",""score"":""14 : 10"",""speed"":""-"",""res"":""Błąd: M. Zawadzki""},{""type"":""rally"",""score"":""14 : 9"",""speed"":""-"",""res"":""Błąd: M. Drabek""},{""type"":""rally"",""score"":""13 : 9"",""speed"":""56.4 km/h"",""res"":""Punkt: L. Ladeira""},{""type"":""rally"",""score"":""13 : 8"",""speed"":""56.2 km/h"",""res"":""Punkt: A. Travnicek""},{""type"":""rally"",""score"":""12 : 8"",""speed"":""68.0 km/h"",""res"":""Punkt: L. Ladeira""},{""type"":""rally"",""score"":""12 : 7"",""speed"":""58.4 km/h"",""res"":""Punkt: M. Kobyliński""},{""type"":""rally"",""score"":""12 : 6"",""speed"":""58.6 km/h"",""res"":""Błąd: M. Kobyliński""},{""type"":""tmo"",""score"":""11 : 6"",""txt"":""Czas dla: Ale co""},{""type"":""rally"",""score"":""11 : 6"",""speed"":""60.8 km/h"",""res"":""Punkt: Y. Chunxian""},{""type"":""rally"",""score"":""10 : 6"",""speed"":""71.9 km/h"",""res"":""Punkt: A. Travnicek""},{""type"":""rally"",""score"":""9 : 6"",""speed"":""62.9 km/h"",""res"":""Błąd: H. Floret""},{""type"":""tmo"",""score"":""8 : 6"",""txt"":""Czas dla: ""},{""type"":""rally"",""score"":""8 : 6"",""speed"":""44.0 km/h"",""res"":""Punkt: Y. Chunxian""},{""type"":""rally"",""score"":""7 : 6"",""speed"":""46.1 km/h"",""res"":""Punkt: Y. Chunxian""},{""type"":""tmo"",""score"":""6 : 6"",""txt"":""Czas dla: Volleyball Szubin Team""},{""type"":""rally"",""score"":""6 : 6"",""speed"":""55.1 km/h"",""res"":""Punkt: C. Byrczek""},{""type"":""rally"",""score"":""6 : 5"",""speed"":""53.6 km/h"",""res"":""Punkt: M. Kobyliński""},{""type"":""rally"",""score"":""6 : 4"",""speed"":""62.2 km/h"",""res"":""Punkt: M. Kobyliński""},{""type"":""rally"",""score"":""6 : 3"",""speed"":""41.9 km/h"",""res"":""Punkt: M. Ignaczak""},{""type"":""rally"",""score"":""5 : 3"",""speed"":""57.7 km/h"",""res"":""Punkt: Y. Chunxian""},{""type"":""rally"",""score"":""4 : 3"",""speed"":""-"",""res"":""Błąd: S. Chuanhao""},{""type"":""rally"",""score"":""4 : 2"",""speed"":""78.7 km/h"",""res"":""Punkt: Y. Chunxian""},{""type"":""rally"",""score"":""3 : 2"",""speed"":""-"",""res"":""Błąd: L. Ladeira""},{""type"":""rally"",""score"":""2 : 2"",""speed"":""58.4 km/h"",""res"":""Błąd: S. Chuanhao""},{""type"":""rally"",""score"":""2 : 1"",""speed"":""53.2 km/h"",""res"":""Punkt: M. Ignaczak""},{""type"":""rally"",""score"":""1 : 1"",""speed"":""-"",""res"":""Błąd: M. Zawadzki""},{""type"":""chg"",""score"":""1 : 0"",""txt"":""Zmiana: S. Chuanhao ⇄ M. Yuze""},{""type"":""chg"",""score"":""1 : 0"",""txt"":""Zmiana: Y. Chunxian ⇄ D. Gomez""},{""type"":""rally"",""score"":""1 : 0"",""speed"":""55.6 km/h"",""res"":""Punkt: D. Furmanek""}]},{""rallies"":[{""type"":""end"",""score"":""25 : 16"",""txt"":""Koniec seta 2 : 0""},{""type"":""end"",""score"":""25 : 16"",""txt"":""Koniec seta 2 : 0""},{""type"":""rally"",""score"":""25 : 16"",""speed"":""57.9 km/h"",""res"":""Punkt: M. Ignaczak""},{""type"":""rally"",""score"":""24 : 16"",""speed"":""58.1 km/h"",""res"":""Punkt: S. Chaput""},{""type"":""rally"",""score"":""24 : 15"",""speed"":""59.7 km/h"",""res"":""Punkt: A. Travnicek""},{""type"":""rally"",""score"":""23 : 15"",""speed"":""60.4 km/h"",""res"":""Punkt: L. Ladeira""},{""type"":""rally"",""score"":""23 : 14"",""speed"":""64.6 km/h"",""res"":""Punkt: S. Chaput""},{""type"":""rally"",""score"":""23 : 13"",""speed"":""-"",""res"":""Błąd: M. Drabek""},{""type"":""rally"",""score"":""22 : 13"",""speed"":""63.1 km/h"",""res"":""Punkt: L. Ladeira""},{""type"":""rally"",""score"":""22 : 12"",""speed"":""51.7 km/h"",""res"":""Punkt: L. Ladeira""},{""type"":""rally"",""score"":""22 : 11"",""speed"":""60.2 km/h"",""res"":""Punkt: I. Usseglio""},{""type"":""rally"",""score"":""21 : 11"",""speed"":""60.5 km/h"",""res"":""Punkt: M. Kobyliński""},{""type"":""rally"",""score"":""21 : 10"",""speed"":""56.0 km/h"",""res"":""Błąd: M. Kobyliński""},{""type"":""rally"",""score"":""20 : 10"",""speed"":""52.1 km/h"",""res"":""Punkt: B. Brewster""},{""type"":""rally"",""score"":""19 : 10"",""speed"":""61.2 km/h"",""res"":""Punkt: M. Kobyliński""},{""type"":""rally"",""score"":""19 : 9"",""speed"":""52.1 km/h"",""res"":""Punkt: M. Zawadzki""},{""type"":""rally"",""score"":""18 : 9"",""speed"":""50.7 km/h"",""res"":""Punkt: B. Brewster""},{""type"":""rally"",""score"":""17 : 9"",""speed"":""47.4 km/h"",""res"":""Punkt: S. Chaput""},{""type"":""tmo"",""score"":""17 : 8"",""txt"":""Czas dla: Ale co""},{""type"":""rally"",""score"":""17 : 8"",""speed"":""63.3 km/h"",""res"":""Punkt: M. Ignaczak""},{""type"":""tmo"",""score"":""16 : 8"",""txt"":""Czas dla: ""},{""type"":""rally"",""score"":""16 : 8"",""speed"":""60.7 km/h"",""res"":""Punkt: B. Brewster""},{""type"":""rally"",""score"":""15 : 8"",""speed"":""44.6 km/h"",""res"":""Punkt: M. Ignaczak""},{""type"":""rally"",""score"":""14 : 8"",""speed"":""71.7 km/h"",""res"":""Punkt: A. Travnicek""},{""type"":""rally"",""score"":""13 : 8"",""speed"":""48.6 km/h"",""res"":""Punkt: H. Floret""},{""type"":""rally"",""score"":""13 : 7"",""speed"":""63.6 km/h"",""res"":""Punkt: M. Ignaczak""},{""type"":""rally"",""score"":""12 : 7"",""speed"":""66.4 km/h"",""res"":""Punkt: I. Usseglio""},{""type"":""rally"",""score"":""11 : 7"",""speed"":""55.0 km/h"",""res"":""Punkt: L. Ladeira""},{""type"":""rally"",""score"":""11 : 6"",""speed"":""-"",""res"":""Błąd: M. Drabek""},{""type"":""rally"",""score"":""10 : 6"",""speed"":""56.6 km/h"",""res"":""Punkt: L. Ladeira""},{""type"":""rally"",""score"":""10 : 5"",""speed"":""52.9 km/h"",""res"":""Błąd: H. Floret""},{""type"":""rally"",""score"":""9 : 5"",""speed"":""49.8 km/h"",""res"":""Punkt: M. Zawadzki""},{""type"":""tmo"",""score"":""8 : 5"",""txt"":""Czas dla: ""},{""type"":""rally"",""score"":""8 : 5"",""speed"":""65.2 km/h"",""res"":""Punkt: A. Travnicek""},{""type"":""rally"",""score"":""7 : 5"",""speed"":""49.1 km/h"",""res"":""Punkt: M. Kobyliński""},{""type"":""rally"",""score"":""7 : 4"",""speed"":""48.8 km/h"",""res"":""Punkt: B. Brewster""},{""type"":""rally"",""score"":""6 : 4"",""speed"":""60.8 km/h"",""res"":""Punkt: M. Kobyliński""},{""type"":""rally"",""score"":""6 : 3"",""speed"":""61.4 km/h"",""res"":""Punkt: M. Zawadzki""},{""type"":""rally"",""score"":""5 : 3"",""speed"":""60.8 km/h"",""res"":""Punkt: M. Ignaczak""},{""type"":""rally"",""score"":""4 : 3"",""speed"":""-"",""res"":""Błąd: D. Furmanek""},{""type"":""rally"",""score"":""4 : 2"",""speed"":""62.5 km/h"",""res"":""Punkt: M. Ignaczak""},{""type"":""rally"",""score"":""3 : 2"",""speed"":""49.2 km/h"",""res"":""Punkt: L. Ladeira""},{""type"":""rally"",""score"":""3 : 1"",""speed"":""53.5 km/h"",""res"":""Punkt: I. Usseglio""},{""type"":""rally"",""score"":""2 : 1"",""speed"":""67.7 km/h"",""res"":""Punkt: L. Ladeira""},{""type"":""rally"",""score"":""2 : 0"",""speed"":""61.8 km/h"",""res"":""Punkt: I. Usseglio""},{""type"":""chg"",""score"":""1 : 0"",""txt"":""Zmiana: I. Usseglio ⇄ M. Yuze""},{""type"":""chg"",""score"":""1 : 0"",""txt"":""Zmiana: B. Brewster ⇄ D. Gomez""},{""type"":""rally"",""score"":""1 : 0"",""speed"":""55.6 km/h"",""res"":""Punkt: M. Yuze""}]},{""rallies"":[{""type"":""end"",""score"":""27 : 25"",""txt"":""Koniec seta 3 : 0""},{""type"":""end"",""score"":""27 : 25"",""txt"":""Koniec seta 3 : 0""},{""type"":""rally"",""score"":""27 : 25"",""speed"":""48.3 km/h"",""res"":""Punkt: M. Ignaczak""},{""type"":""rally"",""score"":""26 : 25"",""speed"":""48.0 km/h"",""res"":""Punkt: D. Gomez""},{""type"":""rally"",""score"":""25 : 25"",""speed"":""64.5 km/h"",""res"":""Punkt: M. Ignaczak""},{""type"":""rally"",""score"":""24 : 25"",""speed"":""55.7 km/h"",""res"":""Punkt: C. Byrczek""},{""type"":""rally"",""score"":""24 : 24"",""speed"":""55.2 km/h"",""res"":""Punkt: M. Kobyliński""},{""type"":""rally"",""score"":""24 : 23"",""speed"":""48.4 km/h"",""res"":""Punkt: M. Yuze""},{""type"":""tmo"",""score"":""23 : 23"",""txt"":""Czas dla: Volleyball Szubin Team""},{""type"":""rally"",""score"":""23 : 23"",""speed"":""63.8 km/h"",""res"":""Punkt: S. Chaput""},{""type"":""tmo"",""score"":""23 : 22"",""txt"":""Czas dla: Volleyball Szubin Team""},{""type"":""rally"",""score"":""23 : 22"",""speed"":""49.3 km/h"",""res"":""Punkt: M. Kobyliński""},{""type"":""rally"",""score"":""23 : 21"",""speed"":""66.2 km/h"",""res"":""Punkt: S. Chaput""},{""type"":""rally"",""score"":""23 : 20"",""speed"":""68.8 km/h"",""res"":""Punkt: S. Chaput""},{""type"":""rally"",""score"":""23 : 19"",""speed"":""58.8 km/h"",""res"":""Punkt: M. Yuze""},{""type"":""rally"",""score"":""22 : 19"",""speed"":""54.0 km/h"",""res"":""Punkt: M. Yuze""},{""type"":""rally"",""score"":""21 : 19"",""speed"":""58.1 km/h"",""res"":""Punkt: M. Yuze""},{""type"":""rally"",""score"":""20 : 19"",""speed"":""45.8 km/h"",""res"":""Punkt: M. Yuze""},{""type"":""rally"",""score"":""19 : 19"",""speed"":""50.5 km/h"",""res"":""Punkt: M. Yuze""},{""type"":""rally"",""score"":""18 : 19"",""speed"":""-"",""res"":""Błąd: M. Zawadzki""},{""type"":""rally"",""score"":""18 : 18"",""speed"":""63.9 km/h"",""res"":""Punkt: M. Yuze""},{""type"":""rally"",""score"":""17 : 18"",""speed"":""64.7 km/h"",""res"":""Punkt: D. Furmanek""},{""type"":""rally"",""score"":""16 : 18"",""speed"":""63.5 km/h"",""res"":""Punkt: M. Drabek""},{""type"":""rally"",""score"":""16 : 17"",""speed"":""59.5 km/h"",""res"":""Punkt: L. Ladeira""},{""type"":""rally"",""score"":""16 : 16"",""speed"":""50.6 km/h"",""res"":""Punkt: D. Gomez""},{""type"":""tmo"",""score"":""15 : 16"",""txt"":""Czas dla: ""},{""type"":""rally"",""score"":""15 : 16"",""speed"":""64.6 km/h"",""res"":""Punkt: M. Drabek""},{""type"":""rally"",""score"":""15 : 15"",""speed"":""59.1 km/h"",""res"":""Punkt: M. Drabek""},{""type"":""rally"",""score"":""15 : 14"",""speed"":""61.6 km/h"",""res"":""Punkt: M. Kobyliński""},{""type"":""rally"",""score"":""15 : 13"",""speed"":""53.8 km/h"",""res"":""Punkt: D. Gomez""},{""type"":""rally"",""score"":""14 : 13"",""speed"":""60.7 km/h"",""res"":""Punkt: C. Byrczek""},{""type"":""rally"",""score"":""14 : 12"",""speed"":""-"",""res"":""Błąd: D. Furmanek""},{""type"":""rally"",""score"":""14 : 11"",""speed"":""49.0 km/h"",""res"":""Punkt: D. Gomez""},{""type"":""rally"",""score"":""13 : 11"",""speed"":""46.2 km/h"",""res"":""Punkt: D. Gomez""},{""type"":""rally"",""score"":""12 : 11"",""speed"":""56.4 km/h"",""res"":""Punkt: D. Gomez""},{""type"":""rally"",""score"":""11 : 11"",""speed"":""67.3 km/h"",""res"":""Punkt: M. Kobyliński""},{""type"":""rally"",""score"":""11 : 10"",""speed"":""55.8 km/h"",""res"":""Punkt: D. Gomez""},{""type"":""rally"",""score"":""10 : 10"",""speed"":""68.2 km/h"",""res"":""Punkt: M. Yuze""},{""type"":""rally"",""score"":""9 : 10"",""speed"":""64.1 km/h"",""res"":""Punkt: L. Ladeira""},{""type"":""rally"",""score"":""9 : 9"",""speed"":""-"",""res"":""Błąd: C. Byrczek""},{""type"":""rally"",""score"":""8 : 9"",""speed"":""53.9 km/h"",""res"":""Punkt: S. Chaput""},{""type"":""rally"",""score"":""8 : 8"",""speed"":""61.0 km/h"",""res"":""Punkt: M. Yuze""},{""type"":""tmo"",""score"":""7 : 8"",""txt"":""Czas dla: ""},{""type"":""rally"",""score"":""7 : 8"",""speed"":""51.9 km/h"",""res"":""Punkt: L. Ladeira""},{""type"":""rally"",""score"":""7 : 7"",""speed"":""66.5 km/h"",""res"":""Punkt: D. Gomez""},{""type"":""rally"",""score"":""6 : 7"",""speed"":""63.1 km/h"",""res"":""Błąd: D. Gomez""},{""type"":""rally"",""score"":""6 : 6"",""speed"":""-"",""res"":""Błąd: H. Floret""},{""type"":""chg"",""score"":""5 : 6"",""txt"":""Zmiana: D. Gomez ⇄ S. Xiangda""},{""type"":""rally"",""score"":""5 : 6"",""speed"":""60.8 km/h"",""res"":""Punkt: M. Kobyliński""},{""type"":""rally"",""score"":""5 : 5"",""speed"":""46.9 km/h"",""res"":""Błąd: S. Xiangda""},{""type"":""rally"",""score"":""5 : 4"",""speed"":""50.8 km/h"",""res"":""Punkt: S. Xiangda""},{""type"":""rally"",""score"":""4 : 4"",""speed"":""-"",""res"":""Błąd: S. Chaput""},{""type"":""rally"",""score"":""3 : 4"",""speed"":""61.5 km/h"",""res"":""Punkt: S. Chaput""},{""type"":""rally"",""score"":""3 : 3"",""speed"":""63.0 km/h"",""res"":""Punkt: S. Chaput""},{""type"":""rally"",""score"":""3 : 2"",""speed"":""57.3 km/h"",""res"":""Punkt: A. Travnicek""},{""type"":""rally"",""score"":""2 : 2"",""speed"":""60.5 km/h"",""res"":""Punkt: S. Chaput""},{""type"":""rally"",""score"":""2 : 1"",""speed"":""56.7 km/h"",""res"":""Punkt: M. Yuze""},{""type"":""rally"",""score"":""1 : 1"",""speed"":""56.8 km/h"",""res"":""Punkt: S. Chaput""},{""type"":""chg"",""score"":""1 : 0"",""txt"":""Zmiana: S. Xiangda ⇄ D. Gomez""},{""type"":""rally"",""score"":""1 : 0"",""speed"":""45.6 km/h"",""res"":""Punkt: M. Yuze""}]}]}","0","0","1","4","1","1","24","64","4","0","24","0","0","0","63.9","54.1","0","0","0","0","0","0","0","0","0","0","0","0","0","0","0","0","0","0","0","0","0","0","0","0","0","0","0","0","0","0","44","10","4","4","30","92","0","0","0","0","0","2","1","0","0","0","1","2","0","0","0","1","1","3","31","33","34","0","0","bulk-1.27-teamid-from-league-list","0","0","0"
"3.3","Volleyball Szubin Team vs Ale co 3:0","1126256","2026-06-30 17:00","VST Hala Sportowa","Volleyball Szubin Team","128579","Travnicek, Adam","1927565","8","6","13","0","0","68.8","11","2","5","45","27","20","15","7","5","2","45","11","0","100","5","45","3","26","44","0","0","0","0","0","0","0","34.2","","2","3","0","2","0","0","26","44","3","1","25","0","0","1","68.8","59.8","1","1","0","0","0","2","0","0","0","0","0","0","0","0","0","0","1","1","0","0","0","0","0","0","4","0","1","0","3","8","0","0","0","0","0","0","2","5","4","0","11","7","4","0","1","1","1","2","1","1","0","0","0","3","16","15","14","0","0","bulk-1.27-teamid-from-league-list","0","0","0"
"3.3","Volleyball Szubin Team vs Ale co 3:0","1126256","2026-06-30 17:00","VST Hala Sportowa","Volleyball Szubin Team","128579","Yuze, Ma","1976199","13","12","4","0","0","67.3","14","1","12","86","79","2","1","0","1","0","0","0","0","0","0","0","1","10","17","0","0","0","0","0","0","0","41.3","","0","1","0","0","0","0","10","17","1","0","10","0","0","0","67.3","60.3","1","0","0","0","0","1","0","0","0","1","0","1","0","0","0","0","0","0","10","0","1","0","1","12","0","0","0","0","0","0","0","0","0","0","0","0","0","0","0","0","0","0","0","0","0","0","0","0","0","0","0","0","0","2","0","1","16","0","0","bulk-1.27-teamid-from-league-list","0","0","0"
"3.3","Volleyball Szubin Team vs Ale co 3:0","1126256","2026-06-30 17:00","VST Hala Sportowa","Volleyball Szubin Team","128579","Furmanek, Dawid","1928467","4","0","19","2","0","64.6","8","2","3","38","13","20","13","8","7","3","55","0","0","0","0","0","1","13","42","0","0","0","0","0","0","0","11.6","","3","4","0","3","0","0","13","42","1","1","13","0","0","0","64.6","51.2","0","0","0","0","2","2","0","0","1","1","0","2","0","0","1","0","0","1","0","0","0","0","0","0","2","0","0","0","1","3","0","0","0","0","0","0","0","0","0","0","0","8","2","1","0","3","2","3","0","1","0","1","1","3","15","9","15","0","0","bulk-1.27-teamid-from-league-list","0","0","0"
"3.3","Volleyball Szubin Team vs Ale co 3:0","1126256","2026-06-30 17:00","VST Hala Sportowa","Volleyball Szubin Team","128579","Ignaczak, Mateusz","1948914","10","7","14","0","0","71.9","13","1","6","46","38","7","5","3","2","1","57","36","2","94","17","47","4","31","62","0","0","0","0","0","0","0","49.3","","0","0","1","2","0","0","31","62","4","0","29","0","0","2","71.9","57.8","0","0","1","0","4","5","0","0","0","0","0","0","5","0","0","0","1","6","0","0","0","0","0","0","1","0","0","0","1","2","0","0","0","0","0","0","9","15","4","6","34","3","1","0","1","1","0","1","0","0","0","0","1","3","19","19","23","0","0","bulk-1.27-teamid-from-league-list","0","0","0"
"3.3","Volleyball Szubin Team vs Ale co 3:0","1126256","2026-06-30 17:00","VST Hala Sportowa","Volleyball Szubin Team","128579","Gomez, Damian","1865790","8","6","2","0","0","59.5","11","2","5","45","27","2","1","0","1","0","0","0","0","0","0","0","3","12","16","0","0","0","0","0","0","0","21.4","","0","1","0","0","0","0","12","16","3","1","11","0","0","1","59.5","55.7","1","0","0","0","0","1","0","0","1","0","0","1","0","0","0","0","0","0","4","1","0","0","4","9","0","0","0","0","0","0","0","0","0","0","0","0","0","0","0","0","0","0","0","0","0","0","0","0","0","0","0","0","0","1","0","0","15","0","0","bulk-1.27-teamid-from-league-list","0","0","0"
"3.3","Volleyball Szubin Team vs Ale co 3:0","1126256","2026-06-30 17:00","VST Hala Sportowa","Volleyball Szubin Team","128579","Arsov, Nikolay","1928398","0","0","0","0","0","0","0","0","0","0","0","24","22","16","2","2","75","5","0","100","5","100","0","0","0","1","0","3","0","0","1","2","17.6","","1","1","1","1","0","0","0","0","0","0","0","0","0","0","0","0","0","0","0","0","0","0","0","0","0","0","0","0","0","0","0","0","0","0","0","0","0","0","0","0","0","0","0","0","0","0","1","0","0","0","2","3","4","1","0","0","5","16","9","1","1","5","0","2","1","1","0","0","0","3","9","9","11","0","0","bulk-1.27-teamid-from-league-list","0","0","0"
"3.3","Volleyball Szubin Team vs Ale co 3:0","1126256","2026-06-30 17:00","VST Hala Sportowa","Volleyball Szubin Team","128579","Chunxian, Yong","2060385","9","7","2","0","0","64.1","15","2","8","53","40","0","0","0","0","0","0","0","0","0","0","0","1","21","27","0","0","0","0","0","0","0","24","","0","0","0","0","0","0","21","27","1","0","19","0","0","2","64.1","60.3","0","0","0","0","1","1","0","0","2","1","0","3","0","0","0","0","0","0","7","0","0","0","4","11","0","0","0","0","0","0","0","0","0","0","0","0","0","0","0","0","0","0","0","0","0","0","0","0","0","0","0","0","0","1","16","0","0","0","0","bulk-1.27-teamid-from-league-list","0","0","0"
"3.3","Volleyball Szubin Team vs Ale co 3:0","1126256","2026-06-30 17:00","VST Hala Sportowa","Volleyball Szubin Team","128579","Xiangda, Sakchai","2003881","1","0","0","0","0","0","3","1","1","33","0","0","0","0","0","0","0","0","0","0","0","0","0","3","4","0","0","0","0","0","0","0","0.5","","0","0","0","0","0","0","3","4","0","0","3","0","0","0","0","0","0","0","0","0","0","0","0","0","0","0","0","0","0","0","0","0","0","0","1","1","0","0","1","3","0","0","0","0","0","0","0","0","0","0","0","0","0","0","0","0","0","0","0","0","0","0","0","0","0","0","0","0","0","1","0","0","3","0","0","bulk-1.27-teamid-from-league-list","0","0","0"
"3.3","Volleyball Szubin Team vs Ale co 3:0","1126256","2026-06-30 17:00","VST Hala Sportowa","Volleyball Szubin Team","128579","Chuanhao, See-Yuen","2060571","2","0","3","1","0","78.7","3","1","2","67","33","1","1","0","0","0","0","0","0","0","0","0","0","2","4","0","0","0","0","0","0","0","1.5","","0","0","0","0","0","0","2","4","0","0","1","0","0","1","78.7","69.5","1","0","0","0","0","1","0","0","0","0","0","0","0","0","0","0","0","0","1","1","0","0","0","2","0","0","0","0","0","0","0","0","0","0","0","0","0","0","0","0","0","0","0","0","0","0","0","0","0","0","0","0","0","1","6","0","0","0","0","bulk-1.27-teamid-from-league-list","0","0","0"
"3.3","Volleyball Szubin Team vs Ale co 3:0","1126256","2026-06-30 17:00","VST Hala Sportowa","Volleyball Szubin Team","128579","Usseglio, Italo","1976735","5","4","4","0","0","63.6","13","1","4","31","23","0","0","0","0","0","0","0","0","0","0","0","1","14","20","0","0","1","1","0","0","0","14.1","","0","0","0","0","0","0","14","20","1","0","11","0","0","3","63.6","54.9","0","0","1","0","5","6","0","0","0","0","2","2","0","0","0","0","0","0","3","0","0","1","1","5","0","0","0","0","0","0","0","0","0","0","1","1","0","0","0","0","0","0","0","0","0","0","0","0","0","0","0","0","0","1","0","14","0","0","0","bulk-1.27-teamid-from-league-list","0","0","0"
"3.3","Volleyball Szubin Team vs Ale co 3:0","1126256","2026-06-30 17:00","VST Hala Sportowa","Volleyball Szubin Team","128579","Brewster, Brian","2112139","5","4","3","0","0","60.5","5","1","3","60","40","2","1","0","1","0","0","0","0","0","0","0","2","11","18","0","0","0","0","0","0","0","10.5","","0","0","0","1","0","0","11","18","1","1","10","1","0","1","60.5","55.2","0","0","0","0","0","0","1","0","1","0","0","2","0","0","0","0","0","0","2","0","0","0","1","3","0","0","0","0","0","0","0","0","0","0","0","0","0","0","0","0","0","0","0","0","0","0","0","0","0","0","0","0","0","1","0","10","0","0","0","bulk-1.27-teamid-from-league-list","0","0","0"
"3.3","Volleyball Szubin Team vs Ale co 3:0","1126256","2026-06-30 17:00","VST Hala Sportowa","Ale co","128694","Drabek, Mieczysław","1927726","3","0","9","3","1","64.7","0","0","0","0","0","12","9","4","3","0","33","0","0","0","0","0","2","17","52","36","18","102","16","34","35","17","9.2","","0","1","0","2","0","0","17","52","2","0","15","0","0","2","64.7","61.1","0","0","0","0","0","0","0","0","0","0","0","0","0","0","0","0","0","0","0","0","0","0","0","0","0","0","0","0","0","0","36","18","4","4","40","102","0","0","0","0","0","4","0","2","0","2","0","0","0","0","0","0","0","3","28","32","33","0","0","bulk-1.27-teamid-from-league-list","0","0","0"
"3.3","Volleyball Szubin Team vs Ale co 3:0","1126256","2026-06-30 17:00","VST Hala Sportowa","Ale co","128694","Byrczek, Czesław","1905824","4","1","10","1","0","66.4","8","2","3","38","13","16","7","2","9","5","44","21","0","100","6","29","1","13","44","0","0","0","0","0","0","0","19.4","","3","3","2","6","0","0","13","44","1","0","12","0","0","1","66.4","57.6","0","0","0","0","1","1","0","0","1","0","0","1","2","0","0","0","2","4","0","0","0","0","0","0","1","0","1","0","0","2","0","0","0","0","0","0","5","6","6","4","21","2","0","0","0","2","0","5","3","1","0","1","0","3","16","15","15","0","0","bulk-1.27-teamid-from-league-list","0","0","0"
"3.3","Volleyball Szubin Team vs Ale co 3:0","1126256","2026-06-30 17:00","VST Hala Sportowa","Ale co","128694","Ladeira, Levindo","1949079","16","10","11","1","0","71.7","27","5","14","52","33","4","4","0","0","0","0","0","0","0","0","0","2","28","41","0","0","0","0","0","0","0","32.1","","0","0","0","0","0","0","28","41","2","1","26","0","0","2","71.7","61","1","0","0","0","0","1","2","0","0","1","0","3","0","0","0","0","0","0","9","0","5","1","8","23","0","0","0","0","0","0","0","0","0","0","0","0","0","0","0","0","0","0","0","0","0","0","0","0","0","0","0","0","0","3","9","14","12","0","0","bulk-1.27-teamid-from-league-list","0","0","0"
"3.3","Volleyball Szubin Team vs Ale co 3:0","1126256","2026-06-30 17:00","VST Hala Sportowa","Ale co","128694","Chaput, Stéphane","1974826","12","9","9","1","1","64.5","21","2","9","43","33","20","12","3","8","2","25","0","0","0","0","0","2","22","44","0","0","0","0","0","0","0","32.8","","2","3","0","4","0","1","22","44","2","1","20","0","0","2","64.5","59","2","0","0","0","1","3","0","0","1","0","0","1","7","0","1","0","6","14","0","0","0","0","0","0","0","0","0","0","3","3","0","0","0","0","0","0","0","0","0","0","0","3","1","0","0","1","1","2","0","1","0","1","0","3","10","12","21","0","0","bulk-1.27-teamid-from-league-list","0","0","0"
"3.3","Volleyball Szubin Team vs Ale co 3:0","1126256","2026-06-30 17:00","VST Hala Sportowa","Ale co","128694","Floret, Hervé","1709926","2","-5","10","1","0","60.8","9","6","2","22","-44","13","6","2","7","4","46","42","0","100","15","36","0","9","52","0","0","0","0","0","0","0","20","","4","4","0","3","0","0","9","52","0","0","8","0","0","1","60.8","53.9","0","0","0","0","0","0","0","0","1","0","0","1","1","0","3","1","0","5","0","0","0","0","0","0","0","2","0","0","1","3","0","0","0","0","0","0","8","16","14","4","42","2","1","0","1","0","0","4","1","2","1","0","0","3","20","20","20","0","0","bulk-1.27-teamid-from-league-list","0","0","0"
"3.3","Volleyball Szubin Team vs Ale co 3:0","1126256","2026-06-30 17:00","VST Hala Sportowa","Ale co","128694","Kobyliński, Mikołaj","1949234","15","6","10","0","0","68","41","9","12","29","7","7","2","1","5","1","29","0","0","0","0","0","3","30","55","0","0","0","0","0","0","0","22.1","","0","1","1","4","0","0","30","55","3","1","28","0","1","2","68","60.7","1","0","1","0","4","6","0","1","4","0","0","5","0","0","0","0","0","0","10","1","2","1","16","30","0","0","0","0","0","0","0","0","0","0","0","0","0","0","0","0","0","1","0","1","0","0","0","1","0","0","0","1","0","3","19","11","16","0","0","bulk-1.27-teamid-from-league-list","0","0","0"
"3.3","Volleyball Szubin Team vs Ale co 3:0","1126256","2026-06-30 17:00","VST Hala Sportowa","Ale co","128694","Bertocco, Gianluca","2003660","0","-1","0","0","0","0","0","0","0","0","0","30","22","9","8","4","43","7","1","86","2","29","0","0","0","0","2","4","0","0","0","4","10","","3","4","1","4","0","0","0","0","0","0","0","0","0","0","0","0","0","0","0","0","0","0","0","0","0","0","0","0","0","0","0","0","0","0","0","0","0","0","0","0","0","0","0","0","0","0","0","2","0","0","2","4","2","1","3","0","6","9","5","1","1","2","0","4","3","0","1","0","0","3","10","14","12","0","0","bulk-1.27-teamid-from-league-list","0","0","0"
"3.3","Bad Boys Team vs OFIME Targówek 3:2","1126257","2026-06-30 17:00","Urania","Bad Boys Team","128706","Szmuc, Michał","1767801","4","3","16","1","1","63.4","1","0","0","0","0","27","19","3","8","8","41","0","0","0","0","0","3","26","43","55","13","130","26","48","36","20","16.6","{""sets"":[{""h"":25,""a"":19},{""h"":24,""a"":26},{""h"":21,""a"":25},{""h"":25,""a"":20},{""h"":16,""a"":14}],""parsedSets"":[{""rallies"":[{""type"":""end"",""score"":""25 : 19"",""txt"":""Koniec seta 1 : 0""},{""type"":""end"",""score"":""25 : 19"",""txt"":""Koniec seta 1 : 0""},{""type"":""rally"",""score"":""25 : 19"",""speed"":""61.7 km/h"",""res"":""Punkt: R. Šandrić""},{""type"":""rally"",""score"":""24 : 19"",""speed"":""55.6 km/h"",""res"":""Punkt: M. Piotrowski""},{""type"":""rally"",""score"":""23 : 19"",""speed"":""47.3 km/h"",""res"":""Punkt: O. Langfeldt""},{""type"":""rally"",""score"":""23 : 18"",""speed"":""70.6 km/h"",""res"":""Punkt: J. Czajka""},{""type"":""rally"",""score"":""22 : 18"",""speed"":""50.3 km/h"",""res"":""Punkt: D. Labarrière""},{""type"":""rally"",""score"":""22 : 17"",""speed"":""61.0 km/h"",""res"":""Punkt: R. Urbanek""},{""type"":""rally"",""score"":""21 : 17"",""speed"":""54.7 km/h"",""res"":""Punkt: D. Reese""},{""type"":""chg"",""score"":""21 : 16"",""txt"":""Zmiana: R. Šandrić ⇄ K. Urbanowski""},{""type"":""chg"",""score"":""21 : 16"",""txt"":""Zmiana: J. Czajka ⇄ R. Matassa""},{""type"":""chg"",""score"":""21 : 16"",""txt"":""Zmiana: R. Urbanek ⇄ T. Skrzyński""},{""type"":""chg"",""score"":""21 : 16"",""txt"":""Zmiana: M. Szmuc ⇄ G. Muccioli""},{""type"":""rally"",""score"":""21 : 16"",""speed"":""72.7 km/h"",""res"":""Punkt: R. Matassa""},{""type"":""tmo"",""score"":""20 : 16"",""txt"":""Czas dla: Bad Boys Team""},{""type"":""rally"",""score"":""20 : 16"",""speed"":""76.1 km/h"",""res"":""Punkt: Z. Nović""},{""type"":""rally"",""score"":""20 : 15"",""speed"":""58.2 km/h"",""res"":""Punkt: O. Langfeldt""},{""type"":""rally"",""score"":""20 : 14"",""speed"":""-"",""res"":""Błąd: R. Temperini""},{""type"":""rally"",""score"":""19 : 14"",""speed"":""43.3 km/h"",""res"":""Punkt: Z. Nović""},{""type"":""rally"",""score"":""19 : 13"",""speed"":""58.9 km/h"",""res"":""Punkt: S. Kuniewicz""},{""type"":""rally"",""score"":""18 : 13"",""speed"":""45.7 km/h"",""res"":""Punkt: R. Temperini""},{""type"":""rally"",""score"":""18 : 12"",""speed"":""73.0 km/h"",""res"":""Punkt: K. Urbanowski""},{""type"":""rally"",""score"":""17 : 12"",""speed"":""61.0 km/h"",""res"":""Punkt: R. Temperini""},{""type"":""rally"",""score"":""17 : 11"",""speed"":""54.3 km/h"",""res"":""Punkt: M. Piotrowski""},{""type"":""chg"",""score"":""16 : 11"",""txt"":""Zmiana: T. Skrzyński ⇄ R. Urbanek""},{""type"":""chg"",""score"":""16 : 11"",""txt"":""Zmiana: K. Urbanowski ⇄ R. Šandrić""},{""type"":""chg"",""score"":""16 : 11"",""txt"":""Zmiana: G. Muccioli ⇄ M. Szmuc""},{""type"":""chg"",""score"":""16 : 11"",""txt"":""Zmiana: R. Matassa ⇄ J. Czajka""},{""type"":""tmo"",""score"":""16 : 11"",""txt"":""Czas dla: ""},{""type"":""rally"",""score"":""16 : 11"",""speed"":""53.8 km/h"",""res"":""Punkt: S. Kuniewicz""},{""type"":""rally"",""score"":""15 : 11"",""speed"":""63.1 km/h"",""res"":""Punkt: J. Czajka""},{""type"":""rally"",""score"":""14 : 11"",""speed"":""55.3 km/h"",""res"":""Punkt: D. Reese""},{""type"":""tmo"",""score"":""14 : 10"",""txt"":""Czas dla: OFIME Targówek""},{""type"":""rally"",""score"":""14 : 10"",""speed"":""49.6 km/h"",""res"":""Punkt: S. Kuniewicz""},{""type"":""rally"",""score"":""13 : 10"",""speed"":""74.2 km/h"",""res"":""Punkt: S. Kuniewicz""},{""type"":""rally"",""score"":""12 : 10"",""speed"":""77.8 km/h"",""res"":""Punkt: Z. Nović""},{""type"":""rally"",""score"":""12 : 9"",""speed"":""59.0 km/h"",""res"":""Punkt: D. Labarrière""},{""type"":""rally"",""score"":""12 : 8"",""speed"":""72.5 km/h"",""res"":""Punkt: R. Urbanek""},{""type"":""rally"",""score"":""11 : 8"",""speed"":""60.8 km/h"",""res"":""Punkt: Z. Nović""},{""type"":""rally"",""score"":""11 : 7"",""speed"":""66.2 km/h"",""res"":""Punkt: R. Urbanek""},{""type"":""rally"",""score"":""10 : 7"",""speed"":""50.1 km/h"",""res"":""Punkt: R. Temperini""},{""type"":""rally"",""score"":""10 : 6"",""speed"":""44.6 km/h"",""res"":""Punkt: R. Urbanek""},{""type"":""rally"",""score"":""9 : 6"",""speed"":""-"",""res"":""Błąd: R. Šandrić""},{""type"":""rally"",""score"":""9 : 5"",""speed"":""43.8 km/h"",""res"":""Punkt: M. Piotrowski""},{""type"":""tmo"",""score"":""8 : 5"",""txt"":""Czas dla: ""},{""type"":""rally"",""score"":""8 : 5"",""speed"":""52.3 km/h"",""res"":""Punkt: S. Kuniewicz""},{""type"":""rally"",""score"":""7 : 5"",""speed"":""63.7 km/h"",""res"":""Punkt: R. Šandrić""},{""type"":""rally"",""score"":""6 : 5"",""speed"":""47.8 km/h"",""res"":""Punkt: Z. Nović""},{""type"":""rally"",""score"":""6 : 4"",""speed"":""-"",""res"":""Błąd: D. Reese""},{""type"":""rally"",""score"":""5 : 4"",""speed"":""68.4 km/h"",""res"":""Punkt: D. Labarrière""},{""type"":""rally"",""score"":""5 : 3"",""speed"":""53.1 km/h"",""res"":""Punkt: D. Labarrière""},{""type"":""rally"",""score"":""5 : 2"",""speed"":""47.8 km/h"",""res"":""Punkt: R. Urbanek""},{""type"":""rally"",""score"":""4 : 2"",""speed"":""56.1 km/h"",""res"":""Punkt: R. Šandrić""},{""type"":""rally"",""score"":""3 : 2"",""speed"":""77.0 km/h"",""res"":""Punkt: R. Urbanek""},{""type"":""rally"",""score"":""2 : 2"",""speed"":""60.7 km/h"",""res"":""Punkt: O. Langfeldt""},{""type"":""rally"",""score"":""2 : 1"",""speed"":""59.7 km/h"",""res"":""Punkt: D. Labarrière""},{""type"":""rally"",""score"":""2 : 0"",""speed"":""54.1 km/h"",""res"":""Błąd: D. Labarrière""},{""type"":""rally"",""score"":""1 : 0"",""speed"":""58.4 km/h"",""res"":""Punkt: R. Šandrić""}]},{""rallies"":[{""type"":""end"",""score"":""24 : 26"",""txt"":""Koniec seta 1 : 1""},{""type"":""end"",""score"":""24 : 26"",""txt"":""Koniec seta 1 : 1""},{""type"":""rally"",""score"":""24 : 26"",""speed"":""80.2 km/h"",""res"":""Punkt: Z. Nović""},{""type"":""rally"",""score"":""24 : 25"",""speed"":""46.9 km/h"",""res"":""Punkt: K. Rudziński""},{""type"":""rally"",""score"":""24 : 24"",""speed"":""82.1 km/h"",""res"":""Błąd: B. Sokołowski""},{""type"":""rally"",""score"":""23 : 24"",""speed"":""54.8 km/h"",""res"":""Punkt: Z. Nović""},{""type"":""rally"",""score"":""23 : 23"",""speed"":""53.6 km/h"",""res"":""Punkt: Z. Nović""},{""type"":""tmo"",""score"":""23 : 22"",""txt"":""Czas dla: OFIME Targówek""},{""type"":""rally"",""score"":""23 : 22"",""speed"":""55.4 km/h"",""res"":""Punkt: J. Czajka""},{""type"":""rally"",""score"":""22 : 22"",""speed"":""68.7 km/h"",""res"":""Punkt: J. Czajka""},{""type"":""rally"",""score"":""21 : 22"",""speed"":""52.2 km/h"",""res"":""Punkt: R. Temperini""},{""type"":""rally"",""score"":""21 : 21"",""speed"":""74.1 km/h"",""res"":""Punkt: S. Kuniewicz""},{""type"":""rally"",""score"":""20 : 21"",""speed"":""62.0 km/h"",""res"":""Punkt: K. Rudziński""},{""type"":""rally"",""score"":""20 : 20"",""speed"":""60.0 km/h"",""res"":""Punkt: S. Kuniewicz""},{""type"":""rally"",""score"":""19 : 20"",""speed"":""67.0 km/h"",""res"":""Punkt: R. Šandrić""},{""type"":""rally"",""score"":""18 : 20"",""speed"":""-"",""res"":""Błąd: R. Šandrić""},{""type"":""rally"",""score"":""18 : 19"",""speed"":""101.9 km/h"",""res"":""Punkt: M. Piotrowski""},{""type"":""rally"",""score"":""17 : 19"",""speed"":""47.6 km/h"",""res"":""Punkt: O. Wietrzykowski""},{""type"":""rally"",""score"":""17 : 18"",""speed"":""55.1 km/h"",""res"":""Punkt: R. Šandrić""},{""type"":""rally"",""score"":""16 : 18"",""speed"":""47.1 km/h"",""res"":""Punkt: R. Šandrić""},{""type"":""rally"",""score"":""15 : 18"",""speed"":""45.2 km/h"",""res"":""Punkt: M. Piotrowski""},{""type"":""rally"",""score"":""14 : 18"",""speed"":""45.6 km/h"",""res"":""Punkt: M. Piotrowski""},{""type"":""rally"",""score"":""13 : 18"",""speed"":""46.7 km/h"",""res"":""Punkt: S. Kuniewicz""},{""type"":""rally"",""score"":""12 : 18"",""speed"":""55.2 km/h"",""res"":""Punkt: R. Šandrić""},{""type"":""rally"",""score"":""11 : 18"",""speed"":""50.3 km/h"",""res"":""Punkt: M. Piotrowski""},{""type"":""rally"",""score"":""10 : 18"",""speed"":""68.9 km/h"",""res"":""Punkt: R. Šandrić""},{""type"":""chg"",""score"":""9 : 18"",""txt"":""Zmiana: P. Kacprzak ⇄ B. Gorzkowski""},{""type"":""rally"",""score"":""9 : 18"",""speed"":""86.2 km/h"",""res"":""Punkt: O. Wietrzykowski""},{""type"":""chg"",""score"":""9 : 17"",""txt"":""Zmiana: O. Wietrzykowski ⇄ D. Labarrière""},{""type"":""chg"",""score"":""9 : 17"",""txt"":""Zmiana: B. Sokołowski ⇄ D. Reese""},{""type"":""rally"",""score"":""9 : 17"",""speed"":""74.6 km/h"",""res"":""Punkt: D. Labarrière""},{""type"":""tmo"",""score"":""9 : 16"",""txt"":""Czas dla: ""},{""type"":""rally"",""score"":""9 : 16"",""speed"":""47.5 km/h"",""res"":""Punkt: D. Labarrière""},{""type"":""rally"",""score"":""9 : 15"",""speed"":""64.5 km/h"",""res"":""Punkt: R. Šandrić""},{""type"":""chg"",""score"":""8 : 15"",""txt"":""Zmiana: M. Mikołajczyk ⇄ F. Malinowski""},{""type"":""rally"",""score"":""8 : 15"",""speed"":""54.5 km/h"",""res"":""Punkt: D. Labarrière""},{""type"":""rally"",""score"":""8 : 14"",""speed"":""71.8 km/h"",""res"":""Punkt: R. Šandrić""},{""type"":""rally"",""score"":""7 : 14"",""speed"":""46.9 km/h"",""res"":""Punkt: Z. Nović""},{""type"":""rally"",""score"":""7 : 13"",""speed"":""64.9 km/h"",""res"":""Punkt: S. Kuniewicz""},{""type"":""chg"",""score"":""6 : 13"",""txt"":""Zmiana: K. Rudziński ⇄ O. Langfeldt""},{""type"":""rally"",""score"":""6 : 13"",""speed"":""64.6 km/h"",""res"":""Punkt: R. Temperini""},{""type"":""rally"",""score"":""6 : 12"",""speed"":""-"",""res"":""Błąd: S. Kuniewicz""},{""type"":""rally"",""score"":""6 : 11"",""speed"":""49.7 km/h"",""res"":""Punkt: M. Piotrowski""},{""type"":""tmo"",""score"":""5 : 11"",""txt"":""Czas dla: OFIME Targówek""},{""type"":""rally"",""score"":""5 : 11"",""speed"":""60.4 km/h"",""res"":""Punkt: M. Piotrowski""},{""type"":""rally"",""score"":""4 : 11"",""speed"":""57.6 km/h"",""res"":""Punkt: M. Piotrowski""},{""type"":""rally"",""score"":""3 : 11"",""speed"":""50.5 km/h"",""res"":""Punkt: D. Labarrière""},{""type"":""rally"",""score"":""3 : 10"",""speed"":""68.1 km/h"",""res"":""Punkt: M. Piotrowski""},{""type"":""rally"",""score"":""2 : 10"",""speed"":""-"",""res"":""Błąd: J. Czajka""},{""type"":""rally"",""score"":""2 : 9"",""speed"":""55.6 km/h"",""res"":""Punkt: R. Šandrić""},{""type"":""rally"",""score"":""1 : 9"",""speed"":""81.1 km/h"",""res"":""Punkt: Z. Nović""},{""type"":""tmo"",""score"":""1 : 8"",""txt"":""Czas dla: ""},{""type"":""rally"",""score"":""1 : 8"",""speed"":""54.6 km/h"",""res"":""Punkt: Z. Nović""},{""type"":""rally"",""score"":""1 : 7"",""speed"":""45.2 km/h"",""res"":""Punkt: R. Šandrić""},{""type"":""rally"",""score"":""0 : 7"",""speed"":""56.6 km/h"",""res"":""Punkt: Z. Nović""},{""type"":""rally"",""score"":""0 : 6"",""speed"":""77.7 km/h"",""res"":""Punkt: D. Reese""},{""type"":""rally"",""score"":""0 : 5"",""speed"":""76.7 km/h"",""res"":""Punkt: Z. Nović""},{""type"":""tmo"",""score"":""0 : 4"",""txt"":""Czas dla: Bad Boys Team""},{""type"":""rally"",""score"":""0 : 4"",""speed"":""55.4 km/h"",""res"":""Punkt: Z. Nović""},{""type"":""rally"",""score"":""0 : 3"",""speed"":""54.1 km/h"",""res"":""Błąd: R. Šandrić""},{""type"":""rally"",""score"":""0 : 2"",""speed"":""53.4 km/h"",""res"":""Punkt: Z. Nović""},{""type"":""rally"",""score"":""0 : 1"",""speed"":""48.1 km/h"",""res"":""Punkt: D. Labarrière""}]},{""rallies"":[{""type"":""end"",""score"":""21 : 25"",""txt"":""Koniec seta 1 : 2""},{""type"":""end"",""score"":""21 : 25"",""txt"":""Koniec seta 1 : 2""},{""type"":""rally"",""score"":""21 : 25"",""speed"":""53.2 km/h"",""res"":""Punkt: R. Temperini""},{""type"":""tmo"",""score"":""21 : 24"",""txt"":""Czas dla: OFIME Targówek""},{""type"":""rally"",""score"":""21 : 24"",""speed"":""56.5 km/h"",""res"":""Punkt: R. Šandrić""},{""type"":""rally"",""score"":""20 : 24"",""speed"":""59.4 km/h"",""res"":""Punkt: S. Kuniewicz""},{""type"":""rally"",""score"":""19 : 24"",""speed"":""48.3 km/h"",""res"":""Punkt: D. Labarrière""},{""type"":""rally"",""score"":""19 : 23"",""speed"":""87.8 km/h"",""res"":""Punkt: R. Urbanek""},{""type"":""rally"",""score"":""18 : 23"",""speed"":""49.8 km/h"",""res"":""Punkt: D. Labarrière""},{""type"":""rally"",""score"":""18 : 22"",""speed"":""-"",""res"":""Błąd: B. Gorzkowski""},{""type"":""rally"",""score"":""17 : 22"",""speed"":""60.5 km/h"",""res"":""Punkt: D. Reese""},{""type"":""rally"",""score"":""17 : 21"",""speed"":""65.4 km/h"",""res"":""Punkt: M. Piotrowski""},{""type"":""rally"",""score"":""16 : 21"",""speed"":""53.4 km/h"",""res"":""Punkt: D. Labarrière""},{""type"":""tmo"",""score"":""16 : 20"",""txt"":""Czas dla: OFIME Targówek""},{""type"":""rally"",""score"":""16 : 20"",""speed"":""59.2 km/h"",""res"":""Punkt: R. Šandrić""},{""type"":""rally"",""score"":""15 : 20"",""speed"":""54.9 km/h"",""res"":""Punkt: M. Piotrowski""},{""type"":""rally"",""score"":""14 : 20"",""speed"":""51.7 km/h"",""res"":""Punkt: D. Labarrière""},{""type"":""rally"",""score"":""14 : 19"",""speed"":""59.8 km/h"",""res"":""Punkt: D. Labarrière""},{""type"":""rally"",""score"":""14 : 18"",""speed"":""51.9 km/h"",""res"":""Punkt: Z. Nović""},{""type"":""tmo"",""score"":""14 : 17"",""txt"":""Czas dla: Bad Boys Team""},{""type"":""rally"",""score"":""14 : 17"",""speed"":""50.2 km/h"",""res"":""Błąd: R. Urbanek""},{""type"":""tmo"",""score"":""14 : 16"",""txt"":""Czas dla: ""},{""type"":""rally"",""score"":""14 : 16"",""speed"":""55.6 km/h"",""res"":""Punkt: O. Langfeldt""},{""type"":""rally"",""score"":""14 : 15"",""speed"":""55.4 km/h"",""res"":""Błąd: M. Piotrowski""},{""type"":""rally"",""score"":""14 : 14"",""speed"":""42.6 km/h"",""res"":""Punkt: O. Langfeldt""},{""type"":""rally"",""score"":""14 : 13"",""speed"":""-"",""res"":""Błąd: D. Labarrière""},{""type"":""rally"",""score"":""13 : 13"",""speed"":""65.9 km/h"",""res"":""Punkt: O. Langfeldt""},{""type"":""rally"",""score"":""13 : 12"",""speed"":""45.9 km/h"",""res"":""Punkt: D. Labarrière""},{""type"":""rally"",""score"":""13 : 11"",""speed"":""57.9 km/h"",""res"":""Punkt: R. Šandrić""},{""type"":""rally"",""score"":""12 : 11"",""speed"":""-"",""res"":""Błąd: R. Urbanek""},{""type"":""rally"",""score"":""12 : 10"",""speed"":""65.0 km/h"",""res"":""Punkt: J. Czajka""},{""type"":""rally"",""score"":""11 : 10"",""speed"":""63.1 km/h"",""res"":""Punkt: Z. Nović""},{""type"":""rally"",""score"":""11 : 9"",""speed"":""-"",""res"":""Błąd: B. Gorzkowski""},{""type"":""rally"",""score"":""10 : 9"",""speed"":""62.6 km/h"",""res"":""Punkt: D. Reese""},{""type"":""rally"",""score"":""10 : 8"",""speed"":""46.9 km/h"",""res"":""Punkt: Z. Nović""},{""type"":""rally"",""score"":""10 : 7"",""speed"":""64.9 km/h"",""res"":""Punkt: M. Szmuc""},{""type"":""rally"",""score"":""9 : 7"",""speed"":""63.5 km/h"",""res"":""Punkt: R. Temperini""},{""type"":""rally"",""score"":""9 : 6"",""speed"":""57.9 km/h"",""res"":""Punkt: M. Piotrowski""},{""type"":""rally"",""score"":""8 : 6"",""speed"":""60.3 km/h"",""res"":""Punkt: B. Gorzkowski""},{""type"":""rally"",""score"":""8 : 5"",""speed"":""-"",""res"":""Błąd: R. Šandrić""},{""type"":""tmo"",""score"":""8 : 4"",""txt"":""Czas dla: ""},{""type"":""rally"",""score"":""8 : 4"",""speed"":""45.3 km/h"",""res"":""Punkt: M. Piotrowski""},{""type"":""rally"",""score"":""7 : 4"",""speed"":""71.9 km/h"",""res"":""Punkt: R. Šandrić""},{""type"":""rally"",""score"":""6 : 4"",""speed"":""52.5 km/h"",""res"":""Punkt: D. Labarrière""},{""type"":""rally"",""score"":""6 : 3"",""speed"":""67.6 km/h"",""res"":""Punkt: S. Kuniewicz""},{""type"":""rally"",""score"":""5 : 3"",""speed"":""-"",""res"":""Błąd: R. Urbanek""},{""type"":""rally"",""score"":""5 : 2"",""speed"":""49.6 km/h"",""res"":""Punkt: J. Czajka""},{""type"":""rally"",""score"":""4 : 2"",""speed"":""46.6 km/h"",""res"":""Punkt: J. Czajka""},{""type"":""rally"",""score"":""3 : 2"",""speed"":""71.9 km/h"",""res"":""Punkt: J. Czajka""},{""type"":""rally"",""score"":""2 : 2"",""speed"":""71.6 km/h"",""res"":""Punkt: D. Labarrière""},{""type"":""rally"",""score"":""2 : 1"",""speed"":""46.4 km/h"",""res"":""Punkt: D. Labarrière""},{""type"":""rally"",""score"":""2 : 0"",""speed"":""63.4 km/h"",""res"":""Punkt: J. Czajka""},{""type"":""rally"",""score"":""1 : 0"",""speed"":""54.3 km/h"",""res"":""Punkt: M. Szmuc""}]},{""rallies"":[{""type"":""end"",""score"":""25 : 20"",""txt"":""Koniec seta 2 : 2""},{""type"":""end"",""score"":""25 : 20"",""txt"":""Koniec seta 2 : 2""},{""type"":""rally"",""score"":""25 : 20"",""speed"":""57.5 km/h"",""res"":""Punkt: R. Šandrić""},{""type"":""tmo"",""score"":""24 : 20"",""txt"":""Czas dla: OFIME Targówek""},{""type"":""rally"",""score"":""24 : 20"",""speed"":""54.7 km/h"",""res"":""Punkt: M. Piotrowski""},{""type"":""rally"",""score"":""23 : 20"",""speed"":""80.7 km/h"",""res"":""Punkt: M. Piotrowski""},{""type"":""tmo"",""score"":""22 : 20"",""txt"":""Czas dla: Bad Boys Team""},{""type"":""rally"",""score"":""22 : 20"",""speed"":""69.4 km/h"",""res"":""Punkt: R. Temperini""},{""type"":""rally"",""score"":""22 : 19"",""speed"":""84.7 km/h"",""res"":""Punkt: K. Rudziński""},{""type"":""rally"",""score"":""22 : 18"",""speed"":""57.8 km/h"",""res"":""Punkt: R. Temperini""},{""type"":""rally"",""score"":""22 : 17"",""speed"":""47.7 km/h"",""res"":""Punkt: K. Rudziński""},{""type"":""rally"",""score"":""22 : 16"",""speed"":""74.6 km/h"",""res"":""Punkt: S. Kuniewicz""},{""type"":""rally"",""score"":""21 : 16"",""speed"":""47.8 km/h"",""res"":""Punkt: O. Wietrzykowski""},{""type"":""rally"",""score"":""21 : 15"",""speed"":""91.7 km/h"",""res"":""Punkt: J. Czajka""},{""type"":""rally"",""score"":""20 : 15"",""speed"":""56.0 km/h"",""res"":""Punkt: O. Wietrzykowski""},{""type"":""rally"",""score"":""20 : 14"",""speed"":""64.3 km/h"",""res"":""Punkt: J. Czajka""},{""type"":""rally"",""score"":""19 : 14"",""speed"":""73.6 km/h"",""res"":""Błąd: J. Czajka""},{""type"":""rally"",""score"":""19 : 13"",""speed"":""49.4 km/h"",""res"":""Punkt: Z. Nović""},{""type"":""rally"",""score"":""19 : 12"",""speed"":""57.8 km/h"",""res"":""Punkt: R. Temperini""},{""type"":""rally"",""score"":""19 : 11"",""speed"":""60.5 km/h"",""res"":""Punkt: S. Kuniewicz""},{""type"":""rally"",""score"":""18 : 11"",""speed"":""50.1 km/h"",""res"":""Punkt: Z. Nović""},{""type"":""rally"",""score"":""18 : 10"",""speed"":""82.5 km/h"",""res"":""Punkt: M. Piotrowski""},{""type"":""tmo"",""score"":""17 : 10"",""txt"":""Czas dla: Bad Boys Team""},{""type"":""rally"",""score"":""17 : 10"",""speed"":""69.8 km/h"",""res"":""Punkt: O. Wietrzykowski""},{""type"":""rally"",""score"":""17 : 9"",""speed"":""54.8 km/h"",""res"":""Punkt: R. Temperini""},{""type"":""rally"",""score"":""17 : 8"",""speed"":""51.7 km/h"",""res"":""Punkt: M. Piotrowski""},{""type"":""tmo"",""score"":""16 : 8"",""txt"":""Czas dla: ""},{""type"":""rally"",""score"":""16 : 8"",""speed"":""61.0 km/h"",""res"":""Punkt: R. Šandrić""},{""type"":""chg"",""score"":""15 : 8"",""txt"":""Zmiana: R. Šandrić ⇄ K. Urbanowski""},{""type"":""chg"",""score"":""15 : 8"",""txt"":""Zmiana: J. Czajka ⇄ R. Matassa""},{""type"":""chg"",""score"":""15 : 8"",""txt"":""Zmiana: R. Urbanek ⇄ T. Skrzyński""},{""type"":""chg"",""score"":""15 : 8"",""txt"":""Zmiana: M. Szmuc ⇄ G. Muccioli""},{""type"":""rally"",""score"":""15 : 8"",""speed"":""46.2 km/h"",""res"":""Punkt: K. Rudziński""},{""type"":""chg"",""score"":""15 : 7"",""txt"":""Zmiana: M. Mikołajczyk ⇄ F. Malinowski""},{""type"":""chg"",""score"":""15 : 7"",""txt"":""Zmiana: B. Sokołowski ⇄ D. Reese""},{""type"":""rally"",""score"":""15 : 7"",""speed"":""-"",""res"":""Błąd: Z. Nović""},{""type"":""rally"",""score"":""14 : 7"",""speed"":""48.0 km/h"",""res"":""Punkt: O. Wietrzykowski""},{""type"":""chg"",""score"":""14 : 6"",""txt"":""Zmiana: P. Kacprzak ⇄ B. Gorzkowski""},{""type"":""chg"",""score"":""14 : 6"",""txt"":""Zmiana: O. Wietrzykowski ⇄ D. Labarrière""},{""type"":""rally"",""score"":""14 : 6"",""speed"":""47.8 km/h"",""res"":""Błąd: D. Reese""},{""type"":""chg"",""score"":""13 : 6"",""txt"":""Zmiana: K. Rudziński ⇄ O. Langfeldt""},{""type"":""rally"",""score"":""13 : 6"",""speed"":""66.8 km/h"",""res"":""Punkt: K. Urbanowski""},{""type"":""rally"",""score"":""12 : 6"",""speed"":""54.9 km/h"",""res"":""Punkt: Z. Nović""},{""type"":""rally"",""score"":""12 : 5"",""speed"":""55.8 km/h"",""res"":""Punkt: G. Muccioli""},{""type"":""tmo"",""score"":""11 : 5"",""txt"":""Czas dla: OFIME Targówek""},{""type"":""rally"",""score"":""11 : 5"",""speed"":""47.6 km/h"",""res"":""Punkt: K. Urbanowski""},{""type"":""rally"",""score"":""10 : 5"",""speed"":""62.6 km/h"",""res"":""Punkt: T. Skrzyński""},{""type"":""rally"",""score"":""9 : 5"",""speed"":""57.2 km/h"",""res"":""Błąd: T. Skrzyński""},{""type"":""chg"",""score"":""9 : 4"",""txt"":""Zmiana: T. Skrzyński ⇄ R. Urbanek""},{""type"":""chg"",""score"":""9 : 4"",""txt"":""Zmiana: K. Urbanowski ⇄ R. Šandrić""},{""type"":""chg"",""score"":""9 : 4"",""txt"":""Zmiana: G. Muccioli ⇄ M. Szmuc""},{""type"":""chg"",""score"":""9 : 4"",""txt"":""Zmiana: R. Matassa ⇄ J. Czajka""},{""type"":""rally"",""score"":""9 : 4"",""speed"":""47.9 km/h"",""res"":""Punkt: J. Czajka""},{""type"":""tmo"",""score"":""8 : 4"",""txt"":""Czas dla: ""},{""type"":""rally"",""score"":""8 : 4"",""speed"":""49.8 km/h"",""res"":""Punkt: R. Urbanek""},{""type"":""rally"",""score"":""7 : 4"",""speed"":""56.6 km/h"",""res"":""Punkt: O. Langfeldt""},{""type"":""rally"",""score"":""7 : 3"",""speed"":""-"",""res"":""Błąd: D. Labarrière""},{""type"":""rally"",""score"":""6 : 3"",""speed"":""53.4 km/h"",""res"":""Punkt: Z. Nović""},{""type"":""rally"",""score"":""6 : 2"",""speed"":""63.5 km/h"",""res"":""Punkt: M. Piotrowski""},{""type"":""rally"",""score"":""5 : 2"",""speed"":""52.1 km/h"",""res"":""Punkt: D. Reese""},{""type"":""rally"",""score"":""5 : 1"",""speed"":""45.0 km/h"",""res"":""Punkt: S. Kuniewicz""},{""type"":""rally"",""score"":""4 : 1"",""speed"":""53.1 km/h"",""res"":""Punkt: M. Piotrowski""},{""type"":""rally"",""score"":""3 : 1"",""speed"":""60.6 km/h"",""res"":""Punkt: J. Czajka""},{""type"":""rally"",""score"":""2 : 1"",""speed"":""55.6 km/h"",""res"":""Punkt: D. Labarrière""},{""type"":""rally"",""score"":""2 : 0"",""speed"":""54.5 km/h"",""res"":""Punkt: J. Czajka""},{""type"":""rally"",""score"":""1 : 0"",""speed"":""50.8 km/h"",""res"":""Punkt: R. Šandrić""}]},{""rallies"":[{""type"":""end"",""score"":""16 : 14"",""txt"":""Koniec seta 3 : 2""},{""type"":""end"",""score"":""16 : 14"",""txt"":""Koniec seta 3 : 2""},{""type"":""rally"",""score"":""16 : 14"",""speed"":""57.2 km/h"",""res"":""Punkt: J. Czajka""},{""type"":""rally"",""score"":""15 : 14"",""speed"":""45.0 km/h"",""res"":""Błąd: B. Gorzkowski""},{""type"":""rally"",""score"":""14 : 14"",""speed"":""71.0 km/h"",""res"":""Punkt: R. Šandrić""},{""type"":""rally"",""score"":""13 : 14"",""speed"":""60.0 km/h"",""res"":""Punkt: O. Langfeldt""},{""type"":""rally"",""score"":""13 : 13"",""speed"":""67.8 km/h"",""res"":""Punkt: D. Reese""},{""type"":""rally"",""score"":""13 : 12"",""speed"":""50.0 km/h"",""res"":""Punkt: D. Reese""},{""type"":""rally"",""score"":""13 : 11"",""speed"":""49.0 km/h"",""res"":""Punkt: J. Czajka""},{""type"":""rally"",""score"":""12 : 11"",""speed"":""54.1 km/h"",""res"":""Punkt: R. Urbanek""},{""type"":""tmo"",""score"":""11 : 11"",""txt"":""Czas dla: OFIME Targówek""},{""type"":""rally"",""score"":""11 : 11"",""speed"":""59.2 km/h"",""res"":""Punkt: J. Czajka""},{""type"":""rally"",""score"":""10 : 11"",""speed"":""47.2 km/h"",""res"":""Punkt: R. Šandrić""},{""type"":""tmo"",""score"":""9 : 11"",""txt"":""Czas dla: OFIME Targówek""},{""type"":""rally"",""score"":""9 : 11"",""speed"":""47.2 km/h"",""res"":""Punkt: J. Czajka""},{""type"":""rally"",""score"":""8 : 11"",""speed"":""71.4 km/h"",""res"":""Punkt: R. Šandrić""},{""type"":""rally"",""score"":""7 : 11"",""speed"":""62.5 km/h"",""res"":""Punkt: D. Reese""},{""type"":""rally"",""score"":""7 : 10"",""speed"":""-"",""res"":""Błąd: M. Szmuc""},{""type"":""rally"",""score"":""7 : 9"",""speed"":""52.8 km/h"",""res"":""Punkt: R. Urbanek""},{""type"":""rally"",""score"":""6 : 9"",""speed"":""56.6 km/h"",""res"":""Punkt: Z. Nović""},{""type"":""rally"",""score"":""6 : 8"",""speed"":""65.6 km/h"",""res"":""Punkt: R. Urbanek""},{""type"":""rally"",""score"":""5 : 8"",""speed"":""-"",""res"":""Błąd: S. Kuniewicz""},{""type"":""rally"",""score"":""5 : 7"",""speed"":""56.4 km/h"",""res"":""Punkt: M. Szmuc""},{""type"":""rally"",""score"":""4 : 7"",""speed"":""57.9 km/h"",""res"":""Punkt: M. Piotrowski""},{""type"":""rally"",""score"":""3 : 7"",""speed"":""63.0 km/h"",""res"":""Punkt: Z. Nović""},{""type"":""rally"",""score"":""3 : 6"",""speed"":""58.4 km/h"",""res"":""Błąd: R. Urbanek""},{""type"":""rally"",""score"":""3 : 5"",""speed"":""55.3 km/h"",""res"":""Błąd: D. Labarrière""},{""type"":""rally"",""score"":""2 : 5"",""speed"":""63.2 km/h"",""res"":""Punkt: R. Temperini""},{""type"":""rally"",""score"":""2 : 4"",""speed"":""67.9 km/h"",""res"":""Błąd: R. Urbanek""},{""type"":""rally"",""score"":""2 : 3"",""speed"":""52.0 km/h"",""res"":""Punkt: R. Temperini""},{""type"":""rally"",""score"":""2 : 2"",""speed"":""63.4 km/h"",""res"":""Punkt: J. Czajka""},{""type"":""rally"",""score"":""1 : 2"",""speed"":""54.7 km/h"",""res"":""Punkt: O. Langfeldt""},{""type"":""rally"",""score"":""1 : 1"",""speed"":""75.0 km/h"",""res"":""Punkt: R. Šandrić""},{""type"":""rally"",""score"":""0 : 1"",""speed"":""58.4 km/h"",""res"":""Punkt: Z. Nović""}]}]}","3","3","4","4","1","1","26","43","2","0","22","1","0","4","63.4","56.1","0","0","0","0","1","1","0","0","0","0","0","0","0","0","0","0","0","0","0","0","0","0","0","0","0","0","0","0","0","0","55","13","11","6","45","130","0","0","0","0","0","3","0","2","0","0","1","8","4","0","0","4","0","5","21","34","30","23","24","bulk-1.27-teamid-from-league-list","0","0","0"
"3.3","Bad Boys Team vs OFIME Targówek 3:2","1126257","2026-06-30 17:00","Urania","Bad Boys Team","128706","Urbanek, Rafał","1974735","13","1","24","2","2","59.2","24","8","9","38","4","21","18","8","3","1","43","45","2","96","18","40","2","23","51","0","0","0","0","0","0","0","44","","1","2","0","1","0","0","23","51","2","0","15","0","0","8","59.2","51.1","2","0","3","0","1","6","0","0","2","1","0","3","4","0","0","1","3","8","0","0","0","0","0","0","1","3","0","0","3","7","0","0","0","0","0","0","7","19","13","4","43","8","1","3","1","2","1","1","1","0","0","0","0","5","15","24","22","11","18","bulk-1.27-teamid-from-league-list","0","0","0"
"3.3","Bad Boys Team vs OFIME Targówek 3:2","1126257","2026-06-30 17:00","Urania","Bad Boys Team","128706","Czajka, Jerzy","2002950","24","19","23","1","1","56.5","28","4","16","57","43","11","5","0","6","4","36","0","0","0","0","0","7","45","74","0","0","1","0","0","1","0","59.2","","2","2","0","2","2","2","45","74","4","0","30","3","0","15","57.2","50.1","2","0","0","1","3","6","0","0","2","1","0","3","0","0","0","0","0","0","12","1","1","0","5","19","0","0","0","0","0","0","0","0","0","0","1","1","0","0","0","0","0","0","0","0","0","0","0","4","2","1","0","1","0","5","8","19","10","10","10","bulk-1.27-teamid-from-league-list","0","0","0"
"3.3","Bad Boys Team vs OFIME Targówek 3:2","1126257","2026-06-30 17:00","Urania","Bad Boys Team","128706","Šandrić, Romeo","1928725","29","22","15","3","2","58.4","41","4","21","51","41","18","7","3","11","5","44","0","0","0","0","0","6","37","91","0","0","0","0","0","0","0","69.6","","2","2","3","9","0","0","37","91","4","0","27","2","0","10","61.7","52.2","4","0","0","0","1","5","0","0","2","1","0","3","11","1","1","2","12","27","0","0","0","0","0","0","3","0","0","0","3","6","0","0","0","0","0","0","0","0","0","0","0","3","1","1","0","1","0","5","2","2","0","0","1","5","13","20","10","11","10","bulk-1.27-teamid-from-league-list","0","0","0"
"3.3","Bad Boys Team vs OFIME Targówek 3:2","1126257","2026-06-30 17:00","Urania","Bad Boys Team","128706","Kuniewicz, Szymon","1948967","17","10","14","2","1","63.5","30","2","11","37","30","24","16","2","8","6","33","34","3","91","15","44","5","43","90","0","0","0","0","0","0","0","57.4","","1","1","2","4","3","3","43","90","5","0","36","0","0","7","63.5","55.4","0","0","0","0","2","2","1","0","0","0","1","2","4","0","2","3","10","19","0","0","0","0","0","0","3","0","0","0","4","7","0","0","0","0","0","0","10","14","6","1","31","2","1","0","1","0","0","6","2","0","0","3","1","5","15","22","19","21","13","bulk-1.27-teamid-from-league-list","0","0","0"
"3.3","Bad Boys Team vs OFIME Targówek 3:2","1126257","2026-06-30 17:00","Urania","Bad Boys Team","128706","Piotrowski, Marek","1976451","25","23","10","0","0","60.8","19","2","15","79","68","5","4","0","1","0","0","0","0","0","0","0","10","42","66","0","0","0","0","0","0","0","70.6","","0","0","0","1","0","0","42","66","9","0","32","1","0","10","60.8","54.5","3","0","1","1","0","5","0","1","0","1","0","2","0","0","0","0","0","0","10","0","0","0","2","12","0","0","0","0","0","0","0","0","0","0","0","0","0","0","0","0","0","0","0","0","0","0","0","0","0","0","0","0","0","5","5","12","7","10","3","bulk-1.27-teamid-from-league-list","0","0","0"
"3.3","Bad Boys Team vs OFIME Targówek 3:2","1126257","2026-06-30 17:00","Urania","Bad Boys Team","128706","Barret, Jean-Pierre","1745239","0","0","0","0","0","0","0","0","0","0","0","31","24","14","7","4","58","15","0","100","7","47","0","0","0","4","1","10","1","2","4","3","21.6","","2","3","1","3","1","1","0","0","0","0","0","0","0","0","0","0","0","0","0","0","0","0","0","0","0","0","0","0","0","0","0","0","0","0","0","0","0","0","0","0","0","0","0","0","0","0","4","1","1","0","4","10","2","5","4","4","15","14","5","2","0","7","0","4","2","1","0","1","0","5","11","12","9","7","5","bulk-1.27-teamid-from-league-list","0","0","0"
"3.3","Bad Boys Team vs OFIME Targówek 3:2","1126257","2026-06-30 17:00","Urania","Bad Boys Team","128706","Urbanowski, Ksawery","1974734","3","3","1","0","0","45.7","1","0","1","100","100","1","1","0","0","0","0","0","0","0","0","0","2","4","8","0","0","0","0","0","0","0","8","","0","0","0","0","0","0","4","8","2","0","4","0","0","0","45.7","45.7","0","0","0","0","0","0","0","0","0","0","0","0","1","0","0","0","0","1","0","0","0","0","0","0","0","0","0","0","0","0","0","0","0","0","0","0","0","0","0","0","0","0","0","0","0","0","0","0","0","0","0","0","0","2","3","0","0","2","0","bulk-1.27-teamid-from-league-list","0","0","0"
"3.3","Bad Boys Team vs OFIME Targówek 3:2","1126257","2026-06-30 17:00","Urania","Bad Boys Team","128706","Skrzyński, Tomasz","1948966","1","0","2","0","0","48","6","1","1","17","0","2","2","0","0","0","0","3","0","100","1","33","0","2","8","0","0","0","0","0","0","0","2.1","","0","0","0","0","0","0","2","8","0","0","1","0","0","1","48","47.9","1","0","0","0","1","2","0","0","0","0","0","0","0","1","0","0","2","3","0","0","0","0","0","0","0","0","0","0","1","1","0","0","0","0","0","0","1","0","1","1","3","0","0","0","0","0","0","0","0","0","0","0","0","2","4","0","0","6","0","bulk-1.27-teamid-from-league-list","0","0","0"
"3.3","Bad Boys Team vs OFIME Targówek 3:2","1126257","2026-06-30 17:00","Urania","Bad Boys Team","128706","Muccioli, Gianvito","2032293","1","1","3","0","1","54.9","0","0","0","0","0","1","1","0","0","0","0","0","0","0","0","0","0","3","7","3","0","8","1","2","3","2","3","","0","0","0","0","0","0","3","7","0","0","2","0","0","1","55.8","52.8","0","0","0","0","0","0","0","0","0","0","0","0","0","0","0","0","0","0","0","0","0","0","0","0","0","0","0","0","0","0","3","0","0","1","4","8","0","0","0","0","0","0","0","0","0","0","0","0","0","0","0","0","0","2","4","0","0","7","0","bulk-1.27-teamid-from-league-list","0","0","0"
"3.3","Bad Boys Team vs OFIME Targówek 3:2","1126257","2026-06-30 17:00","Urania","Bad Boys Team","128706","Matassa, Roberto","1684316","1","1","3","0","0","61","0","0","0","0","0","0","0","0","0","0","0","0","0","0","0","0","1","4","9","0","0","0","0","0","0","0","3","","0","0","0","0","0","0","4","9","1","0","2","0","0","2","61","53.8","0","0","0","0","0","0","0","0","0","0","0","0","0","0","0","0","0","0","0","0","0","0","0","0","0","0","0","0","0","0","0","0","0","0","0","0","0","0","0","0","0","0","0","0","0","0","0","0","0","0","0","0","0","2","3","0","0","1","0","bulk-1.27-teamid-from-league-list","0","0","0"
"3.3","Bad Boys Team vs OFIME Targówek 3:2","1126257","2026-06-30 17:00","Urania","OFIME Targówek","131746","Gorzkowski, Bartosz","1974499","1","-1","18","2","0","77.7","0","0","0","0","0","21","15","4","6","4","38","0","0","0","0","0","1","12","44","50","24","107","19","35","31","22","5.8","","4","4","0","1","0","1","12","44","1","0","10","0","0","2","77.7","61.6","0","0","0","0","0","0","0","0","0","0","0","0","0","0","0","0","0","0","0","0","0","0","0","0","0","0","0","0","0","0","50","24","0","2","31","107","0","0","0","0","0","4","1","2","0","1","0","4","1","2","0","1","0","5","33","21","31","16","18","bulk-1.27-teamid-from-league-list","0","0","0"
"3.3","Bad Boys Team vs OFIME Targówek 3:2","1126257","2026-06-30 17:00","Urania","OFIME Targówek","131746","Nović, Zvonimir","1927072","25","10","21","1","2","87.8","36","9","20","56","31","26","18","12","8","1","50","49","5","90","20","41","3","36","65","0","0","0","0","0","0","0","72.3","","1","4","0","4","0","0","36","65","3","2","31","0","0","5","87.8","71.9","0","0","0","0","3","3","1","0","3","0","0","4","15","0","3","0","1","19","0","0","0","0","0","0","4","0","3","0","3","10","0","0","0","0","0","0","7","17","11","9","44","12","4","3","0","4","1","1","1","0","0","0","0","5","22","26","18","23","13","bulk-1.27-teamid-from-league-list","0","0","0"
"3.3","Bad Boys Team vs OFIME Targówek 3:2","1126257","2026-06-30 17:00","Urania","OFIME Targówek","131746","Reese, Daryl","1904258","9","3","13","1","1","71","11","5","4","36","-9","3","2","0","1","0","0","0","0","0","0","0","4","39","58","0","1","1","0","0","0","1","12.7","","0","1","0","0","0","0","39","58","4","2","32","0","0","7","71","65.1","1","0","0","0","0","1","0","0","1","0","0","1","0","0","0","0","0","0","3","1","3","0","2","9","0","0","0","0","0","0","0","1","0","0","0","1","0","0","0","0","0","0","0","0","0","0","0","0","0","0","0","0","0","5","8","2","6","4","9","bulk-1.27-teamid-from-league-list","0","0","0"
"3.3","Bad Boys Team vs OFIME Targówek 3:2","1126257","2026-06-30 17:00","Urania","OFIME Targówek","131746","Labarrière, Didier","1903449","20","11","11","2","0","73","40","7","19","48","30","17","6","2","11","1","18","0","0","0","0","0","1","36","72","0","0","0","0","0","0","0","36.5","","1","5","0","5","0","1","36","72","1","1","30","0","1","6","73","63.8","0","0","0","0","3","3","2","0","3","0","0","5","13","1","2","0","7","23","0","0","0","0","0","0","4","0","1","0","4","9","0","0","0","0","0","0","0","0","0","0","0","2","0","0","0","2","0","1","0","1","0","0","0","5","17","9","18","3","8","bulk-1.27-teamid-from-league-list","0","0","0"
"3.3","Bad Boys Team vs OFIME Targówek 3:2","1126257","2026-06-30 17:00","Urania","OFIME Targówek","131746","Langfeldt, Oleg","2087383","9","-5","15","0","1","64.6","24","12","7","29","-21","19","9","2","10","1","16","28","2","93","13","46","1","21","63","0","0","0","0","0","0","0","11.4","","1","5","0","5","0","0","21","63","1","1","16","0","0","5","64.6","55.8","0","0","0","0","0","0","0","0","3","0","0","3","6","0","8","0","5","19","0","0","0","0","0","0","1","0","1","0","0","2","0","0","0","0","0","0","7","5","9","5","26","2","0","1","0","1","0","1","1","0","0","0","0","5","21","4","23","8","15","bulk-1.27-teamid-from-league-list","0","0","0"
"3.3","Bad Boys Team vs OFIME Targówek 3:2","1126257","2026-06-30 17:00","Urania","OFIME Targówek","131746","Temperini, Rodrigo","1976885","13","12","11","1","0","73.6","15","0","10","67","67","4","1","1","3","0","25","0","0","0","0","0","3","52","71","0","0","0","0","0","0","0","42.2","","0","0","0","3","0","0","52","71","3","4","47","0","1","5","73.6","65.3","1","0","0","0","2","3","0","0","0","0","2","2","0","0","0","0","0","0","9","0","0","0","1","10","0","0","0","0","0","0","0","0","0","0","0","0","0","0","0","0","0","1","1","0","0","0","0","0","0","0","0","0","0","5","6","6","6","9","5","bulk-1.27-teamid-from-league-list","0","0","0"
"3.3","Bad Boys Team vs OFIME Targówek 3:2","1126257","2026-06-30 17:00","Urania","OFIME Targówek","131746","Malinowski, Filip","1951167","0","0","0","0","0","0","0","0","0","0","0","28","21","15","7","1","57","12","0","100","5","42","0","0","0","2","3","7","1","2","2","2","19.2","","1","1","0","6","0","0","0","0","0","0","0","0","0","0","0","0","0","0","0","0","0","0","0","0","0","0","0","0","0","0","0","0","0","0","0","0","0","0","0","0","0","0","0","0","0","0","2","3","0","0","2","7","2","7","3","0","12","15","9","3","0","3","0","1","1","0","0","0","0","5","11","7","8","5","7","bulk-1.27-teamid-from-league-list","0","0","0"
"3.3","Bad Boys Team vs OFIME Targówek 3:2","1126257","2026-06-30 17:00","Urania","OFIME Targówek","131746","Kacprzak, Przemysław","1865051","0","0","3","0","0","91.7","0","0","0","0","0","5","5","2","0","0","40","0","0","0","0","0","0","3","12","16","8","32","4","12","11","5","1.6","","0","0","0","0","0","0","3","12","0","0","2","0","0","1","91.7","76.2","0","0","0","0","0","0","0","0","0","0","0","0","0","0","0","0","0","0","0","0","0","0","0","0","0","0","0","0","0","0","16","8","0","0","8","32","0","0","0","0","0","2","1","0","1","0","0","0","0","0","0","0","0","2","0","17","0","14","0","bulk-1.27-teamid-from-league-list","0","0","0"
"3.3","Bad Boys Team vs OFIME Targówek 3:2","1126257","2026-06-30 17:00","Urania","OFIME Targówek","131746","Wietrzykowski, Oliwier","1927321","6","6","3","0","1","82.5","6","0","4","67","67","4","3","0","1","0","0","0","0","0","0","0","1","7","21","0","0","0","0","0","0","0","14","","0","0","0","1","0","0","7","21","1","0","7","0","0","0","82.5","73.1","0","0","0","0","1","1","0","0","0","0","0","0","3","0","0","0","1","4","0","0","0","0","0","0","1","0","0","0","0","1","0","0","0","0","0","0","0","0","0","0","0","0","0","0","0","0","0","0","0","0","0","0","0","2","0","7","0","5","0","bulk-1.27-teamid-from-league-list","0","0","0"
"3.3","Bad Boys Team vs OFIME Targówek 3:2","1126257","2026-06-30 17:00","Urania","OFIME Targówek","131746","Mikołajczyk, Maciej","1949539","0","0","0","0","0","0","0","0","0","0","0","11","10","6","1","1","64","3","0","100","2","67","0","0","0","0","0","1","0","1","0","0","7.2","","1","1","0","0","0","0","0","0","0","0","0","0","0","0","0","0","0","0","0","0","0","0","0","0","0","0","0","0","0","0","0","0","0","0","0","0","0","0","0","0","0","0","0","0","0","0","0","0","0","1","0","1","1","0","1","1","3","6","3","1","0","2","0","1","1","0","0","0","0","2","0","9","0","5","0","bulk-1.27-teamid-from-league-list","0","0","0"
"3.3","Bad Boys Team vs OFIME Targówek 3:2","1126257","2026-06-30 17:00","Urania","OFIME Targówek","131746","Sokołowski, Bruno","1904177","0","-1","6","0","0","101.9","3","1","0","0","-33","2","1","0","1","0","0","0","0","0","0","0","0","9","20","1","0","1","0","1","0","0","-1.5","","0","0","0","1","0","0","9","20","0","0","7","0","0","2","101.9","75.9","0","1","0","0","1","2","0","0","0","0","1","1","0","0","0","0","0","0","0","0","0","0","0","0","0","0","0","0","0","0","1","0","0","0","0","1","0","0","0","0","0","0","0","0","0","0","0","0","0","0","0","0","0","2","0","4","0","5","0","bulk-1.27-teamid-from-league-list","0","0","0"
"3.3","Bad Boys Team vs OFIME Targówek 3:2","1126257","2026-06-30 17:00","Urania","OFIME Targówek","131746","Rudziński, Krzysztof","2004333","5","-1","3","0","0","74.1","14","5","5","36","0","8","5","2","3","0","25","10","1","90","4","40","0","0","21","0","0","0","0","0","0","0","7.3","","0","0","0","3","0","0","0","21","0","0","0","0","0","0","74.1","66.5","0","0","0","0","1","1","0","0","0","0","0","0","4","0","5","0","3","12","0","0","0","0","0","0","1","0","0","0","0","1","0","0","0","0","0","0","2","5","2","0","9","2","1","0","0","1","0","0","0","0","0","0","0","2","0","16","0","9","0","bulk-1.27-teamid-from-league-list","0","0","0"
"3.3","RG Olsztyn vs NiuniuTeam 3:2","1126258","2026-06-30 17:00","RG Arena","RG Olsztyn","128652","Herbolzheim, Jörg-Arne","2002937","2","2","12","0","2","77.2","3","0","0","0","0","19","9","2","10","3","26","0","0","0","0","0","0","14","40","30","22","91","15","18","27","31","8.8","{""sets"":[{""h"":25,""a"":22},{""h"":25,""a"":20},{""h"":18,""a"":25},{""h"":24,""a"":26},{""h"":18,""a"":16}],""parsedSets"":[{""rallies"":[{""type"":""end"",""score"":""25 : 22"",""txt"":""Koniec seta 1 : 0""},{""type"":""end"",""score"":""25 : 22"",""txt"":""Koniec seta 1 : 0""},{""type"":""rally"",""score"":""25 : 22"",""speed"":""74.7 km/h"",""res"":""Punkt: A. Nılsu""},{""type"":""rally"",""score"":""24 : 22"",""speed"":""52.6 km/h"",""res"":""Punkt: F. Rodrigues""},{""type"":""rally"",""score"":""23 : 22"",""speed"":""48.3 km/h"",""res"":""Punkt: M. Dubois""},{""type"":""rally"",""score"":""23 : 21"",""speed"":""53.6 km/h"",""res"":""Punkt: A. Largouet""},{""type"":""rally"",""score"":""23 : 20"",""speed"":""48.8 km/h"",""res"":""Punkt: M. Dubois""},{""type"":""rally"",""score"":""23 : 19"",""speed"":""-"",""res"":""Błąd: J. Caldwell""},{""type"":""rally"",""score"":""23 : 18"",""speed"":""63.6 km/h"",""res"":""Punkt: J. Caldwell""},{""type"":""rally"",""score"":""22 : 18"",""speed"":""45.4 km/h"",""res"":""Punkt: A. Nılsu""},{""type"":""rally"",""score"":""21 : 18"",""speed"":""47.4 km/h"",""res"":""Punkt: M. Dubois""},{""type"":""rally"",""score"":""21 : 17"",""speed"":""48.4 km/h"",""res"":""Punkt: W. Białek""},{""type"":""rally"",""score"":""21 : 16"",""speed"":""62.1 km/h"",""res"":""Błąd: J. Caldwell""},{""type"":""rally"",""score"":""21 : 15"",""speed"":""56.1 km/h"",""res"":""Punkt: D. Minchev""},{""type"":""rally"",""score"":""21 : 14"",""speed"":""58.1 km/h"",""res"":""Punkt: M. Dubois""},{""type"":""rally"",""score"":""21 : 13"",""speed"":""70.4 km/h"",""res"":""Punkt: J. Leone""},{""type"":""rally"",""score"":""20 : 13"",""speed"":""61.8 km/h"",""res"":""Punkt: J. Leone""},{""type"":""tmo"",""score"":""19 : 13"",""txt"":""Czas dla: RG Olsztyn""},{""type"":""rally"",""score"":""19 : 13"",""speed"":""65.9 km/h"",""res"":""Punkt: A. Largouet""},{""type"":""rally"",""score"":""19 : 12"",""speed"":""49.1 km/h"",""res"":""Punkt: A. Largouet""},{""type"":""rally"",""score"":""19 : 11"",""speed"":""79.8 km/h"",""res"":""Punkt: A. Largouet""},{""type"":""chg"",""score"":""19 : 10"",""txt"":""Zmiana: M. Wojtera ⇄ G. Houbron""},{""type"":""rally"",""score"":""19 : 10"",""speed"":""-"",""res"":""Błąd: G. Houbron""},{""type"":""rally"",""score"":""18 : 10"",""speed"":""49.8 km/h"",""res"":""Punkt: A. Largouet""},{""type"":""rally"",""score"":""18 : 9"",""speed"":""62.0 km/h"",""res"":""Punkt: A. Largouet""},{""type"":""chg"",""score"":""18 : 8"",""txt"":""Zmiana: W. Białek ⇄ D. Lisowski""},{""type"":""rally"",""score"":""18 : 8"",""speed"":""-"",""res"":""Błąd: D. Lisowski""},{""type"":""rally"",""score"":""17 : 8"",""speed"":""73.6 km/h"",""res"":""Punkt: D. Lisowski""},{""type"":""rally"",""score"":""17 : 7"",""speed"":""73.4 km/h"",""res"":""Punkt: J. Leone""},{""type"":""tmo"",""score"":""16 : 7"",""txt"":""Czas dla: ""},{""type"":""rally"",""score"":""16 : 7"",""speed"":""65.8 km/h"",""res"":""Błąd: A. Tucker""},{""type"":""rally"",""score"":""15 : 7"",""speed"":""62.9 km/h"",""res"":""Punkt: A. Nılsu""},{""type"":""rally"",""score"":""14 : 7"",""speed"":""64.5 km/h"",""res"":""Punkt: A. Largouet""},{""type"":""rally"",""score"":""14 : 6"",""speed"":""76.1 km/h"",""res"":""Błąd: A. Largouet""},{""type"":""rally"",""score"":""13 : 6"",""speed"":""56.5 km/h"",""res"":""Punkt: A. Nılsu""},{""type"":""rally"",""score"":""12 : 6"",""speed"":""71.8 km/h"",""res"":""Punkt: M. Schechtinger""},{""type"":""chg"",""score"":""11 : 6"",""txt"":""Zmiana: A. Largouet ⇄ J. Borkowski""},{""type"":""rally"",""score"":""11 : 6"",""speed"":""56.9 km/h"",""res"":""Punkt: F. Rodrigues""},{""type"":""rally"",""score"":""10 : 6"",""speed"":""78.6 km/h"",""res"":""Błąd: O. Portela""},{""type"":""chg"",""score"":""10 : 5"",""txt"":""Zmiana: D. Minchev ⇄ B. Santarelli""},{""type"":""tmo"",""score"":""10 : 5"",""txt"":""Czas dla: NiuniuTeam""},{""type"":""rally"",""score"":""10 : 5"",""speed"":""53.1 km/h"",""res"":""Błąd: J. Borkowski""},{""type"":""chg"",""score"":""9 : 5"",""txt"":""Zmiana: J. Borkowski ⇄ A. Largouet""},{""type"":""chg"",""score"":""9 : 5"",""txt"":""Zmiana: D. Lisowski ⇄ W. Białek""},{""type"":""rally"",""score"":""9 : 5"",""speed"":""84.5 km/h"",""res"":""Punkt: A. Nılsu""},{""type"":""tmo"",""score"":""8 : 5"",""txt"":""Czas dla: ""},{""type"":""rally"",""score"":""8 : 5"",""speed"":""76.2 km/h"",""res"":""Punkt: J. Caldwell""},{""type"":""rally"",""score"":""7 : 5"",""speed"":""72.8 km/h"",""res"":""Punkt: F. Rodrigues""},{""type"":""tmo"",""score"":""6 : 5"",""txt"":""Czas dla: NiuniuTeam""},{""type"":""rally"",""score"":""6 : 5"",""speed"":""91.4 km/h"",""res"":""Punkt: J. Caldwell""},{""type"":""rally"",""score"":""5 : 5"",""speed"":""51.6 km/h"",""res"":""Punkt: A. Nılsu""},{""type"":""rally"",""score"":""4 : 5"",""speed"":""58.6 km/h"",""res"":""Punkt: A. Nılsu""},{""type"":""rally"",""score"":""3 : 5"",""speed"":""51.3 km/h"",""res"":""Punkt: G. Houbron""},{""type"":""rally"",""score"":""3 : 4"",""speed"":""74.5 km/h"",""res"":""Punkt: A. Largouet""},{""type"":""rally"",""score"":""3 : 3"",""speed"":""50.9 km/h"",""res"":""Punkt: J. Caldwell""},{""type"":""rally"",""score"":""2 : 3"",""speed"":""68.4 km/h"",""res"":""Punkt: G. Houbron""},{""type"":""rally"",""score"":""2 : 2"",""speed"":""53.3 km/h"",""res"":""Punkt: J. Caldwell""},{""type"":""tmo"",""score"":""1 : 2"",""txt"":""Czas dla: RG Olsztyn""},{""type"":""rally"",""score"":""1 : 2"",""speed"":""55.4 km/h"",""res"":""Punkt: A. Largouet""},{""type"":""rally"",""score"":""1 : 1"",""speed"":""78.8 km/h"",""res"":""Punkt: A. Largouet""},{""type"":""chg"",""score"":""1 : 0"",""txt"":""Zmiana: O. Portela ⇄ J. Herbolzheim""},{""type"":""chg"",""score"":""1 : 0"",""txt"":""Zmiana: J. Leone ⇄ B. Gomez""},{""type"":""chg"",""score"":""1 : 0"",""txt"":""Zmiana: F. Rodrigues ⇄ D. Reeves""},{""type"":""chg"",""score"":""1 : 0"",""txt"":""Zmiana: J. Caldwell ⇄ A. Koryczan""},{""type"":""rally"",""score"":""1 : 0"",""speed"":""58.3 km/h"",""res"":""Punkt: M. Schechtinger""}]},{""rallies"":[{""type"":""end"",""score"":""25 : 20"",""txt"":""Koniec seta 2 : 0""},{""type"":""end"",""score"":""25 : 20"",""txt"":""Koniec seta 2 : 0""},{""type"":""rally"",""score"":""25 : 20"",""speed"":""82.1 km/h"",""res"":""Punkt: D. Reeves""},{""type"":""rally"",""score"":""24 : 20"",""speed"":""-"",""res"":""Błąd: O. Janowiak""},{""type"":""rally"",""score"":""23 : 20"",""speed"":""62.3 km/h"",""res"":""Błąd: A. Nılsu""},{""type"":""rally"",""score"":""23 : 19"",""speed"":""54.7 km/h"",""res"":""Punkt: D. Reeves""},{""type"":""rally"",""score"":""22 : 19"",""speed"":""64.3 km/h"",""res"":""Punkt: A. Largouet""},{""type"":""rally"",""score"":""22 : 18"",""speed"":""71.6 km/h"",""res"":""Punkt: D. Reeves""},{""type"":""chg"",""score"":""21 : 18"",""txt"":""Zmiana: D. Lisowski ⇄ W. Białek""},{""type"":""rally"",""score"":""21 : 18"",""speed"":""55.0 km/h"",""res"":""Punkt: B. Gomez""},{""type"":""rally"",""score"":""20 : 18"",""speed"":""70.3 km/h"",""res"":""Punkt: A. Largouet""},{""type"":""chg"",""score"":""20 : 17"",""txt"":""Zmiana: O. Janowiak ⇄ A. Tucker""},{""type"":""rally"",""score"":""20 : 17"",""speed"":""60.4 km/h"",""res"":""Punkt: M. Schechtinger""},{""type"":""rally"",""score"":""19 : 17"",""speed"":""-"",""res"":""Błąd: M. Dubois""},{""type"":""rally"",""score"":""18 : 17"",""speed"":""54.0 km/h"",""res"":""Punkt: G. Houbron""},{""type"":""rally"",""score"":""18 : 16"",""speed"":""53.9 km/h"",""res"":""Punkt: M. Schechtinger""},{""type"":""rally"",""score"":""17 : 16"",""speed"":""87.9 km/h"",""res"":""Punkt: G. Houbron""},{""type"":""rally"",""score"":""17 : 15"",""speed"":""54.3 km/h"",""res"":""Punkt: A. Nılsu""},{""type"":""rally"",""score"":""16 : 15"",""speed"":""57.7 km/h"",""res"":""Punkt: B. Santarelli""},{""type"":""rally"",""score"":""16 : 14"",""speed"":""50.1 km/h"",""res"":""Punkt: M. Dubois""},{""type"":""rally"",""score"":""16 : 13"",""speed"":""79.0 km/h"",""res"":""Punkt: M. Dubois""},{""type"":""tmo"",""score"":""16 : 12"",""txt"":""Czas dla: ""},{""type"":""rally"",""score"":""16 : 12"",""speed"":""62.8 km/h"",""res"":""Punkt: A. Nılsu""},{""type"":""rally"",""score"":""15 : 12"",""speed"":""61.5 km/h"",""res"":""Punkt: J. Caldwell""},{""type"":""rally"",""score"":""14 : 12"",""speed"":""56.6 km/h"",""res"":""Punkt: B. Santarelli""},{""type"":""rally"",""score"":""14 : 11"",""speed"":""57.5 km/h"",""res"":""Punkt: D. Reeves""},{""type"":""chg"",""score"":""13 : 11"",""txt"":""Zmiana: J. Caldwell ⇄ A. Koryczan""},{""type"":""rally"",""score"":""13 : 11"",""speed"":""49.4 km/h"",""res"":""Punkt: A. Largouet""},{""type"":""rally"",""score"":""13 : 10"",""speed"":""48.1 km/h"",""res"":""Punkt: G. Houbron""},{""type"":""chg"",""score"":""13 : 9"",""txt"":""Zmiana: A. Largouet ⇄ J. Borkowski""},{""type"":""rally"",""score"":""13 : 9"",""speed"":""62.0 km/h"",""res"":""Punkt: B. Gomez""},{""type"":""rally"",""score"":""12 : 9"",""speed"":""-"",""res"":""Błąd: R. De Maria""},{""type"":""rally"",""score"":""12 : 8"",""speed"":""58.3 km/h"",""res"":""Punkt: A. Koryczan""},{""type"":""rally"",""score"":""11 : 8"",""speed"":""56.1 km/h"",""res"":""Punkt: B. Gomez""},{""type"":""rally"",""score"":""10 : 8"",""speed"":""53.9 km/h"",""res"":""Punkt: G. Houbron""},{""type"":""rally"",""score"":""10 : 7"",""speed"":""77.9 km/h"",""res"":""Punkt: B. Gomez""},{""type"":""chg"",""score"":""9 : 7"",""txt"":""Zmiana: J. Borkowski ⇄ A. Largouet""},{""type"":""rally"",""score"":""9 : 7"",""speed"":""56.6 km/h"",""res"":""Błąd: A. Largouet""},{""type"":""tmo"",""score"":""8 : 7"",""txt"":""Czas dla: ""},{""type"":""rally"",""score"":""8 : 7"",""speed"":""58.8 km/h"",""res"":""Błąd: A. Largouet""},{""type"":""tmo"",""score"":""7 : 7"",""txt"":""Czas dla: NiuniuTeam""},{""type"":""rally"",""score"":""7 : 7"",""speed"":""62.2 km/h"",""res"":""Błąd: B. Santarelli""},{""type"":""rally"",""score"":""6 : 7"",""speed"":""58.5 km/h"",""res"":""Punkt: B. Gomez""},{""type"":""rally"",""score"":""5 : 7"",""speed"":""44.9 km/h"",""res"":""Punkt: M. Schechtinger""},{""type"":""rally"",""score"":""4 : 7"",""speed"":""80.1 km/h"",""res"":""Punkt: M. Dubois""},{""type"":""rally"",""score"":""4 : 6"",""speed"":""50.8 km/h"",""res"":""Punkt: M. Schechtinger""},{""type"":""tmo"",""score"":""3 : 6"",""txt"":""Czas dla: RG Olsztyn""},{""type"":""rally"",""score"":""3 : 6"",""speed"":""62.4 km/h"",""res"":""Punkt: A. Largouet""},{""type"":""rally"",""score"":""3 : 5"",""speed"":""47.5 km/h"",""res"":""Błąd: A. Nılsu""},{""type"":""rally"",""score"":""3 : 4"",""speed"":""-"",""res"":""Błąd: A. Koryczan""},{""type"":""rally"",""score"":""3 : 3"",""speed"":""60.4 km/h"",""res"":""Punkt: D. Reeves""},{""type"":""tmo"",""score"":""2 : 3"",""txt"":""Czas dla: RG Olsztyn""},{""type"":""rally"",""score"":""2 : 3"",""speed"":""54.3 km/h"",""res"":""Punkt: A. Largouet""},{""type"":""rally"",""score"":""2 : 2"",""speed"":""56.6 km/h"",""res"":""Punkt: A. Largouet""},{""type"":""rally"",""score"":""2 : 1"",""speed"":""-"",""res"":""Błąd: G. Houbron""},{""type"":""rally"",""score"":""1 : 1"",""speed"":""57.9 km/h"",""res"":""Punkt: A. Tucker""},{""type"":""chg"",""score"":""1 : 0"",""txt"":""Zmiana: R. De Maria ⇄ J. Herbolzheim""},{""type"":""rally"",""score"":""1 : 0"",""speed"":""60.3 km/h"",""res"":""Punkt: B. Gomez""}]},{""rallies"":[{""type"":""end"",""score"":""18 : 25"",""txt"":""Koniec seta 2 : 1""},{""type"":""end"",""score"":""18 : 25"",""txt"":""Koniec seta 2 : 1""},{""type"":""rally"",""score"":""18 : 25"",""speed"":""95.8 km/h"",""res"":""Punkt: G. Houbron""},{""type"":""rally"",""score"":""18 : 24"",""speed"":""62.0 km/h"",""res"":""Punkt: A. Tucker""},{""type"":""rally"",""score"":""18 : 23"",""speed"":""-"",""res"":""Błąd: M. Dubois""},{""type"":""rally"",""score"":""17 : 23"",""speed"":""-"",""res"":""Błąd: D. Reeves""},{""type"":""rally"",""score"":""17 : 22"",""speed"":""46.4 km/h"",""res"":""Punkt: D. Reeves""},{""type"":""rally"",""score"":""16 : 22"",""speed"":""51.1 km/h"",""res"":""Punkt: J. Borkowski""},{""type"":""rally"",""score"":""16 : 21"",""speed"":""78.5 km/h"",""res"":""Punkt: M. Dubois""},{""type"":""rally"",""score"":""16 : 20"",""speed"":""86.5 km/h"",""res"":""Punkt: J. Borkowski""},{""type"":""rally"",""score"":""16 : 19"",""speed"":""47.1 km/h"",""res"":""Punkt: A. Nılsu""},{""type"":""rally"",""score"":""15 : 19"",""speed"":""55.7 km/h"",""res"":""Punkt: J. Borkowski""},{""type"":""rally"",""score"":""15 : 18"",""speed"":""-"",""res"":""Błąd: B. Gomez""},{""type"":""rally"",""score"":""15 : 17"",""speed"":""63.7 km/h"",""res"":""Punkt: A. Nılsu""},{""type"":""rally"",""score"":""14 : 17"",""speed"":""63.7 km/h"",""res"":""Punkt: B. Gomez""},{""type"":""rally"",""score"":""13 : 17"",""speed"":""53.5 km/h"",""res"":""Punkt: B. Gomez""},{""type"":""rally"",""score"":""12 : 17"",""speed"":""55.6 km/h"",""res"":""Punkt: G. Houbron""},{""type"":""chg"",""score"":""12 : 16"",""txt"":""Zmiana: B. Santarelli ⇄ D. Minchev""},{""type"":""tmo"",""score"":""12 : 16"",""txt"":""Czas dla: ""},{""type"":""rally"",""score"":""12 : 16"",""speed"":""51.4 km/h"",""res"":""Punkt: A. Tucker""},{""type"":""rally"",""score"":""12 : 15"",""speed"":""65.3 km/h"",""res"":""Punkt: B. Gomez""},{""type"":""rally"",""score"":""11 : 15"",""speed"":""51.3 km/h"",""res"":""Punkt: G. Houbron""},{""type"":""chg"",""score"":""11 : 14"",""txt"":""Zmiana: J. Borkowski ⇄ A. Largouet""},{""type"":""chg"",""score"":""11 : 14"",""txt"":""Zmiana: D. Lisowski ⇄ W. Białek""},{""type"":""rally"",""score"":""11 : 14"",""speed"":""62.3 km/h"",""res"":""Punkt: J. Caldwell""},{""type"":""rally"",""score"":""10 : 14"",""speed"":""64.3 km/h"",""res"":""Punkt: B. Gomez""},{""type"":""rally"",""score"":""9 : 14"",""speed"":""56.5 km/h"",""res"":""Punkt: A. Largouet""},{""type"":""rally"",""score"":""9 : 13"",""speed"":""77.4 km/h"",""res"":""Punkt: B. Gomez""},{""type"":""rally"",""score"":""8 : 13"",""speed"":""51.2 km/h"",""res"":""Punkt: D. Reeves""},{""type"":""rally"",""score"":""7 : 13"",""speed"":""64.4 km/h"",""res"":""Punkt: A. Tucker""},{""type"":""rally"",""score"":""7 : 12"",""speed"":""60.4 km/h"",""res"":""Błąd: M. Schechtinger""},{""type"":""rally"",""score"":""7 : 11"",""speed"":""68.2 km/h"",""res"":""Punkt: M. Dubois""},{""type"":""rally"",""score"":""7 : 10"",""speed"":""57.1 km/h"",""res"":""Punkt: A. Largouet""},{""type"":""rally"",""score"":""7 : 9"",""speed"":""79.8 km/h"",""res"":""Punkt: D. Reeves""},{""type"":""rally"",""score"":""6 : 9"",""speed"":""56.5 km/h"",""res"":""Punkt: A. Nılsu""},{""type"":""rally"",""score"":""5 : 9"",""speed"":""54.6 km/h"",""res"":""Punkt: A. Largouet""},{""type"":""tmo"",""score"":""5 : 8"",""txt"":""Czas dla: ""},{""type"":""rally"",""score"":""5 : 8"",""speed"":""49.0 km/h"",""res"":""Punkt: M. Dubois""},{""type"":""rally"",""score"":""5 : 7"",""speed"":""89.3 km/h"",""res"":""Punkt: M. Dubois""},{""type"":""tmo"",""score"":""5 : 6"",""txt"":""Czas dla: NiuniuTeam""},{""type"":""rally"",""score"":""5 : 6"",""speed"":""72.0 km/h"",""res"":""Punkt: D. Reeves""},{""type"":""chg"",""score"":""4 : 6"",""txt"":""Zmiana: D. Minchev ⇄ B. Santarelli""},{""type"":""rally"",""score"":""4 : 6"",""speed"":""58.7 km/h"",""res"":""Punkt: A. Nılsu""},{""type"":""chg"",""score"":""3 : 6"",""txt"":""Zmiana: J. Caldwell ⇄ A. Koryczan""},{""type"":""rally"",""score"":""3 : 6"",""speed"":""44.2 km/h"",""res"":""Punkt: A. Nılsu""},{""type"":""rally"",""score"":""2 : 6"",""speed"":""58.5 km/h"",""res"":""Punkt: B. Santarelli""},{""type"":""rally"",""score"":""2 : 5"",""speed"":""64.4 km/h"",""res"":""Punkt: A. Largouet""},{""type"":""rally"",""score"":""2 : 4"",""speed"":""66.8 km/h"",""res"":""Punkt: B. Gomez""},{""type"":""tmo"",""score"":""1 : 4"",""txt"":""Czas dla: RG Olsztyn""},{""type"":""rally"",""score"":""1 : 4"",""speed"":""64.5 km/h"",""res"":""Punkt: B. Santarelli""},{""type"":""rally"",""score"":""1 : 3"",""speed"":""57.9 km/h"",""res"":""Punkt: M. Dubois""},{""type"":""rally"",""score"":""1 : 2"",""speed"":""70.4 km/h"",""res"":""Punkt: B. Santarelli""},{""type"":""rally"",""score"":""1 : 1"",""speed"":""65.4 km/h"",""res"":""Punkt: A. Koryczan""},{""type"":""tmo"",""score"":""0 : 1"",""txt"":""Czas dla: RG Olsztyn""},{""type"":""rally"",""score"":""0 : 1"",""speed"":""77.2 km/h"",""res"":""Punkt: G. Houbron""}]},{""rallies"":[{""type"":""end"",""score"":""24 : 26"",""txt"":""Koniec seta 2 : 2""},{""type"":""end"",""score"":""24 : 26"",""txt"":""Koniec seta 2 : 2""},{""type"":""rally"",""score"":""24 : 26"",""speed"":""86.0 km/h"",""res"":""Punkt: M. Wojtera""},{""type"":""rally"",""score"":""24 : 25"",""speed"":""58.2 km/h"",""res"":""Punkt: D. Minchev""},{""type"":""chg"",""score"":""24 : 24"",""txt"":""Zmiana: D. Minchev ⇄ B. Santarelli""},{""type"":""rally"",""score"":""24 : 24"",""speed"":""55.6 km/h"",""res"":""Punkt: J. Herbolzheim""},{""type"":""rally"",""score"":""23 : 24"",""speed"":""55.2 km/h"",""res"":""Punkt: J. Caldwell""},{""type"":""rally"",""score"":""22 : 24"",""speed"":""68.2 km/h"",""res"":""Punkt: M. Schechtinger""},{""type"":""rally"",""score"":""21 : 24"",""speed"":""66.5 km/h"",""res"":""Punkt: J. Borkowski""},{""type"":""rally"",""score"":""21 : 23"",""speed"":""61.8 km/h"",""res"":""Punkt: M. Schechtinger""},{""type"":""rally"",""score"":""20 : 23"",""speed"":""-"",""res"":""Błąd: D. Reeves""},{""type"":""chg"",""score"":""20 : 22"",""txt"":""Zmiana: O. Janowiak ⇄ M. Dubois""},{""type"":""rally"",""score"":""20 : 22"",""speed"":""69.7 km/h"",""res"":""Punkt: M. Schechtinger""},{""type"":""chg"",""score"":""19 : 22"",""txt"":""Zmiana: J. Borkowski ⇄ A. Largouet""},{""type"":""rally"",""score"":""19 : 22"",""speed"":""-"",""res"":""Błąd: A. Largouet""},{""type"":""rally"",""score"":""18 : 22"",""speed"":""55.4 km/h"",""res"":""Punkt: M. Dubois""},{""type"":""rally"",""score"":""18 : 21"",""speed"":""58.0 km/h"",""res"":""Punkt: D. Lisowski""},{""type"":""rally"",""score"":""18 : 20"",""speed"":""84.0 km/h"",""res"":""Punkt: M. Dubois""},{""type"":""rally"",""score"":""18 : 19"",""speed"":""57.9 km/h"",""res"":""Punkt: A. Nılsu""},{""type"":""rally"",""score"":""17 : 19"",""speed"":""50.1 km/h"",""res"":""Błąd: D. Reeves""},{""type"":""rally"",""score"":""17 : 18"",""speed"":""46.8 km/h"",""res"":""Punkt: B. Gomez""},{""type"":""rally"",""score"":""16 : 18"",""speed"":""47.3 km/h"",""res"":""Punkt: A. Largouet""},{""type"":""chg"",""score"":""16 : 17"",""txt"":""Zmiana: D. Lisowski ⇄ W. Białek""},{""type"":""chg"",""score"":""16 : 17"",""txt"":""Zmiana: J. Caldwell ⇄ A. Koryczan""},{""type"":""rally"",""score"":""16 : 17"",""speed"":""47.6 km/h"",""res"":""Punkt: A. Tucker""},{""type"":""rally"",""score"":""16 : 16"",""speed"":""52.8 km/h"",""res"":""Punkt: B. Gomez""},{""type"":""tmo"",""score"":""15 : 16"",""txt"":""Czas dla: ""},{""type"":""rally"",""score"":""15 : 16"",""speed"":""50.2 km/h"",""res"":""Punkt: M. Wojtera""},{""type"":""rally"",""score"":""15 : 15"",""speed"":""62.0 km/h"",""res"":""Punkt: M. Schechtinger""},{""type"":""rally"",""score"":""14 : 15"",""speed"":""70.4 km/h"",""res"":""Punkt: M. Dubois""},{""type"":""rally"",""score"":""14 : 14"",""speed"":""-"",""res"":""Błąd: B. Santarelli""},{""type"":""rally"",""score"":""13 : 14"",""speed"":""69.1 km/h"",""res"":""Punkt: M. Dubois""},{""type"":""rally"",""score"":""13 : 13"",""speed"":""65.0 km/h"",""res"":""Błąd: W. Białek""},{""type"":""rally"",""score"":""12 : 13"",""speed"":""54.3 km/h"",""res"":""Błąd: A. Nılsu""},{""type"":""rally"",""score"":""12 : 12"",""speed"":""55.9 km/h"",""res"":""Punkt: A. Largouet""},{""type"":""rally"",""score"":""12 : 11"",""speed"":""55.4 km/h"",""res"":""Punkt: A. Nılsu""},{""type"":""rally"",""score"":""11 : 11"",""speed"":""54.2 km/h"",""res"":""Punkt: B. Santarelli""},{""type"":""rally"",""score"":""11 : 10"",""speed"":""52.5 km/h"",""res"":""Błąd: M. Wojtera""},{""type"":""rally"",""score"":""10 : 10"",""speed"":""82.5 km/h"",""res"":""Punkt: B. Santarelli""},{""type"":""rally"",""score"":""10 : 9"",""speed"":""50.7 km/h"",""res"":""Punkt: B. Gomez""},{""type"":""rally"",""score"":""9 : 9"",""speed"":""53.8 km/h"",""res"":""Punkt: A. Largouet""},{""type"":""rally"",""score"":""9 : 8"",""speed"":""-"",""res"":""Błąd: M. Dubois""},{""type"":""rally"",""score"":""8 : 8"",""speed"":""67.3 km/h"",""res"":""Punkt: M. Wojtera""},{""type"":""tmo"",""score"":""8 : 7"",""txt"":""Czas dla: ""},{""type"":""rally"",""score"":""8 : 7"",""speed"":""60.2 km/h"",""res"":""Punkt: M. Schechtinger""},{""type"":""rally"",""score"":""7 : 7"",""speed"":""63.8 km/h"",""res"":""Punkt: B. Santarelli""},{""type"":""rally"",""score"":""7 : 6"",""speed"":""52.1 km/h"",""res"":""Punkt: A. Nılsu""},{""type"":""tmo"",""score"":""6 : 6"",""txt"":""Czas dla: RG Olsztyn""},{""type"":""rally"",""score"":""6 : 6"",""speed"":""46.5 km/h"",""res"":""Punkt: B. Santarelli""},{""type"":""rally"",""score"":""6 : 5"",""speed"":""48.4 km/h"",""res"":""Punkt: B. Santarelli""},{""type"":""rally"",""score"":""6 : 4"",""speed"":""67.8 km/h"",""res"":""Punkt: M. Dubois""},{""type"":""rally"",""score"":""6 : 3"",""speed"":""-"",""res"":""Błąd: A. Tucker""},{""type"":""rally"",""score"":""5 : 3"",""speed"":""63.5 km/h"",""res"":""Punkt: A. Largouet""},{""type"":""chg"",""score"":""5 : 2"",""txt"":""Zmiana: M. Wojtera ⇄ G. Houbron""},{""type"":""rally"",""score"":""5 : 2"",""speed"":""-"",""res"":""Błąd: G. Houbron""},{""type"":""rally"",""score"":""4 : 2"",""speed"":""-"",""res"":""Błąd: M. Schechtinger""},{""type"":""rally"",""score"":""4 : 1"",""speed"":""81.1 km/h"",""res"":""Punkt: M. Schechtinger""},{""type"":""tmo"",""score"":""3 : 1"",""txt"":""Czas dla: NiuniuTeam""},{""type"":""rally"",""score"":""3 : 1"",""speed"":""61.8 km/h"",""res"":""Punkt: A. Koryczan""},{""type"":""rally"",""score"":""2 : 1"",""speed"":""69.4 km/h"",""res"":""Punkt: D. Reeves""},{""type"":""rally"",""score"":""1 : 1"",""speed"":""53.5 km/h"",""res"":""Punkt: M. Schechtinger""},{""type"":""tmo"",""score"":""0 : 1"",""txt"":""Czas dla: RG Olsztyn""},{""type"":""rally"",""score"":""0 : 1"",""speed"":""57.5 km/h"",""res"":""Błąd: B. Gomez""}]},{""rallies"":[{""type"":""end"",""score"":""18 : 16"",""txt"":""Koniec seta 3 : 2""},{""type"":""end"",""score"":""18 : 16"",""txt"":""Koniec seta 3 : 2""},{""type"":""rally"",""score"":""18 : 16"",""speed"":""58.2 km/h"",""res"":""Punkt: A. Nılsu""},{""type"":""rally"",""score"":""17 : 16"",""speed"":""90.0 km/h"",""res"":""Błąd: M. Wojtera""},{""type"":""rally"",""score"":""16 : 16"",""speed"":""62.8 km/h"",""res"":""Punkt: D. Reeves""},{""type"":""rally"",""score"":""15 : 16"",""speed"":""64.6 km/h"",""res"":""Punkt: M. Dubois""},{""type"":""rally"",""score"":""15 : 15"",""speed"":""64.1 km/h"",""res"":""Punkt: M. Dubois""},{""type"":""rally"",""score"":""15 : 14"",""speed"":""53.8 km/h"",""res"":""Punkt: D. Reeves""},{""type"":""rally"",""score"":""14 : 14"",""speed"":""54.3 km/h"",""res"":""Punkt: B. Santarelli""},{""type"":""rally"",""score"":""14 : 13"",""speed"":""46.9 km/h"",""res"":""Punkt: D. Lisowski""},{""type"":""rally"",""score"":""14 : 12"",""speed"":""53.2 km/h"",""res"":""Punkt: B. Santarelli""},{""type"":""chg"",""score"":""14 : 11"",""txt"":""Zmiana: D. Lisowski ⇄ W. Białek""},{""type"":""chg"",""score"":""14 : 11"",""txt"":""Zmiana: A. Largouet ⇄ J. Borkowski""},{""type"":""rally"",""score"":""14 : 11"",""speed"":""58.6 km/h"",""res"":""Punkt: A. Koryczan""},{""type"":""rally"",""score"":""13 : 11"",""speed"":""63.8 km/h"",""res"":""Punkt: B. Gomez""},{""type"":""rally"",""score"":""12 : 11"",""speed"":""65.7 km/h"",""res"":""Punkt: B. Santarelli""},{""type"":""rally"",""score"":""12 : 10"",""speed"":""63.7 km/h"",""res"":""Punkt: B. Gomez""},{""type"":""tmo"",""score"":""11 : 10"",""txt"":""Czas dla: NiuniuTeam""},{""type"":""rally"",""score"":""11 : 10"",""speed"":""54.6 km/h"",""res"":""Punkt: A. Koryczan""},{""type"":""rally"",""score"":""10 : 10"",""speed"":""50.5 km/h"",""res"":""Punkt: D. Reeves""},{""type"":""rally"",""score"":""9 : 10"",""speed"":""56.5 km/h"",""res"":""Punkt: M. Schechtinger""},{""type"":""chg"",""score"":""8 : 10"",""txt"":""Zmiana: M. Wojtera ⇄ G. Houbron""},{""type"":""rally"",""score"":""8 : 10"",""speed"":""47.9 km/h"",""res"":""Punkt: B. Santarelli""},{""type"":""rally"",""score"":""8 : 9"",""speed"":""60.5 km/h"",""res"":""Punkt: A. Tucker""},{""type"":""rally"",""score"":""8 : 8"",""speed"":""59.6 km/h"",""res"":""Punkt: J. Herbolzheim""},{""type"":""rally"",""score"":""7 : 8"",""speed"":""55.1 km/h"",""res"":""Punkt: B. Gomez""},{""type"":""tmo"",""score"":""6 : 8"",""txt"":""Czas dla: RG Olsztyn""},{""type"":""rally"",""score"":""6 : 8"",""speed"":""50.9 km/h"",""res"":""Punkt: J. Borkowski""},{""type"":""rally"",""score"":""6 : 7"",""speed"":""48.5 km/h"",""res"":""Punkt: A. Tucker""},{""type"":""rally"",""score"":""6 : 6"",""speed"":""51.4 km/h"",""res"":""Punkt: J. Borkowski""},{""type"":""chg"",""score"":""6 : 5"",""txt"":""Zmiana: A. Tucker ⇄ O. Janowiak""},{""type"":""rally"",""score"":""6 : 5"",""speed"":""55.8 km/h"",""res"":""Punkt: M. Schechtinger""},{""type"":""rally"",""score"":""5 : 5"",""speed"":""61.0 km/h"",""res"":""Błąd: J. Borkowski""},{""type"":""rally"",""score"":""4 : 5"",""speed"":""-"",""res"":""Błąd: D. Reeves""},{""type"":""chg"",""score"":""4 : 4"",""txt"":""Zmiana: J. Borkowski ⇄ A. Largouet""},{""type"":""rally"",""score"":""4 : 4"",""speed"":""64.1 km/h"",""res"":""Błąd: A. Largouet""},{""type"":""rally"",""score"":""3 : 4"",""speed"":""58.9 km/h"",""res"":""Punkt: G. Houbron""},{""type"":""rally"",""score"":""3 : 3"",""speed"":""-"",""res"":""Błąd: A. Largouet""},{""type"":""rally"",""score"":""2 : 3"",""speed"":""57.2 km/h"",""res"":""Punkt: B. Santarelli""},{""type"":""rally"",""score"":""2 : 2"",""speed"":""-"",""res"":""Błąd: O. Janowiak""},{""type"":""chg"",""score"":""1 : 2"",""txt"":""Zmiana: O. Janowiak ⇄ A. Tucker""},{""type"":""rally"",""score"":""1 : 2"",""speed"":""55.4 km/h"",""res"":""Błąd: A. Koryczan""},{""type"":""rally"",""score"":""1 : 1"",""speed"":""51.4 km/h"",""res"":""Punkt: M. Schechtinger""},{""type"":""tmo"",""score"":""0 : 1"",""txt"":""Czas dla: RG Olsztyn""},{""type"":""rally"",""score"":""0 : 1"",""speed"":""74.9 km/h"",""res"":""Punkt: A. Largouet""}]}]}","1","1","1","8","1","1","14","40","0","0","10","0","0","4","77.2","59.8","0","0","0","0","3","3","0","0","0","0","0","0","0","0","0","0","0","0","0","0","0","0","0","0","0","0","0","0","0","0","30","22","5","5","29","91","0","0","0","0","0","2","0","1","0","0","1","3","0","3","0","0","0","5","1","1","28","32","24","bulk-1.27-teamid-from-league-list","0","0","0"
"3.3","RG Olsztyn vs NiuniuTeam 3:2","1126258","2026-06-30 17:00","RG Arena","RG Olsztyn","128652","Schechtinger, Matthäus","1949706","18","10","19","1","1","82.5","27","6","15","56","33","19","11","5","8","3","42","60","1","98","23","38","2","30","64","0","0","0","0","0","0","0","71.6","","3","3","0","5","0","0","30","64","2","1","23","0","0","7","82.5","63.6","6","0","1","1","2","10","2","0","1","0","0","3","4","1","1","1","3","10","0","0","0","0","0","0","1","0","2","0","1","4","0","0","0","0","0","0","11","19","18","11","59","5","3","2","0","0","0","3","1","1","1","0","0","5","24","20","19","23","17","bulk-1.27-teamid-from-league-list","0","0","0"
"3.3","RG Olsztyn vs NiuniuTeam 3:2","1126258","2026-06-30 17:00","RG Arena","RG Olsztyn","128652","Gomez, Brooks","1709571","19","17","13","1","1","64.4","23","1","10","43","39","5","1","0","4","2","40","0","0","0","0","0","8","48","68","0","2","3","0","0","1","2","53.1","","2","3","0","1","0","0","48","68","7","1","36","1","0","12","64.4","58.7","3","0","0","0","4","7","0","0","0","0","0","0","0","0","0","0","0","0","7","1","0","0","8","16","0","0","0","0","0","0","0","2","0","1","0","3","0","0","0","0","0","0","0","0","0","0","0","2","0","1","1","0","0","4","0","10","12","8","9","bulk-1.27-teamid-from-league-list","0","0","0"
"3.3","RG Olsztyn vs NiuniuTeam 3:2","1126258","2026-06-30 17:00","RG Arena","RG Olsztyn","128652","Koryczan, Adrian","1767121","6","-1","5","1","0","67.8","16","6","3","19","-19","13","6","3","7","4","54","0","0","0","0","0","3","24","44","0","0","0","0","0","0","0","5.2","","1","1","2","5","1","1","24","44","3","0","16","0","0","8","67.8","61.7","1","0","2","0","1","4","0","0","1","0","0","1","1","1","1","0","6","9","0","0","0","0","0","0","0","0","1","1","0","2","0","0","0","0","0","0","0","0","0","0","0","1","0","0","0","1","0","4","1","2","0","0","1","4","0","6","3","7","13","bulk-1.27-teamid-from-league-list","0","0","0"
"3.3","RG Olsztyn vs NiuniuTeam 3:2","1126258","2026-06-30 17:00","RG Arena","RG Olsztyn","128652","Reeves, Dale","1974843","15","-5","12","3","1","90","34","16","11","32","-15","16","9","5","7","3","50","26","1","96","8","31","3","36","70","0","0","0","0","0","0","0","20.4","","2","3","0","3","1","1","36","70","3","0","26","0","0","10","90","72.9","5","1","8","1","3","18","0","0","5","1","0","6","3","0","1","0","4","8","0","0","0","0","0","0","1","0","1","0","0","2","0","0","0","0","0","0","2","6","7","10","25","5","2","1","0","1","1","3","2","0","0","1","0","4","0","16","19","20","16","bulk-1.27-teamid-from-league-list","0","0","0"
"3.3","RG Olsztyn vs NiuniuTeam 3:2","1126258","2026-06-30 17:00","RG Arena","RG Olsztyn","128652","Nılsu, Alpar","1709795","24","14","18","0","0","77.9","41","10","16","39","15","13","6","1","7","2","23","0","0","0","0","0","8","46","79","0","0","0","0","0","0","0","45.6","","1","1","1","6","0","0","46","79","5","0","28","3","1","18","77.9","63.4","5","1","1","0","1","8","1","1","3","0","0","5","0","0","0","0","0","0","7","1","3","3","14","28","0","0","0","0","0","0","0","0","0","0","0","0","0","0","0","0","0","1","1","0","0","0","0","2","0","1","0","0","1","5","18","14","13","10","5","bulk-1.27-teamid-from-league-list","0","0","0"
"3.3","RG Olsztyn vs NiuniuTeam 3:2","1126258","2026-06-30 17:00","RG Arena","RG Olsztyn","128652","Rosołowski, Dawid","1904656","0","0","0","0","0","0","0","0","0","0","0","50","20","12","30","18","60","5","0","100","1","20","0","0","0","1","3","8","0","3","1","4","19.2","","15","20","3","10","0","0","0","0","0","0","0","0","0","0","0","0","0","0","0","0","0","0","0","0","0","0","0","0","0","0","0","0","0","0","0","0","0","0","0","0","0","0","0","0","0","0","1","3","1","0","3","8","1","2","1","1","5","12","4","2","0","5","1","18","4","8","0","6","0","5","9","8","10","11","9","bulk-1.27-teamid-from-league-list","0","0","0"
"3.3","RG Olsztyn vs NiuniuTeam 3:2","1126258","2026-06-30 17:00","RG Arena","RG Olsztyn","128652","Leone, Jacques","1709572","3","-2","3","0","1","74.5","8","5","1","13","-50","2","1","1","1","0","50","0","0","0","0","0","1","9","13","0","0","1","0","0","0","1","1.3","","0","0","0","1","0","0","9","13","1","0","6","0","0","3","74.5","67.7","1","0","1","0","2","4","0","0","2","0","0","2","0","0","0","0","0","0","0","0","2","0","0","2","0","0","0","0","0","0","0","0","0","0","1","1","0","0","0","0","0","1","0","1","0","0","0","0","0","0","0","0","0","1","10","0","0","0","0","bulk-1.27-teamid-from-league-list","0","0","0"
"3.3","RG Olsztyn vs NiuniuTeam 3:2","1126258","2026-06-30 17:00","RG Arena","RG Olsztyn","128652","Rodrigues, Fred","1974844","3","1","5","0","0","76.1","8","2","3","38","13","1","1","1","0","0","100","5","0","100","0","0","0","15","26","0","0","0","0","0","0","0","5.8","","0","0","0","0","0","0","15","26","0","0","9","0","0","6","76.1","68.7","2","0","2","0","2","6","0","0","0","0","0","0","1","0","0","0","1","2","0","0","0","0","0","0","0","0","0","0","0","0","0","0","0","0","0","0","1","1","2","1","5","1","1","0","0","0","0","0","0","0","0","0","0","1","15","0","0","0","0","bulk-1.27-teamid-from-league-list","0","0","0"
"3.3","RG Olsztyn vs NiuniuTeam 3:2","1126258","2026-06-30 17:00","RG Arena","RG Olsztyn","128652","Caldwell, Jeffry","1974842","9","2","17","1","3","89.3","15","6","4","27","-13","19","10","5","9","4","47","0","0","0","0","0","2","18","38","0","0","0","0","0","0","0","16","","3","3","1","6","0","0","18","38","2","0","14","0","0","4","91.4","74.1","2","1","3","0","3","9","0","0","0","0","0","0","1","0","2","1","2","6","0","0","0","0","0","0","0","0","0","0","0","0","0","0","0","0","0","0","0","0","0","0","0","5","2","2","0","0","1","4","1","3","0","0","0","4","22","8","9","4","0","bulk-1.27-teamid-from-league-list","0","0","0"
"3.3","RG Olsztyn vs NiuniuTeam 3:2","1126258","2026-06-30 17:00","RG Arena","RG Olsztyn","128652","Portela, Olinto","2032423","1","1","2","0","0","78.8","0","0","0","0","0","12","5","1","7","4","42","0","0","0","0","0","1","8","24","11","9","37","1","12","11","13","5.4","","2","3","0","1","2","3","8","24","0","0","5","1","0","3","78.8","70.4","0","0","0","0","0","0","0","0","0","0","0","0","0","0","0","0","0","0","0","0","0","0","0","0","0","0","0","0","0","0","11","9","1","1","15","37","0","0","0","0","0","1","0","1","0","0","0","4","0","1","0","3","0","1","34","0","0","0","0","bulk-1.27-teamid-from-league-list","0","0","0"
"3.3","RG Olsztyn vs NiuniuTeam 3:2","1126258","2026-06-30 17:00","RG Arena","RG Olsztyn","128652","De Maria, Riccardo","2032424","0","-1","4","1","0","70.3","0","0","0","0","0","3","2","1","1","1","67","0","0","0","0","0","0","5","14","12","8","32","6","11","10","5","0.2","","1","1","0","0","0","0","5","14","0","0","4","0","0","1","70.3","63","0","0","0","0","0","0","0","0","0","0","0","0","0","0","0","0","0","0","0","0","0","0","0","0","0","0","0","0","0","0","12","8","2","1","9","32","0","0","0","0","0","1","0","0","1","0","0","1","1","0","0","0","0","1","0","27","0","0","0","bulk-1.27-teamid-from-league-list","0","0","0"
"3.3","RG Olsztyn vs NiuniuTeam 3:2","1126258","2026-06-30 17:00","RG Arena","NiuniuTeam","137395","Białek, Wiktor","1975473","1","1","11","0","0","64.3","1","0","0","0","0","20","8","5","12","6","55","0","0","0","0","0","1","24","64","38","18","105","20","33","33","19","9.4","","4","6","1","4","1","2","24","64","1","1","19","0","0","5","64.3","55.5","0","0","0","0","1","1","0","0","0","0","0","0","0","0","0","0","0","0","0","0","0","0","0","0","0","0","0","0","0","0","38","18","2","5","42","105","0","0","0","0","0","5","1","2","0","1","1","6","0","2","1","1","2","5","23","24","17","23","19","bulk-1.27-teamid-from-league-list","0","0","0"
"3.3","RG Olsztyn vs NiuniuTeam 3:2","1126258","2026-06-30 17:00","RG Arena","NiuniuTeam","137395","Houbron, Grégory","1949282","12","1","13","3","0","65.4","22","4","11","50","32","16","5","3","11","2","31","31","4","87","8","26","1","23","45","0","0","0","0","0","0","0","31.6","","1","5","0","5","1","1","23","45","1","0","22","0","0","1","65.4","55","2","0","2","0","1","5","0","0","1","1","1","3","4","0","1","0","2","7","0","0","0","0","0","0","4","0","0","0","3","7","0","0","0","0","0","0","4","10","7","6","27","3","2","0","0","1","0","2","2","0","0","0","0","5","14","17","15","3","7","bulk-1.27-teamid-from-league-list","0","0","0"
"3.3","RG Olsztyn vs NiuniuTeam 3:2","1126258","2026-06-30 17:00","RG Arena","NiuniuTeam","137395","Tucker, Austin","1975805","8","4","16","1","0","66.8","19","3","3","16","0","3","1","1","2","1","67","0","0","0","0","0","5","43","63","0","2","3","0","0","1","2","16.7","","0","1","0","0","1","1","43","63","4","2","40","1","0","3","66.8","58.6","1","0","1","0","4","6","1","0","1","0","0","2","0","0","0","0","0","0","1","1","0","0","9","11","0","0","0","0","0","0","0","2","0","0","1","3","0","0","0","0","0","1","0","0","0","1","0","1","0","1","0","0","0","5","7","9","8","8","7","bulk-1.27-teamid-from-league-list","0","0","0"
"3.3","RG Olsztyn vs NiuniuTeam 3:2","1126258","2026-06-30 17:00","RG Arena","NiuniuTeam","137395","Largouet, Arnaud","1928756","29","13","27","2","1","65","49","14","17","35","6","17","10","6","7","1","41","0","0","0","0","0","11","42","59","0","0","0","0","0","0","0","53.4","","1","7","0","0","0","0","42","59","9","1","37","2","0","5","65","53.2","2","1","2","0","8","13","1","1","5","1","1","9","5","0","2","1","1","9","0","0","0","0","0","0","7","2","1","0","8","18","0","0","0","0","0","0","0","0","0","0","0","6","0","1","0","3","2","1","1","0","0","0","0","5","29","22","10","17","9","bulk-1.27-teamid-from-league-list","0","0","0"
"3.3","RG Olsztyn vs NiuniuTeam 3:2","1126258","2026-06-30 17:00","RG Arena","NiuniuTeam","137395","Santarelli, Battista","1949927","16","7","11","1","0","78.5","23","5","7","30","9","17","7","3","10","3","35","39","3","92","14","36","9","43","82","0","0","0","0","0","0","0","51.9","","2","6","0","3","1","1","43","82","8","1","37","1","1","6","78.5","58.8","1","0","0","0","6","7","0","0","1","0","1","2","6","0","2","0","4","12","0","0","0","0","0","0","0","1","1","0","0","2","0","0","0","0","0","0","8","10","12","6","36","3","2","0","1","0","0","3","0","0","0","2","1","5","6","18","15","21","20","bulk-1.27-teamid-from-league-list","0","0","0"
"3.3","RG Olsztyn vs NiuniuTeam 3:2","1126258","2026-06-30 17:00","RG Arena","NiuniuTeam","137395","Dubois, Melvin","1948927","20","15","11","3","1","64.4","18","2","7","39","28","6","3","1","3","1","33","0","0","0","0","0","12","77","101","0","0","0","0","0","0","0","53.8","","1","1","0","2","0","0","77","101","11","3","68","1","0","9","68.2","60.8","1","0","0","0","6","7","1","0","1","0","0","2","0","0","0","0","0","0","5","0","1","0","3","9","0","0","0","0","0","0","0","0","0","0","0","0","0","0","0","0","0","1","0","0","0","0","1","1","0","0","1","0","0","5","9","7","11","9","4","bulk-1.27-teamid-from-league-list","0","0","0"
"3.3","RG Olsztyn vs NiuniuTeam 3:2","1126258","2026-06-30 17:00","RG Arena","NiuniuTeam","137395","Dąbski, Piotr","1949487","0","0","0","0","0","0","0","0","0","0","0","44","24","16","20","9","57","1","0","100","0","0","0","0","0","0","3","11","2","2","2","5","16.8","","8","13","1","7","0","0","0","0","0","0","0","0","0","0","0","0","0","0","0","0","0","0","0","0","0","0","0","0","0","0","0","0","0","0","0","0","0","0","0","0","0","0","0","0","0","0","0","3","0","1","7","11","0","0","1","0","1","16","6","4","0","3","3","9","3","1","1","1","3","5","12","11","7","3","8","bulk-1.27-teamid-from-league-list","0","0","0"
"3.3","RG Olsztyn vs NiuniuTeam 3:2","1126258","2026-06-30 17:00","RG Arena","NiuniuTeam","137395","Borkowski, Jacek","2002663","6","1","2","0","0","55.7","14","5","6","43","7","3","1","0","2","0","0","0","0","0","0","0","0","10","21","0","0","0","0","0","0","0","5.9","","0","1","0","1","0","0","10","21","0","0","9","0","0","1","55.7","51.4","1","1","1","0","1","4","3","0","2","0","0","5","0","0","0","0","1","1","0","0","0","0","0","0","2","1","0","0","1","4","0","0","0","0","0","0","0","0","0","0","0","0","0","0","0","0","0","0","0","0","0","0","0","5","2","2","5","2","5","bulk-1.27-teamid-from-league-list","0","0","0"
"3.3","RG Olsztyn vs NiuniuTeam 3:2","1126258","2026-06-30 17:00","RG Arena","NiuniuTeam","137395","Wojtera, Maciej","1974660","4","0","4","0","0","56.5","10","4","2","20","-20","8","5","3","3","2","63","15","0","100","6","40","2","12","25","0","0","0","0","0","0","0","15.6","","1","1","0","1","1","1","12","25","1","0","9","1","0","3","56.5","50.8","0","0","1","0","3","4","0","0","0","0","0","0","2","1","0","0","1","4","0","0","0","0","0","0","0","1","1","0","0","2","0","0","0","0","0","0","1","5","6","3","15","3","1","0","0","1","1","2","2","0","0","0","0","3","5","0","0","18","7","bulk-1.27-teamid-from-league-list","0","0","0"
"3.3","RG Olsztyn vs NiuniuTeam 3:2","1126258","2026-06-30 17:00","RG Arena","NiuniuTeam","137395","Lisowski, Damian","1928735","3","2","3","1","0","95.8","0","0","0","0","0","6","1","0","5","3","50","0","0","0","0","0","3","21","28","14","5","41","3","16","14","8","9.2","","2","3","0","1","1","1","21","28","3","0","17","0","0","4","95.8","90.9","0","0","0","0","0","0","0","0","0","0","0","0","0","0","0","0","0","0","0","0","0","0","0","0","0","0","0","0","0","0","14","5","1","4","17","41","0","0","0","0","0","0","0","0","0","0","0","3","0","1","0","1","1","5","11","5","10","10","6","bulk-1.27-teamid-from-league-list","0","0","0"
"3.3","RG Olsztyn vs NiuniuTeam 3:2","1126258","2026-06-30 17:00","RG Arena","NiuniuTeam","137395","Minchev, Dimitar","1767379","2","0","8","0","0","56.9","4","0","2","50","50","5","3","1","2","1","40","16","2","88","5","31","0","14","20","0","0","0","0","0","0","0","8.8","","1","2","0","0","0","0","14","20","0","0","10","0","0","4","56.9","52.5","0","0","0","0","1","1","0","0","0","0","1","1","1","0","0","0","0","1","0","0","0","0","0","0","1","0","0","0","0","1","0","0","0","0","0","0","1","8","4","1","14","1","0","0","0","1","0","1","0","0","0","0","1","3","18","0","8","1","0","bulk-1.27-teamid-from-league-list","0","0","0"
"3.3","RG Olsztyn vs NiuniuTeam 3:2","1126258","2026-06-30 17:00","RG Arena","NiuniuTeam","137395","Janowiak, Olaf","1865690","0","-3","3","2","0","68.2","1","1","0","0","-100","1","0","0","1","0","0","0","0","0","0","0","0","3","8","0","0","0","0","0","0","0","-3.5","","0","0","0","1","0","0","3","8","0","0","2","0","0","1","68.2","68.2","0","0","0","0","0","0","0","0","0","0","0","0","0","0","0","0","0","0","0","0","1","0","0","1","0","0","0","0","0","0","0","0","0","0","0","0","0","0","0","0","0","0","0","0","0","0","0","0","0","0","0","0","0","3","0","1","0","1","2","bulk-1.27-teamid-from-league-list","0","0","0"
"3.3","Kotwica Kołobrzeg vs DragonGAYS Polska 3:1","1126259","2026-06-30 17:00","Milenium MOSIR","Kotwica Kołobrzeg","128801","Rousseau, Sébastien","1904005","2","1","13","1","0","72","0","0","0","0","0","33","19","10","14","3","39","0","0","0","0","0","2","14","73","53","16","155","29","49","46","31","14.2","{""sets"":[{""h"":25,""a"":21},{""h"":20,""a"":25},{""h"":25,""a"":22},{""h"":25,""a"":22}],""parsedSets"":[{""rallies"":[{""type"":""end"",""score"":""25 : 21"",""txt"":""Koniec seta 1 : 0""},{""type"":""end"",""score"":""25 : 21"",""txt"":""Koniec seta 1 : 0""},{""type"":""rally"",""score"":""25 : 21"",""speed"":""50.3 km/h"",""res"":""Błąd: S. Morère""},{""type"":""rally"",""score"":""24 : 21"",""speed"":""42.6 km/h"",""res"":""Punkt: G. Reynaud""},{""type"":""rally"",""score"":""23 : 21"",""speed"":""48.8 km/h"",""res"":""Punkt: T. Rosowski""},{""type"":""rally"",""score"":""22 : 21"",""speed"":""56.7 km/h"",""res"":""Punkt: J. Lachèvre""},{""type"":""rally"",""score"":""21 : 21"",""speed"":""53.0 km/h"",""res"":""Punkt: M. Jakimowicz""},{""type"":""rally"",""score"":""21 : 20"",""speed"":""44.6 km/h"",""res"":""Punkt: G. Reynaud""},{""type"":""rally"",""score"":""20 : 20"",""speed"":""60.1 km/h"",""res"":""Punkt: M. Jakimowicz""},{""type"":""rally"",""score"":""20 : 19"",""speed"":""68.1 km/h"",""res"":""Punkt: J. Lachèvre""},{""type"":""rally"",""score"":""19 : 19"",""speed"":""51.3 km/h"",""res"":""Punkt: T. Rosowski""},{""type"":""rally"",""score"":""18 : 19"",""speed"":""49.2 km/h"",""res"":""Punkt: S. Morère""},{""type"":""rally"",""score"":""18 : 18"",""speed"":""58.0 km/h"",""res"":""Punkt: S. Burçak""},{""type"":""rally"",""score"":""18 : 17"",""speed"":""-"",""res"":""Błąd: S. Kesyakov""},{""type"":""rally"",""score"":""17 : 17"",""speed"":""57.4 km/h"",""res"":""Punkt: S. Morère""},{""type"":""rally"",""score"":""17 : 16"",""speed"":""66.3 km/h"",""res"":""Punkt: S. Burçak""},{""type"":""rally"",""score"":""17 : 15"",""speed"":""71.5 km/h"",""res"":""Punkt: G. Reynaud""},{""type"":""tmo"",""score"":""16 : 15"",""txt"":""Czas dla: ""},{""type"":""rally"",""score"":""16 : 15"",""speed"":""43.3 km/h"",""res"":""Punkt: T. Rosowski""},{""type"":""rally"",""score"":""15 : 15"",""speed"":""-"",""res"":""Błąd: J. Lachèvre""},{""type"":""rally"",""score"":""15 : 14"",""speed"":""45.4 km/h"",""res"":""Punkt: G. Graves""},{""type"":""rally"",""score"":""14 : 14"",""speed"":""44.8 km/h"",""res"":""Punkt: S. Morère""},{""type"":""rally"",""score"":""14 : 13"",""speed"":""52.3 km/h"",""res"":""Punkt: T. Rosowski""},{""type"":""rally"",""score"":""13 : 13"",""speed"":""54.5 km/h"",""res"":""Punkt: G. Graves""},{""type"":""rally"",""score"":""12 : 13"",""speed"":""58.4 km/h"",""res"":""Błąd: G. Graves""},{""type"":""rally"",""score"":""12 : 12"",""speed"":""-"",""res"":""Błąd: I. Iliev""},{""type"":""rally"",""score"":""12 : 11"",""speed"":""75.9 km/h"",""res"":""Punkt: I. Iliev""},{""type"":""rally"",""score"":""11 : 11"",""speed"":""53.8 km/h"",""res"":""Punkt: G. Reynaud""},{""type"":""rally"",""score"":""10 : 11"",""speed"":""67.2 km/h"",""res"":""Punkt: S. Morère""},{""type"":""rally"",""score"":""10 : 10"",""speed"":""63.1 km/h"",""res"":""Punkt: J. Lachèvre""},{""type"":""rally"",""score"":""9 : 10"",""speed"":""63.5 km/h"",""res"":""Punkt: S. Burçak""},{""type"":""rally"",""score"":""9 : 9"",""speed"":""55.5 km/h"",""res"":""Punkt: I. Iliev""},{""type"":""rally"",""score"":""8 : 9"",""speed"":""63.9 km/h"",""res"":""Punkt: M. Jakimowicz""},{""type"":""rally"",""score"":""8 : 8"",""speed"":""48.6 km/h"",""res"":""Punkt: G. Reynaud""},{""type"":""tmo"",""score"":""7 : 8"",""txt"":""Czas dla: ""},{""type"":""rally"",""score"":""7 : 8"",""speed"":""54.7 km/h"",""res"":""Błąd: J. Lachèvre""},{""type"":""rally"",""score"":""7 : 7"",""speed"":""49.9 km/h"",""res"":""Punkt: M. Jakimowicz""},{""type"":""rally"",""score"":""7 : 6"",""speed"":""50.8 km/h"",""res"":""Punkt: G. Graves""},{""type"":""rally"",""score"":""6 : 6"",""speed"":""49.9 km/h"",""res"":""Punkt: F. Alkanalp""},{""type"":""rally"",""score"":""6 : 5"",""speed"":""53.8 km/h"",""res"":""Punkt: J. Lachèvre""},{""type"":""rally"",""score"":""5 : 5"",""speed"":""55.9 km/h"",""res"":""Punkt: M. Jakimowicz""},{""type"":""rally"",""score"":""5 : 4"",""speed"":""59.3 km/h"",""res"":""Punkt: F. Alkanalp""},{""type"":""rally"",""score"":""5 : 3"",""speed"":""56.6 km/h"",""res"":""Punkt: J. Lachèvre""},{""type"":""rally"",""score"":""4 : 3"",""speed"":""49.3 km/h"",""res"":""Punkt: F. Alkanalp""},{""type"":""rally"",""score"":""4 : 2"",""speed"":""46.1 km/h"",""res"":""Punkt: S. Morère""},{""type"":""tmo"",""score"":""4 : 1"",""txt"":""Czas dla: DragonGAYS Polska ""},{""type"":""rally"",""score"":""4 : 1"",""speed"":""64.4 km/h"",""res"":""Punkt: I. Iliev""},{""type"":""rally"",""score"":""3 : 1"",""speed"":""62.9 km/h"",""res"":""Punkt: J. Lachèvre""},{""type"":""rally"",""score"":""2 : 1"",""speed"":""69.2 km/h"",""res"":""Punkt: S. Burçak""},{""type"":""tmo"",""score"":""2 : 0"",""txt"":""Czas dla: DragonGAYS Polska ""},{""type"":""rally"",""score"":""2 : 0"",""speed"":""47.5 km/h"",""res"":""Błąd: M. Jakimowicz""},{""type"":""rally"",""score"":""1 : 0"",""speed"":""57.7 km/h"",""res"":""Punkt: I. Iliev""}]},{""rallies"":[{""type"":""end"",""score"":""20 : 25"",""txt"":""Koniec seta 1 : 1""},{""type"":""end"",""score"":""20 : 25"",""txt"":""Koniec seta 1 : 1""},{""type"":""rally"",""score"":""20 : 25"",""speed"":""52.8 km/h"",""res"":""Punkt: S. Morère""},{""type"":""rally"",""score"":""20 : 24"",""speed"":""57.5 km/h"",""res"":""Punkt: S. Morère""},{""type"":""rally"",""score"":""20 : 23"",""speed"":""59.2 km/h"",""res"":""Punkt: G. Reynaud""},{""type"":""rally"",""score"":""19 : 23"",""speed"":""58.2 km/h"",""res"":""Punkt: I. Iliev""},{""type"":""rally"",""score"":""18 : 23"",""speed"":""54.3 km/h"",""res"":""Punkt: S. Hądzlik""},{""type"":""rally"",""score"":""18 : 22"",""speed"":""56.2 km/h"",""res"":""Punkt: S. Burçak""},{""type"":""rally"",""score"":""18 : 21"",""speed"":""75.6 km/h"",""res"":""Punkt: S. Burçak""},{""type"":""rally"",""score"":""18 : 20"",""speed"":""58.6 km/h"",""res"":""Błąd: S. Burçak""},{""type"":""rally"",""score"":""17 : 20"",""speed"":""72.0 km/h"",""res"":""Punkt: S. Burçak""},{""type"":""rally"",""score"":""17 : 19"",""speed"":""44.6 km/h"",""res"":""Punkt: I. Iliev""},{""type"":""rally"",""score"":""16 : 19"",""speed"":""66.7 km/h"",""res"":""Punkt: F. Alkanalp""},{""type"":""rally"",""score"":""16 : 18"",""speed"":""44.9 km/h"",""res"":""Punkt: G. Graves""},{""type"":""rally"",""score"":""15 : 18"",""speed"":""53.7 km/h"",""res"":""Punkt: M. Jakimowicz""},{""type"":""rally"",""score"":""15 : 17"",""speed"":""60.8 km/h"",""res"":""Punkt: F. Alkanalp""},{""type"":""tmo"",""score"":""15 : 16"",""txt"":""Czas dla: ""},{""type"":""rally"",""score"":""15 : 16"",""speed"":""53.1 km/h"",""res"":""Błąd: G. Reynaud""},{""type"":""rally"",""score"":""15 : 15"",""speed"":""68.6 km/h"",""res"":""Punkt: T. Rosowski""},{""type"":""rally"",""score"":""14 : 15"",""speed"":""61.0 km/h"",""res"":""Punkt: J. Lachèvre""},{""type"":""rally"",""score"":""13 : 15"",""speed"":""57.9 km/h"",""res"":""Punkt: S. Morère""},{""type"":""rally"",""score"":""13 : 14"",""speed"":""57.5 km/h"",""res"":""Punkt: G. Graves""},{""type"":""rally"",""score"":""12 : 14"",""speed"":""41.1 km/h"",""res"":""Błąd: F. Alkanalp""},{""type"":""rally"",""score"":""11 : 14"",""speed"":""47.7 km/h"",""res"":""Punkt: F. Alkanalp""},{""type"":""rally"",""score"":""11 : 13"",""speed"":""66.0 km/h"",""res"":""Punkt: M. Jakimowicz""},{""type"":""rally"",""score"":""11 : 12"",""speed"":""-"",""res"":""Błąd: S. Hądzlik""},{""type"":""rally"",""score"":""10 : 12"",""speed"":""50.9 km/h"",""res"":""Punkt: M. Jakimowicz""},{""type"":""rally"",""score"":""10 : 11"",""speed"":""64.4 km/h"",""res"":""Punkt: M. Jakimowicz""},{""type"":""rally"",""score"":""10 : 10"",""speed"":""59.2 km/h"",""res"":""Punkt: J. Lachèvre""},{""type"":""rally"",""score"":""9 : 10"",""speed"":""52.0 km/h"",""res"":""Punkt: S. Burçak""},{""type"":""rally"",""score"":""9 : 9"",""speed"":""51.1 km/h"",""res"":""Punkt: I. Iliev""},{""type"":""rally"",""score"":""8 : 9"",""speed"":""-"",""res"":""Błąd: G. Graves""},{""type"":""rally"",""score"":""8 : 8"",""speed"":""52.6 km/h"",""res"":""Błąd: M. Jakimowicz""},{""type"":""rally"",""score"":""7 : 8"",""speed"":""69.8 km/h"",""res"":""Punkt: G. Reynaud""},{""type"":""rally"",""score"":""6 : 8"",""speed"":""62.3 km/h"",""res"":""Punkt: G. Graves""},{""type"":""tmo"",""score"":""5 : 8"",""txt"":""Czas dla: ""},{""type"":""rally"",""score"":""5 : 8"",""speed"":""47.5 km/h"",""res"":""Punkt: S. Hądzlik""},{""type"":""rally"",""score"":""5 : 7"",""speed"":""-"",""res"":""Błąd: J. Lachèvre""},{""type"":""rally"",""score"":""5 : 6"",""speed"":""76.3 km/h"",""res"":""Punkt: J. Lachèvre""},{""type"":""rally"",""score"":""4 : 6"",""speed"":""46.3 km/h"",""res"":""Punkt: T. Rosowski""},{""type"":""rally"",""score"":""3 : 6"",""speed"":""51.3 km/h"",""res"":""Punkt: S. Morère""},{""type"":""rally"",""score"":""3 : 5"",""speed"":""53.4 km/h"",""res"":""Punkt: J. Lachèvre""},{""type"":""tmo"",""score"":""2 : 5"",""txt"":""Czas dla: Kotwica Kołobrzeg ""},{""type"":""rally"",""score"":""2 : 5"",""speed"":""43.0 km/h"",""res"":""Punkt: M. Jakimowicz""},{""type"":""rally"",""score"":""2 : 4"",""speed"":""45.1 km/h"",""res"":""Punkt: S. Burçak""},{""type"":""rally"",""score"":""2 : 3"",""speed"":""46.6 km/h"",""res"":""Błąd: T. Rosowski""},{""type"":""rally"",""score"":""2 : 2"",""speed"":""50.3 km/h"",""res"":""Punkt: S. Morère""},{""type"":""rally"",""score"":""2 : 1"",""speed"":""42.5 km/h"",""res"":""Punkt: T. Rosowski""},{""type"":""rally"",""score"":""1 : 1"",""speed"":""48.9 km/h"",""res"":""Punkt: S. Burçak""},{""type"":""rally"",""score"":""1 : 0"",""speed"":""51.5 km/h"",""res"":""Błąd: M. Jakimowicz""}]},{""rallies"":[{""type"":""end"",""score"":""25 : 22"",""txt"":""Koniec seta 2 : 1""},{""type"":""end"",""score"":""25 : 22"",""txt"":""Koniec seta 2 : 1""},{""type"":""rally"",""score"":""25 : 22"",""speed"":""51.4 km/h"",""res"":""Punkt: J. Lachèvre""},{""type"":""rally"",""score"":""24 : 22"",""speed"":""52.4 km/h"",""res"":""Punkt: F. Alkanalp""},{""type"":""rally"",""score"":""24 : 21"",""speed"":""60.3 km/h"",""res"":""Błąd: G. Reynaud""},{""type"":""rally"",""score"":""24 : 20"",""speed"":""50.5 km/h"",""res"":""Punkt: I. Iliev""},{""type"":""rally"",""score"":""23 : 20"",""speed"":""59.4 km/h"",""res"":""Punkt: S. Burçak""},{""type"":""rally"",""score"":""23 : 19"",""speed"":""60.5 km/h"",""res"":""Punkt: T. Rosowski""},{""type"":""rally"",""score"":""22 : 19"",""speed"":""56.5 km/h"",""res"":""Punkt: M. Jakimowicz""},{""type"":""rally"",""score"":""22 : 18"",""speed"":""54.6 km/h"",""res"":""Punkt: G. Reynaud""},{""type"":""rally"",""score"":""21 : 18"",""speed"":""57.8 km/h"",""res"":""Punkt: S. Kesyakov""},{""type"":""rally"",""score"":""21 : 17"",""speed"":""56.8 km/h"",""res"":""Punkt: S. Burçak""},{""type"":""rally"",""score"":""21 : 16"",""speed"":""45.8 km/h"",""res"":""Punkt: G. Graves""},{""type"":""rally"",""score"":""20 : 16"",""speed"":""60.0 km/h"",""res"":""Punkt: G. Reynaud""},{""type"":""rally"",""score"":""19 : 16"",""speed"":""45.1 km/h"",""res"":""Błąd: M. Jakimowicz""},{""type"":""rally"",""score"":""18 : 16"",""speed"":""55.1 km/h"",""res"":""Punkt: M. Jakimowicz""},{""type"":""rally"",""score"":""18 : 15"",""speed"":""76.2 km/h"",""res"":""Punkt: S. Morère""},{""type"":""rally"",""score"":""18 : 14"",""speed"":""42.8 km/h"",""res"":""Punkt: J. Lachèvre""},{""type"":""rally"",""score"":""17 : 14"",""speed"":""47.9 km/h"",""res"":""Punkt: S. Morère""},{""type"":""rally"",""score"":""17 : 13"",""speed"":""57.6 km/h"",""res"":""Punkt: J. Lachèvre""},{""type"":""tmo"",""score"":""16 : 13"",""txt"":""Czas dla: ""},{""type"":""rally"",""score"":""16 : 13"",""speed"":""47.4 km/h"",""res"":""Punkt: T. Rosowski""},{""type"":""rally"",""score"":""15 : 13"",""speed"":""54.8 km/h"",""res"":""Punkt: M. Jakimowicz""},{""type"":""rally"",""score"":""15 : 12"",""speed"":""57.3 km/h"",""res"":""Punkt: S. Morère""},{""type"":""rally"",""score"":""15 : 11"",""speed"":""65.4 km/h"",""res"":""Punkt: J. Lachèvre""},{""type"":""tmo"",""score"":""14 : 11"",""txt"":""Czas dla: DragonGAYS Polska ""},{""type"":""rally"",""score"":""14 : 11"",""speed"":""71.0 km/h"",""res"":""Punkt: G. Graves""},{""type"":""rally"",""score"":""13 : 11"",""speed"":""52.1 km/h"",""res"":""Punkt: T. Rosowski""},{""type"":""rally"",""score"":""12 : 11"",""speed"":""-"",""res"":""Błąd: G. Reynaud""},{""type"":""rally"",""score"":""12 : 10"",""speed"":""53.6 km/h"",""res"":""Punkt: I. Iliev""},{""type"":""rally"",""score"":""11 : 10"",""speed"":""57.5 km/h"",""res"":""Punkt: I. Iliev""},{""type"":""rally"",""score"":""10 : 10"",""speed"":""53.1 km/h"",""res"":""Punkt: I. Iliev""},{""type"":""rally"",""score"":""9 : 10"",""speed"":""69.1 km/h"",""res"":""Punkt: G. Reynaud""},{""type"":""rally"",""score"":""8 : 10"",""speed"":""45.3 km/h"",""res"":""Punkt: J. Lachèvre""},{""type"":""rally"",""score"":""7 : 10"",""speed"":""61.6 km/h"",""res"":""Punkt: M. Jakimowicz""},{""type"":""rally"",""score"":""7 : 9"",""speed"":""59.5 km/h"",""res"":""Punkt: T. Rosowski""},{""type"":""rally"",""score"":""6 : 9"",""speed"":""47.4 km/h"",""res"":""Punkt: M. Jakimowicz""},{""type"":""tmo"",""score"":""6 : 8"",""txt"":""Czas dla: ""},{""type"":""rally"",""score"":""6 : 8"",""speed"":""72.5 km/h"",""res"":""Błąd: I. Iliev""},{""type"":""rally"",""score"":""6 : 7"",""speed"":""52.0 km/h"",""res"":""Punkt: J. Lachèvre""},{""type"":""rally"",""score"":""5 : 7"",""speed"":""54.6 km/h"",""res"":""Punkt: F. Alkanalp""},{""type"":""rally"",""score"":""5 : 6"",""speed"":""61.9 km/h"",""res"":""Punkt: T. Rosowski""},{""type"":""rally"",""score"":""4 : 6"",""speed"":""52.1 km/h"",""res"":""Punkt: S. Morère""},{""type"":""rally"",""score"":""4 : 5"",""speed"":""60.6 km/h"",""res"":""Punkt: G. Graves""},{""type"":""rally"",""score"":""3 : 5"",""speed"":""66.4 km/h"",""res"":""Punkt: M. Jakimowicz""},{""type"":""rally"",""score"":""3 : 4"",""speed"":""44.1 km/h"",""res"":""Punkt: G. Reynaud""},{""type"":""rally"",""score"":""2 : 4"",""speed"":""44.4 km/h"",""res"":""Punkt: M. Jakimowicz""},{""type"":""rally"",""score"":""2 : 3"",""speed"":""47.9 km/h"",""res"":""Punkt: S. Morère""},{""type"":""rally"",""score"":""2 : 2"",""speed"":""54.8 km/h"",""res"":""Błąd: S. Morère""},{""type"":""rally"",""score"":""1 : 2"",""speed"":""62.0 km/h"",""res"":""Punkt: S. Morère""},{""type"":""rally"",""score"":""1 : 1"",""speed"":""60.1 km/h"",""res"":""Punkt: S. Morère""},{""type"":""rally"",""score"":""1 : 0"",""speed"":""63.6 km/h"",""res"":""Błąd: S. Burçak""}]},{""rallies"":[{""type"":""end"",""score"":""25 : 22"",""txt"":""Koniec seta 3 : 1""},{""type"":""end"",""score"":""25 : 22"",""txt"":""Koniec seta 3 : 1""},{""type"":""rally"",""score"":""25 : 22"",""speed"":""63.0 km/h"",""res"":""Punkt: J. Lachèvre""},{""type"":""rally"",""score"":""24 : 22"",""speed"":""54.3 km/h"",""res"":""Punkt: T. Rosowski""},{""type"":""rally"",""score"":""23 : 22"",""speed"":""55.2 km/h"",""res"":""Punkt: T. Rosowski""},{""type"":""rally"",""score"":""22 : 22"",""speed"":""45.6 km/h"",""res"":""Punkt: S. Morère""},{""type"":""rally"",""score"":""22 : 21"",""speed"":""53.7 km/h"",""res"":""Punkt: S. Burçak""},{""type"":""rally"",""score"":""22 : 20"",""speed"":""-"",""res"":""Błąd: S. Kesyakov""},{""type"":""rally"",""score"":""21 : 20"",""speed"":""57.0 km/h"",""res"":""Punkt: S. Burçak""},{""type"":""rally"",""score"":""21 : 19"",""speed"":""57.6 km/h"",""res"":""Punkt: T. Rosowski""},{""type"":""rally"",""score"":""20 : 19"",""speed"":""53.7 km/h"",""res"":""Błąd: T. Rosowski""},{""type"":""rally"",""score"":""20 : 18"",""speed"":""54.1 km/h"",""res"":""Punkt: S. Hądzlik""},{""type"":""rally"",""score"":""20 : 17"",""speed"":""49.6 km/h"",""res"":""Punkt: G. Graves""},{""type"":""rally"",""score"":""19 : 17"",""speed"":""48.4 km/h"",""res"":""Błąd: G. Reynaud""},{""type"":""rally"",""score"":""19 : 16"",""speed"":""54.4 km/h"",""res"":""Punkt: F. Alkanalp""},{""type"":""rally"",""score"":""19 : 15"",""speed"":""68.5 km/h"",""res"":""Punkt: S. Morère""},{""type"":""rally"",""score"":""19 : 14"",""speed"":""57.0 km/h"",""res"":""Błąd: M. Jakimowicz""},{""type"":""rally"",""score"":""18 : 14"",""speed"":""52.7 km/h"",""res"":""Punkt: S. Rousseau""},{""type"":""rally"",""score"":""17 : 14"",""speed"":""48.0 km/h"",""res"":""Punkt: F. Alkanalp""},{""type"":""rally"",""score"":""17 : 13"",""speed"":""-"",""res"":""Błąd: T. Rosowski""},{""type"":""rally"",""score"":""17 : 12"",""speed"":""47.5 km/h"",""res"":""Punkt: J. Lachèvre""},{""type"":""tmo"",""score"":""16 : 12"",""txt"":""Czas dla: ""},{""type"":""rally"",""score"":""16 : 12"",""speed"":""45.6 km/h"",""res"":""Punkt: J. Lachèvre""},{""type"":""tmo"",""score"":""15 : 12"",""txt"":""Czas dla: DragonGAYS Polska ""},{""type"":""rally"",""score"":""15 : 12"",""speed"":""56.0 km/h"",""res"":""Punkt: J. Lachèvre""},{""type"":""rally"",""score"":""14 : 12"",""speed"":""53.7 km/h"",""res"":""Punkt: G. Graves""},{""type"":""rally"",""score"":""13 : 12"",""speed"":""51.0 km/h"",""res"":""Punkt: G. Graves""},{""type"":""rally"",""score"":""12 : 12"",""speed"":""46.1 km/h"",""res"":""Punkt: G. Graves""},{""type"":""rally"",""score"":""11 : 12"",""speed"":""74.8 km/h"",""res"":""Punkt: S. Morère""},{""type"":""rally"",""score"":""11 : 11"",""speed"":""47.7 km/h"",""res"":""Punkt: J. Lachèvre""},{""type"":""rally"",""score"":""10 : 11"",""speed"":""52.0 km/h"",""res"":""Błąd: J. Lachèvre""},{""type"":""rally"",""score"":""10 : 10"",""speed"":""46.2 km/h"",""res"":""Punkt: M. Jakimowicz""},{""type"":""rally"",""score"":""10 : 9"",""speed"":""58.2 km/h"",""res"":""Punkt: S. Burçak""},{""type"":""rally"",""score"":""10 : 8"",""speed"":""53.3 km/h"",""res"":""Punkt: G. Reynaud""},{""type"":""rally"",""score"":""9 : 8"",""speed"":""58.6 km/h"",""res"":""Punkt: G. Reynaud""},{""type"":""rally"",""score"":""8 : 8"",""speed"":""-"",""res"":""Błąd: S. Rousseau""},{""type"":""tmo"",""score"":""8 : 7"",""txt"":""Czas dla: ""},{""type"":""rally"",""score"":""8 : 7"",""speed"":""51.8 km/h"",""res"":""Punkt: G. Reynaud""},{""type"":""rally"",""score"":""7 : 7"",""speed"":""55.8 km/h"",""res"":""Punkt: F. Alkanalp""},{""type"":""rally"",""score"":""7 : 6"",""speed"":""47.8 km/h"",""res"":""Punkt: J. Lachèvre""},{""type"":""rally"",""score"":""6 : 6"",""speed"":""60.7 km/h"",""res"":""Błąd: S. Rousseau""},{""type"":""rally"",""score"":""6 : 5"",""speed"":""62.8 km/h"",""res"":""Błąd: S. Morère""},{""type"":""rally"",""score"":""5 : 5"",""speed"":""53.6 km/h"",""res"":""Punkt: M. Jakimowicz""},{""type"":""rally"",""score"":""5 : 4"",""speed"":""49.2 km/h"",""res"":""Punkt: S. Morère""},{""type"":""rally"",""score"":""5 : 3"",""speed"":""48.0 km/h"",""res"":""Punkt: G. Graves""},{""type"":""rally"",""score"":""4 : 3"",""speed"":""-"",""res"":""Błąd: I. Iliev""},{""type"":""rally"",""score"":""4 : 2"",""speed"":""56.7 km/h"",""res"":""Punkt: T. Rosowski""},{""type"":""rally"",""score"":""3 : 2"",""speed"":""58.2 km/h"",""res"":""Punkt: J. Lachèvre""},{""type"":""rally"",""score"":""2 : 2"",""speed"":""50.0 km/h"",""res"":""Punkt: T. Rosowski""},{""type"":""rally"",""score"":""1 : 2"",""speed"":""47.5 km/h"",""res"":""Punkt: S. Burçak""},{""type"":""rally"",""score"":""1 : 1"",""speed"":""56.2 km/h"",""res"":""Punkt: S. Hądzlik""},{""type"":""rally"",""score"":""1 : 0"",""speed"":""-"",""res"":""Błąd: S. Kesyakov""}]}]}","2","11","0","1","1","2","14","73","1","0","10","1","0","4","72","59.9","0","0","0","0","0","0","0","0","0","0","0","0","0","0","0","0","0","0","0","0","0","0","0","0","0","0","0","0","0","0","53","16","4","8","74","155","0","0","0","0","0","10","4","1","1","3","1","3","0","1","0","1","1","4","35","32","36","35","0","bulk-1.27-teamid-from-league-list","0","0","0"
"3.3","Kotwica Kołobrzeg vs DragonGAYS Polska 3:1","1126259","2026-06-30 17:00","Milenium MOSIR","Kotwica Kołobrzeg","128801","Reynaud, Gérard","1903450","16","5","19","1","0","75.6","45","6","14","31","18","27","13","9","14","7","59","35","4","89","12","34","2","34","70","0","0","0","0","0","0","0","46.8","","7","9","0","5","0","0","34","70","2","1","29","0","1","5","75.6","58.7","0","1","0","0","3","4","0","0","1","2","2","5","5","1","0","0","8","14","0","0","0","0","0","0","7","1","2","0","12","22","0","0","0","0","0","0","5","9","10","7","31","9","4","1","1","3","0","7","2","1","0","3","1","4","23","22","24","22","0","bulk-1.27-teamid-from-league-list","0","0","0"
"3.3","Kotwica Kołobrzeg vs DragonGAYS Polska 3:1","1126259","2026-06-30 17:00","Milenium MOSIR","Kotwica Kołobrzeg","128801","Iliev, Ivan","1904138","12","6","19","2","1","74.8","17","4","5","29","6","10","6","3","4","2","50","0","0","0","0","0","6","61","85","1","0","4","1","0","1","2","27.4","","1","1","0","2","1","1","61","85","5","1","55","1","0","6","75.9","61.7","1","1","0","0","0","2","0","0","1","0","0","1","0","0","0","0","0","0","4","0","2","0","8","14","0","0","0","0","0","0","1","0","0","1","2","4","0","0","0","0","0","3","2","0","0","1","0","2","1","0","0","1","0","4","11","9","11","9","0","bulk-1.27-teamid-from-league-list","0","0","0"
"3.3","Kotwica Kołobrzeg vs DragonGAYS Polska 3:1","1126259","2026-06-30 17:00","Milenium MOSIR","Kotwica Kołobrzeg","128801","Rosowski, Tadeusz","1975436","19","13","19","1","1","57.9","41","5","16","39","27","18","13","8","5","3","61","0","0","0","0","0","2","38","100","0","0","0","0","0","0","0","45.5","","3","4","0","1","0","0","38","100","1","2","36","1","0","2","57.9","50.9","4","1","0","0","9","14","1","1","2","1","1","6","6","0","0","0","8","14","0","0","0","0","0","0","4","0","1","0","2","7","0","0","0","0","0","0","0","0","0","0","0","8","4","1","1","1","1","3","0","0","1","2","0","4","17","12","14","22","0","bulk-1.27-teamid-from-league-list","0","0","0"
"3.3","Kotwica Kołobrzeg vs DragonGAYS Polska 3:1","1126259","2026-06-30 17:00","Milenium MOSIR","Kotwica Kołobrzeg","128801","Lachèvre, Jean-Claude","1745017","24","11","11","2","1","76.2","46","10","19","41","20","18","11","5","7","2","39","29","1","97","7","24","4","34","103","0","0","0","0","0","0","0","56.8","","1","4","0","2","1","1","34","103","4","0","30","0","0","4","76.3","62.8","0","1","0","0","1","2","1","0","2","1","1","5","11","1","3","0","8","23","0","0","0","0","0","0","6","0","3","0","7","16","0","0","0","0","0","0","7","11","7","3","28","5","3","1","0","0","1","2","0","1","1","0","0","4","18","16","24","21","0","bulk-1.27-teamid-from-league-list","0","0","0"
"3.3","Kotwica Kołobrzeg vs DragonGAYS Polska 3:1","1126259","2026-06-30 17:00","Milenium MOSIR","Kotwica Kołobrzeg","128801","Graves, Gérard","1905584","14","11","13","1","1","72.5","19","2","7","37","26","4","2","1","2","1","50","0","0","0","0","0","6","59","88","0","0","1","0","1","0","0","37.4","","0","0","1","2","0","0","59","88","6","1","53","0","0","6","72.5","61.3","1","0","0","0","4","5","1","0","1","0","0","2","0","0","0","0","0","0","5","1","0","0","6","12","0","0","0","0","0","0","0","0","0","0","1","1","0","0","0","0","0","1","1","0","0","0","0","1","0","0","0","0","1","4","8","10","8","8","0","bulk-1.27-teamid-from-league-list","0","0","0"
"3.3","Kotwica Kołobrzeg vs DragonGAYS Polska 3:1","1126259","2026-06-30 17:00","Milenium MOSIR","Kotwica Kołobrzeg","128801","Wolna, Karol","1951306","0","0","0","0","0","0","0","0","0","0","0","44","30","19","14","13","73","23","0","100","10","43","0","0","0","3","2","8","0","0","4","4","33.6","","13","14","0","0","0","0","0","0","0","0","0","0","0","0","0","0","0","0","0","0","0","0","0","0","0","0","0","0","0","0","0","0","0","0","0","0","0","0","0","0","0","0","0","0","0","0","3","2","0","0","3","8","7","6","5","5","23","19","5","4","0","9","1","13","3","1","0","9","0","4","19","12","13","12","0","bulk-1.27-teamid-from-league-list","0","0","0"
"3.3","Kotwica Kołobrzeg vs DragonGAYS Polska 3:1","1126259","2026-06-30 17:00","Milenium MOSIR","DragonGAYS Polska","130705","Kesyakov, Stoyan","1685527","1","-2","13","3","1","59.5","0","0","0","0","0","30","23","15","7","4","63","0","0","0","0","0","0","29","67","52","16","154","32","61","40","21","13.6","","3","3","1","4","0","0","29","67","0","1","19","0","0","10","59.5","56","0","0","0","0","0","0","0","0","0","0","0","0","0","0","0","0","0","0","0","0","0","0","0","0","0","0","0","0","0","0","52","16","6","5","75","154","0","0","0","0","0","15","2","5","3","4","1","4","2","1","0","0","1","4","32","30","36","34","0","bulk-1.27-teamid-from-league-list","0","0","0"
"3.3","Kotwica Kołobrzeg vs DragonGAYS Polska 3:1","1126259","2026-06-30 17:00","Milenium MOSIR","DragonGAYS Polska","130705","Hądzlik, Szymon","2004139","4","1","21","1","1","63.1","8","2","2","25","0","34","25","13","9","3","47","28","0","100","12","43","1","23","61","0","0","0","0","0","0","0","33.6","","2","3","0","5","1","1","23","61","1","0","12","0","1","11","63.1","52.8","1","0","0","0","2","3","0","0","2","0","1","3","1","0","0","0","0","1","0","0","0","0","0","0","0","0","0","0","1","1","0","0","0","0","0","0","6","14","4","4","28","13","7","0","0","4","2","3","2","0","0","1","0","4","16","18","18","21","0","bulk-1.27-teamid-from-league-list","0","0","0"
"3.3","Kotwica Kołobrzeg vs DragonGAYS Polska 3:1","1126259","2026-06-30 17:00","Milenium MOSIR","DragonGAYS Polska","130705","Burçak, Sertaç","1904459","20","15","17","0","1","56.6","30","5","12","40","23","10","4","0","6","3","30","0","0","0","0","0","7","54","85","0","3","5","0","1","4","0","46.3","","0","0","1","3","2","3","54","85","4","0","32","3","1","22","56.6","48.2","3","1","1","0","3","8","0","0","3","0","0","3","0","0","0","0","0","0","8","0","0","1","10","19","0","0","0","0","0","0","0","3","0","1","1","5","0","0","0","0","0","0","0","0","0","0","0","3","1","0","0","1","1","4","14","17","13","9","0","bulk-1.27-teamid-from-league-list","0","0","0"
"3.3","Kotwica Kołobrzeg vs DragonGAYS Polska 3:1","1126259","2026-06-30 17:00","Milenium MOSIR","DragonGAYS Polska","130705","Jakimowicz, Mateusz","1864396","22","13","16","0","2","62.8","61","9","18","30","15","25","15","7","10","5","48","0","0","0","0","0","2","47","101","0","0","0","0","0","0","0","45.1","","5","7","0","3","0","0","47","101","1","0","23","1","0","24","62.8","54.4","4","2","0","0","10","16","3","1","3","1","0","8","8","0","0","1","19","28","0","0","0","0","0","0","1","2","1","0","5","9","0","0","0","0","0","0","0","0","0","0","0","7","1","1","0","2","3","5","1","2","0","1","1","4","21","17","21","17","0","bulk-1.27-teamid-from-league-list","0","0","0"
"3.3","Kotwica Kołobrzeg vs DragonGAYS Polska 3:1","1126259","2026-06-30 17:00","Milenium MOSIR","DragonGAYS Polska","130705","Morère, Steven","1744631","25","12","13","0","0","62.3","54","10","23","43","24","20","14","6","6","3","45","47","3","94","17","36","2","58","107","0","0","0","0","0","0","0","66.2","","1","2","0","0","2","4","58","107","1","0","32","1","0","26","62.3","51.6","6","1","1","0","7","15","4","0","5","3","2","14","9","0","3","0","10","22","0","0","0","0","0","0","1","0","0","0","2","3","0","0","0","0","0","0","9","22","10","3","44","6","1","1","0","4","0","3","2","0","0","1","0","4","24","22","26","27","0","bulk-1.27-teamid-from-league-list","0","0","0"
"3.3","Kotwica Kołobrzeg vs DragonGAYS Polska 3:1","1126259","2026-06-30 17:00","Milenium MOSIR","DragonGAYS Polska","130705","Alkanalp, Fahir","1976201","12","8","11","0","0","57.6","20","4","6","30","10","9","4","2","5","1","33","0","0","0","0","0","6","52","83","0","0","0","0","0","0","0","28","","0","0","1","5","0","0","52","83","5","0","29","1","1","23","57.6","50.7","2","1","0","0","5","8","0","0","3","0","2","5","0","0","0","0","0","0","4","0","0","0","3","7","0","0","0","0","0","0","0","0","0","0","0","0","0","0","0","0","0","2","1","0","1","0","0","1","1","0","0","0","0","4","8","8","7","10","0","bulk-1.27-teamid-from-league-list","0","0","0"
"3.3","Kotwica Kołobrzeg vs DragonGAYS Polska 3:1","1126259","2026-06-30 17:00","Milenium MOSIR","DragonGAYS Polska","130705","Kütt, Martin","1929606","0","-1","0","0","0","0","0","0","0","0","0","42","29","20","13","9","69","11","1","91","2","18","0","0","0","3","3","14","0","4","7","3","22.4","","6","8","2","4","1","1","0","0","0","0","0","0","0","0","0","0","0","0","0","0","0","0","0","0","0","0","0","0","0","0","0","0","0","0","0","0","0","0","0","0","0","0","0","0","0","0","3","3","0","2","6","14","4","4","1","1","10","20","6","1","1","11","1","9","1","3","0","3","2","4","14","10","12","14","0","bulk-1.27-teamid-from-league-list","0","0","0"
"3.3","Wierzeje vs Magic Volleyball 1:3","1126260","2026-06-30 17:00","Wierzeje ARENA","Wierzeje","141108","Métairie, Damien","1865782","5","5","13","0","2","71.6","3","0","0","0","0","22","11","5","11","3","36","0","0","0","0","0","3","21","66","30","33","128","23","46","45","14","20.2","{""sets"":[{""h"":20,""a"":25},{""h"":25,""a"":23},{""h"":13,""a"":25},{""h"":15,""a"":25}],""parsedSets"":[{""rallies"":[{""type"":""end"",""score"":""20 : 25"",""txt"":""Koniec seta 0 : 1""},{""type"":""end"",""score"":""20 : 25"",""txt"":""Koniec seta 0 : 1""},{""type"":""rally"",""score"":""20 : 25"",""speed"":""59.1 km/h"",""res"":""Punkt: M. Pietrzak""},{""type"":""rally"",""score"":""20 : 24"",""speed"":""50.6 km/h"",""res"":""Punkt: J. Kawala""},{""type"":""rally"",""score"":""20 : 23"",""speed"":""91.0 km/h"",""res"":""Punkt: T. Reczuch""},{""type"":""rally"",""score"":""20 : 22"",""speed"":""57.8 km/h"",""res"":""Punkt: A. Koźbiał""},{""type"":""rally"",""score"":""20 : 21"",""speed"":""49.7 km/h"",""res"":""Punkt: T. Grzela""},{""type"":""rally"",""score"":""19 : 21"",""speed"":""71.9 km/h"",""res"":""Punkt: A. Koźbiał""},{""type"":""rally"",""score"":""19 : 20"",""speed"":""77.3 km/h"",""res"":""Punkt: T. Grzela""},{""type"":""rally"",""score"":""18 : 20"",""speed"":""71.8 km/h"",""res"":""Punkt: T. Grzela""},{""type"":""rally"",""score"":""17 : 20"",""speed"":""51.9 km/h"",""res"":""Punkt: S. Gębuś""},{""type"":""rally"",""score"":""16 : 20"",""speed"":""49.1 km/h"",""res"":""Punkt: J. Kawala""},{""type"":""rally"",""score"":""16 : 19"",""speed"":""62.0 km/h"",""res"":""Punkt: A. Jaworski""},{""type"":""rally"",""score"":""16 : 18"",""speed"":""75.1 km/h"",""res"":""Punkt: M. Danilović""},{""type"":""rally"",""score"":""15 : 18"",""speed"":""48.2 km/h"",""res"":""Błąd: S. Gębuś""},{""type"":""rally"",""score"":""15 : 17"",""speed"":""42.5 km/h"",""res"":""Punkt: S. Gębuś""},{""type"":""rally"",""score"":""14 : 17"",""speed"":""66.5 km/h"",""res"":""Punkt: J. Kawala""},{""type"":""rally"",""score"":""14 : 16"",""speed"":""54.1 km/h"",""res"":""Punkt: V. Gerhold""},{""type"":""tmo"",""score"":""13 : 16"",""txt"":""Czas dla: ""},{""type"":""rally"",""score"":""13 : 16"",""speed"":""-"",""res"":""Błąd: V. Gerhold""},{""type"":""rally"",""score"":""13 : 15"",""speed"":""49.4 km/h"",""res"":""Punkt: M. Danilović""},{""type"":""rally"",""score"":""12 : 15"",""speed"":""95.7 km/h"",""res"":""Punkt: A. Koźbiał""},{""type"":""rally"",""score"":""12 : 14"",""speed"":""50.0 km/h"",""res"":""Punkt: T. Grzela""},{""type"":""rally"",""score"":""11 : 14"",""speed"":""62.3 km/h"",""res"":""Punkt: J. Kawala""},{""type"":""rally"",""score"":""11 : 13"",""speed"":""62.6 km/h"",""res"":""Błąd: M. Dębowski""},{""type"":""tmo"",""score"":""10 : 13"",""txt"":""Czas dla: Wierzeje""},{""type"":""rally"",""score"":""10 : 13"",""speed"":""56.2 km/h"",""res"":""Punkt: A. Koźbiał""},{""type"":""rally"",""score"":""10 : 12"",""speed"":""73.3 km/h"",""res"":""Punkt: J. Kawala""},{""type"":""rally"",""score"":""10 : 11"",""speed"":""72.1 km/h"",""res"":""Punkt: M. Pietrzak""},{""type"":""rally"",""score"":""10 : 10"",""speed"":""53.7 km/h"",""res"":""Punkt: A. Jaworski""},{""type"":""rally"",""score"":""10 : 9"",""speed"":""76.8 km/h"",""res"":""Punkt: S. Gębuś""},{""type"":""rally"",""score"":""9 : 9"",""speed"":""74.0 km/h"",""res"":""Punkt: M. Pietrzak""},{""type"":""rally"",""score"":""9 : 8"",""speed"":""50.0 km/h"",""res"":""Punkt: A. Jaworski""},{""type"":""rally"",""score"":""9 : 7"",""speed"":""57.8 km/h"",""res"":""Błąd: T. Reczuch""},{""type"":""rally"",""score"":""8 : 7"",""speed"":""70.9 km/h"",""res"":""Punkt: J. Kawala""},{""type"":""tmo"",""score"":""8 : 6"",""txt"":""Czas dla: ""},{""type"":""rally"",""score"":""8 : 6"",""speed"":""53.1 km/h"",""res"":""Punkt: S. Gębuś""},{""type"":""rally"",""score"":""7 : 6"",""speed"":""48.0 km/h"",""res"":""Punkt: M. Danilović""},{""type"":""rally"",""score"":""6 : 6"",""speed"":""63.3 km/h"",""res"":""Punkt: T. Reczuch""},{""type"":""rally"",""score"":""6 : 5"",""speed"":""53.3 km/h"",""res"":""Punkt: J. Kawala""},{""type"":""rally"",""score"":""6 : 4"",""speed"":""50.7 km/h"",""res"":""Punkt: T. Grzela""},{""type"":""rally"",""score"":""5 : 4"",""speed"":""44.8 km/h"",""res"":""Punkt: T. Grzela""},{""type"":""rally"",""score"":""4 : 4"",""speed"":""46.8 km/h"",""res"":""Punkt: M. Pietrzak""},{""type"":""rally"",""score"":""4 : 3"",""speed"":""59.5 km/h"",""res"":""Błąd: J. Kawala""},{""type"":""rally"",""score"":""3 : 3"",""speed"":""68.2 km/h"",""res"":""Punkt: J. Kawala""},{""type"":""rally"",""score"":""3 : 2"",""speed"":""79.6 km/h"",""res"":""Punkt: S. Gębuś""},{""type"":""rally"",""score"":""2 : 2"",""speed"":""66.5 km/h"",""res"":""Punkt: M. Pietrzak""},{""type"":""rally"",""score"":""2 : 1"",""speed"":""58.9 km/h"",""res"":""Błąd: T. Reczuch""},{""type"":""rally"",""score"":""1 : 1"",""speed"":""68.0 km/h"",""res"":""Punkt: T. Reczuch""},{""type"":""rally"",""score"":""1 : 0"",""speed"":""60.1 km/h"",""res"":""Punkt: M. Danilović""}]},{""rallies"":[{""type"":""end"",""score"":""25 : 23"",""txt"":""Koniec seta 1 : 1""},{""type"":""end"",""score"":""25 : 23"",""txt"":""Koniec seta 1 : 1""},{""type"":""rally"",""score"":""25 : 23"",""speed"":""85.3 km/h"",""res"":""Punkt: T. Grzela""},{""type"":""rally"",""score"":""24 : 23"",""speed"":""57.4 km/h"",""res"":""Punkt: T. Grzela""},{""type"":""rally"",""score"":""23 : 23"",""speed"":""73.2 km/h"",""res"":""Punkt: T. Grzela""},{""type"":""rally"",""score"":""22 : 23"",""speed"":""54.6 km/h"",""res"":""Punkt: A. Koźbiał""},{""type"":""rally"",""score"":""22 : 22"",""speed"":""57.4 km/h"",""res"":""Punkt: A. Koźbiał""},{""type"":""rally"",""score"":""22 : 21"",""speed"":""66.6 km/h"",""res"":""Punkt: J. Kawala""},{""type"":""rally"",""score"":""22 : 20"",""speed"":""55.2 km/h"",""res"":""Punkt: S. Gębuś""},{""type"":""rally"",""score"":""21 : 20"",""speed"":""51.9 km/h"",""res"":""Punkt: J. Kawala""},{""type"":""rally"",""score"":""21 : 19"",""speed"":""63.4 km/h"",""res"":""Błąd: S. Gębuś""},{""type"":""rally"",""score"":""21 : 18"",""speed"":""57.4 km/h"",""res"":""Punkt: J. Kawala""},{""type"":""rally"",""score"":""21 : 17"",""speed"":""62.3 km/h"",""res"":""Błąd: J. Kawala""},{""type"":""rally"",""score"":""20 : 17"",""speed"":""48.5 km/h"",""res"":""Punkt: V. Gerhold""},{""type"":""rally"",""score"":""19 : 17"",""speed"":""51.7 km/h"",""res"":""Punkt: A. Jaworski""},{""type"":""rally"",""score"":""19 : 16"",""speed"":""61.3 km/h"",""res"":""Błąd: M. Pietrzak""},{""type"":""rally"",""score"":""18 : 16"",""speed"":""72.7 km/h"",""res"":""Punkt: M. Pietrzak""},{""type"":""rally"",""score"":""18 : 15"",""speed"":""48.8 km/h"",""res"":""Punkt: S. Gębuś""},{""type"":""rally"",""score"":""17 : 15"",""speed"":""75.8 km/h"",""res"":""Punkt: D. Métairie""},{""type"":""rally"",""score"":""16 : 15"",""speed"":""48.7 km/h"",""res"":""Błąd: T. Grzela""},{""type"":""rally"",""score"":""16 : 14"",""speed"":""62.0 km/h"",""res"":""Punkt: T. Reczuch""},{""type"":""tmo"",""score"":""16 : 13"",""txt"":""Czas dla: ""},{""type"":""rally"",""score"":""16 : 13"",""speed"":""51.9 km/h"",""res"":""Punkt: T. Grzela""},{""type"":""rally"",""score"":""15 : 13"",""speed"":""64.4 km/h"",""res"":""Punkt: T. Reczuch""},{""type"":""rally"",""score"":""15 : 12"",""speed"":""61.2 km/h"",""res"":""Punkt: T. Grzela""},{""type"":""rally"",""score"":""14 : 12"",""speed"":""66.4 km/h"",""res"":""Punkt: T. Reczuch""},{""type"":""rally"",""score"":""14 : 11"",""speed"":""80.2 km/h"",""res"":""Punkt: J. Kawala""},{""type"":""rally"",""score"":""14 : 10"",""speed"":""71.4 km/h"",""res"":""Punkt: A. Jaworski""},{""type"":""rally"",""score"":""14 : 9"",""speed"":""64.1 km/h"",""res"":""Punkt: S. Gębuś""},{""type"":""rally"",""score"":""13 : 9"",""speed"":""59.2 km/h"",""res"":""Punkt: M. Pietrzak""},{""type"":""rally"",""score"":""13 : 8"",""speed"":""62.0 km/h"",""res"":""Punkt: S. Gębuś""},{""type"":""rally"",""score"":""12 : 8"",""speed"":""85.6 km/h"",""res"":""Błąd: A. Jaworski""},{""type"":""chg"",""score"":""11 : 8"",""txt"":""Zmiana: J. Sztobryn ⇄ M. Dębowski""},{""type"":""rally"",""score"":""11 : 8"",""speed"":""56.0 km/h"",""res"":""Punkt: A. Jaworski""},{""type"":""rally"",""score"":""11 : 7"",""speed"":""71.6 km/h"",""res"":""Punkt: T. Reczuch""},{""type"":""rally"",""score"":""11 : 6"",""speed"":""60.9 km/h"",""res"":""Punkt: S. Gębuś""},{""type"":""rally"",""score"":""10 : 6"",""speed"":""57.0 km/h"",""res"":""Punkt: A. Koźbiał""},{""type"":""tmo"",""score"":""10 : 5"",""txt"":""Czas dla: Magic Volleyball""},{""type"":""rally"",""score"":""10 : 5"",""speed"":""44.8 km/h"",""res"":""Punkt: S. Gębuś""},{""type"":""rally"",""score"":""9 : 5"",""speed"":""62.1 km/h"",""res"":""Punkt: S. Gębuś""},{""type"":""tmo"",""score"":""8 : 5"",""txt"":""Czas dla: ""},{""type"":""rally"",""score"":""8 : 5"",""speed"":""72.6 km/h"",""res"":""Błąd: A. Koźbiał""},{""type"":""rally"",""score"":""7 : 5"",""speed"":""62.8 km/h"",""res"":""Punkt: T. Grzela""},{""type"":""rally"",""score"":""6 : 5"",""speed"":""-"",""res"":""Błąd: V. Gerhold""},{""type"":""rally"",""score"":""6 : 4"",""speed"":""82.9 km/h"",""res"":""Błąd: J. Kawala""},{""type"":""rally"",""score"":""5 : 4"",""speed"":""56.8 km/h"",""res"":""Punkt: M. Danilović""},{""type"":""rally"",""score"":""4 : 4"",""speed"":""60.5 km/h"",""res"":""Punkt: T. Reczuch""},{""type"":""rally"",""score"":""4 : 3"",""speed"":""73.6 km/h"",""res"":""Punkt: T. Grzela""},{""type"":""rally"",""score"":""3 : 3"",""speed"":""48.4 km/h"",""res"":""Błąd: A. Koźbiał""},{""type"":""rally"",""score"":""2 : 3"",""speed"":""67.9 km/h"",""res"":""Punkt: A. Jaworski""},{""type"":""rally"",""score"":""2 : 2"",""speed"":""-"",""res"":""Błąd: M. Pietrzak""},{""type"":""rally"",""score"":""1 : 2"",""speed"":""71.3 km/h"",""res"":""Punkt: A. Jaworski""},{""type"":""rally"",""score"":""1 : 1"",""speed"":""52.1 km/h"",""res"":""Punkt: S. Gębuś""},{""type"":""rally"",""score"":""0 : 1"",""speed"":""67.4 km/h"",""res"":""Punkt: T. Reczuch""}]},{""rallies"":[{""type"":""end"",""score"":""13 : 25"",""txt"":""Koniec seta 1 : 2""},{""type"":""end"",""score"":""13 : 25"",""txt"":""Koniec seta 1 : 2""},{""type"":""rally"",""score"":""13 : 25"",""speed"":""65.1 km/h"",""res"":""Błąd: Q. George""},{""type"":""chg"",""score"":""13 : 24"",""txt"":""Zmiana: W. Szczepański ⇄ J. Kawala""},{""type"":""rally"",""score"":""13 : 24"",""speed"":""56.7 km/h"",""res"":""Punkt: J. Kawala""},{""type"":""rally"",""score"":""13 : 23"",""speed"":""59.9 km/h"",""res"":""Punkt: J. Kawala""},{""type"":""rally"",""score"":""13 : 22"",""speed"":""60.4 km/h"",""res"":""Błąd: T. Grzela""},{""type"":""rally"",""score"":""13 : 21"",""speed"":""67.2 km/h"",""res"":""Punkt: J. Kawala""},{""type"":""rally"",""score"":""13 : 20"",""speed"":""73.1 km/h"",""res"":""Punkt: M. Pietrzak""},{""type"":""rally"",""score"":""13 : 19"",""speed"":""71.9 km/h"",""res"":""Punkt: D. Métairie""},{""type"":""rally"",""score"":""12 : 19"",""speed"":""67.2 km/h"",""res"":""Błąd: Z. Woźniak""},{""type"":""rally"",""score"":""11 : 19"",""speed"":""72.6 km/h"",""res"":""Punkt: J. Sztobryn""},{""type"":""rally"",""score"":""11 : 18"",""speed"":""46.2 km/h"",""res"":""Punkt: J. Kawala""},{""type"":""rally"",""score"":""11 : 17"",""speed"":""48.4 km/h"",""res"":""Punkt: S. Gębuś""},{""type"":""rally"",""score"":""10 : 17"",""speed"":""-"",""res"":""Błąd: M. Danilović""},{""type"":""rally"",""score"":""10 : 16"",""speed"":""-"",""res"":""Błąd: M. Pietrzak""},{""type"":""tmo"",""score"":""9 : 16"",""txt"":""Czas dla: ""},{""type"":""rally"",""score"":""9 : 16"",""speed"":""56.5 km/h"",""res"":""Punkt: M. Sommer""},{""type"":""rally"",""score"":""9 : 15"",""speed"":""56.0 km/h"",""res"":""Błąd: S. Gębuś""},{""type"":""rally"",""score"":""9 : 14"",""speed"":""70.8 km/h"",""res"":""Punkt: D. Métairie""},{""type"":""rally"",""score"":""8 : 14"",""speed"":""67.0 km/h"",""res"":""Punkt: D. Métairie""},{""type"":""rally"",""score"":""7 : 14"",""speed"":""54.3 km/h"",""res"":""Punkt: S. Gębuś""},{""type"":""chg"",""score"":""6 : 14"",""txt"":""Zmiana: M. Sommer ⇄ A. Jaworski""},{""type"":""rally"",""score"":""6 : 14"",""speed"":""65.4 km/h"",""res"":""Punkt: J. Kawala""},{""type"":""rally"",""score"":""6 : 13"",""speed"":""63.3 km/h"",""res"":""Błąd: S. Gębuś""},{""type"":""rally"",""score"":""6 : 12"",""speed"":""68.5 km/h"",""res"":""Punkt: J. Kawala""},{""type"":""rally"",""score"":""6 : 11"",""speed"":""55.5 km/h"",""res"":""Punkt: T. Grzela""},{""type"":""rally"",""score"":""5 : 11"",""speed"":""-"",""res"":""Błąd: V. Gerhold""},{""type"":""rally"",""score"":""5 : 10"",""speed"":""72.1 km/h"",""res"":""Punkt: T. Grzela""},{""type"":""rally"",""score"":""4 : 10"",""speed"":""85.8 km/h"",""res"":""Punkt: J. Kawala""},{""type"":""rally"",""score"":""4 : 9"",""speed"":""64.5 km/h"",""res"":""Punkt: T. Reczuch""},{""type"":""tmo"",""score"":""4 : 8"",""txt"":""Czas dla: ""},{""type"":""rally"",""score"":""4 : 8"",""speed"":""60.9 km/h"",""res"":""Punkt: A. Koźbiał""},{""type"":""rally"",""score"":""4 : 7"",""speed"":""48.3 km/h"",""res"":""Punkt: T. Grzela""},{""type"":""tmo"",""score"":""3 : 7"",""txt"":""Czas dla: Wierzeje""},{""type"":""rally"",""score"":""3 : 7"",""speed"":""45.2 km/h"",""res"":""Punkt: J. Kawala""},{""type"":""rally"",""score"":""3 : 6"",""speed"":""60.5 km/h"",""res"":""Punkt: A. Koźbiał""},{""type"":""rally"",""score"":""3 : 5"",""speed"":""63.3 km/h"",""res"":""Punkt: T. Reczuch""},{""type"":""rally"",""score"":""3 : 4"",""speed"":""64.9 km/h"",""res"":""Punkt: J. Kawala""},{""type"":""rally"",""score"":""3 : 3"",""speed"":""-"",""res"":""Błąd: A. Jaworski""},{""type"":""rally"",""score"":""2 : 3"",""speed"":""76.6 km/h"",""res"":""Punkt: M. Pietrzak""},{""type"":""rally"",""score"":""2 : 2"",""speed"":""45.2 km/h"",""res"":""Punkt: A. Jaworski""},{""type"":""rally"",""score"":""2 : 1"",""speed"":""59.7 km/h"",""res"":""Punkt: Q. George""},{""type"":""rally"",""score"":""1 : 1"",""speed"":""76.9 km/h"",""res"":""Punkt: M. Danilović""},{""type"":""chg"",""score"":""0 : 1"",""txt"":""Zmiana: J. Sztobryn ⇄ M. Dębowski""},{""type"":""rally"",""score"":""0 : 1"",""speed"":""68.3 km/h"",""res"":""Punkt: J. Kawala""}]},{""rallies"":[{""type"":""end"",""score"":""15 : 25"",""txt"":""Koniec seta 1 : 3""},{""type"":""end"",""score"":""15 : 25"",""txt"":""Koniec seta 1 : 3""},{""type"":""rally"",""score"":""15 : 25"",""speed"":""50.4 km/h"",""res"":""Punkt: A. Prieto""},{""type"":""rally"",""score"":""15 : 24"",""speed"":""65.5 km/h"",""res"":""Punkt: Q. George""},{""type"":""chg"",""score"":""14 : 24"",""txt"":""Zmiana: M. Dębowski ⇄ J. Sztobryn""},{""type"":""rally"",""score"":""14 : 24"",""speed"":""46.2 km/h"",""res"":""Błąd: S. Gębuś""},{""type"":""rally"",""score"":""14 : 23"",""speed"":""55.7 km/h"",""res"":""Punkt: M. Sommer""},{""type"":""rally"",""score"":""14 : 22"",""speed"":""-"",""res"":""Błąd: A. Koźbiał""},{""type"":""rally"",""score"":""13 : 22"",""speed"":""46.1 km/h"",""res"":""Punkt: M. Sommer""},{""type"":""rally"",""score"":""13 : 21"",""speed"":""63.7 km/h"",""res"":""Punkt: A. Koźbiał""},{""type"":""rally"",""score"":""13 : 20"",""speed"":""62.5 km/h"",""res"":""Punkt: T. Grzela""},{""type"":""rally"",""score"":""12 : 20"",""speed"":""46.3 km/h"",""res"":""Błąd: M. Danilović""},{""type"":""rally"",""score"":""12 : 19"",""speed"":""58.2 km/h"",""res"":""Punkt: W. Szczepański""},{""type"":""rally"",""score"":""12 : 18"",""speed"":""57.7 km/h"",""res"":""Punkt: M. Danilović""},{""type"":""rally"",""score"":""11 : 18"",""speed"":""50.2 km/h"",""res"":""Punkt: T. Grzela""},{""type"":""rally"",""score"":""10 : 18"",""speed"":""71.5 km/h"",""res"":""Punkt: W. Szczepański""},{""type"":""rally"",""score"":""10 : 17"",""speed"":""68.8 km/h"",""res"":""Punkt: W. Szczepański""},{""type"":""tmo"",""score"":""10 : 16"",""txt"":""Czas dla: ""},{""type"":""rally"",""score"":""10 : 16"",""speed"":""62.4 km/h"",""res"":""Punkt: M. Pietrzak""},{""type"":""rally"",""score"":""10 : 15"",""speed"":""56.3 km/h"",""res"":""Punkt: T. Grzela""},{""type"":""rally"",""score"":""9 : 15"",""speed"":""52.6 km/h"",""res"":""Punkt: W. Szczepański""},{""type"":""rally"",""score"":""9 : 14"",""speed"":""-"",""res"":""Błąd: S. Gębuś""},{""type"":""rally"",""score"":""9 : 13"",""speed"":""-"",""res"":""Błąd: M. Pietrzak""},{""type"":""rally"",""score"":""8 : 13"",""speed"":""48.2 km/h"",""res"":""Punkt: M. Sommer""},{""type"":""rally"",""score"":""8 : 12"",""speed"":""81.6 km/h"",""res"":""Punkt: S. Gębuś""},{""type"":""rally"",""score"":""7 : 12"",""speed"":""77.8 km/h"",""res"":""Punkt: M. Sommer""},{""type"":""rally"",""score"":""7 : 11"",""speed"":""65.7 km/h"",""res"":""Punkt: A. Prieto""},{""type"":""rally"",""score"":""7 : 10"",""speed"":""47.4 km/h"",""res"":""Punkt: S. Gębuś""},{""type"":""rally"",""score"":""6 : 10"",""speed"":""67.7 km/h"",""res"":""Punkt: M. Danilović""},{""type"":""rally"",""score"":""5 : 10"",""speed"":""53.8 km/h"",""res"":""Punkt: M. Sommer""},{""type"":""rally"",""score"":""5 : 9"",""speed"":""68.1 km/h"",""res"":""Punkt: M. Sommer""},{""type"":""tmo"",""score"":""5 : 8"",""txt"":""Czas dla: ""},{""type"":""rally"",""score"":""5 : 8"",""speed"":""51.9 km/h"",""res"":""Punkt: W. Szczepański""},{""type"":""chg"",""score"":""5 : 7"",""txt"":""Zmiana: A. Prieto ⇄ T. Reczuch""},{""type"":""rally"",""score"":""5 : 7"",""speed"":""85.5 km/h"",""res"":""Punkt: T. Grzela""},{""type"":""rally"",""score"":""4 : 7"",""speed"":""70.7 km/h"",""res"":""Punkt: A. Koźbiał""},{""type"":""rally"",""score"":""4 : 6"",""speed"":""68.8 km/h"",""res"":""Punkt: T. Grzela""},{""type"":""rally"",""score"":""3 : 6"",""speed"":""74.9 km/h"",""res"":""Punkt: M. Pietrzak""},{""type"":""rally"",""score"":""3 : 5"",""speed"":""65.0 km/h"",""res"":""Punkt: T. Grzela""},{""type"":""rally"",""score"":""2 : 5"",""speed"":""58.6 km/h"",""res"":""Punkt: A. Koźbiał""},{""type"":""rally"",""score"":""2 : 4"",""speed"":""42.8 km/h"",""res"":""Punkt: A. Koźbiał""},{""type"":""rally"",""score"":""2 : 3"",""speed"":""61.8 km/h"",""res"":""Punkt: M. Pietrzak""},{""type"":""rally"",""score"":""2 : 2"",""speed"":""-"",""res"":""Błąd: M. Pietrzak""},{""type"":""rally"",""score"":""1 : 2"",""speed"":""45.6 km/h"",""res"":""Punkt: W. Szczepański""},{""type"":""rally"",""score"":""1 : 1"",""speed"":""59.9 km/h"",""res"":""Punkt: T. Reczuch""},{""type"":""chg"",""score"":""1 : 0"",""txt"":""Zmiana: M. Sommer ⇄ A. Jaworski""},{""type"":""chg"",""score"":""1 : 0"",""txt"":""Zmiana: J. Sztobryn ⇄ M. Dębowski""},{""type"":""chg"",""score"":""1 : 0"",""txt"":""Zmiana: W. Szczepański ⇄ J. Kawala""},{""type"":""rally"",""score"":""1 : 0"",""speed"":""66.7 km/h"",""res"":""Punkt: S. Gębuś""}]}]}","3","8","0","3","0","0","21","66","2","1","17","1","0","4","71.6","60","0","0","0","0","3","3","0","0","0","0","0","0","0","0","0","0","0","0","0","0","0","0","0","0","0","0","0","0","0","0","30","33","9","8","48","128","0","0","0","0","0","5","2","3","0","0","0","3","0","1","0","1","1","4","31","35","31","29","0","bulk-1.27-teamid-from-league-list","0","0","0"
"3.3","Wierzeje vs Magic Volleyball 1:3","1126260","2026-06-30 17:00","Wierzeje ARENA","Wierzeje","141108","Danilović, Milan","1767929","8","3","14","1","0","71.3","13","4","3","23","-8","23","16","6","7","3","39","26","0","100","4","15","5","28","61","0","0","0","0","0","0","0","30.4","","1","3","1","3","1","1","28","61","5","2","23","0","0","5","71.3","58.3","0","1","0","0","0","1","0","0","2","0","0","2","1","0","0","0","1","2","0","0","0","0","0","0","2","0","1","0","5","8","0","0","0","0","0","0","4","11","11","0","26","6","1","2","0","3","0","3","2","1","0","0","0","4","16","17","14","20","0","bulk-1.27-teamid-from-league-list","0","0","0"
"3.3","Wierzeje vs Magic Volleyball 1:3","1126260","2026-06-30 17:00","Wierzeje ARENA","Wierzeje","141108","Gębuś, Sebastian","1725044","22","3","12","1","0","77.3","47","18","13","28","-11","9","5","0","4","1","11","0","0","0","0","0","9","38","74","1","2","4","0","1","1","2","23.2","","0","1","0","1","1","2","38","74","8","3","34","1","1","4","77.3","66.4","2","0","2","0","5","9","0","0","7","3","0","10","0","0","0","0","0","0","8","4","5","0","11","28","0","0","0","0","0","0","1","2","0","0","1","4","0","0","0","0","0","0","0","0","0","0","0","1","1","0","0","0","0","4","20","18","9","13","0","bulk-1.27-teamid-from-league-list","0","0","0"
"3.3","Wierzeje vs Magic Volleyball 1:3","1126260","2026-06-30 17:00","Wierzeje ARENA","Wierzeje","141108","George, Quinton","1745268","3","-1","13","0","0","95.7","10","4","1","10","-30","19","14","2","5","4","32","0","0","0","0","0","2","19","81","0","0","0","0","0","0","0","5.2","","2","3","1","1","1","1","19","81","1","0","17","1","0","2","95.7","68.1","0","0","0","0","2","2","0","0","0","0","0","0","1","0","1","0","0","2","0","0","0","0","0","0","0","1","2","0","3","6","0","0","0","0","0","0","0","0","0","0","0","1","1","0","0","0","0","3","0","1","2","0","0","4","9","9","10","5","0","bulk-1.27-teamid-from-league-list","0","0","0"
"3.3","Wierzeje vs Magic Volleyball 1:3","1126260","2026-06-30 17:00","Wierzeje ARENA","Wierzeje","141108","Gerhold, Viktor","1928207","3","-6","10","3","0","82.9","10","3","3","30","0","23","14","7","9","3","43","38","3","92","11","29","0","21","86","0","0","0","0","0","0","0","17.7","","2","3","1","6","0","0","21","86","0","0","15","0","0","6","82.9","62.2","0","0","0","0","0","0","0","0","0","1","0","1","0","0","1","0","3","4","0","0","0","0","0","0","2","0","2","0","1","5","0","0","0","0","0","0","7","12","12","4","35","7","0","4","2","0","1","3","0","1","1","1","0","4","19","17","13","19","0","bulk-1.27-teamid-from-league-list","0","0","0"
"3.3","Wierzeje vs Magic Volleyball 1:3","1126260","2026-06-30 17:00","Wierzeje ARENA","Wierzeje","141108","Grzela, Tomasz","1864504","29","14","12","0","0","72.7","56","15","22","39","13","6","1","0","5","2","33","0","0","0","0","0","7","43","73","0","0","0","0","0","0","0","45.9","","1","1","0","3","1","1","43","73","6","5","32","1","0","11","72.7","61.1","3","1","0","0","5","9","1","0","5","5","1","12","0","0","0","0","0","0","12","1","8","1","13","35","0","0","0","0","0","0","0","0","0","0","0","0","0","0","0","0","0","0","0","0","0","0","0","2","1","0","0","1","0","4","12","21","15","13","0","bulk-1.27-teamid-from-league-list","0","0","0"
"3.3","Wierzeje vs Magic Volleyball 1:3","1126260","2026-06-30 17:00","Wierzeje ARENA","Wierzeje","141108","Amaral, Cláudio","1976289","0","0","0","0","0","0","0","0","0","0","0","31","18","12","13","3","48","27","0","100","6","22","0","0","0","1","1","4","0","1","2","1","24","","2","7","1","6","0","0","0","0","0","0","0","0","0","0","0","0","0","0","0","0","0","0","0","0","0","0","0","0","0","0","0","0","0","0","0","0","0","0","0","0","0","0","0","0","0","0","1","1","1","0","1","4","8","9","7","3","27","12","3","2","1","5","1","3","1","2","0","0","0","4","11","17","16","9","0","bulk-1.27-teamid-from-league-list","0","0","0"
"3.3","Wierzeje vs Magic Volleyball 1:3","1126260","2026-06-30 17:00","Wierzeje ARENA","Magic Volleyball","131049","Dębowski, Michał","1928803","0","0","7","0","0","67.4","0","0","0","0","0","17","7","5","10","7","71","0","0","0","0","0","0","4","17","21","9","50","25","15","8","2","6.8","","2","3","2","3","3","4","4","17","0","0","1","0","0","3","67.4","58.3","0","0","0","0","0","0","0","0","0","0","0","0","0","0","0","0","0","0","0","0","0","0","0","0","0","0","0","0","0","0","21","9","3","3","14","50","0","0","0","0","0","5","2","1","0","2","0","7","2","1","0","1","3","4","33","13","1","3","0","bulk-1.27-teamid-from-league-list","0","0","0"
"3.3","Wierzeje vs Magic Volleyball 1:3","1126260","2026-06-30 17:00","Wierzeje ARENA","Magic Volleyball","131049","Pietrzak, Marcin","1974443","16","0","15","4","1","76.9","33","11","15","45","12","26","12","7","14","9","62","27","1","96","15","56","0","8","63","0","0","0","0","0","0","0","38.5","","4","4","3","7","2","3","8","63","0","0","2","0","0","6","76.9","63.5","3","0","3","0","0","6","1","0","3","2","0","6","1","0","2","0","3","6","0","0","0","0","0","0","6","0","3","2","4","15","0","0","0","0","0","0","14","10","2","0","26","7","2","5","0","0","0","9","3","2","0","3","1","4","25","23","13","16","0","bulk-1.27-teamid-from-league-list","0","0","0"
"3.3","Wierzeje vs Magic Volleyball 1:3","1126260","2026-06-30 17:00","Wierzeje ARENA","Magic Volleyball","131049","Jaworski, Artur","1865574","13","11","16","1","0","80.2","12","1","8","67","58","4","3","1","1","0","25","0","0","0","0","0","5","29","39","2","0","2","1","1","0","0","40.9","","0","0","0","1","0","0","29","39","2","0","17","3","2","12","80.2","64.2","1","0","0","0","2","3","0","1","0","1","0","2","0","0","0","0","0","0","6","0","0","0","1","7","0","0","0","0","0","0","2","0","0","0","0","2","0","0","0","0","0","1","1","0","0","0","0","0","0","0","0","0","0","3","14","15","4","0","0","bulk-1.27-teamid-from-league-list","0","0","0"
"3.3","Wierzeje vs Magic Volleyball 1:3","1126260","2026-06-30 17:00","Wierzeje ARENA","Magic Volleyball","131049","Kawala, Jarosław","2003175","27","20","11","0","0","72.6","38","7","21","55","37","16","8","1","8","5","38","0","0","0","0","0","6","32","62","0","0","0","0","0","0","0","59.7","","2","2","2","4","1","2","32","62","3","0","19","3","0","13","72.6","56.8","2","0","0","0","2","4","4","0","3","2","1","10","5","1","0","0","3","9","0","0","0","0","0","0","8","1","2","0","4","15","0","0","0","0","0","0","0","0","0","0","0","1","0","1","0","0","0","5","2","2","0","1","0","3","19","15","21","0","0","bulk-1.27-teamid-from-league-list","0","0","0"
"3.3","Wierzeje vs Magic Volleyball 1:3","1126260","2026-06-30 17:00","Wierzeje ARENA","Magic Volleyball","131049","Reczuch, Tomasz","1725406","16","10","17","0","1","85.8","30","5","12","40","23","14","7","4","7","3","50","19","1","95","8","42","3","23","67","0","0","0","0","0","0","0","45.9","","0","0","1","4","2","3","23","67","2","0","17","1","0","6","91","64.7","3","0","0","1","2","6","1","0","3","1","1","6","1","1","1","1","5","9","0","0","0","0","0","0","4","0","0","0","5","9","0","0","0","0","0","0","8","5","4","1","18","4","0","3","0","1","0","3","2","0","0","1","0","4","17","20","17","4","0","bulk-1.27-teamid-from-league-list","0","0","0"
"3.3","Wierzeje vs Magic Volleyball 1:3","1126260","2026-06-30 17:00","Wierzeje ARENA","Magic Volleyball","131049","Koźbiał, Aleksander","1745491","20","15","11","1","0","68.1","18","4","9","50","28","10","3","2","7","3","50","0","0","0","0","0","11","53","81","1","0","1","1","0","0","0","52.4","","0","0","0","3","3","4","53","81","5","3","26","6","4","27","68.1","57.9","3","0","0","0","3","6","0","1","1","1","1","4","0","0","0","0","0","0","5","0","2","0","1","8","0","0","0","0","0","0","1","0","0","0","0","1","0","0","0","0","0","2","1","1","0","0","0","3","2","1","0","0","0","4","13","10","8","12","0","bulk-1.27-teamid-from-league-list","0","0","0"
"3.3","Wierzeje vs Magic Volleyball 1:3","1126260","2026-06-30 17:00","Wierzeje ARENA","Magic Volleyball","131049","Woźniak, Zbigniew","1949970","0","0","0","0","0","0","0","0","0","0","0","31","17","15","14","8","74","19","0","100","8","42","0","0","0","4","2","15","4","4","4","3","26","","5","8","2","4","1","2","0","0","0","0","0","0","0","0","0","0","0","0","0","0","0","0","0","0","0","0","0","0","0","0","0","0","0","0","0","0","0","0","0","0","0","0","0","0","0","0","4","2","1","1","7","15","4","11","4","0","19","15","6","4","1","3","1","8","5","3","0","0","0","4","13","16","15","8","0","bulk-1.27-teamid-from-league-list","0","0","0"
"3.3","Wierzeje vs Magic Volleyball 1:3","1126260","2026-06-30 17:00","Wierzeje ARENA","Magic Volleyball","131049","Szczepański, Wojciech","2060856","7","5","4","0","1","71.5","6","2","3","50","17","6","1","0","5","1","17","0","0","0","0","0","3","9","15","0","0","0","0","0","0","0","15.4","","1","2","0","3","0","0","9","15","2","0","6","1","0","3","71.5","64.8","0","0","1","0","0","1","0","0","1","0","0","1","0","0","0","0","1","1","0","0","0","0","0","0","3","0","0","0","0","3","0","0","0","0","0","0","0","0","0","0","0","0","0","0","0","0","0","1","0","1","0","0","0","1","0","0","0","12","0","bulk-1.27-teamid-from-league-list","0","0","0"
"3.3","Wierzeje vs Magic Volleyball 1:3","1126260","2026-06-30 17:00","Wierzeje ARENA","Magic Volleyball","131049","Sztobryn, Jan","2087678","2","2","8","0","0","85.6","1","0","0","0","0","11","5","3","6","4","64","0","0","0","0","0","2","18","42","34","15","78","16","27","22","13","10","","1","1","1","3","2","2","18","42","1","1","6","1","0","12","85.6","65.3","0","0","0","0","1","1","0","0","0","0","0","0","0","0","0","0","0","0","0","0","0","0","0","0","0","0","0","0","0","0","34","15","8","1","20","78","0","0","0","0","0","3","2","0","0","0","1","4","1","1","1","0","1","3","0","23","24","24","0","bulk-1.27-teamid-from-league-list","0","0","0"
"3.3","Wierzeje vs Magic Volleyball 1:3","1126260","2026-06-30 17:00","Wierzeje ARENA","Magic Volleyball","131049","Prieto, Ari","2032246","4","3","2","0","0","62.5","4","1","3","75","50","2","0","0","2","2","100","4","0","100","2","50","1","5","6","0","0","0","0","0","0","0","10.7","","0","0","0","0","2","2","5","6","0","0","4","1","0","1","62.5","54.4","1","0","0","1","0","2","0","0","1","0","0","1","0","0","0","0","0","0","0","0","0","0","0","0","1","0","0","0","0","1","0","0","0","0","0","0","1","1","1","1","4","0","0","0","0","0","0","2","1","0","0","1","0","1","0","0","0","10","0","bulk-1.27-teamid-from-league-list","0","0","0"
"3.3","Wierzeje vs Magic Volleyball 1:3","1126260","2026-06-30 17:00","Wierzeje ARENA","Magic Volleyball","131049","Sommer, Mateusz","2032248","8","8","6","0","0","65","6","0","3","50","50","4","2","0","2","1","25","0","0","0","0","0","5","14","16","0","0","1","0","1","0","0","21.4","","0","0","0","1","1","1","14","16","4","0","9","1","0","5","65","53.9","2","0","0","0","1","3","0","0","0","0","1","1","0","0","0","0","0","0","1","0","0","0","1","2","0","0","0","0","0","0","0","0","0","0","1","1","0","0","0","0","0","0","0","0","0","0","0","1","0","0","0","1","0","2","0","0","3","14","0","bulk-1.27-teamid-from-league-list","0","0","0"
"3.3","Mrukowo VC vs Tigers 3:0","1126261","2026-06-30 17:00","Mruktown Arena","Mrukowo VC","137492","Batteux, Jérôme","1975977","8","8","9","0","4","75.2","1","0","1","100","100","7","4","2","3","2","57","0","0","0","0","0","3","6","14","17","0","20","12","6","2","0","25.4","{""sets"":[{""h"":25,""a"":5},{""h"":25,""a"":10},{""h"":25,""a"":9}],""parsedSets"":[{""rallies"":[{""type"":""end"",""score"":""25 : 5"",""txt"":""Koniec seta 1 : 0""},{""type"":""end"",""score"":""25 : 5"",""txt"":""Koniec seta 1 : 0""},{""type"":""rally"",""score"":""25 : 5"",""speed"":""63.8 km/h"",""res"":""Punkt: A. Gromadzki""},{""type"":""chg"",""score"":""24 : 5"",""txt"":""Zmiana: R. Poggi ⇄ P. Kleszcz""},{""type"":""rally"",""score"":""24 : 5"",""speed"":""84.7 km/h"",""res"":""Punkt: A. Avelino""},{""type"":""rally"",""score"":""23 : 5"",""speed"":""54.4 km/h"",""res"":""Punkt: A. Gromadzki""},{""type"":""rally"",""score"":""22 : 5"",""speed"":""65.6 km/h"",""res"":""Punkt: D. Kowalski""},{""type"":""rally"",""score"":""21 : 5"",""speed"":""50.6 km/h"",""res"":""Punkt: A. Gromadzki""},{""type"":""rally"",""score"":""20 : 5"",""speed"":""43.8 km/h"",""res"":""Punkt: K. Piłat""},{""type"":""rally"",""score"":""19 : 5"",""speed"":""-"",""res"":""Błąd: K. Drozdek""},{""type"":""rally"",""score"":""19 : 4"",""speed"":""63.1 km/h"",""res"":""Punkt: A. Gromadzki""},{""type"":""rally"",""score"":""18 : 4"",""speed"":""80.1 km/h"",""res"":""Punkt: K. Piłat""},{""type"":""rally"",""score"":""17 : 4"",""speed"":""72.7 km/h"",""res"":""Punkt: A. Gromadzki""},{""type"":""tmo"",""score"":""16 : 4"",""txt"":""Czas dla: ""},{""type"":""rally"",""score"":""16 : 4"",""speed"":""84.7 km/h"",""res"":""Punkt: K. Drozdek""},{""type"":""chg"",""score"":""15 : 4"",""txt"":""Zmiana: P. Kleszcz ⇄ R. Poggi""},{""type"":""rally"",""score"":""15 : 4"",""speed"":""53.7 km/h"",""res"":""Punkt: A. Gromadzki""},{""type"":""rally"",""score"":""14 : 4"",""speed"":""71.1 km/h"",""res"":""Punkt: A. Gromadzki""},{""type"":""chg"",""score"":""13 : 4"",""txt"":""Zmiana: K. Drozdek ⇄ D. de Aragão""},{""type"":""chg"",""score"":""13 : 4"",""txt"":""Zmiana: A. Gromadzki ⇄ G. Cian""},{""type"":""chg"",""score"":""13 : 4"",""txt"":""Zmiana: A. Avelino ⇄ J. Batteux""},{""type"":""chg"",""score"":""13 : 4"",""txt"":""Zmiana: K. Piłat ⇄ T. Drążkiewicz""},{""type"":""rally"",""score"":""13 : 4"",""speed"":""53.6 km/h"",""res"":""Punkt: R. Poggi""},{""type"":""rally"",""score"":""12 : 4"",""speed"":""46.3 km/h"",""res"":""Punkt: D. de Aragão""},{""type"":""rally"",""score"":""11 : 4"",""speed"":""50.0 km/h"",""res"":""Punkt: D. de Aragão""},{""type"":""rally"",""score"":""10 : 4"",""speed"":""46.9 km/h"",""res"":""Punkt: T. Drążkiewicz""},{""type"":""rally"",""score"":""9 : 4"",""speed"":""61.7 km/h"",""res"":""Błąd: R. Poggi""},{""type"":""rally"",""score"":""9 : 3"",""speed"":""-"",""res"":""Błąd: D. Kubicz""},{""type"":""rally"",""score"":""8 : 3"",""speed"":""71.1 km/h"",""res"":""Punkt: D. Kubicz""},{""type"":""tmo"",""score"":""8 : 2"",""txt"":""Czas dla: ""},{""type"":""rally"",""score"":""8 : 2"",""speed"":""60.6 km/h"",""res"":""Punkt: D. Kowalski""},{""type"":""rally"",""score"":""7 : 2"",""speed"":""41.4 km/h"",""res"":""Punkt: D. de Aragão""},{""type"":""rally"",""score"":""6 : 2"",""speed"":""-"",""res"":""Błąd: R. Poggi""},{""type"":""rally"",""score"":""6 : 1"",""speed"":""72.1 km/h"",""res"":""Punkt: T. Drążkiewicz""},{""type"":""rally"",""score"":""5 : 1"",""speed"":""47.7 km/h"",""res"":""Błąd: D. Kubicz""},{""type"":""tmo"",""score"":""4 : 1"",""txt"":""Czas dla: Tigers""},{""type"":""rally"",""score"":""4 : 1"",""speed"":""70.2 km/h"",""res"":""Punkt: D. Kowalski""},{""type"":""rally"",""score"":""3 : 1"",""speed"":""62.7 km/h"",""res"":""Punkt: D. Kowalski""},{""type"":""rally"",""score"":""2 : 1"",""speed"":""50.4 km/h"",""res"":""Punkt: T. Drążkiewicz""},{""type"":""rally"",""score"":""1 : 1"",""speed"":""46.7 km/h"",""res"":""Punkt: R. Poggi""},{""type"":""rally"",""score"":""0 : 1"",""speed"":""65.0 km/h"",""res"":""Punkt: I. Filar""}]},{""rallies"":[{""type"":""end"",""score"":""25 : 10"",""txt"":""Koniec seta 2 : 0""},{""type"":""end"",""score"":""25 : 10"",""txt"":""Koniec seta 2 : 0""},{""type"":""rally"",""score"":""25 : 10"",""speed"":""-"",""res"":""Błąd: D. Kubicz""},{""type"":""rally"",""score"":""24 : 10"",""speed"":""41.6 km/h"",""res"":""Punkt: M. Mazepa""},{""type"":""rally"",""score"":""24 : 9"",""speed"":""50.1 km/h"",""res"":""Punkt: A. Gromadzki""},{""type"":""rally"",""score"":""23 : 9"",""speed"":""46.1 km/h"",""res"":""Błąd: M. Katafiasz""},{""type"":""rally"",""score"":""22 : 9"",""speed"":""68.6 km/h"",""res"":""Punkt: M. Zapart""},{""type"":""rally"",""score"":""22 : 8"",""speed"":""50.3 km/h"",""res"":""Punkt: K. Piłat""},{""type"":""rally"",""score"":""21 : 8"",""speed"":""45.5 km/h"",""res"":""Punkt: I. Filar""},{""type"":""chg"",""score"":""21 : 7"",""txt"":""Zmiana: R. Poggi ⇄ P. Kleszcz""},{""type"":""rally"",""score"":""21 : 7"",""speed"":""53.8 km/h"",""res"":""Błąd: K. Drozdek""},{""type"":""rally"",""score"":""21 : 6"",""speed"":""43.6 km/h"",""res"":""Punkt: K. Piłat""},{""type"":""rally"",""score"":""20 : 6"",""speed"":""-"",""res"":""Błąd: A. Avelino""},{""type"":""rally"",""score"":""20 : 5"",""speed"":""50.3 km/h"",""res"":""Punkt: K. Piłat""},{""type"":""rally"",""score"":""19 : 5"",""speed"":""52.2 km/h"",""res"":""Punkt: A. Avelino""},{""type"":""rally"",""score"":""18 : 5"",""speed"":""49.1 km/h"",""res"":""Punkt: K. Drozdek""},{""type"":""rally"",""score"":""17 : 5"",""speed"":""49.7 km/h"",""res"":""Punkt: I. Filar""},{""type"":""rally"",""score"":""17 : 4"",""speed"":""59.0 km/h"",""res"":""Punkt: D. Kowalski""},{""type"":""tmo"",""score"":""16 : 4"",""txt"":""Czas dla: ""},{""type"":""rally"",""score"":""16 : 4"",""speed"":""45.1 km/h"",""res"":""Punkt: A. Gromadzki""},{""type"":""rally"",""score"":""15 : 4"",""speed"":""-"",""res"":""Błąd: K. Drozdek""},{""type"":""chg"",""score"":""15 : 3"",""txt"":""Zmiana: P. Kleszcz ⇄ R. Poggi""},{""type"":""rally"",""score"":""15 : 3"",""speed"":""72.1 km/h"",""res"":""Punkt: A. Gromadzki""},{""type"":""rally"",""score"":""14 : 3"",""speed"":""62.4 km/h"",""res"":""Punkt: A. Gromadzki""},{""type"":""chg"",""score"":""13 : 3"",""txt"":""Zmiana: K. Drozdek ⇄ D. de Aragão""},{""type"":""chg"",""score"":""13 : 3"",""txt"":""Zmiana: A. Gromadzki ⇄ G. Cian""},{""type"":""chg"",""score"":""13 : 3"",""txt"":""Zmiana: A. Avelino ⇄ J. Batteux""},{""type"":""chg"",""score"":""13 : 3"",""txt"":""Zmiana: K. Piłat ⇄ T. Drążkiewicz""},{""type"":""rally"",""score"":""13 : 3"",""speed"":""57.7 km/h"",""res"":""Punkt: J. Batteux""},{""type"":""rally"",""score"":""12 : 3"",""speed"":""61.8 km/h"",""res"":""Punkt: R. Poggi""},{""type"":""rally"",""score"":""11 : 3"",""speed"":""50.4 km/h"",""res"":""Punkt: J. Batteux""},{""type"":""rally"",""score"":""10 : 3"",""speed"":""52.4 km/h"",""res"":""Punkt: R. Poggi""},{""type"":""tmo"",""score"":""9 : 3"",""txt"":""Czas dla: Tigers""},{""type"":""rally"",""score"":""9 : 3"",""speed"":""49.9 km/h"",""res"":""Błąd: I. Filar""},{""type"":""tmo"",""score"":""8 : 3"",""txt"":""Czas dla: ""},{""type"":""rally"",""score"":""8 : 3"",""speed"":""54.4 km/h"",""res"":""Punkt: J. Batteux""},{""type"":""rally"",""score"":""7 : 3"",""speed"":""56.5 km/h"",""res"":""Punkt: D. de Aragão""},{""type"":""rally"",""score"":""6 : 3"",""speed"":""57.7 km/h"",""res"":""Punkt: R. Poggi""},{""type"":""rally"",""score"":""5 : 3"",""speed"":""-"",""res"":""Błąd: D. Kubicz""},{""type"":""rally"",""score"":""4 : 3"",""speed"":""-"",""res"":""Błąd: T. Drążkiewicz""},{""type"":""rally"",""score"":""4 : 2"",""speed"":""51.0 km/h"",""res"":""Punkt: D. de Aragão""},{""type"":""rally"",""score"":""3 : 2"",""speed"":""67.2 km/h"",""res"":""Błąd: J. Batteux""},{""type"":""rally"",""score"":""3 : 1"",""speed"":""51.7 km/h"",""res"":""Punkt: R. Poggi""},{""type"":""rally"",""score"":""2 : 1"",""speed"":""58.8 km/h"",""res"":""Punkt: M. Zapart""},{""type"":""rally"",""score"":""2 : 0"",""speed"":""63.7 km/h"",""res"":""Punkt: D. de Aragão""},{""type"":""rally"",""score"":""1 : 0"",""speed"":""46.4 km/h"",""res"":""Punkt: T. Drążkiewicz""}]},{""rallies"":[{""type"":""end"",""score"":""25 : 9"",""txt"":""Koniec seta 3 : 0""},{""type"":""end"",""score"":""25 : 9"",""txt"":""Koniec seta 3 : 0""},{""type"":""rally"",""score"":""25 : 9"",""speed"":""59.4 km/h"",""res"":""Punkt: K. Piłat""},{""type"":""rally"",""score"":""24 : 9"",""speed"":""-"",""res"":""Błąd: I. Filar""},{""type"":""rally"",""score"":""23 : 9"",""speed"":""67.1 km/h"",""res"":""Błąd: R. Poggi""},{""type"":""rally"",""score"":""23 : 8"",""speed"":""78.6 km/h"",""res"":""Punkt: D. Kowalski""},{""type"":""rally"",""score"":""22 : 8"",""speed"":""69.0 km/h"",""res"":""Punkt: A. Avelino""},{""type"":""rally"",""score"":""21 : 8"",""speed"":""49.4 km/h"",""res"":""Punkt: A. Avelino""},{""type"":""chg"",""score"":""20 : 8"",""txt"":""Zmiana: R. Poggi ⇄ P. Kleszcz""},{""type"":""rally"",""score"":""20 : 8"",""speed"":""44.1 km/h"",""res"":""Błąd: K. Drozdek""},{""type"":""rally"",""score"":""20 : 7"",""speed"":""77.7 km/h"",""res"":""Punkt: I. Filar""},{""type"":""rally"",""score"":""20 : 6"",""speed"":""67.2 km/h"",""res"":""Punkt: A. Avelino""},{""type"":""rally"",""score"":""19 : 6"",""speed"":""63.0 km/h"",""res"":""Punkt: D. Kowalski""},{""type"":""rally"",""score"":""18 : 6"",""speed"":""46.7 km/h"",""res"":""Punkt: K. Piłat""},{""type"":""rally"",""score"":""17 : 6"",""speed"":""-"",""res"":""Błąd: K. Drozdek""},{""type"":""rally"",""score"":""17 : 5"",""speed"":""67.1 km/h"",""res"":""Punkt: A. Gromadzki""},{""type"":""tmo"",""score"":""16 : 5"",""txt"":""Czas dla: ""},{""type"":""rally"",""score"":""16 : 5"",""speed"":""57.9 km/h"",""res"":""Punkt: K. Piłat""},{""type"":""rally"",""score"":""15 : 5"",""speed"":""56.7 km/h"",""res"":""Punkt: M. Mazepa""},{""type"":""rally"",""score"":""15 : 4"",""speed"":""55.4 km/h"",""res"":""Błąd: P. Kleszcz""},{""type"":""chg"",""score"":""15 : 3"",""txt"":""Zmiana: P. Kleszcz ⇄ R. Poggi""},{""type"":""rally"",""score"":""15 : 3"",""speed"":""59.8 km/h"",""res"":""Błąd: D. Kubicz""},{""type"":""rally"",""score"":""14 : 3"",""speed"":""44.7 km/h"",""res"":""Punkt: K. Drozdek""},{""type"":""rally"",""score"":""13 : 3"",""speed"":""71.5 km/h"",""res"":""Punkt: M. Katafiasz""},{""type"":""chg"",""score"":""13 : 2"",""txt"":""Zmiana: K. Drozdek ⇄ D. de Aragão""},{""type"":""chg"",""score"":""13 : 2"",""txt"":""Zmiana: A. Gromadzki ⇄ G. Cian""},{""type"":""chg"",""score"":""13 : 2"",""txt"":""Zmiana: A. Avelino ⇄ J. Batteux""},{""type"":""chg"",""score"":""13 : 2"",""txt"":""Zmiana: K. Piłat ⇄ T. Drążkiewicz""},{""type"":""rally"",""score"":""13 : 2"",""speed"":""76.1 km/h"",""res"":""Punkt: D. Kowalski""},{""type"":""rally"",""score"":""12 : 2"",""speed"":""55.5 km/h"",""res"":""Punkt: G. Cian""},{""type"":""rally"",""score"":""11 : 2"",""speed"":""74.2 km/h"",""res"":""Punkt: G. Cian""},{""type"":""rally"",""score"":""10 : 2"",""speed"":""46.0 km/h"",""res"":""Punkt: T. Drążkiewicz""},{""type"":""rally"",""score"":""9 : 2"",""speed"":""-"",""res"":""Błąd: R. Poggi""},{""type"":""rally"",""score"":""9 : 1"",""speed"":""61.1 km/h"",""res"":""Punkt: T. Drążkiewicz""},{""type"":""tmo"",""score"":""8 : 1"",""txt"":""Czas dla: ""},{""type"":""rally"",""score"":""8 : 1"",""speed"":""52.8 km/h"",""res"":""Punkt: T. Drążkiewicz""},{""type"":""rally"",""score"":""7 : 1"",""speed"":""51.2 km/h"",""res"":""Punkt: M. Zapart""},{""type"":""rally"",""score"":""7 : 0"",""speed"":""60.2 km/h"",""res"":""Punkt: J. Batteux""},{""type"":""rally"",""score"":""6 : 0"",""speed"":""75.2 km/h"",""res"":""Punkt: D. Kowalski""},{""type"":""rally"",""score"":""5 : 0"",""speed"":""67.8 km/h"",""res"":""Punkt: J. Batteux""},{""type"":""tmo"",""score"":""4 : 0"",""txt"":""Czas dla: Tigers""},{""type"":""rally"",""score"":""4 : 0"",""speed"":""58.9 km/h"",""res"":""Punkt: R. Poggi""},{""type"":""rally"",""score"":""3 : 0"",""speed"":""52.7 km/h"",""res"":""Punkt: J. Batteux""},{""type"":""rally"",""score"":""2 : 0"",""speed"":""51.5 km/h"",""res"":""Punkt: J. Batteux""},{""type"":""rally"",""score"":""1 : 0"",""speed"":""47.4 km/h"",""res"":""Punkt: T. Drążkiewicz""}]}]}","0","0","0","0","2","3","6","14","2","0","2","1","0","4","75.2","58.9","1","0","0","0","0","1","0","0","0","0","0","0","0","0","0","0","0","0","0","0","0","0","0","0","0","0","0","0","0","0","17","0","0","0","4","20","0","0","0","0","0","2","1","0","0","0","1","2","1","0","0","1","0","3","9","12","12","0","0","bulk-1.27-teamid-from-league-list","0","0","0"
"3.3","Mrukowo VC vs Tigers 3:0","1126261","2026-06-30 17:00","Mruktown Arena","Mrukowo VC","137492","Poggi, Rino","2032922","9","6","11","2","0","72.1","8","0","7","88","88","5","2","1","3","1","40","5","1","80","5","100","2","21","27","0","0","0","0","0","0","0","21.2","","0","0","0","0","1","3","21","27","0","1","13","2","0","8","72.1","60.7","2","0","0","0","1","3","0","0","0","0","0","0","4","0","0","0","0","4","0","0","0","0","0","0","1","0","0","0","0","1","0","0","0","0","0","0","2","1","1","0","4","1","0","0","0","0","1","1","1","0","0","0","0","3","13","8","7","0","0","bulk-1.27-teamid-from-league-list","0","0","0"
"3.3","Mrukowo VC vs Tigers 3:0","1126261","2026-06-30 17:00","Mruktown Arena","Mrukowo VC","137492","Kowalski, Daniel","2032920","12","12","8","0","2","74.2","7","0","3","43","43","1","1","0","0","0","0","0","0","0","0","0","7","25","32","1","0","1","1","0","0","0","33","","0","0","0","0","0","0","25","32","4","0","17","3","3","8","76.1","68.1","1","0","0","0","3","4","1","0","0","0","0","1","0","0","0","0","0","0","1","0","0","0","1","2","0","0","0","0","0","0","1","0","0","0","0","1","0","0","0","0","0","0","0","0","0","0","0","0","0","0","0","0","0","3","6","4","12","0","0","bulk-1.27-teamid-from-league-list","0","0","0"
"3.3","Mrukowo VC vs Tigers 3:0","1126261","2026-06-30 17:00","Mruktown Arena","Mrukowo VC","137492","Drążkiewicz, Tymon","1904158","8","7","2","1","0","61.7","9","0","6","67","67","1","0","0","1","1","100","0","0","0","0","0","2","12","19","0","0","0","0","0","0","0","17.4","","0","0","0","0","1","1","12","19","2","0","7","0","0","5","61.7","61.7","0","0","0","0","1","1","1","0","0","0","1","2","4","0","0","0","0","4","0","0","0","0","0","0","1","0","0","0","1","2","0","0","0","0","0","0","0","0","0","0","0","0","0","0","0","0","0","1","1","0","0","0","0","3","6","3","5","0","0","bulk-1.27-teamid-from-league-list","0","0","0"
"3.3","Mrukowo VC vs Tigers 3:0","1126261","2026-06-30 17:00","Mruktown Arena","Mrukowo VC","137492","de Aragão, Dionísio","1724984","7","7","11","0","2","61.8","5","0","4","80","80","4","1","1","3","3","100","3","0","100","3","100","1","8","15","0","0","0","0","0","0","0","21.4","","1","1","0","0","2","2","8","15","0","0","2","1","0","6","61.8","53.7","0","0","0","0","1","1","0","0","0","0","0","0","3","0","0","0","0","3","0","0","0","0","0","0","1","0","0","0","0","1","0","0","0","0","0","0","2","1","0","0","3","0","0","0","0","0","0","3","3","0","0","0","0","3","7","11","1","0","0","bulk-1.27-teamid-from-league-list","0","0","0"
"3.3","Mrukowo VC vs Tigers 3:0","1126261","2026-06-30 17:00","Mruktown Arena","Mrukowo VC","137492","Cian, Giuseppe","1927195","4","4","0","0","0","0","3","0","1","33","33","0","0","0","0","0","0","0","0","0","0","0","3","15","19","0","0","0","0","0","0","0","11","","0","0","0","0","0","0","15","19","1","0","8","2","2","7","0","0","0","0","0","0","0","0","0","0","0","0","0","0","0","0","0","0","0","0","1","0","0","0","2","3","0","0","0","0","0","0","0","0","0","0","0","0","0","0","0","0","0","0","0","0","0","0","0","0","0","0","0","0","0","3","2","3","2","0","0","bulk-1.27-teamid-from-league-list","0","0","0"
"3.3","Mrukowo VC vs Tigers 3:0","1126261","2026-06-30 17:00","Mruktown Arena","Mrukowo VC","137492","Łysakowski, Adam","1928407","0","0","0","0","0","0","0","0","0","0","0","9","5","4","4","4","89","2","0","100","1","50","0","0","0","1","0","4","1","1","1","1","6","","2","2","0","0","2","2","0","0","0","0","0","0","0","0","0","0","0","0","0","0","0","0","0","0","0","0","0","0","0","0","0","0","0","0","0","0","0","0","0","0","0","0","0","0","0","0","1","0","0","0","3","4","2","0","0","0","2","4","1","0","0","3","0","4","2","0","0","2","0","3","2","5","4","0","0","bulk-1.27-teamid-from-league-list","0","0","0"
"3.3","Mrukowo VC vs Tigers 3:0","1126261","2026-06-30 17:00","Mruktown Arena","Mrukowo VC","137492","Piłat, Krzysztof","1681846","8","8","4","0","0","59.8","8","0","6","75","75","7","5","3","2","2","71","0","0","0","0","0","2","9","10","0","0","0","0","0","0","0","21.2","","0","0","0","0","2","2","9","10","2","0","6","0","0","3","59.8","51.7","0","0","0","0","1","1","0","0","0","0","0","0","2","0","0","0","0","2","0","0","0","0","0","0","4","0","0","0","1","5","0","0","0","0","0","0","0","0","0","0","0","3","2","0","0","0","1","2","1","0","0","0","1","3","3","7","7","0","0","bulk-1.27-teamid-from-league-list","0","0","0"
"3.3","Mrukowo VC vs Tigers 3:0","1126261","2026-06-30 17:00","Mruktown Arena","Mrukowo VC","137492","Drozdek, Kacper","1974857","3","0","12","3","1","80.1","4","0","2","50","50","7","4","4","3","1","71","7","0","100","5","71","0","7","11","0","0","0","0","0","0","0","12.4","","0","0","0","0","1","3","7","11","0","0","4","0","0","3","84.7","69.7","0","0","0","0","0","0","0","0","0","0","0","0","1","0","0","0","2","3","0","0","0","0","0","0","1","0","0","0","0","1","0","0","0","0","0","0","5","2","0","0","7","4","4","0","0","0","0","1","1","0","0","0","0","3","9","9","5","0","0","bulk-1.27-teamid-from-league-list","0","0","0"
"3.3","Mrukowo VC vs Tigers 3:0","1126261","2026-06-30 17:00","Mruktown Arena","Mrukowo VC","137492","Gromadzki, Adam","2088117","14","14","10","0","3","84.7","5","0","4","80","80","2","2","1","0","0","50","0","0","0","0","0","7","15","18","0","0","0","0","0","0","0","38.8","","0","0","0","0","0","0","15","18","5","0","10","2","1","5","84.7","63.6","0","0","0","0","0","0","0","0","0","0","0","0","0","0","0","0","0","0","4","0","0","0","1","5","0","0","0","0","0","0","0","0","0","0","0","0","0","0","0","0","0","1","1","0","0","0","0","0","0","0","0","0","0","3","9","6","5","0","0","bulk-1.27-teamid-from-league-list","0","0","0"
"3.3","Mrukowo VC vs Tigers 3:0","1126261","2026-06-30 17:00","Mruktown Arena","Mrukowo VC","137492","Kleszcz, Paweł","2112133","0","-1","1","0","0","53.8","0","0","0","0","0","1","0","0","1","0","0","4","1","75","4","100","0","12","16","0","0","0","0","0","0","0","1.2","","0","0","0","0","0","1","12","16","0","0","8","0","0","4","53.8","53.8","0","0","0","0","0","0","0","0","0","0","0","0","0","0","0","0","0","0","0","0","0","0","0","0","0","0","0","0","0","0","0","0","0","0","0","0","1","0","2","0","3","0","0","0","0","0","0","0","0","0","0","0","0","2","0","2","4","0","0","bulk-1.27-teamid-from-league-list","0","0","0"
"3.3","Mrukowo VC vs Tigers 3:0","1126261","2026-06-30 17:00","Mruktown Arena","Mrukowo VC","137492","Avelino, Alcides","1927155","5","4","6","1","2","78.6","0","0","0","0","0","2","2","1","0","0","50","0","0","0","0","0","3","12","26","15","0","24","11","7","6","0","14.8","","0","0","0","0","0","0","12","26","3","0","10","0","0","2","78.6","63.4","0","0","0","0","0","0","0","0","0","0","0","0","0","0","0","0","0","0","0","0","0","0","0","0","0","0","0","0","0","0","15","0","0","0","9","24","0","0","0","0","0","1","1","0","0","0","0","0","0","0","0","0","0","3","7","10","13","0","0","bulk-1.27-teamid-from-league-list","0","0","0"
"3.3","Mrukowo VC vs Tigers 3:0","1126261","2026-06-30 17:00","Mruktown Arena","Tigers","128634","Vaast, Emeric","1682180","0","0","4","0","0","49.4","1","0","0","0","0","13","4","2","9","5","54","0","0","0","0","0","0","15","28","8","26","62","2","16","23","21","3.6","","4","4","1","5","0","0","15","28","0","0","15","0","0","0","49.4","45.9","0","0","0","0","1","1","0","0","0","0","0","0","0","0","0","0","0","0","0","0","0","0","0","0","0","0","0","0","0","0","8","26","6","4","18","62","0","0","0","0","0","2","0","2","0","0","0","5","1","3","0","1","0","3","17","24","20","0","0","bulk-1.27-teamid-from-league-list","0","0","0"
"3.3","Mrukowo VC vs Tigers 3:0","1126261","2026-06-30 17:00","Mruktown Arena","Tigers","128634","Filar, Izydor","1617515","5","-18","6","1","1","52.8","17","10","4","24","-35","11","7","0","4","0","0","52","12","77","4","8","0","0","25","0","0","0","0","0","0","0","-18.4","","0","2","0","2","0","0","0","25","0","0","0","0","0","0","52.8","49.4","0","0","1","0","0","1","0","0","1","0","0","1","3","0","5","0","2","10","0","0","0","0","0","0","0","1","2","1","1","5","0","0","0","0","0","0","0","10","14","16","40","0","0","0","0","0","0","0","0","0","0","0","0","3","21","21","23","0","0","bulk-1.27-teamid-from-league-list","0","0","0"
"3.3","Mrukowo VC vs Tigers 3:0","1126261","2026-06-30 17:00","Mruktown Arena","Tigers","128634","Zapart, Marcin","1685466","4","4","4","0","0","51","6","0","4","67","67","3","2","1","1","0","33","0","0","0","0","0","0","10","22","0","0","0","0","0","0","0","8.8","","0","0","0","1","0","0","10","22","0","0","9","0","0","1","51","46.1","0","0","0","0","0","0","0","0","0","0","1","1","0","0","0","0","0","0","3","0","0","1","1","5","0","0","0","0","0","0","0","0","0","0","0","0","0","0","0","0","0","1","0","0","1","0","0","0","0","0","0","0","0","3","3","4","3","0","0","bulk-1.27-teamid-from-league-list","0","0","0"
"3.3","Mrukowo VC vs Tigers 3:0","1126261","2026-06-30 17:00","Mruktown Arena","Tigers","128634","Kubicz, Damian","1617513","5","-12","4","3","0","44.7","25","14","5","20","-36","12","6","1","6","0","8","0","0","0","0","0","0","1","21","0","0","0","0","0","0","0","-20.4","","0","2","0","4","0","0","1","21","0","0","1","0","0","0","44.7","44.7","0","0","1","0","1","2","0","1","5","2","1","9","1","1","3","1","2","8","0","0","0","0","0","0","0","0","3","1","2","6","0","0","0","0","0","0","0","0","0","0","0","0","0","0","0","0","0","0","0","0","0","0","0","3","12","10","11","0","0","bulk-1.27-teamid-from-league-list","0","0","0"
"3.3","Mrukowo VC vs Tigers 3:0","1126261","2026-06-30 17:00","Mruktown Arena","Tigers","128634","Mazepa, Miron","1617516","3","-5","4","0","1","57.9","13","6","2","15","-31","11","10","1","1","0","9","6","2","67","0","0","0","4","24","0","0","0","0","0","0","0","-9.8","","0","0","0","1","0","0","4","24","0","0","4","0","0","0","57.9","51.7","0","0","0","0","1","1","0","0","4","1","0","5","1","0","1","0","0","2","0","0","0","0","0","0","0","0","1","0","4","5","0","0","0","0","0","0","0","1","2","1","4","1","0","1","0","0","0","0","0","0","0","0","0","3","9","8","11","0","0","bulk-1.27-teamid-from-league-list","0","0","0"
"3.3","Mrukowo VC vs Tigers 3:0","1126261","2026-06-30 17:00","Mruktown Arena","Tigers","128634","Katafiasz, Mieczysław","1617519","1","-3","3","0","0","49.1","8","4","1","13","-37","5","2","0","3","0","0","0","0","0","0","0","0","5","27","0","0","0","0","0","0","0","-4","","0","0","0","3","0","0","5","27","0","0","5","0","0","0","49.1","46.5","0","1","0","0","0","1","1","0","1","0","0","2","0","0","0","0","0","0","0","0","2","0","3","5","0","0","0","0","0","0","0","0","0","0","0","0","0","0","0","0","0","0","0","0","0","0","0","0","0","0","0","0","0","3","2","4","4","0","0","bulk-1.27-teamid-from-league-list","0","0","0"
"3.3","Mrukowo VC vs Tigers 3:0","1126261","2026-06-30 17:00","Mruktown Arena","Tigers","128634","Edwards, Ryan","1975268","0","0","0","0","0","0","0","0","0","0","0","15","8","4","7","3","47","9","0","100","3","33","0","0","0","1","4","7","0","0","4","3","9.2","","3","3","0","4","0","0","0","0","0","0","0","0","0","0","0","0","0","0","0","0","0","0","0","0","0","0","0","0","0","0","0","0","0","0","0","0","0","0","0","0","0","0","0","0","0","0","1","4","1","0","1","7","1","4","1","3","9","4","0","2","0","0","2","3","1","1","0","1","0","3","7","8","7","0","0","bulk-1.27-teamid-from-league-list","0","0","0"
"3.3","Bank Pekao S.A vs KS Okalew 3:0","1126262","2026-06-30 17:00","Żubr Arena","Bank Pekao S.A","144741","Estrada, Lactancio","1976624","1","1","8","0","0","66.4","1","0","0","0","0","10","7","4","3","0","40","0","0","0","0","0","1","12","25","22","10","56","14","13","16","13","6.2","{""sets"":[{""h"":25,""a"":15},{""h"":25,""a"":17},{""h"":25,""a"":4}],""parsedSets"":[{""rallies"":[{""type"":""end"",""score"":""25 : 15"",""txt"":""Koniec seta 1 : 0""},{""type"":""end"",""score"":""25 : 15"",""txt"":""Koniec seta 1 : 0""},{""type"":""rally"",""score"":""25 : 15"",""speed"":""49.8 km/h"",""res"":""Punkt: K. Barglik""},{""type"":""rally"",""score"":""24 : 15"",""speed"":""57.1 km/h"",""res"":""Punkt: P. Lauriola""},{""type"":""rally"",""score"":""24 : 14"",""speed"":""50.1 km/h"",""res"":""Punkt: K. Barglik""},{""type"":""rally"",""score"":""23 : 14"",""speed"":""54.7 km/h"",""res"":""Punkt: K. Barglik""},{""type"":""rally"",""score"":""22 : 14"",""speed"":""61.8 km/h"",""res"":""Punkt: L. Pillar""},{""type"":""rally"",""score"":""21 : 14"",""speed"":""51.8 km/h"",""res"":""Punkt: A. Chavez""},{""type"":""rally"",""score"":""20 : 14"",""speed"":""52.6 km/h"",""res"":""Punkt: L. Pillar""},{""type"":""rally"",""score"":""19 : 14"",""speed"":""51.9 km/h"",""res"":""Błąd: C. Naliwajko""},{""type"":""rally"",""score"":""18 : 14"",""speed"":""64.1 km/h"",""res"":""Punkt: L. Pillar""},{""type"":""rally"",""score"":""17 : 14"",""speed"":""48.4 km/h"",""res"":""Punkt: L. Pillar""},{""type"":""tmo"",""score"":""16 : 14"",""txt"":""Czas dla: ""},{""type"":""rally"",""score"":""16 : 14"",""speed"":""50.0 km/h"",""res"":""Punkt: G. Barbier""},{""type"":""rally"",""score"":""15 : 14"",""speed"":""62.0 km/h"",""res"":""Punkt: C. Naliwajko""},{""type"":""chg"",""score"":""15 : 13"",""txt"":""Zmiana: G. Barbier ⇄ N. Danilović""},{""type"":""rally"",""score"":""15 : 13"",""speed"":""42.7 km/h"",""res"":""Punkt: A. Chavez""},{""type"":""chg"",""score"":""14 : 13"",""txt"":""Zmiana: K. Barglik ⇄ K. Jaworski""},{""type"":""rally"",""score"":""14 : 13"",""speed"":""52.9 km/h"",""res"":""Punkt: A. Chavez""},{""type"":""rally"",""score"":""13 : 13"",""speed"":""42.4 km/h"",""res"":""Punkt: P. Lauriola""},{""type"":""rally"",""score"":""13 : 12"",""speed"":""46.0 km/h"",""res"":""Punkt: C. Naliwajko""},{""type"":""chg"",""score"":""13 : 11"",""txt"":""Zmiana: H. Chun-Chieh ⇄ D. Skeens""},{""type"":""rally"",""score"":""13 : 11"",""speed"":""52.4 km/h"",""res"":""Punkt: N. Danilović""},{""type"":""chg"",""score"":""12 : 11"",""txt"":""Zmiana: M. Kuczkowski ⇄ K. Juszkiewicz""},{""type"":""rally"",""score"":""12 : 11"",""speed"":""45.2 km/h"",""res"":""Punkt: N. Danilović""},{""type"":""rally"",""score"":""11 : 11"",""speed"":""-"",""res"":""Błąd: M. Baranowski""},{""type"":""rally"",""score"":""10 : 11"",""speed"":""-"",""res"":""Błąd: L. Pillar""},{""type"":""rally"",""score"":""10 : 10"",""speed"":""53.8 km/h"",""res"":""Błąd: M. Baranowski""},{""type"":""chg"",""score"":""9 : 10"",""txt"":""Zmiana: T. Nakaizumi ⇄ B. Kędzierski""},{""type"":""chg"",""score"":""9 : 10"",""txt"":""Zmiana: P. Lauriola ⇄ C. Gojnea""},{""type"":""rally"",""score"":""9 : 10"",""speed"":""49.0 km/h"",""res"":""Punkt: L. Pillar""},{""type"":""rally"",""score"":""8 : 10"",""speed"":""55.3 km/h"",""res"":""Punkt: D. Skeens""},{""type"":""rally"",""score"":""7 : 10"",""speed"":""53.1 km/h"",""res"":""Punkt: B. Kędzierski""},{""type"":""rally"",""score"":""7 : 9"",""speed"":""-"",""res"":""Błąd: A. Chavez""},{""type"":""chg"",""score"":""7 : 8"",""txt"":""Zmiana: K. Juszkiewicz ⇄ M. Kuczkowski""},{""type"":""chg"",""score"":""7 : 8"",""txt"":""Zmiana: A. Chavez ⇄ J. Martin""},{""type"":""rally"",""score"":""7 : 8"",""speed"":""59.2 km/h"",""res"":""Punkt: L. Estrada""},{""type"":""chg"",""score"":""6 : 8"",""txt"":""Zmiana: C. Gojnea ⇄ P. Lauriola""},{""type"":""rally"",""score"":""6 : 8"",""speed"":""48.0 km/h"",""res"":""Punkt: D. Skeens""},{""type"":""tmo"",""score"":""5 : 8"",""txt"":""Czas dla: ""},{""type"":""rally"",""score"":""5 : 8"",""speed"":""42.8 km/h"",""res"":""Punkt: M. Baranowski""},{""type"":""tmo"",""score"":""5 : 7"",""txt"":""Czas dla: KS Okalew""},{""type"":""rally"",""score"":""5 : 7"",""speed"":""56.4 km/h"",""res"":""Punkt: L. Pillar""},{""type"":""rally"",""score"":""4 : 7"",""speed"":""58.2 km/h"",""res"":""Punkt: K. Jaworski""},{""type"":""chg"",""score"":""3 : 7"",""txt"":""Zmiana: C. Naliwajko ⇄ I. Menaballi""},{""type"":""rally"",""score"":""3 : 7"",""speed"":""50.8 km/h"",""res"":""Punkt: M. Carella""},{""type"":""rally"",""score"":""3 : 6"",""speed"":""59.5 km/h"",""res"":""Punkt: P. Lauriola""},{""type"":""rally"",""score"":""3 : 5"",""speed"":""47.9 km/h"",""res"":""Punkt: M. Carella""},{""type"":""rally"",""score"":""3 : 4"",""speed"":""55.4 km/h"",""res"":""Punkt: M. Carella""},{""type"":""rally"",""score"":""3 : 3"",""speed"":""52.9 km/h"",""res"":""Punkt: K. Jaworski""},{""type"":""tmo"",""score"":""2 : 3"",""txt"":""Czas dla: KS Okalew""},{""type"":""rally"",""score"":""2 : 3"",""speed"":""55.6 km/h"",""res"":""Punkt: J. Martin""},{""type"":""rally"",""score"":""1 : 3"",""speed"":""52.5 km/h"",""res"":""Punkt: B. Kędzierski""},{""type"":""rally"",""score"":""1 : 2"",""speed"":""50.2 km/h"",""res"":""Punkt: I. Menaballi""},{""type"":""rally"",""score"":""1 : 1"",""speed"":""59.1 km/h"",""res"":""Punkt: M. Carella""},{""type"":""rally"",""score"":""1 : 0"",""speed"":""55.8 km/h"",""res"":""Punkt: J. Martin""}]},{""rallies"":[{""type"":""end"",""score"":""25 : 17"",""txt"":""Koniec seta 2 : 0""},{""type"":""end"",""score"":""25 : 17"",""txt"":""Koniec seta 2 : 0""},{""type"":""rally"",""score"":""25 : 17"",""speed"":""55.8 km/h"",""res"":""Punkt: H. Chun-Chieh""},{""type"":""rally"",""score"":""24 : 17"",""speed"":""55.2 km/h"",""res"":""Błąd: M. Baranowski""},{""type"":""rally"",""score"":""23 : 17"",""speed"":""54.1 km/h"",""res"":""Punkt: H. Chun-Chieh""},{""type"":""rally"",""score"":""22 : 17"",""speed"":""56.7 km/h"",""res"":""Punkt: M. Di Giacomo""},{""type"":""rally"",""score"":""21 : 17"",""speed"":""-"",""res"":""Błąd: I. Menaballi""},{""type"":""rally"",""score"":""20 : 17"",""speed"":""50.4 km/h"",""res"":""Punkt: M. Baranowski""},{""type"":""rally"",""score"":""20 : 16"",""speed"":""-"",""res"":""Błąd: K. Jaworski""},{""type"":""rally"",""score"":""20 : 15"",""speed"":""43.5 km/h"",""res"":""Punkt: K. Jaworski""},{""type"":""rally"",""score"":""19 : 15"",""speed"":""-"",""res"":""Błąd: G. Barbier""},{""type"":""rally"",""score"":""19 : 14"",""speed"":""46.5 km/h"",""res"":""Punkt: J. Martin""},{""type"":""rally"",""score"":""18 : 14"",""speed"":""56.6 km/h"",""res"":""Punkt: I. Menaballi""},{""type"":""rally"",""score"":""18 : 13"",""speed"":""71.1 km/h"",""res"":""Punkt: K. Jaworski""},{""type"":""rally"",""score"":""17 : 13"",""speed"":""65.8 km/h"",""res"":""Punkt: K. Jaworski""},{""type"":""tmo"",""score"":""16 : 13"",""txt"":""Czas dla: ""},{""type"":""rally"",""score"":""16 : 13"",""speed"":""69.0 km/h"",""res"":""Błąd: I. Menaballi""},{""type"":""chg"",""score"":""15 : 13"",""txt"":""Zmiana: G. Barbier ⇄ N. Danilović""},{""type"":""rally"",""score"":""15 : 13"",""speed"":""65.4 km/h"",""res"":""Punkt: K. Jaworski""},{""type"":""chg"",""score"":""14 : 13"",""txt"":""Zmiana: M. Di Giacomo ⇄ L. Estrada""},{""type"":""rally"",""score"":""14 : 13"",""speed"":""56.8 km/h"",""res"":""Punkt: J. Martin""},{""type"":""chg"",""score"":""13 : 13"",""txt"":""Zmiana: H. Chun-Chieh ⇄ D. Skeens""},{""type"":""rally"",""score"":""13 : 13"",""speed"":""66.4 km/h"",""res"":""Punkt: J. Martin""},{""type"":""rally"",""score"":""12 : 13"",""speed"":""57.0 km/h"",""res"":""Punkt: J. Martin""},{""type"":""rally"",""score"":""11 : 13"",""speed"":""45.5 km/h"",""res"":""Punkt: K. Jaworski""},{""type"":""rally"",""score"":""10 : 13"",""speed"":""52.4 km/h"",""res"":""Punkt: I. Menaballi""},{""type"":""rally"",""score"":""10 : 12"",""speed"":""42.9 km/h"",""res"":""Punkt: B. Kędzierski""},{""type"":""rally"",""score"":""10 : 11"",""speed"":""43.6 km/h"",""res"":""Punkt: B. Kędzierski""},{""type"":""rally"",""score"":""10 : 10"",""speed"":""44.1 km/h"",""res"":""Punkt: B. Kędzierski""},{""type"":""rally"",""score"":""10 : 9"",""speed"":""47.9 km/h"",""res"":""Punkt: M. Baranowski""},{""type"":""rally"",""score"":""10 : 8"",""speed"":""57.0 km/h"",""res"":""Punkt: N. Danilović""},{""type"":""rally"",""score"":""9 : 8"",""speed"":""49.9 km/h"",""res"":""Punkt: N. Danilović""},{""type"":""rally"",""score"":""8 : 8"",""speed"":""48.5 km/h"",""res"":""Punkt: M. Carella""},{""type"":""rally"",""score"":""8 : 7"",""speed"":""-"",""res"":""Błąd: L. Pillar""},{""type"":""tmo"",""score"":""8 : 6"",""txt"":""Czas dla: ""},{""type"":""rally"",""score"":""8 : 6"",""speed"":""54.1 km/h"",""res"":""Punkt: D. Skeens""},{""type"":""rally"",""score"":""7 : 6"",""speed"":""46.8 km/h"",""res"":""Błąd: L. Pillar""},{""type"":""rally"",""score"":""7 : 5"",""speed"":""51.8 km/h"",""res"":""Punkt: M. Carella""},{""type"":""rally"",""score"":""7 : 4"",""speed"":""49.9 km/h"",""res"":""Punkt: M. Baranowski""},{""type"":""rally"",""score"":""7 : 3"",""speed"":""51.2 km/h"",""res"":""Punkt: L. Pillar""},{""type"":""rally"",""score"":""6 : 3"",""speed"":""51.4 km/h"",""res"":""Punkt: D. Skeens""},{""type"":""rally"",""score"":""5 : 3"",""speed"":""53.8 km/h"",""res"":""Punkt: M. Carella""},{""type"":""tmo"",""score"":""5 : 2"",""txt"":""Czas dla: KS Okalew""},{""type"":""rally"",""score"":""5 : 2"",""speed"":""56.7 km/h"",""res"":""Punkt: D. Skeens""},{""type"":""chg"",""score"":""4 : 2"",""txt"":""Zmiana: P. Lauriola ⇄ C. Gojnea""},{""type"":""rally"",""score"":""4 : 2"",""speed"":""51.4 km/h"",""res"":""Punkt: D. Skeens""},{""type"":""chg"",""score"":""3 : 2"",""txt"":""Zmiana: B. Kędzierski ⇄ T. Nakaizumi""},{""type"":""tmo"",""score"":""3 : 2"",""txt"":""Czas dla: KS Okalew""},{""type"":""rally"",""score"":""3 : 2"",""speed"":""53.8 km/h"",""res"":""Punkt: L. Pillar""},{""type"":""chg"",""score"":""2 : 2"",""txt"":""Zmiana: T. Nakaizumi ⇄ B. Kędzierski""},{""type"":""rally"",""score"":""2 : 2"",""speed"":""-"",""res"":""Błąd: B. Kędzierski""},{""type"":""rally"",""score"":""1 : 2"",""speed"":""51.9 km/h"",""res"":""Punkt: B. Kędzierski""},{""type"":""chg"",""score"":""1 : 1"",""txt"":""Zmiana: I. Menaballi ⇄ C. Naliwajko""},{""type"":""rally"",""score"":""1 : 1"",""speed"":""60.5 km/h"",""res"":""Punkt: C. Naliwajko""},{""type"":""chg"",""score"":""1 : 0"",""txt"":""Zmiana: C. Gojnea ⇄ P. Lauriola""},{""type"":""chg"",""score"":""1 : 0"",""txt"":""Zmiana: C. Naliwajko ⇄ I. Menaballi""},{""type"":""rally"",""score"":""1 : 0"",""speed"":""42.2 km/h"",""res"":""Punkt: K. Jaworski""}]},{""rallies"":[{""type"":""end"",""score"":""25 : 4"",""txt"":""Koniec seta 3 : 0""},{""type"":""end"",""score"":""25 : 4"",""txt"":""Koniec seta 3 : 0""},{""type"":""rally"",""score"":""25 : 4"",""speed"":""61.5 km/h"",""res"":""Punkt: L. Pillar""},{""type"":""rally"",""score"":""24 : 4"",""speed"":""51.0 km/h"",""res"":""Punkt: M. Di Giacomo""},{""type"":""rally"",""score"":""23 : 4"",""speed"":""-"",""res"":""Błąd: M. Carella""},{""type"":""rally"",""score"":""22 : 4"",""speed"":""52.7 km/h"",""res"":""Punkt: M. Baranowski""},{""type"":""rally"",""score"":""22 : 3"",""speed"":""57.0 km/h"",""res"":""Punkt: D. Skeens""},{""type"":""rally"",""score"":""21 : 3"",""speed"":""67.1 km/h"",""res"":""Punkt: A. Chavez""},{""type"":""rally"",""score"":""20 : 3"",""speed"":""74.8 km/h"",""res"":""Punkt: M. Di Giacomo""},{""type"":""rally"",""score"":""19 : 3"",""speed"":""55.9 km/h"",""res"":""Punkt: D. Skeens""},{""type"":""rally"",""score"":""18 : 3"",""speed"":""76.2 km/h"",""res"":""Punkt: M. Di Giacomo""},{""type"":""rally"",""score"":""17 : 3"",""speed"":""86.7 km/h"",""res"":""Punkt: G. Barbier""},{""type"":""tmo"",""score"":""16 : 3"",""txt"":""Czas dla: ""},{""type"":""rally"",""score"":""16 : 3"",""speed"":""66.1 km/h"",""res"":""Punkt: L. Pillar""},{""type"":""chg"",""score"":""15 : 3"",""txt"":""Zmiana: G. Barbier ⇄ N. Danilović""},{""type"":""rally"",""score"":""15 : 3"",""speed"":""65.1 km/h"",""res"":""Punkt: D. Skeens""},{""type"":""chg"",""score"":""14 : 3"",""txt"":""Zmiana: M. Di Giacomo ⇄ L. Estrada""},{""type"":""chg"",""score"":""14 : 3"",""txt"":""Zmiana: K. Barglik ⇄ K. Jaworski""},{""type"":""rally"",""score"":""14 : 3"",""speed"":""54.3 km/h"",""res"":""Punkt: A. Chavez""},{""type"":""rally"",""score"":""13 : 3"",""speed"":""80.5 km/h"",""res"":""Punkt: L. Pillar""},{""type"":""rally"",""score"":""12 : 3"",""speed"":""58.3 km/h"",""res"":""Punkt: L. Pillar""},{""type"":""rally"",""score"":""11 : 3"",""speed"":""44.2 km/h"",""res"":""Punkt: D. Skeens""},{""type"":""rally"",""score"":""10 : 3"",""speed"":""57.5 km/h"",""res"":""Punkt: C. Gojnea""},{""type"":""rally"",""score"":""10 : 2"",""speed"":""49.5 km/h"",""res"":""Punkt: D. Skeens""},{""type"":""rally"",""score"":""9 : 2"",""speed"":""50.4 km/h"",""res"":""Punkt: D. Skeens""},{""type"":""tmo"",""score"":""8 : 2"",""txt"":""Czas dla: ""},{""type"":""rally"",""score"":""8 : 2"",""speed"":""50.8 km/h"",""res"":""Punkt: K. Jaworski""},{""type"":""chg"",""score"":""7 : 2"",""txt"":""Zmiana: A. Chavez ⇄ J. Martin""},{""type"":""rally"",""score"":""7 : 2"",""speed"":""51.7 km/h"",""res"":""Punkt: J. Martin""},{""type"":""rally"",""score"":""6 : 2"",""speed"":""47.8 km/h"",""res"":""Punkt: K. Jaworski""},{""type"":""rally"",""score"":""5 : 2"",""speed"":""52.6 km/h"",""res"":""Punkt: L. Pillar""},{""type"":""tmo"",""score"":""4 : 2"",""txt"":""Czas dla: KS Okalew""},{""type"":""rally"",""score"":""4 : 2"",""speed"":""48.1 km/h"",""res"":""Punkt: D. Skeens""},{""type"":""tmo"",""score"":""3 : 2"",""txt"":""Czas dla: KS Okalew""},{""type"":""rally"",""score"":""3 : 2"",""speed"":""52.9 km/h"",""res"":""Punkt: L. Pillar""},{""type"":""rally"",""score"":""2 : 2"",""speed"":""42.3 km/h"",""res"":""Punkt: L. Pillar""},{""type"":""rally"",""score"":""1 : 2"",""speed"":""50.0 km/h"",""res"":""Punkt: I. Menaballi""},{""type"":""chg"",""score"":""1 : 1"",""txt"":""Zmiana: M. Carella ⇄ T. Nakaizumi""},{""type"":""chg"",""score"":""1 : 1"",""txt"":""Zmiana: I. Menaballi ⇄ C. Naliwajko""},{""type"":""rally"",""score"":""1 : 1"",""speed"":""50.9 km/h"",""res"":""Punkt: K. Jaworski""},{""type"":""chg"",""score"":""0 : 1"",""txt"":""Zmiana: K. Juszkiewicz ⇄ M. Kuczkowski""},{""type"":""chg"",""score"":""0 : 1"",""txt"":""Zmiana: C. Gojnea ⇄ P. Lauriola""},{""type"":""chg"",""score"":""0 : 1"",""txt"":""Zmiana: C. Naliwajko ⇄ I. Menaballi""},{""type"":""chg"",""score"":""0 : 1"",""txt"":""Zmiana: T. Nakaizumi ⇄ M. Carella""},{""type"":""rally"",""score"":""0 : 1"",""speed"":""56.5 km/h"",""res"":""Punkt: P. Lauriola""}]}]}","0","1","0","2","0","0","12","25","1","0","11","0","0","1","66.4","57","0","0","0","0","1","1","0","0","0","0","0","0","0","0","0","0","0","0","0","0","0","0","0","0","0","0","0","0","0","0","22","10","1","1","22","56","0","0","0","0","0","4","2","1","0","1","0","0","0","0","0","0","0","3","25","19","10","0","0","bulk-1.27-teamid-from-league-list","0","0","0"
"3.3","Bank Pekao S.A vs KS Okalew 3:0","1126262","2026-06-30 17:00","Żubr Arena","Bank Pekao S.A","144741","Danilović, Nebojša","2003778","5","2","4","0","0","60.5","7","2","2","29","0","6","4","4","2","1","83","4","1","75","1","25","3","18","28","0","0","0","0","0","0","0","13.2","","1","1","0","1","0","0","18","28","3","0","17","0","0","1","60.5","54.7","0","0","0","0","1","1","0","0","0","0","1","1","1","0","1","0","1","3","0","0","0","0","0","0","0","0","1","1","0","2","0","0","0","0","0","0","1","0","1","1","3","4","2","1","0","1","0","1","0","0","0","1","0","3","11","7","3","0","0","bulk-1.27-teamid-from-league-list","0","0","0"
"3.3","Bank Pekao S.A vs KS Okalew 3:0","1126262","2026-06-30 17:00","Żubr Arena","Bank Pekao S.A","144741","Jaworski, Krzysztof","1975450","12","9","16","1","2","57.5","13","2","7","54","38","7","4","3","3","1","57","0","0","0","0","0","3","28","38","1","0","1","0","0","1","0","35.4","","1","1","0","2","0","0","28","38","2","3","25","1","0","3","57.5","51.7","0","0","0","0","0","0","2","0","0","0","0","2","0","0","0","0","0","0","5","0","2","0","4","11","0","0","0","0","0","0","1","0","0","0","0","1","0","0","0","0","0","3","2","1","0","0","0","1","0","0","0","1","0","3","6","16","10","0","0","bulk-1.27-teamid-from-league-list","0","0","0"
"3.3","Bank Pekao S.A vs KS Okalew 3:0","1126262","2026-06-30 17:00","Żubr Arena","Bank Pekao S.A","144741","Martin, Jacky","2002623","7","2","7","0","0","59.2","17","5","6","35","6","8","5","3","3","0","38","0","0","0","0","0","1","16","35","0","0","0","0","0","0","0","11.1","","0","0","0","3","0","0","16","35","1","0","15","0","0","1","59.2","54.6","1","0","0","0","0","1","0","0","1","0","0","1","5","0","4","0","4","13","0","0","0","0","0","0","0","0","0","0","2","2","0","0","0","0","0","0","0","0","0","0","0","3","1","1","0","1","0","0","0","0","0","0","0","3","8","15","3","0","0","bulk-1.27-teamid-from-league-list","0","0","0"
"3.3","Bank Pekao S.A vs KS Okalew 3:0","1126262","2026-06-30 17:00","Żubr Arena","Bank Pekao S.A","144741","Pillar, Leonardo","2032282","16","8","6","2","2","53.8","15","4","6","40","13","15","8","7","7","3","67","17","2","88","6","35","8","37","58","0","0","0","0","0","0","0","47.8","","2","3","0","3","1","1","37","58","7","1","34","1","0","3","61.5","53.8","0","0","0","0","0","0","0","0","1","0","1","2","6","1","2","0","2","11","0","0","0","0","0","0","0","0","0","0","2","2","0","0","0","0","0","0","4","5","4","2","15","6","0","2","0","4","0","3","2","0","0","1","0","3","20","20","11","0","0","bulk-1.27-teamid-from-league-list","0","0","0"
"3.3","Bank Pekao S.A vs KS Okalew 3:0","1126262","2026-06-30 17:00","Żubr Arena","Bank Pekao S.A","144741","Skeens, Danny","2002503","13","13","4","0","0","57","11","0","7","64","64","2","1","0","1","0","0","0","0","0","0","0","6","25","37","0","0","0","0","0","0","0","44.8","","0","0","0","1","0","0","25","37","6","0","23","0","0","2","57","50.6","0","0","0","0","0","0","1","0","0","0","0","1","0","0","0","0","0","0","6","0","0","0","4","10","0","0","0","0","0","0","0","0","0","0","0","0","0","0","0","0","0","0","0","0","0","0","0","0","0","0","0","0","0","3","6","6","8","0","0","bulk-1.27-teamid-from-league-list","0","0","0"
"3.3","Bank Pekao S.A vs KS Okalew 3:0","1126262","2026-06-30 17:00","Żubr Arena","Bank Pekao S.A","144741","Sperka, Bartłomiej","2060593","0","0","0","0","0","0","0","0","0","0","0","15","9","7","6","4","73","11","0","100","4","36","0","0","0","1","1","3","0","0","0","3","13.2","","2","3","1","2","1","1","0","0","0","0","0","0","0","0","0","0","0","0","0","0","0","0","0","0","0","0","0","0","0","0","0","0","0","0","0","0","0","0","0","0","0","0","0","0","0","0","1","1","0","0","1","3","5","3","2","1","11","7","5","1","0","1","0","4","2","1","0","1","0","3","9","9","6","0","0","bulk-1.27-teamid-from-league-list","0","0","0"
"3.3","Bank Pekao S.A vs KS Okalew 3:0","1126262","2026-06-30 17:00","Żubr Arena","Bank Pekao S.A","144741","Chavez, Antonio","2032828","6","5","13","1","2","86.7","2","0","1","50","50","4","2","1","2","2","75","0","0","0","0","0","3","12","19","0","0","0","0","0","0","0","17.6","","1","1","0","0","1","1","12","19","2","0","10","1","0","2","86.7","66.2","0","0","0","0","0","0","0","0","0","0","0","0","0","0","0","0","1","1","0","0","0","0","0","0","1","0","0","0","0","1","0","0","0","0","0","0","0","0","0","0","0","1","0","1","0","0","0","2","1","0","0","1","0","2","7","0","13","0","0","bulk-1.27-teamid-from-league-list","0","0","0"
"3.3","Bank Pekao S.A vs KS Okalew 3:0","1126262","2026-06-30 17:00","Żubr Arena","Bank Pekao S.A","144741","Barglik, Krystian","2002591","3","3","0","0","0","0","0","0","0","0","0","0","0","0","0","0","0","0","0","0","0","0","3","9","14","0","0","0","0","0","0","0","9","","0","0","0","0","0","0","9","14","3","0","8","0","0","1","0","0","0","0","0","0","0","0","0","0","0","0","0","0","0","0","0","0","0","0","0","0","0","0","0","0","0","0","0","0","0","0","0","0","0","0","0","0","0","0","0","0","0","0","0","0","0","0","0","0","0","0","0","0","0","1","3","0","0","0","0","bulk-1.27-teamid-from-league-list","0","0","0"
"3.3","Bank Pekao S.A vs KS Okalew 3:0","1126262","2026-06-30 17:00","Żubr Arena","Bank Pekao S.A","144741","Di Giacomo, Marco","2002400","4","4","5","0","0","71.1","0","0","0","0","0","0","0","0","0","0","0","0","0","0","0","0","4","9","14","7","2","11","3","2","5","1","12","","0","0","0","0","0","0","9","14","4","0","8","0","0","1","71.1","65.6","0","0","0","0","0","0","0","0","0","0","0","0","0","0","0","0","0","0","0","0","0","0","0","0","0","0","0","0","0","0","7","2","0","0","2","11","0","0","0","0","0","0","0","0","0","0","0","0","0","0","0","0","0","2","0","10","6","0","0","bulk-1.27-teamid-from-league-list","0","0","0"
"3.3","Bank Pekao S.A vs KS Okalew 3:0","1126262","2026-06-30 17:00","Żubr Arena","Bank Pekao S.A","144741","Barbier, Gérard","2087381","2","1","10","1","0","64.1","4","0","2","50","50","2","0","0","2","2","100","1","0","100","1","100","0","3","7","0","0","0","0","0","0","0","4.6","","2","2","0","0","0","0","3","7","0","0","3","0","0","0","64.1","54.7","0","0","0","0","1","1","0","0","0","0","0","0","1","0","0","0","1","2","0","0","0","0","0","0","1","0","0","0","0","1","0","0","0","0","0","0","0","1","0","0","1","0","0","0","0","0","0","2","2","0","0","0","0","3","11","2","1","0","0","bulk-1.27-teamid-from-league-list","0","0","0"
"3.3","Bank Pekao S.A vs KS Okalew 3:0","1126262","2026-06-30 17:00","Żubr Arena","Bank Pekao S.A","144741","Chun-Chieh, Hark-Sun","2002321","2","1","1","0","0","46","2","1","1","50","0","0","0","0","0","0","0","0","0","0","0","0","1","2","4","0","0","0","0","0","0","0","3.5","","0","0","0","0","0","0","2","4","1","0","2","0","0","0","46","46","0","0","0","0","0","0","0","0","1","0","0","1","0","0","0","0","0","0","1","0","0","0","0","1","0","0","0","0","0","0","0","0","0","0","0","0","0","0","0","0","0","0","0","0","0","0","0","0","0","0","0","0","0","2","1","3","0","0","0","bulk-1.27-teamid-from-league-list","0","0","0"
"3.3","Bank Pekao S.A vs KS Okalew 3:0","1126262","2026-06-30 17:00","Żubr Arena","KS Okalew","131073","Kuczkowski, Michał","1681793","0","0","4","0","0","52.9","0","0","0","0","0","12","10","3","2","1","33","0","0","0","0","0","0","8","21","10","23","62","7","19","18","18","2.8","","0","0","1","2","0","0","8","21","0","0","7","0","0","1","52.9","46","0","0","0","0","0","0","0","0","0","0","0","0","0","0","0","0","0","0","0","0","0","0","0","0","0","0","0","0","0","0","10","23","3","3","23","62","0","0","0","0","0","3","1","0","0","2","0","1","1","0","0","0","0","3","27","27","1","0","0","bulk-1.27-teamid-from-league-list","0","0","0"
"3.3","Bank Pekao S.A vs KS Okalew 3:0","1126262","2026-06-30 17:00","Żubr Arena","KS Okalew","131073","Kędzierski, Bartosz","1864635","6","-5","7","1","2","55.6","5","4","0","0","-80","13","10","4","3","1","38","44","6","86","5","11","4","12","24","0","0","0","0","0","0","0","19.8","","0","0","1","3","0","0","12","24","4","0","11","0","0","1","55.6","50.8","0","0","1","0","0","1","0","0","3","0","0","3","0","0","0","0","0","0","0","0","0","0","0","0","0","0","0","0","1","1","0","0","0","0","0","0","4","13","10","11","38","4","1","1","0","1","1","1","0","1","0","0","0","3","13","24","23","0","0","bulk-1.27-teamid-from-league-list","0","0","0"
"3.3","Bank Pekao S.A vs KS Okalew 3:0","1126262","2026-06-30 17:00","Żubr Arena","KS Okalew","131073","Menaballi, Italo","1744884","5","0","7","1","0","59.5","17","4","3","18","-6","2","1","0","1","1","50","0","0","0","0","0","2","17","24","0","0","2","0","1","1","0","4.2","","0","0","1","1","0","0","17","24","2","0","14","0","0","3","59.5","50.4","0","0","0","0","2","2","0","0","1","0","0","1","0","0","0","0","0","0","2","1","2","1","8","14","0","0","0","0","0","0","0","0","0","0","2","2","0","0","0","0","0","0","0","0","0","0","0","1","0","1","0","0","0","3","7","15","2","0","0","bulk-1.27-teamid-from-league-list","0","0","0"
"3.3","Bank Pekao S.A vs KS Okalew 3:0","1126262","2026-06-30 17:00","Żubr Arena","KS Okalew","131073","Lauriola, Paolo","1710082","4","0","4","0","0","54.1","10","4","3","30","-10","13","6","5","7","0","38","0","0","0","0","0","1","15","32","0","0","0","0","0","0","0","7","","0","1","0","6","0","0","15","32","1","0","12","0","0","3","54.1","50.2","1","0","0","0","1","2","0","0","2","0","0","2","2","0","2","0","1","5","0","0","0","0","0","0","0","0","0","0","1","1","0","0","0","0","0","0","0","0","0","0","0","5","1","0","0","4","0","0","0","0","0","0","0","3","6","13","1","0","0","bulk-1.27-teamid-from-league-list","0","0","0"
"3.3","Bank Pekao S.A vs KS Okalew 3:0","1126262","2026-06-30 17:00","Żubr Arena","KS Okalew","131073","Carella, Martino","1744885","8","3","5","1","1","55.3","12","4","3","25","-8","13","5","2","8","2","31","5","0","100","1","20","4","22","43","0","0","0","0","0","0","0","17.2","","1","1","1","7","0","0","22","43","4","0","20","0","0","2","55.3","51.7","0","0","0","0","0","0","1","0","2","1","2","6","1","0","2","0","2","5","0","0","0","0","0","0","0","0","0","0","1","1","0","0","0","0","0","0","0","2","3","0","5","2","0","1","0","0","1","2","0","2","0","0","0","3","11","10","7","0","0","bulk-1.27-teamid-from-league-list","0","0","0"
"3.3","Bank Pekao S.A vs KS Okalew 3:0","1126262","2026-06-30 17:00","Żubr Arena","KS Okalew","131073","Baranowski, Maciej","1903655","7","-6","6","1","0","52.4","32","12","6","19","-19","4","0","0","4","0","0","0","0","0","0","0","1","24","38","0","0","0","0","0","0","0","-7.8","","0","0","0","4","0","0","24","38","1","1","22","0","0","2","52.4","45.7","1","1","1","0","2","5","3","0","2","0","1","6","0","0","0","0","0","0","0","1","7","2","11","21","0","0","0","0","0","0","0","0","0","0","0","0","0","0","0","0","0","0","0","0","0","0","0","0","0","0","0","0","0","3","8","12","12","0","0","bulk-1.27-teamid-from-league-list","0","0","0"
"3.3","Bank Pekao S.A vs KS Okalew 3:0","1126262","2026-06-30 17:00","Żubr Arena","KS Okalew","131073","Stoilov, Krasimir","1767983","0","0","0","0","0","0","0","0","0","0","0","16","11","7","5","1","50","7","0","100","1","14","0","0","0","2","0","2","0","2","0","0","9.2","","1","1","0","4","0","0","0","0","0","0","0","0","0","0","0","0","0","0","0","0","0","0","0","0","0","0","0","0","0","0","0","0","0","0","0","0","0","0","0","0","0","0","0","0","0","0","2","0","0","0","0","2","0","2","2","3","7","7","1","4","0","2","0","1","1","0","0","0","0","3","8","8","4","0","0","bulk-1.27-teamid-from-league-list","0","0","0"
"3.3","Bank Pekao S.A vs KS Okalew 3:0","1126262","2026-06-30 17:00","Żubr Arena","KS Okalew","131073","Gojnea, Cezar","1709695","1","-1","1","0","0","44.2","4","2","0","0","-50","6","3","1","3","0","17","0","0","0","0","0","1","7","10","0","0","0","0","0","0","0","0.8","","0","0","0","3","0","0","7","10","1","0","6","0","0","1","44.2","44.2","0","0","0","0","2","2","0","0","2","0","0","2","0","0","0","0","0","0","0","0","0","0","0","0","0","0","0","0","0","0","0","0","0","0","0","0","0","0","0","0","0","1","0","1","0","0","0","0","0","0","0","0","0","3","1","1","6","0","0","bulk-1.27-teamid-from-league-list","0","0","0"
"3.3","Bank Pekao S.A vs KS Okalew 3:0","1126262","2026-06-30 17:00","Żubr Arena","KS Okalew","131073","Nakaizumi, Teppei","1905222","0","-1","1","0","0","50","1","1","0","0","-100","4","2","1","2","1","50","13","0","100","1","8","0","1","4","0","0","0","0","0","0","0","5.3","","1","1","0","1","0","0","1","4","0","0","1","0","0","0","50","50","0","0","0","0","0","0","0","0","1","0","0","1","0","0","0","0","0","0","0","0","0","0","0","0","0","0","0","0","0","0","0","0","0","0","0","0","1","5","4","3","13","1","0","1","0","0","0","1","0","1","0","0","0","1","15","1","0","0","0","bulk-1.27-teamid-from-league-list","0","0","0"
"3.3","Bank Pekao S.A vs KS Okalew 3:0","1126262","2026-06-30 17:00","Żubr Arena","KS Okalew","131073","Juszkiewicz, Krzysztof","1709440","0","0","0","0","0","0","0","0","0","0","0","5","4","0","1","0","0","0","0","0","0","0","0","2","8","2","10","27","0","7","10","10","0","","0","0","0","1","0","0","2","8","0","0","2","0","0","0","0","0","0","0","0","0","0","0","0","0","0","0","0","0","0","0","0","0","0","0","0","0","0","0","0","0","0","0","0","0","0","0","2","10","1","1","13","27","0","0","0","0","0","0","0","0","0","0","0","0","0","0","0","0","0","2","3","0","21","0","0","bulk-1.27-teamid-from-league-list","0","0","0"
"3.3","Bank Pekao S.A vs KS Okalew 3:0","1126262","2026-06-30 17:00","Żubr Arena","KS Okalew","131073","Naliwajko, Czesław","1646788","3","-3","2","0","0","58.2","12","6","3","25","-25","3","1","0","2","0","0","0","0","0","0","0","0","2","9","0","0","0","0","0","0","0","-8","","0","0","0","2","0","0","2","9","0","0","2","0","0","0","58.2","54","1","0","0","0","2","3","0","0","0","0","0","0","0","0","0","0","0","0","2","1","5","0","1","9","0","0","0","0","0","0","0","0","0","0","0","0","0","0","0","0","0","0","0","0","0","0","0","0","0","0","0","0","0","3","12","1","1","0","0","bulk-1.27-teamid-from-league-list","0","0","0"