"Liga","Mecz","MatchId","Data","Arena","Drużyna","TeamId","Zawodnik","PlayerId","Pkt","W-L","Serwisy","S_błędy","Asy","MaxSpeed_kmh","Ataki","A_błędy","A_pkt","SK%","EF%","Próby_Obr_Asek","Próby_Obrony","Udane_Obrony","Próby_Asekuracji","Udane_Asekuracje","Obr_SK%","Przyjęcia","P_błędy","Poz%","Prf","Perf%","Bloki","Wybloki","Próby_Bloku","Wystawy_Udane","Wystawy_Złe","Wystawy_Tot","Rozegranie_Bez_Bloku","Rozegranie_Pojedynczy","Rozegranie_Podwójny","Rozegranie_Potrójny","MVP_Score","PBP_Data","D1_Asek_Kiwki_Udane","D1_Asek_Kiwki_Tot","D1_Asek_Bloku_Aktywnego_Udane","D1_Asek_Bloku_Aktywnego_Tot","D1_Asek_Bloku_Pasywnego_Udane","D1_Asek_Bloku_Pasywnego_Tot","D2_Ustawienie_Blok_Udane","D2_Ustawienie_Blok_Tot","D2_Blok_Aktywny_Udane","D2_Blok_Aktywny_Nieudane","D2_Blok_Aktywny_Tot","D2_Blok_Pasywny_Udane","D2_Blok_Pasywny_Nieudane","D2_Blok_Pasywny_Tot","O1_Serwis_Max_kmh","O1_Serwis_Śr_kmh","O1_Kiwka_Udane","O1_Kiwka_Błędy","O1_Kiwka_Zablokowane_Skutecznie","O1_Kiwka_Zablokowane_Nieskutecznie","O1_Kiwka_Wyasekurowane","O1_Kiwka_Tot","O1_Atak_BlokAut_Udane","O1_Atak_BlokAut_Błędy","O1_Atak_BlokAut_Zablokowane","O1_Atak_BlokAut_Zablokowane_Nieskutecznie","O1_Atak_BlokAut_Wybronione","O1_Atak_BlokAut_Tot","O2_Atak_1Linia_Skrzydło_Udane","O2_Atak_1Linia_Skrzydło_Błędy","O2_Atak_1Linia_Skrzydło_Zablokowane","O2_Atak_1Linia_Skrzydło_Zablokowane_Nieskutecznie","O2_Atak_1Linia_Skrzydło_Wybronione","O2_Atak_1Linia_Skrzydło_Tot","O2_Atak_1Linia_Środek_Udane","O2_Atak_1Linia_Środek_Błędy","O2_Atak_1Linia_Środek_Zablokowane","O2_Atak_1Linia_Środek_Zablokowane_Nieskutecznie","O2_Atak_1Linia_Środek_Wybronione","O2_Atak_1Linia_Środek_Tot","O2_Atak_2Linia_Udane","O2_Atak_2Linia_Błędy","O2_Atak_2Linia_Zablokowane","O2_Atak_2Linia_Zablokowane_Nieskutecznie","O2_Atak_2Linia_Wybronione","O2_Atak_2Linia_Tot","OTH_Wystawa_Punkt","OTH_Wystawa_Atakujący_Zablokowany","OTH_Wystawa_Atakujący_Nieskutecznie_Zablokowany","OTH_Wystawa_Atakujący_Błąd","OTH_Wystawa_Atak_Obroniony","OTH_Rozegranie_Tot","PBP_Przyjecie_Blok0","PBP_Przyjecie_Blok1","PBP_Przyjecie_Blok2","PBP_Przyjecie_Blok3","PBP_Przyjecie_Blok_Razem","PBP_OB_Atak_Razem","PBP_OB_Atak_Punkt","PBP_OB_Atak_Blok","PBP_OB_Atak_Blad","PBP_OB_Atak_Obroniony","PBP_OB_Atak_Inne","PBP_SEK_Atak_Razem","PBP_SEK_Atak_Punkt","PBP_SEK_Atak_Blok","PBP_SEK_Atak_Blad","PBP_SEK_Atak_Obroniony","PBP_SEK_Atak_Inne","Sety_Zagrane_PBP","PBP_Set1_Akcje","PBP_Set2_Akcje","PBP_Set3_Akcje","PBP_Set4_Akcje","PBP_Set5_Akcje","Exporter_Version","Is_Walkover","Walkover_MP_For","Walkover_MP_Against"
"3.6","Libero Gorzków vs Bydgoszcz Baki 1:3","1215999","2026-09-01 17:00","Hala 134","Libero Gorzków","128703","Veikat, Bruno","1903475","4","2","15","2","0","55.8","0","0","0","0","0","17","9","8","8","4","71","0","0","0","0","0","4","23","54","38","36","130","11","31","57","31","18","{""sets"":[{""h"":14,""a"":25},{""h"":25,""a"":21},{""h"":25,""a"":27},{""h"":9,""a"":25}],""parsedSets"":[{""rallies"":[{""type"":""end"",""score"":""14 : 25"",""txt"":""Koniec seta 0 : 1""},{""type"":""end"",""score"":""14 : 25"",""txt"":""Koniec seta 0 : 1""},{""type"":""rally"",""score"":""14 : 25"",""speed"":""46.7 km/h"",""res"":""Punkt: T. Sikorski""},{""type"":""chg"",""score"":""14 : 24"",""txt"":""Zmiana: S. Lopilato ⇄ A. Sepp""},{""type"":""rally"",""score"":""14 : 24"",""speed"":""61.6 km/h"",""res"":""Błąd: A. Sepp""},{""type"":""rally"",""score"":""14 : 23"",""speed"":""46.3 km/h"",""res"":""Punkt: T. Sikorski""},{""type"":""rally"",""score"":""14 : 22"",""speed"":""62.1 km/h"",""res"":""Punkt: A. Barszczewski""},{""type"":""rally"",""score"":""14 : 21"",""speed"":""61.5 km/h"",""res"":""Punkt: D. Przybyszewski""},{""type"":""tmo"",""score"":""14 : 20"",""txt"":""Czas dla: Bydgoszcz Baki""},{""type"":""rally"",""score"":""14 : 20"",""speed"":""50.4 km/h"",""res"":""Punkt: S. Kuczyński""},{""type"":""tmo"",""score"":""13 : 20"",""txt"":""Czas dla: Bydgoszcz Baki""},{""type"":""rally"",""score"":""13 : 20"",""speed"":""60.7 km/h"",""res"":""Punkt: J. Järventie""},{""type"":""rally"",""score"":""12 : 20"",""speed"":""50.3 km/h"",""res"":""Punkt: J. Järventie""},{""type"":""rally"",""score"":""11 : 20"",""speed"":""53.7 km/h"",""res"":""Punkt: T. Sikorski""},{""type"":""rally"",""score"":""11 : 19"",""speed"":""55.2 km/h"",""res"":""Punkt: G. Marandel""},{""type"":""rally"",""score"":""10 : 19"",""speed"":""61.9 km/h"",""res"":""Błąd: A. Marante""},{""type"":""rally"",""score"":""10 : 18"",""speed"":""46.8 km/h"",""res"":""Punkt: A. Barszczewski""},{""type"":""rally"",""score"":""10 : 17"",""speed"":""49.8 km/h"",""res"":""Punkt: J. Järventie""},{""type"":""rally"",""score"":""9 : 17"",""speed"":""48.7 km/h"",""res"":""Punkt: M. Kronauer""},{""type"":""tmo"",""score"":""9 : 16"",""txt"":""Czas dla: ""},{""type"":""rally"",""score"":""9 : 16"",""speed"":""56.5 km/h"",""res"":""Punkt: M. Kronauer""},{""type"":""chg"",""score"":""9 : 15"",""txt"":""Zmiana: S. Kuczyński ⇄ L. Torregrossa""},{""type"":""rally"",""score"":""9 : 15"",""speed"":""53.5 km/h"",""res"":""Punkt: M. Kronauer""},{""type"":""chg"",""score"":""9 : 14"",""txt"":""Zmiana: A. Marante ⇄ M. Grab""},{""type"":""chg"",""score"":""9 : 14"",""txt"":""Zmiana: J. Järventie ⇄ T. Rabinowitsch""},{""type"":""rally"",""score"":""9 : 14"",""speed"":""51.1 km/h"",""res"":""Błąd: M. Grab""},{""type"":""rally"",""score"":""9 : 13"",""speed"":""55.4 km/h"",""res"":""Punkt: M. Kronauer""},{""type"":""rally"",""score"":""9 : 12"",""speed"":""55.9 km/h"",""res"":""Punkt: T. Rabinowitsch""},{""type"":""rally"",""score"":""8 : 12"",""speed"":""59.1 km/h"",""res"":""Punkt: M. Kronauer""},{""type"":""chg"",""score"":""8 : 11"",""txt"":""Zmiana: A. Sepp ⇄ S. Lopilato""},{""type"":""rally"",""score"":""8 : 11"",""speed"":""44.3 km/h"",""res"":""Punkt: M. Kronauer""},{""type"":""rally"",""score"":""8 : 10"",""speed"":""56.4 km/h"",""res"":""Punkt: D. Dutra""},{""type"":""rally"",""score"":""8 : 9"",""speed"":""45.7 km/h"",""res"":""Punkt: A. Barszczewski""},{""type"":""rally"",""score"":""8 : 8"",""speed"":""54.2 km/h"",""res"":""Punkt: M. Kronauer""},{""type"":""rally"",""score"":""8 : 7"",""speed"":""54.9 km/h"",""res"":""Punkt: D. Przybyszewski""},{""type"":""tmo"",""score"":""8 : 6"",""txt"":""Czas dla: ""},{""type"":""rally"",""score"":""8 : 6"",""speed"":""43.9 km/h"",""res"":""Punkt: L. Torregrossa""},{""type"":""rally"",""score"":""7 : 6"",""speed"":""52.9 km/h"",""res"":""Punkt: D. Dutra""},{""type"":""rally"",""score"":""7 : 5"",""speed"":""43.9 km/h"",""res"":""Punkt: S. Lopilato""},{""type"":""rally"",""score"":""6 : 5"",""speed"":""63.7 km/h"",""res"":""Punkt: D. Przybyszewski""},{""type"":""rally"",""score"":""6 : 4"",""speed"":""72.9 km/h"",""res"":""Punkt: M. Grab""},{""type"":""rally"",""score"":""5 : 4"",""speed"":""45.9 km/h"",""res"":""Punkt: M. Grab""},{""type"":""rally"",""score"":""4 : 4"",""speed"":""47.1 km/h"",""res"":""Punkt: M. Kronauer""},{""type"":""rally"",""score"":""4 : 3"",""speed"":""53.2 km/h"",""res"":""Punkt: M. Grab""},{""type"":""tmo"",""score"":""3 : 3"",""txt"":""Czas dla: Libero Gorzków""},{""type"":""rally"",""score"":""3 : 3"",""speed"":""-"",""res"":""Błąd: T. Hajrović""},{""type"":""rally"",""score"":""2 : 3"",""speed"":""50.4 km/h"",""res"":""Punkt: T. Sikorski""},{""type"":""rally"",""score"":""2 : 2"",""speed"":""61.0 km/h"",""res"":""Punkt: T. Sikorski""},{""type"":""rally"",""score"":""2 : 1"",""speed"":""55.8 km/h"",""res"":""Punkt: M. Kronauer""},{""type"":""rally"",""score"":""2 : 0"",""speed"":""53.6 km/h"",""res"":""Punkt: L. Torregrossa""},{""type"":""rally"",""score"":""1 : 0"",""speed"":""51.9 km/h"",""res"":""Punkt: M. Grab""}]},{""rallies"":[{""type"":""end"",""score"":""25 : 21"",""txt"":""Koniec seta 1 : 1""},{""type"":""end"",""score"":""25 : 21"",""txt"":""Koniec seta 1 : 1""},{""type"":""rally"",""score"":""25 : 21"",""speed"":""65.9 km/h"",""res"":""Punkt: M. Grab""},{""type"":""rally"",""score"":""24 : 21"",""speed"":""-"",""res"":""Błąd: T. Hajrović""},{""type"":""rally"",""score"":""23 : 21"",""speed"":""48.7 km/h"",""res"":""Punkt: T. Nowak""},{""type"":""rally"",""score"":""23 : 20"",""speed"":""45.3 km/h"",""res"":""Błąd: M. Kronauer""},{""type"":""rally"",""score"":""22 : 20"",""speed"":""52.0 km/h"",""res"":""Punkt: M. Kronauer""},{""type"":""rally"",""score"":""22 : 19"",""speed"":""50.8 km/h"",""res"":""Punkt: G. Marandel""},{""type"":""rally"",""score"":""21 : 19"",""speed"":""51.3 km/h"",""res"":""Punkt: G. Marandel""},{""type"":""tmo"",""score"":""20 : 19"",""txt"":""Czas dla: Bydgoszcz Baki""},{""type"":""rally"",""score"":""20 : 19"",""speed"":""52.8 km/h"",""res"":""Punkt: M. Grab""},{""type"":""rally"",""score"":""19 : 19"",""speed"":""51.7 km/h"",""res"":""Punkt: G. Marandel""},{""type"":""rally"",""score"":""18 : 19"",""speed"":""46.7 km/h"",""res"":""Punkt: G. Marandel""},{""type"":""rally"",""score"":""17 : 19"",""speed"":""41.9 km/h"",""res"":""Punkt: T. Hajrović""},{""type"":""rally"",""score"":""17 : 18"",""speed"":""-"",""res"":""Błąd: S. Lopilato""},{""type"":""rally"",""score"":""17 : 17"",""speed"":""65.5 km/h"",""res"":""Punkt: S. Kuczyński""},{""type"":""rally"",""score"":""16 : 17"",""speed"":""42.8 km/h"",""res"":""Punkt: S. Lopilato""},{""type"":""rally"",""score"":""15 : 17"",""speed"":""52.2 km/h"",""res"":""Punkt: T. Sikorski""},{""type"":""rally"",""score"":""15 : 16"",""speed"":""50.4 km/h"",""res"":""Punkt: S. Lopilato""},{""type"":""rally"",""score"":""14 : 16"",""speed"":""48.4 km/h"",""res"":""Punkt: M. Grab""},{""type"":""tmo"",""score"":""13 : 16"",""txt"":""Czas dla: ""},{""type"":""rally"",""score"":""13 : 16"",""speed"":""58.3 km/h"",""res"":""Punkt: D. Dutra""},{""type"":""chg"",""score"":""13 : 15"",""txt"":""Zmiana: S. Kuczyński ⇄ L. Torregrossa""},{""type"":""rally"",""score"":""13 : 15"",""speed"":""58.9 km/h"",""res"":""Punkt: T. Nowak""},{""type"":""rally"",""score"":""13 : 14"",""speed"":""46.4 km/h"",""res"":""Punkt: S. Lopilato""},{""type"":""rally"",""score"":""12 : 14"",""speed"":""46.5 km/h"",""res"":""Punkt: M. Grab""},{""type"":""rally"",""score"":""11 : 14"",""speed"":""64.1 km/h"",""res"":""Punkt: M. Kronauer""},{""type"":""tmo"",""score"":""11 : 13"",""txt"":""Czas dla: Bydgoszcz Baki""},{""type"":""rally"",""score"":""11 : 13"",""speed"":""56.1 km/h"",""res"":""Błąd: T. Sikorski""},{""type"":""rally"",""score"":""10 : 13"",""speed"":""-"",""res"":""Błąd: T. Hajrović""},{""type"":""rally"",""score"":""9 : 13"",""speed"":""50.4 km/h"",""res"":""Punkt: M. Kronauer""},{""type"":""rally"",""score"":""9 : 12"",""speed"":""50.0 km/h"",""res"":""Punkt: M. Grab""},{""type"":""rally"",""score"":""8 : 12"",""speed"":""-"",""res"":""Błąd: B. Veikat""},{""type"":""rally"",""score"":""8 : 11"",""speed"":""44.0 km/h"",""res"":""Punkt: G. Marandel""},{""type"":""rally"",""score"":""7 : 11"",""speed"":""42.8 km/h"",""res"":""Punkt: M. Kronauer""},{""type"":""rally"",""score"":""7 : 10"",""speed"":""49.7 km/h"",""res"":""Punkt: D. Dutra""},{""type"":""rally"",""score"":""7 : 9"",""speed"":""44.3 km/h"",""res"":""Punkt: T. Hajrović""},{""type"":""tmo"",""score"":""7 : 8"",""txt"":""Czas dla: ""},{""type"":""rally"",""score"":""7 : 8"",""speed"":""51.9 km/h"",""res"":""Punkt: D. Przybyszewski""},{""type"":""rally"",""score"":""7 : 7"",""speed"":""42.9 km/h"",""res"":""Błąd: D. Przybyszewski""},{""type"":""rally"",""score"":""6 : 7"",""speed"":""41.5 km/h"",""res"":""Punkt: B. Veikat""},{""type"":""rally"",""score"":""5 : 7"",""speed"":""47.6 km/h"",""res"":""Punkt: D. Przybyszewski""},{""type"":""rally"",""score"":""5 : 6"",""speed"":""45.1 km/h"",""res"":""Punkt: D. Przybyszewski""},{""type"":""rally"",""score"":""5 : 5"",""speed"":""52.1 km/h"",""res"":""Punkt: T. Rabinowitsch""},{""type"":""rally"",""score"":""4 : 5"",""speed"":""-"",""res"":""Błąd: T. Nowak""},{""type"":""rally"",""score"":""3 : 5"",""speed"":""48.5 km/h"",""res"":""Punkt: D. Przybyszewski""},{""type"":""rally"",""score"":""3 : 4"",""speed"":""46.7 km/h"",""res"":""Punkt: T. Nowak""},{""type"":""rally"",""score"":""3 : 3"",""speed"":""56.0 km/h"",""res"":""Błąd: T. Rabinowitsch""},{""type"":""tmo"",""score"":""3 : 2"",""txt"":""Czas dla: Libero Gorzków""},{""type"":""rally"",""score"":""3 : 2"",""speed"":""46.2 km/h"",""res"":""Punkt: S. Lopilato""},{""type"":""rally"",""score"":""2 : 2"",""speed"":""-"",""res"":""Błąd: G. Marandel""},{""type"":""rally"",""score"":""2 : 1"",""speed"":""52.6 km/h"",""res"":""Punkt: M. Grab""},{""type"":""rally"",""score"":""1 : 1"",""speed"":""-"",""res"":""Błąd: L. Torregrossa""},{""type"":""chg"",""score"":""1 : 0"",""txt"":""Zmiana: T. Nowak ⇄ A. Barszczewski""},{""type"":""rally"",""score"":""1 : 0"",""speed"":""-"",""res"":""Błąd: D. Dutra""}]},{""rallies"":[{""type"":""end"",""score"":""25 : 27"",""txt"":""Koniec seta 1 : 2""},{""type"":""end"",""score"":""25 : 27"",""txt"":""Koniec seta 1 : 2""},{""type"":""rally"",""score"":""25 : 27"",""speed"":""51.9 km/h"",""res"":""Punkt: D. Dutra""},{""type"":""rally"",""score"":""25 : 26"",""speed"":""52.8 km/h"",""res"":""Punkt: D. Przybyszewski""},{""type"":""rally"",""score"":""25 : 25"",""speed"":""53.0 km/h"",""res"":""Punkt: A. Barszczewski""},{""type"":""rally"",""score"":""25 : 24"",""speed"":""51.5 km/h"",""res"":""Punkt: M. Grab""},{""type"":""rally"",""score"":""24 : 24"",""speed"":""45.9 km/h"",""res"":""Punkt: M. Kronauer""},{""type"":""rally"",""score"":""24 : 23"",""speed"":""51.6 km/h"",""res"":""Punkt: S. Kuczyński""},{""type"":""rally"",""score"":""23 : 23"",""speed"":""47.3 km/h"",""res"":""Punkt: T. Rabinowitsch""},{""type"":""rally"",""score"":""22 : 23"",""speed"":""53.8 km/h"",""res"":""Punkt: M. Grab""},{""type"":""rally"",""score"":""21 : 23"",""speed"":""62.2 km/h"",""res"":""Błąd: M. Grab""},{""type"":""rally"",""score"":""21 : 22"",""speed"":""64.8 km/h"",""res"":""Punkt: M. Kronauer""},{""type"":""rally"",""score"":""21 : 21"",""speed"":""-"",""res"":""Błąd: B. Veikat""},{""type"":""rally"",""score"":""21 : 20"",""speed"":""52.8 km/h"",""res"":""Punkt: G. Marandel""},{""type"":""rally"",""score"":""20 : 20"",""speed"":""46.0 km/h"",""res"":""Punkt: T. Hajrović""},{""type"":""rally"",""score"":""20 : 19"",""speed"":""48.6 km/h"",""res"":""Punkt: M. Kronauer""},{""type"":""rally"",""score"":""20 : 18"",""speed"":""52.6 km/h"",""res"":""Punkt: M. Grab""},{""type"":""chg"",""score"":""19 : 18"",""txt"":""Zmiana: A. Sepp ⇄ S. Lopilato""},{""type"":""rally"",""score"":""19 : 18"",""speed"":""58.2 km/h"",""res"":""Błąd: S. Lopilato""},{""type"":""rally"",""score"":""19 : 17"",""speed"":""53.8 km/h"",""res"":""Błąd: T. Rabinowitsch""},{""type"":""rally"",""score"":""19 : 16"",""speed"":""56.6 km/h"",""res"":""Punkt: T. Hajrović""},{""type"":""rally"",""score"":""19 : 15"",""speed"":""43.1 km/h"",""res"":""Błąd: D. Przybyszewski""},{""type"":""rally"",""score"":""18 : 15"",""speed"":""58.8 km/h"",""res"":""Błąd: D. Przybyszewski""},{""type"":""rally"",""score"":""17 : 15"",""speed"":""-"",""res"":""Błąd: A. Lanhoso""},{""type"":""rally"",""score"":""16 : 15"",""speed"":""54.9 km/h"",""res"":""Punkt: A. Lanhoso""},{""type"":""tmo"",""score"":""16 : 14"",""txt"":""Czas dla: ""},{""type"":""rally"",""score"":""16 : 14"",""speed"":""51.5 km/h"",""res"":""Błąd: A. Barszczewski""},{""type"":""chg"",""score"":""15 : 14"",""txt"":""Zmiana: S. Kuczyński ⇄ L. Torregrossa""},{""type"":""chg"",""score"":""15 : 14"",""txt"":""Zmiana: M. Grab ⇄ A. Marante""},{""type"":""rally"",""score"":""15 : 14"",""speed"":""50.4 km/h"",""res"":""Punkt: S. Lopilato""},{""type"":""rally"",""score"":""14 : 14"",""speed"":""51.9 km/h"",""res"":""Punkt: A. Barszczewski""},{""type"":""rally"",""score"":""14 : 13"",""speed"":""49.2 km/h"",""res"":""Punkt: A. Marante""},{""type"":""rally"",""score"":""13 : 13"",""speed"":""49.3 km/h"",""res"":""Punkt: D. Przybyszewski""},{""type"":""rally"",""score"":""13 : 12"",""speed"":""44.5 km/h"",""res"":""Punkt: A. Lanhoso""},{""type"":""rally"",""score"":""13 : 11"",""speed"":""48.8 km/h"",""res"":""Punkt: A. Lanhoso""},{""type"":""rally"",""score"":""13 : 10"",""speed"":""54.1 km/h"",""res"":""Punkt: A. Lanhoso""},{""type"":""rally"",""score"":""13 : 9"",""speed"":""60.4 km/h"",""res"":""Punkt: A. Marante""},{""type"":""tmo"",""score"":""12 : 9"",""txt"":""Czas dla: Bydgoszcz Baki""},{""type"":""rally"",""score"":""12 : 9"",""speed"":""48.4 km/h"",""res"":""Punkt: G. Marandel""},{""type"":""tmo"",""score"":""11 : 9"",""txt"":""Czas dla: Bydgoszcz Baki""},{""type"":""rally"",""score"":""11 : 9"",""speed"":""55.1 km/h"",""res"":""Punkt: A. Marante""},{""type"":""chg"",""score"":""10 : 9"",""txt"":""Zmiana: A. Marante ⇄ M. Grab""},{""type"":""rally"",""score"":""10 : 9"",""speed"":""65.7 km/h"",""res"":""Punkt: M. Grab""},{""type"":""rally"",""score"":""9 : 9"",""speed"":""53.0 km/h"",""res"":""Punkt: M. Kronauer""},{""type"":""rally"",""score"":""9 : 8"",""speed"":""45.3 km/h"",""res"":""Punkt: M. Grab""},{""type"":""rally"",""score"":""8 : 8"",""speed"":""52.7 km/h"",""res"":""Punkt: G. Marandel""},{""type"":""tmo"",""score"":""7 : 8"",""txt"":""Czas dla: ""},{""type"":""rally"",""score"":""7 : 8"",""speed"":""56.7 km/h"",""res"":""Punkt: M. Kronauer""},{""type"":""rally"",""score"":""7 : 7"",""speed"":""60.1 km/h"",""res"":""Punkt: B. Veikat""},{""type"":""rally"",""score"":""6 : 7"",""speed"":""55.5 km/h"",""res"":""Punkt: M. Grab""},{""type"":""rally"",""score"":""5 : 7"",""speed"":""44.8 km/h"",""res"":""Punkt: M. Kronauer""},{""type"":""rally"",""score"":""5 : 6"",""speed"":""43.7 km/h"",""res"":""Punkt: D. Przybyszewski""},{""type"":""rally"",""score"":""5 : 5"",""speed"":""48.6 km/h"",""res"":""Punkt: D. Dutra""},{""type"":""rally"",""score"":""5 : 4"",""speed"":""63.3 km/h"",""res"":""Punkt: T. Rabinowitsch""},{""type"":""rally"",""score"":""4 : 4"",""speed"":""45.3 km/h"",""res"":""Punkt: D. Przybyszewski""},{""type"":""rally"",""score"":""4 : 3"",""speed"":""53.7 km/h"",""res"":""Błąd: D. Przybyszewski""},{""type"":""tmo"",""score"":""3 : 3"",""txt"":""Czas dla: Libero Gorzków""},{""type"":""rally"",""score"":""3 : 3"",""speed"":""49.2 km/h"",""res"":""Punkt: M. Grab""},{""type"":""rally"",""score"":""2 : 3"",""speed"":""56.1 km/h"",""res"":""Punkt: A. Barszczewski""},{""type"":""rally"",""score"":""2 : 2"",""speed"":""52.2 km/h"",""res"":""Punkt: M. Grab""},{""type"":""rally"",""score"":""1 : 2"",""speed"":""-"",""res"":""Błąd: L. Torregrossa""},{""type"":""rally"",""score"":""1 : 1"",""speed"":""58.4 km/h"",""res"":""Punkt: M. Grab""},{""type"":""chg"",""score"":""0 : 1"",""txt"":""Zmiana: A. Lanhoso ⇄ T. Sikorski""},{""type"":""rally"",""score"":""0 : 1"",""speed"":""50.1 km/h"",""res"":""Punkt: T. Hajrović""}]},{""rallies"":[{""type"":""end"",""score"":""9 : 25"",""txt"":""Koniec seta 1 : 3""},{""type"":""end"",""score"":""9 : 25"",""txt"":""Koniec seta 1 : 3""},{""type"":""rally"",""score"":""9 : 25"",""speed"":""61.2 km/h"",""res"":""Punkt: A. Barszczewski""},{""type"":""rally"",""score"":""9 : 24"",""speed"":""50.1 km/h"",""res"":""Punkt: G. Marandel""},{""type"":""rally"",""score"":""8 : 24"",""speed"":""45.3 km/h"",""res"":""Punkt: M. Kronauer""},{""type"":""rally"",""score"":""8 : 23"",""speed"":""52.8 km/h"",""res"":""Punkt: A. Marante""},{""type"":""rally"",""score"":""7 : 23"",""speed"":""55.3 km/h"",""res"":""Punkt: M. Kronauer""},{""type"":""rally"",""score"":""7 : 22"",""speed"":""50.1 km/h"",""res"":""Punkt: G. Marandel""},{""type"":""rally"",""score"":""6 : 22"",""speed"":""62.3 km/h"",""res"":""Punkt: D. Przybyszewski""},{""type"":""rally"",""score"":""6 : 21"",""speed"":""52.1 km/h"",""res"":""Punkt: S. Lopilato""},{""type"":""rally"",""score"":""5 : 21"",""speed"":""56.2 km/h"",""res"":""Punkt: T. Hajrović""},{""type"":""rally"",""score"":""5 : 20"",""speed"":""48.9 km/h"",""res"":""Punkt: D. Przybyszewski""},{""type"":""rally"",""score"":""5 : 19"",""speed"":""52.4 km/h"",""res"":""Punkt: D. Przybyszewski""},{""type"":""tmo"",""score"":""5 : 18"",""txt"":""Czas dla: Bydgoszcz Baki""},{""type"":""rally"",""score"":""5 : 18"",""speed"":""53.1 km/h"",""res"":""Punkt: B. Veikat""},{""type"":""rally"",""score"":""4 : 18"",""speed"":""53.0 km/h"",""res"":""Punkt: S. Kuczyński""},{""type"":""rally"",""score"":""3 : 18"",""speed"":""43.7 km/h"",""res"":""Punkt: D. Przybyszewski""},{""type"":""rally"",""score"":""3 : 17"",""speed"":""49.8 km/h"",""res"":""Punkt: T. Sikorski""},{""type"":""tmo"",""score"":""3 : 16"",""txt"":""Czas dla: ""},{""type"":""rally"",""score"":""3 : 16"",""speed"":""60.8 km/h"",""res"":""Punkt: T. Sikorski""},{""type"":""chg"",""score"":""3 : 15"",""txt"":""Zmiana: S. Kuczyński ⇄ L. Torregrossa""},{""type"":""rally"",""score"":""3 : 15"",""speed"":""55.2 km/h"",""res"":""Punkt: D. Dutra""},{""type"":""rally"",""score"":""3 : 14"",""speed"":""59.7 km/h"",""res"":""Punkt: A. Barszczewski""},{""type"":""rally"",""score"":""3 : 13"",""speed"":""43.7 km/h"",""res"":""Punkt: A. Barszczewski""},{""type"":""chg"",""score"":""3 : 12"",""txt"":""Zmiana: T. Rabinowitsch ⇄ J. Järventie""},{""type"":""rally"",""score"":""3 : 12"",""speed"":""50.8 km/h"",""res"":""Błąd: L. Torregrossa""},{""type"":""rally"",""score"":""3 : 11"",""speed"":""58.8 km/h"",""res"":""Punkt: T. Sikorski""},{""type"":""chg"",""score"":""3 : 10"",""txt"":""Zmiana: A. Marante ⇄ M. Grab""},{""type"":""rally"",""score"":""3 : 10"",""speed"":""48.3 km/h"",""res"":""Punkt: T. Sikorski""},{""type"":""rally"",""score"":""3 : 9"",""speed"":""51.2 km/h"",""res"":""Punkt: D. Przybyszewski""},{""type"":""tmo"",""score"":""3 : 8"",""txt"":""Czas dla: ""},{""type"":""rally"",""score"":""3 : 8"",""speed"":""46.0 km/h"",""res"":""Punkt: A. Barszczewski""},{""type"":""tmo"",""score"":""3 : 7"",""txt"":""Czas dla: Libero Gorzków""},{""type"":""rally"",""score"":""3 : 7"",""speed"":""47.0 km/h"",""res"":""Punkt: S. Lopilato""},{""type"":""rally"",""score"":""2 : 7"",""speed"":""70.1 km/h"",""res"":""Punkt: A. Barszczewski""},{""type"":""rally"",""score"":""2 : 6"",""speed"":""49.7 km/h"",""res"":""Punkt: M. Grab""},{""type"":""chg"",""score"":""1 : 6"",""txt"":""Zmiana: J. Järventie ⇄ T. Rabinowitsch""},{""type"":""rally"",""score"":""1 : 6"",""speed"":""51.5 km/h"",""res"":""Punkt: T. Sikorski""},{""type"":""rally"",""score"":""1 : 5"",""speed"":""59.1 km/h"",""res"":""Punkt: T. Hajrović""},{""type"":""rally"",""score"":""1 : 4"",""speed"":""49.0 km/h"",""res"":""Punkt: M. Kronauer""},{""type"":""rally"",""score"":""1 : 3"",""speed"":""-"",""res"":""Błąd: L. Torregrossa""},{""type"":""rally"",""score"":""1 : 2"",""speed"":""56.1 km/h"",""res"":""Punkt: M. Grab""},{""type"":""rally"",""score"":""0 : 2"",""speed"":""47.2 km/h"",""res"":""Punkt: M. Kronauer""},{""type"":""rally"",""score"":""0 : 1"",""speed"":""56.8 km/h"",""res"":""Błąd: M. Grab""}]}]}","4","4","0","4","0","0","23","54","3","3","18","1","0","5","55.8","51.6","0","0","0","0","0","0","0","0","0","0","0","0","0","0","0","0","0","0","0","0","0","0","0","0","0","0","0","0","0","0","38","36","3","8","45","130","0","0","0","0","0","8","5","1","1","1","0","4","0","2","0","0","2","4","31","30","41","26","0","bulk-1.27-teamid-from-league-list","0","0","0"
"3.6","Libero Gorzków vs Bydgoszcz Baki 1:3","1215999","2026-09-01 17:00","Hala 134","Libero Gorzków","128703","Torregrossa, Lucas","1974428","3","-11","10","3","0","60.4","12","8","2","17","-50","20","3","2","17","9","55","21","3","86","7","33","1","17","31","0","0","0","0","0","0","0","-8.8","","8","10","1","7","0","0","17","31","1","0","13","0","0","4","60.4","52.7","0","0","1","1","1","3","1","0","3","0","0","4","0","0","3","0","0","3","0","0","0","0","0","0","0","1","0","0","1","2","0","0","0","0","0","0","2","5","9","2","18","2","1","1","0","0","0","9","0","4","1","2","2","4","10","8","14","11","0","bulk-1.27-teamid-from-league-list","0","0","0"
"3.6","Libero Gorzków vs Bydgoszcz Baki 1:3","1215999","2026-09-01 17:00","Hala 134","Libero Gorzków","128703","Marandel, Guillaume","1950267","11","5","14","1","0","72.9","14","5","7","50","14","10","2","0","8","0","0","0","0","0","0","0","4","28","51","0","1","2","0","0","0","2","20.3","","0","3","0","5","0","0","28","51","4","0","27","0","0","1","72.9","60.6","0","0","0","0","0","0","0","0","1","0","0","1","0","0","0","0","0","0","7","0","4","0","2","13","0","0","0","0","0","0","0","1","0","0","1","2","0","0","0","0","0","0","0","0","0","0","0","0","0","0","0","0","0","4","6","12","9","5","0","bulk-1.27-teamid-from-league-list","0","0","0"
"3.6","Libero Gorzków vs Bydgoszcz Baki 1:3","1215999","2026-09-01 17:00","Hala 134","Libero Gorzków","128703","Grab, Mirosław","1929331","21","11","9","0","0","58.9","46","10","20","43","22","16","4","3","12","4","44","0","0","0","0","0","1","20","41","0","0","0","0","0","0","0","36.4","","4","7","0","5","0","0","20","41","1","0","19","0","0","1","58.9","51.7","3","2","2","0","9","16","0","0","3","0","0","3","15","1","2","0","6","24","0","0","0","0","0","0","2","0","0","0","1","3","0","0","0","0","0","0","0","0","0","0","0","3","1","0","0","1","1","4","0","3","1","0","0","4","9","15","25","9","0","bulk-1.27-teamid-from-league-list","0","0","0"
"3.6","Libero Gorzków vs Bydgoszcz Baki 1:3","1215999","2026-09-01 17:00","Hala 134","Libero Gorzków","128703","Rabinowitsch, Toppo","1926909","6","-1","11","0","1","58.8","16","6","4","25","-12","17","7","2","10","2","24","28","1","96","8","29","1","23","48","0","0","0","0","0","0","0","17","","2","3","0","7","0","0","23","48","1","0","20","0","0","3","58.8","51.6","0","0","1","1","2","4","1","1","1","1","0","4","0","1","1","0","1","3","0","0","0","0","0","0","1","0","1","0","3","5","0","0","0","0","0","0","2","9","12","4","27","2","1","1","0","0","0","2","1","1","0","0","0","4","9","14","22","10","0","bulk-1.27-teamid-from-league-list","0","0","0"
"3.6","Libero Gorzków vs Bydgoszcz Baki 1:3","1215999","2026-09-01 17:00","Hala 134","Libero Gorzków","128703","Lopilato, Silvestro","1929537","8","1","7","1","0","65.5","19","6","4","21","-11","3","0","0","3","0","0","0","0","0","0","0","4","41","54","0","0","0","0","0","0","0","7.8","","0","1","0","2","0","0","41","54","4","0","36","0","0","5","65.5","56.6","3","1","1","0","8","13","0","0","4","0","0","4","0","0","0","0","0","0","1","0","0","0","1","2","0","0","0","0","0","0","0","0","0","0","0","0","0","0","0","0","0","0","0","0","0","0","0","0","0","0","0","0","0","4","5","10","8","5","0","bulk-1.27-teamid-from-league-list","0","0","0"
"3.6","Libero Gorzków vs Bydgoszcz Baki 1:3","1215999","2026-09-01 17:00","Hala 134","Libero Gorzków","128703","Uusimäki, Valtteri","1903479","0","0","0","0","0","0","0","0","0","0","0","25","10","4","15","10","56","17","0","100","3","18","0","0","0","5","2","10","1","4","2","3","15.2","","7","10","2","4","1","1","0","0","0","0","0","0","0","0","0","0","0","0","0","0","0","0","0","0","0","0","0","0","0","0","0","0","0","0","0","0","0","0","0","0","0","0","0","0","0","0","5","2","0","1","2","10","1","3","9","4","17","4","0","1","0","2","1","10","2","3","0","1","4","4","10","8","14","9","0","bulk-1.27-teamid-from-league-list","0","0","0"
"3.6","Libero Gorzków vs Bydgoszcz Baki 1:3","1215999","2026-09-01 17:00","Hala 134","Libero Gorzków","128703","Sepp, Ain","2088886","0","-1","2","0","0","55.4","3","1","0","0","-33","1","1","0","0","0","0","0","0","0","0","0","0","6","11","0","0","0","0","0","0","0","-1.5","","0","0","0","0","0","0","6","11","0","0","5","0","0","1","55.4","52","0","0","0","0","2","2","0","0","0","0","0","0","0","0","0","0","0","0","0","1","0","0","0","1","0","0","0","0","0","0","0","0","0","0","0","0","0","0","0","0","0","0","0","0","0","0","0","0","0","0","0","0","0","2","3","0","1","0","0","bulk-1.27-teamid-from-league-list","0","0","0"
"3.6","Libero Gorzków vs Bydgoszcz Baki 1:3","1215999","2026-09-01 17:00","Hala 134","Libero Gorzków","128703","Järventie, Joosua","2002408","3","1","0","0","0","0","8","2","2","25","0","4","2","1","2","0","25","9","0","100","1","11","1","9","17","0","0","0","0","0","0","0","8.8","","0","0","0","2","0","0","9","17","1","0","9","0","0","0","0","0","0","0","0","0","0","0","0","0","1","0","0","1","1","0","0","0","3","4","0","0","0","0","0","0","1","0","1","0","1","3","0","0","0","0","0","0","1","2","5","1","9","1","1","0","0","0","0","0","0","0","0","0","0","2","8","0","0","4","0","bulk-1.27-teamid-from-league-list","0","0","0"
"3.6","Libero Gorzków vs Bydgoszcz Baki 1:3","1215999","2026-09-01 17:00","Hala 134","Libero Gorzków","128703","Kuczyński, Szymon","1974427","4","-1","6","0","0","53.7","8","5","3","38","-25","11","7","4","4","1","45","16","0","100","9","56","1","12","20","0","0","0","0","0","0","0","15.1","","1","4","0","0","0","0","12","20","1","0","10","0","0","2","53.7","48.8","1","0","0","0","0","1","1","0","4","0","0","5","0","0","0","0","0","0","0","0","0","0","0","0","1","0","1","0","0","2","0","0","0","0","0","0","4","4","4","4","16","4","2","1","0","0","1","1","1","0","0","0","0","4","9","6","9","7","0","bulk-1.27-teamid-from-league-list","0","0","0"
"3.6","Libero Gorzków vs Bydgoszcz Baki 1:3","1215999","2026-09-01 17:00","Hala 134","Libero Gorzków","128703","Marante, Adérito","2088258","4","-1","0","0","0","0","16","5","4","25","-6","9","3","0","6","1","11","0","0","0","0","0","0","8","21","0","0","0","0","0","0","0","-0.3","","1","1","0","5","0","0","8","21","0","0","8","0","0","0","0","0","0","0","0","0","0","0","0","0","1","0","0","1","4","1","2","0","5","12","0","0","0","0","0","0","0","0","1","0","2","3","0","0","0","0","0","0","0","0","0","0","0","0","0","0","0","0","0","1","0","1","0","0","0","3","4","0","6","7","0","bulk-1.27-teamid-from-league-list","0","0","0"
"3.6","Libero Gorzków vs Bydgoszcz Baki 1:3","1215999","2026-09-01 17:00","Hala 134","Bydgoszcz Baki","128616","Dutra, Dalton","1744962","8","7","15","1","0","56.8","2","0","0","0","0","18","14","2","4","3","28","0","0","0","0","0","8","34","73","39","16","111","13","41","35","22","25.8","","2","2","0","1","1","1","34","73","7","1","32","1","0","2","56.8","51.4","0","0","0","0","2","2","0","0","0","0","0","0","0","0","0","0","0","0","0","0","0","0","0","0","0","0","0","0","0","0","39","16","3","6","47","111","0","0","0","0","0","2","0","0","0","1","1","3","1","1","1","0","0","4","31","30","35","21","0","bulk-1.27-teamid-from-league-list","0","0","0"
"3.6","Libero Gorzków vs Bydgoszcz Baki 1:3","1215999","2026-09-01 17:00","Hala 134","Bydgoszcz Baki","128616","Hajrović, Tarik","1929443","8","-2","18","3","1","65.7","11","6","1","9","-45","14","8","4","6","3","50","31","1","97","10","32","6","42","62","0","0","0","0","0","0","0","20.4","","3","5","0","1","0","0","42","62","6","1","41","0","0","1","65.7","56.4","0","0","1","0","1","2","0","0","3","1","0","4","0","0","2","0","0","2","0","0","0","0","0","0","0","0","0","0","3","3","0","0","0","0","0","0","5","9","13","3","30","4","2","0","0","2","0","3","1","1","0","0","1","4","18","18","21","14","0","bulk-1.27-teamid-from-league-list","0","0","0"
"3.6","Libero Gorzków vs Bydgoszcz Baki 1:3","1215999","2026-09-01 17:00","Hala 134","Bydgoszcz Baki","128616","Kronauer, Marc","1686161","23","19","11","0","0","52.2","30","4","12","40","27","11","5","0","6","0","0","0","0","0","0","0","11","60","76","0","1","3","0","0","2","1","56.4","","0","0","0","6","0","0","60","76","11","0","54","0","0","6","52.2","48.3","1","0","0","0","2","3","0","0","1","0","0","1","0","0","0","0","0","0","11","1","2","0","12","26","0","0","0","0","0","0","0","1","0","0","2","3","0","0","0","0","0","0","0","0","0","0","0","0","0","0","0","0","0","4","15","11","18","5","0","bulk-1.27-teamid-from-league-list","0","0","0"
"3.6","Libero Gorzków vs Bydgoszcz Baki 1:3","1215999","2026-09-01 17:00","Hala 134","Bydgoszcz Baki","128616","Barszczewski, Andrzej","1950933","11","8","20","0","2","62.1","24","3","7","29","17","12","4","4","8","4","67","0","0","0","0","0","2","28","59","0","0","0","0","0","0","0","29.7","","4","5","0","3","0","0","28","59","2","0","26","0","0","2","62.1","52","6","0","2","0","13","21","1","0","0","0","0","1","0","0","0","0","1","1","0","0","0","0","0","0","0","1","0","0","0","1","0","0","0","0","0","0","0","0","0","0","0","4","2","1","0","0","1","4","0","1","0","2","1","3","8","0","15","18","0","bulk-1.27-teamid-from-league-list","0","0","0"
"3.6","Libero Gorzków vs Bydgoszcz Baki 1:3","1215999","2026-09-01 17:00","Hala 134","Bydgoszcz Baki","128616","Sikorski, Tymon","1974487","13","8","7","0","0","56.2","19","5","8","42","16","13","7","4","6","4","62","15","0","100","4","27","5","29","49","0","0","0","0","0","0","0","39.1","","3","4","1","2","0","0","29","49","5","0","27","0","0","2","56.2","47.6","4","1","1","1","5","12","0","0","2","1","0","3","2","0","0","0","0","2","0","0","0","0","0","0","0","0","1","0","1","2","0","0","0","0","0","0","1","4","5","5","15","4","2","1","0","1","0","4","2","0","0","1","1","4","15","15","1","14","0","bulk-1.27-teamid-from-league-list","0","0","0"
"3.6","Libero Gorzków vs Bydgoszcz Baki 1:3","1215999","2026-09-01 17:00","Hala 134","Bydgoszcz Baki","128616","Przybyszewski, Daniel","1928950","16","10","19","0","1","59.1","27","6","11","41","19","7","4","0","3","2","29","0","0","0","0","0","4","48","66","0","0","0","0","0","0","0","32.6","","2","2","0","1","0","0","48","66","4","1","44","0","0","4","59.1","49.7","3","1","0","0","4","8","1","1","0","0","0","2","0","0","0","0","0","0","7","2","2","0","6","17","0","0","0","0","0","0","0","0","0","0","0","0","0","0","0","0","0","0","0","0","0","0","0","2","1","0","0","0","1","4","13","13","16","7","0","bulk-1.27-teamid-from-league-list","0","0","0"
"3.6","Libero Gorzków vs Bydgoszcz Baki 1:3","1215999","2026-09-01 17:00","Hala 134","Bydgoszcz Baki","128616","Pietrzak, Sebastian","1724779","0","0","0","0","0","0","0","0","0","0","0","28","16","11","12","8","68","8","0","100","3","38","0","0","0","1","0","2","1","0","0","1","16.4","","7","9","1","3","0","0","0","0","0","0","0","0","0","0","0","0","0","0","0","0","0","0","0","0","0","0","0","0","0","0","0","0","0","0","0","0","0","0","0","0","0","0","0","0","0","0","1","0","0","1","0","2","2","3","2","1","8","10","5","0","0","2","3","8","6","1","0","0","1","4","10","8","10","6","0","bulk-1.27-teamid-from-league-list","0","0","0"
"3.6","Libero Gorzków vs Bydgoszcz Baki 1:3","1215999","2026-09-01 17:00","Hala 134","Bydgoszcz Baki","128616","Nowak, Tomasz","2113220","3","2","5","1","0","58.3","4","0","3","75","75","5","2","1","3","1","40","0","0","0","0","0","0","2","10","0","0","0","0","0","0","0","6.2","","0","1","1","2","0","0","2","10","0","0","2","0","0","0","58.3","50.5","2","0","0","0","0","2","0","0","0","0","0","0","1","0","0","0","1","2","0","0","0","0","0","0","0","0","0","0","0","0","0","0","0","0","0","0","0","0","0","0","0","1","0","1","0","0","0","1","1","0","0","0","0","1","0","10","0","0","0","bulk-1.27-teamid-from-league-list","0","0","0"
"3.6","Libero Gorzków vs Bydgoszcz Baki 1:3","1215999","2026-09-01 17:00","Hala 134","Bydgoszcz Baki","128616","Lanhoso, António","1903750","4","3","2","1","0","63.3","1","0","1","100","100","3","2","0","1","1","33","13","0","100","3","23","3","18","31","0","0","0","0","0","0","0","16.8","","1","1","0","0","0","0","18","31","3","0","16","0","0","2","63.3","63.3","0","0","0","0","0","0","1","0","0","0","0","1","0","0","0","0","0","0","0","0","0","0","0","0","0","0","0","0","0","0","0","0","0","0","0","0","1","5","5","2","13","0","0","0","0","0","0","1","0","0","0","1","0","1","0","0","18","0","0","bulk-1.27-teamid-from-league-list","0","0","0"
"3.6","Projekt Słomin vs Smerfy z Rivii ⚔️⚔️🛡️ 1:3","1216000","2026-09-01 17:00","Słomin centre","Projekt Słomin","128700","Jabłoński, Eryk","1865571","1","1","17","0","1","55.9","1","0","0","0","0","27","12","9","15","9","67","0","0","0","0","0","0","14","68","56","22","153","31","44","49","29","13.8","{""sets"":[{""h"":21,""a"":25},{""h"":26,""a"":24},{""h"":19,""a"":25},{""h"":18,""a"":25}],""parsedSets"":[{""rallies"":[{""type"":""end"",""score"":""21 : 25"",""txt"":""Koniec seta 0 : 1""},{""type"":""end"",""score"":""21 : 25"",""txt"":""Koniec seta 0 : 1""},{""type"":""rally"",""score"":""21 : 25"",""speed"":""44.7 km/h"",""res"":""Punkt: B. McCall""},{""type"":""rally"",""score"":""21 : 24"",""speed"":""50.1 km/h"",""res"":""Punkt: M. Górka""},{""type"":""rally"",""score"":""20 : 24"",""speed"":""58.0 km/h"",""res"":""Punkt: A. Yordanov""},{""type"":""rally"",""score"":""20 : 23"",""speed"":""57.6 km/h"",""res"":""Błąd: A. Yordanov""},{""type"":""tmo"",""score"":""19 : 23"",""txt"":""Czas dla: Smerfy z Rivii ⚔️⚔️🛡️""},{""type"":""rally"",""score"":""19 : 23"",""speed"":""59.7 km/h"",""res"":""Punkt: M. Górka""},{""type"":""rally"",""score"":""18 : 23"",""speed"":""46.4 km/h"",""res"":""Punkt: M. Górka""},{""type"":""rally"",""score"":""17 : 23"",""speed"":""-"",""res"":""Błąd: T. Inagaki""},{""type"":""rally"",""score"":""16 : 23"",""speed"":""55.9 km/h"",""res"":""Punkt: A. Yordanov""},{""type"":""rally"",""score"":""16 : 22"",""speed"":""52.5 km/h"",""res"":""Punkt: M. Górka""},{""type"":""rally"",""score"":""15 : 22"",""speed"":""53.6 km/h"",""res"":""Punkt: T. Inagaki""},{""type"":""rally"",""score"":""15 : 21"",""speed"":""59.7 km/h"",""res"":""Punkt: A. Yordanov""},{""type"":""rally"",""score"":""15 : 20"",""speed"":""55.4 km/h"",""res"":""Punkt: G. Mark""},{""type"":""rally"",""score"":""15 : 19"",""speed"":""65.4 km/h"",""res"":""Punkt: P. Gajda""},{""type"":""rally"",""score"":""14 : 19"",""speed"":""53.0 km/h"",""res"":""Punkt: I. Szymczyk""},{""type"":""rally"",""score"":""14 : 18"",""speed"":""-"",""res"":""Błąd: B. McCall""},{""type"":""rally"",""score"":""13 : 18"",""speed"":""52.9 km/h"",""res"":""Punkt: I. Szymczyk""},{""type"":""tmo"",""score"":""13 : 17"",""txt"":""Czas dla: Projekt Słomin""},{""type"":""rally"",""score"":""13 : 17"",""speed"":""53.0 km/h"",""res"":""Punkt: I. Szymczyk""},{""type"":""tmo"",""score"":""13 : 16"",""txt"":""Czas dla: ""},{""type"":""rally"",""score"":""13 : 16"",""speed"":""41.5 km/h"",""res"":""Punkt: I. Szymczyk""},{""type"":""rally"",""score"":""13 : 15"",""speed"":""78.3 km/h"",""res"":""Punkt: P. Gajda""},{""type"":""rally"",""score"":""12 : 15"",""speed"":""44.9 km/h"",""res"":""Punkt: I. Szymczyk""},{""type"":""tmo"",""score"":""12 : 14"",""txt"":""Czas dla: Smerfy z Rivii ⚔️⚔️🛡️""},{""type"":""rally"",""score"":""12 : 14"",""speed"":""62.3 km/h"",""res"":""Punkt: D. Pavlović""},{""type"":""rally"",""score"":""11 : 14"",""speed"":""-"",""res"":""Błąd: A. Lanata""},{""type"":""rally"",""score"":""11 : 13"",""speed"":""59.7 km/h"",""res"":""Błąd: S. Gandubert""},{""type"":""rally"",""score"":""10 : 13"",""speed"":""57.6 km/h"",""res"":""Błąd: D. Pavlović""},{""type"":""rally"",""score"":""10 : 12"",""speed"":""48.7 km/h"",""res"":""Punkt: A. Yordanov""},{""type"":""rally"",""score"":""10 : 11"",""speed"":""54.3 km/h"",""res"":""Punkt: M. Górka""},{""type"":""rally"",""score"":""9 : 11"",""speed"":""41.6 km/h"",""res"":""Punkt: A. Yordanov""},{""type"":""rally"",""score"":""9 : 10"",""speed"":""46.5 km/h"",""res"":""Punkt: M. Górka""},{""type"":""rally"",""score"":""8 : 10"",""speed"":""-"",""res"":""Błąd: I. Szymczyk""},{""type"":""rally"",""score"":""7 : 10"",""speed"":""48.9 km/h"",""res"":""Punkt: I. Szymczyk""},{""type"":""rally"",""score"":""7 : 9"",""speed"":""54.6 km/h"",""res"":""Punkt: P. Gajda""},{""type"":""rally"",""score"":""6 : 9"",""speed"":""42.3 km/h"",""res"":""Punkt: P. Gajda""},{""type"":""rally"",""score"":""5 : 9"",""speed"":""55.4 km/h"",""res"":""Punkt: P. Gajda""},{""type"":""rally"",""score"":""4 : 9"",""speed"":""46.6 km/h"",""res"":""Punkt: T. Inagaki""},{""type"":""rally"",""score"":""4 : 8"",""speed"":""65.9 km/h"",""res"":""Błąd: I. Szymczyk""},{""type"":""tmo"",""score"":""3 : 8"",""txt"":""Czas dla: ""},{""type"":""rally"",""score"":""3 : 8"",""speed"":""67.4 km/h"",""res"":""Błąd: P. Gajda""},{""type"":""rally"",""score"":""3 : 7"",""speed"":""74.3 km/h"",""res"":""Błąd: B. Laurent""},{""type"":""rally"",""score"":""3 : 6"",""speed"":""69.8 km/h"",""res"":""Punkt: I. Szymczyk""},{""type"":""rally"",""score"":""3 : 5"",""speed"":""52.4 km/h"",""res"":""Punkt: T. Inagaki""},{""type"":""rally"",""score"":""3 : 4"",""speed"":""45.5 km/h"",""res"":""Punkt: M. Górka""},{""type"":""rally"",""score"":""2 : 4"",""speed"":""41.6 km/h"",""res"":""Punkt: S. Gandubert""},{""type"":""rally"",""score"":""2 : 3"",""speed"":""49.1 km/h"",""res"":""Punkt: M. Górka""},{""type"":""rally"",""score"":""1 : 3"",""speed"":""45.7 km/h"",""res"":""Punkt: A. Yordanov""},{""type"":""rally"",""score"":""1 : 2"",""speed"":""54.7 km/h"",""res"":""Punkt: T. Inagaki""},{""type"":""rally"",""score"":""1 : 1"",""speed"":""44.2 km/h"",""res"":""Błąd: M. Górka""},{""type"":""chg"",""score"":""1 : 0"",""txt"":""Zmiana: G. Mark ⇄ M. Ingraham""},{""type"":""chg"",""score"":""1 : 0"",""txt"":""Zmiana: A. Lanata ⇄ N. Zauner""},{""type"":""chg"",""score"":""1 : 0"",""txt"":""Zmiana: B. Laurent ⇄ S. Pereda""},{""type"":""chg"",""score"":""1 : 0"",""txt"":""Zmiana: D. Pavlović ⇄ �. Jusiński""},{""type"":""tmo"",""score"":""1 : 0"",""txt"":""Czas dla: Projekt Słomin""},{""type"":""rally"",""score"":""1 : 0"",""speed"":""42.8 km/h"",""res"":""Punkt: S. Pereda""}]},{""rallies"":[{""type"":""end"",""score"":""26 : 24"",""txt"":""Koniec seta 1 : 1""},{""type"":""end"",""score"":""26 : 24"",""txt"":""Koniec seta 1 : 1""},{""type"":""rally"",""score"":""26 : 24"",""speed"":""54.3 km/h"",""res"":""Punkt: P. Gajda""},{""type"":""rally"",""score"":""25 : 24"",""speed"":""50.9 km/h"",""res"":""Błąd: A. Yordanov""},{""type"":""rally"",""score"":""24 : 24"",""speed"":""45.1 km/h"",""res"":""Punkt: A. Yordanov""},{""type"":""rally"",""score"":""24 : 23"",""speed"":""52.2 km/h"",""res"":""Punkt: M. Górka""},{""type"":""rally"",""score"":""23 : 23"",""speed"":""48.1 km/h"",""res"":""Punkt: M. Górka""},{""type"":""rally"",""score"":""22 : 23"",""speed"":""41.0 km/h"",""res"":""Punkt: A. Yordanov""},{""type"":""tmo"",""score"":""22 : 22"",""txt"":""Czas dla: Smerfy z Rivii ⚔️⚔️🛡️""},{""type"":""rally"",""score"":""22 : 22"",""speed"":""41.9 km/h"",""res"":""Błąd: A. Yordanov""},{""type"":""rally"",""score"":""21 : 22"",""speed"":""54.5 km/h"",""res"":""Punkt: M. Górka""},{""type"":""rally"",""score"":""20 : 22"",""speed"":""54.0 km/h"",""res"":""Punkt: M. Górka""},{""type"":""rally"",""score"":""19 : 22"",""speed"":""59.3 km/h"",""res"":""Punkt: I. Szymczyk""},{""type"":""rally"",""score"":""19 : 21"",""speed"":""58.4 km/h"",""res"":""Punkt: D. Pavlović""},{""type"":""rally"",""score"":""18 : 21"",""speed"":""52.6 km/h"",""res"":""Punkt: I. Szymczyk""},{""type"":""rally"",""score"":""18 : 20"",""speed"":""47.8 km/h"",""res"":""Błąd: T. Inagaki""},{""type"":""rally"",""score"":""17 : 20"",""speed"":""46.9 km/h"",""res"":""Punkt: I. Szymczyk""},{""type"":""rally"",""score"":""17 : 19"",""speed"":""54.2 km/h"",""res"":""Błąd: I. Szymczyk""},{""type"":""tmo"",""score"":""16 : 19"",""txt"":""Czas dla: Smerfy z Rivii ⚔️⚔️🛡️""},{""type"":""rally"",""score"":""16 : 19"",""speed"":""46.4 km/h"",""res"":""Punkt: P. Gajda""},{""type"":""rally"",""score"":""15 : 19"",""speed"":""48.4 km/h"",""res"":""Punkt: P. Gajda""},{""type"":""rally"",""score"":""14 : 19"",""speed"":""44.4 km/h"",""res"":""Punkt: A. Lanata""},{""type"":""rally"",""score"":""13 : 19"",""speed"":""47.1 km/h"",""res"":""Błąd: S. Gandubert""},{""type"":""rally"",""score"":""12 : 19"",""speed"":""49.6 km/h"",""res"":""Punkt: D. Pavlović""},{""type"":""rally"",""score"":""11 : 19"",""speed"":""53.1 km/h"",""res"":""Punkt: A. Yordanov""},{""type"":""rally"",""score"":""11 : 18"",""speed"":""48.2 km/h"",""res"":""Punkt: P. Gajda""},{""type"":""rally"",""score"":""10 : 18"",""speed"":""48.7 km/h"",""res"":""Punkt: B. Laurent""},{""type"":""rally"",""score"":""9 : 18"",""speed"":""54.7 km/h"",""res"":""Punkt: S. Gandubert""},{""type"":""rally"",""score"":""9 : 17"",""speed"":""49.4 km/h"",""res"":""Punkt: A. Yordanov""},{""type"":""rally"",""score"":""9 : 16"",""speed"":""54.9 km/h"",""res"":""Punkt: A. Lanata""},{""type"":""tmo"",""score"":""8 : 16"",""txt"":""Czas dla: ""},{""type"":""rally"",""score"":""8 : 16"",""speed"":""60.7 km/h"",""res"":""Punkt: M. Ingraham""},{""type"":""rally"",""score"":""8 : 15"",""speed"":""45.6 km/h"",""res"":""Błąd: M. Górka""},{""type"":""rally"",""score"":""8 : 14"",""speed"":""51.8 km/h"",""res"":""Punkt: A. Yordanov""},{""type"":""rally"",""score"":""8 : 13"",""speed"":""54.4 km/h"",""res"":""Punkt: M. Górka""},{""type"":""rally"",""score"":""7 : 13"",""speed"":""52.4 km/h"",""res"":""Punkt: T. Inagaki""},{""type"":""rally"",""score"":""7 : 12"",""speed"":""57.9 km/h"",""res"":""Punkt: P. Gajda""},{""type"":""chg"",""score"":""6 : 12"",""txt"":""Zmiana: D. Pavlović ⇄ �. Jusiński""},{""type"":""chg"",""score"":""6 : 12"",""txt"":""Zmiana: A. Lanata ⇄ N. Zauner""},{""type"":""rally"",""score"":""6 : 12"",""speed"":""64.7 km/h"",""res"":""Punkt: I. Szymczyk""},{""type"":""rally"",""score"":""6 : 11"",""speed"":""-"",""res"":""Błąd: Ł. Jusiński""},{""type"":""rally"",""score"":""6 : 10"",""speed"":""-"",""res"":""Błąd: S. Gandubert""},{""type"":""tmo"",""score"":""5 : 10"",""txt"":""Czas dla: Projekt Słomin""},{""type"":""rally"",""score"":""5 : 10"",""speed"":""78.4 km/h"",""res"":""Punkt: B. McCall""},{""type"":""rally"",""score"":""5 : 9"",""speed"":""89.9 km/h"",""res"":""Punkt: I. Szymczyk""},{""type"":""tmo"",""score"":""5 : 8"",""txt"":""Czas dla: ""},{""type"":""rally"",""score"":""5 : 8"",""speed"":""85.4 km/h"",""res"":""Błąd: B. Laurent""},{""type"":""rally"",""score"":""5 : 7"",""speed"":""51.5 km/h"",""res"":""Punkt: S. Gandubert""},{""type"":""rally"",""score"":""5 : 6"",""speed"":""59.3 km/h"",""res"":""Punkt: P. Gajda""},{""type"":""rally"",""score"":""4 : 6"",""speed"":""44.9 km/h"",""res"":""Punkt: T. Inagaki""},{""type"":""rally"",""score"":""4 : 5"",""speed"":""54.8 km/h"",""res"":""Punkt: P. Gajda""},{""type"":""rally"",""score"":""3 : 5"",""speed"":""50.8 km/h"",""res"":""Błąd: B. McCall""},{""type"":""rally"",""score"":""2 : 5"",""speed"":""47.6 km/h"",""res"":""Punkt: M. Górka""},{""type"":""rally"",""score"":""1 : 5"",""speed"":""52.1 km/h"",""res"":""Punkt: A. Yordanov""},{""type"":""rally"",""score"":""1 : 4"",""speed"":""42.5 km/h"",""res"":""Punkt: B. McCall""},{""type"":""rally"",""score"":""1 : 3"",""speed"":""48.9 km/h"",""res"":""Punkt: N. Zauner""},{""type"":""rally"",""score"":""0 : 3"",""speed"":""58.7 km/h"",""res"":""Punkt: M. Ingraham""},{""type"":""rally"",""score"":""0 : 2"",""speed"":""51.7 km/h"",""res"":""Punkt: S. Gandubert""},{""type"":""chg"",""score"":""0 : 1"",""txt"":""Zmiana: B. Laurent ⇄ S. Pereda""},{""type"":""tmo"",""score"":""0 : 1"",""txt"":""Czas dla: Projekt Słomin""},{""type"":""rally"",""score"":""0 : 1"",""speed"":""54.0 km/h"",""res"":""Punkt: S. Gandubert""}]},{""rallies"":[{""type"":""end"",""score"":""19 : 25"",""txt"":""Koniec seta 1 : 2""},{""type"":""end"",""score"":""19 : 25"",""txt"":""Koniec seta 1 : 2""},{""type"":""rally"",""score"":""19 : 25"",""speed"":""45.7 km/h"",""res"":""Punkt: S. Gandubert""},{""type"":""rally"",""score"":""19 : 24"",""speed"":""48.3 km/h"",""res"":""Punkt: Ł. Jusiński""},{""type"":""rally"",""score"":""18 : 24"",""speed"":""45.1 km/h"",""res"":""Punkt: A. Yordanov""},{""type"":""tmo"",""score"":""18 : 23"",""txt"":""Czas dla: Smerfy z Rivii ⚔️⚔️🛡️""},{""type"":""rally"",""score"":""18 : 23"",""speed"":""46.9 km/h"",""res"":""Punkt: N. Zauner""},{""type"":""rally"",""score"":""17 : 23"",""speed"":""52.1 km/h"",""res"":""Punkt: M. Górka""},{""type"":""rally"",""score"":""16 : 23"",""speed"":""50.5 km/h"",""res"":""Punkt: A. Yordanov""},{""type"":""rally"",""score"":""16 : 22"",""speed"":""54.7 km/h"",""res"":""Punkt: S. Gandubert""},{""type"":""rally"",""score"":""16 : 21"",""speed"":""40.9 km/h"",""res"":""Punkt: M. Górka""},{""type"":""rally"",""score"":""15 : 21"",""speed"":""46.9 km/h"",""res"":""Punkt: M. Górka""},{""type"":""rally"",""score"":""14 : 21"",""speed"":""51.8 km/h"",""res"":""Punkt: A. Yordanov""},{""type"":""rally"",""score"":""14 : 20"",""speed"":""49.5 km/h"",""res"":""Punkt: M. Górka""},{""type"":""rally"",""score"":""13 : 20"",""speed"":""50.2 km/h"",""res"":""Punkt: P. Gajda""},{""type"":""rally"",""score"":""12 : 20"",""speed"":""51.9 km/h"",""res"":""Punkt: A. Yordanov""},{""type"":""rally"",""score"":""12 : 19"",""speed"":""65.2 km/h"",""res"":""Punkt: T. Inagaki""},{""type"":""rally"",""score"":""12 : 18"",""speed"":""51.8 km/h"",""res"":""Punkt: I. Szymczyk""},{""type"":""rally"",""score"":""12 : 17"",""speed"":""49.4 km/h"",""res"":""Punkt: P. Gajda""},{""type"":""rally"",""score"":""11 : 17"",""speed"":""-"",""res"":""Błąd: S. Pereda""},{""type"":""rally"",""score"":""11 : 16"",""speed"":""80.4 km/h"",""res"":""Punkt: P. Gajda""},{""type"":""tmo"",""score"":""10 : 16"",""txt"":""Czas dla: ""},{""type"":""rally"",""score"":""10 : 16"",""speed"":""73.5 km/h"",""res"":""Punkt: I. Szymczyk""},{""type"":""rally"",""score"":""10 : 15"",""speed"":""41.2 km/h"",""res"":""Błąd: P. Gajda""},{""type"":""rally"",""score"":""10 : 14"",""speed"":""57.9 km/h"",""res"":""Punkt: M. Górka""},{""type"":""rally"",""score"":""9 : 14"",""speed"":""50.8 km/h"",""res"":""Punkt: A. Yordanov""},{""type"":""rally"",""score"":""9 : 13"",""speed"":""52.5 km/h"",""res"":""Punkt: M. Górka""},{""type"":""rally"",""score"":""8 : 13"",""speed"":""44.7 km/h"",""res"":""Punkt: M. Górka""},{""type"":""rally"",""score"":""7 : 13"",""speed"":""46.4 km/h"",""res"":""Punkt: M. Górka""},{""type"":""rally"",""score"":""6 : 13"",""speed"":""53.1 km/h"",""res"":""Punkt: A. Yordanov""},{""type"":""rally"",""score"":""6 : 12"",""speed"":""51.7 km/h"",""res"":""Punkt: A. Yordanov""},{""type"":""rally"",""score"":""6 : 11"",""speed"":""52.5 km/h"",""res"":""Punkt: N. Zauner""},{""type"":""rally"",""score"":""5 : 11"",""speed"":""57.1 km/h"",""res"":""Punkt: A. Yordanov""},{""type"":""rally"",""score"":""5 : 10"",""speed"":""69.5 km/h"",""res"":""Punkt: P. Gajda""},{""type"":""tmo"",""score"":""4 : 10"",""txt"":""Czas dla: Projekt Słomin""},{""type"":""rally"",""score"":""4 : 10"",""speed"":""65.5 km/h"",""res"":""Punkt: I. Szymczyk""},{""type"":""rally"",""score"":""4 : 9"",""speed"":""54.4 km/h"",""res"":""Punkt: V. Pajer""},{""type"":""rally"",""score"":""4 : 8"",""speed"":""53.8 km/h"",""res"":""Punkt: P. Gajda""},{""type"":""tmo"",""score"":""3 : 8"",""txt"":""Czas dla: ""},{""type"":""rally"",""score"":""3 : 8"",""speed"":""51.1 km/h"",""res"":""Punkt: B. McCall""},{""type"":""rally"",""score"":""3 : 7"",""speed"":""88.4 km/h"",""res"":""Punkt: P. Gajda""},{""type"":""rally"",""score"":""2 : 7"",""speed"":""82.1 km/h"",""res"":""Punkt: I. Szymczyk""},{""type"":""rally"",""score"":""2 : 6"",""speed"":""91.0 km/h"",""res"":""Punkt: S. Gandubert""},{""type"":""rally"",""score"":""2 : 5"",""speed"":""53.2 km/h"",""res"":""Punkt: I. Szymczyk""},{""type"":""rally"",""score"":""2 : 4"",""speed"":""54.4 km/h"",""res"":""Punkt: M. Górka""},{""type"":""rally"",""score"":""1 : 4"",""speed"":""44.2 km/h"",""res"":""Punkt: I. Szymczyk""},{""type"":""rally"",""score"":""1 : 3"",""speed"":""49.1 km/h"",""res"":""Punkt: A. Yordanov""},{""type"":""rally"",""score"":""1 : 2"",""speed"":""44.3 km/h"",""res"":""Punkt: M. Górka""},{""type"":""rally"",""score"":""0 : 2"",""speed"":""48.2 km/h"",""res"":""Błąd: S. Pereda""},{""type"":""chg"",""score"":""0 : 1"",""txt"":""Zmiana: V. Pajer ⇄ M. Ingraham""},{""type"":""tmo"",""score"":""0 : 1"",""txt"":""Czas dla: Projekt Słomin""},{""type"":""rally"",""score"":""0 : 1"",""speed"":""51.0 km/h"",""res"":""Punkt: A. Yordanov""}]},{""rallies"":[{""type"":""end"",""score"":""18 : 25"",""txt"":""Koniec seta 1 : 3""},{""type"":""end"",""score"":""18 : 25"",""txt"":""Koniec seta 1 : 3""},{""type"":""rally"",""score"":""18 : 25"",""speed"":""52.8 km/h"",""res"":""Punkt: S. Gandubert""},{""type"":""rally"",""score"":""18 : 24"",""speed"":""57.8 km/h"",""res"":""Punkt: A. Yordanov""},{""type"":""rally"",""score"":""18 : 23"",""speed"":""47.5 km/h"",""res"":""Punkt: A. Yordanov""},{""type"":""rally"",""score"":""18 : 22"",""speed"":""48.5 km/h"",""res"":""Punkt: S. Pereda""},{""type"":""rally"",""score"":""17 : 22"",""speed"":""47.1 km/h"",""res"":""Punkt: I. Szymczyk""},{""type"":""rally"",""score"":""17 : 21"",""speed"":""50.8 km/h"",""res"":""Punkt: P. Gajda""},{""type"":""rally"",""score"":""16 : 21"",""speed"":""54.1 km/h"",""res"":""Punkt: I. Szymczyk""},{""type"":""rally"",""score"":""16 : 20"",""speed"":""-"",""res"":""Błąd: Ł. Jusiński""},{""type"":""rally"",""score"":""16 : 19"",""speed"":""52.0 km/h"",""res"":""Punkt: P. Gajda""},{""type"":""rally"",""score"":""15 : 19"",""speed"":""85.0 km/h"",""res"":""Punkt: P. Gajda""},{""type"":""rally"",""score"":""14 : 19"",""speed"":""56.9 km/h"",""res"":""Punkt: I. Szymczyk""},{""type"":""rally"",""score"":""14 : 18"",""speed"":""45.3 km/h"",""res"":""Punkt: P. Gajda""},{""type"":""rally"",""score"":""13 : 18"",""speed"":""50.5 km/h"",""res"":""Punkt: P. Gajda""},{""type"":""rally"",""score"":""12 : 18"",""speed"":""45.6 km/h"",""res"":""Punkt: I. Szymczyk""},{""type"":""rally"",""score"":""12 : 17"",""speed"":""52.2 km/h"",""res"":""Punkt: A. Yordanov""},{""type"":""rally"",""score"":""12 : 16"",""speed"":""50.2 km/h"",""res"":""Punkt: M. Górka""},{""type"":""tmo"",""score"":""11 : 16"",""txt"":""Czas dla: ""},{""type"":""rally"",""score"":""11 : 16"",""speed"":""56.2 km/h"",""res"":""Punkt: B. McCall""},{""type"":""rally"",""score"":""11 : 15"",""speed"":""47.2 km/h"",""res"":""Punkt: A. Yordanov""},{""type"":""rally"",""score"":""11 : 14"",""speed"":""53.0 km/h"",""res"":""Punkt: M. Górka""},{""type"":""rally"",""score"":""10 : 14"",""speed"":""46.8 km/h"",""res"":""Punkt: A. Yordanov""},{""type"":""rally"",""score"":""10 : 13"",""speed"":""49.9 km/h"",""res"":""Punkt: S. Gandubert""},{""type"":""rally"",""score"":""10 : 12"",""speed"":""44.8 km/h"",""res"":""Punkt: A. Yordanov""},{""type"":""rally"",""score"":""10 : 11"",""speed"":""44.2 km/h"",""res"":""Punkt: M. Górka""},{""type"":""rally"",""score"":""9 : 11"",""speed"":""50.8 km/h"",""res"":""Punkt: M. Górka""},{""type"":""rally"",""score"":""8 : 11"",""speed"":""52.1 km/h"",""res"":""Punkt: E. Jabłoński""},{""type"":""rally"",""score"":""7 : 11"",""speed"":""47.2 km/h"",""res"":""Punkt: M. Górka""},{""type"":""rally"",""score"":""6 : 11"",""speed"":""44.9 km/h"",""res"":""Punkt: I. Szymczyk""},{""type"":""rally"",""score"":""6 : 10"",""speed"":""-"",""res"":""Błąd: B. McCall""},{""type"":""tmo"",""score"":""5 : 10"",""txt"":""Czas dla: Projekt Słomin""},{""type"":""rally"",""score"":""5 : 10"",""speed"":""66.5 km/h"",""res"":""Punkt: B. McCall""},{""type"":""rally"",""score"":""5 : 9"",""speed"":""44.8 km/h"",""res"":""Punkt: I. Szymczyk""},{""type"":""rally"",""score"":""5 : 8"",""speed"":""66.2 km/h"",""res"":""Punkt: P. Gajda""},{""type"":""tmo"",""score"":""4 : 8"",""txt"":""Czas dla: ""},{""type"":""rally"",""score"":""4 : 8"",""speed"":""74.9 km/h"",""res"":""Punkt: I. Szymczyk""},{""type"":""rally"",""score"":""4 : 7"",""speed"":""56.7 km/h"",""res"":""Punkt: B. McCall""},{""type"":""rally"",""score"":""4 : 6"",""speed"":""-"",""res"":""Błąd: S. Pereda""},{""type"":""rally"",""score"":""4 : 5"",""speed"":""52.1 km/h"",""res"":""Punkt: P. Gajda""},{""type"":""rally"",""score"":""3 : 5"",""speed"":""55.3 km/h"",""res"":""Punkt: P. Gajda""},{""type"":""rally"",""score"":""2 : 5"",""speed"":""41.7 km/h"",""res"":""Punkt: A. Yordanov""},{""type"":""rally"",""score"":""2 : 4"",""speed"":""42.4 km/h"",""res"":""Punkt: M. Górka""},{""type"":""rally"",""score"":""1 : 4"",""speed"":""53.4 km/h"",""res"":""Punkt: A. Yordanov""},{""type"":""rally"",""score"":""1 : 3"",""speed"":""45.4 km/h"",""res"":""Punkt: S. Gandubert""},{""type"":""rally"",""score"":""1 : 2"",""speed"":""48.3 km/h"",""res"":""Punkt: B. McCall""},{""type"":""rally"",""score"":""1 : 1"",""speed"":""56.0 km/h"",""res"":""Punkt: A. Yordanov""},{""type"":""chg"",""score"":""1 : 0"",""txt"":""Zmiana: R. Engelen ⇄ M. Ingraham""},{""type"":""tmo"",""score"":""1 : 0"",""txt"":""Czas dla: Projekt Słomin""},{""type"":""rally"",""score"":""1 : 0"",""speed"":""58.5 km/h"",""res"":""Punkt: N. Zauner""}]}]}","5","10","3","4","1","1","14","68","0","0","12","0","0","2","55.9","48.1","0","0","0","0","1","1","0","0","0","0","0","0","0","0","0","0","0","0","0","0","0","0","0","0","0","0","0","0","0","0","56","22","7","6","62","153","0","0","0","0","0","9","1","3","1","4","0","9","0","2","1","6","0","4","36","39","35","33","0","bulk-1.27-teamid-from-league-list","0","0","0"
"3.6","Projekt Słomin vs Smerfy z Rivii ⚔️⚔️🛡️ 1:3","1216000","2026-09-01 17:00","Słomin centre","Projekt Słomin","128700","Zauner, Niclas","2004213","4","-2","9","0","1","56","11","5","3","27","-18","20","7","4","13","6","50","27","1","96","12","44","0","11","38","0","0","0","0","0","0","0","16.7","","4","5","2","8","0","0","11","38","0","0","8","0","0","3","56","48.3","0","0","0","0","1","1","0","0","3","0","0","3","3","0","1","0","1","5","0","0","0","0","0","0","0","0","1","0","1","2","0","0","0","0","0","0","9","9","5","3","26","4","1","2","0","1","0","6","4","0","0","2","0","3","0","7","21","19","0","bulk-1.27-teamid-from-league-list","0","0","0"
"3.6","Projekt Słomin vs Smerfy z Rivii ⚔️⚔️🛡️ 1:3","1216000","2026-09-01 17:00","Słomin centre","Projekt Słomin","128700","Górka, Mateusz","1767969","32","20","14","0","0","54.8","62","12","28","45","26","7","4","0","3","0","0","0","0","0","0","0","4","58","74","1","2","7","0","1","2","4","55.2","","0","0","0","3","0","0","58","74","4","1","46","0","0","12","54.8","48.7","2","0","0","0","4","6","1","1","3","1","1","7","0","0","0","0","0","0","23","1","7","1","17","49","0","0","0","0","0","0","1","2","1","1","2","7","0","0","0","0","0","0","0","0","0","0","0","0","0","0","0","0","0","4","19","18","16","15","0","bulk-1.27-teamid-from-league-list","0","0","0"
"3.6","Projekt Słomin vs Smerfy z Rivii ⚔️⚔️🛡️ 1:3","1216000","2026-09-01 17:00","Słomin centre","Projekt Słomin","128700","Pereda, Silo","2002648","4","-2","6","2","0","56.9","10","4","4","40","0","7","3","2","4","2","57","0","0","0","0","0","0","14","47","0","0","0","0","0","0","0","2.4","","2","2","0","2","0","0","14","47","0","1","13","0","0","1","56.9","51.4","1","0","0","0","0","1","0","0","0","0","0","0","0","1","1","2","0","4","0","0","0","0","0","0","1","0","2","0","2","5","0","0","0","0","0","0","0","0","0","0","0","2","1","0","0","1","0","2","0","1","0","1","0","3","1","0","7","11","0","bulk-1.27-teamid-from-league-list","0","0","0"
"3.6","Projekt Słomin vs Smerfy z Rivii ⚔️⚔️🛡️ 1:3","1216000","2026-09-01 17:00","Słomin centre","Projekt Słomin","128700","Jusiński, Łukasz","2002296","1","-3","6","2","0","54.4","6","1","1","17","0","12","7","2","5","4","50","27","1","96","8","30","0","17","49","0","0","0","0","0","0","0","13.3","","3","3","1","2","0","0","17","49","0","0","15","0","0","2","54.4","50.8","0","0","0","0","0","0","0","0","0","0","0","0","1","0","1","0","2","4","0","0","0","0","0","0","0","0","0","0","2","2","0","0","0","0","0","0","4","7","10","5","26","2","1","0","0","1","0","4","1","1","0","2","0","3","0","7","20","14","0","bulk-1.27-teamid-from-league-list","0","0","0"
"3.6","Projekt Słomin vs Smerfy z Rivii ⚔️⚔️🛡️ 1:3","1216000","2026-09-01 17:00","Słomin centre","Projekt Słomin","128700","Gajda, Przemysław","1745553","29","22","10","0","0","59.3","59","7","23","39","27","6","3","0","3","1","17","0","0","0","0","0","6","56","81","0","0","0","0","0","0","0","59.3","","1","1","0","2","0","0","56","81","6","1","46","0","0","10","59.3","50.6","2","0","0","0","3","5","1","0","1","3","0","5","0","0","0","0","0","0","17","2","4","0","26","49","0","0","0","0","0","0","0","0","0","0","0","0","0","0","0","0","0","0","0","0","0","0","0","1","0","0","0","1","0","4","15","16","13","15","0","bulk-1.27-teamid-from-league-list","0","0","0"
"3.6","Projekt Słomin vs Smerfy z Rivii ⚔️⚔️🛡️ 1:3","1216000","2026-09-01 17:00","Słomin centre","Projekt Słomin","128700","Yanakiev, Valentin","2003381","0","-1","0","0","0","0","0","0","0","0","0","45","24","12","21","13","56","6","1","83","0","0","0","0","0","0","1","11","0","2","7","2","14.8","","13","18","0","3","0","0","0","0","0","0","0","0","0","0","0","0","0","0","0","0","0","0","0","0","0","0","0","0","0","0","0","0","0","0","0","0","0","0","0","0","0","0","0","0","0","0","0","1","1","1","8","11","0","2","1","2","5","11","2","4","0","5","0","13","6","2","1","4","0","4","10","9","14","14","0","bulk-1.27-teamid-from-league-list","0","0","0"
"3.6","Projekt Słomin vs Smerfy z Rivii ⚔️⚔️🛡️ 1:3","1216000","2026-09-01 17:00","Słomin centre","Projekt Słomin","128700","Lanata, Alex","1976812","3","0","9","1","0","59.7","7","1","3","43","29","11","6","2","5","2","36","15","1","93","9","60","0","10","31","0","0","0","0","0","0","0","13.1","","1","1","1","4","0","0","10","31","0","0","7","0","0","3","59.7","51.2","1","0","0","0","0","1","1","0","0","1","0","2","0","0","0","0","1","1","0","0","0","0","0","0","0","0","1","0","2","3","0","0","0","0","0","0","4","6","2","2","14","2","1","0","0","1","0","2","2","0","0","0","0","2","19","15","0","0","0","bulk-1.27-teamid-from-league-list","0","0","0"
"3.6","Projekt Słomin vs Smerfy z Rivii ⚔️⚔️🛡️ 1:3","1216000","2026-09-01 17:00","Słomin centre","Projekt Słomin","128700","Pavlović, Dragan","1976733","3","1","5","0","0","54.6","8","1","2","25","13","14","9","2","5","2","29","18","1","94","5","28","1","18","37","0","0","0","0","0","0","0","14.7","","2","3","0","2","0","0","18","37","1","0","14","0","0","4","54.6","50.3","0","0","0","0","1","1","0","0","0","0","1","1","1","0","0","0","2","3","0","0","0","0","0","0","1","1","0","0","1","3","0","0","0","0","0","0","2","5","8","2","17","2","0","2","0","0","0","2","0","1","0","1","0","2","23","13","0","0","0","bulk-1.27-teamid-from-league-list","0","0","0"
"3.6","Projekt Słomin vs Smerfy z Rivii ⚔️⚔️🛡️ 1:3","1216000","2026-09-01 17:00","Słomin centre","Projekt Słomin","128700","Laurent, Benoît","2002852","3","1","9","0","0","54.2","8","2","2","25","0","16","12","9","4","3","75","0","0","0","0","0","1","20","40","0","0","0","0","0","0","0","12.4","","3","3","0","1","0","0","20","40","0","0","14","1","0","6","54.2","47.4","0","0","0","0","0","0","0","0","0","1","0","1","1","1","0","0","2","4","0","0","0","0","0","0","0","1","0","0","2","3","0","0","0","0","0","0","0","0","0","0","0","9","3","2","0","4","0","3","0","0","0","2","1","2","9","16","0","0","0","bulk-1.27-teamid-from-league-list","0","0","0"
"3.6","Projekt Słomin vs Smerfy z Rivii ⚔️⚔️🛡️ 1:3","1216000","2026-09-01 17:00","Słomin centre","Smerfy z Rivii ⚔️⚔️🛡️","130934","Ingraham, Max","2088573","2","2","9","0","2","58.5","0","0","0","0","0","7","6","2","1","0","29","0","0","0","0","0","0","1","17","13","4","44","7","17","16","4","7.6","","0","1","0","0","0","0","1","17","0","0","1","0","0","0","60.7","53.5","0","0","0","0","0","0","0","0","0","0","0","0","0","0","0","0","0","0","0","0","0","0","0","0","0","0","0","0","0","0","13","4","1","5","21","44","0","0","0","0","0","2","0","0","0","1","1","0","0","0","0","0","0","4","1","38","1","1","0","bulk-1.27-teamid-from-league-list","0","0","0"
"3.6","Projekt Słomin vs Smerfy z Rivii ⚔️⚔️🛡️ 1:3","1216000","2026-09-01 17:00","Słomin centre","Smerfy z Rivii ⚔️⚔️🛡️","130934","Inagaki, Tsumasaburo","1928939","7","3","23","1","1","59.7","21","2","5","24","14","17","8","5","9","3","47","64","1","98","22","34","1","27","68","0","0","0","0","0","0","0","52","","3","5","0","3","0","1","27","68","1","2","25","0","0","2","59.7","50.5","1","0","0","0","9","10","0","0","0","0","0","0","1","0","0","0","1","2","0","0","0","0","0","0","3","0","2","0","4","9","0","0","0","0","0","0","15","24","16","8","63","5","0","1","0","3","1","3","0","0","0","2","1","4","26","28","25","24","0","bulk-1.27-teamid-from-league-list","0","0","0"
"3.6","Projekt Słomin vs Smerfy z Rivii ⚔️⚔️🛡️ 1:3","1216000","2026-09-01 17:00","Słomin centre","Smerfy z Rivii ⚔️⚔️🛡️","130934","Yordanov, Angel","1865789","32","25","12","0","0","62.3","52","7","26","50","37","5","3","0","2","1","20","0","0","0","0","0","6","51","81","0","1","3","0","2","1","0","67.3","","0","1","0","0","1","1","51","81","6","0","47","0","0","4","62.3","51.9","4","1","0","1","9","15","1","0","1","0","1","3","0","0","0","0","0","0","20","2","3","0","9","34","0","0","0","0","0","0","0","1","1","0","1","3","0","0","0","0","0","0","0","0","0","0","0","1","0","0","0","1","0","4","17","12","16","16","0","bulk-1.27-teamid-from-league-list","0","0","0"
"3.6","Projekt Słomin vs Smerfy z Rivii ⚔️⚔️🛡️ 1:3","1216000","2026-09-01 17:00","Słomin centre","Smerfy z Rivii ⚔️⚔️🛡️","130934","Gandubert, Siffre","1864771","12","8","19","1","1","89.9","18","3","6","33","17","20","15","11","5","1","60","0","0","0","0","0","5","53","99","0","0","0","0","0","0","0","37.1","","1","1","0","3","0","1","53","99","5","0","48","0","1","5","91","75.3","4","1","0","1","3","9","0","0","2","0","1","3","1","0","0","0","4","5","0","0","0","0","0","0","0","0","0","0","1","1","0","0","0","0","0","0","0","0","0","0","0","11","4","0","1","5","1","1","1","0","0","0","0","4","12","14","10","11","0","bulk-1.27-teamid-from-league-list","0","0","0"
"3.6","Projekt Słomin vs Smerfy z Rivii ⚔️⚔️🛡️ 1:3","1216000","2026-09-01 17:00","Słomin centre","Smerfy z Rivii ⚔️⚔️🛡️","130934","McCall, Brian","1976945","10","5","13","2","0","66.5","12","2","4","33","17","29","25","13","4","2","52","10","1","90","1","10","6","59","103","0","0","0","0","0","0","0","37.6","","1","1","1","3","0","0","59","103","5","1","53","1","0","6","66.5","56.1","2","0","1","1","3","7","0","0","0","0","0","0","0","1","0","0","3","4","0","0","0","0","0","0","1","0","0","0","0","1","0","0","0","0","0","0","2","4","3","0","9","13","9","0","0","2","2","2","2","0","0","0","0","4","9","19","15","18","0","bulk-1.27-teamid-from-league-list","0","0","0"
"3.6","Projekt Słomin vs Smerfy z Rivii ⚔️⚔️🛡️ 1:3","1216000","2026-09-01 17:00","Słomin centre","Smerfy z Rivii ⚔️⚔️🛡️","130934","Szymczyk, Igor","1745316","25","19","11","1","1","69.5","52","5","19","37","27","6","4","0","2","1","17","0","0","0","0","0","5","59","90","0","0","0","0","0","0","0","53.3","","0","0","1","2","0","0","59","90","5","4","53","0","1","6","69.5","57.2","1","0","1","0","10","12","0","0","0","0","3","3","0","0","0","0","0","0","18","2","2","0","15","37","0","0","0","0","0","0","0","0","0","0","0","0","0","0","0","0","0","0","0","0","0","0","0","1","0","1","0","0","0","4","17","13","15","13","0","bulk-1.27-teamid-from-league-list","0","0","0"
"3.6","Projekt Słomin vs Smerfy z Rivii ⚔️⚔️🛡️ 1:3","1216000","2026-09-01 17:00","Słomin centre","Smerfy z Rivii ⚔️⚔️🛡️","130934","Kejklíček, Jakub","2003054","0","0","0","0","0","0","0","0","0","0","0","44","37","25","7","4","66","6","0","100","4","67","0","0","0","2","0","8","1","1","2","4","25.6","","3","4","1","3","0","0","0","0","0","0","0","0","0","0","0","0","0","0","0","0","0","0","0","0","0","0","0","0","0","0","0","0","0","0","0","0","0","0","0","0","0","0","0","0","0","0","2","0","0","0","6","8","1","1","4","0","6","25","16","1","1","3","4","4","1","0","1","0","2","4","14","14","7","12","0","bulk-1.27-teamid-from-league-list","0","0","0"
"3.6","Projekt Słomin vs Smerfy z Rivii ⚔️⚔️🛡️ 1:3","1216000","2026-09-01 17:00","Słomin centre","Smerfy z Rivii ⚔️⚔️🛡️","130934","Mark, Gabe","2087311","1","1","4","0","0","59.7","0","0","0","0","0","7","6","3","1","1","57","0","0","0","0","0","1","9","20","14","2","35","8","10","7","10","5.8","","1","1","0","0","0","0","9","20","1","0","8","0","0","1","59.7","55","0","0","0","0","0","0","0","0","0","0","0","0","0","0","0","0","0","0","0","0","0","0","0","0","0","0","0","0","0","0","14","2","1","2","16","35","0","0","0","0","0","3","1","1","0","0","1","1","0","0","0","0","1","1","34","0","0","0","0","bulk-1.27-teamid-from-league-list","0","0","0"
"3.6","Projekt Słomin vs Smerfy z Rivii ⚔️⚔️🛡️ 1:3","1216000","2026-09-01 17:00","Słomin centre","Smerfy z Rivii ⚔️⚔️🛡️","130934","Pajer, Vojko","2088295","1","1","2","0","0","52.5","0","0","0","0","0","8","7","1","1","1","25","0","0","0","0","0","1","9","19","12","2","32","4","15","11","2","4.2","","1","1","0","0","0","0","9","19","1","0","9","0","0","0","52.5","49.7","0","0","0","0","0","0","0","0","0","0","0","0","0","0","0","0","0","0","0","0","0","0","0","0","0","0","0","0","0","0","12","2","0","0","18","32","0","0","0","0","0","1","0","0","0","0","1","1","0","0","0","1","0","1","0","0","30","0","0","bulk-1.27-teamid-from-league-list","0","0","0"
"3.6","Projekt Słomin vs Smerfy z Rivii ⚔️⚔️🛡️ 1:3","1216000","2026-09-01 17:00","Słomin centre","Smerfy z Rivii ⚔️⚔️🛡️","130934","Engelen, Richard","1976894","0","0","5","0","0","57.8","0","0","0","0","0","4","3","3","1","0","75","0","0","0","0","0","0","0","16","16","3","33","10","11","8","4","2.4","","0","1","0","0","0","0","0","16","0","0","0","0","0","0","57.8","52.1","0","0","0","0","0","0","0","0","0","0","0","0","0","0","0","0","0","0","0","0","0","0","0","0","0","0","0","0","0","0","16","3","0","0","14","33","0","0","0","0","0","3","1","1","0","1","0","0","0","0","0","0","0","1","0","0","0","30","0","bulk-1.27-teamid-from-league-list","0","0","0"
"3.6","KS Jastrzębie vs Arks Bucz 3:2","1216001","2026-09-01 17:00","HSW Jastrzębie Zdrój","KS Jastrzębie","130545","Di Liberto, Gaspare","1903541","2","2","11","0","0","67.9","1","0","0","0","0","17","13","2","4","1","18","0","0","0","0","0","2","35","60","51","18","118","25","36","39","18","8","{""sets"":[{""h"":25,""a"":19},{""h"":25,""a"":18},{""h"":16,""a"":25},{""h"":19,""a"":25},{""h"":15,""a"":10}],""parsedSets"":[{""rallies"":[{""type"":""end"",""score"":""25 : 19"",""txt"":""Koniec seta 1 : 0""},{""type"":""end"",""score"":""25 : 19"",""txt"":""Koniec seta 1 : 0""},{""type"":""rally"",""score"":""25 : 19"",""speed"":""51.3 km/h"",""res"":""Punkt: K. Lisek""},{""type"":""rally"",""score"":""24 : 19"",""speed"":""69.4 km/h"",""res"":""Punkt: D. Mościcki""},{""type"":""rally"",""score"":""24 : 18"",""speed"":""49.4 km/h"",""res"":""Punkt: K. Lisek""},{""type"":""rally"",""score"":""23 : 18"",""speed"":""54.5 km/h"",""res"":""Punkt: K. Lisek""},{""type"":""rally"",""score"":""22 : 18"",""speed"":""55.4 km/h"",""res"":""Punkt: S. Borzymowski""},{""type"":""rally"",""score"":""22 : 17"",""speed"":""52.6 km/h"",""res"":""Punkt: K. Lisek""},{""type"":""rally"",""score"":""21 : 17"",""speed"":""45.5 km/h"",""res"":""Błąd: J. Teissedre""},{""type"":""rally"",""score"":""21 : 16"",""speed"":""47.2 km/h"",""res"":""Punkt: A. Ashford""},{""type"":""chg"",""score"":""21 : 15"",""txt"":""Zmiana: D. Mościcki ⇄ C. DeLeon""},{""type"":""chg"",""score"":""21 : 15"",""txt"":""Zmiana: A. Ashford ⇄ J. Cisek""},{""type"":""chg"",""score"":""21 : 15"",""txt"":""Zmiana: M. Czajkowski ⇄ P. Jura""},{""type"":""rally"",""score"":""21 : 15"",""speed"":""54.5 km/h"",""res"":""Punkt: K. Lisek""},{""type"":""chg"",""score"":""20 : 15"",""txt"":""Zmiana: F. Owczarek ⇄ R. Żybura""},{""type"":""chg"",""score"":""20 : 15"",""txt"":""Zmiana: S. Borzymowski ⇄ L. Drab""},{""type"":""chg"",""score"":""20 : 15"",""txt"":""Zmiana: L. Tolkki ⇄ M. Tingsheng""},{""type"":""tmo"",""score"":""20 : 15"",""txt"":""Czas dla: Arks Bucz""},{""type"":""rally"",""score"":""20 : 15"",""speed"":""56.9 km/h"",""res"":""Punkt: J. Teissedre""},{""type"":""rally"",""score"":""19 : 15"",""speed"":""57.8 km/h"",""res"":""Punkt: M. Tingsheng""},{""type"":""rally"",""score"":""18 : 15"",""speed"":""64.8 km/h"",""res"":""Punkt: C. DeLeon""},{""type"":""chg"",""score"":""18 : 14"",""txt"":""Zmiana: G. Tullini ⇄ G. Di Liberto""},{""type"":""rally"",""score"":""18 : 14"",""speed"":""-"",""res"":""Błąd: C. DeLeon""},{""type"":""rally"",""score"":""17 : 14"",""speed"":""63.2 km/h"",""res"":""Punkt: K. Lewicki""},{""type"":""rally"",""score"":""17 : 13"",""speed"":""61.1 km/h"",""res"":""Punkt: P. Jura""},{""type"":""rally"",""score"":""16 : 13"",""speed"":""71.0 km/h"",""res"":""Punkt: K. Lewicki""},{""type"":""tmo"",""score"":""16 : 12"",""txt"":""Czas dla: ""},{""type"":""rally"",""score"":""16 : 12"",""speed"":""54.1 km/h"",""res"":""Punkt: K. Lisek""},{""type"":""rally"",""score"":""15 : 12"",""speed"":""56.4 km/h"",""res"":""Punkt: L. Drab""},{""type"":""rally"",""score"":""15 : 11"",""speed"":""56.4 km/h"",""res"":""Punkt: K. Lisek""},{""type"":""rally"",""score"":""14 : 11"",""speed"":""60.8 km/h"",""res"":""Punkt: J. Cisek""},{""type"":""rally"",""score"":""14 : 10"",""speed"":""-"",""res"":""Błąd: R. Żybura""},{""type"":""rally"",""score"":""13 : 10"",""speed"":""46.9 km/h"",""res"":""Punkt: C. DeLeon""},{""type"":""rally"",""score"":""13 : 9"",""speed"":""55.4 km/h"",""res"":""Punkt: M. Tingsheng""},{""type"":""chg"",""score"":""12 : 9"",""txt"":""Zmiana: �. Gąsior ⇄ M. Konarski""},{""type"":""rally"",""score"":""12 : 9"",""speed"":""63.8 km/h"",""res"":""Punkt: J. Cisek""},{""type"":""rally"",""score"":""12 : 8"",""speed"":""61.1 km/h"",""res"":""Punkt: M. Tingsheng""},{""type"":""rally"",""score"":""11 : 8"",""speed"":""49.9 km/h"",""res"":""Błąd: J. Cisek""},{""type"":""rally"",""score"":""10 : 8"",""speed"":""43.2 km/h"",""res"":""Punkt: R. Żybura""},{""type"":""rally"",""score"":""10 : 7"",""speed"":""50.8 km/h"",""res"":""Punkt: M. Tingsheng""},{""type"":""rally"",""score"":""9 : 7"",""speed"":""68.2 km/h"",""res"":""Punkt: C. DeLeon""},{""type"":""rally"",""score"":""9 : 6"",""speed"":""51.7 km/h"",""res"":""Punkt: K. Lisek""},{""type"":""tmo"",""score"":""8 : 6"",""txt"":""Czas dla: ""},{""type"":""rally"",""score"":""8 : 6"",""speed"":""72.5 km/h"",""res"":""Punkt: M. Tingsheng""},{""type"":""rally"",""score"":""7 : 6"",""speed"":""59.6 km/h"",""res"":""Błąd: C. DeLeon""},{""type"":""rally"",""score"":""6 : 6"",""speed"":""45.1 km/h"",""res"":""Punkt: C. DeLeon""},{""type"":""chg"",""score"":""6 : 5"",""txt"":""Zmiana: M. Konarski ⇄ �. Gąsior""},{""type"":""tmo"",""score"":""6 : 5"",""txt"":""Czas dla: Arks Bucz""},{""type"":""rally"",""score"":""6 : 5"",""speed"":""50.3 km/h"",""res"":""Punkt: K. Lisek""},{""type"":""rally"",""score"":""5 : 5"",""speed"":""43.8 km/h"",""res"":""Punkt: K. Lisek""},{""type"":""rally"",""score"":""4 : 5"",""speed"":""62.1 km/h"",""res"":""Punkt: K. Lisek""},{""type"":""rally"",""score"":""3 : 5"",""speed"":""87.8 km/h"",""res"":""Punkt: L. Drab""},{""type"":""rally"",""score"":""3 : 4"",""speed"":""54.5 km/h"",""res"":""Punkt: C. DeLeon""},{""type"":""rally"",""score"":""3 : 3"",""speed"":""57.1 km/h"",""res"":""Punkt: K. Lisek""},{""type"":""rally"",""score"":""2 : 3"",""speed"":""59.4 km/h"",""res"":""Punkt: L. Drab""},{""type"":""rally"",""score"":""2 : 2"",""speed"":""62.2 km/h"",""res"":""Błąd: R. Żybura""},{""type"":""rally"",""score"":""1 : 2"",""speed"":""50.1 km/h"",""res"":""Punkt: C. DeLeon""},{""type"":""rally"",""score"":""1 : 1"",""speed"":""51.7 km/h"",""res"":""Błąd: K. Lewicki""},{""type"":""rally"",""score"":""0 : 1"",""speed"":""66.9 km/h"",""res"":""Punkt: K. Lewicki""}]},{""rallies"":[{""type"":""end"",""score"":""25 : 18"",""txt"":""Koniec seta 2 : 0""},{""type"":""end"",""score"":""25 : 18"",""txt"":""Koniec seta 2 : 0""},{""type"":""rally"",""score"":""25 : 18"",""speed"":""63.4 km/h"",""res"":""Błąd: F. Owczarek""},{""type"":""rally"",""score"":""24 : 18"",""speed"":""56.4 km/h"",""res"":""Punkt: P. Genadiev""},{""type"":""rally"",""score"":""23 : 18"",""speed"":""50.4 km/h"",""res"":""Punkt: D. Mościcki""},{""type"":""rally"",""score"":""23 : 17"",""speed"":""66.5 km/h"",""res"":""Punkt: K. Lisek""},{""type"":""rally"",""score"":""22 : 17"",""speed"":""62.2 km/h"",""res"":""Punkt: A. Ashford""},{""type"":""chg"",""score"":""22 : 16"",""txt"":""Zmiana: D. Mościcki ⇄ C. DeLeon""},{""type"":""chg"",""score"":""22 : 16"",""txt"":""Zmiana: A. Ashford ⇄ J. Cisek""},{""type"":""chg"",""score"":""22 : 16"",""txt"":""Zmiana: �. Gąsior ⇄ M. Konarski""},{""type"":""rally"",""score"":""22 : 16"",""speed"":""55.6 km/h"",""res"":""Punkt: M. Czajkowski""},{""type"":""chg"",""score"":""21 : 16"",""txt"":""Zmiana: M. Czajkowski ⇄ P. Jura""},{""type"":""rally"",""score"":""21 : 16"",""speed"":""52.2 km/h"",""res"":""Punkt: K. Lisek""},{""type"":""rally"",""score"":""20 : 16"",""speed"":""-"",""res"":""Błąd: J. Teissedre""},{""type"":""chg"",""score"":""20 : 15"",""txt"":""Zmiana: F. Owczarek ⇄ R. Żybura""},{""type"":""chg"",""score"":""20 : 15"",""txt"":""Zmiana: S. Borzymowski ⇄ L. Drab""},{""type"":""tmo"",""score"":""20 : 15"",""txt"":""Czas dla: Arks Bucz""},{""type"":""rally"",""score"":""20 : 15"",""speed"":""47.7 km/h"",""res"":""Punkt: K. Lisek""},{""type"":""rally"",""score"":""19 : 15"",""speed"":""52.0 km/h"",""res"":""Punkt: J. Teissedre""},{""type"":""rally"",""score"":""18 : 15"",""speed"":""55.2 km/h"",""res"":""Punkt: J. Cisek""},{""type"":""chg"",""score"":""18 : 14"",""txt"":""Zmiana: G. Tullini ⇄ G. Di Liberto""},{""type"":""rally"",""score"":""18 : 14"",""speed"":""62.4 km/h"",""res"":""Punkt: F. Tartaglione""},{""type"":""rally"",""score"":""17 : 14"",""speed"":""58.4 km/h"",""res"":""Punkt: R. Żybura""},{""type"":""rally"",""score"":""17 : 13"",""speed"":""57.4 km/h"",""res"":""Punkt: J. Teissedre""},{""type"":""rally"",""score"":""16 : 13"",""speed"":""63.0 km/h"",""res"":""Punkt: C. DeLeon""},{""type"":""chg"",""score"":""16 : 12"",""txt"":""Zmiana: M. Konarski ⇄ �. Gąsior""},{""type"":""tmo"",""score"":""16 : 12"",""txt"":""Czas dla: ""},{""type"":""rally"",""score"":""16 : 12"",""speed"":""67.9 km/h"",""res"":""Punkt: P. Genadiev""},{""type"":""rally"",""score"":""15 : 12"",""speed"":""65.5 km/h"",""res"":""Punkt: P. Genadiev""},{""type"":""rally"",""score"":""14 : 12"",""speed"":""56.4 km/h"",""res"":""Punkt: P. Jura""},{""type"":""rally"",""score"":""13 : 12"",""speed"":""69.8 km/h"",""res"":""Punkt: C. DeLeon""},{""type"":""rally"",""score"":""13 : 11"",""speed"":""69.5 km/h"",""res"":""Punkt: G. Di Liberto""},{""type"":""rally"",""score"":""12 : 11"",""speed"":""44.1 km/h"",""res"":""Punkt: R. Żybura""},{""type"":""rally"",""score"":""12 : 10"",""speed"":""54.7 km/h"",""res"":""Punkt: K. Lisek""},{""type"":""rally"",""score"":""11 : 10"",""speed"":""58.5 km/h"",""res"":""Punkt: J. Cisek""},{""type"":""rally"",""score"":""11 : 9"",""speed"":""52.9 km/h"",""res"":""Błąd: L. Drab""},{""type"":""rally"",""score"":""10 : 9"",""speed"":""67.5 km/h"",""res"":""Punkt: K. Lisek""},{""type"":""rally"",""score"":""9 : 9"",""speed"":""54.5 km/h"",""res"":""Punkt: K. Lewicki""},{""type"":""tmo"",""score"":""9 : 8"",""txt"":""Czas dla: Arks Bucz""},{""type"":""rally"",""score"":""9 : 8"",""speed"":""63.7 km/h"",""res"":""Punkt: J. Teissedre""},{""type"":""rally"",""score"":""8 : 8"",""speed"":""49.3 km/h"",""res"":""Punkt: P. Jura""},{""type"":""tmo"",""score"":""7 : 8"",""txt"":""Czas dla: ""},{""type"":""rally"",""score"":""7 : 8"",""speed"":""-"",""res"":""Błąd: P. Jura""},{""type"":""rally"",""score"":""7 : 7"",""speed"":""62.1 km/h"",""res"":""Punkt: J. Teissedre""},{""type"":""rally"",""score"":""6 : 7"",""speed"":""60.6 km/h"",""res"":""Punkt: K. Lewicki""},{""type"":""rally"",""score"":""6 : 6"",""speed"":""64.0 km/h"",""res"":""Punkt: P. Genadiev""},{""type"":""rally"",""score"":""5 : 6"",""speed"":""70.3 km/h"",""res"":""Punkt: R. Żybura""},{""type"":""rally"",""score"":""5 : 5"",""speed"":""52.6 km/h"",""res"":""Punkt: K. Lisek""},{""type"":""rally"",""score"":""4 : 5"",""speed"":""62.4 km/h"",""res"":""Punkt: L. Drab""},{""type"":""rally"",""score"":""4 : 4"",""speed"":""54.5 km/h"",""res"":""Punkt: K. Lisek""},{""type"":""rally"",""score"":""3 : 4"",""speed"":""-"",""res"":""Błąd: J. Teissedre""},{""type"":""rally"",""score"":""3 : 3"",""speed"":""62.9 km/h"",""res"":""Punkt: K. Lisek""},{""type"":""rally"",""score"":""2 : 3"",""speed"":""43.4 km/h"",""res"":""Punkt: J. Cisek""},{""type"":""rally"",""score"":""2 : 2"",""speed"":""50.7 km/h"",""res"":""Punkt: J. Teissedre""},{""type"":""rally"",""score"":""1 : 2"",""speed"":""64.7 km/h"",""res"":""Punkt: C. DeLeon""},{""type"":""rally"",""score"":""1 : 1"",""speed"":""-"",""res"":""Błąd: P. Jura""},{""type"":""chg"",""score"":""1 : 0"",""txt"":""Zmiana: P. Genadiev ⇄ M. Tingsheng""},{""type"":""rally"",""score"":""1 : 0"",""speed"":""56.2 km/h"",""res"":""Punkt: M. Tingsheng""}]},{""rallies"":[{""type"":""end"",""score"":""16 : 25"",""txt"":""Koniec seta 2 : 1""},{""type"":""end"",""score"":""16 : 25"",""txt"":""Koniec seta 2 : 1""},{""type"":""rally"",""score"":""16 : 25"",""speed"":""65.2 km/h"",""res"":""Punkt: F. Owczarek""},{""type"":""rally"",""score"":""16 : 24"",""speed"":""74.4 km/h"",""res"":""Punkt: A. Ashford""},{""type"":""rally"",""score"":""16 : 23"",""speed"":""55.1 km/h"",""res"":""Punkt: A. Ashford""},{""type"":""rally"",""score"":""16 : 22"",""speed"":""69.6 km/h"",""res"":""Punkt: A. Ashford""},{""type"":""chg"",""score"":""16 : 21"",""txt"":""Zmiana: M. Czajkowski ⇄ P. Jura""},{""type"":""rally"",""score"":""16 : 21"",""speed"":""65.9 km/h"",""res"":""Punkt: A. Ashford""},{""type"":""chg"",""score"":""16 : 20"",""txt"":""Zmiana: L. Tolkki ⇄ M. Tingsheng""},{""type"":""rally"",""score"":""16 : 20"",""speed"":""50.1 km/h"",""res"":""Punkt: A. Ashford""},{""type"":""rally"",""score"":""16 : 19"",""speed"":""53.5 km/h"",""res"":""Punkt: F. Tartaglione""},{""type"":""rally"",""score"":""15 : 19"",""speed"":""42.6 km/h"",""res"":""Punkt: K. Lisek""},{""type"":""rally"",""score"":""14 : 19"",""speed"":""63.2 km/h"",""res"":""Punkt: J. Teissedre""},{""type"":""rally"",""score"":""13 : 19"",""speed"":""45.6 km/h"",""res"":""Punkt: F. Owczarek""},{""type"":""chg"",""score"":""13 : 18"",""txt"":""Zmiana: G. Tullini ⇄ G. Di Liberto""},{""type"":""rally"",""score"":""13 : 18"",""speed"":""49.8 km/h"",""res"":""Punkt: A. Ashford""},{""type"":""rally"",""score"":""13 : 17"",""speed"":""56.8 km/h"",""res"":""Punkt: M. Tingsheng""},{""type"":""rally"",""score"":""12 : 17"",""speed"":""63.6 km/h"",""res"":""Błąd: M. Tingsheng""},{""type"":""tmo"",""score"":""12 : 16"",""txt"":""Czas dla: ""},{""type"":""rally"",""score"":""12 : 16"",""speed"":""65.4 km/h"",""res"":""Punkt: A. Ashford""},{""type"":""rally"",""score"":""12 : 15"",""speed"":""47.1 km/h"",""res"":""Błąd: K. Lewicki""},{""type"":""rally"",""score"":""11 : 15"",""speed"":""61.3 km/h"",""res"":""Punkt: M. Tingsheng""},{""type"":""rally"",""score"":""10 : 15"",""speed"":""49.0 km/h"",""res"":""Punkt: F. Owczarek""},{""type"":""rally"",""score"":""10 : 14"",""speed"":""49.6 km/h"",""res"":""Punkt: M. Tingsheng""},{""type"":""rally"",""score"":""9 : 14"",""speed"":""70.5 km/h"",""res"":""Punkt: D. Mościcki""},{""type"":""rally"",""score"":""9 : 13"",""speed"":""53.5 km/h"",""res"":""Punkt: M. Tingsheng""},{""type"":""rally"",""score"":""8 : 13"",""speed"":""50.6 km/h"",""res"":""Punkt: K. Lisek""},{""type"":""rally"",""score"":""7 : 13"",""speed"":""69.0 km/h"",""res"":""Punkt: L. Drab""},{""type"":""chg"",""score"":""7 : 12"",""txt"":""Zmiana: K. Lewicki ⇄ S. Borzymowski""},{""type"":""rally"",""score"":""7 : 12"",""speed"":""43.0 km/h"",""res"":""Punkt: K. Lisek""},{""type"":""rally"",""score"":""6 : 12"",""speed"":""46.1 km/h"",""res"":""Punkt: F. Tartaglione""},{""type"":""rally"",""score"":""5 : 12"",""speed"":""61.8 km/h"",""res"":""Punkt: K. Lisek""},{""type"":""rally"",""score"":""4 : 12"",""speed"":""51.7 km/h"",""res"":""Punkt: D. Mościcki""},{""type"":""chg"",""score"":""4 : 11"",""txt"":""Zmiana: D. Mościcki ⇄ C. DeLeon""},{""type"":""chg"",""score"":""4 : 11"",""txt"":""Zmiana: A. Ashford ⇄ J. Cisek""},{""type"":""rally"",""score"":""4 : 11"",""speed"":""74.5 km/h"",""res"":""Punkt: F. Owczarek""},{""type"":""rally"",""score"":""4 : 10"",""speed"":""93.8 km/h"",""res"":""Punkt: J. Cisek""},{""type"":""rally"",""score"":""4 : 9"",""speed"":""49.8 km/h"",""res"":""Punkt: L. Drab""},{""type"":""rally"",""score"":""4 : 8"",""speed"":""41.3 km/h"",""res"":""Punkt: K. Lisek""},{""type"":""rally"",""score"":""3 : 8"",""speed"":""-"",""res"":""Błąd: F. Owczarek""},{""type"":""chg"",""score"":""2 : 8"",""txt"":""Zmiana: M. Konarski ⇄ �. Gąsior""},{""type"":""chg"",""score"":""2 : 8"",""txt"":""Zmiana: F. Owczarek ⇄ R. Żybura""},{""type"":""tmo"",""score"":""2 : 8"",""txt"":""Czas dla: ""},{""type"":""rally"",""score"":""2 : 8"",""speed"":""59.3 km/h"",""res"":""Punkt: L. Drab""},{""type"":""chg"",""score"":""2 : 7"",""txt"":""Zmiana: S. Borzymowski ⇄ K. Lewicki""},{""type"":""rally"",""score"":""2 : 7"",""speed"":""55.7 km/h"",""res"":""Punkt: L. Drab""},{""type"":""tmo"",""score"":""2 : 6"",""txt"":""Czas dla: KS Jastrzębie ""},{""type"":""rally"",""score"":""2 : 6"",""speed"":""62.9 km/h"",""res"":""Punkt: C. DeLeon""},{""type"":""rally"",""score"":""2 : 5"",""speed"":""49.4 km/h"",""res"":""Punkt: R. Żybura""},{""type"":""rally"",""score"":""2 : 4"",""speed"":""44.2 km/h"",""res"":""Punkt: J. Cisek""},{""type"":""rally"",""score"":""2 : 3"",""speed"":""54.8 km/h"",""res"":""Punkt: J. Teissedre""},{""type"":""rally"",""score"":""1 : 3"",""speed"":""61.1 km/h"",""res"":""Błąd: M. Tingsheng""},{""type"":""rally"",""score"":""1 : 2"",""speed"":""-"",""res"":""Błąd: P. Jura""},{""type"":""rally"",""score"":""1 : 1"",""speed"":""67.5 km/h"",""res"":""Punkt: J. Teissedre""},{""type"":""rally"",""score"":""0 : 1"",""speed"":""47.9 km/h"",""res"":""Punkt: C. DeLeon""}]},{""rallies"":[{""type"":""end"",""score"":""19 : 25"",""txt"":""Koniec seta 2 : 2""},{""type"":""end"",""score"":""19 : 25"",""txt"":""Koniec seta 2 : 2""},{""type"":""rally"",""score"":""19 : 25"",""speed"":""61.7 km/h"",""res"":""Punkt: J. Cisek""},{""type"":""rally"",""score"":""19 : 24"",""speed"":""50.9 km/h"",""res"":""Punkt: C. DeLeon""},{""type"":""rally"",""score"":""19 : 23"",""speed"":""65.7 km/h"",""res"":""Punkt: J. Teissedre""},{""type"":""rally"",""score"":""18 : 23"",""speed"":""52.3 km/h"",""res"":""Błąd: P. Genadiev""},{""type"":""rally"",""score"":""18 : 22"",""speed"":""61.1 km/h"",""res"":""Błąd: P. Genadiev""},{""type"":""rally"",""score"":""18 : 21"",""speed"":""66.2 km/h"",""res"":""Punkt: G. Tullini""},{""type"":""rally"",""score"":""17 : 21"",""speed"":""64.1 km/h"",""res"":""Punkt: K. Lewicki""},{""type"":""rally"",""score"":""17 : 20"",""speed"":""57.2 km/h"",""res"":""Punkt: C. DeLeon""},{""type"":""rally"",""score"":""17 : 19"",""speed"":""57.1 km/h"",""res"":""Punkt: P. Genadiev""},{""type"":""chg"",""score"":""16 : 19"",""txt"":""Zmiana: K. Lewicki ⇄ S. Borzymowski""},{""type"":""rally"",""score"":""16 : 19"",""speed"":""64.1 km/h"",""res"":""Punkt: J. Teissedre""},{""type"":""rally"",""score"":""15 : 19"",""speed"":""63.7 km/h"",""res"":""Punkt: J. Cisek""},{""type"":""rally"",""score"":""15 : 18"",""speed"":""46.9 km/h"",""res"":""Punkt: K. Lisek""},{""type"":""rally"",""score"":""14 : 18"",""speed"":""61.5 km/h"",""res"":""Punkt: F. Tartaglione""},{""type"":""chg"",""score"":""13 : 18"",""txt"":""Zmiana: G. Tullini ⇄ G. Di Liberto""},{""type"":""rally"",""score"":""13 : 18"",""speed"":""50.4 km/h"",""res"":""Punkt: J. Cisek""},{""type"":""rally"",""score"":""13 : 17"",""speed"":""45.4 km/h"",""res"":""Punkt: L. Drab""},{""type"":""tmo"",""score"":""13 : 16"",""txt"":""Czas dla: ""},{""type"":""rally"",""score"":""13 : 16"",""speed"":""-"",""res"":""Błąd: J. Teissedre""},{""type"":""rally"",""score"":""13 : 15"",""speed"":""50.1 km/h"",""res"":""Błąd: J. Cisek""},{""type"":""rally"",""score"":""12 : 15"",""speed"":""54.1 km/h"",""res"":""Punkt: K. Lisek""},{""type"":""rally"",""score"":""11 : 15"",""speed"":""-"",""res"":""Błąd: S. Borzymowski""},{""type"":""chg"",""score"":""10 : 15"",""txt"":""Zmiana: S. Borzymowski ⇄ K. Lewicki""},{""type"":""rally"",""score"":""10 : 15"",""speed"":""58.8 km/h"",""res"":""Punkt: L. Drab""},{""type"":""rally"",""score"":""10 : 14"",""speed"":""-"",""res"":""Błąd: P. Genadiev""},{""type"":""rally"",""score"":""10 : 13"",""speed"":""55.2 km/h"",""res"":""Punkt: J. Teissedre""},{""type"":""tmo"",""score"":""9 : 13"",""txt"":""Czas dla: KS Jastrzębie ""},{""type"":""rally"",""score"":""9 : 13"",""speed"":""58.6 km/h"",""res"":""Punkt: C. DeLeon""},{""type"":""rally"",""score"":""9 : 12"",""speed"":""59.0 km/h"",""res"":""Punkt: R. Żybura""},{""type"":""rally"",""score"":""9 : 11"",""speed"":""-"",""res"":""Błąd: P. Jura""},{""type"":""rally"",""score"":""9 : 10"",""speed"":""59.7 km/h"",""res"":""Punkt: J. Teissedre""},{""type"":""rally"",""score"":""8 : 10"",""speed"":""47.3 km/h"",""res"":""Punkt: C. DeLeon""},{""type"":""rally"",""score"":""8 : 9"",""speed"":""73.3 km/h"",""res"":""Punkt: P. Genadiev""},{""type"":""rally"",""score"":""7 : 9"",""speed"":""47.9 km/h"",""res"":""Punkt: L. Drab""},{""type"":""rally"",""score"":""7 : 8"",""speed"":""89.3 km/h"",""res"":""Punkt: K. Lisek""},{""type"":""tmo"",""score"":""6 : 8"",""txt"":""Czas dla: ""},{""type"":""rally"",""score"":""6 : 8"",""speed"":""77.5 km/h"",""res"":""Punkt: C. DeLeon""},{""type"":""rally"",""score"":""6 : 7"",""speed"":""56.2 km/h"",""res"":""Błąd: K. Lisek""},{""type"":""rally"",""score"":""6 : 6"",""speed"":""56.4 km/h"",""res"":""Punkt: K. Lisek""},{""type"":""rally"",""score"":""5 : 6"",""speed"":""50.6 km/h"",""res"":""Punkt: K. Lisek""},{""type"":""rally"",""score"":""4 : 6"",""speed"":""54.3 km/h"",""res"":""Punkt: J. Cisek""},{""type"":""rally"",""score"":""4 : 5"",""speed"":""54.7 km/h"",""res"":""Punkt: J. Teissedre""},{""type"":""rally"",""score"":""3 : 5"",""speed"":""61.1 km/h"",""res"":""Punkt: J. Cisek""},{""type"":""rally"",""score"":""3 : 4"",""speed"":""45.8 km/h"",""res"":""Punkt: J. Teissedre""},{""type"":""rally"",""score"":""2 : 4"",""speed"":""58.9 km/h"",""res"":""Punkt: F. Tartaglione""},{""type"":""rally"",""score"":""1 : 4"",""speed"":""53.3 km/h"",""res"":""Punkt: K. Lewicki""},{""type"":""rally"",""score"":""1 : 3"",""speed"":""50.1 km/h"",""res"":""Punkt: R. Żybura""},{""type"":""rally"",""score"":""1 : 2"",""speed"":""65.4 km/h"",""res"":""Punkt: R. Żybura""},{""type"":""rally"",""score"":""1 : 1"",""speed"":""71.0 km/h"",""res"":""Punkt: F. Tartaglione""},{""type"":""chg"",""score"":""0 : 1"",""txt"":""Zmiana: P. Genadiev ⇄ M. Tingsheng""},{""type"":""rally"",""score"":""0 : 1"",""speed"":""50.2 km/h"",""res"":""Punkt: C. DeLeon""}]},{""rallies"":[{""type"":""end"",""score"":""15 : 10"",""txt"":""Koniec seta 3 : 2""},{""type"":""end"",""score"":""15 : 10"",""txt"":""Koniec seta 3 : 2""},{""type"":""rally"",""score"":""15 : 10"",""speed"":""71.3 km/h"",""res"":""Punkt: M. Tingsheng""},{""type"":""rally"",""score"":""14 : 10"",""speed"":""76.3 km/h"",""res"":""Błąd: K. Lewicki""},{""type"":""rally"",""score"":""13 : 10"",""speed"":""52.3 km/h"",""res"":""Punkt: L. Drab""},{""type"":""rally"",""score"":""13 : 9"",""speed"":""57.9 km/h"",""res"":""Punkt: K. Lisek""},{""type"":""rally"",""score"":""12 : 9"",""speed"":""66.2 km/h"",""res"":""Punkt: F. Tartaglione""},{""type"":""rally"",""score"":""11 : 9"",""speed"":""52.6 km/h"",""res"":""Punkt: K. Lisek""},{""type"":""chg"",""score"":""10 : 9"",""txt"":""Zmiana: M. Konarski ⇄ �. Gąsior""},{""type"":""tmo"",""score"":""10 : 9"",""txt"":""Czas dla: Arks Bucz""},{""type"":""rally"",""score"":""10 : 9"",""speed"":""50.2 km/h"",""res"":""Punkt: K. Lisek""},{""type"":""rally"",""score"":""9 : 9"",""speed"":""65.6 km/h"",""res"":""Punkt: K. Lisek""},{""type"":""chg"",""score"":""8 : 9"",""txt"":""Zmiana: K. Lewicki ⇄ S. Borzymowski""},{""type"":""rally"",""score"":""8 : 9"",""speed"":""58.8 km/h"",""res"":""Punkt: K. Lisek""},{""type"":""rally"",""score"":""7 : 9"",""speed"":""-"",""res"":""Błąd: J. Teissedre""},{""type"":""rally"",""score"":""7 : 8"",""speed"":""50.7 km/h"",""res"":""Punkt: K. Lisek""},{""type"":""rally"",""score"":""6 : 8"",""speed"":""43.8 km/h"",""res"":""Punkt: J. Teissedre""},{""type"":""rally"",""score"":""5 : 8"",""speed"":""53.2 km/h"",""res"":""Punkt: K. Lisek""},{""type"":""rally"",""score"":""4 : 8"",""speed"":""61.1 km/h"",""res"":""Punkt: K. Lisek""},{""type"":""rally"",""score"":""3 : 8"",""speed"":""59.9 km/h"",""res"":""Punkt: J. Cisek""},{""type"":""rally"",""score"":""3 : 7"",""speed"":""63.1 km/h"",""res"":""Punkt: L. Drab""},{""type"":""rally"",""score"":""3 : 6"",""speed"":""48.2 km/h"",""res"":""Punkt: J. Teissedre""},{""type"":""rally"",""score"":""2 : 6"",""speed"":""63.5 km/h"",""res"":""Punkt: F. Tartaglione""},{""type"":""chg"",""score"":""1 : 6"",""txt"":""Zmiana: S. Borzymowski ⇄ K. Lewicki""},{""type"":""tmo"",""score"":""1 : 6"",""txt"":""Czas dla: KS Jastrzębie ""},{""type"":""rally"",""score"":""1 : 6"",""speed"":""64.9 km/h"",""res"":""Błąd: M. Tingsheng""},{""type"":""rally"",""score"":""1 : 5"",""speed"":""65.2 km/h"",""res"":""Punkt: R. Żybura""},{""type"":""rally"",""score"":""1 : 4"",""speed"":""50.2 km/h"",""res"":""Punkt: J. Cisek""},{""type"":""rally"",""score"":""1 : 3"",""speed"":""50.9 km/h"",""res"":""Punkt: M. Tingsheng""},{""type"":""rally"",""score"":""0 : 3"",""speed"":""65.4 km/h"",""res"":""Punkt: R. Żybura""},{""type"":""rally"",""score"":""0 : 2"",""speed"":""52.5 km/h"",""res"":""Punkt: R. Żybura""},{""type"":""rally"",""score"":""0 : 1"",""speed"":""46.0 km/h"",""res"":""Punkt: R. Żybura""}]}]}","1","3","0","1","0","0","35","60","1","1","30","1","0","5","67.9","56.4","0","0","0","0","1","1","0","0","0","0","0","0","0","0","0","0","0","0","0","0","0","0","0","0","0","0","0","0","0","0","51","18","5","4","40","118","0","0","0","0","0","2","1","1","0","0","0","1","0","1","0","0","0","5","23","23","19","23","16","bulk-1.27-teamid-from-league-list","0","0","0"
"3.6","KS Jastrzębie vs Arks Bucz 3:2","1216001","2026-09-01 17:00","HSW Jastrzębie Zdrój","KS Jastrzębie","130545","Jura, Przemysław","1974516","5","0","14","4","0","65.4","10","0","4","40","40","24","17","7","7","4","46","30","1","97","15","50","1","15","61","0","0","0","0","0","0","0","29.8","","3","4","1","3","0","0","15","61","0","0","13","1","0","2","65.4","57.7","0","0","0","0","1","1","0","0","0","0","0","0","2","0","0","0","3","5","0","0","0","0","0","0","1","0","0","1","2","4","0","0","0","0","0","0","9","7","10","3","29","7","4","0","1","2","0","4","1","0","0","2","1","5","14","17","11","17","6","bulk-1.27-teamid-from-league-list","0","0","0"
"3.6","KS Jastrzębie vs Arks Bucz 3:2","1216001","2026-09-01 17:00","HSW Jastrzębie Zdrój","KS Jastrzębie","130545","Tingsheng, Mao","1949331","14","10","7","0","0","63.1","22","4","13","59","41","9","6","1","3","2","33","0","0","0","0","0","1","20","32","0","0","0","0","0","0","0","32.8","","1","1","1","2","0","0","20","32","1","0","17","0","0","3","63.1","52.6","0","0","1","0","1","2","1","0","0","1","0","2","0","0","0","0","0","0","10","3","0","1","4","18","0","0","0","0","0","0","0","0","0","0","0","0","0","0","0","0","0","1","0","1","0","0","0","2","1","0","0","0","1","4","10","1","9","0","8","bulk-1.27-teamid-from-league-list","0","0","0"
"3.6","KS Jastrzębie vs Arks Bucz 3:2","1216001","2026-09-01 17:00","HSW Jastrzębie Zdrój","KS Jastrzębie","130545","Teissedre, Jean-Paul","1928640","18","5","21","4","1","60.8","38","9","17","45","21","30","23","8","7","5","43","0","0","0","0","0","0","6","65","0","0","0","0","0","0","0","32.1","","5","5","0","2","0","0","6","65","0","0","6","0","0","0","60.8","51.4","0","0","0","0","4","4","2","0","2","1","0","5","13","1","5","0","6","25","0","0","0","0","0","0","1","0","1","0","2","4","0","0","0","0","0","0","0","0","0","0","0","8","4","1","1","2","0","5","2","1","0","1","1","5","9","17","17","22","8","bulk-1.27-teamid-from-league-list","0","0","0"
"3.6","KS Jastrzębie vs Arks Bucz 3:2","1216001","2026-09-01 17:00","HSW Jastrzębie Zdrój","KS Jastrzębie","130545","Tartaglione, Fabiano","1950195","8","4","23","0","2","69.4","14","2","6","43","29","14","9","7","5","4","79","47","2","96","24","51","0","9","77","0","0","0","0","0","0","0","51.6","","2","2","1","2","1","1","9","77","0","0","7","0","0","2","69.4","55","2","0","0","0","3","5","1","0","0","0","0","1","3","0","0","0","1","4","0","0","0","0","0","0","0","0","2","0","2","4","0","0","0","0","0","0","12","16","13","4","45","7","1","3","0","1","2","4","2","2","0","0","0","5","18","18","14","21","13","bulk-1.27-teamid-from-league-list","0","0","0"
"3.6","KS Jastrzębie vs Arks Bucz 3:2","1216001","2026-09-01 17:00","HSW Jastrzębie Zdrój","KS Jastrzębie","130545","Lisek, Krzysztof","1927361","40","30","13","0","1","72.5","53","10","30","57","38","3","0","0","3","1","33","0","0","0","0","0","9","50","82","0","0","0","0","0","0","0","83","","0","1","0","1","1","1","50","82","9","1","41","0","0","9","72.5","62.4","2","0","1","0","1","4","2","0","3","1","1","7","0","0","0","0","0","0","24","1","5","1","11","42","0","0","0","0","0","0","0","0","0","0","0","0","0","0","0","0","0","0","0","0","0","0","0","1","1","0","0","0","0","5","18","12","10","12","10","bulk-1.27-teamid-from-league-list","0","0","0"
"3.6","KS Jastrzębie vs Arks Bucz 3:2","1216001","2026-09-01 17:00","HSW Jastrzębie Zdrój","KS Jastrzębie","130545","Mladenov, Krum","1950610","0","-1","0","0","0","0","0","0","0","0","0","30","21","12","9","5","57","10","1","90","3","30","0","0","0","1","1","4","0","1","1","2","14.4","","4","5","1","4","0","0","0","0","0","0","0","0","0","0","0","0","0","0","0","0","0","0","0","0","0","0","0","0","0","0","0","0","0","0","0","0","0","0","0","0","0","0","0","0","0","0","1","1","1","1","0","4","3","4","2","0","9","11","3","3","0","3","2","5","1","2","0","1","1","5","6","5","12","10","2","bulk-1.27-teamid-from-league-list","0","0","0"
"3.6","KS Jastrzębie vs Arks Bucz 3:2","1216001","2026-09-01 17:00","HSW Jastrzębie Zdrój","KS Jastrzębie","130545","Czajkowski, Maciej","2088034","1","-2","0","0","0","0","0","0","0","0","0","1","1","0","0","0","0","6","3","50","2","33","1","4","8","0","0","0","0","0","0","0","-1","","0","0","0","0","0","0","4","8","1","0","3","0","0","1","0","0","0","0","0","0","0","0","0","0","0","0","0","0","0","0","0","0","0","0","0","0","0","0","0","0","0","0","0","0","0","0","0","0","0","0","0","0","2","1","0","0","3","0","0","0","0","0","0","0","0","0","0","0","0","3","1","2","4","0","0","bulk-1.27-teamid-from-league-list","0","0","0"
"3.6","KS Jastrzębie vs Arks Bucz 3:2","1216001","2026-09-01 17:00","HSW Jastrzębie Zdrój","KS Jastrzębie","130545","Genadiev, Pavel","1709967","6","2","7","1","0","63.7","11","3","3","27","0","5","3","2","2","1","60","0","0","0","0","0","3","27","32","0","0","0","0","0","0","0","11.5","","0","0","1","2","0","0","27","32","3","0","24","0","0","3","63.7","54","0","2","1","0","3","6","0","0","0","0","0","0","0","0","0","0","0","0","3","0","0","0","2","5","0","0","0","0","0","0","0","0","0","0","0","0","0","0","0","0","0","2","2","0","0","0","0","1","0","0","0","0","1","2","0","9","0","12","0","bulk-1.27-teamid-from-league-list","0","0","0"
"3.6","KS Jastrzębie vs Arks Bucz 3:2","1216001","2026-09-01 17:00","HSW Jastrzębie Zdrój","KS Jastrzębie","130545","Tullini, Giancarlo","1951029","1","1","2","0","0","63.4","0","0","0","0","0","3","3","1","0","0","33","0","0","0","0","0","1","10","21","15","2","26","7","9","5","5","3.8","","0","0","0","0","0","0","10","21","1","0","9","0","0","1","63.4","62.3","0","0","0","0","0","0","0","0","0","0","0","0","0","0","0","0","0","0","0","0","0","0","0","0","0","0","0","0","0","0","15","2","0","2","7","26","0","0","0","0","0","1","0","0","1","0","0","0","0","0","0","0","0","4","7","8","4","9","0","bulk-1.27-teamid-from-league-list","0","0","0"
"3.6","KS Jastrzębie vs Arks Bucz 3:2","1216001","2026-09-01 17:00","HSW Jastrzębie Zdrój","KS Jastrzębie","130545","Tolkki, Lars","2003972","0","0","2","0","0","54.5","0","0","0","0","0","1","1","0","0","0","0","0","0","0","0","0","0","0","0","0","0","0","0","0","0","0","0","","0","0","0","0","0","0","0","0","0","0","0","0","0","0","54.5","50.9","0","0","0","0","0","0","0","0","0","0","0","0","0","0","0","0","0","0","0","0","0","0","0","0","0","0","0","0","0","0","0","0","0","0","0","0","0","0","0","0","0","0","0","0","0","0","0","0","0","0","0","0","0","0","2","0","0","0","0","bulk-1.27-teamid-from-league-list","0","0","0"
"3.6","KS Jastrzębie vs Arks Bucz 3:2","1216001","2026-09-01 17:00","HSW Jastrzębie Zdrój","Arks Bucz","128755","Gąsior, Łucjan","1865723","0","0","8","0","0","71","0","0","0","0","0","17","14","5","3","2","41","0","0","0","0","0","0","16","59","43","11","93","24","48","15","6","4.8","","2","2","0","1","0","0","16","59","0","0","11","0","0","5","71","59.8","0","0","0","0","0","0","0","0","0","0","0","0","0","0","0","0","0","0","0","0","0","0","0","0","0","0","0","0","0","0","43","11","2","4","33","93","0","0","0","0","0","5","0","0","1","3","1","2","2","0","0","0","0","5","23","22","5","30","14","bulk-1.27-teamid-from-league-list","0","0","0"
"3.6","KS Jastrzębie vs Arks Bucz 3:2","1216001","2026-09-01 17:00","HSW Jastrzębie Zdrój","Arks Bucz","128755","DeLeon, Clarence","1725278","18","10","18","1","0","67.5","35","6","14","40","23","20","16","6","4","3","45","13","1","92","7","54","4","33","54","0","0","0","0","0","0","0","46.2","","2","3","0","0","1","1","33","54","4","2","24","0","0","9","67.5","56.6","1","0","0","0","3","4","1","0","0","0","0","1","4","1","5","0","11","21","0","0","0","0","0","0","7","0","0","1","1","9","0","0","0","0","0","0","2","8","2","0","12","6","2","1","1","1","1","3","3","0","0","0","0","5","19","18","6","22","8","bulk-1.27-teamid-from-league-list","0","0","0"
"3.6","KS Jastrzębie vs Arks Bucz 3:2","1216001","2026-09-01 17:00","HSW Jastrzębie Zdrój","Arks Bucz","128755","Lewicki, Krzysztof","2002578","10","6","14","0","0","67.5","10","4","5","50","10","5","2","1","3","1","40","0","0","0","0","0","5","34","62","0","0","5","0","3","1","1","20.2","","0","0","0","2","1","1","34","62","2","1","27","3","0","7","67.5","59.8","0","0","0","0","0","0","0","1","0","0","0","1","0","0","0","0","0","0","5","2","1","0","1","9","0","0","0","0","0","0","0","0","0","1","4","5","0","0","0","0","0","1","1","0","0","0","0","1","1","0","0","0","0","5","8","7","5","6","3","bulk-1.27-teamid-from-league-list","0","0","0"
"3.6","KS Jastrzębie vs Arks Bucz 3:2","1216001","2026-09-01 17:00","HSW Jastrzębie Zdrój","Arks Bucz","128755","Żybura, Rafał","2088658","12","10","14","1","1","62.9","20","1","10","50","45","14","9","4","5","4","57","0","0","0","0","0","1","18","60","0","0","0","0","0","0","0","37.3","","3","3","0","1","1","1","18","60","1","0","10","0","0","8","62.9","55.6","2","0","0","0","6","8","1","0","0","0","0","1","6","1","0","0","3","10","0","0","0","0","0","0","1","0","0","0","0","1","0","0","0","0","0","0","0","0","0","0","0","4","2","1","1","0","0","4","1","1","0","1","1","5","7","6","5","12","11","bulk-1.27-teamid-from-league-list","0","0","0"
"3.6","KS Jastrzębie vs Arks Bucz 3:2","1216001","2026-09-01 17:00","HSW Jastrzębie Zdrój","Arks Bucz","128755","Cisek, Jacek","1929374","15","10","11","0","1","89.3","35","4","14","40","29","19","11","2","8","4","32","43","1","98","16","37","0","40","71","0","0","0","0","0","0","0","55.2","","1","2","1","3","2","3","40","71","0","1","27","0","1","13","93.8","71.5","1","0","0","0","3","4","2","1","1","0","2","6","10","0","1","1","11","23","0","0","0","0","0","0","0","0","1","0","1","2","0","0","0","0","0","0","12","18","11","1","42","2","0","1","1","0","0","4","2","0","0","1","1","5","20","18","6","23","14","bulk-1.27-teamid-from-league-list","0","0","0"
"3.6","KS Jastrzębie vs Arks Bucz 3:2","1216001","2026-09-01 17:00","HSW Jastrzębie Zdrój","Arks Bucz","128755","Drab, Leon","1951247","18","14","9","0","0","76.3","20","4","8","40","20","8","3","1","5","2","38","0","0","0","0","0","10","50","80","0","0","0","0","0","0","0","45.6","","0","0","0","3","2","2","50","80","5","1","33","5","0","17","76.3","62.7","0","0","0","0","2","2","1","0","0","0","0","1","0","0","0","0","0","0","7","1","3","0","6","17","0","0","0","0","0","0","0","0","0","0","0","0","0","0","0","0","0","1","0","0","0","0","1","2","0","1","0","0","1","5","5","5","10","9","7","bulk-1.27-teamid-from-league-list","0","0","0"
"3.6","KS Jastrzębie vs Arks Bucz 3:2","1216001","2026-09-01 17:00","HSW Jastrzębie Zdrój","Arks Bucz","128755","Noszczyński, Kacper","2060803","0","-1","0","0","0","0","0","0","0","0","0","34","23","8","11","7","44","18","1","94","9","50","0","0","0","2","0","4","0","1","2","1","17.6","","4","5","1","4","2","2","0","0","0","0","0","0","0","0","0","0","0","0","0","0","0","0","0","0","0","0","0","0","0","0","0","0","0","0","0","0","0","0","0","0","0","0","0","0","0","0","2","0","0","0","2","4","4","9","3","1","17","8","2","1","0","4","1","7","4","0","0","3","0","5","8","14","6","13","8","bulk-1.27-teamid-from-league-list","0","0","0"
"3.6","KS Jastrzębie vs Arks Bucz 3:2","1216001","2026-09-01 17:00","HSW Jastrzębie Zdrój","Arks Bucz","128755","Owczarek, Franciszek","1975137","4","1","6","1","1","63.2","7","2","3","43","14","7","4","3","3","1","57","0","0","0","0","0","0","3","7","0","0","0","0","0","0","0","7.8","","1","2","0","1","0","0","3","7","0","0","2","0","0","1","63.2","51.8","1","0","0","0","1","2","0","0","1","0","0","1","1","0","0","0","1","2","0","0","0","0","0","0","1","1","0","0","0","2","0","0","0","0","0","0","0","0","0","0","0","3","2","0","0","1","0","1","0","0","0","1","0","3","3","2","10","0","0","bulk-1.27-teamid-from-league-list","0","0","0"
"3.6","KS Jastrzębie vs Arks Bucz 3:2","1216001","2026-09-01 17:00","HSW Jastrzębie Zdrój","Arks Bucz","128755","Mościcki, Damian","2112352","4","2","1","0","0","61.3","6","2","4","67","33","5","2","0","3","0","0","3","0","100","2","67","0","3","12","0","0","0","0","0","0","0","7","","0","0","0","3","0","0","3","12","0","0","3","0","0","0","61.3","61.3","0","0","0","0","0","0","0","0","1","0","0","1","4","0","1","0","0","5","0","0","0","0","0","0","0","0","0","0","0","0","0","0","0","0","0","0","1","2","0","0","3","0","0","0","0","0","0","0","0","0","0","0","0","3","2","2","7","0","0","bulk-1.27-teamid-from-league-list","0","0","0"
"3.6","KS Jastrzębie vs Arks Bucz 3:2","1216001","2026-09-01 17:00","HSW Jastrzębie Zdrój","Arks Bucz","128755","Ashford, Alejandro","2032786","10","8","9","0","4","66.5","9","1","5","56","44","8","7","2","1","1","38","14","1","93","7","50","1","6","11","0","0","0","0","0","0","0","31.5","","1","1","0","0","0","0","6","11","0","0","3","1","0","3","74.4","62.7","0","0","0","0","0","0","2","0","1","0","2","5","3","0","0","0","1","4","0","0","0","0","0","0","0","0","0","0","0","0","0","0","0","0","0","0","3","8","1","1","13","2","1","1","0","0","0","1","0","1","0","0","0","3","4","5","22","0","0","bulk-1.27-teamid-from-league-list","0","0","0"
"3.6","KS Jastrzębie vs Arks Bucz 3:2","1216001","2026-09-01 17:00","HSW Jastrzębie Zdrój","Arks Bucz","128755","Borzymowski, Sławomir","1905842","1","-2","4","1","0","63.5","4","2","1","25","-25","0","0","0","0","0","0","0","0","0","0","0","0","3","6","0","0","0","0","0","0","0","-2","","0","0","0","0","0","0","3","6","0","0","3","0","0","0","63.5","57.1","0","0","0","0","1","1","0","0","1","0","0","1","0","0","0","0","0","0","1","0","1","0","0","2","0","0","0","0","0","0","0","0","0","0","0","0","0","0","0","0","0","0","0","0","0","0","0","0","0","0","0","0","0","4","3","3","0","1","1","bulk-1.27-teamid-from-league-list","0","0","0"
"3.6","KS Jastrzębie vs Arks Bucz 3:2","1216001","2026-09-01 17:00","HSW Jastrzębie Zdrój","Arks Bucz","128755","Konarski, Marcin","1865722","0","0","3","0","0","57.4","0","0","0","0","0","6","6","2","0","0","33","0","0","0","0","0","0","5","22","17","7","44","5","20","13","6","1.6","","0","0","0","0","0","0","5","22","0","0","4","0","0","1","57.4","52.6","0","0","0","0","0","0","0","0","0","0","0","0","0","0","0","0","0","0","0","0","0","0","0","0","0","0","0","0","0","0","17","7","0","3","17","44","0","0","0","0","0","2","0","0","0","2","0","0","0","0","0","0","0","4","8","8","20","0","5","bulk-1.27-teamid-from-league-list","0","0","0"
"3.6","Twierdza Teodorówka vs Black Smoke 3:0","1216002","2026-09-01 17:00","Arena Twierdza","Twierdza Teodorówka","130591","Krysta, Tomasz","1865361","3","3","16","0","1","78.1","0","0","0","0","0","15","12","7","3","3","67","0","0","0","0","0","2","21","51","40","8","98","18","33","34","13","15.8","{""sets"":[{""h"":25,""a"":22},{""h"":25,""a"":19},{""h"":25,""a"":18}],""parsedSets"":[{""rallies"":[{""type"":""end"",""score"":""25 : 22"",""txt"":""Koniec seta 1 : 0""},{""type"":""end"",""score"":""25 : 22"",""txt"":""Koniec seta 1 : 0""},{""type"":""rally"",""score"":""25 : 22"",""speed"":""48.3 km/h"",""res"":""Punkt: P. Blanc""},{""type"":""rally"",""score"":""24 : 22"",""speed"":""64.0 km/h"",""res"":""Punkt: G. Lucena""},{""type"":""rally"",""score"":""24 : 21"",""speed"":""62.5 km/h"",""res"":""Punkt: P. Blanc""},{""type"":""rally"",""score"":""23 : 21"",""speed"":""46.3 km/h"",""res"":""Punkt: P. Blanc""},{""type"":""rally"",""score"":""22 : 21"",""speed"":""64.8 km/h"",""res"":""Punkt: V. Doychev""},{""type"":""rally"",""score"":""22 : 20"",""speed"":""49.3 km/h"",""res"":""Punkt: K. Rutkowski""},{""type"":""rally"",""score"":""21 : 20"",""speed"":""58.5 km/h"",""res"":""Punkt: J. Stanfield""},{""type"":""rally"",""score"":""21 : 19"",""speed"":""50.9 km/h"",""res"":""Punkt: K. Rutkowski""},{""type"":""rally"",""score"":""20 : 19"",""speed"":""64.3 km/h"",""res"":""Punkt: J. Nagel""},{""type"":""rally"",""score"":""20 : 18"",""speed"":""45.0 km/h"",""res"":""Punkt: K. Rutkowski""},{""type"":""rally"",""score"":""19 : 18"",""speed"":""50.8 km/h"",""res"":""Punkt: K. Rutkowski""},{""type"":""rally"",""score"":""18 : 18"",""speed"":""45.6 km/h"",""res"":""Punkt: V. Doychev""},{""type"":""rally"",""score"":""18 : 17"",""speed"":""56.3 km/h"",""res"":""Punkt: K. Możejko""},{""type"":""rally"",""score"":""17 : 17"",""speed"":""52.5 km/h"",""res"":""Punkt: P. Blanc""},{""type"":""rally"",""score"":""16 : 17"",""speed"":""61.2 km/h"",""res"":""Punkt: G. Lucena""},{""type"":""rally"",""score"":""16 : 16"",""speed"":""54.1 km/h"",""res"":""Punkt: P. Blanc""},{""type"":""tmo"",""score"":""15 : 16"",""txt"":""Czas dla: ""},{""type"":""rally"",""score"":""15 : 16"",""speed"":""69.5 km/h"",""res"":""Punkt: G. Lucena""},{""type"":""rally"",""score"":""15 : 15"",""speed"":""44.9 km/h"",""res"":""Punkt: P. Blanc""},{""type"":""rally"",""score"":""14 : 15"",""speed"":""53.5 km/h"",""res"":""Punkt: V. Doychev""},{""type"":""rally"",""score"":""14 : 14"",""speed"":""49.1 km/h"",""res"":""Punkt: G. Lucena""},{""type"":""rally"",""score"":""14 : 13"",""speed"":""61.2 km/h"",""res"":""Punkt: V. Doychev""},{""type"":""rally"",""score"":""14 : 12"",""speed"":""62.9 km/h"",""res"":""Punkt: P. Blanc""},{""type"":""rally"",""score"":""13 : 12"",""speed"":""55.8 km/h"",""res"":""Punkt: K. Rutkowski""},{""type"":""rally"",""score"":""12 : 12"",""speed"":""45.4 km/h"",""res"":""Punkt: J. Stanfield""},{""type"":""rally"",""score"":""12 : 11"",""speed"":""64.9 km/h"",""res"":""Punkt: J. Stanfield""},{""type"":""rally"",""score"":""12 : 10"",""speed"":""55.0 km/h"",""res"":""Punkt: A. Kladar""},{""type"":""rally"",""score"":""11 : 10"",""speed"":""59.5 km/h"",""res"":""Punkt: A. Kladar""},{""type"":""rally"",""score"":""10 : 10"",""speed"":""44.3 km/h"",""res"":""Punkt: K. Rutkowski""},{""type"":""rally"",""score"":""9 : 10"",""speed"":""54.3 km/h"",""res"":""Punkt: K. Fiorentino""},{""type"":""rally"",""score"":""9 : 9"",""speed"":""52.9 km/h"",""res"":""Błąd: K. Rutkowski""},{""type"":""rally"",""score"":""9 : 8"",""speed"":""47.2 km/h"",""res"":""Punkt: J. Stanfield""},{""type"":""rally"",""score"":""9 : 7"",""speed"":""42.1 km/h"",""res"":""Punkt: J. Stanfield""},{""type"":""rally"",""score"":""9 : 6"",""speed"":""54.5 km/h"",""res"":""Punkt: J. Stanfield""},{""type"":""rally"",""score"":""9 : 5"",""speed"":""45.2 km/h"",""res"":""Punkt: K. Fiorentino""},{""type"":""rally"",""score"":""9 : 4"",""speed"":""68.9 km/h"",""res"":""Punkt: J. Stanfield""},{""type"":""rally"",""score"":""9 : 3"",""speed"":""46.0 km/h"",""res"":""Punkt: K. Możejko""},{""type"":""rally"",""score"":""8 : 3"",""speed"":""45.8 km/h"",""res"":""Punkt: J. Stanfield""},{""type"":""tmo"",""score"":""8 : 2"",""txt"":""Czas dla: ""},{""type"":""rally"",""score"":""8 : 2"",""speed"":""52.5 km/h"",""res"":""Punkt: P. Blanc""},{""type"":""rally"",""score"":""7 : 2"",""speed"":""53.9 km/h"",""res"":""Punkt: V. Doychev""},{""type"":""rally"",""score"":""7 : 1"",""speed"":""48.9 km/h"",""res"":""Punkt: P. Blanc""},{""type"":""rally"",""score"":""6 : 1"",""speed"":""45.8 km/h"",""res"":""Punkt: K. Rutkowski""},{""type"":""rally"",""score"":""5 : 1"",""speed"":""55.7 km/h"",""res"":""Punkt: P. Blanc""},{""type"":""tmo"",""score"":""4 : 1"",""txt"":""Czas dla: Black Smoke""},{""type"":""rally"",""score"":""4 : 1"",""speed"":""43.8 km/h"",""res"":""Punkt: P. Blanc""},{""type"":""rally"",""score"":""3 : 1"",""speed"":""63.1 km/h"",""res"":""Punkt: S. Krajewski""},{""type"":""rally"",""score"":""2 : 1"",""speed"":""41.8 km/h"",""res"":""Punkt: P. Blanc""},{""type"":""rally"",""score"":""1 : 1"",""speed"":""64.9 km/h"",""res"":""Punkt: G. Lucena""},{""type"":""chg"",""score"":""1 : 0"",""txt"":""Zmiana: J. Nagel ⇄ B. Declerck""},{""type"":""chg"",""score"":""1 : 0"",""txt"":""Zmiana: O. Martinez ⇄ E. Orfanos""},{""type"":""tmo"",""score"":""1 : 0"",""txt"":""Czas dla: Black Smoke""},{""type"":""rally"",""score"":""1 : 0"",""speed"":""70.3 km/h"",""res"":""Punkt: P. Blanc""}]},{""rallies"":[{""type"":""end"",""score"":""25 : 19"",""txt"":""Koniec seta 2 : 0""},{""type"":""end"",""score"":""25 : 19"",""txt"":""Koniec seta 2 : 0""},{""type"":""rally"",""score"":""25 : 19"",""speed"":""52.1 km/h"",""res"":""Punkt: P. Blanc""},{""type"":""rally"",""score"":""24 : 19"",""speed"":""59.5 km/h"",""res"":""Punkt: V. Doychev""},{""type"":""rally"",""score"":""24 : 18"",""speed"":""60.2 km/h"",""res"":""Punkt: P. Blanc""},{""type"":""rally"",""score"":""23 : 18"",""speed"":""55.8 km/h"",""res"":""Punkt: P. Blanc""},{""type"":""rally"",""score"":""22 : 18"",""speed"":""63.8 km/h"",""res"":""Punkt: R. Van Brussel""},{""type"":""rally"",""score"":""22 : 17"",""speed"":""47.4 km/h"",""res"":""Punkt: P. Blanc""},{""type"":""rally"",""score"":""21 : 17"",""speed"":""-"",""res"":""Błąd: E. Roma""},{""type"":""rally"",""score"":""20 : 17"",""speed"":""46.5 km/h"",""res"":""Punkt: J. Stanfield""},{""type"":""rally"",""score"":""20 : 16"",""speed"":""59.5 km/h"",""res"":""Punkt: J. Stanfield""},{""type"":""rally"",""score"":""20 : 15"",""speed"":""42.4 km/h"",""res"":""Punkt: K. Możejko""},{""type"":""rally"",""score"":""19 : 15"",""speed"":""55.0 km/h"",""res"":""Punkt: J. Stanfield""},{""type"":""rally"",""score"":""19 : 14"",""speed"":""62.5 km/h"",""res"":""Punkt: T. Krysta""},{""type"":""rally"",""score"":""18 : 14"",""speed"":""-"",""res"":""Błąd: A. Wolski""},{""type"":""rally"",""score"":""17 : 14"",""speed"":""52.8 km/h"",""res"":""Punkt: E. Roma""},{""type"":""rally"",""score"":""17 : 13"",""speed"":""50.7 km/h"",""res"":""Punkt: K. Rutkowski""},{""type"":""tmo"",""score"":""16 : 13"",""txt"":""Czas dla: ""},{""type"":""rally"",""score"":""16 : 13"",""speed"":""49.3 km/h"",""res"":""Punkt: K. Możejko""},{""type"":""rally"",""score"":""15 : 13"",""speed"":""59.7 km/h"",""res"":""Punkt: A. Kladar""},{""type"":""rally"",""score"":""14 : 13"",""speed"":""44.9 km/h"",""res"":""Punkt: A. Wolski""},{""type"":""rally"",""score"":""14 : 12"",""speed"":""63.5 km/h"",""res"":""Punkt: A. Wolski""},{""type"":""rally"",""score"":""14 : 11"",""speed"":""59.9 km/h"",""res"":""Punkt: P. Blanc""},{""type"":""rally"",""score"":""13 : 11"",""speed"":""56.6 km/h"",""res"":""Punkt: P. Blanc""},{""type"":""tmo"",""score"":""12 : 11"",""txt"":""Czas dla: Black Smoke""},{""type"":""rally"",""score"":""12 : 11"",""speed"":""65.9 km/h"",""res"":""Punkt: K. Rutkowski""},{""type"":""rally"",""score"":""11 : 11"",""speed"":""52.4 km/h"",""res"":""Punkt: P. Blanc""},{""type"":""rally"",""score"":""10 : 11"",""speed"":""53.1 km/h"",""res"":""Punkt: A. Wolski""},{""type"":""rally"",""score"":""10 : 10"",""speed"":""53.2 km/h"",""res"":""Punkt: A. Wolski""},{""type"":""tmo"",""score"":""10 : 9"",""txt"":""Czas dla: Black Smoke""},{""type"":""rally"",""score"":""10 : 9"",""speed"":""50.9 km/h"",""res"":""Punkt: P. Blanc""},{""type"":""rally"",""score"":""9 : 9"",""speed"":""55.3 km/h"",""res"":""Punkt: T. Krysta""},{""type"":""rally"",""score"":""8 : 9"",""speed"":""48.9 km/h"",""res"":""Punkt: P. Blanc""},{""type"":""rally"",""score"":""7 : 9"",""speed"":""43.9 km/h"",""res"":""Punkt: V. Doychev""},{""type"":""rally"",""score"":""7 : 8"",""speed"":""60.4 km/h"",""res"":""Punkt: K. Możejko""},{""type"":""rally"",""score"":""6 : 8"",""speed"":""49.4 km/h"",""res"":""Punkt: T. Krysta""},{""type"":""tmo"",""score"":""5 : 8"",""txt"":""Czas dla: ""},{""type"":""rally"",""score"":""5 : 8"",""speed"":""64.5 km/h"",""res"":""Punkt: J. Stanfield""},{""type"":""rally"",""score"":""5 : 7"",""speed"":""41.6 km/h"",""res"":""Punkt: S. Krajewski""},{""type"":""rally"",""score"":""4 : 7"",""speed"":""51.9 km/h"",""res"":""Punkt: J. Stanfield""},{""type"":""rally"",""score"":""4 : 6"",""speed"":""57.2 km/h"",""res"":""Punkt: J. Stanfield""},{""type"":""rally"",""score"":""4 : 5"",""speed"":""59.8 km/h"",""res"":""Punkt: K. Możejko""},{""type"":""rally"",""score"":""3 : 5"",""speed"":""53.3 km/h"",""res"":""Punkt: A. Kladar""},{""type"":""rally"",""score"":""2 : 5"",""speed"":""46.7 km/h"",""res"":""Punkt: V. Doychev""},{""type"":""rally"",""score"":""2 : 4"",""speed"":""46.8 km/h"",""res"":""Punkt: K. Rutkowski""},{""type"":""rally"",""score"":""1 : 4"",""speed"":""49.4 km/h"",""res"":""Błąd: K. Rutkowski""},{""type"":""rally"",""score"":""1 : 3"",""speed"":""59.5 km/h"",""res"":""Punkt: A. Wolski""},{""type"":""rally"",""score"":""1 : 2"",""speed"":""47.3 km/h"",""res"":""Punkt: A. Kladar""},{""type"":""rally"",""score"":""0 : 2"",""speed"":""51.3 km/h"",""res"":""Punkt: A. Wolski""},{""type"":""chg"",""score"":""0 : 1"",""txt"":""Zmiana: A. Wolski ⇄ G. Lucena""},{""type"":""chg"",""score"":""0 : 1"",""txt"":""Zmiana: E. Roma ⇄ K. Fiorentino""},{""type"":""rally"",""score"":""0 : 1"",""speed"":""50.7 km/h"",""res"":""Błąd: K. Rutkowski""}]},{""rallies"":[{""type"":""end"",""score"":""25 : 18"",""txt"":""Koniec seta 3 : 0""},{""type"":""end"",""score"":""25 : 18"",""txt"":""Koniec seta 3 : 0""},{""type"":""rally"",""score"":""25 : 18"",""speed"":""54.2 km/h"",""res"":""Punkt: K. Rutkowski""},{""type"":""rally"",""score"":""24 : 18"",""speed"":""59.3 km/h"",""res"":""Punkt: P. Blanc""},{""type"":""rally"",""score"":""23 : 18"",""speed"":""46.4 km/h"",""res"":""Punkt: P. Blanc""},{""type"":""rally"",""score"":""22 : 18"",""speed"":""56.0 km/h"",""res"":""Błąd: K. Fiorentino""},{""type"":""rally"",""score"":""21 : 18"",""speed"":""52.7 km/h"",""res"":""Punkt: G. Lucena""},{""type"":""rally"",""score"":""21 : 17"",""speed"":""78.1 km/h"",""res"":""Punkt: V. Doychev""},{""type"":""rally"",""score"":""21 : 16"",""speed"":""67.1 km/h"",""res"":""Punkt: P. Blanc""},{""type"":""rally"",""score"":""20 : 16"",""speed"":""65.8 km/h"",""res"":""Punkt: P. Blanc""},{""type"":""rally"",""score"":""19 : 16"",""speed"":""47.4 km/h"",""res"":""Punkt: P. Blanc""},{""type"":""rally"",""score"":""18 : 16"",""speed"":""61.7 km/h"",""res"":""Punkt: K. Fiorentino""},{""type"":""rally"",""score"":""18 : 15"",""speed"":""50.2 km/h"",""res"":""Punkt: K. Rutkowski""},{""type"":""rally"",""score"":""17 : 15"",""speed"":""70.4 km/h"",""res"":""Punkt: J. Stanfield""},{""type"":""tmo"",""score"":""17 : 14"",""txt"":""Czas dla: Black Smoke""},{""type"":""rally"",""score"":""17 : 14"",""speed"":""68.6 km/h"",""res"":""Punkt: A. Kladar""},{""type"":""tmo"",""score"":""16 : 14"",""txt"":""Czas dla: ""},{""type"":""rally"",""score"":""16 : 14"",""speed"":""54.8 km/h"",""res"":""Punkt: K. Rutkowski""},{""type"":""rally"",""score"":""15 : 14"",""speed"":""49.9 km/h"",""res"":""Punkt: K. Rutkowski""},{""type"":""rally"",""score"":""14 : 14"",""speed"":""56.0 km/h"",""res"":""Punkt: J. Stanfield""},{""type"":""rally"",""score"":""14 : 13"",""speed"":""48.6 km/h"",""res"":""Punkt: J. Stanfield""},{""type"":""rally"",""score"":""14 : 12"",""speed"":""55.5 km/h"",""res"":""Punkt: K. Możejko""},{""type"":""rally"",""score"":""13 : 12"",""speed"":""46.5 km/h"",""res"":""Punkt: A. Kladar""},{""type"":""rally"",""score"":""12 : 12"",""speed"":""46.5 km/h"",""res"":""Punkt: T. Amakusa""},{""type"":""rally"",""score"":""12 : 11"",""speed"":""46.8 km/h"",""res"":""Punkt: T. Amakusa""},{""type"":""rally"",""score"":""12 : 10"",""speed"":""58.1 km/h"",""res"":""Punkt: K. Rutkowski""},{""type"":""rally"",""score"":""11 : 10"",""speed"":""55.4 km/h"",""res"":""Punkt: T. Amakusa""},{""type"":""rally"",""score"":""11 : 9"",""speed"":""65.8 km/h"",""res"":""Punkt: G. Lucena""},{""type"":""rally"",""score"":""11 : 8"",""speed"":""41.3 km/h"",""res"":""Punkt: K. Rutkowski""},{""type"":""rally"",""score"":""10 : 8"",""speed"":""60.8 km/h"",""res"":""Punkt: G. Lucena""},{""type"":""rally"",""score"":""10 : 7"",""speed"":""46.3 km/h"",""res"":""Punkt: P. Blanc""},{""type"":""rally"",""score"":""9 : 7"",""speed"":""43.0 km/h"",""res"":""Punkt: V. Doychev""},{""type"":""rally"",""score"":""9 : 6"",""speed"":""58.5 km/h"",""res"":""Punkt: G. Lucena""},{""type"":""rally"",""score"":""9 : 5"",""speed"":""53.7 km/h"",""res"":""Punkt: K. Rutkowski""},{""type"":""rally"",""score"":""8 : 5"",""speed"":""65.5 km/h"",""res"":""Punkt: J. Stanfield""},{""type"":""tmo"",""score"":""8 : 4"",""txt"":""Czas dla: ""},{""type"":""rally"",""score"":""8 : 4"",""speed"":""52.0 km/h"",""res"":""Punkt: K. Możejko""},{""type"":""rally"",""score"":""7 : 4"",""speed"":""52.8 km/h"",""res"":""Punkt: K. Rutkowski""},{""type"":""rally"",""score"":""6 : 4"",""speed"":""41.9 km/h"",""res"":""Punkt: K. Rutkowski""},{""type"":""rally"",""score"":""5 : 4"",""speed"":""-"",""res"":""Błąd: K. Rutkowski""},{""type"":""rally"",""score"":""5 : 3"",""speed"":""67.7 km/h"",""res"":""Błąd: J. Stanfield""},{""type"":""rally"",""score"":""4 : 3"",""speed"":""51.0 km/h"",""res"":""Punkt: A. Kladar""},{""type"":""rally"",""score"":""3 : 3"",""speed"":""47.8 km/h"",""res"":""Punkt: J. Stanfield""},{""type"":""rally"",""score"":""3 : 2"",""speed"":""43.4 km/h"",""res"":""Punkt: P. Blanc""},{""type"":""rally"",""score"":""2 : 2"",""speed"":""50.8 km/h"",""res"":""Punkt: T. Amakusa""},{""type"":""rally"",""score"":""2 : 1"",""speed"":""55.9 km/h"",""res"":""Punkt: P. Blanc""},{""type"":""rally"",""score"":""1 : 1"",""speed"":""72.8 km/h"",""res"":""Punkt: G. Lucena""},{""type"":""chg"",""score"":""1 : 0"",""txt"":""Zmiana: T. Amakusa ⇄ B. Declerck""},{""type"":""tmo"",""score"":""1 : 0"",""txt"":""Czas dla: Black Smoke""},{""type"":""rally"",""score"":""1 : 0"",""speed"":""59.9 km/h"",""res"":""Punkt: K. Rutkowski""}]}]}","3","3","0","0","0","0","21","51","2","0","18","0","0","3","78.1","63.4","0","0","0","0","0","0","0","0","0","0","0","0","0","0","0","0","0","0","0","0","0","0","0","0","0","0","0","0","0","0","40","8","2","3","45","98","0","0","0","0","0","7","1","1","0","4","1","3","2","0","0","1","0","3","32","32","32","0","0","bulk-1.27-teamid-from-league-list","0","0","0"
"3.6","Twierdza Teodorówka vs Black Smoke 3:0","1216002","2026-09-01 17:00","Arena Twierdza","Twierdza Teodorówka","130591","Krajewski, Sebastian","1927192","3","2","17","0","1","65.9","4","0","2","50","50","22","13","8","9","5","59","5","1","80","1","20","0","21","64","0","0","0","0","0","0","0","15.4","","3","4","1","4","1","1","21","64","0","1","20","0","0","1","65.9","56.1","0","0","0","0","1","1","1","0","0","1","0","2","0","0","0","0","0","0","0","0","0","0","0","0","0","0","0","0","1","1","0","0","0","0","0","0","0","4","0","0","4","8","4","0","0","4","0","5","4","0","0","1","0","3","14","10","10","0","0","bulk-1.27-teamid-from-league-list","0","0","0"
"3.6","Twierdza Teodorówka vs Black Smoke 3:0","1216002","2026-09-01 17:00","Arena Twierdza","Twierdza Teodorówka","130591","Blanc, Philippe","1682083","32","28","9","0","0","56.3","51","4","22","43","35","7","2","0","5","0","0","0","0","0","0","0","10","66","82","0","0","0","0","0","0","0","75","","0","3","0","2","0","0","66","82","10","2","57","0","0","9","56.3","49.1","3","0","1","0","5","9","2","0","1","2","2","7","0","0","0","0","0","0","15","0","2","0","18","35","0","0","0","0","0","0","0","0","0","0","0","0","0","0","0","0","0","0","0","0","0","0","0","0","0","0","0","0","0","3","21","19","14","0","0","bulk-1.27-teamid-from-league-list","0","0","0"
"3.6","Twierdza Teodorówka vs Black Smoke 3:0","1216002","2026-09-01 17:00","Arena Twierdza","Twierdza Teodorówka","130591","Rutkowski, Krzysztof","1948981","20","12","11","1","0","68.9","38","7","15","39","21","15","14","6","1","1","47","0","0","0","0","0","5","36","70","0","0","0","0","0","0","0","42.9","","1","1","0","0","0","0","36","70","5","0","33","0","0","3","68.9","58.5","3","0","0","0","3","6","0","1","2","0","0","3","3","2","2","0","4","11","0","0","0","0","0","0","9","0","0","0","9","18","0","0","0","0","0","0","0","0","0","0","0","6","2","0","0","3","1","1","0","0","0","1","0","3","17","16","24","0","0","bulk-1.27-teamid-from-league-list","0","0","0"
"3.6","Twierdza Teodorówka vs Black Smoke 3:0","1216002","2026-09-01 17:00","Arena Twierdza","Twierdza Teodorówka","130591","Kladar, Adnan","2032104","9","7","12","0","3","70.4","12","0","4","33","33","13","8","4","5","3","54","46","2","96","18","39","2","25","57","0","0","0","0","0","0","0","54.8","","3","4","0","1","0","0","25","57","1","0","21","1","0","4","70.4","60.5","2","0","0","0","3","5","0","0","0","0","0","0","1","0","0","0","1","2","0","0","0","0","0","0","1","0","0","0","4","5","0","0","0","0","0","0","10","15","13","6","44","4","1","2","0","1","0","3","2","0","0","1","0","3","23","20","24","0","0","bulk-1.27-teamid-from-league-list","0","0","0"
"3.6","Twierdza Teodorówka vs Black Smoke 3:0","1216002","2026-09-01 17:00","Arena Twierdza","Twierdza Teodorówka","130591","Możejko, Krzysztof","1864673","8","8","9","0","1","64.8","3","0","3","100","100","6","2","0","4","2","33","0","0","0","0","0","4","24","39","0","0","0","0","0","0","0","21.8","","2","3","0","1","0","0","24","39","4","0","22","0","0","2","64.8","58.3","1","0","0","0","0","1","0","0","0","0","0","0","0","0","0","0","0","0","2","0","0","0","0","2","0","0","0","0","0","0","0","0","0","0","0","0","0","0","0","0","0","0","0","0","0","0","0","2","0","1","0","1","0","3","5","7","4","0","0","bulk-1.27-teamid-from-league-list","0","0","0"
"3.6","Twierdza Teodorówka vs Black Smoke 3:0","1216002","2026-09-01 17:00","Arena Twierdza","Twierdza Teodorówka","130591","Swoboda, Adam","1950541","0","-1","0","0","0","0","0","0","0","0","0","27","21","10","6","5","56","7","1","86","3","43","0","0","0","3","0","10","1","2","4","3","11.6","","3","3","2","3","0","0","0","0","0","0","0","0","0","0","0","0","0","0","0","0","0","0","0","0","0","0","0","0","0","0","0","0","0","0","0","0","0","0","0","0","0","0","0","0","0","0","3","0","1","0","6","10","2","2","2","0","6","10","7","1","0","1","1","5","0","1","0","4","0","3","14","10","12","0","0","bulk-1.27-teamid-from-league-list","0","0","0"
"3.6","Twierdza Teodorówka vs Black Smoke 3:0","1216002","2026-09-01 17:00","Arena Twierdza","Black Smoke","137347","Van Brussel, Rik","2003215","1","1","13","0","0","53.5","0","0","0","0","0","23","12","8","11","3","48","0","0","0","0","0","1","4","43","42","18","110","14","42","35","19","10.6","","2","6","1","5","0","0","4","43","1","0","4","0","0","0","53.5","49","0","0","0","0","0","0","0","0","0","0","0","0","0","0","0","0","0","0","0","0","0","0","0","0","0","0","0","0","0","0","42","18","2","2","46","110","0","0","0","0","0","8","1","4","0","3","0","3","0","2","0","1","0","3","32","36","34","0","0","bulk-1.27-teamid-from-league-list","0","0","0"
"3.6","Twierdza Teodorówka vs Black Smoke 3:0","1216002","2026-09-01 17:00","Arena Twierdza","Black Smoke","137347","Doychev, Viktor","2087512","10","9","11","0","0","59.7","15","0","8","53","53","20","14","8","6","2","50","28","1","96","13","46","2","36","60","0","0","0","0","0","0","0","53.8","","2","3","0","3","0","0","36","60","2","1","32","0","0","4","59.7","50.1","1","0","0","0","3","4","0","0","0","0","0","0","4","0","0","0","2","6","0","0","0","0","0","0","3","0","0","0","2","5","0","0","0","0","0","0","5","6","11","5","27","8","1","2","1","2","2","2","1","1","0","0","0","3","19","17","22","0","0","bulk-1.27-teamid-from-league-list","0","0","0"
"3.6","Twierdza Teodorówka vs Black Smoke 3:0","1216002","2026-09-01 17:00","Arena Twierdza","Black Smoke","137347","Lucena, Genésio","2113264","11","6","5","0","0","58.1","31","5","11","35","19","0","0","0","0","0","0","0","0","0","0","0","0","35","50","0","1","1","0","0","0","1","18.3","","0","0","0","0","0","0","35","50","0","0","31","0","0","4","58.1","52.4","0","0","1","0","3","4","0","0","0","1","0","1","0","0","0","0","0","0","10","0","4","0","12","26","0","0","0","0","0","0","0","1","0","0","0","1","0","0","0","0","0","0","0","0","0","0","0","0","0","0","0","0","0","2","15","0","14","0","0","bulk-1.27-teamid-from-league-list","0","0","0"
"3.6","Twierdza Teodorówka vs Black Smoke 3:0","1216002","2026-09-01 17:00","Arena Twierdza","Black Smoke","137347","Declerck, Bernard","2002334","0","-2","3","0","0","51.9","6","2","0","0","-33","6","3","2","3","1","50","0","0","0","0","0","0","10","22","0","0","0","0","0","0","0","-1","","1","2","0","1","0","0","10","22","0","0","8","0","0","2","51.9","45.3","0","0","0","0","3","3","0","0","0","0","0","0","0","0","1","0","0","1","0","0","0","0","0","0","0","0","1","0","1","2","0","0","0","0","0","0","0","0","0","0","0","2","0","2","0","0","0","1","0","1","0","0","0","1","0","13","0","0","0","bulk-1.27-teamid-from-league-list","0","0","0"
"3.6","Twierdza Teodorówka vs Black Smoke 3:0","1216002","2026-09-01 17:00","Arena Twierdza","Black Smoke","137347","Fiorentino, Kurt","2060236","4","-3","11","0","2","56","13","4","2","15","-15","14","8","5","6","0","36","19","3","84","6","32","0","10","36","0","0","0","0","0","0","0","7.8","","0","1","0","5","0","0","10","36","0","0","10","0","0","0","56","49","0","0","0","0","1","1","0","0","1","0","0","1","0","1","0","1","3","5","0","0","0","0","0","0","1","0","2","0","3","6","0","0","0","0","0","0","2","11","2","1","16","5","2","0","0","3","0","0","0","0","0","0","0","2","23","0","19","0","0","bulk-1.27-teamid-from-league-list","0","0","0"
"3.6","Twierdza Teodorówka vs Black Smoke 3:0","1216002","2026-09-01 17:00","Arena Twierdza","Black Smoke","137347","Stanfield, Jimmy","2003447","19","12","7","0","1","55.8","28","7","16","57","32","4","2","0","2","0","0","0","0","0","0","0","2","26","36","0","0","1","0","0","0","1","36.9","","0","0","0","2","0","0","26","36","2","0","24","0","0","2","55.8","51.3","3","0","0","0","1","4","0","0","1","0","0","1","0","0","0","0","0","0","13","1","5","0","4","23","0","0","0","0","0","0","0","0","0","0","1","1","0","0","0","0","0","0","0","0","0","0","0","0","0","0","0","0","0","3","11","10","13","0","0","bulk-1.27-teamid-from-league-list","0","0","0"
"3.6","Twierdza Teodorówka vs Black Smoke 3:0","1216002","2026-09-01 17:00","Arena Twierdza","Black Smoke","137347","Orfanos, Evgenios","2113308","0","-1","0","0","0","0","0","0","0","0","0","19","12","5","7","4","47","14","1","93","5","36","0","0","0","0","1","4","0","1","3","0","10.8","","3","3","1","4","0","0","0","0","0","0","0","0","0","0","0","0","0","0","0","0","0","0","0","0","0","0","0","0","0","0","0","0","0","0","0","0","0","0","0","0","0","0","0","0","0","0","0","1","1","0","2","4","0","7","4","2","13","5","2","2","0","1","0","4","3","0","1","0","0","2","1","13","16","0","0","bulk-1.27-teamid-from-league-list","0","0","0"
"3.6","Twierdza Teodorówka vs Black Smoke 3:0","1216002","2026-09-01 17:00","Arena Twierdza","Black Smoke","137347","Amakusa, Takashi","2060677","4","3","3","0","1","51","3","1","1","33","0","10","6","2","4","2","40","0","0","0","0","0","2","14","22","0","0","0","0","0","0","0","11.9","","1","2","1","2","0","0","14","22","2","1","14","0","0","0","51","48","1","0","1","0","1","3","0","0","0","0","0","0","0","0","0","0","0","0","0","0","0","0","0","0","0","0","0","0","0","0","0","0","0","0","0","0","0","0","0","0","0","2","0","0","0","2","0","2","0","0","0","2","0","1","0","0","13","0","0","bulk-1.27-teamid-from-league-list","0","0","0"
"3.6","Twierdza Teodorówka vs Black Smoke 3:0","1216002","2026-09-01 17:00","Arena Twierdza","Black Smoke","137347","Martinez, Olivier","2113207","0","0","0","0","0","0","0","0","0","0","0","8","6","4","2","1","63","5","0","100","1","20","0","0","0","1","3","5","0","2","0","3","6","","1","2","0","0","0","0","0","0","0","0","0","0","0","0","0","0","0","0","0","0","0","0","0","0","0","0","0","0","0","0","0","0","0","0","0","0","0","0","0","0","0","0","0","0","0","0","1","3","0","0","1","5","0","3","2","0","5","4","4","0","0","0","0","1","1","0","0","0","0","1","15","0","0","0","0","bulk-1.27-teamid-from-league-list","0","0","0"
"3.6","Twierdza Teodorówka vs Black Smoke 3:0","1216002","2026-09-01 17:00","Arena Twierdza","Black Smoke","137347","Nagel, Joel","2112807","1","-1","2","0","0","50.8","6","2","1","17","-17","9","7","3","2","0","33","0","0","0","0","0","0","6","21","0","0","0","0","0","0","0","1.4","","0","0","0","2","0","0","6","21","0","0","5","0","0","1","50.8","48.4","1","0","0","0","0","1","0","0","0","0","0","0","0","0","2","0","2","4","0","0","0","0","0","0","0","0","0","0","1","1","0","0","0","0","0","0","0","0","0","0","0","3","3","0","0","0","0","0","0","0","0","0","0","1","13","0","0","0","0","bulk-1.27-teamid-from-league-list","0","0","0"
"3.6","Twierdza Teodorówka vs Black Smoke 3:0","1216002","2026-09-01 17:00","Arena Twierdza","Black Smoke","137347","Roma, Edilio","2088765","1","-2","3","1","0","49.4","5","1","1","20","0","6","3","2","3","2","67","7","1","86","1","14","0","5","12","0","0","0","0","0","0","0","2.7","","2","2","0","1","0","0","5","12","0","0","4","0","0","1","49.4","48","0","0","0","0","1","1","0","0","0","0","0","0","1","0","1","0","0","2","0","0","0","0","0","0","0","0","0","0","2","2","0","0","0","0","0","0","0","1","3","2","6","2","0","1","0","0","1","2","2","0","0","0","0","1","0","15","0","0","0","bulk-1.27-teamid-from-league-list","0","0","0"
"3.6","Twierdza Teodorówka vs Black Smoke 3:0","1216002","2026-09-01 17:00","Arena Twierdza","Black Smoke","137347","Wolski, Adam","2032411","7","3","2","1","0","53.3","14","3","6","43","21","0","0","0","0","0","0","0","0","0","0","0","1","13","22","0","0","0","0","0","0","0","13.7","","0","0","0","0","0","0","13","22","1","1","12","0","0","1","53.3","53.3","0","0","0","0","2","2","0","0","0","1","0","1","0","0","0","0","0","0","5","0","3","0","3","11","0","0","0","0","0","0","0","0","0","0","0","0","0","0","0","0","0","0","0","0","0","0","0","0","0","0","0","0","0","1","0","14","0","0","0","bulk-1.27-teamid-from-league-list","0","0","0"
"3.6","RTS.Strongman Małecz vs Błysk2 3:1","1216003","2026-09-01 17:00","Strongman Arena","RTS.Strongman Małecz","130601","Falba, Tomasz","2088063","0","-2","7","2","0","91.1","0","0","0","0","0","15","6","1","9","1","13","0","0","0","0","0","0","15","38","23","12","73","14","23","20","16","-0.8","{""sets"":[{""h"":26,""a"":24},{""h"":25,""a"":27},{""h"":25,""a"":19},{""h"":25,""a"":17}],""parsedSets"":[{""rallies"":[{""type"":""end"",""score"":""26 : 24"",""txt"":""Koniec seta 1 : 0""},{""type"":""end"",""score"":""26 : 24"",""txt"":""Koniec seta 1 : 0""},{""type"":""rally"",""score"":""26 : 24"",""speed"":""93.1 km/h"",""res"":""Punkt: K. Jastrzębski""},{""type"":""rally"",""score"":""25 : 24"",""speed"":""43.2 km/h"",""res"":""Punkt: K. Jastrzębski""},{""type"":""rally"",""score"":""24 : 24"",""speed"":""43.3 km/h"",""res"":""Punkt: T. Zieliński""},{""type"":""rally"",""score"":""24 : 23"",""speed"":""81.1 km/h"",""res"":""Punkt: A. Szczurek""},{""type"":""rally"",""score"":""24 : 22"",""speed"":""66.1 km/h"",""res"":""Punkt: T. Rybicki""},{""type"":""rally"",""score"":""23 : 22"",""speed"":""68.2 km/h"",""res"":""Punkt: K. Jastrzębski""},{""type"":""rally"",""score"":""22 : 22"",""speed"":""54.1 km/h"",""res"":""Punkt: T. Rybicki""},{""type"":""rally"",""score"":""21 : 22"",""speed"":""51.6 km/h"",""res"":""Punkt: M. Bazylewicz""},{""type"":""rally"",""score"":""21 : 21"",""speed"":""56.8 km/h"",""res"":""Punkt: A. Szczurek""},{""type"":""rally"",""score"":""21 : 20"",""speed"":""76.6 km/h"",""res"":""Punkt: M. Mónico""},{""type"":""rally"",""score"":""21 : 19"",""speed"":""80.9 km/h"",""res"":""Błąd: M. Mónico""},{""type"":""rally"",""score"":""20 : 19"",""speed"":""55.8 km/h"",""res"":""Punkt: J. Wolniewicz""},{""type"":""rally"",""score"":""19 : 19"",""speed"":""-"",""res"":""Błąd: T. Falba""},{""type"":""rally"",""score"":""19 : 18"",""speed"":""50.5 km/h"",""res"":""Punkt: P. Ratajczak""},{""type"":""rally"",""score"":""18 : 18"",""speed"":""61.9 km/h"",""res"":""Punkt: M. Bazylewicz""},{""type"":""rally"",""score"":""18 : 17"",""speed"":""64.1 km/h"",""res"":""Błąd: J. Piotrowski""},{""type"":""rally"",""score"":""17 : 17"",""speed"":""48.2 km/h"",""res"":""Punkt: T. Rybicki""},{""type"":""rally"",""score"":""16 : 17"",""speed"":""60.4 km/h"",""res"":""Punkt: K. Jastrzębski""},{""type"":""rally"",""score"":""15 : 17"",""speed"":""53.8 km/h"",""res"":""Punkt: S. Lanzetti""},{""type"":""rally"",""score"":""15 : 16"",""speed"":""45.3 km/h"",""res"":""Punkt: P. Ratajczak""},{""type"":""chg"",""score"":""14 : 16"",""txt"":""Zmiana: T. Falba ⇄ M. Liberato""},{""type"":""tmo"",""score"":""14 : 16"",""txt"":""Czas dla: ""},{""type"":""rally"",""score"":""14 : 16"",""speed"":""58.4 km/h"",""res"":""Punkt: T. Zieliński""},{""type"":""rally"",""score"":""14 : 15"",""speed"":""53.3 km/h"",""res"":""Punkt: K. Jastrzębski""},{""type"":""rally"",""score"":""13 : 15"",""speed"":""87.3 km/h"",""res"":""Punkt: M. Mónico""},{""type"":""rally"",""score"":""13 : 14"",""speed"":""44.3 km/h"",""res"":""Punkt: P. Ratajczak""},{""type"":""rally"",""score"":""12 : 14"",""speed"":""87.9 km/h"",""res"":""Punkt: M. Mónico""},{""type"":""chg"",""score"":""12 : 13"",""txt"":""Zmiana: M. Mónico ⇄ G. Humphreys""},{""type"":""rally"",""score"":""12 : 13"",""speed"":""83.7 km/h"",""res"":""Punkt: T. Rybicki""},{""type"":""rally"",""score"":""11 : 13"",""speed"":""81.8 km/h"",""res"":""Punkt: T. Rybicki""},{""type"":""rally"",""score"":""10 : 13"",""speed"":""53.1 km/h"",""res"":""Punkt: P. Ratajczak""},{""type"":""rally"",""score"":""9 : 13"",""speed"":""-"",""res"":""Błąd: M. Liberato""},{""type"":""rally"",""score"":""9 : 12"",""speed"":""54.8 km/h"",""res"":""Punkt: T. Rybicki""},{""type"":""rally"",""score"":""8 : 12"",""speed"":""51.3 km/h"",""res"":""Punkt: G. Humphreys""},{""type"":""rally"",""score"":""8 : 11"",""speed"":""44.4 km/h"",""res"":""Błąd: T. Rybicki""},{""type"":""rally"",""score"":""8 : 10"",""speed"":""65.8 km/h"",""res"":""Punkt: M. Bazylewicz""},{""type"":""chg"",""score"":""8 : 9"",""txt"":""Zmiana: A. Szczurek ⇄ J. Bielicki""},{""type"":""rally"",""score"":""8 : 9"",""speed"":""-"",""res"":""Błąd: J. Bielicki""},{""type"":""rally"",""score"":""7 : 9"",""speed"":""84.9 km/h"",""res"":""Punkt: J. Piotrowski""},{""type"":""rally"",""score"":""7 : 8"",""speed"":""69.5 km/h"",""res"":""Punkt: K. Jastrzębski""},{""type"":""rally"",""score"":""6 : 8"",""speed"":""59.9 km/h"",""res"":""Punkt: M. Liberato""},{""type"":""rally"",""score"":""5 : 8"",""speed"":""58.6 km/h"",""res"":""Punkt: K. Jastrzębski""},{""type"":""rally"",""score"":""4 : 8"",""speed"":""50.0 km/h"",""res"":""Punkt: K. Jastrzębski""},{""type"":""tmo"",""score"":""3 : 8"",""txt"":""Czas dla: ""},{""type"":""rally"",""score"":""3 : 8"",""speed"":""77.5 km/h"",""res"":""Punkt: J. Bielicki""},{""type"":""rally"",""score"":""3 : 7"",""speed"":""45.8 km/h"",""res"":""Punkt: J. Wolniewicz""},{""type"":""chg"",""score"":""2 : 7"",""txt"":""Zmiana: M. Liberato ⇄ T. Falba""},{""type"":""tmo"",""score"":""2 : 7"",""txt"":""Czas dla: RTS.Strongman Małecz""},{""type"":""rally"",""score"":""2 : 7"",""speed"":""55.1 km/h"",""res"":""Punkt: T. Zieliński""},{""type"":""rally"",""score"":""2 : 6"",""speed"":""69.3 km/h"",""res"":""Punkt: G. Humphreys""},{""type"":""rally"",""score"":""2 : 5"",""speed"":""98.7 km/h"",""res"":""Punkt: T. Zieliński""},{""type"":""rally"",""score"":""2 : 4"",""speed"":""60.7 km/h"",""res"":""Punkt: J. Wolniewicz""},{""type"":""rally"",""score"":""1 : 4"",""speed"":""69.5 km/h"",""res"":""Błąd: N. Tabor""},{""type"":""rally"",""score"":""1 : 3"",""speed"":""42.0 km/h"",""res"":""Punkt: T. Rybicki""},{""type"":""rally"",""score"":""0 : 3"",""speed"":""53.5 km/h"",""res"":""Błąd: J. Wolniewicz""},{""type"":""rally"",""score"":""0 : 2"",""speed"":""46.6 km/h"",""res"":""Punkt: J. Piotrowski""},{""type"":""chg"",""score"":""0 : 1"",""txt"":""Zmiana: J. Bielicki ⇄ A. Szczurek""},{""type"":""chg"",""score"":""0 : 1"",""txt"":""Zmiana: G. Porcelli ⇄ R. Zakrzewski""},{""type"":""chg"",""score"":""0 : 1"",""txt"":""Zmiana: G. Humphreys ⇄ M. Mónico""},{""type"":""chg"",""score"":""0 : 1"",""txt"":""Zmiana: S. Lanzetti ⇄ T. Misztal""},{""type"":""rally"",""score"":""0 : 1"",""speed"":""91.1 km/h"",""res"":""Punkt: M. Bazylewicz""}]},{""rallies"":[{""type"":""end"",""score"":""25 : 27"",""txt"":""Koniec seta 1 : 1""},{""type"":""end"",""score"":""25 : 27"",""txt"":""Koniec seta 1 : 1""},{""type"":""rally"",""score"":""25 : 27"",""speed"":""59.9 km/h"",""res"":""Błąd: N. Tabor""},{""type"":""rally"",""score"":""25 : 26"",""speed"":""51.8 km/h"",""res"":""Punkt: M. Mónico""},{""type"":""rally"",""score"":""25 : 25"",""speed"":""52.2 km/h"",""res"":""Punkt: N. Tabor""},{""type"":""rally"",""score"":""24 : 25"",""speed"":""70.4 km/h"",""res"":""Punkt: T. Zieliński""},{""type"":""rally"",""score"":""24 : 24"",""speed"":""92.9 km/h"",""res"":""Punkt: P. Ratajczak""},{""type"":""rally"",""score"":""23 : 24"",""speed"":""57.6 km/h"",""res"":""Punkt: K. Jastrzębski""},{""type"":""rally"",""score"":""22 : 24"",""speed"":""67.0 km/h"",""res"":""Punkt: K. Jastrzębski""},{""type"":""rally"",""score"":""21 : 24"",""speed"":""67.2 km/h"",""res"":""Punkt: T. Rybicki""},{""type"":""rally"",""score"":""20 : 24"",""speed"":""76.3 km/h"",""res"":""Punkt: P. Ratajczak""},{""type"":""rally"",""score"":""19 : 24"",""speed"":""62.1 km/h"",""res"":""Błąd: M. Bazylewicz""},{""type"":""rally"",""score"":""18 : 24"",""speed"":""60.6 km/h"",""res"":""Punkt: M. Bazylewicz""},{""type"":""rally"",""score"":""18 : 23"",""speed"":""57.7 km/h"",""res"":""Punkt: M. Bazylewicz""},{""type"":""rally"",""score"":""18 : 22"",""speed"":""60.3 km/h"",""res"":""Punkt: P. Ratajczak""},{""type"":""rally"",""score"":""17 : 22"",""speed"":""42.6 km/h"",""res"":""Punkt: P. Ratajczak""},{""type"":""rally"",""score"":""16 : 22"",""speed"":""44.6 km/h"",""res"":""Punkt: M. Bazylewicz""},{""type"":""rally"",""score"":""16 : 21"",""speed"":""42.0 km/h"",""res"":""Błąd: T. Rybicki""},{""type"":""rally"",""score"":""16 : 20"",""speed"":""88.6 km/h"",""res"":""Punkt: M. Bazylewicz""},{""type"":""rally"",""score"":""16 : 19"",""speed"":""66.7 km/h"",""res"":""Punkt: N. Tabor""},{""type"":""rally"",""score"":""15 : 19"",""speed"":""47.3 km/h"",""res"":""Punkt: N. Tabor""},{""type"":""chg"",""score"":""14 : 19"",""txt"":""Zmiana: M. Liberato ⇄ T. Falba""},{""type"":""rally"",""score"":""14 : 19"",""speed"":""60.2 km/h"",""res"":""Punkt: T. Misztal""},{""type"":""rally"",""score"":""14 : 18"",""speed"":""59.2 km/h"",""res"":""Punkt: P. Ratajczak""},{""type"":""rally"",""score"":""13 : 18"",""speed"":""67.6 km/h"",""res"":""Punkt: M. Mónico""},{""type"":""rally"",""score"":""13 : 17"",""speed"":""77.2 km/h"",""res"":""Punkt: K. Jastrzębski""},{""type"":""rally"",""score"":""12 : 17"",""speed"":""62.5 km/h"",""res"":""Punkt: K. Jastrzębski""},{""type"":""rally"",""score"":""11 : 17"",""speed"":""59.0 km/h"",""res"":""Punkt: A. Szczurek""},{""type"":""tmo"",""score"":""11 : 16"",""txt"":""Czas dla: ""},{""type"":""rally"",""score"":""11 : 16"",""speed"":""65.6 km/h"",""res"":""Punkt: T. Zieliński""},{""type"":""rally"",""score"":""11 : 15"",""speed"":""46.4 km/h"",""res"":""Punkt: N. Tabor""},{""type"":""rally"",""score"":""10 : 15"",""speed"":""59.3 km/h"",""res"":""Błąd: K. Jastrzębski""},{""type"":""rally"",""score"":""10 : 14"",""speed"":""53.4 km/h"",""res"":""Punkt: M. Bazylewicz""},{""type"":""rally"",""score"":""10 : 13"",""speed"":""78.9 km/h"",""res"":""Punkt: J. Wolniewicz""},{""type"":""rally"",""score"":""9 : 13"",""speed"":""52.7 km/h"",""res"":""Punkt: T. Rybicki""},{""type"":""rally"",""score"":""8 : 13"",""speed"":""89.3 km/h"",""res"":""Punkt: M. Bazylewicz""},{""type"":""rally"",""score"":""8 : 12"",""speed"":""53.9 km/h"",""res"":""Punkt: J. Wolniewicz""},{""type"":""rally"",""score"":""7 : 12"",""speed"":""47.8 km/h"",""res"":""Punkt: M. Bazylewicz""},{""type"":""tmo"",""score"":""7 : 11"",""txt"":""Czas dla: RTS.Strongman Małecz""},{""type"":""rally"",""score"":""7 : 11"",""speed"":""51.2 km/h"",""res"":""Punkt: M. Bazylewicz""},{""type"":""rally"",""score"":""7 : 10"",""speed"":""52.1 km/h"",""res"":""Punkt: M. Bazylewicz""},{""type"":""rally"",""score"":""7 : 9"",""speed"":""59.4 km/h"",""res"":""Punkt: T. Misztal""},{""type"":""rally"",""score"":""7 : 8"",""speed"":""52.2 km/h"",""res"":""Punkt: T. Rybicki""},{""type"":""rally"",""score"":""6 : 8"",""speed"":""-"",""res"":""Błąd: A. Szczurek""},{""type"":""tmo"",""score"":""5 : 8"",""txt"":""Czas dla: ""},{""type"":""rally"",""score"":""5 : 8"",""speed"":""83.6 km/h"",""res"":""Punkt: M. Mónico""},{""type"":""rally"",""score"":""5 : 7"",""speed"":""58.6 km/h"",""res"":""Punkt: J. Wolniewicz""},{""type"":""rally"",""score"":""4 : 7"",""speed"":""43.4 km/h"",""res"":""Punkt: W. Bieniek""},{""type"":""rally"",""score"":""4 : 6"",""speed"":""68.3 km/h"",""res"":""Punkt: A. Szczurek""},{""type"":""rally"",""score"":""4 : 5"",""speed"":""55.5 km/h"",""res"":""Punkt: P. Ratajczak""},{""type"":""rally"",""score"":""3 : 5"",""speed"":""44.6 km/h"",""res"":""Punkt: A. Szczurek""},{""type"":""rally"",""score"":""3 : 4"",""speed"":""61.9 km/h"",""res"":""Punkt: M. Mónico""},{""type"":""rally"",""score"":""3 : 3"",""speed"":""45.4 km/h"",""res"":""Punkt: K. Jastrzębski""},{""type"":""rally"",""score"":""2 : 3"",""speed"":""59.8 km/h"",""res"":""Punkt: M. Mónico""},{""type"":""rally"",""score"":""2 : 2"",""speed"":""48.5 km/h"",""res"":""Punkt: M. Bazylewicz""},{""type"":""rally"",""score"":""2 : 1"",""speed"":""43.4 km/h"",""res"":""Punkt: N. Tabor""},{""type"":""rally"",""score"":""1 : 1"",""speed"":""75.3 km/h"",""res"":""Punkt: W. Bieniek""},{""type"":""chg"",""score"":""1 : 0"",""txt"":""Zmiana: W. Bieniek ⇄ J. Piotrowski""},{""type"":""rally"",""score"":""1 : 0"",""speed"":""56.9 km/h"",""res"":""Punkt: P. Ratajczak""}]},{""rallies"":[{""type"":""end"",""score"":""25 : 19"",""txt"":""Koniec seta 2 : 1""},{""type"":""end"",""score"":""25 : 19"",""txt"":""Koniec seta 2 : 1""},{""type"":""rally"",""score"":""25 : 19"",""speed"":""52.5 km/h"",""res"":""Punkt: J. Wolniewicz""},{""type"":""rally"",""score"":""24 : 19"",""speed"":""66.6 km/h"",""res"":""Błąd: A. Szczurek""},{""type"":""rally"",""score"":""23 : 19"",""speed"":""-"",""res"":""Błąd: M. Mónico""},{""type"":""rally"",""score"":""22 : 19"",""speed"":""-"",""res"":""Błąd: T. Rybicki""},{""type"":""rally"",""score"":""22 : 18"",""speed"":""53.4 km/h"",""res"":""Punkt: P. Ratajczak""},{""type"":""rally"",""score"":""21 : 18"",""speed"":""65.6 km/h"",""res"":""Punkt: M. Bazylewicz""},{""type"":""rally"",""score"":""21 : 17"",""speed"":""55.5 km/h"",""res"":""Punkt: N. Tabor""},{""type"":""rally"",""score"":""20 : 17"",""speed"":""66.8 km/h"",""res"":""Punkt: M. Bazylewicz""},{""type"":""rally"",""score"":""20 : 16"",""speed"":""74.6 km/h"",""res"":""Punkt: J. Wolniewicz""},{""type"":""rally"",""score"":""19 : 16"",""speed"":""56.6 km/h"",""res"":""Punkt: P. Ratajczak""},{""type"":""rally"",""score"":""18 : 16"",""speed"":""55.0 km/h"",""res"":""Błąd: N. Tabor""},{""type"":""rally"",""score"":""18 : 15"",""speed"":""61.6 km/h"",""res"":""Punkt: J. Piotrowski""},{""type"":""rally"",""score"":""18 : 14"",""speed"":""42.5 km/h"",""res"":""Punkt: J. Wolniewicz""},{""type"":""rally"",""score"":""17 : 14"",""speed"":""-"",""res"":""Błąd: J. Wolniewicz""},{""type"":""rally"",""score"":""17 : 13"",""speed"":""58.1 km/h"",""res"":""Błąd: A. Szczurek""},{""type"":""tmo"",""score"":""16 : 13"",""txt"":""Czas dla: ""},{""type"":""rally"",""score"":""16 : 13"",""speed"":""58.0 km/h"",""res"":""Błąd: A. Szczurek""},{""type"":""rally"",""score"":""15 : 13"",""speed"":""61.7 km/h"",""res"":""Punkt: J. Wolniewicz""},{""type"":""rally"",""score"":""14 : 13"",""speed"":""81.4 km/h"",""res"":""Punkt: T. Misztal""},{""type"":""rally"",""score"":""14 : 12"",""speed"":""44.4 km/h"",""res"":""Punkt: N. Tabor""},{""type"":""rally"",""score"":""13 : 12"",""speed"":""63.0 km/h"",""res"":""Punkt: M. Mónico""},{""type"":""rally"",""score"":""13 : 11"",""speed"":""46.4 km/h"",""res"":""Punkt: J. Wolniewicz""},{""type"":""rally"",""score"":""12 : 11"",""speed"":""63.3 km/h"",""res"":""Punkt: M. Bazylewicz""},{""type"":""rally"",""score"":""12 : 10"",""speed"":""44.1 km/h"",""res"":""Punkt: T. Rybicki""},{""type"":""rally"",""score"":""11 : 10"",""speed"":""87.7 km/h"",""res"":""Punkt: M. Bazylewicz""},{""type"":""rally"",""score"":""11 : 9"",""speed"":""87.8 km/h"",""res"":""Punkt: N. Tabor""},{""type"":""rally"",""score"":""10 : 9"",""speed"":""77.2 km/h"",""res"":""Punkt: N. Tabor""},{""type"":""rally"",""score"":""9 : 9"",""speed"":""47.1 km/h"",""res"":""Punkt: N. Tabor""},{""type"":""chg"",""score"":""8 : 9"",""txt"":""Zmiana: M. Liberato ⇄ T. Falba""},{""type"":""rally"",""score"":""8 : 9"",""speed"":""57.1 km/h"",""res"":""Punkt: M. Bazylewicz""},{""type"":""rally"",""score"":""8 : 8"",""speed"":""55.6 km/h"",""res"":""Punkt: M. Mónico""},{""type"":""rally"",""score"":""8 : 7"",""speed"":""59.1 km/h"",""res"":""Punkt: M. Bazylewicz""},{""type"":""tmo"",""score"":""8 : 6"",""txt"":""Czas dla: ""},{""type"":""rally"",""score"":""8 : 6"",""speed"":""42.7 km/h"",""res"":""Punkt: P. Ratajczak""},{""type"":""rally"",""score"":""7 : 6"",""speed"":""-"",""res"":""Błąd: J. Wolniewicz""},{""type"":""rally"",""score"":""7 : 5"",""speed"":""67.3 km/h"",""res"":""Punkt: K. Jastrzębski""},{""type"":""rally"",""score"":""6 : 5"",""speed"":""53.0 km/h"",""res"":""Błąd: A. Szczurek""},{""type"":""rally"",""score"":""5 : 5"",""speed"":""73.7 km/h"",""res"":""Punkt: A. Szczurek""},{""type"":""rally"",""score"":""5 : 4"",""speed"":""55.3 km/h"",""res"":""Punkt: K. Jastrzębski""},{""type"":""rally"",""score"":""4 : 4"",""speed"":""43.5 km/h"",""res"":""Błąd: J. Wolniewicz""},{""type"":""rally"",""score"":""4 : 3"",""speed"":""52.2 km/h"",""res"":""Punkt: M. Mónico""},{""type"":""rally"",""score"":""4 : 2"",""speed"":""-"",""res"":""Błąd: M. Bazylewicz""},{""type"":""rally"",""score"":""3 : 2"",""speed"":""72.5 km/h"",""res"":""Punkt: M. Mónico""},{""type"":""rally"",""score"":""3 : 1"",""speed"":""56.6 km/h"",""res"":""Punkt: T. Rybicki""},{""type"":""rally"",""score"":""2 : 1"",""speed"":""-"",""res"":""Błąd: T. Falba""},{""type"":""rally"",""score"":""2 : 0"",""speed"":""78.6 km/h"",""res"":""Punkt: N. Tabor""},{""type"":""chg"",""score"":""1 : 0"",""txt"":""Zmiana: W. Bieniek ⇄ T. Zieliński""},{""type"":""rally"",""score"":""1 : 0"",""speed"":""87.8 km/h"",""res"":""Punkt: P. Ratajczak""}]},{""rallies"":[{""type"":""end"",""score"":""25 : 17"",""txt"":""Koniec seta 3 : 1""},{""type"":""end"",""score"":""25 : 17"",""txt"":""Koniec seta 3 : 1""},{""type"":""rally"",""score"":""25 : 17"",""speed"":""57.3 km/h"",""res"":""Punkt: N. Tabor""},{""type"":""rally"",""score"":""24 : 17"",""speed"":""-"",""res"":""Błąd: N. Tabor""},{""type"":""rally"",""score"":""24 : 16"",""speed"":""73.0 km/h"",""res"":""Punkt: T. Rybicki""},{""type"":""rally"",""score"":""23 : 16"",""speed"":""98.9 km/h"",""res"":""Punkt: N. Tabor""},{""type"":""tmo"",""score"":""22 : 16"",""txt"":""Czas dla: Błysk2""},{""type"":""rally"",""score"":""22 : 16"",""speed"":""47.5 km/h"",""res"":""Punkt: P. Ratajczak""},{""type"":""rally"",""score"":""21 : 16"",""speed"":""85.3 km/h"",""res"":""Punkt: P. Ratajczak""},{""type"":""rally"",""score"":""20 : 16"",""speed"":""76.9 km/h"",""res"":""Punkt: N. Tabor""},{""type"":""rally"",""score"":""19 : 16"",""speed"":""54.3 km/h"",""res"":""Punkt: P. Ratajczak""},{""type"":""rally"",""score"":""18 : 16"",""speed"":""79.4 km/h"",""res"":""Punkt: W. Bieniek""},{""type"":""rally"",""score"":""18 : 15"",""speed"":""61.4 km/h"",""res"":""Punkt: T. Rybicki""},{""type"":""rally"",""score"":""17 : 15"",""speed"":""87.6 km/h"",""res"":""Punkt: A. Szczurek""},{""type"":""rally"",""score"":""17 : 14"",""speed"":""41.7 km/h"",""res"":""Punkt: K. Jastrzębski""},{""type"":""rally"",""score"":""16 : 14"",""speed"":""76.8 km/h"",""res"":""Punkt: A. Szczurek""},{""type"":""tmo"",""score"":""16 : 13"",""txt"":""Czas dla: ""},{""type"":""rally"",""score"":""16 : 13"",""speed"":""57.8 km/h"",""res"":""Punkt: N. Tabor""},{""type"":""rally"",""score"":""15 : 13"",""speed"":""61.5 km/h"",""res"":""Punkt: A. Szczurek""},{""type"":""rally"",""score"":""15 : 12"",""speed"":""49.5 km/h"",""res"":""Punkt: K. Jastrzębski""},{""type"":""rally"",""score"":""14 : 12"",""speed"":""64.4 km/h"",""res"":""Punkt: M. Mónico""},{""type"":""rally"",""score"":""14 : 11"",""speed"":""61.1 km/h"",""res"":""Punkt: K. Jastrzębski""},{""type"":""rally"",""score"":""13 : 11"",""speed"":""56.8 km/h"",""res"":""Punkt: N. Tabor""},{""type"":""rally"",""score"":""12 : 11"",""speed"":""73.9 km/h"",""res"":""Punkt: M. Mónico""},{""type"":""rally"",""score"":""12 : 10"",""speed"":""60.8 km/h"",""res"":""Punkt: T. Rybicki""},{""type"":""rally"",""score"":""11 : 10"",""speed"":""71.8 km/h"",""res"":""Punkt: N. Tabor""},{""type"":""rally"",""score"":""10 : 10"",""speed"":""46.1 km/h"",""res"":""Punkt: T. Rybicki""},{""type"":""rally"",""score"":""9 : 10"",""speed"":""85.7 km/h"",""res"":""Punkt: M. Bazylewicz""},{""type"":""rally"",""score"":""9 : 9"",""speed"":""75.9 km/h"",""res"":""Punkt: N. Tabor""},{""type"":""rally"",""score"":""8 : 9"",""speed"":""51.3 km/h"",""res"":""Punkt: T. Rybicki""},{""type"":""chg"",""score"":""7 : 9"",""txt"":""Zmiana: M. Liberato ⇄ T. Falba""},{""type"":""rally"",""score"":""7 : 9"",""speed"":""53.4 km/h"",""res"":""Punkt: W. Bieniek""},{""type"":""tmo"",""score"":""7 : 8"",""txt"":""Czas dla: ""},{""type"":""rally"",""score"":""7 : 8"",""speed"":""68.2 km/h"",""res"":""Punkt: A. Szczurek""},{""type"":""rally"",""score"":""7 : 7"",""speed"":""41.7 km/h"",""res"":""Punkt: K. Jastrzębski""},{""type"":""rally"",""score"":""6 : 7"",""speed"":""84.8 km/h"",""res"":""Punkt: M. Mónico""},{""type"":""rally"",""score"":""6 : 6"",""speed"":""62.7 km/h"",""res"":""Błąd: M. Mónico""},{""type"":""rally"",""score"":""5 : 6"",""speed"":""48.4 km/h"",""res"":""Punkt: K. Jastrzębski""},{""type"":""rally"",""score"":""4 : 6"",""speed"":""56.9 km/h"",""res"":""Punkt: T. Zieliński""},{""type"":""rally"",""score"":""4 : 5"",""speed"":""49.2 km/h"",""res"":""Błąd: T. Falba""},{""type"":""rally"",""score"":""4 : 4"",""speed"":""43.2 km/h"",""res"":""Punkt: K. Jastrzębski""},{""type"":""rally"",""score"":""3 : 4"",""speed"":""47.2 km/h"",""res"":""Punkt: T. Zieliński""},{""type"":""rally"",""score"":""3 : 3"",""speed"":""-"",""res"":""Błąd: T. Rybicki""},{""type"":""rally"",""score"":""3 : 2"",""speed"":""55.7 km/h"",""res"":""Błąd: M. Mónico""},{""type"":""rally"",""score"":""2 : 2"",""speed"":""45.9 km/h"",""res"":""Błąd: P. Ratajczak""},{""type"":""rally"",""score"":""2 : 1"",""speed"":""76.1 km/h"",""res"":""Punkt: M. Bazylewicz""},{""type"":""rally"",""score"":""2 : 0"",""speed"":""90.4 km/h"",""res"":""Punkt: N. Tabor""},{""type"":""chg"",""score"":""1 : 0"",""txt"":""Zmiana: W. Bieniek ⇄ J. Piotrowski""},{""type"":""rally"",""score"":""1 : 0"",""speed"":""52.4 km/h"",""res"":""Punkt: P. Ratajczak""}]}]}","1","2","0","6","0","1","15","38","0","1","14","0","0","1","91.1","73.8","0","0","0","0","0","0","0","0","0","0","0","0","0","0","0","0","0","0","0","0","0","0","0","0","0","0","0","0","0","0","23","12","0","5","33","73","0","0","0","0","0","1","0","0","0","1","0","1","1","0","0","0","0","4","19","26","13","11","0","bulk-1.27-teamid-from-league-list","0","0","0"
"3.6","RTS.Strongman Małecz vs Błysk2 3:1","1216003","2026-09-01 17:00","Strongman Arena","RTS.Strongman Małecz","130601","Tabor, Nikodem","1865692","19","13","24","1","4","89.3","29","5","11","38","21","18","16","11","2","0","61","10","0","100","4","40","4","38","70","0","0","0","0","0","0","0","56.1","","0","1","0","1","0","0","38","70","4","1","36","0","0","2","98.9","74.7","0","1","0","0","2","3","0","0","0","0","1","1","4","1","1","0","4","10","0","0","0","0","0","0","7","1","1","0","6","15","0","0","0","0","0","0","3","5","1","1","10","11","4","2","2","2","1","0","0","0","0","0","0","4","12","21","16","21","0","bulk-1.27-teamid-from-league-list","0","0","0"
"3.6","RTS.Strongman Małecz vs Błysk2 3:1","1216003","2026-09-01 17:00","Strongman Arena","RTS.Strongman Małecz","130601","Rybicki, Tomasz","1929491","17","9","20","2","2","98.7","31","6","11","35","16","10","7","4","3","1","50","0","0","0","0","0","4","60","81","0","0","2","0","0","1","1","35.8","","1","1","0","2","0","0","60","81","4","4","50","0","0","10","98.7","69.7","1","0","0","0","6","7","0","0","0","0","0","0","0","0","0","0","0","0","10","2","4","0","8","24","0","0","0","0","0","0","0","0","0","0","2","2","0","0","0","0","0","4","1","1","0","2","0","1","0","1","0","0","0","4","17","17","8","11","0","bulk-1.27-teamid-from-league-list","0","0","0"
"3.6","RTS.Strongman Małecz vs Błysk2 3:1","1216003","2026-09-01 17:00","Strongman Arena","RTS.Strongman Małecz","130601","Ratajczak, Paweł","1725288","19","16","12","0","0","93.1","26","3","14","54","42","21","13","5","8","3","38","0","0","0","0","0","5","44","89","0","0","0","0","0","0","0","52.1","","3","7","0","1","0","0","44","89","5","0","38","0","0","6","93.1","66.1","1","0","0","0","3","4","0","0","0","0","0","0","7","1","1","0","4","13","0","0","0","0","0","0","6","0","1","0","2","9","0","0","0","0","0","0","0","0","0","0","0","5","0","3","0","2","0","3","1","0","1","1","0","4","13","16","12","11","0","bulk-1.27-teamid-from-league-list","0","0","0"
"3.6","RTS.Strongman Małecz vs Błysk2 3:1","1216003","2026-09-01 17:00","Strongman Arena","RTS.Strongman Małecz","130601","Wolniewicz, Juliusz","1767369","11","2","16","2","0","84.9","25","5","10","40","20","20","12","7","8","4","55","65","2","97","32","49","1","41","85","0","0","0","0","0","0","0","58.7","","4","6","0","2","0","0","41","85","1","0","39","0","0","2","84.9","67.7","0","0","0","0","1","1","0","0","1","0","0","1","5","1","0","0","3","9","0","0","0","0","0","0","5","1","2","0","6","14","0","0","0","0","0","0","11","22","20","10","63","7","3","0","1","1","2","4","0","2","0","1","1","4","26","27","25","19","0","bulk-1.27-teamid-from-league-list","0","0","0"
"3.6","RTS.Strongman Małecz vs Błysk2 3:1","1216003","2026-09-01 17:00","Strongman Arena","RTS.Strongman Małecz","130601","Jastrzębski, Krzysztof","1927799","21","13","10","0","0","87.6","34","8","13","38","15","7","2","2","5","1","43","0","0","0","0","0","8","61","74","0","0","0","0","0","0","0","43","","1","3","0","2","0","0","61","74","8","4","58","0","1","3","87.6","66","0","0","0","0","3","3","0","1","3","0","0","4","0","0","0","0","0","0","13","0","4","0","10","27","0","0","0","0","0","0","0","0","0","0","0","0","0","0","0","0","0","2","0","0","0","2","0","1","0","0","0","0","1","4","15","16","8","11","0","bulk-1.27-teamid-from-league-list","0","0","0"
"3.6","RTS.Strongman Małecz vs Błysk2 3:1","1216003","2026-09-01 17:00","Strongman Arena","RTS.Strongman Małecz","130601","Miłoszewski, Jacek","2003246","0","0","0","0","0","0","0","0","0","0","0","30","27","16","3","2","60","9","0","100","6","67","0","0","0","4","0","5","0","0","1","4","19.6","","2","3","0","0","0","0","0","0","0","0","0","0","0","0","0","0","0","0","0","0","0","0","0","0","0","0","0","0","0","0","0","0","0","0","0","0","0","0","0","0","0","0","0","0","0","0","4","0","0","0","1","5","3","2","2","2","9","16","6","2","2","5","1","2","1","1","0","0","0","4","15","13","4","8","0","bulk-1.27-teamid-from-league-list","0","0","0"
"3.6","RTS.Strongman Małecz vs Błysk2 3:1","1216003","2026-09-01 17:00","Strongman Arena","RTS.Strongman Małecz","130601","Liberato, Max","2088064","1","0","11","1","0","88.6","0","0","0","0","0","10","8","5","2","0","50","0","0","0","0","0","1","11","28","32","6","65","8","20","20","17","6","","0","0","0","2","0","0","11","28","1","0","11","0","0","0","88.6","79","0","0","0","0","0","0","0","0","0","0","0","0","0","0","0","0","0","0","0","0","0","0","0","0","0","0","0","0","0","0","32","6","0","4","23","65","0","0","0","0","0","5","3","0","0","2","0","0","0","0","0","0","0","4","18","15","20","16","0","bulk-1.27-teamid-from-league-list","0","0","0"
"3.6","RTS.Strongman Małecz vs Błysk2 3:1","1216003","2026-09-01 17:00","Strongman Arena","Błysk2","131225","Misztal, Tadeusz","1905578","3","3","16","0","0","57.1","1","0","0","0","0","24","15","9","9","3","50","0","0","0","0","0","3","21","44","34","14","104","12","33","34","25","17.4","","3","4","0","5","0","0","21","44","3","0","15","0","0","6","57.1","51","0","0","0","0","1","1","0","0","0","0","0","0","0","0","0","0","0","0","0","0","0","0","0","0","0","0","0","0","0","0","34","14","10","6","40","104","0","0","0","0","0","9","6","2","0","1","0","3","0","2","1","0","0","4","1","43","29","26","0","bulk-1.27-teamid-from-league-list","0","0","0"
"3.6","RTS.Strongman Małecz vs Błysk2 3:1","1216003","2026-09-01 17:00","Strongman Arena","Błysk2","131225","Piotrowski, Juliusz","1974934","3","0","8","0","0","56.6","7","2","2","29","0","10","7","2","3","2","40","39","1","97","11","28","1","16","33","0","0","0","0","0","0","0","24","","1","1","1","2","0","0","16","33","1","0","13","0","0","3","56.6","50.9","0","1","0","0","1","2","1","0","0","0","0","1","1","0","1","0","1","3","0","0","0","0","0","0","0","0","0","0","1","1","0","0","0","0","0","0","8","6","14","10","38","2","1","0","0","1","0","2","2","0","0","0","0","2","28","0","25","0","0","bulk-1.27-teamid-from-league-list","0","0","0"
"3.6","RTS.Strongman Małecz vs Błysk2 3:1","1216003","2026-09-01 17:00","Strongman Arena","Błysk2","131225","Bazylewicz, Maciej","1949097","25","14","16","1","1","60.7","44","10","19","43","20","11","6","0","5","2","18","0","0","0","0","0","5","49","74","1","2","4","0","0","1","3","44.8","","0","0","2","5","0","0","49","74","3","0","35","2","0","14","60.7","51.4","2","0","1","0","0","3","0","0","3","0","0","3","0","0","0","0","0","0","16","1","5","1","15","38","0","0","0","0","0","0","1","2","0","0","1","4","0","0","0","0","0","0","0","0","0","0","0","2","0","1","1","0","0","4","13","22","13","10","0","bulk-1.27-teamid-from-league-list","0","0","0"
"3.6","RTS.Strongman Małecz vs Błysk2 3:1","1216003","2026-09-01 17:00","Strongman Arena","Błysk2","131225","Mónico, Manoel","1927862","19","8","15","1","0","62.5","41","10","18","44","20","18","11","3","7","4","39","0","0","0","0","0","1","47","70","0","0","0","0","0","0","0","31","","2","2","2","5","0","0","47","70","1","0","33","0","0","14","62.5","52","5","0","0","0","3","8","0","0","3","0","1","4","8","2","4","4","7","25","0","0","0","0","0","0","1","1","0","0","2","4","0","0","0","0","0","0","0","0","0","0","0","3","2","1","0","0","0","4","0","1","0","3","0","4","11","21","14","14","0","bulk-1.27-teamid-from-league-list","0","0","0"
"3.6","RTS.Strongman Małecz vs Błysk2 3:1","1216003","2026-09-01 17:00","Strongman Arena","Błysk2","131225","Zieliński, Tomasz","2032339","10","6","7","0","0","59.2","15","3","5","33","13","19","11","6","8","4","53","6","1","83","1","17","5","34","66","0","0","0","0","0","0","0","29.9","","2","2","0","4","2","2","34","66","5","0","24","0","0","10","59.2","48.6","2","0","0","0","2","4","0","0","2","2","1","5","1","0","0","0","4","5","0","0","0","0","0","0","0","0","1","0","0","1","0","0","0","0","0","0","1","1","2","1","5","5","2","0","0","3","0","4","2","0","0","2","0","4","17","15","1","12","0","bulk-1.27-teamid-from-league-list","0","0","0"
"3.6","RTS.Strongman Małecz vs Błysk2 3:1","1216003","2026-09-01 17:00","Strongman Arena","Błysk2","131225","Szczurek, Adrian","2032628","11","4","8","1","0","61.4","28","6","10","36","14","7","2","1","5","3","57","0","0","0","0","0","1","36","63","0","0","0","0","0","0","0","17.8","","0","0","3","5","0","0","36","63","1","0","26","0","0","10","61.4","51.3","2","1","0","0","2","5","2","0","1","1","0","4","0","0","0","0","0","0","5","3","1","0","10","19","0","0","0","0","0","0","0","0","0","0","0","0","0","0","0","0","0","1","0","0","0","1","0","3","1","0","1","1","0","4","5","10","10","9","0","bulk-1.27-teamid-from-league-list","0","0","0"
"3.6","RTS.Strongman Małecz vs Błysk2 3:1","1216003","2026-09-01 17:00","Strongman Arena","Błysk2","131225","Zakrzewski, Radosław","1976124","0","0","0","0","0","0","0","0","0","0","0","26","21","7","5","4","42","10","0","100","4","40","0","0","0","4","1","8","0","2","3","3","12.8","","3","4","1","1","0","0","0","0","0","0","0","0","0","0","0","0","0","0","0","0","0","0","0","0","0","0","0","0","0","0","0","0","0","0","0","0","0","0","0","0","0","0","0","0","0","0","4","1","1","1","1","8","1","5","2","2","10","7","4","1","0","1","1","4","0","2","0","2","0","3","0","17","9","11","0","bulk-1.27-teamid-from-league-list","0","0","0"
"3.6","RTS.Strongman Małecz vs Błysk2 3:1","1216003","2026-09-01 17:00","Strongman Arena","Błysk2","131225","Bielicki, Jan","2003261","1","0","1","1","0","0","3","0","1","33","33","1","0","0","1","0","0","0","0","0","0","0","0","5","8","0","0","0","0","0","0","0","1","","0","0","0","1","0","0","5","8","0","0","2","0","0","3","0","0","0","0","0","0","1","1","0","0","0","0","0","0","0","0","0","0","0","0","1","0","0","0","1","2","0","0","0","0","0","0","0","0","0","0","0","0","0","0","0","0","0","0","0","0","0","0","0","0","0","0","0","0","0","1","4","0","0","0","0","bulk-1.27-teamid-from-league-list","0","0","0"
"3.6","RTS.Strongman Małecz vs Błysk2 3:1","1216003","2026-09-01 17:00","Strongman Arena","Błysk2","131225","Lanzetti, Sisto","2112556","1","1","4","0","0","54.8","1","0","0","0","0","5","4","2","1","0","40","0","0","0","0","0","1","6","17","11","5","37","6","8","16","7","4.6","","0","0","0","1","0","0","6","17","1","0","6","0","0","0","54.8","50.3","0","0","0","0","1","1","0","0","0","0","0","0","0","0","0","0","0","0","0","0","0","0","0","0","0","0","0","0","0","0","11","5","0","2","19","37","0","0","0","0","0","2","1","1","0","0","0","0","0","0","0","0","0","1","33","0","0","0","0","bulk-1.27-teamid-from-league-list","0","0","0"
"3.6","RTS.Strongman Małecz vs Błysk2 3:1","1216003","2026-09-01 17:00","Strongman Arena","Błysk2","131225","Porcelli, Gandolfo","2088001","0","0","0","0","0","0","0","0","0","0","0","13","9","3","4","3","46","1","0","100","0","0","0","0","0","1","1","2","0","0","1","1","4","","3","3","0","1","0","0","0","0","0","0","0","0","0","0","0","0","0","0","0","0","0","0","0","0","0","0","0","0","0","0","0","0","0","0","0","0","0","0","0","0","0","0","0","0","0","0","1","1","0","0","0","2","0","0","1","0","1","3","1","0","0","2","0","3","0","1","0","1","1","1","12","0","0","0","0","bulk-1.27-teamid-from-league-list","0","0","0"
"3.6","RTS.Strongman Małecz vs Błysk2 3:1","1216003","2026-09-01 17:00","Strongman Arena","Błysk2","131225","Humphreys, Gary","2004374","2","1","3","0","1","55.1","5","1","1","20","0","1","1","0","0","0","0","0","0","0","0","0","0","6","14","0","0","0","0","0","0","0","3.5","","0","0","0","0","0","0","6","14","0","0","3","0","0","3","69.3","56.7","0","0","0","0","0","0","0","0","1","0","1","2","1","0","0","0","1","2","0","0","0","0","0","0","0","0","0","0","1","1","0","0","0","0","0","0","0","0","0","0","0","0","0","0","0","0","0","0","0","0","0","0","0","1","9","0","0","0","0","bulk-1.27-teamid-from-league-list","0","0","0"
"3.6","RTS.Strongman Małecz vs Błysk2 3:1","1216003","2026-09-01 17:00","Strongman Arena","Błysk2","131225","Bieniek, Wojciech","2002500","7","3","10","0","0","62.1","12","0","6","50","50","18","14","11","4","2","72","36","4","89","13","36","1","21","46","0","0","0","0","0","0","0","44.6","","1","1","1","3","0","0","21","46","1","0","16","0","0","5","62.1","54.9","0","0","0","1","1","2","0","0","0","1","0","1","3","0","0","1","5","9","0","0","0","0","0","0","0","0","0","0","0","0","0","0","0","0","0","0","5","13","8","6","32","11","1","5","2","3","0","2","0","0","1","1","0","3","0","29","8","24","0","bulk-1.27-teamid-from-league-list","0","0","0"
"3.6","Warszawa Warriors vs Ikjas Toruń 2:3","1216004","2026-09-01 17:00","Collosseum","Warszawa Warriors","140753","Aspropoulos, Diether","2059884","2","0","22","2","2","73","0","0","0","0","0","38","19","7","19","9","42","0","0","0","0","0","0","39","74","69","27","159","20","58","47","34","13.2","{""sets"":[{""h"":31,""a"":33},{""h"":25,""a"":21},{""h"":23,""a"":25},{""h"":25,""a"":23},{""h"":8,""a"":15}],""parsedSets"":[{""rallies"":[{""type"":""end"",""score"":""31 : 33"",""txt"":""Koniec seta 0 : 1""},{""type"":""end"",""score"":""31 : 33"",""txt"":""Koniec seta 0 : 1""},{""type"":""rally"",""score"":""31 : 33"",""speed"":""76.0 km/h"",""res"":""Punkt: D. Dorsz""},{""type"":""rally"",""score"":""31 : 32"",""speed"":""44.8 km/h"",""res"":""Błąd: J. Davis""},{""type"":""rally"",""score"":""31 : 31"",""speed"":""53.0 km/h"",""res"":""Punkt: J. Davis""},{""type"":""rally"",""score"":""30 : 31"",""speed"":""73.2 km/h"",""res"":""Punkt: V. Caldeira""},{""type"":""rally"",""score"":""30 : 30"",""speed"":""62.4 km/h"",""res"":""Punkt: V. Caldeira""},{""type"":""rally"",""score"":""30 : 29"",""speed"":""50.6 km/h"",""res"":""Punkt: T. Gregorczuk""},{""type"":""rally"",""score"":""29 : 29"",""speed"":""56.3 km/h"",""res"":""Punkt: D. Dorsz""},{""type"":""rally"",""score"":""29 : 28"",""speed"":""87.7 km/h"",""res"":""Punkt: P. Witkowski""},{""type"":""rally"",""score"":""28 : 28"",""speed"":""49.0 km/h"",""res"":""Punkt: I. Liwski""},{""type"":""rally"",""score"":""28 : 27"",""speed"":""80.5 km/h"",""res"":""Punkt: F. Baluta""},{""type"":""rally"",""score"":""27 : 27"",""speed"":""50.4 km/h"",""res"":""Punkt: I. Liwski""},{""type"":""chg"",""score"":""27 : 26"",""txt"":""Zmiana: M. Domagalski ⇄ D. Nitkowski""},{""type"":""rally"",""score"":""27 : 26"",""speed"":""49.1 km/h"",""res"":""Błąd: I. Liwski""},{""type"":""rally"",""score"":""26 : 26"",""speed"":""73.3 km/h"",""res"":""Punkt: P. Witkowski""},{""type"":""rally"",""score"":""25 : 26"",""speed"":""79.4 km/h"",""res"":""Punkt: D. Nitkowski""},{""type"":""rally"",""score"":""25 : 25"",""speed"":""58.8 km/h"",""res"":""Punkt: D. Nitkowski""},{""type"":""rally"",""score"":""25 : 24"",""speed"":""64.8 km/h"",""res"":""Punkt: J. Davis""},{""type"":""rally"",""score"":""24 : 24"",""speed"":""50.3 km/h"",""res"":""Punkt: D. Nitkowski""},{""type"":""rally"",""score"":""24 : 23"",""speed"":""50.8 km/h"",""res"":""Punkt: V. Caldeira""},{""type"":""rally"",""score"":""24 : 22"",""speed"":""67.9 km/h"",""res"":""Błąd: V. Caldeira""},{""type"":""rally"",""score"":""23 : 22"",""speed"":""62.2 km/h"",""res"":""Punkt: C. Reinke""},{""type"":""chg"",""score"":""22 : 22"",""txt"":""Zmiana: P. Witkowski ⇄ K. Czerwiński""},{""type"":""rally"",""score"":""22 : 22"",""speed"":""64.5 km/h"",""res"":""Błąd: D. Dorsz""},{""type"":""rally"",""score"":""21 : 22"",""speed"":""74.2 km/h"",""res"":""Punkt: C. Reinke""},{""type"":""rally"",""score"":""20 : 22"",""speed"":""76.2 km/h"",""res"":""Punkt: V. Caldeira""},{""type"":""rally"",""score"":""20 : 21"",""speed"":""64.5 km/h"",""res"":""Punkt: W. Rosiński""},{""type"":""rally"",""score"":""20 : 20"",""speed"":""54.5 km/h"",""res"":""Punkt: C. Reinke""},{""type"":""rally"",""score"":""19 : 20"",""speed"":""-"",""res"":""Błąd: J. Bagniewski""},{""type"":""rally"",""score"":""18 : 20"",""speed"":""62.4 km/h"",""res"":""Punkt: D. Dorsz""},{""type"":""rally"",""score"":""18 : 19"",""speed"":""74.6 km/h"",""res"":""Punkt: V. Caldeira""},{""type"":""tmo"",""score"":""18 : 18"",""txt"":""Czas dla: Warszawa Warriors""},{""type"":""rally"",""score"":""18 : 18"",""speed"":""88.0 km/h"",""res"":""Punkt: W. Rosiński""},{""type"":""chg"",""score"":""18 : 17"",""txt"":""Zmiana: D. Aspropoulos ⇄ A. Specker""},{""type"":""rally"",""score"":""18 : 17"",""speed"":""58.9 km/h"",""res"":""Punkt: V. Caldeira""},{""type"":""rally"",""score"":""18 : 16"",""speed"":""69.5 km/h"",""res"":""Punkt: W. Rosiński""},{""type"":""chg"",""score"":""18 : 15"",""txt"":""Zmiana: D. Dorsz ⇄ U. Fenelon""},{""type"":""rally"",""score"":""18 : 15"",""speed"":""85.3 km/h"",""res"":""Punkt: V. Caldeira""},{""type"":""rally"",""score"":""18 : 14"",""speed"":""51.8 km/h"",""res"":""Punkt: V. Caldeira""},{""type"":""chg"",""score"":""18 : 13"",""txt"":""Zmiana: A. Specker ⇄ D. Aspropoulos""},{""type"":""chg"",""score"":""18 : 13"",""txt"":""Zmiana: K. Czerwiński ⇄ P. Witkowski""},{""type"":""rally"",""score"":""18 : 13"",""speed"":""50.5 km/h"",""res"":""Punkt: P. Witkowski""},{""type"":""chg"",""score"":""17 : 13"",""txt"":""Zmiana: T. Gregorczuk ⇄ J. Deschamps""},{""type"":""rally"",""score"":""17 : 13"",""speed"":""54.8 km/h"",""res"":""Punkt: F. Baluta""},{""type"":""rally"",""score"":""16 : 13"",""speed"":""55.7 km/h"",""res"":""Punkt: D. Nitkowski""},{""type"":""tmo"",""score"":""16 : 12"",""txt"":""Czas dla: ""},{""type"":""rally"",""score"":""16 : 12"",""speed"":""51.7 km/h"",""res"":""Punkt: J. Davis""},{""type"":""rally"",""score"":""15 : 12"",""speed"":""72.6 km/h"",""res"":""Punkt: F. Baluta""},{""type"":""rally"",""score"":""14 : 12"",""speed"":""70.2 km/h"",""res"":""Punkt: U. Fenelon""},{""type"":""rally"",""score"":""14 : 11"",""speed"":""48.4 km/h"",""res"":""Punkt: J. Davis""},{""type"":""rally"",""score"":""13 : 11"",""speed"":""-"",""res"":""Błąd: J. Deschamps""},{""type"":""rally"",""score"":""13 : 10"",""speed"":""78.3 km/h"",""res"":""Punkt: J. Davis""},{""type"":""rally"",""score"":""12 : 10"",""speed"":""57.7 km/h"",""res"":""Punkt: U. Fenelon""},{""type"":""rally"",""score"":""12 : 9"",""speed"":""44.6 km/h"",""res"":""Punkt: V. Caldeira""},{""type"":""rally"",""score"":""12 : 8"",""speed"":""75.8 km/h"",""res"":""Punkt: P. Witkowski""},{""type"":""rally"",""score"":""11 : 8"",""speed"":""46.4 km/h"",""res"":""Punkt: U. Fenelon""},{""type"":""rally"",""score"":""11 : 7"",""speed"":""81.2 km/h"",""res"":""Punkt: J. Deschamps""},{""type"":""rally"",""score"":""10 : 7"",""speed"":""51.3 km/h"",""res"":""Punkt: W. Rosiński""},{""type"":""rally"",""score"":""10 : 6"",""speed"":""77.2 km/h"",""res"":""Punkt: F. Baluta""},{""type"":""rally"",""score"":""9 : 6"",""speed"":""73.0 km/h"",""res"":""Punkt: W. Rosiński""},{""type"":""rally"",""score"":""9 : 5"",""speed"":""69.4 km/h"",""res"":""Punkt: F. Baluta""},{""type"":""rally"",""score"":""8 : 5"",""speed"":""63.9 km/h"",""res"":""Punkt: J. Bagniewski""},{""type"":""rally"",""score"":""8 : 4"",""speed"":""56.5 km/h"",""res"":""Punkt: D. Nitkowski""},{""type"":""tmo"",""score"":""8 : 3"",""txt"":""Czas dla: ""},{""type"":""rally"",""score"":""8 : 3"",""speed"":""71.5 km/h"",""res"":""Punkt: C. Reinke""},{""type"":""rally"",""score"":""7 : 3"",""speed"":""59.2 km/h"",""res"":""Punkt: F. Baluta""},{""type"":""rally"",""score"":""6 : 3"",""speed"":""59.2 km/h"",""res"":""Punkt: F. Baluta""},{""type"":""rally"",""score"":""5 : 3"",""speed"":""68.8 km/h"",""res"":""Punkt: D. Nitkowski""},{""type"":""rally"",""score"":""5 : 2"",""speed"":""55.7 km/h"",""res"":""Punkt: J. Deschamps""},{""type"":""rally"",""score"":""4 : 2"",""speed"":""-"",""res"":""Błąd: P. Witkowski""},{""type"":""chg"",""score"":""4 : 1"",""txt"":""Zmiana: U. Fenelon ⇄ D. Dorsz""},{""type"":""tmo"",""score"":""4 : 1"",""txt"":""Czas dla: Ikjas Toruń""},{""type"":""rally"",""score"":""4 : 1"",""speed"":""70.8 km/h"",""res"":""Punkt: J. Davis""},{""type"":""rally"",""score"":""3 : 1"",""speed"":""67.5 km/h"",""res"":""Punkt: C. Reinke""},{""type"":""rally"",""score"":""2 : 1"",""speed"":""57.5 km/h"",""res"":""Punkt: J. Davis""},{""type"":""rally"",""score"":""1 : 1"",""speed"":""73.0 km/h"",""res"":""Punkt: W. Rosiński""},{""type"":""tmo"",""score"":""1 : 0"",""txt"":""Czas dla: Ikjas Toruń""},{""type"":""rally"",""score"":""1 : 0"",""speed"":""66.1 km/h"",""res"":""Punkt: P. Witkowski""}]},{""rallies"":[{""type"":""end"",""score"":""25 : 21"",""txt"":""Koniec seta 1 : 1""},{""type"":""end"",""score"":""25 : 21"",""txt"":""Koniec seta 1 : 1""},{""type"":""rally"",""score"":""25 : 21"",""speed"":""51.5 km/h"",""res"":""Błąd: I. Liwski""},{""type"":""chg"",""score"":""24 : 21"",""txt"":""Zmiana: T. Gregorczuk ⇄ F. Baluta""},{""type"":""rally"",""score"":""24 : 21"",""speed"":""43.8 km/h"",""res"":""Punkt: K. Czerwiński""},{""type"":""chg"",""score"":""23 : 21"",""txt"":""Zmiana: K. Czerwiński ⇄ P. Witkowski""},{""type"":""rally"",""score"":""23 : 21"",""speed"":""62.7 km/h"",""res"":""Punkt: F. Baluta""},{""type"":""rally"",""score"":""22 : 21"",""speed"":""48.1 km/h"",""res"":""Punkt: J. Davis""},{""type"":""rally"",""score"":""21 : 21"",""speed"":""49.8 km/h"",""res"":""Punkt: D. Nitkowski""},{""type"":""rally"",""score"":""21 : 20"",""speed"":""56.3 km/h"",""res"":""Błąd: D. Nitkowski""},{""type"":""rally"",""score"":""20 : 20"",""speed"":""44.7 km/h"",""res"":""Punkt: C. Reinke""},{""type"":""rally"",""score"":""19 : 20"",""speed"":""75.5 km/h"",""res"":""Punkt: D. Nitkowski""},{""type"":""rally"",""score"":""19 : 19"",""speed"":""67.4 km/h"",""res"":""Punkt: D. Nitkowski""},{""type"":""chg"",""score"":""19 : 18"",""txt"":""Zmiana: D. Nitkowski ⇄ M. Domagalski""},{""type"":""rally"",""score"":""19 : 18"",""speed"":""57.7 km/h"",""res"":""Punkt: F. Baluta""},{""type"":""rally"",""score"":""18 : 18"",""speed"":""68.9 km/h"",""res"":""Punkt: F. Baluta""},{""type"":""rally"",""score"":""17 : 18"",""speed"":""65.7 km/h"",""res"":""Punkt: D. Dorsz""},{""type"":""rally"",""score"":""17 : 17"",""speed"":""57.7 km/h"",""res"":""Punkt: D. Dorsz""},{""type"":""rally"",""score"":""17 : 16"",""speed"":""64.4 km/h"",""res"":""Błąd: I. Liwski""},{""type"":""rally"",""score"":""16 : 16"",""speed"":""69.0 km/h"",""res"":""Punkt: J. Davis""},{""type"":""rally"",""score"":""15 : 16"",""speed"":""60.5 km/h"",""res"":""Punkt: J. Deschamps""},{""type"":""tmo"",""score"":""14 : 16"",""txt"":""Czas dla: ""},{""type"":""rally"",""score"":""14 : 16"",""speed"":""59.1 km/h"",""res"":""Punkt: W. Rosiński""},{""type"":""rally"",""score"":""14 : 15"",""speed"":""74.1 km/h"",""res"":""Punkt: D. Dorsz""},{""type"":""rally"",""score"":""14 : 14"",""speed"":""57.4 km/h"",""res"":""Punkt: V. Caldeira""},{""type"":""rally"",""score"":""14 : 13"",""speed"":""47.6 km/h"",""res"":""Punkt: P. Witkowski""},{""type"":""rally"",""score"":""13 : 13"",""speed"":""60.4 km/h"",""res"":""Punkt: V. Caldeira""},{""type"":""rally"",""score"":""13 : 12"",""speed"":""85.4 km/h"",""res"":""Punkt: W. Rosiński""},{""type"":""rally"",""score"":""13 : 11"",""speed"":""-"",""res"":""Błąd: D. Aspropoulos""},{""type"":""rally"",""score"":""13 : 10"",""speed"":""44.1 km/h"",""res"":""Punkt: J. Deschamps""},{""type"":""rally"",""score"":""12 : 10"",""speed"":""48.1 km/h"",""res"":""Punkt: P. Witkowski""},{""type"":""rally"",""score"":""11 : 10"",""speed"":""48.4 km/h"",""res"":""Punkt: D. Aspropoulos""},{""type"":""rally"",""score"":""10 : 10"",""speed"":""-"",""res"":""Błąd: M. Domagalski""},{""type"":""rally"",""score"":""9 : 10"",""speed"":""48.3 km/h"",""res"":""Punkt: I. Liwski""},{""type"":""rally"",""score"":""9 : 9"",""speed"":""59.9 km/h"",""res"":""Punkt: W. Rosiński""},{""type"":""rally"",""score"":""9 : 8"",""speed"":""62.2 km/h"",""res"":""Punkt: F. Baluta""},{""type"":""rally"",""score"":""8 : 8"",""speed"":""55.7 km/h"",""res"":""Punkt: M. Domagalski""},{""type"":""chg"",""score"":""8 : 7"",""txt"":""Zmiana: M. Domagalski ⇄ D. Nitkowski""},{""type"":""tmo"",""score"":""8 : 7"",""txt"":""Czas dla: ""},{""type"":""rally"",""score"":""8 : 7"",""speed"":""57.8 km/h"",""res"":""Błąd: D. Nitkowski""},{""type"":""tmo"",""score"":""7 : 7"",""txt"":""Czas dla: Ikjas Toruń""},{""type"":""rally"",""score"":""7 : 7"",""speed"":""50.4 km/h"",""res"":""Punkt: P. Witkowski""},{""type"":""rally"",""score"":""6 : 7"",""speed"":""69.9 km/h"",""res"":""Punkt: P. Witkowski""},{""type"":""rally"",""score"":""5 : 7"",""speed"":""72.7 km/h"",""res"":""Punkt: C. Reinke""},{""type"":""rally"",""score"":""4 : 7"",""speed"":""54.9 km/h"",""res"":""Błąd: C. Reinke""},{""type"":""rally"",""score"":""4 : 6"",""speed"":""52.6 km/h"",""res"":""Punkt: F. Baluta""},{""type"":""rally"",""score"":""3 : 6"",""speed"":""52.5 km/h"",""res"":""Punkt: D. Dorsz""},{""type"":""rally"",""score"":""3 : 5"",""speed"":""66.8 km/h"",""res"":""Punkt: V. Caldeira""},{""type"":""rally"",""score"":""3 : 4"",""speed"":""81.6 km/h"",""res"":""Punkt: C. Reinke""},{""type"":""rally"",""score"":""2 : 4"",""speed"":""78.6 km/h"",""res"":""Punkt: V. Caldeira""},{""type"":""rally"",""score"":""2 : 3"",""speed"":""65.6 km/h"",""res"":""Punkt: V. Caldeira""},{""type"":""rally"",""score"":""2 : 2"",""speed"":""53.5 km/h"",""res"":""Punkt: J. Deschamps""},{""type"":""rally"",""score"":""1 : 2"",""speed"":""85.7 km/h"",""res"":""Punkt: J. Deschamps""},{""type"":""rally"",""score"":""0 : 2"",""speed"":""57.5 km/h"",""res"":""Punkt: V. Caldeira""},{""type"":""tmo"",""score"":""0 : 1"",""txt"":""Czas dla: Ikjas Toruń""},{""type"":""rally"",""score"":""0 : 1"",""speed"":""81.2 km/h"",""res"":""Punkt: D. Dorsz""}]},{""rallies"":[{""type"":""end"",""score"":""23 : 25"",""txt"":""Koniec seta 1 : 2""},{""type"":""end"",""score"":""23 : 25"",""txt"":""Koniec seta 1 : 2""},{""type"":""rally"",""score"":""23 : 25"",""speed"":""51.2 km/h"",""res"":""Punkt: W. Rosiński""},{""type"":""rally"",""score"":""23 : 24"",""speed"":""54.0 km/h"",""res"":""Punkt: J. Deschamps""},{""type"":""rally"",""score"":""22 : 24"",""speed"":""52.8 km/h"",""res"":""Punkt: W. Rosiński""},{""type"":""rally"",""score"":""22 : 23"",""speed"":""63.8 km/h"",""res"":""Punkt: F. Baluta""},{""type"":""rally"",""score"":""21 : 23"",""speed"":""75.5 km/h"",""res"":""Punkt: W. Rosiński""},{""type"":""rally"",""score"":""21 : 22"",""speed"":""50.4 km/h"",""res"":""Punkt: F. Baluta""},{""type"":""rally"",""score"":""20 : 22"",""speed"":""64.7 km/h"",""res"":""Punkt: I. Liwski""},{""type"":""rally"",""score"":""20 : 21"",""speed"":""49.0 km/h"",""res"":""Punkt: J. Davis""},{""type"":""rally"",""score"":""19 : 21"",""speed"":""78.9 km/h"",""res"":""Punkt: C. Reinke""},{""type"":""rally"",""score"":""18 : 21"",""speed"":""58.6 km/h"",""res"":""Punkt: I. Liwski""},{""type"":""rally"",""score"":""18 : 20"",""speed"":""72.7 km/h"",""res"":""Punkt: P. Witkowski""},{""type"":""rally"",""score"":""17 : 20"",""speed"":""58.9 km/h"",""res"":""Punkt: D. Nitkowski""},{""type"":""rally"",""score"":""17 : 19"",""speed"":""78.6 km/h"",""res"":""Punkt: D. Nitkowski""},{""type"":""rally"",""score"":""17 : 18"",""speed"":""49.3 km/h"",""res"":""Punkt: V. Caldeira""},{""type"":""rally"",""score"":""17 : 17"",""speed"":""-"",""res"":""Błąd: W. Rosiński""},{""type"":""rally"",""score"":""16 : 17"",""speed"":""61.3 km/h"",""res"":""Punkt: W. Rosiński""},{""type"":""rally"",""score"":""16 : 16"",""speed"":""77.1 km/h"",""res"":""Punkt: J. Deschamps""},{""type"":""tmo"",""score"":""15 : 16"",""txt"":""Czas dla: ""},{""type"":""rally"",""score"":""15 : 16"",""speed"":""56.3 km/h"",""res"":""Punkt: V. Caldeira""},{""type"":""rally"",""score"":""15 : 15"",""speed"":""54.5 km/h"",""res"":""Punkt: P. Witkowski""},{""type"":""rally"",""score"":""14 : 15"",""speed"":""-"",""res"":""Błąd: D. Nitkowski""},{""type"":""rally"",""score"":""13 : 15"",""speed"":""56.3 km/h"",""res"":""Punkt: V. Caldeira""},{""type"":""rally"",""score"":""13 : 14"",""speed"":""65.0 km/h"",""res"":""Punkt: W. Rosiński""},{""type"":""rally"",""score"":""13 : 13"",""speed"":""75.3 km/h"",""res"":""Punkt: D. Nitkowski""},{""type"":""rally"",""score"":""13 : 12"",""speed"":""59.4 km/h"",""res"":""Punkt: F. Baluta""},{""type"":""rally"",""score"":""12 : 12"",""speed"":""53.7 km/h"",""res"":""Punkt: W. Rosiński""},{""type"":""rally"",""score"":""12 : 11"",""speed"":""66.8 km/h"",""res"":""Punkt: D. Nitkowski""},{""type"":""rally"",""score"":""12 : 10"",""speed"":""55.1 km/h"",""res"":""Punkt: C. Reinke""},{""type"":""rally"",""score"":""11 : 10"",""speed"":""-"",""res"":""Błąd: J. Deschamps""},{""type"":""rally"",""score"":""11 : 9"",""speed"":""76.1 km/h"",""res"":""Punkt: J. Deschamps""},{""type"":""rally"",""score"":""10 : 9"",""speed"":""53.0 km/h"",""res"":""Punkt: D. Dorsz""},{""type"":""rally"",""score"":""10 : 8"",""speed"":""52.5 km/h"",""res"":""Punkt: D. Dorsz""},{""type"":""rally"",""score"":""10 : 7"",""speed"":""66.2 km/h"",""res"":""Punkt: J. Davis""},{""type"":""rally"",""score"":""9 : 7"",""speed"":""48.7 km/h"",""res"":""Punkt: V. Caldeira""},{""type"":""rally"",""score"":""9 : 6"",""speed"":""90.1 km/h"",""res"":""Punkt: C. Reinke""},{""type"":""rally"",""score"":""8 : 6"",""speed"":""59.2 km/h"",""res"":""Punkt: D. Dorsz""},{""type"":""tmo"",""score"":""8 : 5"",""txt"":""Czas dla: ""},{""type"":""rally"",""score"":""8 : 5"",""speed"":""62.8 km/h"",""res"":""Punkt: C. Reinke""},{""type"":""rally"",""score"":""7 : 5"",""speed"":""-"",""res"":""Błąd: C. Reinke""},{""type"":""rally"",""score"":""7 : 4"",""speed"":""73.0 km/h"",""res"":""Punkt: C. Reinke""},{""type"":""rally"",""score"":""6 : 4"",""speed"":""47.0 km/h"",""res"":""Punkt: D. Dorsz""},{""type"":""tmo"",""score"":""6 : 3"",""txt"":""Czas dla: Ikjas Toruń""},{""type"":""rally"",""score"":""6 : 3"",""speed"":""72.9 km/h"",""res"":""Punkt: C. Reinke""},{""type"":""rally"",""score"":""5 : 3"",""speed"":""50.4 km/h"",""res"":""Punkt: C. Reinke""},{""type"":""rally"",""score"":""4 : 3"",""speed"":""54.7 km/h"",""res"":""Punkt: J. Davis""},{""type"":""rally"",""score"":""3 : 3"",""speed"":""50.9 km/h"",""res"":""Punkt: D. Nitkowski""},{""type"":""rally"",""score"":""3 : 2"",""speed"":""76.4 km/h"",""res"":""Punkt: J. Davis""},{""type"":""rally"",""score"":""2 : 2"",""speed"":""48.9 km/h"",""res"":""Punkt: V. Caldeira""},{""type"":""rally"",""score"":""2 : 1"",""speed"":""76.6 km/h"",""res"":""Punkt: P. Witkowski""},{""type"":""rally"",""score"":""1 : 1"",""speed"":""55.6 km/h"",""res"":""Punkt: V. Caldeira""},{""type"":""tmo"",""score"":""1 : 0"",""txt"":""Czas dla: Ikjas Toruń""},{""type"":""rally"",""score"":""1 : 0"",""speed"":""47.3 km/h"",""res"":""Punkt: J. Deschamps""}]},{""rallies"":[{""type"":""end"",""score"":""25 : 23"",""txt"":""Koniec seta 2 : 2""},{""type"":""end"",""score"":""25 : 23"",""txt"":""Koniec seta 2 : 2""},{""type"":""rally"",""score"":""25 : 23"",""speed"":""46.4 km/h"",""res"":""Punkt: J. Davis""},{""type"":""rally"",""score"":""24 : 23"",""speed"":""60.2 km/h"",""res"":""Punkt: V. Caldeira""},{""type"":""rally"",""score"":""24 : 22"",""speed"":""60.7 km/h"",""res"":""Punkt: C. Reinke""},{""type"":""rally"",""score"":""23 : 22"",""speed"":""68.8 km/h"",""res"":""Punkt: W. Rosiński""},{""type"":""rally"",""score"":""23 : 21"",""speed"":""60.9 km/h"",""res"":""Błąd: V. Caldeira""},{""type"":""rally"",""score"":""22 : 21"",""speed"":""64.9 km/h"",""res"":""Punkt: C. Reinke""},{""type"":""rally"",""score"":""21 : 21"",""speed"":""52.7 km/h"",""res"":""Punkt: P. Witkowski""},{""type"":""rally"",""score"":""20 : 21"",""speed"":""-"",""res"":""Błąd: J. Bagniewski""},{""type"":""rally"",""score"":""19 : 21"",""speed"":""52.4 km/h"",""res"":""Punkt: W. Rosiński""},{""type"":""rally"",""score"":""19 : 20"",""speed"":""49.7 km/h"",""res"":""Błąd: V. Caldeira""},{""type"":""rally"",""score"":""18 : 20"",""speed"":""60.6 km/h"",""res"":""Punkt: D. Aspropoulos""},{""type"":""rally"",""score"":""17 : 20"",""speed"":""51.9 km/h"",""res"":""Punkt: P. Witkowski""},{""type"":""rally"",""score"":""16 : 20"",""speed"":""50.4 km/h"",""res"":""Punkt: D. Nitkowski""},{""type"":""rally"",""score"":""16 : 19"",""speed"":""55.0 km/h"",""res"":""Punkt: J. Deschamps""},{""type"":""rally"",""score"":""15 : 19"",""speed"":""73.3 km/h"",""res"":""Punkt: P. Witkowski""},{""type"":""rally"",""score"":""14 : 19"",""speed"":""74.9 km/h"",""res"":""Punkt: W. Rosiński""},{""type"":""rally"",""score"":""14 : 18"",""speed"":""58.8 km/h"",""res"":""Punkt: D. Nitkowski""},{""type"":""rally"",""score"":""14 : 17"",""speed"":""52.8 km/h"",""res"":""Punkt: F. Baluta""},{""type"":""rally"",""score"":""13 : 17"",""speed"":""56.5 km/h"",""res"":""Punkt: D. Nitkowski""},{""type"":""rally"",""score"":""13 : 16"",""speed"":""50.3 km/h"",""res"":""Punkt: P. Witkowski""},{""type"":""tmo"",""score"":""12 : 16"",""txt"":""Czas dla: ""},{""type"":""rally"",""score"":""12 : 16"",""speed"":""69.8 km/h"",""res"":""Błąd: C. Reinke""},{""type"":""rally"",""score"":""12 : 15"",""speed"":""59.4 km/h"",""res"":""Punkt: J. Davis""},{""type"":""rally"",""score"":""11 : 15"",""speed"":""45.0 km/h"",""res"":""Punkt: V. Caldeira""},{""type"":""rally"",""score"":""11 : 14"",""speed"":""67.8 km/h"",""res"":""Punkt: P. Witkowski""},{""type"":""rally"",""score"":""10 : 14"",""speed"":""69.5 km/h"",""res"":""Punkt: V. Caldeira""},{""type"":""rally"",""score"":""10 : 13"",""speed"":""81.4 km/h"",""res"":""Błąd: C. Reinke""},{""type"":""rally"",""score"":""10 : 12"",""speed"":""80.2 km/h"",""res"":""Punkt: J. Bagniewski""},{""type"":""rally"",""score"":""10 : 11"",""speed"":""60.2 km/h"",""res"":""Błąd: P. Witkowski""},{""type"":""rally"",""score"":""10 : 10"",""speed"":""48.4 km/h"",""res"":""Punkt: P. Witkowski""},{""type"":""rally"",""score"":""9 : 10"",""speed"":""-"",""res"":""Błąd: F. Baluta""},{""type"":""rally"",""score"":""9 : 9"",""speed"":""55.3 km/h"",""res"":""Punkt: J. Deschamps""},{""type"":""rally"",""score"":""8 : 9"",""speed"":""66.6 km/h"",""res"":""Punkt: C. Reinke""},{""type"":""rally"",""score"":""7 : 9"",""speed"":""64.2 km/h"",""res"":""Punkt: W. Rosiński""},{""type"":""tmo"",""score"":""7 : 8"",""txt"":""Czas dla: ""},{""type"":""rally"",""score"":""7 : 8"",""speed"":""-"",""res"":""Błąd: C. Reinke""},{""type"":""rally"",""score"":""7 : 7"",""speed"":""77.9 km/h"",""res"":""Punkt: F. Baluta""},{""type"":""rally"",""score"":""6 : 7"",""speed"":""66.1 km/h"",""res"":""Punkt: D. Dorsz""},{""type"":""rally"",""score"":""6 : 6"",""speed"":""52.6 km/h"",""res"":""Punkt: W. Rosiński""},{""type"":""rally"",""score"":""6 : 5"",""speed"":""48.2 km/h"",""res"":""Punkt: C. Reinke""},{""type"":""rally"",""score"":""5 : 5"",""speed"":""65.4 km/h"",""res"":""Punkt: J. Davis""},{""type"":""rally"",""score"":""4 : 5"",""speed"":""62.3 km/h"",""res"":""Punkt: D. Dorsz""},{""type"":""rally"",""score"":""4 : 4"",""speed"":""62.1 km/h"",""res"":""Punkt: D. Nitkowski""},{""type"":""rally"",""score"":""4 : 3"",""speed"":""59.1 km/h"",""res"":""Punkt: D. Dorsz""},{""type"":""rally"",""score"":""4 : 2"",""speed"":""60.8 km/h"",""res"":""Punkt: J. Deschamps""},{""type"":""rally"",""score"":""3 : 2"",""speed"":""63.4 km/h"",""res"":""Punkt: I. Liwski""},{""type"":""tmo"",""score"":""3 : 1"",""txt"":""Czas dla: Ikjas Toruń""},{""type"":""rally"",""score"":""3 : 1"",""speed"":""57.0 km/h"",""res"":""Punkt: J. Davis""},{""type"":""rally"",""score"":""2 : 1"",""speed"":""59.5 km/h"",""res"":""Błąd: W. Rosiński""},{""type"":""rally"",""score"":""1 : 1"",""speed"":""-"",""res"":""Błąd: J. Bagniewski""},{""type"":""tmo"",""score"":""0 : 1"",""txt"":""Czas dla: Ikjas Toruń""},{""type"":""rally"",""score"":""0 : 1"",""speed"":""67.4 km/h"",""res"":""Punkt: W. Rosiński""}]},{""rallies"":[{""type"":""end"",""score"":""8 : 15"",""txt"":""Koniec seta 2 : 3""},{""type"":""end"",""score"":""8 : 15"",""txt"":""Koniec seta 2 : 3""},{""type"":""rally"",""score"":""8 : 15"",""speed"":""73.6 km/h"",""res"":""Punkt: V. Caldeira""},{""type"":""rally"",""score"":""8 : 14"",""speed"":""77.8 km/h"",""res"":""Punkt: W. Rosiński""},{""type"":""rally"",""score"":""8 : 13"",""speed"":""62.7 km/h"",""res"":""Punkt: W. Rosiński""},{""type"":""rally"",""score"":""8 : 12"",""speed"":""62.5 km/h"",""res"":""Punkt: J. Davis""},{""type"":""rally"",""score"":""7 : 12"",""speed"":""-"",""res"":""Błąd: R. Howaniec""},{""type"":""rally"",""score"":""6 : 12"",""speed"":""47.2 km/h"",""res"":""Punkt: U. Fenelon""},{""type"":""rally"",""score"":""6 : 11"",""speed"":""67.8 km/h"",""res"":""Punkt: F. Baluta""},{""type"":""rally"",""score"":""5 : 11"",""speed"":""50.8 km/h"",""res"":""Punkt: W. Rosiński""},{""type"":""rally"",""score"":""5 : 10"",""speed"":""66.4 km/h"",""res"":""Błąd: M. Domagalski""},{""type"":""rally"",""score"":""4 : 10"",""speed"":""58.0 km/h"",""res"":""Punkt: C. Reinke""},{""type"":""chg"",""score"":""3 : 10"",""txt"":""Zmiana: R. Howaniec ⇄ J. Bagniewski""},{""type"":""chg"",""score"":""3 : 10"",""txt"":""Zmiana: M. Domagalski ⇄ D. Nitkowski""},{""type"":""rally"",""score"":""3 : 10"",""speed"":""53.0 km/h"",""res"":""Błąd: F. Baluta""},{""type"":""rally"",""score"":""3 : 9"",""speed"":""56.5 km/h"",""res"":""Punkt: D. Nitkowski""},{""type"":""rally"",""score"":""3 : 8"",""speed"":""48.7 km/h"",""res"":""Punkt: J. Davis""},{""type"":""chg"",""score"":""2 : 8"",""txt"":""Zmiana: U. Fenelon ⇄ D. Dorsz""},{""type"":""chg"",""score"":""2 : 8"",""txt"":""Zmiana: B. Motyl ⇄ I. Liwski""},{""type"":""rally"",""score"":""2 : 8"",""speed"":""81.7 km/h"",""res"":""Punkt: D. Dorsz""},{""type"":""rally"",""score"":""2 : 7"",""speed"":""58.3 km/h"",""res"":""Punkt: D. Dorsz""},{""type"":""rally"",""score"":""2 : 6"",""speed"":""67.3 km/h"",""res"":""Punkt: J. Deschamps""},{""type"":""rally"",""score"":""1 : 6"",""speed"":""57.4 km/h"",""res"":""Punkt: D. Dorsz""},{""type"":""rally"",""score"":""1 : 5"",""speed"":""64.2 km/h"",""res"":""Punkt: P. Witkowski""},{""type"":""rally"",""score"":""0 : 5"",""speed"":""77.0 km/h"",""res"":""Punkt: V. Caldeira""},{""type"":""rally"",""score"":""0 : 4"",""speed"":""76.3 km/h"",""res"":""Punkt: V. Caldeira""},{""type"":""rally"",""score"":""0 : 3"",""speed"":""53.0 km/h"",""res"":""Punkt: V. Caldeira""},{""type"":""rally"",""score"":""0 : 2"",""speed"":""62.1 km/h"",""res"":""Punkt: W. Rosiński""},{""type"":""tmo"",""score"":""0 : 1"",""txt"":""Czas dla: Ikjas Toruń""},{""type"":""rally"",""score"":""0 : 1"",""speed"":""-"",""res"":""Błąd: D. Aspropoulos""}]}]}","7","11","2","8","0","0","39","74","0","1","31","0","0","8","73","56","0","0","0","0","0","0","0","0","0","0","0","0","0","0","0","0","0","0","0","0","0","0","0","0","0","0","0","0","0","0","69","27","3","3","57","159","0","0","0","0","0","7","2","3","0","1","1","9","4","2","1","2","0","5","45","32","36","30","15","bulk-1.27-teamid-from-league-list","0","0","0"
"3.6","Warszawa Warriors vs Ikjas Toruń 2:3","1216004","2026-09-01 17:00","Collosseum","Warszawa Warriors","140753","Witkowski, Piotr","2087441","19","12","23","1","1","70.8","23","4","14","61","43","23","7","3","16","7","43","39","2","95","16","41","4","35","71","0","0","0","0","0","0","0","67","","7","10","0","6","0","0","35","71","4","0","28","0","1","7","70.8","57.5","0","0","0","0","2","2","0","0","1","0","0","1","11","1","2","0","1","15","0","0","0","0","0","0","3","0","0","0","2","5","0","0","0","0","0","0","9","11","10","7","37","3","0","1","0","2","0","7","2","2","0","1","2","5","23","18","18","24","8","bulk-1.27-teamid-from-league-list","0","0","0"
"3.6","Warszawa Warriors vs Ikjas Toruń 2:3","1216004","2026-09-01 17:00","Collosseum","Warszawa Warriors","140753","Deschamps, Jean-François","2088671","14","5","13","2","0","69.8","31","7","11","35","13","6","2","0","4","1","17","0","0","0","0","0","3","47","74","1","1","2","0","0","1","1","21.5","","1","2","0","2","0","0","47","74","3","1","37","0","0","10","69.8","62.1","1","0","2","0","5","8","0","0","1","0","1","2","0","0","0","0","0","0","10","0","4","0","7","21","0","0","0","0","0","0","1","1","0","0","0","2","0","0","0","0","0","0","0","0","0","0","0","1","0","0","1","0","0","5","8","13","12","7","4","bulk-1.27-teamid-from-league-list","0","0","0"
"3.6","Warszawa Warriors vs Ikjas Toruń 2:3","1216004","2026-09-01 17:00","Collosseum","Warszawa Warriors","140753","Davis, Jason","2032111","19","14","19","0","1","72.9","40","5","17","43","30","35","17","5","18","7","34","0","0","0","0","0","1","44","92","0","0","0","0","0","0","0","45.3","","6","10","1","7","0","1","44","92","1","0","30","0","1","14","72.9","58","2","0","0","0","8","10","0","0","1","0","1","2","13","0","4","0","9","26","0","0","0","0","0","0","2","0","0","0","0","2","0","0","0","0","0","0","0","0","0","0","0","5","1","0","1","3","0","7","5","1","0","0","1","5","25","13","18","11","7","bulk-1.27-teamid-from-league-list","0","0","0"
"3.6","Warszawa Warriors vs Ikjas Toruń 2:3","1216004","2026-09-01 17:00","Collosseum","Warszawa Warriors","140753","Reinke, Cody","1975037","22","5","17","2","0","75.5","44","12","20","45","18","27","18","5","9","6","41","35","3","91","10","29","2","32","89","0","0","0","0","0","0","0","46.8","","5","6","0","1","1","2","32","89","2","0","29","0","0","3","75.5","59.7","0","0","0","0","4","4","2","1","3","0","0","6","12","1","3","1","2","19","0","0","0","0","0","0","4","0","4","1","6","15","0","0","0","0","0","0","2","13","12","5","32","5","2","3","0","0","0","6","4","1","0","0","1","5","34","21","19","18","12","bulk-1.27-teamid-from-league-list","0","0","0"
"3.6","Warszawa Warriors vs Ikjas Toruń 2:3","1216004","2026-09-01 17:00","Collosseum","Warszawa Warriors","140753","Baluta, Ferka","2060647","19","11","16","1","1","59.9","33","7","14","42","21","2","0","0","2","0","0","0","0","0","0","0","4","45","73","0","0","0","0","0","0","0","35.7","","0","0","0","2","0","0","45","73","4","1","35","0","0","10","62.7","53.8","0","0","0","0","4","4","1","0","2","0","0","3","0","0","0","0","0","0","12","1","4","1","8","26","0","0","0","0","0","0","0","0","0","0","0","0","0","0","0","0","0","0","0","0","0","0","0","0","0","0","0","0","0","5","15","13","8","9","4","bulk-1.27-teamid-from-league-list","0","0","0"
"3.6","Warszawa Warriors vs Ikjas Toruń 2:3","1216004","2026-09-01 17:00","Collosseum","Warszawa Warriors","140753","Koczur, Jakub","1975597","0","-1","0","0","0","0","0","0","0","0","0","41","23","17","18","12","71","33","1","97","14","42","0","0","0","5","3","14","1","4","5","4","34.8","","10","13","2","5","0","0","0","0","0","0","0","0","0","0","0","0","0","0","0","0","0","0","0","0","0","0","0","0","0","0","0","0","0","0","0","0","0","0","0","0","0","0","0","0","0","0","5","3","1","1","4","14","4","13","10","5","32","17","6","4","0","5","2","12","8","2","0","2","0","5","24","13","15","12","7","bulk-1.27-teamid-from-league-list","0","0","0"
"3.6","Warszawa Warriors vs Ikjas Toruń 2:3","1216004","2026-09-01 17:00","Collosseum","Warszawa Warriors","140753","Gregorczuk, Tomasz","2112661","2","1","2","0","0","58.8","5","1","2","40","20","2","1","0","1","0","0","0","0","0","0","0","0","11","23","0","0","0","0","0","0","0","2.5","","0","0","0","1","0","0","11","23","0","0","6","0","0","5","58.8","55.2","0","0","0","0","1","1","0","0","1","0","0","1","0","0","0","0","0","0","1","0","0","1","1","3","0","0","0","0","0","0","0","0","0","0","0","0","0","0","0","0","0","0","0","0","0","0","0","0","0","0","0","0","0","2","5","1","0","0","0","bulk-1.27-teamid-from-league-list","0","0","0"
"3.6","Warszawa Warriors vs Ikjas Toruń 2:3","1216004","2026-09-01 17:00","Collosseum","Warszawa Warriors","140753","Specker, Axel","2087484","0","0","0","0","0","0","0","0","0","0","0","1","0","0","1","0","0","0","0","0","0","0","0","0","4","0","3","7","0","1","2","4","0","","0","0","0","1","0","0","0","4","0","0","0","0","0","0","0","0","0","0","0","0","0","0","0","0","0","0","0","0","0","0","0","0","0","0","0","0","0","0","0","0","0","0","0","0","0","0","0","3","1","0","3","7","0","0","0","0","0","0","0","0","0","0","0","0","0","0","0","0","0","1","3","0","0","0","0","bulk-1.27-teamid-from-league-list","0","0","0"
"3.6","Warszawa Warriors vs Ikjas Toruń 2:3","1216004","2026-09-01 17:00","Collosseum","Warszawa Warriors","140753","Czerwiński, Kacper","2088020","3","1","1","0","0","64.5","6","2","2","33","0","3","0","0","3","0","0","2","0","100","1","50","1","6","10","0","0","0","0","0","0","0","5.2","","0","0","0","3","0","0","6","10","0","0","4","1","0","2","64.5","64.5","0","0","1","0","1","2","0","0","1","0","0","1","1","0","0","0","0","1","0","0","0","0","0","0","0","0","0","1","1","2","0","0","0","0","0","0","0","0","1","1","2","0","0","0","0","0","0","0","0","0","0","0","0","2","6","1","0","0","0","bulk-1.27-teamid-from-league-list","0","0","0"
"3.6","Warszawa Warriors vs Ikjas Toruń 2:3","1216004","2026-09-01 17:00","Collosseum","Ikjas Toruń","131062","Bagniewski, Jarosław","1904147","2","-1","25","3","1","90.1","0","0","0","0","0","37","26","6","11","5","30","0","0","0","0","0","1","37","72","61","14","151","26","54","39","32","9.8","","4","7","1","4","0","0","37","72","1","0","34","0","0","3","90.1","71.6","0","0","0","0","0","0","0","0","0","0","0","0","0","0","0","0","0","0","0","0","0","0","0","0","0","0","0","0","0","0","61","14","4","9","63","151","0","0","0","0","0","6","0","1","1","3","1","5","2","1","0","1","1","5","52","34","33","35","6","bulk-1.27-teamid-from-league-list","0","0","0"
"3.6","Warszawa Warriors vs Ikjas Toruń 2:3","1216004","2026-09-01 17:00","Collosseum","Ikjas Toruń","131062","Rosiński, Wojciech","1949210","26","17","24","1","3","81.6","41","7","15","37","20","23","12","4","11","8","52","60","1","98","26","43","8","33","80","0","0","0","0","0","0","0","93.9","","6","6","0","3","2","2","33","80","7","1","30","1","0","3","81.6","68.3","2","0","3","0","7","12","1","0","2","0","2","5","12","1","1","0","4","18","0","0","0","0","0","0","0","0","0","0","6","6","0","0","0","0","0","0","9","19","19","12","59","4","2","1","0","0","1","8","4","0","1","2","1","5","37","24","26","24","11","bulk-1.27-teamid-from-league-list","0","0","0"
"3.6","Warszawa Warriors vs Ikjas Toruń 2:3","1216004","2026-09-01 17:00","Collosseum","Ikjas Toruń","131062","Caldeira, Venâncio","1904382","29","26","22","0","0","78.6","37","3","17","46","38","8","5","2","3","1","38","0","0","0","0","0","12","71","97","0","0","1","0","1","0","0","75.1","","1","1","0","2","0","0","71","97","12","2","68","0","0","3","78.6","63.3","8","2","0","0","8","18","0","0","0","1","0","1","0","0","0","0","0","0","8","1","0","0","9","18","0","0","0","0","0","0","0","0","0","0","1","1","0","0","0","0","0","2","2","0","0","0","0","1","0","0","0","1","0","5","19","12","14","14","6","bulk-1.27-teamid-from-league-list","0","0","0"
"3.6","Warszawa Warriors vs Ikjas Toruń 2:3","1216004","2026-09-01 17:00","Collosseum","Ikjas Toruń","131062","Dorsz, Dominik","1927666","19","14","12","0","2","79.4","26","5","13","50","31","15","14","5","1","0","33","0","0","0","0","0","4","47","92","0","0","0","0","0","0","0","46.7","","0","0","0","1","0","0","47","92","4","1","44","0","0","3","81.7","67.7","0","0","0","0","4","4","1","0","2","0","0","3","8","1","2","0","3","14","0","0","0","0","0","0","3","0","0","1","1","5","0","0","0","0","0","0","0","0","0","0","0","5","0","0","0","1","4","0","0","0","0","0","0","5","13","12","13","7","4","bulk-1.27-teamid-from-league-list","0","0","0"
"3.6","Warszawa Warriors vs Ikjas Toruń 2:3","1216004","2026-09-01 17:00","Collosseum","Ikjas Toruń","131062","Liwski, Igor","1927670","7","-1","14","0","0","80.5","22","4","7","32","14","24","15","3","9","7","42","27","4","85","12","44","0","40","96","0","0","0","0","0","0","0","22","","7","7","0","2","0","0","40","96","0","0","38","0","0","2","80.5","65.2","1","0","0","0","6","7","0","0","0","1","0","1","2","2","1","0","5","10","0","0","0","0","0","0","3","1","0","0","0","4","0","0","0","0","0","0","5","11","6","1","23","3","1","0","0","1","1","7","3","1","0","3","0","5","20","17","17","11","2","bulk-1.27-teamid-from-league-list","0","0","0"
"3.6","Warszawa Warriors vs Ikjas Toruń 2:3","1216004","2026-09-01 17:00","Collosseum","Ikjas Toruń","131062","Nitkowski, Dariusz","1951378","22","16","9","1","0","77.2","32","5","14","44","28","3","1","0","2","2","67","0","0","0","0","0","8","55","76","0","0","0","0","0","0","0","49.9","","1","1","0","0","1","1","55","76","6","1","51","2","0","4","77.2","60","4","1","0","0","9","14","0","0","3","1","0","4","0","0","0","0","0","0","9","1","0","0","4","14","0","0","0","0","0","0","0","0","0","0","0","0","0","0","0","0","0","0","0","0","0","0","0","2","0","1","0","1","0","5","12","8","12","8","1","bulk-1.27-teamid-from-league-list","0","0","0"
"3.6","Warszawa Warriors vs Ikjas Toruń 2:3","1216004","2026-09-01 17:00","Collosseum","Ikjas Toruń","131062","Setlak, Andrzej","1976721","0","0","0","0","0","0","0","0","0","0","0","39","29","19","10","7","67","15","0","100","8","53","0","0","0","2","1","10","1","3","3","3","27.2","","5","5","2","5","0","0","0","0","0","0","0","0","0","0","0","0","0","0","0","0","0","0","0","0","0","0","0","0","0","0","0","0","0","0","0","0","0","0","0","0","0","0","0","0","0","0","2","1","1","1","5","10","5","5","1","4","15","19","4","4","0","5","6","7","1","1","1","2","2","5","20","11","9","5","6","bulk-1.27-teamid-from-league-list","0","0","0"
"3.6","Warszawa Warriors vs Ikjas Toruń 2:3","1216004","2026-09-01 17:00","Collosseum","Ikjas Toruń","131062","Fenelon, Ubaldo","2087292","5","5","3","0","0","59.2","6","0","4","67","67","6","6","0","0","0","0","0","0","0","0","0","1","6","13","0","0","0","0","0","0","0","11","","0","0","0","0","0","0","6","13","1","0","6","0","0","0","59.2","52.1","1","0","0","0","0","1","1","0","0","1","1","3","0","0","0","0","0","0","0","0","0","0","0","0","1","0","0","0","1","2","0","0","0","0","0","0","0","0","0","0","0","0","0","0","0","0","0","0","0","0","0","0","0","2","12","0","0","0","3","bulk-1.27-teamid-from-league-list","0","0","0"
"3.6","Warszawa Warriors vs Ikjas Toruń 2:3","1216004","2026-09-01 17:00","Collosseum","Ikjas Toruń","131062","Howaniec, Robert","1767842","0","-1","1","1","0","0","0","0","0","0","0","1","1","0","0","0","0","0","0","0","0","0","0","2","5","3","0","8","1","3","3","1","-1","","0","0","0","0","0","0","2","5","0","0","2","0","0","0","0","0","0","0","0","0","0","0","0","0","0","0","0","0","0","0","0","0","0","0","0","0","0","0","0","0","0","0","0","0","0","0","3","0","0","1","4","8","0","0","0","0","0","0","0","0","0","0","0","0","0","0","0","0","0","1","0","0","0","0","9","bulk-1.27-teamid-from-league-list","0","0","0"
"3.6","Warszawa Warriors vs Ikjas Toruń 2:3","1216004","2026-09-01 17:00","Collosseum","Ikjas Toruń","131062","Motyl, Bogdan","1864952","0","0","2","0","0","58","2","0","0","0","0","2","1","0","1","1","50","3","0","100","2","67","0","5","6","0","0","0","0","0","0","0","2.4","","1","1","0","0","0","0","5","6","0","0","5","0","0","0","58","55.5","0","0","0","0","1","1","0","0","0","0","0","0","0","0","0","0","1","1","0","0","0","0","0","0","0","0","0","0","0","0","0","0","0","0","0","0","0","1","2","0","3","0","0","0","0","0","0","1","0","0","0","0","1","1","0","0","0","0","7","bulk-1.27-teamid-from-league-list","0","0","0"
"3.6","Warszawa Warriors vs Ikjas Toruń 2:3","1216004","2026-09-01 17:00","Collosseum","Ikjas Toruń","131062","Domagalski, Michał","1767843","1","-2","4","1","0","87.7","4","2","1","25","-25","1","1","0","0","0","0","0","0","0","0","0","0","6","9","0","0","0","0","0","0","0","-2","","0","0","0","0","0","0","6","9","0","0","5","0","0","1","87.7","67.9","0","1","0","0","1","2","0","0","0","0","0","0","0","0","0","0","0","0","1","0","1","0","0","2","0","0","0","0","0","0","0","0","0","0","0","0","0","0","0","0","0","0","0","0","0","0","0","0","0","0","0","0","0","3","1","4","0","0","3","bulk-1.27-teamid-from-league-list","0","0","0"
"3.6","Petronas Eagles vs Drużyna Pierścienia 0:3","1216005","2026-09-01 17:00","Orle Gniazdo","Petronas Eagles","140755","Żabiński, Mateusz","1928807","1","0","14","1","1","97.7","0","0","0","0","0","22","10","6","12","9","68","0","0","0","0","0","0","3","24","21","22","84","13","21","35","15","10.4","{""sets"":[{""h"":23,""a"":25},{""h"":17,""a"":25},{""h"":15,""a"":25}],""parsedSets"":[{""rallies"":[{""type"":""end"",""score"":""23 : 25"",""txt"":""Koniec seta 0 : 1""},{""type"":""end"",""score"":""23 : 25"",""txt"":""Koniec seta 0 : 1""},{""type"":""rally"",""score"":""23 : 25"",""speed"":""41.6 km/h"",""res"":""Punkt: P. Wierzchowski""},{""type"":""rally"",""score"":""23 : 24"",""speed"":""96.2 km/h"",""res"":""Punkt: C. Anghelina""},{""type"":""rally"",""score"":""23 : 23"",""speed"":""58.2 km/h"",""res"":""Punkt: W. Kaczyński""},{""type"":""rally"",""score"":""22 : 23"",""speed"":""49.4 km/h"",""res"":""Punkt: W. Kaczyński""},{""type"":""rally"",""score"":""21 : 23"",""speed"":""84.4 km/h"",""res"":""Punkt: C. Anghelina""},{""type"":""rally"",""score"":""21 : 22"",""speed"":""41.8 km/h"",""res"":""Punkt: J. Merida""},{""type"":""rally"",""score"":""20 : 22"",""speed"":""-"",""res"":""Błąd: D. Simon""},{""type"":""rally"",""score"":""20 : 21"",""speed"":""51.1 km/h"",""res"":""Punkt: J. Merida""},{""type"":""rally"",""score"":""19 : 21"",""speed"":""56.4 km/h"",""res"":""Punkt: T. Colombier""},{""type"":""rally"",""score"":""18 : 21"",""speed"":""44.7 km/h"",""res"":""Punkt: D. Simon""},{""type"":""rally"",""score"":""17 : 21"",""speed"":""44.9 km/h"",""res"":""Punkt: I. Kobusiński""},{""type"":""rally"",""score"":""17 : 20"",""speed"":""47.2 km/h"",""res"":""Punkt: J. Merida""},{""type"":""rally"",""score"":""16 : 20"",""speed"":""-"",""res"":""Błąd: K. Barć""},{""type"":""rally"",""score"":""15 : 20"",""speed"":""54.2 km/h"",""res"":""Punkt: K. Barć""},{""type"":""rally"",""score"":""15 : 19"",""speed"":""43.1 km/h"",""res"":""Punkt: I. Kobusiński""},{""type"":""rally"",""score"":""15 : 18"",""speed"":""67.7 km/h"",""res"":""Punkt: I. Kobusiński""},{""type"":""rally"",""score"":""15 : 17"",""speed"":""44.0 km/h"",""res"":""Punkt: J. Merida""},{""type"":""rally"",""score"":""14 : 17"",""speed"":""59.0 km/h"",""res"":""Punkt: W. Kaczyński""},{""type"":""rally"",""score"":""13 : 17"",""speed"":""58.7 km/h"",""res"":""Punkt: C. Anghelina""},{""type"":""rally"",""score"":""13 : 16"",""speed"":""57.2 km/h"",""res"":""Punkt: K. Radomski""},{""type"":""tmo"",""score"":""12 : 16"",""txt"":""Czas dla: ""},{""type"":""rally"",""score"":""12 : 16"",""speed"":""41.7 km/h"",""res"":""Punkt: P. Wierzchowski""},{""type"":""rally"",""score"":""12 : 15"",""speed"":""-"",""res"":""Błąd: M. Żabiński""},{""type"":""rally"",""score"":""12 : 14"",""speed"":""-"",""res"":""Błąd: K. Vatra""},{""type"":""rally"",""score"":""11 : 14"",""speed"":""56.5 km/h"",""res"":""Punkt: K. Barć""},{""type"":""rally"",""score"":""11 : 13"",""speed"":""91.1 km/h"",""res"":""Punkt: C. Anghelina""},{""type"":""rally"",""score"":""11 : 12"",""speed"":""97.6 km/h"",""res"":""Punkt: T. Colombier""},{""type"":""rally"",""score"":""10 : 12"",""speed"":""62.7 km/h"",""res"":""Punkt: J. Merida""},{""type"":""rally"",""score"":""9 : 12"",""speed"":""42.6 km/h"",""res"":""Punkt: J. Merida""},{""type"":""rally"",""score"":""8 : 12"",""speed"":""51.1 km/h"",""res"":""Punkt: C. Anghelina""},{""type"":""rally"",""score"":""8 : 11"",""speed"":""44.5 km/h"",""res"":""Punkt: C. Anghelina""},{""type"":""rally"",""score"":""8 : 10"",""speed"":""50.6 km/h"",""res"":""Punkt: I. Kobusiński""},{""type"":""rally"",""score"":""8 : 9"",""speed"":""48.7 km/h"",""res"":""Punkt: T. Colombier""},{""type"":""chg"",""score"":""7 : 9"",""txt"":""Zmiana: J. Merida ⇄ T. Grudziński""},{""type"":""rally"",""score"":""7 : 9"",""speed"":""44.7 km/h"",""res"":""Punkt: I. Kobusiński""},{""type"":""tmo"",""score"":""7 : 8"",""txt"":""Czas dla: ""},{""type"":""rally"",""score"":""7 : 8"",""speed"":""51.9 km/h"",""res"":""Punkt: I. Kobusiński""},{""type"":""rally"",""score"":""7 : 7"",""speed"":""43.3 km/h"",""res"":""Punkt: D. Simon""},{""type"":""rally"",""score"":""6 : 7"",""speed"":""43.2 km/h"",""res"":""Punkt: P. Wierzchowski""},{""type"":""tmo"",""score"":""6 : 6"",""txt"":""Czas dla: Petronas Eagles""},{""type"":""rally"",""score"":""6 : 6"",""speed"":""48.7 km/h"",""res"":""Punkt: I. Kobusiński""},{""type"":""rally"",""score"":""6 : 5"",""speed"":""53.3 km/h"",""res"":""Punkt: I. Kobusiński""},{""type"":""chg"",""score"":""6 : 4"",""txt"":""Zmiana: K. Radomski ⇄ V. Gonzaga""},{""type"":""rally"",""score"":""6 : 4"",""speed"":""49.7 km/h"",""res"":""Punkt: P. Wierzchowski""},{""type"":""rally"",""score"":""6 : 3"",""speed"":""72.9 km/h"",""res"":""Punkt: I. Kobusiński""},{""type"":""rally"",""score"":""6 : 2"",""speed"":""46.9 km/h"",""res"":""Błąd: I. Kobusiński""},{""type"":""rally"",""score"":""5 : 2"",""speed"":""58.5 km/h"",""res"":""Punkt: W. Kaczyński""},{""type"":""rally"",""score"":""4 : 2"",""speed"":""57.0 km/h"",""res"":""Punkt: V. Gonzaga""},{""type"":""rally"",""score"":""3 : 2"",""speed"":""-"",""res"":""Błąd: T. Colombier""},{""type"":""rally"",""score"":""3 : 1"",""speed"":""42.3 km/h"",""res"":""Punkt: V. Gonzaga""},{""type"":""rally"",""score"":""2 : 1"",""speed"":""85.0 km/h"",""res"":""Punkt: C. Anghelina""},{""type"":""rally"",""score"":""2 : 0"",""speed"":""81.1 km/h"",""res"":""Błąd: C. Anghelina""},{""type"":""chg"",""score"":""1 : 0"",""txt"":""Zmiana: K. Vatra ⇄ L. Mamele""},{""type"":""tmo"",""score"":""1 : 0"",""txt"":""Czas dla: Drużyna Pierścienia""},{""type"":""rally"",""score"":""1 : 0"",""speed"":""97.7 km/h"",""res"":""Punkt: W. Kaczyński""}]},{""rallies"":[{""type"":""end"",""score"":""17 : 25"",""txt"":""Koniec seta 0 : 2""},{""type"":""end"",""score"":""17 : 25"",""txt"":""Koniec seta 0 : 2""},{""type"":""rally"",""score"":""17 : 25"",""speed"":""45.2 km/h"",""res"":""Punkt: I. Kobusiński""},{""type"":""rally"",""score"":""17 : 24"",""speed"":""87.9 km/h"",""res"":""Punkt: P. Wierzchowski""},{""type"":""rally"",""score"":""17 : 23"",""speed"":""81.2 km/h"",""res"":""Punkt: J. Merida""},{""type"":""rally"",""score"":""16 : 23"",""speed"":""59.2 km/h"",""res"":""Punkt: D. Simon""},{""type"":""rally"",""score"":""15 : 23"",""speed"":""-"",""res"":""Błąd: W. Kaczyński""},{""type"":""rally"",""score"":""15 : 22"",""speed"":""51.3 km/h"",""res"":""Punkt: D. Simon""},{""type"":""rally"",""score"":""14 : 22"",""speed"":""-"",""res"":""Błąd: T. Colombier""},{""type"":""rally"",""score"":""14 : 21"",""speed"":""-"",""res"":""Błąd: A. Rouleau""},{""type"":""chg"",""score"":""13 : 21"",""txt"":""Zmiana: M. Pigoń ⇄ M. Żabiński""},{""type"":""rally"",""score"":""13 : 21"",""speed"":""52.0 km/h"",""res"":""Punkt: K. Barć""},{""type"":""rally"",""score"":""13 : 20"",""speed"":""53.5 km/h"",""res"":""Punkt: C. Anghelina""},{""type"":""rally"",""score"":""13 : 19"",""speed"":""49.0 km/h"",""res"":""Punkt: C. Anghelina""},{""type"":""rally"",""score"":""13 : 18"",""speed"":""51.0 km/h"",""res"":""Błąd: W. Kaczyński""},{""type"":""rally"",""score"":""13 : 17"",""speed"":""51.5 km/h"",""res"":""Punkt: K. Barć""},{""type"":""tmo"",""score"":""13 : 16"",""txt"":""Czas dla: ""},{""type"":""rally"",""score"":""13 : 16"",""speed"":""64.8 km/h"",""res"":""Punkt: C. Anghelina""},{""type"":""rally"",""score"":""13 : 15"",""speed"":""62.1 km/h"",""res"":""Punkt: V. Gonzaga""},{""type"":""rally"",""score"":""12 : 15"",""speed"":""77.4 km/h"",""res"":""Punkt: V. Gonzaga""},{""type"":""rally"",""score"":""11 : 15"",""speed"":""62.9 km/h"",""res"":""Punkt: W. Kaczyński""},{""type"":""rally"",""score"":""10 : 15"",""speed"":""66.7 km/h"",""res"":""Punkt: W. Kaczyński""},{""type"":""rally"",""score"":""9 : 15"",""speed"":""75.2 km/h"",""res"":""Punkt: W. Kaczyński""},{""type"":""rally"",""score"":""8 : 15"",""speed"":""42.8 km/h"",""res"":""Punkt: T. Colombier""},{""type"":""rally"",""score"":""7 : 15"",""speed"":""81.2 km/h"",""res"":""Punkt: M. Molena""},{""type"":""rally"",""score"":""7 : 14"",""speed"":""40.5 km/h"",""res"":""Błąd: A. Rouleau""},{""type"":""rally"",""score"":""6 : 14"",""speed"":""49.5 km/h"",""res"":""Błąd: D. Simon""},{""type"":""rally"",""score"":""6 : 13"",""speed"":""49.4 km/h"",""res"":""Punkt: P. Wierzchowski""},{""type"":""rally"",""score"":""6 : 12"",""speed"":""49.1 km/h"",""res"":""Punkt: J. Merida""},{""type"":""rally"",""score"":""5 : 12"",""speed"":""46.4 km/h"",""res"":""Punkt: I. Kobusiński""},{""type"":""chg"",""score"":""5 : 11"",""txt"":""Zmiana: J. Merida ⇄ T. Grudziński""},{""type"":""rally"",""score"":""5 : 11"",""speed"":""55.0 km/h"",""res"":""Punkt: I. Kobusiński""},{""type"":""rally"",""score"":""5 : 10"",""speed"":""52.2 km/h"",""res"":""Punkt: I. Kobusiński""},{""type"":""rally"",""score"":""5 : 9"",""speed"":""-"",""res"":""Błąd: V. Gonzaga""},{""type"":""rally"",""score"":""5 : 8"",""speed"":""45.5 km/h"",""res"":""Punkt: V. Gonzaga""},{""type"":""tmo"",""score"":""4 : 8"",""txt"":""Czas dla: ""},{""type"":""rally"",""score"":""4 : 8"",""speed"":""66.2 km/h"",""res"":""Punkt: C. Anghelina""},{""type"":""rally"",""score"":""4 : 7"",""speed"":""51.0 km/h"",""res"":""Punkt: D. Simon""},{""type"":""rally"",""score"":""3 : 7"",""speed"":""73.5 km/h"",""res"":""Punkt: D. Simon""},{""type"":""rally"",""score"":""2 : 7"",""speed"":""50.7 km/h"",""res"":""Błąd: K. Barć""},{""type"":""chg"",""score"":""1 : 7"",""txt"":""Zmiana: T. Colombier ⇄ L. Maciejewski""},{""type"":""rally"",""score"":""1 : 7"",""speed"":""44.5 km/h"",""res"":""Punkt: K. Barć""},{""type"":""rally"",""score"":""1 : 6"",""speed"":""63.2 km/h"",""res"":""Punkt: C. Anghelina""},{""type"":""rally"",""score"":""1 : 5"",""speed"":""51.2 km/h"",""res"":""Punkt: W. Kaczyński""},{""type"":""rally"",""score"":""0 : 5"",""speed"":""44.2 km/h"",""res"":""Punkt: K. Barć""},{""type"":""tmo"",""score"":""0 : 4"",""txt"":""Czas dla: Petronas Eagles""},{""type"":""rally"",""score"":""0 : 4"",""speed"":""50.5 km/h"",""res"":""Punkt: C. Anghelina""},{""type"":""chg"",""score"":""0 : 3"",""txt"":""Zmiana: L. Maciejewski ⇄ T. Colombier""},{""type"":""rally"",""score"":""0 : 3"",""speed"":""56.7 km/h"",""res"":""Punkt: C. Anghelina""},{""type"":""rally"",""score"":""0 : 2"",""speed"":""58.0 km/h"",""res"":""Punkt: K. Barć""},{""type"":""chg"",""score"":""0 : 1"",""txt"":""Zmiana: A. Rouleau ⇄ L. Mamele""},{""type"":""tmo"",""score"":""0 : 1"",""txt"":""Czas dla: Drużyna Pierścienia""},{""type"":""rally"",""score"":""0 : 1"",""speed"":""42.7 km/h"",""res"":""Punkt: C. Anghelina""}]},{""rallies"":[{""type"":""end"",""score"":""15 : 25"",""txt"":""Koniec seta 0 : 3""},{""type"":""end"",""score"":""15 : 25"",""txt"":""Koniec seta 0 : 3""},{""type"":""rally"",""score"":""15 : 25"",""speed"":""40.9 km/h"",""res"":""Punkt: C. Anghelina""},{""type"":""rally"",""score"":""15 : 24"",""speed"":""52.2 km/h"",""res"":""Punkt: C. Anghelina""},{""type"":""rally"",""score"":""15 : 23"",""speed"":""-"",""res"":""Błąd: D. Simon""},{""type"":""rally"",""score"":""15 : 22"",""speed"":""52.1 km/h"",""res"":""Punkt: J. Merida""},{""type"":""rally"",""score"":""14 : 22"",""speed"":""42.0 km/h"",""res"":""Punkt: M. Molena""},{""type"":""rally"",""score"":""14 : 21"",""speed"":""49.3 km/h"",""res"":""Punkt: I. Kobusiński""},{""type"":""rally"",""score"":""14 : 20"",""speed"":""51.1 km/h"",""res"":""Punkt: K. Radomski""},{""type"":""rally"",""score"":""13 : 20"",""speed"":""55.7 km/h"",""res"":""Punkt: I. Kobusiński""},{""type"":""rally"",""score"":""13 : 19"",""speed"":""69.4 km/h"",""res"":""Punkt: W. Kaczyński""},{""type"":""rally"",""score"":""12 : 19"",""speed"":""66.2 km/h"",""res"":""Punkt: C. Anghelina""},{""type"":""rally"",""score"":""12 : 18"",""speed"":""-"",""res"":""Błąd: M. Molena""},{""type"":""rally"",""score"":""11 : 18"",""speed"":""59.7 km/h"",""res"":""Punkt: C. Anghelina""},{""type"":""rally"",""score"":""11 : 17"",""speed"":""-"",""res"":""Błąd: L. Mamele""},{""type"":""rally"",""score"":""10 : 17"",""speed"":""42.7 km/h"",""res"":""Punkt: C. Anghelina""},{""type"":""tmo"",""score"":""10 : 16"",""txt"":""Czas dla: ""},{""type"":""rally"",""score"":""10 : 16"",""speed"":""46.3 km/h"",""res"":""Punkt: M. Molena""},{""type"":""rally"",""score"":""10 : 15"",""speed"":""53.1 km/h"",""res"":""Punkt: M. Molena""},{""type"":""rally"",""score"":""10 : 14"",""speed"":""90.4 km/h"",""res"":""Błąd: K. Barć""},{""type"":""chg"",""score"":""9 : 14"",""txt"":""Zmiana: M. Pigoń ⇄ M. Żabiński""},{""type"":""rally"",""score"":""9 : 14"",""speed"":""48.4 km/h"",""res"":""Punkt: T. Colombier""},{""type"":""rally"",""score"":""8 : 14"",""speed"":""50.3 km/h"",""res"":""Punkt: I. Kobusiński""},{""type"":""rally"",""score"":""8 : 13"",""speed"":""-"",""res"":""Błąd: D. Simon""},{""type"":""rally"",""score"":""8 : 12"",""speed"":""54.1 km/h"",""res"":""Błąd: I. Kobusiński""},{""type"":""rally"",""score"":""7 : 12"",""speed"":""51.9 km/h"",""res"":""Punkt: J. Merida""},{""type"":""chg"",""score"":""6 : 12"",""txt"":""Zmiana: T. Colombier ⇄ L. Maciejewski""},{""type"":""rally"",""score"":""6 : 12"",""speed"":""44.6 km/h"",""res"":""Punkt: I. Kobusiński""},{""type"":""rally"",""score"":""6 : 11"",""speed"":""41.3 km/h"",""res"":""Punkt: M. Molena""},{""type"":""rally"",""score"":""6 : 10"",""speed"":""65.2 km/h"",""res"":""Błąd: J. Merida""},{""type"":""chg"",""score"":""6 : 9"",""txt"":""Zmiana: J. Merida ⇄ T. Grudziński""},{""type"":""rally"",""score"":""6 : 9"",""speed"":""51.9 km/h"",""res"":""Punkt: D. Simon""},{""type"":""rally"",""score"":""5 : 9"",""speed"":""43.0 km/h"",""res"":""Punkt: I. Kobusiński""},{""type"":""tmo"",""score"":""5 : 8"",""txt"":""Czas dla: ""},{""type"":""rally"",""score"":""5 : 8"",""speed"":""54.4 km/h"",""res"":""Punkt: I. Kobusiński""},{""type"":""chg"",""score"":""5 : 7"",""txt"":""Zmiana: L. Maciejewski ⇄ T. Colombier""},{""type"":""rally"",""score"":""5 : 7"",""speed"":""52.3 km/h"",""res"":""Punkt: I. Kobusiński""},{""type"":""chg"",""score"":""5 : 6"",""txt"":""Zmiana: K. Radomski ⇄ V. Gonzaga""},{""type"":""rally"",""score"":""5 : 6"",""speed"":""63.5 km/h"",""res"":""Punkt: I. Kobusiński""},{""type"":""rally"",""score"":""5 : 5"",""speed"":""52.8 km/h"",""res"":""Błąd: I. Kobusiński""},{""type"":""rally"",""score"":""4 : 5"",""speed"":""52.4 km/h"",""res"":""Punkt: T. Grudziński""},{""type"":""rally"",""score"":""3 : 5"",""speed"":""-"",""res"":""Błąd: C. Anghelina""},{""type"":""rally"",""score"":""2 : 5"",""speed"":""58.0 km/h"",""res"":""Punkt: K. Barć""},{""type"":""rally"",""score"":""2 : 4"",""speed"":""57.2 km/h"",""res"":""Punkt: V. Gonzaga""},{""type"":""tmo"",""score"":""1 : 4"",""txt"":""Czas dla: Petronas Eagles""},{""type"":""rally"",""score"":""1 : 4"",""speed"":""51.4 km/h"",""res"":""Punkt: C. Anghelina""},{""type"":""rally"",""score"":""1 : 3"",""speed"":""45.4 km/h"",""res"":""Punkt: C. Anghelina""},{""type"":""rally"",""score"":""1 : 2"",""speed"":""44.7 km/h"",""res"":""Punkt: C. Anghelina""},{""type"":""rally"",""score"":""1 : 1"",""speed"":""63.6 km/h"",""res"":""Punkt: C. Anghelina""},{""type"":""chg"",""score"":""1 : 0"",""txt"":""Zmiana: G. Antoni ⇄ P. Wierzchowski""},{""type"":""tmo"",""score"":""1 : 0"",""txt"":""Czas dla: Drużyna Pierścienia""},{""type"":""rally"",""score"":""1 : 0"",""speed"":""86.6 km/h"",""res"":""Punkt: M. Żabiński""}]}]}","8","8","1","4","0","0","3","24","0","0","2","0","0","1","97.7","75.2","0","0","0","0","0","0","0","0","0","0","0","0","0","0","0","0","0","0","0","0","0","0","0","0","0","0","0","0","0","0","21","22","5","3","33","84","0","0","0","0","0","6","1","3","0","2","0","9","0","1","0","5","3","3","35","28","16","0","0","bulk-1.27-teamid-from-league-list","0","0","0"
"3.6","Petronas Eagles vs Drużyna Pierścienia 0:3","1216005","2026-09-01 17:00","Orle Gniazdo","Petronas Eagles","140755","Colombier, Thierry","1974434","6","-6","5","2","0","66.2","25","8","4","16","-16","11","7","3","4","1","36","44","2","95","14","32","2","30","56","0","0","0","0","0","0","0","18","","1","1","0","3","0","0","30","56","2","0","18","0","0","12","66.2","61","0","0","1","0","4","5","0","0","3","0","0","3","2","0","3","1","9","15","0","0","0","0","0","0","1","0","1","0","0","2","0","0","0","0","0","0","8","12","18","4","42","3","0","1","0","1","1","1","0","1","0","0","0","3","26","18","17","0","0","bulk-1.27-teamid-from-league-list","0","0","0"
"3.6","Petronas Eagles vs Drużyna Pierścienia 0:3","1216005","2026-09-01 17:00","Orle Gniazdo","Petronas Eagles","140755","Kaczyński, Wiesław","1951323","11","5","13","1","1","73.5","20","5","5","25","0","5","1","0","4","0","0","0","0","0","0","0","5","35","52","0","1","1","0","0","0","1","19.5","","0","0","0","4","0","0","35","52","4","0","22","1","0","13","73.5","58.8","2","1","1","0","4","8","0","0","3","0","0","3","0","0","0","0","0","0","3","0","0","0","6","9","0","0","0","0","0","0","0","1","0","0","0","1","0","0","0","0","0","0","0","0","0","0","0","0","0","0","0","0","0","3","12","14","8","0","0","bulk-1.27-teamid-from-league-list","0","0","0"
"3.6","Petronas Eagles vs Drużyna Pierścienia 0:3","1216005","2026-09-01 17:00","Orle Gniazdo","Petronas Eagles","140755","Gonzaga, Valdomiro","1904205","8","4","3","1","0","87.9","15","3","8","53","33","5","0","0","5","3","60","0","0","0","0","0","0","21","36","0","0","0","0","0","0","0","18.3","","1","1","1","3","1","1","21","36","0","0","18","0","0","3","87.9","84.6","0","0","0","0","2","2","0","0","2","2","0","4","6","0","1","0","2","9","0","0","0","0","0","0","0","0","0","0","0","0","0","0","0","0","0","0","0","0","0","0","0","0","0","0","0","0","0","3","1","2","0","0","0","3","3","12","2","0","0","bulk-1.27-teamid-from-league-list","0","0","0"
"3.6","Petronas Eagles vs Drużyna Pierścienia 0:3","1216005","2026-09-01 17:00","Orle Gniazdo","Petronas Eagles","140755","Simon, Dominique","1710102","8","-1","8","3","0","56.4","14","6","4","29","-14","13","5","1","8","3","31","10","0","100","1","10","4","21","39","0","0","0","0","0","0","0","11.6","","1","1","0","5","2","2","21","39","4","0","14","0","0","7","56.4","52.3","0","0","0","0","0","0","1","0","2","0","0","3","2","0","3","1","3","9","0","0","0","0","0","0","0","1","0","0","1","2","0","0","0","0","0","0","1","3","3","3","10","1","0","0","0","1","0","3","1","0","0","0","2","3","16","14","8","0","0","bulk-1.27-teamid-from-league-list","0","0","0"
"3.6","Petronas Eagles vs Drużyna Pierścienia 0:3","1216005","2026-09-01 17:00","Orle Gniazdo","Petronas Eagles","140755","Grudziński, Tadeusz","1745342","2","-1","0","0","0","0","9","3","1","11","-22","2","0","0","2","0","0","0","0","0","0","0","1","12","18","0","0","0","0","0","0","0","0.5","","0","0","0","2","0","0","12","18","1","0","9","0","0","3","0","0","0","0","2","0","0","2","0","0","1","1","0","2","0","0","0","0","0","0","0","0","0","0","5","5","0","0","0","0","0","0","0","0","0","0","0","0","0","0","0","0","0","0","0","0","0","0","0","0","0","0","0","0","0","3","3","2","3","0","0","bulk-1.27-teamid-from-league-list","0","0","0"
"3.6","Petronas Eagles vs Drużyna Pierścienia 0:3","1216005","2026-09-01 17:00","Orle Gniazdo","Petronas Eagles","140755","Konarski, Piotr","1865233","0","0","0","0","0","0","0","0","0","0","0","34","22","13","12","4","50","6","0","100","2","33","0","0","0","1","2","14","0","5","3","6","15.2","","3","5","1","7","0","0","0","0","0","0","0","0","0","0","0","0","0","0","0","0","0","0","0","0","0","0","0","0","0","0","0","0","0","0","0","0","0","0","0","0","0","0","0","0","0","0","1","2","1","0","10","14","1","3","2","0","6","13","3","1","0","8","1","4","1","2","0","0","1","3","12","15","13","0","0","bulk-1.27-teamid-from-league-list","0","0","0"
"3.6","Petronas Eagles vs Drużyna Pierścienia 0:3","1216005","2026-09-01 17:00","Orle Gniazdo","Petronas Eagles","140755","Pigoń, Mirosław","1950495","0","0","1","0","0","59.7","0","0","0","0","0","1","1","0","0","0","0","0","0","0","0","0","0","0","10","4","5","16","2","5","5","4","0","","0","0","0","0","0","0","0","10","0","0","0","0","0","0","59.7","59.7","0","0","0","0","0","0","0","0","0","0","0","0","0","0","0","0","0","0","0","0","0","0","0","0","0","0","0","0","0","0","4","5","0","0","7","16","0","0","0","0","0","0","0","0","0","0","0","0","0","0","0","0","0","2","0","4","10","0","0","bulk-1.27-teamid-from-league-list","0","0","0"
"3.6","Petronas Eagles vs Drużyna Pierścienia 0:3","1216005","2026-09-01 17:00","Orle Gniazdo","Petronas Eagles","140755","Radomski, Kacper","1904491","3","1","5","0","0","65.2","10","2","1","10","-10","11","9","4","2","2","55","0","0","0","0","0","2","13","27","0","0","0","0","0","0","0","9","","1","1","1","1","0","0","13","27","1","0","10","1","0","3","65.2","51.7","1","0","1","0","0","2","0","0","0","0","0","0","0","0","1","0","5","6","0","0","0","0","0","0","0","0","0","0","2","2","0","0","0","0","0","0","0","0","0","0","0","4","1","2","1","0","0","2","0","2","0","0","0","2","11","0","10","0","0","bulk-1.27-teamid-from-league-list","0","0","0"
"3.6","Petronas Eagles vs Drużyna Pierścienia 0:3","1216005","2026-09-01 17:00","Orle Gniazdo","Petronas Eagles","140755","Maciejewski, Leszek","1685538","0","0","1","0","0","63.2","2","0","0","0","0","2","1","0","1","0","0","7","0","100","0","0","0","0","2","0","0","0","0","0","0","0","2.8","","0","0","0","1","0","0","0","2","0","0","0","0","0","0","63.2","63.2","0","0","0","0","0","0","0","0","0","0","0","0","0","0","0","0","1","1","0","0","0","0","0","0","0","0","0","0","1","1","0","0","0","0","0","0","0","3","2","2","7","0","0","0","0","0","0","0","0","0","0","0","0","2","0","4","4","0","0","bulk-1.27-teamid-from-league-list","0","0","0"
"3.6","Petronas Eagles vs Drużyna Pierścienia 0:3","1216005","2026-09-01 17:00","Orle Gniazdo","Petronas Eagles","140755","Merida, John","1949065","12","6","7","0","1","97.6","20","6","9","45","15","6","3","0","3","1","17","0","0","0","0","0","2","16","27","0","0","0","0","0","0","0","21.4","","1","1","0","2","0","0","16","27","1","0","7","1","0","9","97.6","80.1","1","0","0","1","3","5","2","1","5","0","0","8","0","0","0","0","0","0","5","0","0","0","2","7","0","0","0","0","0","0","0","0","0","0","0","0","0","0","0","0","0","0","0","0","0","0","0","1","1","0","0","0","0","3","12","6","8","0","0","bulk-1.27-teamid-from-league-list","0","0","0"
"3.6","Petronas Eagles vs Drużyna Pierścienia 0:3","1216005","2026-09-01 17:00","Orle Gniazdo","Drużyna Pierścienia","141064","Mamele, Ludovic","2032695","0","-1","4","1","0","46.3","1","0","0","0","0","6","3","1","3","1","33","0","0","0","0","0","0","11","21","13","3","29","10","9","8","2","0.2","","1","1","0","2","0","0","11","21","0","1","9","0","0","2","46.3","43.9","0","0","0","0","1","1","0","0","0","0","0","0","0","0","0","0","0","0","0","0","0","0","0","0","0","0","0","0","0","0","13","3","0","3","10","29","0","0","0","0","0","1","0","0","0","1","0","1","0","0","0","1","0","3","1","1","25","0","0","bulk-1.27-teamid-from-league-list","0","0","0"
"3.6","Petronas Eagles vs Drużyna Pierścienia 0:3","1216005","2026-09-01 17:00","Orle Gniazdo","Drużyna Pierścienia","141064","Molena, Marco","1927255","5","-4","12","1","0","57.2","12","6","3","25","-25","12","6","6","6","4","83","24","2","92","7","29","2","32","59","0","0","0","0","0","0","0","11","","3","3","0","2","1","1","32","59","2","0","28","0","1","4","57.2","48","0","0","0","0","1","1","0","0","4","0","0","4","3","0","1","0","2","6","0","0","0","0","0","0","0","0","1","0","0","1","0","0","0","0","0","0","5","8","7","2","22","5","4","1","0","0","0","4","2","1","0","0","1","3","16","15","21","0","0","bulk-1.27-teamid-from-league-list","0","0","0"
"3.6","Petronas Eagles vs Drużyna Pierścienia 0:3","1216005","2026-09-01 17:00","Orle Gniazdo","Drużyna Pierścienia","141064","Anghelina, Constantin","1950550","24","19","6","1","0","69.4","38","4","18","47","37","5","2","0","3","1","20","0","0","0","0","0","6","39","64","0","0","0","0","0","0","0","54.8","","1","1","0","2","0","0","39","64","6","0","35","0","1","4","69.4","58","2","1","1","0","5","9","0","0","1","0","1","2","0","0","0","0","0","0","16","0","1","0","10","27","0","0","0","0","0","0","0","0","0","0","0","0","0","0","0","0","0","0","0","0","0","0","0","1","0","1","0","0","0","3","13","15","13","0","0","bulk-1.27-teamid-from-league-list","0","0","0"
"3.6","Petronas Eagles vs Drużyna Pierścienia 0:3","1216005","2026-09-01 17:00","Orle Gniazdo","Drużyna Pierścienia","141064","Barć, Krzysztof","1686131","10","7","18","1","1","55","8","2","1","13","-12","18","14","8","4","0","44","0","0","0","0","0","8","33","54","0","0","0","0","0","0","0","31.4","","0","2","0","1","0","1","33","54","6","1","31","2","0","2","55","49.2","0","0","0","0","3","3","0","0","0","0","0","0","1","0","0","0","1","2","0","0","0","0","0","0","0","1","1","0","1","3","0","0","0","0","0","0","0","0","0","0","0","8","2","1","0","5","0","0","0","0","0","0","0","3","18","14","11","0","0","bulk-1.27-teamid-from-league-list","0","0","0"
"3.6","Petronas Eagles vs Drużyna Pierścienia 0:3","1216005","2026-09-01 17:00","Orle Gniazdo","Drużyna Pierścienia","141064","Wierzchowski, Piotr","1681788","6","3","5","0","0","49.5","7","2","1","14","-14","16","10","7","6","3","63","17","1","94","3","18","5","25","41","0","0","0","0","0","0","0","26.4","","2","2","0","3","1","1","25","41","5","0","23","0","0","2","49.5","45.6","0","0","0","0","2","2","0","0","1","0","0","1","1","0","0","0","1","2","0","0","0","0","0","0","0","0","1","0","1","2","0","0","0","0","0","0","1","5","3","7","16","7","3","2","0","2","0","3","1","1","0","0","1","3","21","13","1","0","0","bulk-1.27-teamid-from-league-list","0","0","0"
"3.6","Petronas Eagles vs Drużyna Pierścienia 0:3","1216005","2026-09-01 17:00","Orle Gniazdo","Drużyna Pierścienia","141064","Kobusiński, Igor","1681965","21","14","9","0","1","52.2","31","7","11","35","13","3","2","0","1","0","0","0","0","0","0","0","9","39","51","0","0","0","0","0","0","0","44.1","","0","0","0","1","0","0","39","51","9","2","34","0","0","5","52.2","46.1","0","0","3","0","4","7","3","0","0","0","0","3","0","0","0","0","0","0","8","3","1","0","9","21","0","0","0","0","0","0","0","0","0","0","0","0","0","0","0","0","0","0","0","0","0","0","0","0","0","0","0","0","0","3","20","8","14","0","0","bulk-1.27-teamid-from-league-list","0","0","0"
"3.6","Petronas Eagles vs Drużyna Pierścienia 0:3","1216005","2026-09-01 17:00","Orle Gniazdo","Drużyna Pierścienia","141064","Ewertowski, Kacper","1905299","0","0","0","0","0","0","0","0","0","0","0","18","13","12","5","3","83","4","0","100","3","75","0","0","0","2","0","6","0","1","3","2","13.6","","3","5","0","0","0","0","0","0","0","0","0","0","0","0","0","0","0","0","0","0","0","0","0","0","0","0","0","0","0","0","0","0","0","0","0","0","0","0","0","0","0","0","0","0","0","0","2","0","0","0","4","6","1","2","1","0","4","12","5","1","0","4","2","3","1","2","0","0","0","3","10","7","7","0","0","bulk-1.27-teamid-from-league-list","0","0","0"
"3.6","Petronas Eagles vs Drużyna Pierścienia 0:3","1216005","2026-09-01 17:00","Orle Gniazdo","Drużyna Pierścienia","141064","Rouleau, Archibald","2088378","0","-1","11","1","0","58","0","0","0","0","0","4","1","0","3","1","25","0","0","0","0","0","0","5","18","7","7","25","4","7","7","7","-0.6","","1","1","0","1","0","1","5","18","0","0","3","0","0","2","58","51.8","0","0","0","0","0","0","0","0","0","0","0","0","0","0","0","0","0","0","0","0","0","0","0","0","0","0","0","0","0","0","7","7","0","0","11","25","0","0","0","0","0","0","0","0","0","0","0","1","1","0","0","0","0","1","0","30","0","0","0","bulk-1.27-teamid-from-league-list","0","0","0"
"3.6","Petronas Eagles vs Drużyna Pierścienia 0:3","1216005","2026-09-01 17:00","Orle Gniazdo","Drużyna Pierścienia","141064","Vatra, Kornel","1950900","0","-1","3","1","0","56.5","0","0","0","0","0","7","4","1","3","2","43","0","0","0","0","0","0","3","22","12","6","37","4","11","12","10","0.6","","2","2","0","1","0","0","3","22","0","0","3","0","0","0","56.5","53","0","0","0","0","0","0","0","0","0","0","0","0","0","0","0","0","0","0","0","0","0","0","0","0","0","0","0","0","0","0","12","6","0","2","17","37","0","0","0","0","0","1","1","0","0","0","0","2","1","0","0","0","1","1","31","0","0","0","0","bulk-1.27-teamid-from-league-list","0","0","0"
"3.6","Petronas Eagles vs Drużyna Pierścienia 0:3","1216005","2026-09-01 17:00","Orle Gniazdo","Drużyna Pierścienia","141064","Antoni, Giovanni","1744950","0","0","5","0","0","52.1","1","0","0","0","0","4","4","2","0","0","50","4","0","100","2","50","0","8","15","0","0","0","0","0","0","0","4","","0","0","0","0","0","0","8","15","0","0","8","0","0","0","52.1","46.4","0","0","0","0","0","0","0","0","0","0","1","1","0","0","0","0","0","0","0","0","0","0","0","0","0","0","0","0","0","0","0","0","0","0","0","0","0","1","3","0","4","2","0","1","0","1","0","0","0","0","0","0","0","1","0","0","11","0","0","bulk-1.27-teamid-from-league-list","0","0","0"
"3.6","Krakowskie Motyle vs AMRO Team Szubin 0:3","1216006","2026-09-01 17:00","Smieszene Woleje","Krakowskie Motyle","131013","Janasik, Franciszek","1646060","0","0","3","0","0","61.2","1","0","0","0","0","18","12","0","6","2","11","0","0","0","0","0","0","1","13","5","31","66","0","9","26","31","0.8","{""sets"":[{""h"":4,""a"":25},{""h"":6,""a"":25},{""h"":4,""a"":25}],""parsedSets"":[{""rallies"":[{""type"":""end"",""score"":""4 : 25"",""txt"":""Koniec seta 0 : 1""},{""type"":""end"",""score"":""4 : 25"",""txt"":""Koniec seta 0 : 1""},{""type"":""rally"",""score"":""4 : 25"",""speed"":""52.5 km/h"",""res"":""Punkt: K. Dobak""},{""type"":""rally"",""score"":""4 : 24"",""speed"":""42.1 km/h"",""res"":""Punkt: M. Korczyński""},{""type"":""rally"",""score"":""4 : 23"",""speed"":""45.7 km/h"",""res"":""Punkt: A. Szwarc""},{""type"":""rally"",""score"":""4 : 22"",""speed"":""65.9 km/h"",""res"":""Punkt: K. Dobak""},{""type"":""rally"",""score"":""4 : 21"",""speed"":""60.4 km/h"",""res"":""Punkt: M. Drzyzga""},{""type"":""rally"",""score"":""4 : 20"",""speed"":""62.0 km/h"",""res"":""Punkt: M. Korczyński""},{""type"":""rally"",""score"":""4 : 19"",""speed"":""52.4 km/h"",""res"":""Punkt: M. Drzyzga""},{""type"":""rally"",""score"":""4 : 18"",""speed"":""46.2 km/h"",""res"":""Punkt: M. Korczyński""},{""type"":""rally"",""score"":""4 : 17"",""speed"":""45.3 km/h"",""res"":""Punkt: A. Szwarc""},{""type"":""rally"",""score"":""4 : 16"",""speed"":""46.1 km/h"",""res"":""Błąd: A. Szwarc""},{""type"":""rally"",""score"":""3 : 16"",""speed"":""58.1 km/h"",""res"":""Punkt: P. Wilga""},{""type"":""tmo"",""score"":""2 : 16"",""txt"":""Czas dla: ""},{""type"":""rally"",""score"":""2 : 16"",""speed"":""52.0 km/h"",""res"":""Punkt: P. Kurzeja""},{""type"":""rally"",""score"":""2 : 15"",""speed"":""52.3 km/h"",""res"":""Punkt: M. Korczyński""},{""type"":""rally"",""score"":""2 : 14"",""speed"":""55.0 km/h"",""res"":""Punkt: E. Kamiński""},{""type"":""rally"",""score"":""1 : 14"",""speed"":""-"",""res"":""Błąd: K. Badora""},{""type"":""rally"",""score"":""1 : 13"",""speed"":""62.7 km/h"",""res"":""Punkt: E. Kamiński""},{""type"":""rally"",""score"":""0 : 13"",""speed"":""45.8 km/h"",""res"":""Punkt: M. Drzyzga""},{""type"":""rally"",""score"":""0 : 12"",""speed"":""65.2 km/h"",""res"":""Punkt: A. Szwarc""},{""type"":""rally"",""score"":""0 : 11"",""speed"":""53.9 km/h"",""res"":""Punkt: M. Drzyzga""},{""type"":""rally"",""score"":""0 : 10"",""speed"":""42.0 km/h"",""res"":""Punkt: P. Kurzeja""},{""type"":""rally"",""score"":""0 : 9"",""speed"":""57.1 km/h"",""res"":""Punkt: A. Szwarc""},{""type"":""tmo"",""score"":""0 : 8"",""txt"":""Czas dla: ""},{""type"":""rally"",""score"":""0 : 8"",""speed"":""48.2 km/h"",""res"":""Punkt: P. Kurzeja""},{""type"":""rally"",""score"":""0 : 7"",""speed"":""49.4 km/h"",""res"":""Błąd: P. Wilga""},{""type"":""rally"",""score"":""0 : 6"",""speed"":""61.4 km/h"",""res"":""Punkt: A. Szwarc""},{""type"":""tmo"",""score"":""0 : 5"",""txt"":""Czas dla: Krakowskie Motyle""},{""type"":""rally"",""score"":""0 : 5"",""speed"":""53.8 km/h"",""res"":""Błąd: K. Badora""},{""type"":""rally"",""score"":""0 : 4"",""speed"":""52.9 km/h"",""res"":""Punkt: M. Drzyzga""},{""type"":""rally"",""score"":""0 : 3"",""speed"":""58.8 km/h"",""res"":""Punkt: J. Kmieć""},{""type"":""tmo"",""score"":""0 : 2"",""txt"":""Czas dla: AMRO Team Szubin""},{""type"":""rally"",""score"":""0 : 2"",""speed"":""44.7 km/h"",""res"":""Punkt: J. Kmieć""},{""type"":""tmo"",""score"":""0 : 1"",""txt"":""Czas dla: Krakowskie Motyle""},{""type"":""rally"",""score"":""0 : 1"",""speed"":""61.2 km/h"",""res"":""Punkt: P. Kurzeja""}]},{""rallies"":[{""type"":""end"",""score"":""6 : 25"",""txt"":""Koniec seta 0 : 2""},{""type"":""end"",""score"":""6 : 25"",""txt"":""Koniec seta 0 : 2""},{""type"":""rally"",""score"":""6 : 25"",""speed"":""45.5 km/h"",""res"":""Punkt: J. Trzeciak""},{""type"":""rally"",""score"":""6 : 24"",""speed"":""57.0 km/h"",""res"":""Punkt: J. Kmieć""},{""type"":""rally"",""score"":""6 : 23"",""speed"":""58.6 km/h"",""res"":""Punkt: M. Drzyzga""},{""type"":""rally"",""score"":""6 : 22"",""speed"":""48.3 km/h"",""res"":""Błąd: P. Wilga""},{""type"":""rally"",""score"":""6 : 21"",""speed"":""55.1 km/h"",""res"":""Punkt: J. Kmieć""},{""type"":""rally"",""score"":""6 : 20"",""speed"":""55.9 km/h"",""res"":""Punkt: P. Kurzeja""},{""type"":""rally"",""score"":""6 : 19"",""speed"":""42.6 km/h"",""res"":""Punkt: M. Drzyzga""},{""type"":""rally"",""score"":""6 : 18"",""speed"":""51.2 km/h"",""res"":""Punkt: M. Drzyzga""},{""type"":""rally"",""score"":""6 : 17"",""speed"":""59.0 km/h"",""res"":""Punkt: P. Wilga""},{""type"":""rally"",""score"":""5 : 17"",""speed"":""49.2 km/h"",""res"":""Punkt: M. Drzyzga""},{""type"":""tmo"",""score"":""5 : 16"",""txt"":""Czas dla: ""},{""type"":""rally"",""score"":""5 : 16"",""speed"":""47.7 km/h"",""res"":""Punkt: P. Kurzeja""},{""type"":""rally"",""score"":""5 : 15"",""speed"":""60.2 km/h"",""res"":""Błąd: A. Szwarc""},{""type"":""rally"",""score"":""4 : 15"",""speed"":""43.7 km/h"",""res"":""Punkt: A. Szwarc""},{""type"":""rally"",""score"":""4 : 14"",""speed"":""44.0 km/h"",""res"":""Błąd: J. Trzeciak""},{""type"":""rally"",""score"":""3 : 14"",""speed"":""49.7 km/h"",""res"":""Punkt: P. Kurzeja""},{""type"":""rally"",""score"":""3 : 13"",""speed"":""43.7 km/h"",""res"":""Punkt: J. Trzeciak""},{""type"":""rally"",""score"":""3 : 12"",""speed"":""53.6 km/h"",""res"":""Punkt: A. Szwarc""},{""type"":""rally"",""score"":""3 : 11"",""speed"":""48.7 km/h"",""res"":""Punkt: M. Korczyński""},{""type"":""rally"",""score"":""3 : 10"",""speed"":""45.1 km/h"",""res"":""Punkt: E. Kamiński""},{""type"":""rally"",""score"":""2 : 10"",""speed"":""42.5 km/h"",""res"":""Punkt: M. Korczyński""},{""type"":""rally"",""score"":""2 : 9"",""speed"":""56.1 km/h"",""res"":""Punkt: P. Kurzeja""},{""type"":""tmo"",""score"":""2 : 8"",""txt"":""Czas dla: ""},{""type"":""rally"",""score"":""2 : 8"",""speed"":""52.8 km/h"",""res"":""Punkt: M. Drzyzga""},{""type"":""rally"",""score"":""2 : 7"",""speed"":""50.9 km/h"",""res"":""Punkt: P. Kurzeja""},{""type"":""rally"",""score"":""2 : 6"",""speed"":""-"",""res"":""Błąd: M. Drzyzga""},{""type"":""rally"",""score"":""1 : 6"",""speed"":""61.1 km/h"",""res"":""Punkt: P. Kurzeja""},{""type"":""tmo"",""score"":""1 : 5"",""txt"":""Czas dla: Krakowskie Motyle""},{""type"":""rally"",""score"":""1 : 5"",""speed"":""57.9 km/h"",""res"":""Punkt: P. Kurzeja""},{""type"":""rally"",""score"":""1 : 4"",""speed"":""59.3 km/h"",""res"":""Punkt: P. Kurzeja""},{""type"":""rally"",""score"":""1 : 3"",""speed"":""47.7 km/h"",""res"":""Punkt: P. Kurzeja""},{""type"":""rally"",""score"":""1 : 2"",""speed"":""43.0 km/h"",""res"":""Punkt: P. Kurzeja""},{""type"":""tmo"",""score"":""1 : 1"",""txt"":""Czas dla: AMRO Team Szubin""},{""type"":""rally"",""score"":""1 : 1"",""speed"":""47.3 km/h"",""res"":""Punkt: A. Szwarc""},{""type"":""chg"",""score"":""1 : 0"",""txt"":""Zmiana: J. Trzeciak ⇄ K. Dobak""},{""type"":""chg"",""score"":""1 : 0"",""txt"":""Zmiana: V. Bueno ⇄ N. Dolabela""},{""type"":""tmo"",""score"":""1 : 0"",""txt"":""Czas dla: Krakowskie Motyle""},{""type"":""rally"",""score"":""1 : 0"",""speed"":""59.6 km/h"",""res"":""Punkt: M. Piotr""}]},{""rallies"":[{""type"":""end"",""score"":""4 : 25"",""txt"":""Koniec seta 0 : 3""},{""type"":""end"",""score"":""4 : 25"",""txt"":""Koniec seta 0 : 3""},{""type"":""rally"",""score"":""4 : 25"",""speed"":""62.3 km/h"",""res"":""Punkt: J. Kmieć""},{""type"":""rally"",""score"":""4 : 24"",""speed"":""49.1 km/h"",""res"":""Punkt: M. Korczyński""},{""type"":""rally"",""score"":""4 : 23"",""speed"":""-"",""res"":""Błąd: A. Szwarc""},{""type"":""rally"",""score"":""3 : 23"",""speed"":""48.9 km/h"",""res"":""Punkt: P. Kurzeja""},{""type"":""rally"",""score"":""3 : 22"",""speed"":""48.8 km/h"",""res"":""Błąd: P. Kurzeja""},{""type"":""rally"",""score"":""2 : 22"",""speed"":""56.7 km/h"",""res"":""Punkt: P. Kurzeja""},{""type"":""rally"",""score"":""2 : 21"",""speed"":""48.3 km/h"",""res"":""Punkt: P. Kurzeja""},{""type"":""rally"",""score"":""2 : 20"",""speed"":""57.7 km/h"",""res"":""Punkt: M. Korczyński""},{""type"":""rally"",""score"":""2 : 19"",""speed"":""56.1 km/h"",""res"":""Punkt: A. Szwarc""},{""type"":""rally"",""score"":""2 : 18"",""speed"":""47.0 km/h"",""res"":""Punkt: M. Korczyński""},{""type"":""rally"",""score"":""2 : 17"",""speed"":""48.7 km/h"",""res"":""Błąd: F. Kujawka""},{""type"":""tmo"",""score"":""2 : 16"",""txt"":""Czas dla: ""},{""type"":""rally"",""score"":""2 : 16"",""speed"":""55.6 km/h"",""res"":""Punkt: A. Szwarc""},{""type"":""rally"",""score"":""2 : 15"",""speed"":""54.6 km/h"",""res"":""Punkt: M. Korczyński""},{""type"":""rally"",""score"":""2 : 14"",""speed"":""48.1 km/h"",""res"":""Punkt: A. Szwarc""},{""type"":""rally"",""score"":""2 : 13"",""speed"":""53.3 km/h"",""res"":""Punkt: M. Drzyzga""},{""type"":""rally"",""score"":""2 : 12"",""speed"":""-"",""res"":""Błąd: J. Kmieć""},{""type"":""rally"",""score"":""1 : 12"",""speed"":""45.6 km/h"",""res"":""Punkt: M. Korczyński""},{""type"":""rally"",""score"":""1 : 11"",""speed"":""53.9 km/h"",""res"":""Punkt: M. Drzyzga""},{""type"":""rally"",""score"":""1 : 10"",""speed"":""52.4 km/h"",""res"":""Punkt: M. Korczyński""},{""type"":""rally"",""score"":""1 : 9"",""speed"":""43.8 km/h"",""res"":""Punkt: M. Drzyzga""},{""type"":""tmo"",""score"":""1 : 8"",""txt"":""Czas dla: ""},{""type"":""rally"",""score"":""1 : 8"",""speed"":""52.7 km/h"",""res"":""Punkt: M. Korczyński""},{""type"":""rally"",""score"":""1 : 7"",""speed"":""53.2 km/h"",""res"":""Punkt: A. Szwarc""},{""type"":""rally"",""score"":""1 : 6"",""speed"":""51.3 km/h"",""res"":""Punkt: P. Kurzeja""},{""type"":""rally"",""score"":""1 : 5"",""speed"":""44.6 km/h"",""res"":""Błąd: M. Drzyzga""},{""type"":""tmo"",""score"":""0 : 5"",""txt"":""Czas dla: Krakowskie Motyle""},{""type"":""rally"",""score"":""0 : 5"",""speed"":""49.4 km/h"",""res"":""Punkt: M. Drzyzga""},{""type"":""rally"",""score"":""0 : 4"",""speed"":""68.2 km/h"",""res"":""Punkt: M. Drzyzga""},{""type"":""rally"",""score"":""0 : 3"",""speed"":""46.7 km/h"",""res"":""Punkt: J. Kmieć""},{""type"":""tmo"",""score"":""0 : 2"",""txt"":""Czas dla: AMRO Team Szubin""},{""type"":""rally"",""score"":""0 : 2"",""speed"":""65.8 km/h"",""res"":""Punkt: M. Drzyzga""},{""type"":""chg"",""score"":""0 : 1"",""txt"":""Zmiana: J. Trzeciak ⇄ K. Dobak""},{""type"":""chg"",""score"":""0 : 1"",""txt"":""Zmiana: V. Bueno ⇄ N. Dolabela""},{""type"":""tmo"",""score"":""0 : 1"",""txt"":""Czas dla: Krakowskie Motyle""},{""type"":""rally"",""score"":""0 : 1"",""speed"":""55.6 km/h"",""res"":""Punkt: J. Kmieć""}]}]}","1","1","1","5","0","0","1","13","0","0","1","0","0","0","61.2","56","0","0","0","0","1","1","0","0","0","0","0","0","0","0","0","0","0","0","0","0","0","0","0","0","0","0","0","0","0","0","5","31","5","4","21","66","0","0","0","0","0","0","0","0","0","0","0","2","0","2","0","0","0","3","23","25","20","0","0","bulk-1.27-teamid-from-league-list","0","0","0"
"3.6","Krakowskie Motyle vs AMRO Team Szubin 0:3","1216006","2026-09-01 17:00","Smieszene Woleje","Krakowskie Motyle","131013","Badora, Ksawery","1685754","1","-15","3","1","0","51.3","21","12","1","5","-52","11","6","2","5","0","18","18","3","83","0","0","0","4","17","0","0","0","0","0","0","0","-25.8","","0","0","0","5","0","0","4","17","0","0","4","0","0","0","51.3","49.3","0","1","2","0","2","5","0","0","0","0","0","0","0","0","2","0","3","5","0","0","0","0","0","0","0","0","7","1","3","11","0","0","0","0","0","0","0","2","6","7","15","1","0","0","0","0","1","0","0","0","0","0","0","3","13","11","13","0","0","bulk-1.27-teamid-from-league-list","0","0","0"
"3.6","Krakowskie Motyle vs AMRO Team Szubin 0:3","1216006","2026-09-01 17:00","Smieszene Woleje","Krakowskie Motyle","131013","Piotr, Miłosz","1646066","1","-2","3","0","0","53.3","5","3","1","20","-40","7","2","0","5","0","0","0","0","0","0","0","0","6","24","0","0","0","0","0","0","0","-2.5","","0","0","0","5","0","0","6","24","0","0","6","0","0","0","53.3","52.2","0","0","0","0","1","1","0","0","2","0","0","2","0","0","0","0","0","0","1","0","1","0","0","2","0","0","0","0","0","0","0","0","0","0","0","0","0","0","0","0","0","0","0","0","0","0","0","0","0","0","0","0","0","3","2","4","2","0","0","bulk-1.27-teamid-from-league-list","0","0","0"
"3.6","Krakowskie Motyle vs AMRO Team Szubin 0:3","1216006","2026-09-01 17:00","Smieszene Woleje","Krakowskie Motyle","131013","Kamiński, Eryk","1685753","6","-3","4","0","0","48.9","19","9","5","26","-21","5","3","0","2","1","20","0","0","0","0","0","1","8","33","0","0","0","0","0","0","0","-4.3","","0","0","1","2","0","0","8","33","1","1","8","0","0","0","48.9","47.3","0","0","0","0","1","1","0","0","2","2","1","5","2","0","6","0","2","10","0","0","0","0","0","0","0","0","1","1","1","3","0","0","0","0","0","0","0","0","0","0","0","0","0","0","0","0","0","1","0","0","0","1","0","3","9","8","9","0","0","bulk-1.27-teamid-from-league-list","0","0","0"
"3.6","Krakowskie Motyle vs AMRO Team Szubin 0:3","1216006","2026-09-01 17:00","Smieszene Woleje","Krakowskie Motyle","131013","Wilga, Piotr","1685752","4","-8","2","0","0","49.1","20","10","4","20","-30","7","3","0","4","0","0","27","2","93","3","11","0","2","29","0","0","0","0","0","0","0","-5.8","","0","0","0","4","0","0","2","29","0","0","2","0","0","0","49.1","46.4","0","0","0","1","1","2","0","0","2","1","0","3","1","0","4","0","4","9","0","0","0","0","0","0","1","2","2","0","1","6","0","0","0","0","0","0","0","3","12","10","25","0","0","0","0","0","0","0","0","0","0","0","0","3","15","15","15","0","0","bulk-1.27-teamid-from-league-list","0","0","0"
"3.6","Krakowskie Motyle vs AMRO Team Szubin 0:3","1216006","2026-09-01 17:00","Smieszene Woleje","Krakowskie Motyle","131013","Kujawka, Fabian","1646068","0","-2","1","0","0","47.7","3","2","0","0","-67","1","0","0","1","0","0","0","0","0","0","0","0","2","22","0","0","0","0","0","0","0","-3","","0","0","0","1","0","0","2","22","0","0","2","0","0","0","47.7","47.7","0","0","0","0","0","0","0","0","0","0","0","0","0","0","0","0","0","0","0","1","1","0","1","3","0","0","0","0","0","0","0","0","0","0","0","0","0","0","0","0","0","0","0","0","0","0","0","0","0","0","0","0","0","2","0","3","1","0","0","bulk-1.27-teamid-from-league-list","0","0","0"
"3.6","Krakowskie Motyle vs AMRO Team Szubin 0:3","1216006","2026-09-01 17:00","Smieszene Woleje","Krakowskie Motyle","131013","Korzonek, Michał","1710171","0","-3","0","0","0","0","0","0","0","0","0","20","15","1","5","1","10","25","3","88","1","4","0","0","0","0","1","2","0","0","0","2","4.4","","1","1","0","4","0","0","0","0","0","0","0","0","0","0","0","0","0","0","0","0","0","0","0","0","0","0","0","0","0","0","0","0","0","0","0","0","0","0","0","0","0","0","0","0","0","0","0","1","1","0","0","2","0","3","7","12","22","1","1","0","0","0","0","1","0","0","0","1","0","3","11","16","11","0","0","bulk-1.27-teamid-from-league-list","0","0","0"
"3.6","Krakowskie Motyle vs AMRO Team Szubin 0:3","1216006","2026-09-01 17:00","Smieszene Woleje","AMRO Team Szubin","128610","Dobak, Konrad","1725307","2","2","1","0","0","59.6","0","0","0","0","0","3","2","1","1","1","67","0","0","0","0","0","2","6","9","10","0","15","9","4","2","0","7.2","","1","1","0","0","0","0","6","9","2","0","4","0","0","2","59.6","59.6","0","0","0","0","0","0","0","0","0","0","0","0","0","0","0","0","0","0","0","0","0","0","0","0","0","0","0","0","0","0","10","0","1","1","3","15","0","0","0","0","0","1","0","1","0","0","0","1","1","0","0","0","0","3","14","1","1","0","0","bulk-1.27-teamid-from-league-list","0","0","0"
"3.6","Krakowskie Motyle vs AMRO Team Szubin 0:3","1216006","2026-09-01 17:00","Smieszene Woleje","AMRO Team Szubin","128610","Drzyzga, Marcin","1975338","16","15","24","1","4","65.2","12","0","10","83","83","9","5","5","4","3","89","9","0","100","9","100","2","14","19","0","0","0","0","0","0","0","66","","3","3","0","0","0","1","14","19","2","0","10","0","0","4","68.2","53.9","0","0","0","0","0","0","1","0","0","0","0","1","3","0","0","0","0","3","0","0","0","0","0","0","6","0","0","0","2","8","0","0","0","0","0","0","8","1","0","0","9","5","4","0","0","0","1","3","2","0","1","0","0","3","18","17","11","0","0","bulk-1.27-teamid-from-league-list","0","0","0"
"3.6","Krakowskie Motyle vs AMRO Team Szubin 0:3","1216006","2026-09-01 17:00","Smieszene Woleje","AMRO Team Szubin","128610","Kmieć, Jerzy","1949541","8","6","12","1","0","56.1","3","1","2","67","33","6","2","0","4","3","50","0","0","0","0","0","6","27","31","0","0","0","0","0","0","0","20.7","","1","1","1","2","1","1","27","31","5","0","13","1","0","14","56.1","50.3","0","0","0","0","0","0","0","0","1","0","0","1","0","0","0","0","0","0","2","0","0","0","0","2","0","0","0","0","0","0","0","0","0","0","0","0","0","0","0","0","0","0","0","0","0","0","0","3","3","0","0","0","0","3","5","8","10","0","0","bulk-1.27-teamid-from-league-list","0","0","0"
"3.6","Krakowskie Motyle vs AMRO Team Szubin 0:3","1216006","2026-09-01 17:00","Smieszene Woleje","AMRO Team Szubin","128610","Kurzeja, Paweł","1927619","22","22","16","0","2","58.1","13","0","13","100","100","9","3","2","6","5","78","0","0","0","0","0","7","29","40","0","0","0","0","0","0","0","76.6","","1","1","0","0","4","5","29","40","4","0","15","3","1","14","58.1","51.4","0","0","0","0","0","0","1","0","0","1","0","2","7","0","0","0","0","7","0","0","0","0","0","0","4","0","0","0","0","4","0","0","0","0","0","0","0","0","0","0","0","2","2","0","0","0","0","5","4","0","0","0","1","3","8","13","15","0","0","bulk-1.27-teamid-from-league-list","0","0","0"
"3.6","Krakowskie Motyle vs AMRO Team Szubin 0:3","1216006","2026-09-01 17:00","Smieszene Woleje","AMRO Team Szubin","128610","Szwarc, Adrian","1929456","12","10","10","1","1","65.9","12","1","9","75","67","3","1","0","2","1","33","1","0","100","1","100","2","35","49","0","0","0","0","0","0","0","39.1","","0","0","0","0","1","2","35","49","2","1","21","0","0","14","65.9","54.2","0","0","0","0","1","1","0","0","0","0","0","0","8","1","0","0","0","9","0","0","0","0","0","0","1","0","0","0","1","2","0","0","0","0","0","0","1","0","0","0","1","0","0","0","0","0","0","1","1","0","0","0","0","3","13","7","7","0","0","bulk-1.27-teamid-from-league-list","0","0","0"
"3.6","Krakowskie Motyle vs AMRO Team Szubin 0:3","1216006","2026-09-01 17:00","Smieszene Woleje","AMRO Team Szubin","128610","Korczyński, Mateusz","1744800","17","17","3","0","0","62.3","6","0","5","83","83","1","0","0","1","1","100","0","0","0","0","0","12","34","37","0","0","0","0","0","0","0","46.4","","0","0","0","0","1","1","34","37","8","1","19","4","3","15","62.3","56.8","0","0","0","0","1","1","1","0","0","0","0","1","0","0","0","0","0","0","4","0","0","0","0","4","0","0","0","0","0","0","0","0","0","0","0","0","0","0","0","0","0","0","0","0","0","0","0","1","1","0","0","0","0","3","4","7","13","0","0","bulk-1.27-teamid-from-league-list","0","0","0"
"3.6","Krakowskie Motyle vs AMRO Team Szubin 0:3","1216006","2026-09-01 17:00","Smieszene Woleje","AMRO Team Szubin","128610","Dolabela, Neilton","1903889","0","0","0","0","0","0","0","0","0","0","0","3","3","3","0","0","100","3","0","100","0","0","0","0","0","1","1","2","1","0","0","1","3.6","","0","0","0","0","0","0","0","0","0","0","0","0","0","0","0","0","0","0","0","0","0","0","0","0","0","0","0","0","0","0","0","0","0","0","0","0","0","0","0","0","0","0","0","0","0","0","1","1","0","0","0","2","2","1","0","0","3","3","2","0","0","1","0","0","0","0","0","0","0","1","7","1","0","0","0","bulk-1.27-teamid-from-league-list","0","0","0"
"3.6","Krakowskie Motyle vs AMRO Team Szubin 0:3","1216006","2026-09-01 17:00","Smieszene Woleje","AMRO Team Szubin","128610","Bueno, Vicente","2004331","0","0","0","0","0","0","0","0","0","0","0","3","3","3","0","0","100","2","0","100","2","100","0","0","0","3","0","3","2","1","0","0","4","","0","0","0","0","0","0","0","0","0","0","0","0","0","0","0","0","0","0","0","0","0","0","0","0","0","0","0","0","0","0","0","0","0","0","0","0","0","0","0","0","0","0","0","0","0","0","3","0","0","0","0","3","2","0","0","0","2","3","3","0","0","0","0","0","0","0","0","0","0","2","0","4","4","0","0","bulk-1.27-teamid-from-league-list","0","0","0"
"3.6","Krakowskie Motyle vs AMRO Team Szubin 0:3","1216006","2026-09-01 17:00","Smieszene Woleje","AMRO Team Szubin","128610","Trzeciak, Jakub","2060688","2","2","7","0","1","58.6","0","0","0","0","0","4","2","2","2","1","75","0","0","0","0","0","1","15","19","24","0","26","21","2","0","3","8","","0","0","0","0","1","2","15","19","1","0","8","0","0","7","58.6","51.9","0","0","0","0","0","0","0","0","0","0","0","0","0","0","0","0","0","0","0","0","0","0","0","0","0","0","0","0","0","0","24","0","0","0","2","26","0","0","0","0","0","2","2","0","0","0","0","1","1","0","0","0","0","2","0","22","13","0","0","bulk-1.27-teamid-from-league-list","0","0","0"
"3.6","AMRO Team Szubin vs Libero Gorzków 0:3","1216007","2026-09-03 17:00","Hala","AMRO Team Szubin","128610","Trzeciak, Jakub","2060688","2","2","6","0","0","53.3","0","0","0","0","0","15","7","0","8","3","20","0","0","0","0","0","2","10","29","24","12","66","8","19","20","19","7.2","{""sets"":[{""h"":16,""a"":25},{""h"":19,""a"":25},{""h"":19,""a"":25}],""parsedSets"":[{""rallies"":[{""type"":""end"",""score"":""16 : 25"",""txt"":""Koniec seta 0 : 1""},{""type"":""end"",""score"":""16 : 25"",""txt"":""Koniec seta 0 : 1""},{""type"":""rally"",""score"":""16 : 25"",""speed"":""43.7 km/h"",""res"":""Punkt: M. Grab""},{""type"":""rally"",""score"":""16 : 24"",""speed"":""43.6 km/h"",""res"":""Punkt: T. Pincella""},{""type"":""chg"",""score"":""15 : 24"",""txt"":""Zmiana: M. Grab ⇄ A. Marante""},{""type"":""rally"",""score"":""15 : 24"",""speed"":""56.1 km/h"",""res"":""Błąd: T. Pincella""},{""type"":""rally"",""score"":""15 : 23"",""speed"":""47.6 km/h"",""res"":""Punkt: G. Marandel""},{""type"":""rally"",""score"":""15 : 22"",""speed"":""53.9 km/h"",""res"":""Punkt: T. Pincella""},{""type"":""rally"",""score"":""14 : 22"",""speed"":""58.7 km/h"",""res"":""Punkt: A. Marante""},{""type"":""rally"",""score"":""14 : 21"",""speed"":""44.2 km/h"",""res"":""Punkt: G. Marandel""},{""type"":""rally"",""score"":""14 : 20"",""speed"":""46.8 km/h"",""res"":""Punkt: M. Drzyzga""},{""type"":""rally"",""score"":""13 : 20"",""speed"":""56.0 km/h"",""res"":""Punkt: P. Kurzeja""},{""type"":""rally"",""score"":""12 : 20"",""speed"":""64.4 km/h"",""res"":""Punkt: S. Kuczyński""},{""type"":""rally"",""score"":""12 : 19"",""speed"":""48.9 km/h"",""res"":""Punkt: J. Kmieć""},{""type"":""rally"",""score"":""11 : 19"",""speed"":""51.8 km/h"",""res"":""Punkt: A. Sepp""},{""type"":""rally"",""score"":""11 : 18"",""speed"":""45.7 km/h"",""res"":""Punkt: J. Järventie""},{""type"":""rally"",""score"":""11 : 17"",""speed"":""46.3 km/h"",""res"":""Punkt: J. Järventie""},{""type"":""tmo"",""score"":""11 : 16"",""txt"":""Czas dla: ""},{""type"":""rally"",""score"":""11 : 16"",""speed"":""54.3 km/h"",""res"":""Punkt: B. Veikat""},{""type"":""chg"",""score"":""11 : 15"",""txt"":""Zmiana: A. Sepp ⇄ S. Lopilato""},{""type"":""chg"",""score"":""11 : 15"",""txt"":""Zmiana: A. Marante ⇄ M. Grab""},{""type"":""rally"",""score"":""11 : 15"",""speed"":""44.4 km/h"",""res"":""Punkt: S. Kuczyński""},{""type"":""rally"",""score"":""11 : 14"",""speed"":""-"",""res"":""Błąd: P. Kurzeja""},{""type"":""rally"",""score"":""11 : 13"",""speed"":""44.2 km/h"",""res"":""Punkt: J. Kmieć""},{""type"":""rally"",""score"":""10 : 13"",""speed"":""57.8 km/h"",""res"":""Punkt: S. Lopilato""},{""type"":""rally"",""score"":""10 : 12"",""speed"":""50.5 km/h"",""res"":""Punkt: M. Grab""},{""type"":""rally"",""score"":""10 : 11"",""speed"":""-"",""res"":""Błąd: G. Marandel""},{""type"":""rally"",""score"":""9 : 11"",""speed"":""44.8 km/h"",""res"":""Punkt: G. Marandel""},{""type"":""rally"",""score"":""9 : 10"",""speed"":""54.2 km/h"",""res"":""Punkt: P. Kurzeja""},{""type"":""rally"",""score"":""8 : 10"",""speed"":""52.1 km/h"",""res"":""Punkt: M. Grab""},{""type"":""rally"",""score"":""8 : 9"",""speed"":""53.3 km/h"",""res"":""Punkt: S. Kuczyński""},{""type"":""rally"",""score"":""8 : 8"",""speed"":""53.3 km/h"",""res"":""Punkt: J. Järventie""},{""type"":""tmo"",""score"":""8 : 7"",""txt"":""Czas dla: ""},{""type"":""rally"",""score"":""8 : 7"",""speed"":""52.0 km/h"",""res"":""Punkt: T. Pincella""},{""type"":""rally"",""score"":""7 : 7"",""speed"":""41.8 km/h"",""res"":""Punkt: J. Järventie""},{""type"":""rally"",""score"":""7 : 6"",""speed"":""63.3 km/h"",""res"":""Punkt: J. Kmieć""},{""type"":""rally"",""score"":""6 : 6"",""speed"":""57.8 km/h"",""res"":""Punkt: S. Lopilato""},{""type"":""rally"",""score"":""6 : 5"",""speed"":""50.9 km/h"",""res"":""Punkt: P. Kurzeja""},{""type"":""rally"",""score"":""5 : 5"",""speed"":""47.2 km/h"",""res"":""Punkt: S. Lopilato""},{""type"":""rally"",""score"":""5 : 4"",""speed"":""54.5 km/h"",""res"":""Błąd: S. Lopilato""},{""type"":""rally"",""score"":""4 : 4"",""speed"":""48.5 km/h"",""res"":""Punkt: S. Lopilato""},{""type"":""tmo"",""score"":""4 : 3"",""txt"":""Czas dla: Libero Gorzków""},{""type"":""rally"",""score"":""4 : 3"",""speed"":""-"",""res"":""Błąd: T. Pincella""},{""type"":""rally"",""score"":""4 : 2"",""speed"":""62.9 km/h"",""res"":""Błąd: M. Grab""},{""type"":""rally"",""score"":""3 : 2"",""speed"":""44.6 km/h"",""res"":""Punkt: M. Grab""},{""type"":""rally"",""score"":""3 : 1"",""speed"":""42.2 km/h"",""res"":""Punkt: P. Kurzeja""},{""type"":""rally"",""score"":""2 : 1"",""speed"":""67.0 km/h"",""res"":""Punkt: T. Pincella""},{""type"":""rally"",""score"":""1 : 1"",""speed"":""60.0 km/h"",""res"":""Punkt: A. Szwarc""},{""type"":""tmo"",""score"":""0 : 1"",""txt"":""Czas dla: AMRO Team Szubin""},{""type"":""rally"",""score"":""0 : 1"",""speed"":""44.2 km/h"",""res"":""Punkt: J. Järventie""}]},{""rallies"":[{""type"":""end"",""score"":""19 : 25"",""txt"":""Koniec seta 0 : 2""},{""type"":""end"",""score"":""19 : 25"",""txt"":""Koniec seta 0 : 2""},{""type"":""rally"",""score"":""19 : 25"",""speed"":""52.5 km/h"",""res"":""Punkt: J. Järventie""},{""type"":""rally"",""score"":""19 : 24"",""speed"":""46.0 km/h"",""res"":""Punkt: J. Järventie""},{""type"":""rally"",""score"":""19 : 23"",""speed"":""53.7 km/h"",""res"":""Punkt: S. Kuczyński""},{""type"":""rally"",""score"":""19 : 22"",""speed"":""58.1 km/h"",""res"":""Punkt: A. Sepp""},{""type"":""rally"",""score"":""19 : 21"",""speed"":""46.4 km/h"",""res"":""Punkt: M. Drzyzga""},{""type"":""rally"",""score"":""18 : 21"",""speed"":""61.5 km/h"",""res"":""Punkt: A. Sepp""},{""type"":""rally"",""score"":""18 : 20"",""speed"":""42.2 km/h"",""res"":""Punkt: A. Marante""},{""type"":""rally"",""score"":""18 : 19"",""speed"":""46.8 km/h"",""res"":""Punkt: J. Kmieć""},{""type"":""rally"",""score"":""17 : 19"",""speed"":""56.8 km/h"",""res"":""Punkt: A. Marante""},{""type"":""rally"",""score"":""17 : 18"",""speed"":""54.7 km/h"",""res"":""Punkt: A. Szwarc""},{""type"":""rally"",""score"":""16 : 18"",""speed"":""64.6 km/h"",""res"":""Punkt: J. Järventie""},{""type"":""rally"",""score"":""16 : 17"",""speed"":""52.2 km/h"",""res"":""Punkt: T. Pincella""},{""type"":""rally"",""score"":""15 : 17"",""speed"":""43.6 km/h"",""res"":""Błąd: K. Dobak""},{""type"":""rally"",""score"":""15 : 16"",""speed"":""52.8 km/h"",""res"":""Punkt: T. Pincella""},{""type"":""tmo"",""score"":""14 : 16"",""txt"":""Czas dla: ""},{""type"":""rally"",""score"":""14 : 16"",""speed"":""40.9 km/h"",""res"":""Punkt: J. Järventie""},{""type"":""rally"",""score"":""14 : 15"",""speed"":""49.8 km/h"",""res"":""Punkt: J. Kmieć""},{""type"":""chg"",""score"":""13 : 15"",""txt"":""Zmiana: A. Sepp ⇄ S. Lopilato""},{""type"":""chg"",""score"":""13 : 15"",""txt"":""Zmiana: A. Marante ⇄ M. Grab""},{""type"":""rally"",""score"":""13 : 15"",""speed"":""-"",""res"":""Błąd: A. Szwarc""},{""type"":""rally"",""score"":""13 : 14"",""speed"":""61.5 km/h"",""res"":""Punkt: K. Dobak""},{""type"":""rally"",""score"":""12 : 14"",""speed"":""51.5 km/h"",""res"":""Punkt: J. Kmieć""},{""type"":""rally"",""score"":""11 : 14"",""speed"":""46.8 km/h"",""res"":""Punkt: S. Lopilato""},{""type"":""rally"",""score"":""11 : 13"",""speed"":""49.0 km/h"",""res"":""Punkt: J. Kmieć""},{""type"":""rally"",""score"":""10 : 13"",""speed"":""54.1 km/h"",""res"":""Punkt: M. Grab""},{""type"":""rally"",""score"":""10 : 12"",""speed"":""56.5 km/h"",""res"":""Punkt: T. Pincella""},{""type"":""rally"",""score"":""9 : 12"",""speed"":""44.5 km/h"",""res"":""Punkt: J. Järventie""},{""type"":""rally"",""score"":""9 : 11"",""speed"":""49.9 km/h"",""res"":""Punkt: T. Pincella""},{""type"":""rally"",""score"":""8 : 11"",""speed"":""45.2 km/h"",""res"":""Punkt: S. Kuczyński""},{""type"":""rally"",""score"":""8 : 10"",""speed"":""63.0 km/h"",""res"":""Błąd: G. Marandel""},{""type"":""rally"",""score"":""7 : 10"",""speed"":""60.1 km/h"",""res"":""Punkt: A. Szwarc""},{""type"":""rally"",""score"":""6 : 10"",""speed"":""55.6 km/h"",""res"":""Punkt: J. Järventie""},{""type"":""rally"",""score"":""6 : 9"",""speed"":""56.2 km/h"",""res"":""Punkt: S. Kuczyński""},{""type"":""rally"",""score"":""6 : 8"",""speed"":""47.8 km/h"",""res"":""Punkt: J. Kmieć""},{""type"":""tmo"",""score"":""5 : 8"",""txt"":""Czas dla: ""},{""type"":""rally"",""score"":""5 : 8"",""speed"":""-"",""res"":""Błąd: A. Szwarc""},{""type"":""rally"",""score"":""5 : 7"",""speed"":""57.5 km/h"",""res"":""Punkt: J. Kmieć""},{""type"":""rally"",""score"":""4 : 7"",""speed"":""-"",""res"":""Błąd: M. Grab""},{""type"":""rally"",""score"":""3 : 7"",""speed"":""44.1 km/h"",""res"":""Punkt: M. Grab""},{""type"":""rally"",""score"":""3 : 6"",""speed"":""62.3 km/h"",""res"":""Punkt: J. Kmieć""},{""type"":""rally"",""score"":""2 : 6"",""speed"":""63.7 km/h"",""res"":""Punkt: M. Grab""},{""type"":""rally"",""score"":""2 : 5"",""speed"":""60.1 km/h"",""res"":""Punkt: M. Grab""},{""type"":""rally"",""score"":""2 : 4"",""speed"":""-"",""res"":""Błąd: S. Kuczyński""},{""type"":""rally"",""score"":""1 : 4"",""speed"":""46.0 km/h"",""res"":""Punkt: M. Grab""},{""type"":""tmo"",""score"":""1 : 3"",""txt"":""Czas dla: Libero Gorzków""},{""type"":""rally"",""score"":""1 : 3"",""speed"":""58.4 km/h"",""res"":""Punkt: M. Grab""},{""type"":""rally"",""score"":""1 : 2"",""speed"":""52.5 km/h"",""res"":""Punkt: M. Grab""},{""type"":""rally"",""score"":""1 : 1"",""speed"":""-"",""res"":""Błąd: B. Veikat""},{""type"":""chg"",""score"":""0 : 1"",""txt"":""Zmiana: V. Bueno ⇄ N. Dolabela""},{""type"":""chg"",""score"":""0 : 1"",""txt"":""Zmiana: K. Dobak ⇄ J. Trzeciak""},{""type"":""tmo"",""score"":""0 : 1"",""txt"":""Czas dla: AMRO Team Szubin""},{""type"":""rally"",""score"":""0 : 1"",""speed"":""54.4 km/h"",""res"":""Punkt: M. Grab""}]},{""rallies"":[{""type"":""end"",""score"":""19 : 25"",""txt"":""Koniec seta 0 : 3""},{""type"":""end"",""score"":""19 : 25"",""txt"":""Koniec seta 0 : 3""},{""type"":""rally"",""score"":""19 : 25"",""speed"":""52.5 km/h"",""res"":""Punkt: A. Sepp""},{""type"":""rally"",""score"":""19 : 24"",""speed"":""64.4 km/h"",""res"":""Punkt: J. Kmieć""},{""type"":""rally"",""score"":""18 : 24"",""speed"":""46.4 km/h"",""res"":""Punkt: A. Sepp""},{""type"":""rally"",""score"":""18 : 23"",""speed"":""56.4 km/h"",""res"":""Punkt: J. Järventie""},{""type"":""rally"",""score"":""18 : 22"",""speed"":""59.8 km/h"",""res"":""Punkt: T. Pincella""},{""type"":""rally"",""score"":""17 : 22"",""speed"":""65.5 km/h"",""res"":""Punkt: G. Marandel""},{""type"":""rally"",""score"":""17 : 21"",""speed"":""64.0 km/h"",""res"":""Punkt: T. Pincella""},{""type"":""rally"",""score"":""16 : 21"",""speed"":""42.7 km/h"",""res"":""Punkt: A. Marante""},{""type"":""rally"",""score"":""16 : 20"",""speed"":""-"",""res"":""Błąd: B. Veikat""},{""type"":""rally"",""score"":""15 : 20"",""speed"":""48.6 km/h"",""res"":""Punkt: J. Järventie""},{""type"":""rally"",""score"":""15 : 19"",""speed"":""44.6 km/h"",""res"":""Punkt: J. Järventie""},{""type"":""rally"",""score"":""15 : 18"",""speed"":""-"",""res"":""Błąd: A. Sepp""},{""type"":""rally"",""score"":""14 : 18"",""speed"":""43.3 km/h"",""res"":""Punkt: B. Veikat""},{""type"":""rally"",""score"":""14 : 17"",""speed"":""62.1 km/h"",""res"":""Punkt: J. Kmieć""},{""type"":""rally"",""score"":""13 : 17"",""speed"":""41.9 km/h"",""res"":""Punkt: J. Kmieć""},{""type"":""rally"",""score"":""12 : 17"",""speed"":""45.2 km/h"",""res"":""Punkt: A. Sepp""},{""type"":""rally"",""score"":""12 : 16"",""speed"":""58.7 km/h"",""res"":""Punkt: A. Szwarc""},{""type"":""tmo"",""score"":""11 : 16"",""txt"":""Czas dla: ""},{""type"":""rally"",""score"":""11 : 16"",""speed"":""53.9 km/h"",""res"":""Punkt: A. Marante""},{""type"":""rally"",""score"":""11 : 15"",""speed"":""61.9 km/h"",""res"":""Punkt: T. Pincella""},{""type"":""chg"",""score"":""10 : 15"",""txt"":""Zmiana: A. Sepp ⇄ S. Lopilato""},{""type"":""chg"",""score"":""10 : 15"",""txt"":""Zmiana: A. Marante ⇄ M. Grab""},{""type"":""rally"",""score"":""10 : 15"",""speed"":""66.7 km/h"",""res"":""Punkt: M. Grab""},{""type"":""rally"",""score"":""10 : 14"",""speed"":""51.8 km/h"",""res"":""Punkt: P. Kurzeja""},{""type"":""rally"",""score"":""9 : 14"",""speed"":""-"",""res"":""Błąd: S. Kuczyński""},{""type"":""rally"",""score"":""8 : 14"",""speed"":""53.0 km/h"",""res"":""Punkt: J. Järventie""},{""type"":""rally"",""score"":""8 : 13"",""speed"":""49.0 km/h"",""res"":""Punkt: P. Kurzeja""},{""type"":""rally"",""score"":""7 : 13"",""speed"":""54.1 km/h"",""res"":""Punkt: S. Kuczyński""},{""type"":""rally"",""score"":""7 : 12"",""speed"":""47.2 km/h"",""res"":""Błąd: T. Pincella""},{""type"":""rally"",""score"":""7 : 11"",""speed"":""58.6 km/h"",""res"":""Punkt: P. Kurzeja""},{""type"":""rally"",""score"":""6 : 11"",""speed"":""55.6 km/h"",""res"":""Punkt: J. Järventie""},{""type"":""rally"",""score"":""6 : 10"",""speed"":""47.2 km/h"",""res"":""Punkt: J. Kmieć""},{""type"":""rally"",""score"":""5 : 10"",""speed"":""42.7 km/h"",""res"":""Punkt: J. Järventie""},{""type"":""rally"",""score"":""5 : 9"",""speed"":""45.4 km/h"",""res"":""Błąd: M. Grab""},{""type"":""rally"",""score"":""4 : 9"",""speed"":""55.4 km/h"",""res"":""Punkt: J. Kmieć""},{""type"":""rally"",""score"":""3 : 9"",""speed"":""54.6 km/h"",""res"":""Punkt: J. Kmieć""},{""type"":""rally"",""score"":""2 : 9"",""speed"":""52.7 km/h"",""res"":""Punkt: J. Järventie""},{""type"":""tmo"",""score"":""2 : 8"",""txt"":""Czas dla: ""},{""type"":""rally"",""score"":""2 : 8"",""speed"":""50.8 km/h"",""res"":""Punkt: M. Grab""},{""type"":""rally"",""score"":""2 : 7"",""speed"":""50.0 km/h"",""res"":""Punkt: S. Lopilato""},{""type"":""rally"",""score"":""2 : 6"",""speed"":""58.7 km/h"",""res"":""Punkt: M. Grab""},{""type"":""rally"",""score"":""2 : 5"",""speed"":""66.8 km/h"",""res"":""Punkt: P. Kurzeja""},{""type"":""rally"",""score"":""1 : 5"",""speed"":""65.6 km/h"",""res"":""Punkt: M. Grab""},{""type"":""rally"",""score"":""1 : 4"",""speed"":""60.4 km/h"",""res"":""Punkt: M. Grab""},{""type"":""tmo"",""score"":""1 : 3"",""txt"":""Czas dla: Libero Gorzków""},{""type"":""rally"",""score"":""1 : 3"",""speed"":""44.8 km/h"",""res"":""Punkt: M. Grab""},{""type"":""rally"",""score"":""1 : 2"",""speed"":""57.2 km/h"",""res"":""Punkt: T. Pincella""},{""type"":""rally"",""score"":""0 : 2"",""speed"":""49.8 km/h"",""res"":""Punkt: J. Järventie""},{""type"":""chg"",""score"":""0 : 1"",""txt"":""Zmiana: V. Bueno ⇄ N. Dolabela""},{""type"":""tmo"",""score"":""0 : 1"",""txt"":""Czas dla: AMRO Team Szubin""},{""type"":""rally"",""score"":""0 : 1"",""speed"":""52.6 km/h"",""res"":""Punkt: J. Järventie""}]}]}","1","4","0","2","2","2","10","29","0","0","2","2","1","8","53.3","48.9","0","0","0","0","0","0","0","0","0","0","0","0","0","0","0","0","0","0","0","0","0","0","0","0","0","0","0","0","0","0","24","12","1","1","28","66","0","0","0","0","0","0","0","0","0","0","0","3","0","2","0","0","1","3","31","1","33","0","0","bulk-1.27-teamid-from-league-list","0","0","0"
"3.6","AMRO Team Szubin vs Libero Gorzków 0:3","1216007","2026-09-03 17:00","Hala","AMRO Team Szubin","128610","Drzyzga, Marcin","1975338","2","0","12","0","0","67","9","2","2","22","0","11","5","1","6","4","45","13","0","100","7","54","0","17","45","0","0","0","0","0","0","0","11.4","","4","4","0","2","0","0","17","45","0","0","8","0","0","9","67","52.7","0","0","1","0","2","3","1","0","1","0","1","3","1","0","0","0","2","3","0","0","0","0","0","0","0","0","0","0","0","0","0","0","0","0","0","0","2","6","1","4","13","1","0","1","0","0","0","4","1","3","0","0","0","3","11","13","14","0","0","bulk-1.27-teamid-from-league-list","0","0","0"
"3.6","AMRO Team Szubin vs Libero Gorzków 0:3","1216007","2026-09-03 17:00","Hala","AMRO Team Szubin","128610","Pincella, Toni","1904169","16","11","8","1","0","60.1","27","4","9","33","19","8","5","0","3","1","13","0","0","0","0","0","7","39","51","0","1","2","0","0","2","0","36.2","","0","0","0","1","1","2","39","51","4","1","22","3","1","17","60.1","55.8","5","1","0","0","5","11","1","0","3","1","3","8","0","0","0","0","0","0","2","0","0","0","6","8","0","0","0","0","0","0","0","1","0","0","1","2","0","0","0","0","0","0","0","0","0","0","0","1","0","0","0","1","0","3","12","17","11","0","0","bulk-1.27-teamid-from-league-list","0","0","0"
"3.6","AMRO Team Szubin vs Libero Gorzków 0:3","1216007","2026-09-03 17:00","Hala","AMRO Team Szubin","128610","Kurzeja, Paweł","1927619","8","4","10","1","0","55.4","16","3","8","50","31","13","6","1","7","0","8","0","0","0","0","0","0","15","53","0","0","0","0","0","0","0","17.5","","0","3","0","4","0","0","15","53","0","0","8","0","0","7","55.4","46.8","1","0","0","0","2","3","2","0","2","0","0","4","2","0","0","0","0","2","0","0","0","0","0","0","3","0","1","0","3","7","0","0","0","0","0","0","0","0","0","0","0","1","0","0","0","0","1","0","0","0","0","0","0","3","9","8","15","0","0","bulk-1.27-teamid-from-league-list","0","0","0"
"3.6","AMRO Team Szubin vs Libero Gorzków 0:3","1216007","2026-09-03 17:00","Hala","AMRO Team Szubin","128610","Szwarc, Adrian","1929456","4","-8","10","2","0","64.4","18","9","4","22","-28","17","9","5","8","4","53","44","1","98","18","41","0","21","52","0","0","0","0","0","0","0","14.9","","1","1","1","5","2","2","21","52","0","0","9","0","0","12","64.4","57.5","1","0","3","0","2","6","1","0","3","0","0","4","0","0","2","0","3","5","0","0","0","0","0","0","2","0","1","0","0","3","0","0","0","0","0","0","1","17","16","9","43","5","0","2","1","0","2","4","2","1","0","1","0","3","24","25","21","0","0","bulk-1.27-teamid-from-league-list","0","0","0"
"3.6","AMRO Team Szubin vs Libero Gorzków 0:3","1216007","2026-09-03 17:00","Hala","AMRO Team Szubin","128610","Kmieć, Jerzy","1949541","18","14","7","0","0","56.2","28","4","13","46","32","5","2","0","3","0","0","0","0","0","0","0","5","28","46","0","0","0","0","0","0","0","41.4","","0","0","0","3","0","0","28","46","3","1","12","2","0","16","56.2","46","3","0","0","0","5","8","3","0","2","0","1","6","0","0","0","0","0","0","7","0","2","0","5","14","0","0","0","0","0","0","0","0","0","0","0","0","0","0","0","0","0","0","0","0","0","0","0","0","0","0","0","0","0","3","13","11","12","0","0","bulk-1.27-teamid-from-league-list","0","0","0"
"3.6","AMRO Team Szubin vs Libero Gorzków 0:3","1216007","2026-09-03 17:00","Hala","AMRO Team Szubin","128610","Dolabela, Neilton","1903889","0","0","0","0","0","0","0","0","0","0","0","11","9","3","2","1","36","3","0","100","1","33","0","0","0","0","1","1","0","0","0","1","4.4","","0","1","0","0","1","1","0","0","0","0","0","0","0","0","0","0","0","0","0","0","0","0","0","0","0","0","0","0","0","0","0","0","0","0","0","0","0","0","0","0","0","0","0","0","0","0","0","1","0","0","0","1","0","0","2","1","3","3","1","0","0","2","0","1","0","0","0","1","0","1","13","0","0","0","0","bulk-1.27-teamid-from-league-list","0","0","0"
"3.6","AMRO Team Szubin vs Libero Gorzków 0:3","1216007","2026-09-03 17:00","Hala","AMRO Team Szubin","128610","Bueno, Vicente","2004331","0","0","0","0","0","0","0","0","0","0","0","16","11","4","5","3","44","6","0","100","2","33","0","0","0","0","2","4","0","0","1","3","7.6","","2","3","0","1","1","1","0","0","0","0","0","0","0","0","0","0","0","0","0","0","0","0","0","0","0","0","0","0","0","0","0","0","0","0","0","0","0","0","0","0","0","0","0","0","0","0","0","2","0","0","2","4","2","1","2","1","6","4","3","0","0","1","0","3","0","0","0","3","0","2","0","10","11","0","0","bulk-1.27-teamid-from-league-list","0","0","0"
"3.6","AMRO Team Szubin vs Libero Gorzków 0:3","1216007","2026-09-03 17:00","Hala","AMRO Team Szubin","128610","Dobak, Konrad","1725307","1","1","3","0","0","63","1","0","0","0","0","7","3","3","4","1","57","0","0","0","0","0","1","6","15","11","5","25","1","11","9","4","5.8","","1","1","0","2","0","1","6","15","1","0","4","0","0","2","63","50.6","0","0","0","0","1","1","0","0","0","0","0","0","0","0","0","0","0","0","0","0","0","0","0","0","0","0","0","0","0","0","11","5","0","0","9","25","0","0","0","0","0","3","0","1","0","2","0","1","0","1","0","0","0","1","0","29","0","0","0","bulk-1.27-teamid-from-league-list","0","0","0"
"3.6","AMRO Team Szubin vs Libero Gorzków 0:3","1216007","2026-09-03 17:00","Hala","Libero Gorzków","128703","Veikat, Bruno","1903475","2","0","11","2","0","58.7","0","0","0","0","0","16","8","2","8","3","31","0","0","0","0","0","2","31","53","48","12","92","19","37","21","15","6.8","","3","6","0","2","0","0","31","53","2","0","28","0","0","3","58.7","52.5","0","0","0","0","0","0","0","0","0","0","0","0","0","0","0","0","0","0","0","0","0","0","0","0","0","0","0","0","0","0","48","12","4","4","24","92","0","0","0","0","0","2","0","1","0","1","0","3","0","2","0","1","0","3","31","31","32","0","0","bulk-1.27-teamid-from-league-list","0","0","0"
"3.6","AMRO Team Szubin vs Libero Gorzków 0:3","1216007","2026-09-03 17:00","Hala","Libero Gorzków","128703","Kuczyński, Szymon","1974427","9","1","15","2","0","64","12","6","4","33","-17","12","5","3","7","4","58","17","0","100","9","53","5","25","44","0","0","0","0","0","0","0","23","","4","7","0","0","0","0","25","44","5","1","24","0","0","1","64","54.3","1","0","3","0","1","5","0","0","1","2","0","3","0","0","0","0","1","1","0","0","0","0","0","0","1","0","2","0","0","3","0","0","0","0","0","0","3","10","3","1","17","3","2","1","0","0","0","4","1","0","0","0","3","3","16","18","16","0","0","bulk-1.27-teamid-from-league-list","0","0","0"
"3.6","AMRO Team Szubin vs Libero Gorzków 0:3","1216007","2026-09-03 17:00","Hala","Libero Gorzków","128703","Marandel, Guillaume","1950267","4","-1","11","1","0","66.8","9","4","4","44","0","1","0","0","1","1","100","0","0","0","0","0","0","25","42","0","0","1","0","0","1","0","1.4","","1","1","0","0","0","0","25","42","0","0","20","0","0","5","66.8","59.9","1","0","0","0","0","1","0","1","0","0","0","1","0","0","0","0","0","0","3","0","3","0","1","7","0","0","0","0","0","0","0","0","0","0","1","1","0","0","0","0","0","0","0","0","0","0","0","1","0","0","1","0","0","3","6","7","7","0","0","bulk-1.27-teamid-from-league-list","0","0","0"
"3.6","AMRO Team Szubin vs Libero Gorzków 0:3","1216007","2026-09-03 17:00","Hala","Libero Gorzków","128703","Grab, Mirosław","1929331","18","15","10","1","1","57.8","18","2","11","61","50","4","4","4","0","0","100","0","0","0","0","0","6","16","29","0","0","0","0","0","0","0","52.2","","0","0","0","0","0","0","16","29","6","0","14","0","0","2","57.8","51.6","1","2","0","0","3","6","0","0","0","0","0","0","10","0","0","0","1","11","0","0","0","0","0","0","0","0","0","0","1","1","0","0","0","0","0","0","0","0","0","0","0","4","1","1","0","1","1","0","0","0","0","0","0","3","11","12","12","0","0","bulk-1.27-teamid-from-league-list","0","0","0"
"3.6","AMRO Team Szubin vs Libero Gorzków 0:3","1216007","2026-09-03 17:00","Hala","Libero Gorzków","128703","Järventie, Joosua","2002408","23","20","14","0","0","54.3","34","3","19","56","47","15","7","4","8","5","60","22","0","100","11","50","4","33","54","0","0","0","0","0","0","0","73.3","","5","6","0","2","0","0","33","54","2","0","27","2","0","6","54.3","48.7","0","0","0","0","1","1","1","0","3","1","0","5","2","0","0","0","3","5","0","0","0","0","0","0","15","0","0","0","8","23","0","0","0","0","0","0","2","11","5","4","22","4","3","1","0","0","0","5","3","1","0","1","0","3","19","19","23","0","0","bulk-1.27-teamid-from-league-list","0","0","0"
"3.6","AMRO Team Szubin vs Libero Gorzków 0:3","1216007","2026-09-03 17:00","Hala","Libero Gorzków","128703","Lopilato, Silvestro","1929537","6","4","4","0","0","63.3","9","2","5","56","33","4","3","1","1","0","25","0","0","0","0","0","1","24","29","0","0","0","0","0","0","0","10.8","","0","0","0","1","0","0","24","29","1","0","22","0","0","2","63.3","59.4","1","1","1","0","2","5","1","0","0","0","0","1","0","0","0","0","0","0","3","0","0","0","0","3","0","0","0","0","0","0","0","0","0","0","0","0","0","0","0","0","0","1","0","1","0","0","0","0","0","0","0","0","0","3","6","4","4","0","0","bulk-1.27-teamid-from-league-list","0","0","0"
"3.6","AMRO Team Szubin vs Libero Gorzków 0:3","1216007","2026-09-03 17:00","Hala","Libero Gorzków","128703","Võigemast, Üllar","1974429","0","0","0","0","0","0","0","0","0","0","0","26","16","8","10","6","54","13","0","100","7","54","0","0","0","0","3","4","0","0","2","2","16.8","","3","5","1","3","2","2","0","0","0","0","0","0","0","0","0","0","0","0","0","0","0","0","0","0","0","0","0","0","0","0","0","0","0","0","0","0","0","0","0","0","0","0","0","0","0","0","0","3","0","0","1","4","5","3","5","0","13","8","5","0","1","2","0","6","3","0","1","2","0","3","14","13","12","0","0","bulk-1.27-teamid-from-league-list","0","0","0"
"3.6","AMRO Team Szubin vs Libero Gorzków 0:3","1216007","2026-09-03 17:00","Hala","Libero Gorzków","128703","Marante, Adérito","2088258","6","4","5","0","0","64.4","11","2","6","55","36","9","5","2","4","2","44","0","0","0","0","0","0","5","16","0","0","0","0","0","0","0","18.6","","1","2","1","2","0","0","5","16","0","0","5","0","0","0","64.4","55.5","1","0","0","0","1","2","0","0","1","0","0","1","4","0","0","0","2","6","0","0","0","0","0","0","0","0","1","1","0","2","0","0","0","0","0","0","0","0","0","0","0","2","2","0","0","0","0","2","2","0","0","0","0","3","7","7","7","0","0","bulk-1.27-teamid-from-league-list","0","0","0"
"3.6","AMRO Team Szubin vs Libero Gorzków 0:3","1216007","2026-09-03 17:00","Hala","Libero Gorzków","128703","Sepp, Ain","2088886","6","5","3","1","0","56","4","0","3","75","75","1","1","0","0","0","0","0","0","0","0","0","3","16","27","0","0","0","0","0","0","0","14","","0","0","0","0","0","0","16","27","3","0","15","0","0","1","56","54.4","3","0","0","0","1","4","0","0","0","0","0","0","0","0","0","0","0","0","0","0","0","0","0","0","0","0","0","0","0","0","0","0","0","0","0","0","0","0","0","0","0","0","0","0","0","0","0","0","0","0","0","0","0","3","2","3","4","0","0","bulk-1.27-teamid-from-league-list","0","0","0"
"3.6","Drużyna Pierścienia vs Krakowskie Motyle 3:0","1216008","2026-09-03 17:00","Rohan","Drużyna Pierścienia","141064","Mamele, Ludovic","2032695","4","4","11","0","2","51.7","0","0","0","0","0","2","2","1","0","0","50","0","0","0","0","0","2","10","11","7","0","9","6","2","0","1","12.8","{""sets"":[{""h"":25,""a"":4},{""h"":25,""a"":2},{""h"":25,""a"":4}],""parsedSets"":[{""rallies"":[{""type"":""end"",""score"":""25 : 4"",""txt"":""Koniec seta 1 : 0""},{""type"":""end"",""score"":""25 : 4"",""txt"":""Koniec seta 1 : 0""},{""type"":""rally"",""score"":""25 : 4"",""speed"":""49.3 km/h"",""res"":""Punkt: M. Molena""},{""type"":""rally"",""score"":""24 : 4"",""speed"":""49.4 km/h"",""res"":""Punkt: I. Kobusiński""},{""type"":""rally"",""score"":""23 : 4"",""speed"":""43.1 km/h"",""res"":""Punkt: I. Kobusiński""},{""type"":""rally"",""score"":""22 : 4"",""speed"":""43.1 km/h"",""res"":""Punkt: I. Kobusiński""},{""type"":""rally"",""score"":""21 : 4"",""speed"":""48.3 km/h"",""res"":""Punkt: I. Kobusiński""},{""type"":""rally"",""score"":""20 : 4"",""speed"":""41.0 km/h"",""res"":""Punkt: E. Kamiński""},{""type"":""rally"",""score"":""20 : 3"",""speed"":""51.6 km/h"",""res"":""Punkt: K. Barć""},{""type"":""rally"",""score"":""19 : 3"",""speed"":""46.8 km/h"",""res"":""Punkt: P. Wierzchowski""},{""type"":""rally"",""score"":""18 : 3"",""speed"":""50.8 km/h"",""res"":""Punkt: I. Kobusiński""},{""type"":""rally"",""score"":""17 : 3"",""speed"":""53.5 km/h"",""res"":""Punkt: P. Wierzchowski""},{""type"":""tmo"",""score"":""16 : 3"",""txt"":""Czas dla: ""},{""type"":""rally"",""score"":""16 : 3"",""speed"":""49.5 km/h"",""res"":""Punkt: M. Molena""},{""type"":""rally"",""score"":""15 : 3"",""speed"":""51.1 km/h"",""res"":""Punkt: I. Kobusiński""},{""type"":""rally"",""score"":""14 : 3"",""speed"":""47.3 km/h"",""res"":""Punkt: I. Kobusiński""},{""type"":""rally"",""score"":""13 : 3"",""speed"":""53.8 km/h"",""res"":""Punkt: I. Kobusiński""},{""type"":""rally"",""score"":""12 : 3"",""speed"":""45.0 km/h"",""res"":""Punkt: M. Molena""},{""type"":""rally"",""score"":""11 : 3"",""speed"":""48.0 km/h"",""res"":""Punkt: M. Molena""},{""type"":""rally"",""score"":""10 : 3"",""speed"":""50.3 km/h"",""res"":""Punkt: I. Kobusiński""},{""type"":""rally"",""score"":""9 : 3"",""speed"":""-"",""res"":""Błąd: C. Anghelina""},{""type"":""rally"",""score"":""9 : 2"",""speed"":""54.2 km/h"",""res"":""Punkt: I. Kobusiński""},{""type"":""tmo"",""score"":""8 : 2"",""txt"":""Czas dla: ""},{""type"":""rally"",""score"":""8 : 2"",""speed"":""49.1 km/h"",""res"":""Punkt: P. Wierzchowski""},{""type"":""rally"",""score"":""7 : 2"",""speed"":""48.6 km/h"",""res"":""Punkt: C. Anghelina""},{""type"":""rally"",""score"":""6 : 2"",""speed"":""53.1 km/h"",""res"":""Punkt: E. Kamiński""},{""type"":""rally"",""score"":""6 : 1"",""speed"":""47.7 km/h"",""res"":""Punkt: K. Barć""},{""type"":""tmo"",""score"":""5 : 1"",""txt"":""Czas dla: Krakowskie Motyle""},{""type"":""rally"",""score"":""5 : 1"",""speed"":""50.6 km/h"",""res"":""Punkt: C. Anghelina""},{""type"":""rally"",""score"":""4 : 1"",""speed"":""55.2 km/h"",""res"":""Punkt: P. Wierzchowski""},{""type"":""rally"",""score"":""3 : 1"",""speed"":""55.1 km/h"",""res"":""Błąd: K. Badora""},{""type"":""rally"",""score"":""2 : 1"",""speed"":""46.9 km/h"",""res"":""Punkt: K. Barć""},{""type"":""tmo"",""score"":""1 : 1"",""txt"":""Czas dla: Krakowskie Motyle""},{""type"":""rally"",""score"":""1 : 1"",""speed"":""52.4 km/h"",""res"":""Punkt: C. Anghelina""},{""type"":""chg"",""score"":""0 : 1"",""txt"":""Zmiana: K. Vatra ⇄ L. Mamele""},{""type"":""tmo"",""score"":""0 : 1"",""txt"":""Czas dla: Drużyna Pierścienia""},{""type"":""rally"",""score"":""0 : 1"",""speed"":""42.2 km/h"",""res"":""Punkt: E. Kamiński""}]},{""rallies"":[{""type"":""end"",""score"":""25 : 2"",""txt"":""Koniec seta 2 : 0""},{""type"":""end"",""score"":""25 : 2"",""txt"":""Koniec seta 2 : 0""},{""type"":""rally"",""score"":""25 : 2"",""speed"":""53.3 km/h"",""res"":""Punkt: I. Kobusiński""},{""type"":""rally"",""score"":""24 : 2"",""speed"":""51.8 km/h"",""res"":""Punkt: I. Kobusiński""},{""type"":""rally"",""score"":""23 : 2"",""speed"":""41.6 km/h"",""res"":""Punkt: I. Kobusiński""},{""type"":""rally"",""score"":""22 : 2"",""speed"":""50.1 km/h"",""res"":""Punkt: I. Kobusiński""},{""type"":""rally"",""score"":""21 : 2"",""speed"":""48.9 km/h"",""res"":""Punkt: P. Wierzchowski""},{""type"":""rally"",""score"":""20 : 2"",""speed"":""42.9 km/h"",""res"":""Punkt: P. Wierzchowski""},{""type"":""rally"",""score"":""19 : 2"",""speed"":""52.4 km/h"",""res"":""Punkt: K. Barć""},{""type"":""rally"",""score"":""18 : 2"",""speed"":""48.0 km/h"",""res"":""Punkt: K. Barć""},{""type"":""rally"",""score"":""17 : 2"",""speed"":""46.4 km/h"",""res"":""Punkt: I. Kobusiński""},{""type"":""tmo"",""score"":""16 : 2"",""txt"":""Czas dla: ""},{""type"":""rally"",""score"":""16 : 2"",""speed"":""55.7 km/h"",""res"":""Punkt: M. Molena""},{""type"":""rally"",""score"":""15 : 2"",""speed"":""62.7 km/h"",""res"":""Punkt: E. Kamiński""},{""type"":""rally"",""score"":""15 : 1"",""speed"":""63.3 km/h"",""res"":""Punkt: K. Barć""},{""type"":""rally"",""score"":""14 : 1"",""speed"":""62.9 km/h"",""res"":""Punkt: I. Kobusiński""},{""type"":""rally"",""score"":""13 : 1"",""speed"":""54.1 km/h"",""res"":""Punkt: K. Barć""},{""type"":""rally"",""score"":""12 : 1"",""speed"":""51.7 km/h"",""res"":""Punkt: P. Wierzchowski""},{""type"":""rally"",""score"":""11 : 1"",""speed"":""48.2 km/h"",""res"":""Błąd: C. Anghelina""},{""type"":""rally"",""score"":""11 : 0"",""speed"":""53.0 km/h"",""res"":""Punkt: K. Barć""},{""type"":""rally"",""score"":""10 : 0"",""speed"":""42.4 km/h"",""res"":""Punkt: K. Barć""},{""type"":""rally"",""score"":""9 : 0"",""speed"":""51.8 km/h"",""res"":""Punkt: C. Anghelina""},{""type"":""tmo"",""score"":""8 : 0"",""txt"":""Czas dla: ""},{""type"":""rally"",""score"":""8 : 0"",""speed"":""46.7 km/h"",""res"":""Punkt: K. Barć""},{""type"":""rally"",""score"":""7 : 0"",""speed"":""57.5 km/h"",""res"":""Punkt: K. Barć""},{""type"":""rally"",""score"":""6 : 0"",""speed"":""47.8 km/h"",""res"":""Punkt: P. Wierzchowski""},{""type"":""tmo"",""score"":""5 : 0"",""txt"":""Czas dla: Krakowskie Motyle""},{""type"":""rally"",""score"":""5 : 0"",""speed"":""56.2 km/h"",""res"":""Punkt: K. Barć""},{""type"":""rally"",""score"":""4 : 0"",""speed"":""50.3 km/h"",""res"":""Punkt: C. Anghelina""},{""type"":""rally"",""score"":""3 : 0"",""speed"":""51.3 km/h"",""res"":""Punkt: C. Anghelina""},{""type"":""tmo"",""score"":""2 : 0"",""txt"":""Czas dla: Krakowskie Motyle""},{""type"":""rally"",""score"":""2 : 0"",""speed"":""43.9 km/h"",""res"":""Punkt: K. Barć""},{""type"":""chg"",""score"":""1 : 0"",""txt"":""Zmiana: A. Rouleau ⇄ L. Mamele""},{""type"":""tmo"",""score"":""1 : 0"",""txt"":""Czas dla: Drużyna Pierścienia""},{""type"":""rally"",""score"":""1 : 0"",""speed"":""61.5 km/h"",""res"":""Punkt: C. Anghelina""}]},{""rallies"":[{""type"":""end"",""score"":""25 : 4"",""txt"":""Koniec seta 3 : 0""},{""type"":""end"",""score"":""25 : 4"",""txt"":""Koniec seta 3 : 0""},{""type"":""rally"",""score"":""25 : 4"",""speed"":""46.6 km/h"",""res"":""Punkt: I. Kobusiński""},{""type"":""rally"",""score"":""24 : 4"",""speed"":""41.0 km/h"",""res"":""Punkt: L. Mamele""},{""type"":""rally"",""score"":""23 : 4"",""speed"":""49.1 km/h"",""res"":""Punkt: I. Kobusiński""},{""type"":""rally"",""score"":""22 : 4"",""speed"":""49.8 km/h"",""res"":""Punkt: G. Antoni""},{""type"":""rally"",""score"":""21 : 4"",""speed"":""45.5 km/h"",""res"":""Punkt: L. Mamele""},{""type"":""rally"",""score"":""20 : 4"",""speed"":""46.5 km/h"",""res"":""Punkt: G. Antoni""},{""type"":""rally"",""score"":""19 : 4"",""speed"":""52.5 km/h"",""res"":""Punkt: M. Molena""},{""type"":""rally"",""score"":""18 : 4"",""speed"":""41.6 km/h"",""res"":""Punkt: M. Molena""},{""type"":""rally"",""score"":""17 : 4"",""speed"":""47.9 km/h"",""res"":""Punkt: I. Kobusiński""},{""type"":""rally"",""score"":""16 : 4"",""speed"":""44.6 km/h"",""res"":""Punkt: E. Kamiński""},{""type"":""tmo"",""score"":""16 : 3"",""txt"":""Czas dla: ""},{""type"":""rally"",""score"":""16 : 3"",""speed"":""48.4 km/h"",""res"":""Punkt: I. Kobusiński""},{""type"":""rally"",""score"":""15 : 3"",""speed"":""48.1 km/h"",""res"":""Punkt: I. Kobusiński""},{""type"":""rally"",""score"":""14 : 3"",""speed"":""48.3 km/h"",""res"":""Punkt: I. Kobusiński""},{""type"":""rally"",""score"":""13 : 3"",""speed"":""-"",""res"":""Błąd: C. Anghelina""},{""type"":""rally"",""score"":""13 : 2"",""speed"":""54.3 km/h"",""res"":""Punkt: I. Kobusiński""},{""type"":""rally"",""score"":""12 : 2"",""speed"":""56.8 km/h"",""res"":""Punkt: C. Anghelina""},{""type"":""rally"",""score"":""11 : 2"",""speed"":""56.1 km/h"",""res"":""Punkt: E. Kamiński""},{""type"":""rally"",""score"":""11 : 1"",""speed"":""47.6 km/h"",""res"":""Punkt: C. Anghelina""},{""type"":""rally"",""score"":""10 : 1"",""speed"":""52.8 km/h"",""res"":""Punkt: C. Anghelina""},{""type"":""rally"",""score"":""9 : 1"",""speed"":""42.8 km/h"",""res"":""Błąd: C. Anghelina""},{""type"":""rally"",""score"":""9 : 0"",""speed"":""48.4 km/h"",""res"":""Błąd: E. Kamiński""},{""type"":""tmo"",""score"":""8 : 0"",""txt"":""Czas dla: ""},{""type"":""rally"",""score"":""8 : 0"",""speed"":""46.6 km/h"",""res"":""Punkt: C. Anghelina""},{""type"":""rally"",""score"":""7 : 0"",""speed"":""50.0 km/h"",""res"":""Punkt: M. Molena""},{""type"":""rally"",""score"":""6 : 0"",""speed"":""43.5 km/h"",""res"":""Punkt: M. Molena""},{""type"":""tmo"",""score"":""5 : 0"",""txt"":""Czas dla: Krakowskie Motyle""},{""type"":""rally"",""score"":""5 : 0"",""speed"":""43.8 km/h"",""res"":""Punkt: L. Mamele""},{""type"":""rally"",""score"":""4 : 0"",""speed"":""48.4 km/h"",""res"":""Punkt: M. Molena""},{""type"":""rally"",""score"":""3 : 0"",""speed"":""51.7 km/h"",""res"":""Punkt: K. Barć""},{""type"":""tmo"",""score"":""2 : 0"",""txt"":""Czas dla: Krakowskie Motyle""},{""type"":""rally"",""score"":""2 : 0"",""speed"":""48.9 km/h"",""res"":""Punkt: C. Anghelina""},{""type"":""chg"",""score"":""1 : 0"",""txt"":""Zmiana: G. Antoni ⇄ P. Wierzchowski""},{""type"":""tmo"",""score"":""1 : 0"",""txt"":""Czas dla: Drużyna Pierścienia""},{""type"":""rally"",""score"":""1 : 0"",""speed"":""52.5 km/h"",""res"":""Punkt: L. Mamele""}]}]}","0","0","0","0","0","0","10","11","2","0","9","0","0","1","52.5","47.2","0","0","0","0","0","0","0","0","0","0","0","0","0","0","0","0","0","0","0","0","0","0","0","0","0","0","0","0","0","0","7","0","0","1","1","9","0","0","0","0","0","1","1","0","0","0","0","0","0","0","0","0","0","3","1","1","19","0","0","bulk-1.27-teamid-from-league-list","0","0","0"
"3.6","Drużyna Pierścienia vs Krakowskie Motyle 3:0","1216008","2026-09-03 17:00","Rohan","Drużyna Pierścienia","141064","Molena, Marco","1927255","10","10","19","0","0","57.5","5","0","5","100","100","7","5","4","2","2","86","3","0","100","3","100","5","15","20","0","0","0","0","0","0","0","31.4","","2","2","0","0","0","0","15","20","5","1","14","0","0","1","57.5","50.6","0","0","0","0","0","0","0","0","0","0","0","0","1","0","0","0","0","1","0","0","0","0","0","0","4","0","0","0","0","4","0","0","0","0","0","0","2","1","0","0","3","4","2","0","0","2","0","2","2","0","0","0","0","3","12","13","10","0","0","bulk-1.27-teamid-from-league-list","0","0","0"
"3.6","Drużyna Pierścienia vs Krakowskie Motyle 3:0","1216008","2026-09-03 17:00","Rohan","Drużyna Pierścienia","141064","Anghelina, Constantin","1950550","12","8","9","2","0","63.3","10","2","8","80","60","1","0","0","1","1","100","0","0","0","0","0","4","29","30","0","0","0","0","0","0","0","23.4","","1","1","0","0","0","0","29","30","4","0","27","0","0","2","63.3","57.2","0","0","0","0","0","0","1","0","0","0","0","1","0","0","0","0","0","0","7","2","0","0","0","9","0","0","0","0","0","0","0","0","0","0","0","0","0","0","0","0","0","0","0","0","0","0","0","1","1","0","0","0","0","3","6","9","8","0","0","bulk-1.27-teamid-from-league-list","0","0","0"
"3.6","Drużyna Pierścienia vs Krakowskie Motyle 3:0","1216008","2026-09-03 17:00","Rohan","Drużyna Pierścienia","141064","Barć, Krzysztof","1686131","14","14","23","0","3","53.8","2","0","0","0","0","2","1","1","1","1","100","0","0","0","0","0","11","32","37","0","0","0","0","0","0","0","43.2","","0","0","0","0","1","1","32","37","11","0","31","0","0","1","53.8","48.5","0","0","0","0","0","0","0","0","0","0","0","0","0","0","0","0","1","1","0","0","0","0","0","0","0","0","0","0","1","1","0","0","0","0","0","0","0","0","0","0","0","1","1","0","0","0","0","1","1","0","0","0","0","3","14","18","4","0","0","bulk-1.27-teamid-from-league-list","0","0","0"
"3.6","Drużyna Pierścienia vs Krakowskie Motyle 3:0","1216008","2026-09-03 17:00","Rohan","Drużyna Pierścienia","141064","Wierzchowski, Piotr","1681788","8","8","4","0","0","49.4","1","0","0","0","0","0","0","0","0","0","0","4","0","100","3","75","8","35","42","0","0","0","0","0","0","0","26.8","","0","0","0","0","0","0","35","42","8","0","33","0","0","2","49.4","46.2","0","0","0","0","0","0","0","0","0","0","0","0","0","0","0","0","1","1","0","0","0","0","0","0","0","0","0","0","0","0","0","0","0","0","0","0","3","1","0","0","4","0","0","0","0","0","0","0","0","0","0","0","0","2","12","4","0","0","0","bulk-1.27-teamid-from-league-list","0","0","0"
"3.6","Drużyna Pierścienia vs Krakowskie Motyle 3:0","1216008","2026-09-03 17:00","Rohan","Drużyna Pierścienia","141064","Kobusiński, Igor","1681965","23","23","0","0","0","0","11","0","11","100","100","0","0","0","0","0","0","0","0","0","0","0","12","35","39","0","0","0","0","0","0","0","78","","0","0","0","0","0","0","35","39","12","0","33","0","0","2","0","0","3","0","0","0","0","3","0","0","0","0","0","0","0","0","0","0","0","0","8","0","0","0","0","8","0","0","0","0","0","0","0","0","0","0","0","0","0","0","0","0","0","0","0","0","0","0","0","0","0","0","0","0","0","3","10","6","7","0","0","bulk-1.27-teamid-from-league-list","0","0","0"
"3.6","Drużyna Pierścienia vs Krakowskie Motyle 3:0","1216008","2026-09-03 17:00","Rohan","Drużyna Pierścienia","141064","Ewertowski, Kacper","1905299","0","0","0","0","0","0","0","0","0","0","0","8","6","3","2","2","63","2","0","100","2","100","0","0","0","2","0","2","0","1","1","0","4.8","","2","2","0","0","0","0","0","0","0","0","0","0","0","0","0","0","0","0","0","0","0","0","0","0","0","0","0","0","0","0","0","0","0","0","0","0","0","0","0","0","0","0","0","0","0","0","2","0","0","0","0","2","2","0","0","0","2","3","2","0","1","0","0","2","2","0","0","0","0","3","7","3","2","0","0","bulk-1.27-teamid-from-league-list","0","0","0"
"3.6","Drużyna Pierścienia vs Krakowskie Motyle 3:0","1216008","2026-09-03 17:00","Rohan","Drużyna Pierścienia","141064","Rouleau, Archibald","2088378","0","0","0","0","0","0","0","0","0","0","0","2","2","1","0","0","50","0","0","0","0","0","0","7","7","2","0","4","3","1","0","0","0.8","","0","0","0","0","0","0","7","7","0","0","7","0","0","0","0","0","0","0","0","0","0","0","0","0","0","0","0","0","0","0","0","0","0","0","0","0","0","0","0","0","0","0","0","0","0","0","2","0","0","1","1","4","0","0","0","0","0","1","1","0","0","0","0","0","0","0","0","0","0","1","0","6","0","0","0","bulk-1.27-teamid-from-league-list","0","0","0"
"3.6","Drużyna Pierścienia vs Krakowskie Motyle 3:0","1216008","2026-09-03 17:00","Rohan","Drużyna Pierścienia","141064","Vatra, Kornel","1950900","1","1","0","0","0","0","0","0","0","0","0","0","0","0","0","0","0","0","0","0","0","0","1","6","14","13","0","14","9","3","1","1","3","","0","0","0","0","0","0","6","14","0","0","5","1","0","1","0","0","0","0","0","0","0","0","0","0","0","0","0","0","0","0","0","0","0","0","0","0","0","0","0","0","0","0","0","0","0","0","13","0","0","0","1","14","0","0","0","0","0","0","0","0","0","0","0","0","0","0","0","0","0","1","14","0","0","0","0","bulk-1.27-teamid-from-league-list","0","0","0"
"3.6","Drużyna Pierścienia vs Krakowskie Motyle 3:0","1216008","2026-09-03 17:00","Rohan","Drużyna Pierścienia","141064","Antoni, Giovanni","1744950","2","2","8","0","2","52.5","0","0","0","0","0","2","2","2","0","0","100","2","0","100","2","100","0","4","7","0","0","0","0","0","0","0","9.2","","0","0","0","0","0","0","4","7","0","0","3","0","0","1","52.5","46.6","0","0","0","0","0","0","0","0","0","0","0","0","0","0","0","0","0","0","0","0","0","0","0","0","0","0","0","0","0","0","0","0","0","0","0","0","0","1","0","1","2","2","1","0","1","0","0","0","0","0","0","0","0","1","0","0","12","0","0","bulk-1.27-teamid-from-league-list","0","0","0"
"3.6","Drużyna Pierścienia vs Krakowskie Motyle 3:0","1216008","2026-09-03 17:00","Rohan","Krakowskie Motyle","131013","Janasik, Franciszek","1646060","0","0","1","0","0","61.5","0","0","0","0","0","18","6","0","12","1","6","0","0","0","0","0","0","3","13","6","42","68","0","7","20","41","0.4","","0","1","1","11","0","0","3","13","0","0","3","0","0","0","61.5","61.5","0","0","0","0","0","0","0","0","0","0","0","0","0","0","0","0","0","0","0","0","0","0","0","0","0","0","0","0","0","0","6","42","1","2","17","68","0","0","0","0","0","0","0","0","0","0","0","1","0","1","0","0","0","3","25","25","21","0","0","bulk-1.27-teamid-from-league-list","0","0","0"
"3.6","Drużyna Pierścienia vs Krakowskie Motyle 3:0","1216008","2026-09-03 17:00","Rohan","Krakowskie Motyle","131013","Badora, Ksawery","1685754","0","-17","3","0","0","52.8","15","11","0","0","-73","11","6","1","5","0","9","53","6","89","4","8","0","2","9","0","0","0","0","0","0","0","-21.9","","0","0","0","5","0","0","2","9","0","0","1","0","0","1","52.8","52.3","0","0","0","0","2","2","0","0","1","0","0","1","0","0","4","0","1","5","0","0","0","0","0","0","0","1","5","0","1","7","0","0","0","0","0","0","0","4","13","30","47","1","0","1","0","0","0","0","0","0","0","0","0","3","20","22","18","0","0","bulk-1.27-teamid-from-league-list","0","0","0"
"3.6","Drużyna Pierścienia vs Krakowskie Motyle 3:0","1216008","2026-09-03 17:00","Rohan","Krakowskie Motyle","131013","Piotr, Miłosz","1646066","0","-4","3","0","0","56.8","6","4","0","0","-67","2","1","0","1","0","0","0","0","0","0","0","0","0","11","0","0","0","0","0","0","0","-6","","0","0","0","1","0","0","0","11","0","0","0","0","0","0","56.8","53.7","0","0","1","0","0","1","0","0","1","0","0","1","0","0","0","0","0","0","0","0","2","0","2","4","0","0","0","0","0","0","0","0","0","0","0","0","0","0","0","0","0","0","0","0","0","0","0","0","0","0","0","0","0","3","1","4","4","0","0","bulk-1.27-teamid-from-league-list","0","0","0"
"3.6","Drużyna Pierścienia vs Krakowskie Motyle 3:0","1216008","2026-09-03 17:00","Rohan","Krakowskie Motyle","131013","Kamiński, Eryk","1685753","6","-5","2","0","0","50.3","22","11","6","27","-23","8","1","0","7","0","0","0","0","0","0","0","0","2","16","0","0","0","0","0","0","0","-9.1","","0","2","0","5","0","0","2","16","0","0","1","0","0","1","50.3","49.3","0","0","1","0","3","4","0","0","0","0","0","0","4","1","6","0","1","12","0","0","0","0","0","0","2","0","3","0","1","6","0","0","0","0","0","0","0","0","0","0","0","0","0","0","0","0","0","0","0","0","0","0","0","3","9","5","11","0","0","bulk-1.27-teamid-from-league-list","0","0","0"
"3.6","Drużyna Pierścienia vs Krakowskie Motyle 3:0","1216008","2026-09-03 17:00","Rohan","Krakowskie Motyle","131013","Wilga, Piotr","1685752","1","-16","2","0","0","48.3","20","16","1","5","-75","11","3","0","8","0","0","12","1","92","1","8","0","2","20","0","0","0","0","0","0","0","-34.2","","0","0","0","8","0","0","2","20","0","0","2","0","0","0","48.3","48.1","0","0","3","0","0","3","0","0","3","0","0","3","0","0","6","0","2","8","0","0","0","0","0","0","0","0","4","1","1","6","0","0","0","0","0","0","0","2","2","7","11","0","0","0","0","0","0","0","0","0","0","0","0","3","11","9","11","0","0","bulk-1.27-teamid-from-league-list","0","0","0"
"3.6","Drużyna Pierścienia vs Krakowskie Motyle 3:0","1216008","2026-09-03 17:00","Rohan","Krakowskie Motyle","131013","Kujawka, Fabian","1646068","0","-3","0","0","0","0","6","3","0","0","-50","2","0","0","2","0","0","0","0","0","0","0","0","8","18","0","0","0","0","0","0","0","-4.5","","0","0","0","2","0","0","8","18","0","0","8","0","0","0","0","0","0","0","0","0","0","0","0","0","1","0","0","1","0","0","0","0","0","0","0","0","2","0","3","5","0","0","0","0","0","0","0","0","0","0","0","0","0","0","0","0","0","0","0","0","0","0","0","0","0","0","0","0","0","3","3","2","1","0","0","bulk-1.27-teamid-from-league-list","0","0","0"
"3.6","Drużyna Pierścienia vs Krakowskie Motyle 3:0","1216008","2026-09-03 17:00","Rohan","Krakowskie Motyle","131013","Korzonek, Michał","1710171","0","0","0","0","0","0","0","0","0","0","0","18","7","2","11","0","11","7","0","100","0","0","0","0","0","0","1","1","0","0","0","1","4.4","","0","0","0","11","0","0","0","0","0","0","0","0","0","0","0","0","0","0","0","0","0","0","0","0","0","0","0","0","0","0","0","0","0","0","0","0","0","0","0","0","0","0","0","0","0","0","0","1","0","0","0","1","0","1","4","2","7","2","1","1","0","0","0","0","0","0","0","0","0","3","7","2","5","0","0","bulk-1.27-teamid-from-league-list","0","0","0"
"3.6","Ikjas Toruń vs Petronas Eagles 3:1","1216009","2026-09-03 17:00","Ikjas Arena","Ikjas Toruń","131062","Bagniewski, Jarosław","1904147","1","1","16","0","1","103.1","0","0","0","0","0","9","4","1","5","5","67","0","0","0","0","0","0","13","26","21","6","54","14","15","20","5","5.8","{""sets"":[{""h"":25,""a"":19},{""h"":25,""a"":20},{""h"":22,""a"":25},{""h"":25,""a"":16}],""parsedSets"":[{""rallies"":[{""type"":""end"",""score"":""25 : 19"",""txt"":""Koniec seta 1 : 0""},{""type"":""end"",""score"":""25 : 19"",""txt"":""Koniec seta 1 : 0""},{""type"":""rally"",""score"":""25 : 19"",""speed"":""74.0 km/h"",""res"":""Punkt: V. Caldeira""},{""type"":""tmo"",""score"":""24 : 19"",""txt"":""Czas dla: Ikjas Toruń""},{""type"":""rally"",""score"":""24 : 19"",""speed"":""67.4 km/h"",""res"":""Punkt: W. Kaczyński""},{""type"":""rally"",""score"":""24 : 18"",""speed"":""43.9 km/h"",""res"":""Punkt: W. Kaczyński""},{""type"":""rally"",""score"":""24 : 17"",""speed"":""96.3 km/h"",""res"":""Punkt: D. Simon""},{""type"":""rally"",""score"":""24 : 16"",""speed"":""-"",""res"":""Błąd: M. Żabiński""},{""type"":""rally"",""score"":""23 : 16"",""speed"":""54.2 km/h"",""res"":""Błąd: W. Rosiński""},{""type"":""rally"",""score"":""23 : 15"",""speed"":""79.3 km/h"",""res"":""Punkt: W. Kaczyński""},{""type"":""chg"",""score"":""23 : 14"",""txt"":""Zmiana: K. Radomski ⇄ V. Gonzaga""},{""type"":""rally"",""score"":""23 : 14"",""speed"":""70.0 km/h"",""res"":""Punkt: V. Caldeira""},{""type"":""chg"",""score"":""22 : 14"",""txt"":""Zmiana: D. Dorsz ⇄ U. Fenelon""},{""type"":""rally"",""score"":""22 : 14"",""speed"":""92.6 km/h"",""res"":""Punkt: W. Rosiński""},{""type"":""rally"",""score"":""21 : 14"",""speed"":""66.4 km/h"",""res"":""Punkt: T. Colombier""},{""type"":""rally"",""score"":""21 : 13"",""speed"":""88.1 km/h"",""res"":""Punkt: T. Colombier""},{""type"":""rally"",""score"":""21 : 12"",""speed"":""58.9 km/h"",""res"":""Punkt: W. Rosiński""},{""type"":""rally"",""score"":""20 : 12"",""speed"":""-"",""res"":""Błąd: D. Simon""},{""type"":""rally"",""score"":""19 : 12"",""speed"":""45.7 km/h"",""res"":""Punkt: J. Merida""},{""type"":""rally"",""score"":""19 : 11"",""speed"":""-"",""res"":""Błąd: V. Gonzaga""},{""type"":""rally"",""score"":""18 : 11"",""speed"":""45.2 km/h"",""res"":""Punkt: D. Simon""},{""type"":""rally"",""score"":""18 : 10"",""speed"":""42.6 km/h"",""res"":""Punkt: U. Fenelon""},{""type"":""rally"",""score"":""17 : 10"",""speed"":""69.3 km/h"",""res"":""Punkt: V. Caldeira""},{""type"":""rally"",""score"":""16 : 10"",""speed"":""-"",""res"":""Błąd: W. Rosiński""},{""type"":""tmo"",""score"":""16 : 9"",""txt"":""Czas dla: ""},{""type"":""rally"",""score"":""16 : 9"",""speed"":""65.4 km/h"",""res"":""Punkt: W. Rosiński""},{""type"":""rally"",""score"":""15 : 9"",""speed"":""82.4 km/h"",""res"":""Punkt: T. Colombier""},{""type"":""rally"",""score"":""15 : 8"",""speed"":""63.9 km/h"",""res"":""Punkt: V. Caldeira""},{""type"":""rally"",""score"":""14 : 8"",""speed"":""52.5 km/h"",""res"":""Punkt: V. Gonzaga""},{""type"":""rally"",""score"":""14 : 7"",""speed"":""87.2 km/h"",""res"":""Punkt: W. Kaczyński""},{""type"":""rally"",""score"":""14 : 6"",""speed"":""46.0 km/h"",""res"":""Błąd: W. Kaczyński""},{""type"":""rally"",""score"":""13 : 6"",""speed"":""70.5 km/h"",""res"":""Punkt: U. Fenelon""},{""type"":""rally"",""score"":""12 : 6"",""speed"":""68.5 km/h"",""res"":""Punkt: D. Simon""},{""type"":""chg"",""score"":""12 : 5"",""txt"":""Zmiana: R. Howaniec ⇄ J. Bagniewski""},{""type"":""chg"",""score"":""12 : 5"",""txt"":""Zmiana: M. Domagalski ⇄ D. Nitkowski""},{""type"":""rally"",""score"":""12 : 5"",""speed"":""60.8 km/h"",""res"":""Błąd: V. Gonzaga""},{""type"":""rally"",""score"":""11 : 5"",""speed"":""57.8 km/h"",""res"":""Punkt: B. Motyl""},{""type"":""rally"",""score"":""10 : 5"",""speed"":""64.9 km/h"",""res"":""Punkt: J. Merida""},{""type"":""chg"",""score"":""10 : 4"",""txt"":""Zmiana: J. Merida ⇄ T. Grudziński""},{""type"":""chg"",""score"":""10 : 4"",""txt"":""Zmiana: U. Fenelon ⇄ D. Dorsz""},{""type"":""chg"",""score"":""10 : 4"",""txt"":""Zmiana: B. Motyl ⇄ I. Liwski""},{""type"":""rally"",""score"":""10 : 4"",""speed"":""73.4 km/h"",""res"":""Punkt: D. Nitkowski""},{""type"":""rally"",""score"":""9 : 4"",""speed"":""101.4 km/h"",""res"":""Punkt: D. Dorsz""},{""type"":""rally"",""score"":""8 : 4"",""speed"":""46.8 km/h"",""res"":""Punkt: D. Simon""},{""type"":""tmo"",""score"":""8 : 3"",""txt"":""Czas dla: ""},{""type"":""rally"",""score"":""8 : 3"",""speed"":""60.3 km/h"",""res"":""Punkt: D. Nitkowski""},{""type"":""rally"",""score"":""7 : 3"",""speed"":""65.6 km/h"",""res"":""Punkt: V. Caldeira""},{""type"":""rally"",""score"":""6 : 3"",""speed"":""46.3 km/h"",""res"":""Punkt: W. Rosiński""},{""type"":""rally"",""score"":""5 : 3"",""speed"":""62.7 km/h"",""res"":""Punkt: D. Simon""},{""type"":""rally"",""score"":""5 : 2"",""speed"":""-"",""res"":""Błąd: T. Colombier""},{""type"":""rally"",""score"":""4 : 2"",""speed"":""64.3 km/h"",""res"":""Punkt: V. Gonzaga""},{""type"":""rally"",""score"":""4 : 1"",""speed"":""102.9 km/h"",""res"":""Punkt: W. Kaczyński""},{""type"":""tmo"",""score"":""4 : 0"",""txt"":""Czas dla: Petronas Eagles""},{""type"":""rally"",""score"":""4 : 0"",""speed"":""103.1 km/h"",""res"":""Punkt: W. Rosiński""},{""type"":""rally"",""score"":""3 : 0"",""speed"":""69.2 km/h"",""res"":""Punkt: V. Caldeira""},{""type"":""rally"",""score"":""2 : 0"",""speed"":""70.2 km/h"",""res"":""Punkt: D. Dorsz""},{""type"":""tmo"",""score"":""1 : 0"",""txt"":""Czas dla: Ikjas Toruń""},{""type"":""rally"",""score"":""1 : 0"",""speed"":""81.5 km/h"",""res"":""Błąd: T. Colombier""}]},{""rallies"":[{""type"":""end"",""score"":""25 : 20"",""txt"":""Koniec seta 2 : 0""},{""type"":""end"",""score"":""25 : 20"",""txt"":""Koniec seta 2 : 0""},{""type"":""rally"",""score"":""25 : 20"",""speed"":""69.1 km/h"",""res"":""Punkt: M. Domagalski""},{""type"":""rally"",""score"":""24 : 20"",""speed"":""69.8 km/h"",""res"":""Punkt: D. Dorsz""},{""type"":""rally"",""score"":""23 : 20"",""speed"":""66.5 km/h"",""res"":""Punkt: L. Maciejewski""},{""type"":""rally"",""score"":""23 : 19"",""speed"":""62.8 km/h"",""res"":""Punkt: B. Motyl""},{""type"":""rally"",""score"":""22 : 19"",""speed"":""69.5 km/h"",""res"":""Punkt: M. Domagalski""},{""type"":""rally"",""score"":""21 : 19"",""speed"":""46.2 km/h"",""res"":""Punkt: K. Radomski""},{""type"":""rally"",""score"":""21 : 18"",""speed"":""54.3 km/h"",""res"":""Punkt: W. Rosiński""},{""type"":""rally"",""score"":""20 : 18"",""speed"":""80.8 km/h"",""res"":""Punkt: W. Rosiński""},{""type"":""rally"",""score"":""19 : 18"",""speed"":""48.4 km/h"",""res"":""Punkt: T. Colombier""},{""type"":""rally"",""score"":""19 : 17"",""speed"":""51.0 km/h"",""res"":""Punkt: W. Kaczyński""},{""type"":""rally"",""score"":""19 : 16"",""speed"":""61.4 km/h"",""res"":""Punkt: W. Rosiński""},{""type"":""rally"",""score"":""18 : 16"",""speed"":""93.9 km/h"",""res"":""Punkt: T. Colombier""},{""type"":""rally"",""score"":""18 : 15"",""speed"":""56.0 km/h"",""res"":""Punkt: W. Kaczyński""},{""type"":""rally"",""score"":""18 : 14"",""speed"":""79.4 km/h"",""res"":""Punkt: W. Rosiński""},{""type"":""rally"",""score"":""17 : 14"",""speed"":""-"",""res"":""Błąd: M. Domagalski""},{""type"":""rally"",""score"":""17 : 13"",""speed"":""45.0 km/h"",""res"":""Punkt: D. Dorsz""},{""type"":""rally"",""score"":""16 : 13"",""speed"":""56.2 km/h"",""res"":""Błąd: A. Setlak""},{""type"":""rally"",""score"":""16 : 12"",""speed"":""51.0 km/h"",""res"":""Punkt: J. Merida""},{""type"":""tmo"",""score"":""16 : 11"",""txt"":""Czas dla: ""},{""type"":""rally"",""score"":""16 : 11"",""speed"":""55.6 km/h"",""res"":""Punkt: M. Domagalski""},{""type"":""tmo"",""score"":""15 : 11"",""txt"":""Czas dla: Ikjas Toruń""},{""type"":""rally"",""score"":""15 : 11"",""speed"":""73.0 km/h"",""res"":""Punkt: L. Maciejewski""},{""type"":""rally"",""score"":""15 : 10"",""speed"":""56.6 km/h"",""res"":""Błąd: M. Domagalski""},{""type"":""chg"",""score"":""15 : 9"",""txt"":""Zmiana: D. Dorsz ⇄ U. Fenelon""},{""type"":""rally"",""score"":""15 : 9"",""speed"":""-"",""res"":""Błąd: U. Fenelon""},{""type"":""rally"",""score"":""15 : 8"",""speed"":""59.9 km/h"",""res"":""Punkt: B. Motyl""},{""type"":""rally"",""score"":""14 : 8"",""speed"":""59.6 km/h"",""res"":""Punkt: W. Kaczyński""},{""type"":""rally"",""score"":""14 : 7"",""speed"":""65.9 km/h"",""res"":""Punkt: V. Caldeira""},{""type"":""rally"",""score"":""13 : 7"",""speed"":""72.5 km/h"",""res"":""Punkt: T. Colombier""},{""type"":""rally"",""score"":""13 : 6"",""speed"":""91.4 km/h"",""res"":""Punkt: V. Caldeira""},{""type"":""rally"",""score"":""12 : 6"",""speed"":""49.9 km/h"",""res"":""Punkt: L. Maciejewski""},{""type"":""chg"",""score"":""12 : 5"",""txt"":""Zmiana: J. Merida ⇄ T. Grudziński""},{""type"":""rally"",""score"":""12 : 5"",""speed"":""-"",""res"":""Błąd: T. Grudziński""},{""type"":""rally"",""score"":""11 : 5"",""speed"":""102.8 km/h"",""res"":""Punkt: T. Colombier""},{""type"":""rally"",""score"":""11 : 4"",""speed"":""44.3 km/h"",""res"":""Punkt: U. Fenelon""},{""type"":""rally"",""score"":""10 : 4"",""speed"":""-"",""res"":""Błąd: B. Motyl""},{""type"":""rally"",""score"":""10 : 3"",""speed"":""56.8 km/h"",""res"":""Punkt: W. Rosiński""},{""type"":""chg"",""score"":""9 : 3"",""txt"":""Zmiana: L. Maciejewski ⇄ D. Simon""},{""type"":""rally"",""score"":""9 : 3"",""speed"":""48.6 km/h"",""res"":""Punkt: K. Radomski""},{""type"":""chg"",""score"":""9 : 2"",""txt"":""Zmiana: K. Radomski ⇄ V. Gonzaga""},{""type"":""chg"",""score"":""9 : 2"",""txt"":""Zmiana: R. Howaniec ⇄ J. Bagniewski""},{""type"":""chg"",""score"":""9 : 2"",""txt"":""Zmiana: M. Domagalski ⇄ D. Nitkowski""},{""type"":""rally"",""score"":""9 : 2"",""speed"":""42.1 km/h"",""res"":""Punkt: D. Nitkowski""},{""type"":""chg"",""score"":""8 : 2"",""txt"":""Zmiana: U. Fenelon ⇄ D. Dorsz""},{""type"":""chg"",""score"":""8 : 2"",""txt"":""Zmiana: B. Motyl ⇄ I. Liwski""},{""type"":""tmo"",""score"":""8 : 2"",""txt"":""Czas dla: ""},{""type"":""rally"",""score"":""8 : 2"",""speed"":""66.5 km/h"",""res"":""Błąd: V. Gonzaga""},{""type"":""rally"",""score"":""7 : 2"",""speed"":""44.8 km/h"",""res"":""Punkt: D. Dorsz""},{""type"":""tmo"",""score"":""6 : 2"",""txt"":""Czas dla: Petronas Eagles""},{""type"":""rally"",""score"":""6 : 2"",""speed"":""57.2 km/h"",""res"":""Błąd: D. Simon""},{""type"":""rally"",""score"":""5 : 2"",""speed"":""61.6 km/h"",""res"":""Punkt: I. Liwski""},{""type"":""rally"",""score"":""4 : 2"",""speed"":""53.5 km/h"",""res"":""Punkt: D. Nitkowski""},{""type"":""rally"",""score"":""3 : 2"",""speed"":""50.2 km/h"",""res"":""Punkt: I. Liwski""},{""type"":""rally"",""score"":""2 : 2"",""speed"":""77.1 km/h"",""res"":""Punkt: W. Kaczyński""},{""type"":""rally"",""score"":""2 : 1"",""speed"":""69.4 km/h"",""res"":""Punkt: I. Liwski""},{""type"":""rally"",""score"":""1 : 1"",""speed"":""58.3 km/h"",""res"":""Punkt: V. Gonzaga""},{""type"":""tmo"",""score"":""1 : 0"",""txt"":""Czas dla: Ikjas Toruń""},{""type"":""rally"",""score"":""1 : 0"",""speed"":""65.7 km/h"",""res"":""Punkt: W. Rosiński""}]},{""rallies"":[{""type"":""end"",""score"":""22 : 25"",""txt"":""Koniec seta 2 : 1""},{""type"":""end"",""score"":""22 : 25"",""txt"":""Koniec seta 2 : 1""},{""type"":""rally"",""score"":""22 : 25"",""speed"":""52.9 km/h"",""res"":""Punkt: L. Maciejewski""},{""type"":""rally"",""score"":""22 : 24"",""speed"":""61.8 km/h"",""res"":""Punkt: L. Maciejewski""},{""type"":""rally"",""score"":""22 : 23"",""speed"":""53.3 km/h"",""res"":""Punkt: L. Maciejewski""},{""type"":""rally"",""score"":""22 : 22"",""speed"":""73.6 km/h"",""res"":""Punkt: U. Fenelon""},{""type"":""rally"",""score"":""21 : 22"",""speed"":""58.4 km/h"",""res"":""Punkt: V. Caldeira""},{""type"":""rally"",""score"":""20 : 22"",""speed"":""69.5 km/h"",""res"":""Punkt: W. Kaczyński""},{""type"":""rally"",""score"":""20 : 21"",""speed"":""52.9 km/h"",""res"":""Punkt: U. Fenelon""},{""type"":""rally"",""score"":""19 : 21"",""speed"":""48.3 km/h"",""res"":""Punkt: L. Maciejewski""},{""type"":""rally"",""score"":""19 : 20"",""speed"":""-"",""res"":""Błąd: J. Merida""},{""type"":""rally"",""score"":""18 : 20"",""speed"":""61.4 km/h"",""res"":""Błąd: B. Motyl""},{""type"":""rally"",""score"":""18 : 19"",""speed"":""78.6 km/h"",""res"":""Punkt: T. Colombier""},{""type"":""rally"",""score"":""18 : 18"",""speed"":""67.7 km/h"",""res"":""Punkt: U. Fenelon""},{""type"":""rally"",""score"":""17 : 18"",""speed"":""68.2 km/h"",""res"":""Punkt: J. Merida""},{""type"":""rally"",""score"":""17 : 17"",""speed"":""-"",""res"":""Błąd: U. Fenelon""},{""type"":""chg"",""score"":""17 : 16"",""txt"":""Zmiana: M. Pigoń ⇄ M. Żabiński""},{""type"":""rally"",""score"":""17 : 16"",""speed"":""52.1 km/h"",""res"":""Punkt: U. Fenelon""},{""type"":""rally"",""score"":""16 : 16"",""speed"":""47.8 km/h"",""res"":""Punkt: J. Merida""},{""type"":""rally"",""score"":""16 : 15"",""speed"":""54.4 km/h"",""res"":""Punkt: L. Maciejewski""},{""type"":""rally"",""score"":""16 : 14"",""speed"":""77.2 km/h"",""res"":""Punkt: K. Radomski""},{""type"":""rally"",""score"":""16 : 13"",""speed"":""78.5 km/h"",""res"":""Punkt: L. Maciejewski""},{""type"":""chg"",""score"":""16 : 12"",""txt"":""Zmiana: L. Maciejewski ⇄ D. Simon""},{""type"":""tmo"",""score"":""16 : 12"",""txt"":""Czas dla: ""},{""type"":""rally"",""score"":""16 : 12"",""speed"":""50.3 km/h"",""res"":""Punkt: B. Motyl""},{""type"":""rally"",""score"":""15 : 12"",""speed"":""64.5 km/h"",""res"":""Punkt: J. Merida""},{""type"":""rally"",""score"":""15 : 11"",""speed"":""56.8 km/h"",""res"":""Punkt: J. Merida""},{""type"":""rally"",""score"":""15 : 10"",""speed"":""82.0 km/h"",""res"":""Punkt: D. Simon""},{""type"":""rally"",""score"":""15 : 9"",""speed"":""51.6 km/h"",""res"":""Punkt: V. Caldeira""},{""type"":""rally"",""score"":""14 : 9"",""speed"":""80.5 km/h"",""res"":""Punkt: K. Radomski""},{""type"":""rally"",""score"":""14 : 8"",""speed"":""86.4 km/h"",""res"":""Punkt: V. Caldeira""},{""type"":""rally"",""score"":""13 : 8"",""speed"":""82.0 km/h"",""res"":""Punkt: W. Kaczyński""},{""type"":""chg"",""score"":""13 : 7"",""txt"":""Zmiana: U. Fenelon ⇄ D. Dorsz""},{""type"":""chg"",""score"":""13 : 7"",""txt"":""Zmiana: B. Motyl ⇄ I. Liwski""},{""type"":""rally"",""score"":""13 : 7"",""speed"":""82.5 km/h"",""res"":""Błąd: T. Colombier""},{""type"":""chg"",""score"":""12 : 7"",""txt"":""Zmiana: J. Merida ⇄ T. Grudziński""},{""type"":""rally"",""score"":""12 : 7"",""speed"":""-"",""res"":""Błąd: T. Grudziński""},{""type"":""rally"",""score"":""11 : 7"",""speed"":""54.2 km/h"",""res"":""Punkt: T. Colombier""},{""type"":""rally"",""score"":""11 : 6"",""speed"":""52.1 km/h"",""res"":""Punkt: D. Nitkowski""},{""type"":""rally"",""score"":""10 : 6"",""speed"":""84.7 km/h"",""res"":""Punkt: D. Simon""},{""type"":""rally"",""score"":""10 : 5"",""speed"":""49.2 km/h"",""res"":""Punkt: I. Liwski""},{""type"":""chg"",""score"":""9 : 5"",""txt"":""Zmiana: K. Radomski ⇄ V. Gonzaga""},{""type"":""rally"",""score"":""9 : 5"",""speed"":""-"",""res"":""Błąd: V. Gonzaga""},{""type"":""rally"",""score"":""8 : 5"",""speed"":""79.2 km/h"",""res"":""Punkt: D. Simon""},{""type"":""tmo"",""score"":""8 : 4"",""txt"":""Czas dla: ""},{""type"":""rally"",""score"":""8 : 4"",""speed"":""46.1 km/h"",""res"":""Punkt: D. Nitkowski""},{""type"":""tmo"",""score"":""7 : 4"",""txt"":""Czas dla: Petronas Eagles""},{""type"":""rally"",""score"":""7 : 4"",""speed"":""75.4 km/h"",""res"":""Punkt: D. Dorsz""},{""type"":""rally"",""score"":""6 : 4"",""speed"":""68.9 km/h"",""res"":""Punkt: I. Liwski""},{""type"":""rally"",""score"":""5 : 4"",""speed"":""42.8 km/h"",""res"":""Błąd: V. Gonzaga""},{""type"":""rally"",""score"":""4 : 4"",""speed"":""54.5 km/h"",""res"":""Punkt: D. Dorsz""},{""type"":""rally"",""score"":""3 : 4"",""speed"":""50.3 km/h"",""res"":""Błąd: D. Dorsz""},{""type"":""rally"",""score"":""3 : 3"",""speed"":""55.2 km/h"",""res"":""Punkt: I. Liwski""},{""type"":""tmo"",""score"":""2 : 3"",""txt"":""Czas dla: Ikjas Toruń""},{""type"":""rally"",""score"":""2 : 3"",""speed"":""53.0 km/h"",""res"":""Punkt: D. Simon""},{""type"":""rally"",""score"":""2 : 2"",""speed"":""71.7 km/h"",""res"":""Punkt: V. Gonzaga""},{""type"":""rally"",""score"":""2 : 1"",""speed"":""72.6 km/h"",""res"":""Punkt: T. Colombier""},{""type"":""rally"",""score"":""2 : 0"",""speed"":""68.5 km/h"",""res"":""Punkt: V. Caldeira""},{""type"":""tmo"",""score"":""1 : 0"",""txt"":""Czas dla: Ikjas Toruń""},{""type"":""rally"",""score"":""1 : 0"",""speed"":""80.1 km/h"",""res"":""Punkt: J. Bagniewski""}]},{""rallies"":[{""type"":""end"",""score"":""25 : 16"",""txt"":""Koniec seta 3 : 1""},{""type"":""end"",""score"":""25 : 16"",""txt"":""Koniec seta 3 : 1""},{""type"":""rally"",""score"":""25 : 16"",""speed"":""62.7 km/h"",""res"":""Punkt: U. Fenelon""},{""type"":""rally"",""score"":""24 : 16"",""speed"":""75.8 km/h"",""res"":""Punkt: T. Colombier""},{""type"":""rally"",""score"":""24 : 15"",""speed"":""63.6 km/h"",""res"":""Punkt: V. Caldeira""},{""type"":""rally"",""score"":""23 : 15"",""speed"":""-"",""res"":""Błąd: M. Domagalski""},{""type"":""rally"",""score"":""23 : 14"",""speed"":""-"",""res"":""Błąd: D. Simon""},{""type"":""rally"",""score"":""22 : 14"",""speed"":""56.0 km/h"",""res"":""Punkt: D. Simon""},{""type"":""rally"",""score"":""22 : 13"",""speed"":""56.5 km/h"",""res"":""Punkt: B. Motyl""},{""type"":""rally"",""score"":""21 : 13"",""speed"":""53.3 km/h"",""res"":""Błąd: T. Grudziński""},{""type"":""tmo"",""score"":""20 : 13"",""txt"":""Czas dla: Ikjas Toruń""},{""type"":""rally"",""score"":""20 : 13"",""speed"":""70.4 km/h"",""res"":""Punkt: K. Radomski""},{""type"":""rally"",""score"":""20 : 12"",""speed"":""64.0 km/h"",""res"":""Punkt: T. Grudziński""},{""type"":""rally"",""score"":""20 : 11"",""speed"":""56.8 km/h"",""res"":""Punkt: T. Grudziński""},{""type"":""rally"",""score"":""20 : 10"",""speed"":""68.0 km/h"",""res"":""Punkt: M. Domagalski""},{""type"":""rally"",""score"":""19 : 10"",""speed"":""43.0 km/h"",""res"":""Punkt: K. Radomski""},{""type"":""rally"",""score"":""19 : 9"",""speed"":""42.9 km/h"",""res"":""Błąd: W. Kaczyński""},{""type"":""rally"",""score"":""18 : 9"",""speed"":""58.9 km/h"",""res"":""Punkt: U. Fenelon""},{""type"":""rally"",""score"":""17 : 9"",""speed"":""64.6 km/h"",""res"":""Punkt: T. Colombier""},{""type"":""rally"",""score"":""17 : 8"",""speed"":""57.7 km/h"",""res"":""Punkt: K. Radomski""},{""type"":""rally"",""score"":""17 : 7"",""speed"":""72.4 km/h"",""res"":""Punkt: U. Fenelon""},{""type"":""chg"",""score"":""16 : 7"",""txt"":""Zmiana: W. Kaczyński ⇄ J. Merida""},{""type"":""chg"",""score"":""16 : 7"",""txt"":""Zmiana: M. Żabiński ⇄ M. Pigoń""},{""type"":""tmo"",""score"":""16 : 7"",""txt"":""Czas dla: ""},{""type"":""rally"",""score"":""16 : 7"",""speed"":""73.5 km/h"",""res"":""Punkt: V. Caldeira""},{""type"":""rally"",""score"":""15 : 7"",""speed"":""-"",""res"":""Błąd: M. Pigoń""},{""type"":""rally"",""score"":""14 : 7"",""speed"":""97.2 km/h"",""res"":""Punkt: T. Colombier""},{""type"":""rally"",""score"":""14 : 6"",""speed"":""85.3 km/h"",""res"":""Punkt: V. Caldeira""},{""type"":""chg"",""score"":""13 : 6"",""txt"":""Zmiana: R. Howaniec ⇄ J. Bagniewski""},{""type"":""chg"",""score"":""13 : 6"",""txt"":""Zmiana: M. Domagalski ⇄ D. Nitkowski""},{""type"":""rally"",""score"":""13 : 6"",""speed"":""43.9 km/h"",""res"":""Punkt: W. Rosiński""},{""type"":""chg"",""score"":""12 : 6"",""txt"":""Zmiana: U. Fenelon ⇄ D. Dorsz""},{""type"":""chg"",""score"":""12 : 6"",""txt"":""Zmiana: B. Motyl ⇄ I. Liwski""},{""type"":""rally"",""score"":""12 : 6"",""speed"":""87.2 km/h"",""res"":""Punkt: V. Caldeira""},{""type"":""rally"",""score"":""11 : 6"",""speed"":""49.9 km/h"",""res"":""Punkt: V. Caldeira""},{""type"":""tmo"",""score"":""10 : 6"",""txt"":""Czas dla: Petronas Eagles""},{""type"":""rally"",""score"":""10 : 6"",""speed"":""84.2 km/h"",""res"":""Punkt: V. Caldeira""},{""type"":""chg"",""score"":""9 : 6"",""txt"":""Zmiana: J. Merida ⇄ W. Kaczyński""},{""type"":""rally"",""score"":""9 : 6"",""speed"":""85.6 km/h"",""res"":""Punkt: W. Rosiński""},{""type"":""tmo"",""score"":""8 : 6"",""txt"":""Czas dla: ""},{""type"":""rally"",""score"":""8 : 6"",""speed"":""72.1 km/h"",""res"":""Błąd: P. Konarski""},{""type"":""rally"",""score"":""7 : 6"",""speed"":""71.7 km/h"",""res"":""Błąd: W. Kaczyński""},{""type"":""rally"",""score"":""6 : 6"",""speed"":""79.4 km/h"",""res"":""Punkt: T. Grudziński""},{""type"":""rally"",""score"":""6 : 5"",""speed"":""62.3 km/h"",""res"":""Punkt: D. Nitkowski""},{""type"":""rally"",""score"":""5 : 5"",""speed"":""63.0 km/h"",""res"":""Punkt: K. Radomski""},{""type"":""rally"",""score"":""5 : 4"",""speed"":""-"",""res"":""Błąd: I. Liwski""},{""type"":""rally"",""score"":""5 : 3"",""speed"":""69.0 km/h"",""res"":""Punkt: I. Liwski""},{""type"":""rally"",""score"":""4 : 3"",""speed"":""56.0 km/h"",""res"":""Punkt: T. Grudziński""},{""type"":""chg"",""score"":""4 : 2"",""txt"":""Zmiana: T. Colombier ⇄ L. Maciejewski""},{""type"":""rally"",""score"":""4 : 2"",""speed"":""86.0 km/h"",""res"":""Punkt: D. Nitkowski""},{""type"":""rally"",""score"":""3 : 2"",""speed"":""74.3 km/h"",""res"":""Punkt: D. Dorsz""},{""type"":""rally"",""score"":""2 : 2"",""speed"":""-"",""res"":""Błąd: V. Caldeira""},{""type"":""rally"",""score"":""2 : 1"",""speed"":""60.5 km/h"",""res"":""Punkt: W. Rosiński""},{""type"":""rally"",""score"":""1 : 1"",""speed"":""73.2 km/h"",""res"":""Punkt: K. Radomski""},{""type"":""chg"",""score"":""1 : 0"",""txt"":""Zmiana: M. Pigoń ⇄ M. Żabiński""},{""type"":""chg"",""score"":""1 : 0"",""txt"":""Zmiana: K. Radomski ⇄ V. Gonzaga""},{""type"":""chg"",""score"":""1 : 0"",""txt"":""Zmiana: L. Maciejewski ⇄ T. Colombier""},{""type"":""tmo"",""score"":""1 : 0"",""txt"":""Czas dla: Ikjas Toruń""},{""type"":""rally"",""score"":""1 : 0"",""speed"":""-"",""res"":""Błąd: M. Żabiński""}]}]}","4","4","1","1","0","0","13","26","0","0","10","0","0","3","103.1","76.3","0","0","0","0","0","0","0","0","0","0","0","0","0","0","0","0","0","0","0","0","0","0","0","0","0","0","0","0","0","0","21","6","2","2","23","54","0","0","0","0","0","1","0","0","0","1","0","5","2","0","0","3","0","4","11","4","31","13","0","bulk-1.27-teamid-from-league-list","0","0","0"
"3.6","Ikjas Toruń vs Petronas Eagles 3:1","1216009","2026-09-03 17:00","Ikjas Arena","Ikjas Toruń","131062","Rosiński, Wojciech","1949210","14","10","13","1","0","82","23","1","9","39","35","25","20","8","5","2","40","38","2","95","17","45","5","28","77","0","0","0","0","0","0","0","61.9","","2","3","0","2","0","0","28","77","5","0","25","0","1","3","82","65","2","0","0","0","2","4","1","0","0","0","2","3","2","1","0","0","7","10","0","0","0","0","0","0","4","0","0","0","2","6","0","0","0","0","0","0","13","12","10","1","36","8","3","2","1","1","1","2","1","0","0","1","0","4","23","20","21","20","0","bulk-1.27-teamid-from-league-list","0","0","0"
"3.6","Ikjas Toruń vs Petronas Eagles 3:1","1216009","2026-09-03 17:00","Ikjas Arena","Ikjas Toruń","131062","Caldeira, Venâncio","1904382","18","17","18","1","1","79.2","19","0","8","42","42","7","5","2","2","1","43","0","0","0","0","0","9","72","88","1","1","2","1","0","0","1","55.4","","1","1","0","1","0","0","72","88","9","2","67","0","0","5","79.2","57.3","2","0","0","0","6","8","1","0","0","0","0","1","0","0","0","0","0","0","5","0","0","0","5","10","0","0","0","0","0","0","1","1","0","0","0","2","0","0","0","0","0","2","0","2","0","0","0","1","0","1","0","0","0","4","14","7","11","10","0","bulk-1.27-teamid-from-league-list","0","0","0"
"3.6","Ikjas Toruń vs Petronas Eagles 3:1","1216009","2026-09-03 17:00","Ikjas Arena","Ikjas Toruń","131062","Dorsz, Dominik","1927666","9","8","12","0","0","86","16","1","8","50","44","8","7","4","1","0","50","0","0","0","0","0","1","19","45","0","0","0","0","0","0","0","29.5","","0","0","0","1","0","0","19","45","1","0","17","0","0","2","86","63.5","1","0","0","0","2","3","0","0","0","1","0","1","3","1","0","0","3","7","0","0","0","0","0","0","3","0","0","0","2","5","0","0","0","0","0","0","0","0","0","0","0","4","3","1","0","0","0","0","0","0","0","0","0","4","4","12","7","9","0","bulk-1.27-teamid-from-league-list","0","0","0"
"3.6","Ikjas Toruń vs Petronas Eagles 3:1","1216009","2026-09-03 17:00","Ikjas Arena","Ikjas Toruń","131062","Liwski, Igor","1927670","7","5","2","1","0","54.2","10","1","4","40","30","6","2","1","4","4","83","2","0","100","1","50","3","13","26","0","0","0","0","0","0","0","18.1","","4","4","0","0","0","0","13","26","3","0","12","0","0","1","54.2","54.2","0","0","1","0","3","4","1","0","0","0","0","1","2","0","0","0","1","3","0","0","0","0","0","0","1","0","0","0","1","2","0","0","0","0","0","0","0","1","1","0","2","1","0","1","0","0","0","4","2","0","0","2","0","4","5","3","8","6","0","bulk-1.27-teamid-from-league-list","0","0","0"
"3.6","Ikjas Toruń vs Petronas Eagles 3:1","1216009","2026-09-03 17:00","Ikjas Arena","Ikjas Toruń","131062","Nitkowski, Dariusz","1951378","9","8","4","0","0","82.5","7","1","5","71","57","2","1","0","1","0","0","0","0","0","0","0","4","21","33","0","0","0","0","0","0","0","20.5","","0","1","0","0","0","0","21","33","4","2","18","0","0","3","82.5","73.1","0","0","0","0","0","0","0","0","1","0","0","1","0","0","0","0","0","0","4","0","0","1","1","6","0","0","0","0","0","0","0","0","0","0","0","0","0","0","0","0","0","0","0","0","0","0","0","0","0","0","0","0","0","4","2","3","8","3","0","bulk-1.27-teamid-from-league-list","0","0","0"
"3.6","Ikjas Toruń vs Petronas Eagles 3:1","1216009","2026-09-03 17:00","Ikjas Arena","Ikjas Toruń","131062","Setlak, Andrzej","1976721","0","0","0","0","0","0","0","0","0","0","0","31","19","9","12","8","55","15","0","100","3","20","0","0","0","2","0","6","1","3","1","1","17.6","","7","10","1","1","0","1","0","0","0","0","0","0","0","0","0","0","0","0","0","0","0","0","0","0","0","0","0","0","0","0","0","0","0","0","0","0","0","0","0","0","0","0","0","0","0","0","2","0","0","0","4","6","2","6","5","2","15","9","5","2","0","0","2","8","2","2","0","4","0","4","12","9","9","13","0","bulk-1.27-teamid-from-league-list","0","0","0"
"3.6","Ikjas Toruń vs Petronas Eagles 3:1","1216009","2026-09-03 17:00","Ikjas Arena","Ikjas Toruń","131062","Fenelon, Ubaldo","2087292","10","2","7","2","0","64.9","16","6","7","44","6","5","2","0","3","1","20","0","0","0","0","0","3","24","43","0","0","0","0","0","0","0","13.6","","1","1","0","2","0","0","24","43","3","3","22","0","0","2","64.9","51.6","3","0","0","0","2","5","2","0","4","0","1","7","1","0","2","0","0","3","0","0","0","0","0","0","1","0","0","0","0","1","0","0","0","0","0","0","0","0","0","0","0","0","0","0","0","0","0","1","0","1","0","0","0","4","7","6","7","8","0","bulk-1.27-teamid-from-league-list","0","0","0"
"3.6","Ikjas Toruń vs Petronas Eagles 3:1","1216009","2026-09-03 17:00","Ikjas Arena","Ikjas Toruń","131062","Howaniec, Robert","1767842","0","0","7","0","0","97.2","2","0","0","0","0","8","6","0","2","2","25","0","0","0","0","0","0","26","43","20","7","58","12","20","17","9","0.8","","1","1","1","1","0","0","26","43","0","0","25","0","0","1","97.2","77.6","0","0","0","0","2","2","0","0","0","0","0","0","0","0","0","0","0","0","0","0","0","0","0","0","0","0","0","0","0","0","20","7","2","2","27","58","0","0","0","0","0","0","0","0","0","0","0","2","1","1","0","0","0","3","18","26","0","11","0","bulk-1.27-teamid-from-league-list","0","0","0"
"3.6","Ikjas Toruń vs Petronas Eagles 3:1","1216009","2026-09-03 17:00","Ikjas Arena","Ikjas Toruń","131062","Motyl, Bogdan","1864952","7","2","10","1","1","88.1","21","3","4","19","5","14","9","1","5","2","21","15","1","93","5","33","2","19","54","0","0","0","0","0","0","0","19.7","","2","3","0","2","0","0","19","54","2","1","19","0","0","0","88.1","65.3","0","1","1","0","4","6","0","0","0","1","0","1","2","0","0","1","8","11","0","0","0","0","0","0","0","0","1","0","2","3","0","0","0","0","0","0","2","5","6","1","14","1","0","0","0","1","0","2","1","0","0","1","0","4","12","15","15","7","0","bulk-1.27-teamid-from-league-list","0","0","0"
"3.6","Ikjas Toruń vs Petronas Eagles 3:1","1216009","2026-09-03 17:00","Ikjas Arena","Ikjas Toruń","131062","Domagalski, Michał","1767843","4","-3","7","2","0","102.8","8","5","3","38","-25","5","3","2","2","2","80","0","0","0","0","0","1","18","36","0","0","0","0","0","0","0","1.9","","2","2","0","0","0","0","18","36","1","2","15","0","0","3","102.8","77.1","1","1","0","0","0","2","1","0","2","0","0","3","0","0","0","0","0","0","1","0","2","0","0","3","0","0","0","0","0","0","0","0","0","0","0","0","0","0","0","0","0","1","0","0","0","0","1","2","0","0","0","2","0","3","5","9","0","2","0","bulk-1.27-teamid-from-league-list","0","0","0"
"3.6","Ikjas Toruń vs Petronas Eagles 3:1","1216009","2026-09-03 17:00","Ikjas Arena","Petronas Eagles","140755","Żabiński, Mateusz","1928807","0","-2","11","2","0","93.9","0","0","0","0","0","19","12","3","7","2","26","0","0","0","0","0","0","7","38","43","18","121","12","50","40","19","1.2","","0","0","2","7","0","0","7","38","0","0","4","0","0","3","93.9","70.2","0","0","0","0","0","0","0","0","0","0","0","0","0","0","0","0","0","0","0","0","0","0","0","0","0","0","0","0","0","0","43","18","10","9","41","121","0","0","0","0","0","3","1","2","0","0","0","2","1","1","0","0","0","4","35","33","26","13","0","bulk-1.27-teamid-from-league-list","0","0","0"
"3.6","Ikjas Toruń vs Petronas Eagles 3:1","1216009","2026-09-03 17:00","Ikjas Arena","Petronas Eagles","140755","Colombier, Thierry","1974434","15","8","17","1","2","80.8","28","5","12","43","25","21","12","6","9","6","57","31","1","97","12","39","1","25","54","0","0","0","0","0","0","0","51.5","","4","5","2","4","0","0","25","54","1","0","10","0","0","15","80.8","62.1","0","1","0","0","4","5","2","0","2","2","0","6","8","1","1","0","6","16","0","0","0","0","0","0","0","0","0","0","1","1","0","0","0","0","0","0","7","11","9","3","30","6","6","0","0","0","0","6","2","1","1","2","0","4","22","20","21","16","0","bulk-1.27-teamid-from-league-list","0","0","0"
"3.6","Ikjas Toruń vs Petronas Eagles 3:1","1216009","2026-09-03 17:00","Ikjas Arena","Petronas Eagles","140755","Kaczyński, Wiesław","1951323","15","6","13","0","0","74.3","30","9","11","37","7","11","4","2","7","4","55","0","0","0","0","0","4","31","58","1","2","3","0","0","1","2","25.1","","3","4","0","2","1","1","31","58","1","1","16","3","1","15","74.3","59.9","2","1","2","0","5","10","1","0","3","0","0","4","0","0","0","0","0","0","7","2","1","1","5","16","0","0","0","0","0","0","1","2","0","0","0","3","0","0","0","0","0","2","0","0","0","1","1","4","0","3","0","0","1","4","12","10","11","7","0","bulk-1.27-teamid-from-league-list","0","0","0"
"3.6","Ikjas Toruń vs Petronas Eagles 3:1","1216009","2026-09-03 17:00","Ikjas Arena","Petronas Eagles","140755","Gonzaga, Valdomiro","1904205","4","-5","3","2","0","101.4","15","7","4","27","-20","7","2","0","5","2","29","0","0","0","0","0","0","14","29","0","0","0","0","0","0","0","-7.7","","0","0","1","4","1","1","14","29","0","0","8","0","0","6","101.4","101.4","0","0","0","0","1","1","0","0","2","0","0","2","4","2","2","0","2","10","0","0","0","0","0","0","0","1","0","0","1","2","0","0","0","0","0","0","0","0","0","0","0","0","0","0","0","0","0","2","0","1","0","1","0","3","12","4","4","0","0","bulk-1.27-teamid-from-league-list","0","0","0"
"3.6","Ikjas Toruń vs Petronas Eagles 3:1","1216009","2026-09-03 17:00","Ikjas Arena","Petronas Eagles","140755","Simon, Dominique","1710102","12","3","6","2","0","63","24","6","10","42","17","21","11","8","10","6","67","20","1","95","3","15","2","23","45","0","0","0","0","0","0","0","34","","4","6","0","2","2","2","23","45","2","2","16","0","0","7","63","58.8","0","0","0","0","4","4","1","0","2","2","0","5","5","1","3","0","4","13","0","0","0","0","0","0","2","0","0","0","0","2","0","0","0","0","0","0","0","9","10","0","19","8","1","2","0","1","4","6","1","2","0","1","2","4","18","6","12","17","0","bulk-1.27-teamid-from-league-list","0","0","0"
"3.6","Ikjas Toruń vs Petronas Eagles 3:1","1216009","2026-09-03 17:00","Ikjas Arena","Petronas Eagles","140755","Grudziński, Tadeusz","1745342","4","-1","4","2","0","71.7","13","3","4","31","8","4","0","0","4","0","0","0","0","0","0","0","0","12","25","0","0","0","0","0","0","0","3.1","","0","0","0","4","0","0","12","25","0","0","4","0","0","8","71.7","67.7","0","0","0","0","3","3","1","1","2","0","0","4","0","0","0","0","0","0","3","0","0","0","3","6","0","0","0","0","0","0","0","0","0","0","0","0","0","0","0","0","0","0","0","0","0","0","0","0","0","0","0","0","0","4","3","3","3","7","0","bulk-1.27-teamid-from-league-list","0","0","0"
"3.6","Ikjas Toruń vs Petronas Eagles 3:1","1216009","2026-09-03 17:00","Ikjas Arena","Petronas Eagles","140755","Konarski, Piotr","1865233","0","-1","0","0","0","0","0","0","0","0","0","28","16","8","12","7","54","30","1","97","14","47","0","0","0","2","0","3","0","0","3","0","24.4","","5","6","2","5","0","1","0","0","0","0","0","0","0","0","0","0","0","0","0","0","0","0","0","0","0","0","0","0","0","0","0","0","0","0","0","0","0","0","0","0","0","0","0","0","0","0","2","0","1","0","0","3","3","13","11","2","29","8","4","2","0","0","2","7","3","3","0","0","1","4","14","10","17","12","0","bulk-1.27-teamid-from-league-list","0","0","0"
"3.6","Ikjas Toruń vs Petronas Eagles 3:1","1216009","2026-09-03 17:00","Ikjas Arena","Petronas Eagles","140755","Pigoń, Mirosław","1950495","0","-1","2","1","0","52.9","0","0","0","0","0","4","1","0","3","1","25","0","0","0","0","0","0","2","16","10","8","30","3","8","13","6","-0.6","","1","1","0","2","0","0","2","16","0","0","0","0","0","2","52.9","52.9","0","0","0","0","0","0","0","0","0","0","0","0","0","0","0","0","0","0","0","0","0","0","0","0","0","0","0","0","0","0","10","8","0","1","11","30","0","0","0","0","0","0","0","0","0","0","0","1","1","0","0","0","0","2","0","0","10","17","0","bulk-1.27-teamid-from-league-list","0","0","0"
"3.6","Ikjas Toruń vs Petronas Eagles 3:1","1216009","2026-09-03 17:00","Ikjas Arena","Petronas Eagles","140755","Radomski, Kacper","1904491","11","7","13","0","1","73","16","4","9","56","31","18","8","6","10","5","61","0","0","0","0","0","1","19","37","0","0","0","0","0","0","0","31","","3","5","1","4","1","1","19","37","0","0","12","1","0","7","77.2","61.5","0","0","1","1","3","5","3","0","3","0","0","6","4","0","0","0","0","4","0","0","0","0","0","0","1","0","0","0","0","1","0","0","0","0","0","0","0","0","0","0","0","6","1","0","3","2","0","5","1","2","0","2","0","3","0","12","10","13","0","bulk-1.27-teamid-from-league-list","0","0","0"
"3.6","Ikjas Toruń vs Petronas Eagles 3:1","1216009","2026-09-03 17:00","Ikjas Arena","Petronas Eagles","140755","Maciejewski, Leszek","1685538","9","6","6","0","0","68.2","15","3","5","33","13","6","3","1","3","1","33","7","0","100","4","57","4","10","21","0","0","0","0","0","0","0","25.7","","1","3","0","0","0","0","10","21","4","0","6","0","0","4","68.2","57","1","0","0","0","2","3","2","0","2","0","0","4","2","0","1","0","5","8","0","0","0","0","0","0","0","0","0","0","0","0","0","0","0","0","0","0","0","4","1","2","7","1","0","1","0","0","0","1","1","0","0","0","0","3","0","16","11","4","0","bulk-1.27-teamid-from-league-list","0","0","0"
"3.6","Ikjas Toruń vs Petronas Eagles 3:1","1216009","2026-09-03 17:00","Ikjas Arena","Petronas Eagles","140755","Merida, John","1949065","14","12","6","1","0","92.6","16","1","12","75","69","6","1","1","5","3","67","0","0","0","0","0","2","19","37","0","0","0","0","0","0","0","43.3","","0","0","2","4","1","1","19","37","0","0","10","2","0","9","92.6","74.1","3","0","0","1","2","6","1","0","1","4","0","6","0","0","0","0","0","0","3","0","0","0","1","4","0","0","0","0","0","0","0","0","0","0","0","0","0","0","0","0","0","1","0","0","0","1","0","3","1","2","0","0","0","4","7","4","7","2","0","bulk-1.27-teamid-from-league-list","0","0","0"
"3.6","Błysk2 vs Warszawa Warriors 3:0","1216010","2026-09-03 17:00","Arena Wielkoludów","Błysk2","131225","Misztal, Tadeusz","1905578","2","2","7","0","0","55","0","0","0","0","0","9","6","4","3","2","67","0","0","0","0","0","2","17","33","28","4","61","12","21","18","10","10","{""sets"":[{""h"":25,""a"":20},{""h"":25,""a"":11},{""h"":26,""a"":24}],""parsedSets"":[{""rallies"":[{""type"":""end"",""score"":""25 : 20"",""txt"":""Koniec seta 1 : 0""},{""type"":""end"",""score"":""25 : 20"",""txt"":""Koniec seta 1 : 0""},{""type"":""rally"",""score"":""25 : 20"",""speed"":""61.8 km/h"",""res"":""Punkt: M. Bazylewicz""},{""type"":""rally"",""score"":""24 : 20"",""speed"":""57.9 km/h"",""res"":""Punkt: J. Davis""},{""type"":""rally"",""score"":""24 : 19"",""speed"":""50.3 km/h"",""res"":""Punkt: J. Deschamps""},{""type"":""rally"",""score"":""24 : 18"",""speed"":""45.8 km/h"",""res"":""Punkt: J. Davis""},{""type"":""rally"",""score"":""24 : 17"",""speed"":""68.2 km/h"",""res"":""Punkt: J. Piotrowski""},{""type"":""rally"",""score"":""23 : 17"",""speed"":""59.2 km/h"",""res"":""Błąd: M. Bazylewicz""},{""type"":""rally"",""score"":""23 : 16"",""speed"":""46.1 km/h"",""res"":""Punkt: M. Bazylewicz""},{""type"":""rally"",""score"":""22 : 16"",""speed"":""52.0 km/h"",""res"":""Punkt: A. Szczurek""},{""type"":""rally"",""score"":""21 : 16"",""speed"":""58.1 km/h"",""res"":""Punkt: F. Baluta""},{""type"":""rally"",""score"":""21 : 15"",""speed"":""72.7 km/h"",""res"":""Punkt: A. Szczurek""},{""type"":""rally"",""score"":""20 : 15"",""speed"":""72.2 km/h"",""res"":""Punkt: F. Baluta""},{""type"":""rally"",""score"":""20 : 14"",""speed"":""51.3 km/h"",""res"":""Punkt: F. Baluta""},{""type"":""rally"",""score"":""20 : 13"",""speed"":""69.2 km/h"",""res"":""Błąd: C. Reinke""},{""type"":""rally"",""score"":""19 : 13"",""speed"":""-"",""res"":""Błąd: J. Davis""},{""type"":""rally"",""score"":""18 : 13"",""speed"":""47.4 km/h"",""res"":""Punkt: J. Davis""},{""type"":""rally"",""score"":""18 : 12"",""speed"":""54.5 km/h"",""res"":""Punkt: C. Reinke""},{""type"":""rally"",""score"":""18 : 11"",""speed"":""50.0 km/h"",""res"":""Punkt: T. Zieliński""},{""type"":""rally"",""score"":""17 : 11"",""speed"":""56.1 km/h"",""res"":""Punkt: J. Davis""},{""type"":""rally"",""score"":""17 : 10"",""speed"":""57.9 km/h"",""res"":""Punkt: M. Bazylewicz""},{""type"":""tmo"",""score"":""16 : 10"",""txt"":""Czas dla: ""},{""type"":""rally"",""score"":""16 : 10"",""speed"":""45.4 km/h"",""res"":""Punkt: M. Bazylewicz""},{""type"":""rally"",""score"":""15 : 10"",""speed"":""48.4 km/h"",""res"":""Punkt: M. Bazylewicz""},{""type"":""rally"",""score"":""14 : 10"",""speed"":""52.3 km/h"",""res"":""Punkt: J. Davis""},{""type"":""rally"",""score"":""14 : 9"",""speed"":""62.0 km/h"",""res"":""Punkt: M. Bazylewicz""},{""type"":""rally"",""score"":""13 : 9"",""speed"":""73.9 km/h"",""res"":""Punkt: J. Davis""},{""type"":""rally"",""score"":""13 : 8"",""speed"":""63.8 km/h"",""res"":""Punkt: P. Witkowski""},{""type"":""rally"",""score"":""13 : 7"",""speed"":""69.5 km/h"",""res"":""Punkt: P. Witkowski""},{""type"":""rally"",""score"":""13 : 6"",""speed"":""56.2 km/h"",""res"":""Punkt: P. Witkowski""},{""type"":""rally"",""score"":""13 : 5"",""speed"":""61.9 km/h"",""res"":""Punkt: A. Szczurek""},{""type"":""rally"",""score"":""12 : 5"",""speed"":""63.5 km/h"",""res"":""Punkt: A. Szczurek""},{""type"":""rally"",""score"":""11 : 5"",""speed"":""44.5 km/h"",""res"":""Punkt: C. Reinke""},{""type"":""rally"",""score"":""11 : 4"",""speed"":""52.9 km/h"",""res"":""Punkt: S. Lanzetti""},{""type"":""rally"",""score"":""10 : 4"",""speed"":""52.0 km/h"",""res"":""Punkt: A. Szczurek""},{""type"":""chg"",""score"":""9 : 4"",""txt"":""Zmiana: A. Szczurek ⇄ J. Bielicki""},{""type"":""rally"",""score"":""9 : 4"",""speed"":""58.8 km/h"",""res"":""Punkt: C. Reinke""},{""type"":""rally"",""score"":""9 : 3"",""speed"":""58.7 km/h"",""res"":""Punkt: S. Lanzetti""},{""type"":""tmo"",""score"":""8 : 3"",""txt"":""Czas dla: ""},{""type"":""rally"",""score"":""8 : 3"",""speed"":""59.1 km/h"",""res"":""Punkt: J. Bielicki""},{""type"":""rally"",""score"":""7 : 3"",""speed"":""69.1 km/h"",""res"":""Punkt: G. Humphreys""},{""type"":""rally"",""score"":""6 : 3"",""speed"":""48.9 km/h"",""res"":""Punkt: F. Baluta""},{""type"":""rally"",""score"":""6 : 2"",""speed"":""57.7 km/h"",""res"":""Punkt: J. Bielicki""},{""type"":""rally"",""score"":""5 : 2"",""speed"":""48.8 km/h"",""res"":""Punkt: M. Bazylewicz""},{""type"":""rally"",""score"":""4 : 2"",""speed"":""41.4 km/h"",""res"":""Punkt: T. Zieliński""},{""type"":""rally"",""score"":""3 : 2"",""speed"":""49.5 km/h"",""res"":""Punkt: T. Zieliński""},{""type"":""rally"",""score"":""2 : 2"",""speed"":""46.0 km/h"",""res"":""Punkt: J. Deschamps""},{""type"":""rally"",""score"":""2 : 1"",""speed"":""55.6 km/h"",""res"":""Punkt: M. Bazylewicz""},{""type"":""rally"",""score"":""1 : 1"",""speed"":""60.4 km/h"",""res"":""Punkt: M. Bazylewicz""},{""type"":""chg"",""score"":""0 : 1"",""txt"":""Zmiana: J. Bielicki ⇄ A. Szczurek""},{""type"":""chg"",""score"":""0 : 1"",""txt"":""Zmiana: G. Porcelli ⇄ R. Zakrzewski""},{""type"":""chg"",""score"":""0 : 1"",""txt"":""Zmiana: J. Piotrowski ⇄ W. Bieniek""},{""type"":""chg"",""score"":""0 : 1"",""txt"":""Zmiana: G. Humphreys ⇄ M. Mónico""},{""type"":""chg"",""score"":""0 : 1"",""txt"":""Zmiana: S. Lanzetti ⇄ T. Misztal""},{""type"":""rally"",""score"":""0 : 1"",""speed"":""49.2 km/h"",""res"":""Błąd: M. Mónico""}]},{""rallies"":[{""type"":""end"",""score"":""25 : 11"",""txt"":""Koniec seta 2 : 0""},{""type"":""end"",""score"":""25 : 11"",""txt"":""Koniec seta 2 : 0""},{""type"":""rally"",""score"":""25 : 11"",""speed"":""45.0 km/h"",""res"":""Punkt: T. Misztal""},{""type"":""rally"",""score"":""24 : 11"",""speed"":""55.7 km/h"",""res"":""Błąd: F. Baluta""},{""type"":""rally"",""score"":""23 : 11"",""speed"":""45.8 km/h"",""res"":""Punkt: F. Baluta""},{""type"":""rally"",""score"":""23 : 10"",""speed"":""61.1 km/h"",""res"":""Punkt: T. Zieliński""},{""type"":""rally"",""score"":""22 : 10"",""speed"":""56.5 km/h"",""res"":""Punkt: J. Davis""},{""type"":""rally"",""score"":""22 : 9"",""speed"":""57.1 km/h"",""res"":""Punkt: M. Mónico""},{""type"":""rally"",""score"":""21 : 9"",""speed"":""42.2 km/h"",""res"":""Punkt: J. Davis""},{""type"":""rally"",""score"":""21 : 8"",""speed"":""43.4 km/h"",""res"":""Punkt: M. Mónico""},{""type"":""rally"",""score"":""20 : 8"",""speed"":""61.4 km/h"",""res"":""Punkt: M. Bazylewicz""},{""type"":""rally"",""score"":""19 : 8"",""speed"":""49.6 km/h"",""res"":""Punkt: J. Deschamps""},{""type"":""rally"",""score"":""19 : 7"",""speed"":""44.4 km/h"",""res"":""Punkt: M. Mónico""},{""type"":""rally"",""score"":""18 : 7"",""speed"":""51.7 km/h"",""res"":""Punkt: W. Bieniek""},{""type"":""rally"",""score"":""17 : 7"",""speed"":""55.0 km/h"",""res"":""Błąd: W. Bieniek""},{""type"":""rally"",""score"":""17 : 6"",""speed"":""48.3 km/h"",""res"":""Punkt: M. Bazylewicz""},{""type"":""rally"",""score"":""16 : 6"",""speed"":""44.3 km/h"",""res"":""Punkt: F. Baluta""},{""type"":""tmo"",""score"":""16 : 5"",""txt"":""Czas dla: ""},{""type"":""rally"",""score"":""16 : 5"",""speed"":""52.9 km/h"",""res"":""Punkt: A. Szczurek""},{""type"":""rally"",""score"":""15 : 5"",""speed"":""67.3 km/h"",""res"":""Punkt: P. Witkowski""},{""type"":""rally"",""score"":""15 : 4"",""speed"":""41.9 km/h"",""res"":""Punkt: F. Baluta""},{""type"":""tmo"",""score"":""15 : 3"",""txt"":""Czas dla: Warszawa Warriors""},{""type"":""rally"",""score"":""15 : 3"",""speed"":""44.0 km/h"",""res"":""Błąd: F. Baluta""},{""type"":""rally"",""score"":""14 : 3"",""speed"":""59.5 km/h"",""res"":""Punkt: M. Mónico""},{""type"":""rally"",""score"":""13 : 3"",""speed"":""55.7 km/h"",""res"":""Punkt: W. Bieniek""},{""type"":""rally"",""score"":""12 : 3"",""speed"":""61.3 km/h"",""res"":""Punkt: A. Szczurek""},{""type"":""rally"",""score"":""11 : 3"",""speed"":""72.5 km/h"",""res"":""Punkt: M. Mónico""},{""type"":""rally"",""score"":""10 : 3"",""speed"":""41.9 km/h"",""res"":""Punkt: C. Reinke""},{""type"":""rally"",""score"":""10 : 2"",""speed"":""46.9 km/h"",""res"":""Błąd: F. Baluta""},{""type"":""rally"",""score"":""9 : 2"",""speed"":""45.5 km/h"",""res"":""Punkt: T. Zieliński""},{""type"":""rally"",""score"":""8 : 2"",""speed"":""62.1 km/h"",""res"":""Punkt: J. Deschamps""},{""type"":""tmo"",""score"":""8 : 1"",""txt"":""Czas dla: ""},{""type"":""rally"",""score"":""8 : 1"",""speed"":""57.0 km/h"",""res"":""Punkt: T. Zieliński""},{""type"":""rally"",""score"":""7 : 1"",""speed"":""64.0 km/h"",""res"":""Punkt: T. Zieliński""},{""type"":""rally"",""score"":""6 : 1"",""speed"":""61.5 km/h"",""res"":""Punkt: J. Davis""},{""type"":""rally"",""score"":""6 : 0"",""speed"":""45.7 km/h"",""res"":""Punkt: M. Bazylewicz""},{""type"":""rally"",""score"":""5 : 0"",""speed"":""62.1 km/h"",""res"":""Punkt: M. Bazylewicz""},{""type"":""rally"",""score"":""4 : 0"",""speed"":""43.8 km/h"",""res"":""Błąd: J. Deschamps""},{""type"":""rally"",""score"":""3 : 0"",""speed"":""42.0 km/h"",""res"":""Punkt: M. Mónico""},{""type"":""rally"",""score"":""2 : 0"",""speed"":""58.5 km/h"",""res"":""Punkt: M. Mónico""},{""type"":""rally"",""score"":""1 : 0"",""speed"":""61.8 km/h"",""res"":""Punkt: W. Bieniek""}]},{""rallies"":[{""type"":""end"",""score"":""26 : 24"",""txt"":""Koniec seta 3 : 0""},{""type"":""end"",""score"":""26 : 24"",""txt"":""Koniec seta 3 : 0""},{""type"":""rally"",""score"":""26 : 24"",""speed"":""53.3 km/h"",""res"":""Punkt: M. Bazylewicz""},{""type"":""rally"",""score"":""25 : 24"",""speed"":""42.4 km/h"",""res"":""Punkt: M. Mónico""},{""type"":""rally"",""score"":""24 : 24"",""speed"":""68.8 km/h"",""res"":""Punkt: M. Bazylewicz""},{""type"":""rally"",""score"":""23 : 24"",""speed"":""54.1 km/h"",""res"":""Błąd: M. Bazylewicz""},{""type"":""rally"",""score"":""23 : 23"",""speed"":""49.5 km/h"",""res"":""Punkt: M. Mónico""},{""type"":""rally"",""score"":""22 : 23"",""speed"":""75.4 km/h"",""res"":""Punkt: M. Bazylewicz""},{""type"":""rally"",""score"":""21 : 23"",""speed"":""51.9 km/h"",""res"":""Punkt: J. Davis""},{""type"":""rally"",""score"":""21 : 22"",""speed"":""44.8 km/h"",""res"":""Punkt: M. Mónico""},{""type"":""chg"",""score"":""20 : 22"",""txt"":""Zmiana: D. Aspropoulos ⇄ A. Specker""},{""type"":""rally"",""score"":""20 : 22"",""speed"":""-"",""res"":""Błąd: A. Specker""},{""type"":""rally"",""score"":""19 : 22"",""speed"":""47.1 km/h"",""res"":""Punkt: J. Deschamps""},{""type"":""rally"",""score"":""19 : 21"",""speed"":""54.9 km/h"",""res"":""Punkt: A. Szczurek""},{""type"":""rally"",""score"":""18 : 21"",""speed"":""46.7 km/h"",""res"":""Punkt: F. Baluta""},{""type"":""rally"",""score"":""18 : 20"",""speed"":""56.0 km/h"",""res"":""Punkt: M. Mónico""},{""type"":""rally"",""score"":""17 : 20"",""speed"":""-"",""res"":""Błąd: C. Reinke""},{""type"":""rally"",""score"":""16 : 20"",""speed"":""61.7 km/h"",""res"":""Punkt: F. Baluta""},{""type"":""tmo"",""score"":""16 : 19"",""txt"":""Czas dla: Warszawa Warriors""},{""type"":""rally"",""score"":""16 : 19"",""speed"":""53.2 km/h"",""res"":""Punkt: J. Piotrowski""},{""type"":""rally"",""score"":""15 : 19"",""speed"":""60.6 km/h"",""res"":""Punkt: A. Szczurek""},{""type"":""rally"",""score"":""14 : 19"",""speed"":""56.1 km/h"",""res"":""Punkt: T. Misztal""},{""type"":""rally"",""score"":""13 : 19"",""speed"":""49.5 km/h"",""res"":""Błąd: F. Baluta""},{""type"":""rally"",""score"":""12 : 19"",""speed"":""50.1 km/h"",""res"":""Punkt: M. Mónico""},{""type"":""rally"",""score"":""11 : 19"",""speed"":""54.3 km/h"",""res"":""Punkt: J. Davis""},{""type"":""rally"",""score"":""11 : 18"",""speed"":""41.2 km/h"",""res"":""Punkt: M. Mónico""},{""type"":""rally"",""score"":""10 : 18"",""speed"":""67.8 km/h"",""res"":""Punkt: M. Mónico""},{""type"":""chg"",""score"":""9 : 18"",""txt"":""Zmiana: A. Specker ⇄ D. Aspropoulos""},{""type"":""chg"",""score"":""9 : 18"",""txt"":""Zmiana: K. Czerwiński ⇄ P. Witkowski""},{""type"":""rally"",""score"":""9 : 18"",""speed"":""53.3 km/h"",""res"":""Punkt: J. Deschamps""},{""type"":""rally"",""score"":""9 : 17"",""speed"":""59.1 km/h"",""res"":""Punkt: J. Piotrowski""},{""type"":""rally"",""score"":""8 : 17"",""speed"":""52.2 km/h"",""res"":""Punkt: J. Deschamps""},{""type"":""tmo"",""score"":""8 : 16"",""txt"":""Czas dla: ""},{""type"":""rally"",""score"":""8 : 16"",""speed"":""63.6 km/h"",""res"":""Punkt: J. Deschamps""},{""type"":""rally"",""score"":""8 : 15"",""speed"":""49.3 km/h"",""res"":""Punkt: J. Deschamps""},{""type"":""rally"",""score"":""8 : 14"",""speed"":""50.5 km/h"",""res"":""Błąd: P. Witkowski""},{""type"":""rally"",""score"":""7 : 14"",""speed"":""44.4 km/h"",""res"":""Punkt: M. Bazylewicz""},{""type"":""rally"",""score"":""6 : 14"",""speed"":""66.0 km/h"",""res"":""Punkt: C. Reinke""},{""type"":""rally"",""score"":""6 : 13"",""speed"":""44.8 km/h"",""res"":""Punkt: A. Szczurek""},{""type"":""rally"",""score"":""5 : 13"",""speed"":""49.1 km/h"",""res"":""Punkt: F. Baluta""},{""type"":""rally"",""score"":""5 : 12"",""speed"":""54.2 km/h"",""res"":""Punkt: M. Mónico""},{""type"":""rally"",""score"":""4 : 12"",""speed"":""69.6 km/h"",""res"":""Punkt: P. Witkowski""},{""type"":""rally"",""score"":""4 : 11"",""speed"":""58.1 km/h"",""res"":""Punkt: F. Baluta""},{""type"":""rally"",""score"":""4 : 10"",""speed"":""51.2 km/h"",""res"":""Punkt: M. Mónico""},{""type"":""rally"",""score"":""3 : 10"",""speed"":""47.2 km/h"",""res"":""Punkt: J. Davis""},{""type"":""rally"",""score"":""3 : 9"",""speed"":""49.5 km/h"",""res"":""Punkt: M. Bazylewicz""},{""type"":""rally"",""score"":""2 : 9"",""speed"":""43.3 km/h"",""res"":""Punkt: F. Baluta""},{""type"":""tmo"",""score"":""2 : 8"",""txt"":""Czas dla: ""},{""type"":""rally"",""score"":""2 : 8"",""speed"":""50.4 km/h"",""res"":""Punkt: F. Baluta""},{""type"":""rally"",""score"":""2 : 7"",""speed"":""60.1 km/h"",""res"":""Punkt: J. Davis""},{""type"":""rally"",""score"":""2 : 6"",""speed"":""48.7 km/h"",""res"":""Punkt: J. Deschamps""},{""type"":""rally"",""score"":""2 : 5"",""speed"":""60.8 km/h"",""res"":""Punkt: M. Bazylewicz""},{""type"":""rally"",""score"":""1 : 5"",""speed"":""62.1 km/h"",""res"":""Punkt: M. Bazylewicz""},{""type"":""rally"",""score"":""0 : 5"",""speed"":""50.2 km/h"",""res"":""Punkt: J. Davis""},{""type"":""tmo"",""score"":""0 : 4"",""txt"":""Czas dla: Błysk2""},{""type"":""rally"",""score"":""0 : 4"",""speed"":""54.7 km/h"",""res"":""Punkt: C. Reinke""},{""type"":""rally"",""score"":""0 : 3"",""speed"":""55.8 km/h"",""res"":""Punkt: C. Reinke""},{""type"":""rally"",""score"":""0 : 2"",""speed"":""49.2 km/h"",""res"":""Punkt: J. Davis""},{""type"":""chg"",""score"":""0 : 1"",""txt"":""Zmiana: J. Piotrowski ⇄ T. Zieliński""},{""type"":""rally"",""score"":""0 : 1"",""speed"":""44.0 km/h"",""res"":""Punkt: J. Deschamps""}]}]}","0","1","1","1","1","1","17","33","2","0","12","0","0","5","55","49.2","0","0","0","0","0","0","0","0","0","0","0","0","0","0","0","0","0","0","0","0","0","0","0","0","0","0","0","0","0","0","28","4","2","2","25","61","0","0","0","0","0","4","2","2","0","0","0","2","1","1","0","0","0","3","1","23","37","0","0","bulk-1.27-teamid-from-league-list","0","0","0"
"3.6","Błysk2 vs Warszawa Warriors 3:0","1216010","2026-09-03 17:00","Arena Wielkoludów","Błysk2","131225","Bieniek, Wojciech","2002500","3","0","13","0","0","62.1","10","3","2","20","-10","11","8","6","3","1","64","19","0","100","10","53","1","13","31","0","0","0","0","0","0","0","19.3","","1","3","0","0","0","0","13","31","1","0","9","0","0","4","62.1","51.8","0","0","0","0","2","2","0","0","1","0","2","3","2","1","1","0","0","4","0","0","0","0","0","0","0","0","0","0","1","1","0","0","0","0","0","0","4","12","2","1","19","6","2","0","0","1","3","1","0","1","0","0","0","2","0","20","21","0","0","bulk-1.27-teamid-from-league-list","0","0","0"
"3.6","Błysk2 vs Warszawa Warriors 3:0","1216010","2026-09-03 17:00","Arena Wielkoludów","Błysk2","131225","Bazylewicz, Maciej","1949097","23","15","14","0","2","62.1","32","8","14","44","19","5","2","0","3","1","20","0","0","0","0","0","7","43","58","0","0","0","0","0","0","0","47.2","","0","0","0","2","1","1","43","58","6","2","35","1","1","8","62.1","49.6","0","0","0","0","3","3","0","0","2","2","0","4","0","0","0","0","0","0","12","2","4","0","7","25","0","0","0","0","0","0","0","0","0","0","0","0","0","0","0","0","0","0","0","0","0","0","0","1","0","0","1","0","0","3","22","10","19","0","0","bulk-1.27-teamid-from-league-list","0","0","0"
"3.6","Błysk2 vs Warszawa Warriors 3:0","1216010","2026-09-03 17:00","Arena Wielkoludów","Błysk2","131225","Mónico, Manoel","1927862","17","17","9","0","0","61.7","22","0","14","64","64","13","9","3","4","1","31","0","0","0","0","0","3","36","46","0","0","0","0","0","0","0","52.6","","0","0","0","2","1","2","36","46","3","1","30","0","0","6","61.7","53.8","0","0","0","0","3","3","2","0","0","0","0","2","7","0","0","1","3","11","0","0","0","0","0","0","4","0","0","0","2","6","0","0","0","0","0","0","0","0","0","0","0","3","2","0","0","0","1","1","1","0","0","0","0","3","1","13","24","0","0","bulk-1.27-teamid-from-league-list","0","0","0"
"3.6","Błysk2 vs Warszawa Warriors 3:0","1216010","2026-09-03 17:00","Arena Wielkoludów","Błysk2","131225","Zieliński, Tomasz","2032339","7","7","9","0","0","61.3","4","0","3","75","75","4","1","1","3","1","50","6","0","100","1","17","4","23","43","0","0","0","0","0","0","0","22","","1","2","0","1","0","0","23","43","4","1","21","0","0","2","61.3","51.5","0","0","0","0","0","0","0","0","0","0","0","0","3","0","0","0","1","4","0","0","0","0","0","0","0","0","0","0","0","0","0","0","0","0","0","0","1","1","1","3","6","1","1","0","0","0","0","1","0","0","0","1","0","2","13","13","0","0","0","bulk-1.27-teamid-from-league-list","0","0","0"
"3.6","Błysk2 vs Warszawa Warriors 3:0","1216010","2026-09-03 17:00","Arena Wielkoludów","Błysk2","131225","Szczurek, Adrian","2032628","12","11","8","0","1","66","15","1","8","53","47","1","0","0","1","0","0","0","0","0","0","0","3","38","50","0","1","1","0","0","0","1","35.9","","0","1","0","0","0","0","38","50","1","0","22","2","0","16","66","53.2","0","0","0","0","2","2","0","0","0","0","0","0","0","0","0","0","0","0","8","0","1","0","4","13","0","0","0","0","0","0","0","1","0","0","0","1","0","0","0","0","0","0","0","0","0","0","0","0","0","0","0","0","0","3","8","7","8","0","0","bulk-1.27-teamid-from-league-list","0","0","0"
"3.6","Błysk2 vs Warszawa Warriors 3:0","1216010","2026-09-03 17:00","Arena Wielkoludów","Błysk2","131225","Zakrzewski, Radosław","1976124","0","0","0","0","0","0","0","0","0","0","0","19","16","9","3","2","58","7","0","100","5","71","0","0","0","3","1","5","0","0","2","3","12.8","","2","2","0","1","0","0","0","0","0","0","0","0","0","0","0","0","0","0","0","0","0","0","0","0","0","0","0","0","0","0","0","0","0","0","0","0","0","0","0","0","0","0","0","0","0","0","3","1","1","0","0","5","2","3","1","1","7","9","3","1","2","3","0","2","2","0","0","0","0","2","0","10","19","0","0","bulk-1.27-teamid-from-league-list","0","0","0"
"3.6","Błysk2 vs Warszawa Warriors 3:0","1216010","2026-09-03 17:00","Arena Wielkoludów","Błysk2","131225","Bielicki, Jan","2003261","2","1","0","0","0","0","5","1","1","20","0","0","0","0","0","0","0","0","0","0","0","0","1","11","11","0","0","0","0","0","0","0","3.5","","0","0","0","0","0","0","11","11","1","0","8","0","0","3","0","0","0","0","0","0","0","0","0","0","1","0","0","1","0","0","0","0","0","0","1","0","0","0","3","4","0","0","0","0","0","0","0","0","0","0","0","0","0","0","0","0","0","0","0","0","0","0","0","0","0","0","0","0","0","1","4","0","0","0","0","bulk-1.27-teamid-from-league-list","0","0","0"
"3.6","Błysk2 vs Warszawa Warriors 3:0","1216010","2026-09-03 17:00","Arena Wielkoludów","Błysk2","131225","Lanzetti, Sisto","2112556","3","3","2","0","0","52.3","1","0","0","0","0","5","3","0","2","1","20","0","0","0","0","0","3","16","21","9","4","29","5","7","8","9","9.4","","1","1","0","1","0","0","16","21","2","1","13","1","0","3","52.3","49.1","0","0","0","0","1","1","0","0","0","0","0","0","0","0","0","0","0","0","0","0","0","0","0","0","0","0","0","0","0","0","9","4","0","1","15","29","0","0","0","0","0","0","0","0","0","0","0","1","1","0","0","0","0","1","26","0","0","0","0","bulk-1.27-teamid-from-league-list","0","0","0"
"3.6","Błysk2 vs Warszawa Warriors 3:0","1216010","2026-09-03 17:00","Arena Wielkoludów","Błysk2","131225","Porcelli, Gandolfo","2088001","0","0","0","0","0","0","0","0","0","0","0","9","4","3","5","2","56","2","0","100","1","50","0","0","0","1","0","1","0","1","0","0","4.4","","2","3","0","2","0","0","0","0","0","0","0","0","0","0","0","0","0","0","0","0","0","0","0","0","0","0","0","0","0","0","0","0","0","0","0","0","0","0","0","0","0","0","0","0","0","0","1","0","0","0","0","1","0","1","0","1","2","2","2","0","0","0","0","2","0","0","0","2","0","1","10","0","0","0","0","bulk-1.27-teamid-from-league-list","0","0","0"
"3.6","Błysk2 vs Warszawa Warriors 3:0","1216010","2026-09-03 17:00","Arena Wielkoludów","Błysk2","131225","Humphreys, Gary","2004374","1","1","5","0","0","69.2","2","0","0","0","0","6","4","1","2","1","33","0","0","0","0","0","1","9","19","0","0","0","0","0","0","0","4.2","","1","1","0","1","0","0","9","19","1","0","7","0","0","2","69.2","59.4","0","0","0","0","0","0","0","0","0","0","0","0","0","0","0","0","1","1","0","0","0","0","0","0","0","0","0","0","1","1","0","0","0","0","0","0","0","0","0","0","0","1","0","1","0","0","0","1","0","0","0","0","1","1","10","0","0","0","0","bulk-1.27-teamid-from-league-list","0","0","0"
"3.6","Błysk2 vs Warszawa Warriors 3:0","1216010","2026-09-03 17:00","Arena Wielkoludów","Błysk2","131225","Piotrowski, Juliusz","1974934","3","2","8","0","0","57.9","7","0","2","29","29","15","11","4","4","3","47","19","1","95","7","37","1","25","45","0","0","0","0","0","0","0","19.4","","0","1","2","2","1","1","25","45","1","1","20","0","0","5","57.9","51.6","0","0","0","0","3","3","0","0","0","0","0","0","1","0","0","0","1","2","0","0","0","0","0","0","1","0","0","0","1","2","0","0","0","0","0","0","5","4","5","4","18","4","1","1","0","2","0","3","0","1","0","1","1","2","24","0","19","0","0","bulk-1.27-teamid-from-league-list","0","0","0"
"3.6","Błysk2 vs Warszawa Warriors 3:0","1216010","2026-09-03 17:00","Arena Wielkoludów","Warszawa Warriors","140753","Aspropoulos, Diether","2059884","0","0","8","0","0","73.9","0","0","0","0","0","15","12","5","3","1","40","0","0","0","0","0","0","14","35","35","21","101","8","22","40","31","4.4","","1","1","0","2","0","0","14","35","0","0","10","0","0","4","73.9","61.9","0","0","0","0","0","0","0","0","0","0","0","0","0","0","0","0","0","0","0","0","0","0","0","0","0","0","0","0","0","0","35","21","5","6","34","101","0","0","0","0","0","5","2","2","0","0","1","1","0","1","0","0","0","3","37","31","28","0","0","bulk-1.27-teamid-from-league-list","0","0","0"
"3.6","Błysk2 vs Warszawa Warriors 3:0","1216010","2026-09-03 17:00","Arena Wielkoludów","Warszawa Warriors","140753","Witkowski, Piotr","2087441","5","0","15","0","0","64","16","5","2","13","-19","24","13","7","11","9","67","7","0","100","3","43","3","13","34","0","0","0","0","0","0","0","14.9","","7","7","2","4","0","0","13","34","3","0","11","0","0","2","64","56.7","1","0","0","0","0","1","0","1","3","0","1","5","1","0","0","0","5","6","0","0","0","0","0","0","0","0","1","0","3","4","0","0","0","0","0","0","1","2","2","2","7","7","2","0","0","3","2","9","6","0","0","3","0","3","17","11","18","0","0","bulk-1.27-teamid-from-league-list","0","0","0"
"3.6","Błysk2 vs Warszawa Warriors 3:0","1216010","2026-09-03 17:00","Arena Wielkoludów","Warszawa Warriors","140753","Deschamps, Jean-François","2088671","12","7","10","0","0","68.8","20","5","10","50","25","3","0","0","3","0","0","0","0","0","0","0","2","35","50","0","1","1","0","0","0","1","23.5","","0","0","0","3","0","0","35","50","2","1","29","0","0","6","68.8","54.2","3","0","0","0","1","4","1","0","0","1","0","2","0","0","0","0","0","0","5","1","4","0","4","14","0","0","0","0","0","0","0","1","0","0","0","1","0","0","0","0","0","0","0","0","0","0","0","0","0","0","0","0","0","3","8","8","14","0","0","bulk-1.27-teamid-from-league-list","0","0","0"
"3.6","Błysk2 vs Warszawa Warriors 3:0","1216010","2026-09-03 17:00","Arena Wielkoludów","Warszawa Warriors","140753","Davis, Jason","2032111","19","14","7","1","1","72.5","26","4","16","62","46","15","7","3","8","4","47","0","0","0","0","0","2","25","55","0","0","0","0","0","0","0","47.2","","4","4","0","4","0","0","25","55","2","2","23","0","0","2","72.5","58.6","2","0","0","0","2","4","0","0","1","2","0","3","10","0","1","2","4","17","0","0","0","0","0","0","0","0","2","0","0","2","0","0","0","0","0","0","0","0","0","0","0","3","0","1","0","1","1","4","2","1","0","1","0","3","15","6","17","0","0","bulk-1.27-teamid-from-league-list","0","0","0"
"3.6","Błysk2 vs Warszawa Warriors 3:0","1216010","2026-09-03 17:00","Arena Wielkoludów","Warszawa Warriors","140753","Reinke, Cody","1975037","8","-6","9","1","0","72.7","25","10","6","24","-16","22","10","3","12","4","32","59","3","95","20","34","2","27","57","0","0","0","0","0","0","0","27.2","","1","1","3","11","0","0","27","57","2","0","22","0","0","5","72.7","62.1","0","0","0","0","2","2","0","0","1","0","0","1","3","1","7","0","5","16","0","0","0","0","0","0","2","0","1","1","2","6","0","0","0","0","0","0","3","12","24","17","56","3","0","1","0","2","0","4","0","4","0","0","0","3","27","28","25","0","0","bulk-1.27-teamid-from-league-list","0","0","0"
"3.6","Błysk2 vs Warszawa Warriors 3:0","1216010","2026-09-03 17:00","Arena Wielkoludów","Warszawa Warriors","140753","Baluta, Ferka","2060647","14","7","5","0","0","63.5","30","7","13","43","20","5","4","0","1","0","0","0","0","0","0","0","1","32","47","0","0","0","0","0","0","0","22.5","","0","0","0","1","0","0","32","47","1","0","22","0","0","10","63.5","52.7","1","2","0","0","3","6","0","1","0","0","1","2","0","0","0","0","0","0","11","1","3","1","6","22","0","0","0","0","0","0","0","0","0","0","0","0","0","0","0","0","0","0","0","0","0","0","0","0","0","0","0","0","0","3","13","8","12","0","0","bulk-1.27-teamid-from-league-list","0","0","0"
"3.6","Błysk2 vs Warszawa Warriors 3:0","1216010","2026-09-03 17:00","Arena Wielkoludów","Warszawa Warriors","140753","Koczur, Jakub","1975597","0","0","0","0","0","0","0","0","0","0","0","19","17","8","2","2","53","8","0","100","2","25","0","0","0","2","0","5","0","2","2","1","11.2","","1","1","1","1","0","0","0","0","0","0","0","0","0","0","0","0","0","0","0","0","0","0","0","0","0","0","0","0","0","0","0","0","0","0","0","0","0","0","0","0","0","0","0","0","0","0","2","0","2","0","1","5","2","4","2","0","8","8","2","1","1","3","1","2","1","1","0","0","0","3","8","7","11","0","0","bulk-1.27-teamid-from-league-list","0","0","0"
"3.6","Błysk2 vs Warszawa Warriors 3:0","1216010","2026-09-03 17:00","Arena Wielkoludów","Warszawa Warriors","140753","Specker, Axel","2087484","0","-1","1","1","0","0","0","0","0","0","0","3","2","0","1","0","0","0","0","0","0","0","0","3","7","3","4","12","0","4","4","4","-1","","0","0","0","1","0","0","3","7","0","0","3","0","0","0","0","0","0","0","0","0","0","0","0","0","0","0","0","0","0","0","0","0","0","0","0","0","0","0","0","0","0","0","0","0","0","0","3","4","0","1","4","12","0","0","0","0","0","0","0","0","0","0","0","0","0","0","0","0","0","1","0","0","12","0","0","bulk-1.27-teamid-from-league-list","0","0","0"
"3.6","Błysk2 vs Warszawa Warriors 3:0","1216010","2026-09-03 17:00","Arena Wielkoludów","Warszawa Warriors","140753","Czerwiński, Kacper","2088020","0","-2","1","0","0","75.4","2","2","0","0","-100","4","3","1","1","0","25","1","0","100","0","0","0","5","6","0","0","0","0","0","0","0","-1.8","","0","0","0","1","0","0","5","6","0","0","5","0","0","0","75.4","75.4","0","0","0","0","0","0","0","0","1","0","0","1","0","0","1","0","0","1","0","0","0","0","0","0","0","0","0","0","0","0","0","0","0","0","0","0","0","0","1","0","1","1","0","1","0","0","0","0","0","0","0","0","0","1","0","0","5","0","0","bulk-1.27-teamid-from-league-list","0","0","0"
"3.6","Twierdza Teodorówka vs RTS.Strongman Małecz 3:1","1216011","2026-09-03 17:00","Arena Twierdza","Twierdza Teodorówka","130591","Krysta, Tomasz","1865361","0","0","19","0","0","79.9","0","0","0","0","0","25","19","8","6","2","40","0","0","0","0","0","0","17","42","52","17","119","17","48","33","21","7.2","{""sets"":[{""h"":25,""a"":21},{""h"":24,""a"":26},{""h"":25,""a"":20},{""h"":25,""a"":21}],""parsedSets"":[{""rallies"":[{""type"":""end"",""score"":""25 : 21"",""txt"":""Koniec seta 1 : 0""},{""type"":""end"",""score"":""25 : 21"",""txt"":""Koniec seta 1 : 0""},{""type"":""rally"",""score"":""25 : 21"",""speed"":""61.9 km/h"",""res"":""Punkt: S. Krajewski""},{""type"":""rally"",""score"":""24 : 21"",""speed"":""52.4 km/h"",""res"":""Punkt: E. Breviglieri""},{""type"":""rally"",""score"":""23 : 21"",""speed"":""-"",""res"":""Błąd: N. Tabor""},{""type"":""rally"",""score"":""22 : 21"",""speed"":""65.7 km/h"",""res"":""Punkt: J. Wolniewicz""},{""type"":""rally"",""score"":""22 : 20"",""speed"":""67.9 km/h"",""res"":""Punkt: J. Wolniewicz""},{""type"":""rally"",""score"":""22 : 19"",""speed"":""61.4 km/h"",""res"":""Punkt: K. Rutkowski""},{""type"":""rally"",""score"":""21 : 19"",""speed"":""-"",""res"":""Błąd: M. Liberato""},{""type"":""rally"",""score"":""20 : 19"",""speed"":""60.1 km/h"",""res"":""Punkt: J. Wolniewicz""},{""type"":""rally"",""score"":""20 : 18"",""speed"":""67.3 km/h"",""res"":""Punkt: F. Blondel""},{""type"":""rally"",""score"":""19 : 18"",""speed"":""52.5 km/h"",""res"":""Punkt: J. Wolniewicz""},{""type"":""rally"",""score"":""19 : 17"",""speed"":""58.5 km/h"",""res"":""Punkt: F. Blondel""},{""type"":""rally"",""score"":""18 : 17"",""speed"":""-"",""res"":""Błąd: K. Rutkowski""},{""type"":""rally"",""score"":""18 : 16"",""speed"":""47.8 km/h"",""res"":""Punkt: F. Blondel""},{""type"":""rally"",""score"":""17 : 16"",""speed"":""59.8 km/h"",""res"":""Punkt: F. Blondel""},{""type"":""rally"",""score"":""16 : 16"",""speed"":""72.0 km/h"",""res"":""Punkt: F. Blondel""},{""type"":""tmo"",""score"":""15 : 16"",""txt"":""Czas dla: ""},{""type"":""rally"",""score"":""15 : 16"",""speed"":""90.8 km/h"",""res"":""Punkt: K. Jastrzębski""},{""type"":""rally"",""score"":""15 : 15"",""speed"":""51.8 km/h"",""res"":""Punkt: N. Tabor""},{""type"":""chg"",""score"":""15 : 14"",""txt"":""Zmiana: M. Liberato ⇄ T. Falba""},{""type"":""rally"",""score"":""15 : 14"",""speed"":""52.1 km/h"",""res"":""Punkt: F. Blondel""},{""type"":""rally"",""score"":""14 : 14"",""speed"":""83.3 km/h"",""res"":""Punkt: K. Rutkowski""},{""type"":""rally"",""score"":""13 : 14"",""speed"":""61.0 km/h"",""res"":""Błąd: K. Rutkowski""},{""type"":""rally"",""score"":""13 : 13"",""speed"":""57.6 km/h"",""res"":""Punkt: K. Rutkowski""},{""type"":""rally"",""score"":""12 : 13"",""speed"":""53.8 km/h"",""res"":""Punkt: A. Kladar""},{""type"":""rally"",""score"":""11 : 13"",""speed"":""100.5 km/h"",""res"":""Punkt: K. Rutkowski""},{""type"":""chg"",""score"":""10 : 13"",""txt"":""Zmiana: F. Blondel ⇄ K. Możejko""},{""type"":""tmo"",""score"":""10 : 13"",""txt"":""Czas dla: Twierdza Teodorówka""},{""type"":""rally"",""score"":""10 : 13"",""speed"":""70.9 km/h"",""res"":""Punkt: T. Rybicki""},{""type"":""rally"",""score"":""10 : 12"",""speed"":""93.1 km/h"",""res"":""Błąd: K. Rutkowski""},{""type"":""rally"",""score"":""10 : 11"",""speed"":""79.9 km/h"",""res"":""Punkt: J. Wolniewicz""},{""type"":""rally"",""score"":""10 : 10"",""speed"":""56.5 km/h"",""res"":""Punkt: K. Rutkowski""},{""type"":""rally"",""score"":""9 : 10"",""speed"":""-"",""res"":""Błąd: K. Możejko""},{""type"":""rally"",""score"":""9 : 9"",""speed"":""60.9 km/h"",""res"":""Punkt: S. Krajewski""},{""type"":""rally"",""score"":""8 : 9"",""speed"":""84.6 km/h"",""res"":""Punkt: M. Onorato""},{""type"":""rally"",""score"":""8 : 8"",""speed"":""71.1 km/h"",""res"":""Punkt: K. Jastrzębski""},{""type"":""rally"",""score"":""8 : 7"",""speed"":""62.4 km/h"",""res"":""Punkt: N. Tabor""},{""type"":""rally"",""score"":""8 : 6"",""speed"":""50.4 km/h"",""res"":""Błąd: K. Rutkowski""},{""type"":""tmo"",""score"":""8 : 5"",""txt"":""Czas dla: ""},{""type"":""rally"",""score"":""8 : 5"",""speed"":""66.9 km/h"",""res"":""Błąd: K. Jastrzębski""},{""type"":""rally"",""score"":""7 : 5"",""speed"":""72.0 km/h"",""res"":""Punkt: M. Onorato""},{""type"":""rally"",""score"":""7 : 4"",""speed"":""57.1 km/h"",""res"":""Punkt: A. Kladar""},{""type"":""rally"",""score"":""6 : 4"",""speed"":""85.2 km/h"",""res"":""Punkt: K. Rutkowski""},{""type"":""rally"",""score"":""5 : 4"",""speed"":""52.7 km/h"",""res"":""Punkt: M. Onorato""},{""type"":""rally"",""score"":""5 : 3"",""speed"":""65.5 km/h"",""res"":""Punkt: K. Możejko""},{""type"":""rally"",""score"":""4 : 3"",""speed"":""69.0 km/h"",""res"":""Punkt: E. Breviglieri""},{""type"":""rally"",""score"":""3 : 3"",""speed"":""86.4 km/h"",""res"":""Punkt: K. Rutkowski""},{""type"":""rally"",""score"":""2 : 3"",""speed"":""-"",""res"":""Błąd: S. Krajewski""},{""type"":""rally"",""score"":""2 : 2"",""speed"":""54.0 km/h"",""res"":""Punkt: A. Kladar""},{""type"":""rally"",""score"":""1 : 2"",""speed"":""77.3 km/h"",""res"":""Punkt: K. Rutkowski""},{""type"":""rally"",""score"":""0 : 2"",""speed"":""59.9 km/h"",""res"":""Punkt: T. Rybicki""},{""type"":""rally"",""score"":""0 : 1"",""speed"":""53.1 km/h"",""res"":""Punkt: N. Tabor""}]},{""rallies"":[{""type"":""end"",""score"":""24 : 26"",""txt"":""Koniec seta 1 : 1""},{""type"":""end"",""score"":""24 : 26"",""txt"":""Koniec seta 1 : 1""},{""type"":""rally"",""score"":""24 : 26"",""speed"":""48.8 km/h"",""res"":""Punkt: K. Jastrzębski""},{""type"":""rally"",""score"":""24 : 25"",""speed"":""54.8 km/h"",""res"":""Punkt: K. Gajda""},{""type"":""rally"",""score"":""24 : 24"",""speed"":""84.8 km/h"",""res"":""Punkt: S. Krajewski""},{""type"":""rally"",""score"":""23 : 24"",""speed"":""91.3 km/h"",""res"":""Błąd: M. Hyla""},{""type"":""rally"",""score"":""23 : 23"",""speed"":""60.3 km/h"",""res"":""Punkt: T. Rybicki""},{""type"":""rally"",""score"":""23 : 22"",""speed"":""93.2 km/h"",""res"":""Punkt: M. Hyla""},{""type"":""rally"",""score"":""22 : 22"",""speed"":""57.4 km/h"",""res"":""Punkt: T. Rybicki""},{""type"":""rally"",""score"":""22 : 21"",""speed"":""51.8 km/h"",""res"":""Punkt: E. Breviglieri""},{""type"":""chg"",""score"":""21 : 21"",""txt"":""Zmiana: K. Gajda ⇄ M. Onorato""},{""type"":""chg"",""score"":""21 : 21"",""txt"":""Zmiana: T. Falba ⇄ M. Liberato""},{""type"":""rally"",""score"":""21 : 21"",""speed"":""56.9 km/h"",""res"":""Punkt: K. Rutkowski""},{""type"":""rally"",""score"":""20 : 21"",""speed"":""84.6 km/h"",""res"":""Punkt: E. Breviglieri""},{""type"":""rally"",""score"":""19 : 21"",""speed"":""75.1 km/h"",""res"":""Punkt: T. Rybicki""},{""type"":""chg"",""score"":""19 : 20"",""txt"":""Zmiana: M. Liberato ⇄ T. Falba""},{""type"":""rally"",""score"":""19 : 20"",""speed"":""64.4 km/h"",""res"":""Punkt: K. Rutkowski""},{""type"":""rally"",""score"":""18 : 20"",""speed"":""82.5 km/h"",""res"":""Punkt: E. Breviglieri""},{""type"":""chg"",""score"":""17 : 20"",""txt"":""Zmiana: F. Blondel ⇄ K. Możejko""},{""type"":""tmo"",""score"":""17 : 20"",""txt"":""Czas dla: Twierdza Teodorówka""},{""type"":""rally"",""score"":""17 : 20"",""speed"":""51.5 km/h"",""res"":""Błąd: S. Krajewski""},{""type"":""rally"",""score"":""17 : 19"",""speed"":""89.1 km/h"",""res"":""Punkt: N. Tabor""},{""type"":""rally"",""score"":""17 : 18"",""speed"":""69.5 km/h"",""res"":""Punkt: K. Jastrzębski""},{""type"":""rally"",""score"":""17 : 17"",""speed"":""70.2 km/h"",""res"":""Punkt: K. Rutkowski""},{""type"":""rally"",""score"":""16 : 17"",""speed"":""75.1 km/h"",""res"":""Punkt: K. Jastrzębski""},{""type"":""rally"",""score"":""16 : 16"",""speed"":""56.5 km/h"",""res"":""Punkt: T. Falba""},{""type"":""rally"",""score"":""16 : 15"",""speed"":""76.5 km/h"",""res"":""Punkt: N. Tabor""},{""type"":""rally"",""score"":""16 : 14"",""speed"":""-"",""res"":""Błąd: M. Hyla""},{""type"":""tmo"",""score"":""16 : 13"",""txt"":""Czas dla: ""},{""type"":""rally"",""score"":""16 : 13"",""speed"":""88.9 km/h"",""res"":""Punkt: M. Hyla""},{""type"":""rally"",""score"":""15 : 13"",""speed"":""-"",""res"":""Błąd: K. Rutkowski""},{""type"":""rally"",""score"":""15 : 12"",""speed"":""-"",""res"":""Błąd: T. Rybicki""},{""type"":""rally"",""score"":""14 : 12"",""speed"":""55.3 km/h"",""res"":""Punkt: M. Onorato""},{""type"":""rally"",""score"":""14 : 11"",""speed"":""102.5 km/h"",""res"":""Punkt: M. Hyla""},{""type"":""rally"",""score"":""13 : 11"",""speed"":""50.6 km/h"",""res"":""Punkt: J. Wolniewicz""},{""type"":""rally"",""score"":""13 : 10"",""speed"":""54.6 km/h"",""res"":""Punkt: K. Rutkowski""},{""type"":""rally"",""score"":""12 : 10"",""speed"":""55.3 km/h"",""res"":""Punkt: K. Rutkowski""},{""type"":""rally"",""score"":""11 : 10"",""speed"":""61.7 km/h"",""res"":""Punkt: M. Onorato""},{""type"":""rally"",""score"":""11 : 9"",""speed"":""70.4 km/h"",""res"":""Błąd: N. Tabor""},{""type"":""rally"",""score"":""10 : 9"",""speed"":""66.6 km/h"",""res"":""Punkt: E. Breviglieri""},{""type"":""rally"",""score"":""9 : 9"",""speed"":""71.0 km/h"",""res"":""Błąd: T. Rybicki""},{""type"":""rally"",""score"":""8 : 9"",""speed"":""-"",""res"":""Błąd: K. Jastrzębski""},{""type"":""rally"",""score"":""7 : 9"",""speed"":""52.3 km/h"",""res"":""Punkt: K. Jastrzębski""},{""type"":""rally"",""score"":""7 : 8"",""speed"":""61.5 km/h"",""res"":""Błąd: M. Onorato""},{""type"":""rally"",""score"":""6 : 8"",""speed"":""-"",""res"":""Błąd: J. Wolniewicz""},{""type"":""tmo"",""score"":""5 : 8"",""txt"":""Czas dla: ""},{""type"":""rally"",""score"":""5 : 8"",""speed"":""54.6 km/h"",""res"":""Punkt: K. Jastrzębski""},{""type"":""rally"",""score"":""5 : 7"",""speed"":""51.5 km/h"",""res"":""Punkt: K. Możejko""},{""type"":""rally"",""score"":""4 : 7"",""speed"":""86.9 km/h"",""res"":""Punkt: K. Rutkowski""},{""type"":""chg"",""score"":""3 : 7"",""txt"":""Zmiana: M. Hyla ⇄ A. Kladar""},{""type"":""rally"",""score"":""3 : 7"",""speed"":""62.1 km/h"",""res"":""Błąd: S. Krajewski""},{""type"":""rally"",""score"":""3 : 6"",""speed"":""64.8 km/h"",""res"":""Punkt: M. Onorato""},{""type"":""rally"",""score"":""3 : 5"",""speed"":""79.9 km/h"",""res"":""Punkt: K. Rutkowski""},{""type"":""rally"",""score"":""2 : 5"",""speed"":""72.4 km/h"",""res"":""Punkt: K. Jastrzębski""},{""type"":""rally"",""score"":""2 : 4"",""speed"":""53.3 km/h"",""res"":""Punkt: M. Onorato""},{""type"":""rally"",""score"":""2 : 3"",""speed"":""89.6 km/h"",""res"":""Punkt: A. Kladar""},{""type"":""rally"",""score"":""1 : 3"",""speed"":""85.8 km/h"",""res"":""Błąd: K. Rutkowski""},{""type"":""rally"",""score"":""1 : 2"",""speed"":""73.2 km/h"",""res"":""Punkt: N. Tabor""},{""type"":""rally"",""score"":""1 : 1"",""speed"":""49.3 km/h"",""res"":""Punkt: T. Rybicki""},{""type"":""rally"",""score"":""1 : 0"",""speed"":""72.1 km/h"",""res"":""Punkt: K. Rutkowski""}]},{""rallies"":[{""type"":""end"",""score"":""25 : 20"",""txt"":""Koniec seta 2 : 1""},{""type"":""end"",""score"":""25 : 20"",""txt"":""Koniec seta 2 : 1""},{""type"":""rally"",""score"":""25 : 20"",""speed"":""58.3 km/h"",""res"":""Punkt: S. Krajewski""},{""type"":""rally"",""score"":""24 : 20"",""speed"":""56.8 km/h"",""res"":""Punkt: K. Rutkowski""},{""type"":""rally"",""score"":""23 : 20"",""speed"":""72.1 km/h"",""res"":""Punkt: K. Rutkowski""},{""type"":""rally"",""score"":""22 : 20"",""speed"":""63.3 km/h"",""res"":""Punkt: E. Breviglieri""},{""type"":""rally"",""score"":""21 : 20"",""speed"":""-"",""res"":""Błąd: T. Falba""},{""type"":""rally"",""score"":""20 : 20"",""speed"":""80.8 km/h"",""res"":""Punkt: T. Rybicki""},{""type"":""rally"",""score"":""20 : 19"",""speed"":""64.4 km/h"",""res"":""Punkt: T. Rybicki""},{""type"":""rally"",""score"":""20 : 18"",""speed"":""69.9 km/h"",""res"":""Punkt: S. Krajewski""},{""type"":""rally"",""score"":""19 : 18"",""speed"":""-"",""res"":""Błąd: A. Kladar""},{""type"":""rally"",""score"":""19 : 17"",""speed"":""51.4 km/h"",""res"":""Punkt: F. Blondel""},{""type"":""rally"",""score"":""18 : 17"",""speed"":""82.4 km/h"",""res"":""Błąd: F. Blondel""},{""type"":""rally"",""score"":""18 : 16"",""speed"":""75.2 km/h"",""res"":""Błąd: K. Rutkowski""},{""type"":""rally"",""score"":""18 : 15"",""speed"":""83.4 km/h"",""res"":""Punkt: F. Blondel""},{""type"":""rally"",""score"":""17 : 15"",""speed"":""52.8 km/h"",""res"":""Punkt: K. Jastrzębski""},{""type"":""rally"",""score"":""17 : 14"",""speed"":""55.4 km/h"",""res"":""Punkt: K. Rutkowski""},{""type"":""rally"",""score"":""16 : 14"",""speed"":""53.6 km/h"",""res"":""Punkt: N. Tabor""},{""type"":""tmo"",""score"":""16 : 13"",""txt"":""Czas dla: ""},{""type"":""rally"",""score"":""16 : 13"",""speed"":""64.9 km/h"",""res"":""Punkt: K. Rutkowski""},{""type"":""rally"",""score"":""15 : 13"",""speed"":""65.1 km/h"",""res"":""Punkt: T. Rybicki""},{""type"":""chg"",""score"":""15 : 12"",""txt"":""Zmiana: M. Onorato ⇄ K. Gajda""},{""type"":""rally"",""score"":""15 : 12"",""speed"":""54.4 km/h"",""res"":""Punkt: K. Rutkowski""},{""type"":""rally"",""score"":""14 : 12"",""speed"":""84.3 km/h"",""res"":""Punkt: K. Rutkowski""},{""type"":""rally"",""score"":""13 : 12"",""speed"":""69.0 km/h"",""res"":""Błąd: E. Breviglieri""},{""type"":""rally"",""score"":""13 : 11"",""speed"":""-"",""res"":""Błąd: F. Blondel""},{""type"":""chg"",""score"":""13 : 10"",""txt"":""Zmiana: T. Falba ⇄ M. Liberato""},{""type"":""tmo"",""score"":""13 : 10"",""txt"":""Czas dla: RTS.Strongman Małecz""},{""type"":""rally"",""score"":""13 : 10"",""speed"":""61.6 km/h"",""res"":""Punkt: K. Rutkowski""},{""type"":""rally"",""score"":""12 : 10"",""speed"":""52.6 km/h"",""res"":""Punkt: E. Breviglieri""},{""type"":""rally"",""score"":""11 : 10"",""speed"":""76.1 km/h"",""res"":""Punkt: F. Blondel""},{""type"":""rally"",""score"":""10 : 10"",""speed"":""83.4 km/h"",""res"":""Punkt: N. Tabor""},{""type"":""rally"",""score"":""10 : 9"",""speed"":""-"",""res"":""Błąd: A. Kladar""},{""type"":""chg"",""score"":""10 : 8"",""txt"":""Zmiana: K. Gajda ⇄ M. Onorato""},{""type"":""rally"",""score"":""10 : 8"",""speed"":""55.1 km/h"",""res"":""Punkt: F. Blondel""},{""type"":""rally"",""score"":""9 : 8"",""speed"":""50.7 km/h"",""res"":""Punkt: S. Krajewski""},{""type"":""chg"",""score"":""8 : 8"",""txt"":""Zmiana: M. Liberato ⇄ T. Falba""},{""type"":""rally"",""score"":""8 : 8"",""speed"":""51.9 km/h"",""res"":""Punkt: S. Krajewski""},{""type"":""rally"",""score"":""7 : 8"",""speed"":""-"",""res"":""Błąd: J. Wolniewicz""},{""type"":""tmo"",""score"":""6 : 8"",""txt"":""Czas dla: ""},{""type"":""rally"",""score"":""6 : 8"",""speed"":""-"",""res"":""Błąd: K. Rutkowski""},{""type"":""rally"",""score"":""6 : 7"",""speed"":""55.3 km/h"",""res"":""Błąd: M. Onorato""},{""type"":""rally"",""score"":""5 : 7"",""speed"":""69.4 km/h"",""res"":""Punkt: F. Blondel""},{""type"":""chg"",""score"":""4 : 7"",""txt"":""Zmiana: F. Blondel ⇄ K. Możejko""},{""type"":""tmo"",""score"":""4 : 7"",""txt"":""Czas dla: Twierdza Teodorówka""},{""type"":""rally"",""score"":""4 : 7"",""speed"":""92.0 km/h"",""res"":""Punkt: M. Onorato""},{""type"":""rally"",""score"":""4 : 6"",""speed"":""64.3 km/h"",""res"":""Punkt: K. Jastrzębski""},{""type"":""rally"",""score"":""4 : 5"",""speed"":""59.3 km/h"",""res"":""Punkt: K. Jastrzębski""},{""type"":""rally"",""score"":""4 : 4"",""speed"":""60.8 km/h"",""res"":""Punkt: K. Rutkowski""},{""type"":""rally"",""score"":""3 : 4"",""speed"":""63.6 km/h"",""res"":""Punkt: T. Rybicki""},{""type"":""rally"",""score"":""3 : 3"",""speed"":""50.5 km/h"",""res"":""Punkt: J. Wolniewicz""},{""type"":""rally"",""score"":""3 : 2"",""speed"":""53.5 km/h"",""res"":""Punkt: K. Rutkowski""},{""type"":""rally"",""score"":""2 : 2"",""speed"":""50.8 km/h"",""res"":""Punkt: E. Breviglieri""},{""type"":""rally"",""score"":""1 : 2"",""speed"":""69.1 km/h"",""res"":""Punkt: K. Rutkowski""},{""type"":""rally"",""score"":""0 : 2"",""speed"":""85.2 km/h"",""res"":""Błąd: E. Breviglieri""},{""type"":""rally"",""score"":""0 : 1"",""speed"":""55.4 km/h"",""res"":""Punkt: T. Rybicki""}]},{""rallies"":[{""type"":""end"",""score"":""25 : 21"",""txt"":""Koniec seta 3 : 1""},{""type"":""end"",""score"":""25 : 21"",""txt"":""Koniec seta 3 : 1""},{""type"":""rally"",""score"":""25 : 21"",""speed"":""57.6 km/h"",""res"":""Punkt: A. Kladar""},{""type"":""rally"",""score"":""24 : 21"",""speed"":""80.8 km/h"",""res"":""Punkt: A. Kladar""},{""type"":""rally"",""score"":""23 : 21"",""speed"":""74.2 km/h"",""res"":""Punkt: K. Jastrzębski""},{""type"":""rally"",""score"":""23 : 20"",""speed"":""73.9 km/h"",""res"":""Punkt: K. Rutkowski""},{""type"":""rally"",""score"":""22 : 20"",""speed"":""-"",""res"":""Błąd: E. Breviglieri""},{""type"":""rally"",""score"":""22 : 19"",""speed"":""60.2 km/h"",""res"":""Błąd: N. Tabor""},{""type"":""rally"",""score"":""21 : 19"",""speed"":""61.5 km/h"",""res"":""Błąd: J. Wolniewicz""},{""type"":""rally"",""score"":""20 : 19"",""speed"":""79.4 km/h"",""res"":""Błąd: T. Rybicki""},{""type"":""rally"",""score"":""19 : 19"",""speed"":""71.5 km/h"",""res"":""Punkt: T. Rybicki""},{""type"":""rally"",""score"":""19 : 18"",""speed"":""54.7 km/h"",""res"":""Punkt: T. Rybicki""},{""type"":""rally"",""score"":""19 : 17"",""speed"":""86.1 km/h"",""res"":""Punkt: K. Rutkowski""},{""type"":""rally"",""score"":""18 : 17"",""speed"":""70.6 km/h"",""res"":""Punkt: T. Rybicki""},{""type"":""chg"",""score"":""18 : 16"",""txt"":""Zmiana: M. Onorato ⇄ K. Gajda""},{""type"":""rally"",""score"":""18 : 16"",""speed"":""58.3 km/h"",""res"":""Punkt: T. Rybicki""},{""type"":""rally"",""score"":""18 : 15"",""speed"":""87.8 km/h"",""res"":""Punkt: J. Wolniewicz""},{""type"":""rally"",""score"":""18 : 14"",""speed"":""64.3 km/h"",""res"":""Punkt: T. Rybicki""},{""type"":""rally"",""score"":""18 : 13"",""speed"":""48.0 km/h"",""res"":""Punkt: E. Breviglieri""},{""type"":""rally"",""score"":""17 : 13"",""speed"":""56.9 km/h"",""res"":""Punkt: J. Wolniewicz""},{""type"":""rally"",""score"":""17 : 12"",""speed"":""-"",""res"":""Błąd: J. Wolniewicz""},{""type"":""rally"",""score"":""16 : 12"",""speed"":""58.2 km/h"",""res"":""Punkt: K. Jastrzębski""},{""type"":""chg"",""score"":""16 : 11"",""txt"":""Zmiana: K. Gajda ⇄ M. Onorato""},{""type"":""tmo"",""score"":""16 : 11"",""txt"":""Czas dla: ""},{""type"":""rally"",""score"":""16 : 11"",""speed"":""-"",""res"":""Błąd: M. Onorato""},{""type"":""rally"",""score"":""15 : 11"",""speed"":""-"",""res"":""Błąd: K. Rutkowski""},{""type"":""rally"",""score"":""15 : 10"",""speed"":""77.2 km/h"",""res"":""Punkt: K. Rutkowski""},{""type"":""rally"",""score"":""14 : 10"",""speed"":""59.6 km/h"",""res"":""Punkt: T. Rybicki""},{""type"":""rally"",""score"":""14 : 9"",""speed"":""-"",""res"":""Błąd: N. Tabor""},{""type"":""rally"",""score"":""13 : 9"",""speed"":""56.8 km/h"",""res"":""Punkt: T. Rybicki""},{""type"":""rally"",""score"":""13 : 8"",""speed"":""66.2 km/h"",""res"":""Punkt: K. Rutkowski""},{""type"":""rally"",""score"":""12 : 8"",""speed"":""61.0 km/h"",""res"":""Punkt: T. Rybicki""},{""type"":""rally"",""score"":""12 : 7"",""speed"":""70.7 km/h"",""res"":""Punkt: K. Rutkowski""},{""type"":""rally"",""score"":""11 : 7"",""speed"":""75.8 km/h"",""res"":""Punkt: J. Wolniewicz""},{""type"":""chg"",""score"":""11 : 6"",""txt"":""Zmiana: T. Falba ⇄ M. Liberato""},{""type"":""rally"",""score"":""11 : 6"",""speed"":""50.9 km/h"",""res"":""Punkt: S. Krajewski""},{""type"":""rally"",""score"":""10 : 6"",""speed"":""55.4 km/h"",""res"":""Punkt: K. Jastrzębski""},{""type"":""rally"",""score"":""10 : 5"",""speed"":""46.7 km/h"",""res"":""Punkt: A. Kladar""},{""type"":""tmo"",""score"":""9 : 5"",""txt"":""Czas dla: RTS.Strongman Małecz""},{""type"":""rally"",""score"":""9 : 5"",""speed"":""70.8 km/h"",""res"":""Punkt: K. Możejko""},{""type"":""tmo"",""score"":""8 : 5"",""txt"":""Czas dla: ""},{""type"":""rally"",""score"":""8 : 5"",""speed"":""49.4 km/h"",""res"":""Punkt: K. Rutkowski""},{""type"":""rally"",""score"":""7 : 5"",""speed"":""58.5 km/h"",""res"":""Punkt: A. Kladar""},{""type"":""rally"",""score"":""6 : 5"",""speed"":""68.1 km/h"",""res"":""Punkt: N. Tabor""},{""type"":""rally"",""score"":""6 : 4"",""speed"":""55.8 km/h"",""res"":""Punkt: K. Rutkowski""},{""type"":""rally"",""score"":""5 : 4"",""speed"":""62.4 km/h"",""res"":""Punkt: K. Rutkowski""},{""type"":""rally"",""score"":""4 : 4"",""speed"":""65.0 km/h"",""res"":""Punkt: M. Onorato""},{""type"":""chg"",""score"":""4 : 3"",""txt"":""Zmiana: M. Liberato ⇄ T. Falba""},{""type"":""rally"",""score"":""4 : 3"",""speed"":""60.3 km/h"",""res"":""Punkt: K. Rutkowski""},{""type"":""rally"",""score"":""3 : 3"",""speed"":""58.0 km/h"",""res"":""Punkt: K. Rutkowski""},{""type"":""rally"",""score"":""2 : 3"",""speed"":""51.8 km/h"",""res"":""Punkt: T. Rybicki""},{""type"":""rally"",""score"":""2 : 2"",""speed"":""51.8 km/h"",""res"":""Punkt: A. Kladar""},{""type"":""rally"",""score"":""1 : 2"",""speed"":""-"",""res"":""Błąd: T. Falba""},{""type"":""rally"",""score"":""0 : 2"",""speed"":""77.0 km/h"",""res"":""Punkt: T. Rybicki""},{""type"":""rally"",""score"":""0 : 1"",""speed"":""78.6 km/h"",""res"":""Punkt: T. Rybicki""}]}]}","2","2","0","4","0","0","17","42","0","0","16","0","0","1","79.9","64.3","0","0","0","0","0","0","0","0","0","0","0","0","0","0","0","0","0","0","0","0","0","0","0","0","0","0","0","0","0","0","52","17","5","11","34","119","0","0","0","0","0","8","3","1","0","4","0","2","0","0","0","2","0","4","32","33","31","30","0","bulk-1.27-teamid-from-league-list","0","0","0"
"3.6","Twierdza Teodorówka vs RTS.Strongman Małecz 3:1","1216011","2026-09-03 17:00","Arena Twierdza","Twierdza Teodorówka","130591","Krajewski, Sebastian","1927192","8","2","21","1","1","61","13","4","4","31","0","13","9","6","4","1","54","6","1","83","3","50","3","28","57","0","0","0","0","0","0","0","19.4","","1","1","0","3","0","0","28","57","3","0","26","0","0","2","61.9","54.2","1","2","0","0","2","5","0","0","0","0","0","0","2","0","2","0","3","7","0","0","0","0","0","0","1","0","0","0","0","1","0","0","0","0","0","0","1","2","1","1","5","6","3","1","0","1","1","1","0","0","0","1","0","4","9","13","12","12","0","bulk-1.27-teamid-from-league-list","0","0","0"
"3.6","Twierdza Teodorówka vs RTS.Strongman Małecz 3:1","1216011","2026-09-03 17:00","Arena Twierdza","Twierdza Teodorówka","130591","Breviglieri, Edilio","1864943","11","8","16","1","1","65.5","6","2","3","50","17","8","3","0","5","2","25","0","0","0","0","0","7","52","69","0","0","1","0","0","1","0","26.8","","2","2","0","3","0","0","52","69","6","0","48","1","0","4","69","58.6","0","0","0","0","0","0","0","0","0","0","0","0","0","0","0","0","0","0","3","2","0","0","1","6","0","0","0","0","0","0","0","0","0","0","1","1","0","0","0","0","0","0","0","0","0","0","0","2","0","2","0","0","0","4","6","7","7","8","0","bulk-1.27-teamid-from-league-list","0","0","0"
"3.6","Twierdza Teodorówka vs RTS.Strongman Małecz 3:1","1216011","2026-09-03 17:00","Arena Twierdza","Twierdza Teodorówka","130591","Rutkowski, Krzysztof","1948981","39","17","15","4","0","75.2","76","18","30","39","16","13","10","3","3","1","31","0","0","0","0","0","9","42","83","0","0","0","0","0","0","0","62","","1","1","0","2","0","0","42","83","8","0","37","1","0","5","75.2","62.3","2","0","0","0","5","7","4","1","6","1","1","13","15","2","4","0","16","37","0","0","0","0","0","0","7","2","3","1","6","19","0","0","0","0","0","0","0","0","0","0","0","3","1","1","0","0","1","1","0","0","0","1","0","4","26","20","17","25","0","bulk-1.27-teamid-from-league-list","0","0","0"
"3.6","Twierdza Teodorówka vs RTS.Strongman Małecz 3:1","1216011","2026-09-03 17:00","Arena Twierdza","Twierdza Teodorówka","130591","Kladar, Adnan","2032104","9","4","13","2","1","70.8","12","1","7","58","50","16","9","5","7","2","44","52","2","96","21","40","1","29","59","0","0","0","0","0","0","0","55.7","","0","1","1","5","1","1","29","59","1","0","25","0","0","4","70.8","54.4","0","0","0","0","2","2","0","0","0","0","0","0","6","0","0","0","1","7","0","0","0","0","0","0","1","0","1","0","1","3","0","0","0","0","0","0","8","24","12","6","50","5","2","0","0","3","0","2","1","0","1","0","0","4","25","4","26","23","0","bulk-1.27-teamid-from-league-list","0","0","0"
"3.6","Twierdza Teodorówka vs RTS.Strongman Małecz 3:1","1216011","2026-09-03 17:00","Arena Twierdza","Twierdza Teodorówka","130591","Możejko, Krzysztof","1864673","4","2","6","1","0","75.8","2","1","1","50","0","4","3","0","1","0","0","0","0","0","0","0","3","28","37","0","0","0","0","0","0","0","8.5","","0","0","0","1","0","0","28","37","2","1","25","1","0","3","75.8","63.2","0","0","0","0","0","0","0","0","0","0","0","0","0","0","0","0","0","0","1","0","1","0","0","2","0","0","0","0","0","0","0","0","0","0","0","0","0","0","0","0","0","0","0","0","0","0","0","0","0","0","0","0","0","3","3","5","0","4","0","bulk-1.27-teamid-from-league-list","0","0","0"
"3.6","Twierdza Teodorówka vs RTS.Strongman Małecz 3:1","1216011","2026-09-03 17:00","Arena Twierdza","Twierdza Teodorówka","130591","Arata, Chuichi","2088669","0","0","0","0","0","0","0","0","0","0","0","30","24","13","6","6","63","8","0","100","5","63","0","0","0","2","1","9","0","3","3","3","18","","3","3","1","1","2","2","0","0","0","0","0","0","0","0","0","0","0","0","0","0","0","0","0","0","0","0","0","0","0","0","0","0","0","0","0","0","0","0","0","0","0","0","0","0","0","0","2","1","0","0","6","9","1","4","3","0","8","13","7","2","2","2","0","6","2","1","1","1","1","4","12","9","10","12","0","bulk-1.27-teamid-from-league-list","0","0","0"
"3.6","Twierdza Teodorówka vs RTS.Strongman Małecz 3:1","1216011","2026-09-03 17:00","Arena Twierdza","Twierdza Teodorówka","130591","Hyla, Mikołaj","1927193","5","3","3","1","0","54.6","6","1","5","83","67","5","2","1","3","3","80","12","0","100","5","42","0","6","9","0","0","0","0","0","0","0","16.3","","0","0","3","3","0","0","6","9","0","0","5","0","0","1","54.6","53.1","0","0","0","0","0","0","1","0","0","2","0","3","2","1","0","0","0","3","0","0","0","0","0","0","0","0","0","0","0","0","0","0","0","0","0","0","1","6","3","2","12","1","1","0","0","0","0","3","0","1","1","1","0","1","0","18","0","0","0","bulk-1.27-teamid-from-league-list","0","0","0"
"3.6","Twierdza Teodorówka vs RTS.Strongman Małecz 3:1","1216011","2026-09-03 17:00","Arena Twierdza","Twierdza Teodorówka","130591","Blondel, Francis","1948989","12","9","5","1","0","64.4","14","2","9","64","50","3","1","0","2","1","33","0","0","0","0","0","3","9","19","0","0","0","0","0","0","0","33.4","","1","1","0","1","0","0","9","19","3","0","9","0","0","0","64.4","59.7","1","0","0","0","0","1","0","0","0","0","0","0","0","0","0","0","0","0","7","1","1","1","3","13","0","0","0","0","0","0","0","0","0","0","0","0","0","0","0","0","0","0","0","0","0","0","0","1","1","0","0","0","0","2","8","0","12","0","0","bulk-1.27-teamid-from-league-list","0","0","0"
"3.6","Twierdza Teodorówka vs RTS.Strongman Małecz 3:1","1216011","2026-09-03 17:00","Arena Twierdza","RTS.Strongman Małecz","130601","Falba, Tomasz","2088063","1","-1","15","2","0","87.8","0","0","0","0","0","13","10","2","3","0","15","0","0","0","0","0","1","15","38","36","17","94","12","33","22","27","2.6","","0","2","0","1","0","0","15","38","1","1","14","0","0","1","87.8","72.5","0","0","0","0","0","0","0","0","0","0","0","0","0","0","0","0","0","0","0","0","0","0","0","0","0","0","0","0","0","0","36","17","1","8","32","94","0","0","0","0","0","2","1","0","0","0","1","0","0","0","0","0","0","4","17","28","26","26","0","bulk-1.27-teamid-from-league-list","0","0","0"
"3.6","Twierdza Teodorówka vs RTS.Strongman Małecz 3:1","1216011","2026-09-03 17:00","Arena Twierdza","RTS.Strongman Małecz","130601","Tabor, Nikodem","1865692","10","1","19","2","1","102.5","18","6","4","22","-11","27","21","9","6","1","37","24","1","96","11","46","5","31","57","0","0","0","0","0","0","0","32","","1","1","0","5","0","0","31","57","5","1","25","0","0","6","102.5","78.8","0","0","0","0","4","4","0","0","0","0","1","1","0","1","1","0","1","3","0","0","0","0","0","0","3","1","3","1","2","10","0","0","0","0","0","0","4","11","4","4","23","9","3","1","1","4","0","1","1","0","0","0","0","4","24","18","15","18","0","bulk-1.27-teamid-from-league-list","0","0","0"
"3.6","Twierdza Teodorówka vs RTS.Strongman Małecz 3:1","1216011","2026-09-03 17:00","Arena Twierdza","RTS.Strongman Małecz","130601","Rybicki, Tomasz","1929491","22","16","13","1","1","91.3","32","5","15","47","31","3","1","1","2","1","67","0","0","0","0","0","6","50","72","0","0","1","0","0","0","1","49.9","","1","1","0","1","0","0","50","72","6","2","47","0","0","3","91.3","74.3","1","0","0","0","3","4","0","2","2","0","0","4","0","0","0","0","0","0","14","0","1","0","9","24","0","0","0","0","0","0","0","0","0","0","1","1","0","0","0","0","0","1","0","1","0","0","0","1","0","0","0","1","0","4","10","14","9","16","0","bulk-1.27-teamid-from-league-list","0","0","0"
"3.6","Twierdza Teodorówka vs RTS.Strongman Małecz 3:1","1216011","2026-09-03 17:00","Arena Twierdza","RTS.Strongman Małecz","130601","Onorato, Matías","2112926","9","1","13","1","0","92","22","7","8","36","5","19","11","0","8","2","11","0","0","0","0","0","1","22","64","0","0","0","0","0","0","0","9.3","","2","2","0","6","0","0","22","64","1","0","19","0","0","3","92","77.9","0","2","0","0","0","2","1","0","2","0","0","3","3","0","2","0","3","8","0","0","0","0","0","0","4","0","1","0","4","9","0","0","0","0","0","0","0","0","0","0","0","0","0","0","0","0","0","2","0","0","1","1","0","4","12","12","9","9","0","bulk-1.27-teamid-from-league-list","0","0","0"
"3.6","Twierdza Teodorówka vs RTS.Strongman Małecz 3:1","1216011","2026-09-03 17:00","Arena Twierdza","RTS.Strongman Małecz","130601","Wolniewicz, Juliusz","1767369","10","1","12","3","0","82.4","25","5","9","36","16","20","10","7","10","2","45","32","1","97","9","28","1","37","72","0","0","0","0","0","0","0","34.1","","2","4","0","6","0","0","37","72","1","0","34","0","0","3","82.4","65.4","0","0","2","0","1","3","0","0","1","0","1","2","1","1","0","0","6","8","0","0","0","0","0","0","8","0","1","0","3","12","0","0","0","0","0","0","7","8","7","9","31","7","2","2","0","2","1","2","1","1","0","0","0","4","14","18","15","17","0","bulk-1.27-teamid-from-league-list","0","0","0"
"3.6","Twierdza Teodorówka vs RTS.Strongman Małecz 3:1","1216011","2026-09-03 17:00","Arena Twierdza","RTS.Strongman Małecz","130601","Jastrzębski, Krzysztof","1927799","14","5","14","1","1","89.1","22","8","9","41","5","2","1","0","1","1","50","0","0","0","0","0","4","32","57","0","0","0","0","0","0","0","21.4","","1","1","0","0","0","0","32","57","4","1","30","0","0","2","89.1","70.6","0","1","1","0","0","2","1","0","0","0","0","1","0","0","0","0","0","0","8","0","6","0","5","19","0","0","0","0","0","0","0","0","0","0","0","0","0","0","0","0","0","0","0","0","0","0","0","1","1","0","0","0","0","4","8","10","11","8","0","bulk-1.27-teamid-from-league-list","0","0","0"
"3.6","Twierdza Teodorówka vs RTS.Strongman Małecz 3:1","1216011","2026-09-03 17:00","Arena Twierdza","RTS.Strongman Małecz","130601","Miłoszewski, Jacek","2003246","0","-1","0","0","0","0","0","0","0","0","0","28","24","12","4","3","54","31","1","97","11","35","0","0","0","1","1","2","0","0","1","1","25.2","","2","2","1","2","0","0","0","0","0","0","0","0","0","0","0","0","0","0","0","0","0","0","0","0","0","0","0","0","0","0","0","0","0","0","0","0","0","0","0","0","0","0","0","0","0","0","1","1","0","0","0","2","4","12","8","6","30","12","4","6","1","1","0","3","1","2","0","0","0","4","15","13","13","13","0","bulk-1.27-teamid-from-league-list","0","0","0"
"3.6","Twierdza Teodorówka vs RTS.Strongman Małecz 3:1","1216011","2026-09-03 17:00","Arena Twierdza","RTS.Strongman Małecz","130601","Liberato, Max","2088064","0","-1","2","1","0","84.6","1","0","0","0","0","5","3","1","2","0","20","0","0","0","0","0","0","7","16","8","8","28","4","10","7","7","-0.2","","0","0","0","2","0","0","7","16","0","0","7","0","0","0","84.6","84.6","0","0","0","0","1","1","0","0","0","0","0","0","0","0","0","0","0","0","0","0","0","0","0","0","0","0","0","0","0","0","8","8","0","0","12","28","0","0","0","0","0","1","0","1","0","0","0","0","0","0","0","0","0","4","10","3","4","10","0","bulk-1.27-teamid-from-league-list","0","0","0"
"3.6","Twierdza Teodorówka vs RTS.Strongman Małecz 3:1","1216011","2026-09-03 17:00","Arena Twierdza","RTS.Strongman Małecz","130601","Gajda, Krzysztof","2140041","1","-2","1","0","0","48.8","6","3","1","17","-33","2","1","0","1","0","0","0","0","0","0","0","0","3","11","0","0","0","0","0","0","0","-2.5","","0","0","0","1","0","0","3","11","0","0","3","0","0","0","48.8","48.8","0","0","1","0","1","2","0","0","0","0","0","0","1","0","1","0","1","3","0","0","0","0","0","0","0","0","1","0","0","1","0","0","0","0","0","0","0","0","0","0","0","0","0","0","0","0","0","0","0","0","0","0","0","3","0","3","3","2","0","bulk-1.27-teamid-from-league-list","0","0","0"
"3.6","Arks Bucz vs Black Smoke 3:2","1216012","2026-09-03 17:00","Arks Bucz Arena","Arks Bucz","128755","Gąsior, Łucjan","1865723","2","2","17","0","1","71.6","0","0","0","0","0","26","22","12","4","2","54","0","0","0","0","0","1","19","57","49","9","123","36","43","30","14","16.4","{""sets"":[{""h"":28,""a"":30},{""h"":25,""a"":19},{""h"":25,""a"":19},{""h"":23,""a"":25},{""h"":15,""a"":13}],""parsedSets"":[{""rallies"":[{""type"":""end"",""score"":""28 : 30"",""txt"":""Koniec seta 0 : 1""},{""type"":""end"",""score"":""28 : 30"",""txt"":""Koniec seta 0 : 1""},{""type"":""rally"",""score"":""28 : 30"",""speed"":""43.8 km/h"",""res"":""Punkt: F. Sooväli""},{""type"":""rally"",""score"":""28 : 29"",""speed"":""62.6 km/h"",""res"":""Punkt: F. Sooväli""},{""type"":""rally"",""score"":""28 : 28"",""speed"":""52.0 km/h"",""res"":""Punkt: K. Lewicki""},{""type"":""rally"",""score"":""27 : 28"",""speed"":""61.2 km/h"",""res"":""Punkt: J. Muller""},{""type"":""rally"",""score"":""27 : 27"",""speed"":""52.6 km/h"",""res"":""Punkt: C. DeLeon""},{""type"":""rally"",""score"":""26 : 27"",""speed"":""48.1 km/h"",""res"":""Punkt: J. Muller""},{""type"":""rally"",""score"":""26 : 26"",""speed"":""51.2 km/h"",""res"":""Punkt: K. Lewicki""},{""type"":""rally"",""score"":""25 : 26"",""speed"":""-"",""res"":""Błąd: L. Drab""},{""type"":""rally"",""score"":""25 : 25"",""speed"":""44.7 km/h"",""res"":""Punkt: L. Drab""},{""type"":""rally"",""score"":""24 : 25"",""speed"":""48.4 km/h"",""res"":""Punkt: J. Muller""},{""type"":""rally"",""score"":""24 : 24"",""speed"":""66.6 km/h"",""res"":""Punkt: H. Lorenz""},{""type"":""rally"",""score"":""24 : 23"",""speed"":""44.6 km/h"",""res"":""Punkt: L. Drab""},{""type"":""rally"",""score"":""23 : 23"",""speed"":""65.3 km/h"",""res"":""Punkt: F. Sooväli""},{""type"":""tmo"",""score"":""23 : 22"",""txt"":""Czas dla: Black Smoke""},{""type"":""rally"",""score"":""23 : 22"",""speed"":""56.9 km/h"",""res"":""Punkt: L. Drab""},{""type"":""rally"",""score"":""22 : 22"",""speed"":""-"",""res"":""Błąd: H. Lorenz""},{""type"":""rally"",""score"":""21 : 22"",""speed"":""76.5 km/h"",""res"":""Punkt: H. Lorenz""},{""type"":""rally"",""score"":""21 : 21"",""speed"":""54.6 km/h"",""res"":""Punkt: K. Lewicki""},{""type"":""chg"",""score"":""20 : 21"",""txt"":""Zmiana: L. Drab ⇄ S. Borzymowski""},{""type"":""chg"",""score"":""20 : 21"",""txt"":""Zmiana: R. Żybura ⇄ F. Owczarek""},{""type"":""rally"",""score"":""20 : 21"",""speed"":""69.0 km/h"",""res"":""Punkt: J. Muller""},{""type"":""rally"",""score"":""20 : 20"",""speed"":""50.8 km/h"",""res"":""Punkt: J. Cisek""},{""type"":""rally"",""score"":""19 : 20"",""speed"":""47.8 km/h"",""res"":""Punkt: F. Owczarek""},{""type"":""tmo"",""score"":""18 : 20"",""txt"":""Czas dla: Arks Bucz""},{""type"":""rally"",""score"":""18 : 20"",""speed"":""52.3 km/h"",""res"":""Punkt: J. Muller""},{""type"":""rally"",""score"":""18 : 19"",""speed"":""55.9 km/h"",""res"":""Punkt: F. Owczarek""},{""type"":""rally"",""score"":""17 : 19"",""speed"":""44.4 km/h"",""res"":""Błąd: B. Pruvot""},{""type"":""rally"",""score"":""16 : 19"",""speed"":""-"",""res"":""Błąd: S. Borzymowski""},{""type"":""tmo"",""score"":""16 : 18"",""txt"":""Czas dla: Black Smoke""},{""type"":""rally"",""score"":""16 : 18"",""speed"":""58.1 km/h"",""res"":""Punkt: K. Lewicki""},{""type"":""rally"",""score"":""15 : 18"",""speed"":""51.5 km/h"",""res"":""Punkt: S. Borzymowski""},{""type"":""rally"",""score"":""14 : 18"",""speed"":""48.2 km/h"",""res"":""Punkt: C. DeLeon""},{""type"":""chg"",""score"":""13 : 18"",""txt"":""Zmiana: F. Owczarek ⇄ R. Żybura""},{""type"":""chg"",""score"":""13 : 18"",""txt"":""Zmiana: S. Borzymowski ⇄ L. Drab""},{""type"":""rally"",""score"":""13 : 18"",""speed"":""47.4 km/h"",""res"":""Błąd: C. DeLeon""},{""type"":""rally"",""score"":""13 : 17"",""speed"":""84.8 km/h"",""res"":""Punkt: F. Sooväli""},{""type"":""rally"",""score"":""13 : 16"",""speed"":""42.5 km/h"",""res"":""Punkt: J. Cisek""},{""type"":""tmo"",""score"":""12 : 16"",""txt"":""Czas dla: ""},{""type"":""rally"",""score"":""12 : 16"",""speed"":""58.9 km/h"",""res"":""Punkt: F. Sooväli""},{""type"":""rally"",""score"":""12 : 15"",""speed"":""44.2 km/h"",""res"":""Punkt: R. Żybura""},{""type"":""rally"",""score"":""11 : 15"",""speed"":""45.0 km/h"",""res"":""Błąd: R. Żybura""},{""type"":""rally"",""score"":""11 : 14"",""speed"":""54.6 km/h"",""res"":""Punkt: K. Kurowski""},{""type"":""rally"",""score"":""11 : 13"",""speed"":""53.2 km/h"",""res"":""Punkt: B. Pruvot""},{""type"":""rally"",""score"":""11 : 12"",""speed"":""59.1 km/h"",""res"":""Punkt: L. Drab""},{""type"":""rally"",""score"":""10 : 12"",""speed"":""45.5 km/h"",""res"":""Punkt: J. Cisek""},{""type"":""chg"",""score"":""9 : 12"",""txt"":""Zmiana: �. Gąsior ⇄ M. Konarski""},{""type"":""rally"",""score"":""9 : 12"",""speed"":""65.0 km/h"",""res"":""Punkt: J. Muller""},{""type"":""rally"",""score"":""9 : 11"",""speed"":""50.7 km/h"",""res"":""Punkt: K. Lewicki""},{""type"":""rally"",""score"":""8 : 11"",""speed"":""42.3 km/h"",""res"":""Punkt: C. DeLeon""},{""type"":""rally"",""score"":""7 : 11"",""speed"":""48.1 km/h"",""res"":""Punkt: J. Muller""},{""type"":""rally"",""score"":""7 : 10"",""speed"":""44.8 km/h"",""res"":""Punkt: J. Muller""},{""type"":""rally"",""score"":""7 : 9"",""speed"":""68.9 km/h"",""res"":""Punkt: J. Muller""},{""type"":""rally"",""score"":""7 : 8"",""speed"":""49.5 km/h"",""res"":""Punkt: C. DeLeon""},{""type"":""tmo"",""score"":""6 : 8"",""txt"":""Czas dla: ""},{""type"":""rally"",""score"":""6 : 8"",""speed"":""76.4 km/h"",""res"":""Punkt: J. Muller""},{""type"":""rally"",""score"":""6 : 7"",""speed"":""53.3 km/h"",""res"":""Punkt: L. Drab""},{""type"":""rally"",""score"":""5 : 7"",""speed"":""49.1 km/h"",""res"":""Punkt: L. Drab""},{""type"":""chg"",""score"":""4 : 7"",""txt"":""Zmiana: M. Konarski ⇄ �. Gąsior""},{""type"":""rally"",""score"":""4 : 7"",""speed"":""49.1 km/h"",""res"":""Punkt: B. Pruvot""},{""type"":""rally"",""score"":""4 : 6"",""speed"":""60.5 km/h"",""res"":""Punkt: J. Muller""},{""type"":""rally"",""score"":""4 : 5"",""speed"":""-"",""res"":""Błąd: J. Cisek""},{""type"":""rally"",""score"":""4 : 4"",""speed"":""59.1 km/h"",""res"":""Punkt: L. Drab""},{""type"":""rally"",""score"":""3 : 4"",""speed"":""52.8 km/h"",""res"":""Punkt: S. Hallez""},{""type"":""rally"",""score"":""3 : 3"",""speed"":""41.6 km/h"",""res"":""Punkt: R. Żybura""},{""type"":""rally"",""score"":""2 : 3"",""speed"":""50.9 km/h"",""res"":""Punkt: F. Sooväli""},{""type"":""rally"",""score"":""2 : 2"",""speed"":""60.7 km/h"",""res"":""Punkt: K. Lewicki""},{""type"":""tmo"",""score"":""1 : 2"",""txt"":""Czas dla: Arks Bucz""},{""type"":""rally"",""score"":""1 : 2"",""speed"":""53.0 km/h"",""res"":""Punkt: H. Lorenz""},{""type"":""rally"",""score"":""1 : 1"",""speed"":""-"",""res"":""Błąd: B. Pruvot""},{""type"":""chg"",""score"":""0 : 1"",""txt"":""Zmiana: H. Lorenz ⇄ L. Bosić""},{""type"":""chg"",""score"":""0 : 1"",""txt"":""Zmiana: J. Muller ⇄ D. Pujić""},{""type"":""rally"",""score"":""0 : 1"",""speed"":""62.8 km/h"",""res"":""Punkt: D. Pujić""}]},{""rallies"":[{""type"":""end"",""score"":""25 : 19"",""txt"":""Koniec seta 1 : 1""},{""type"":""end"",""score"":""25 : 19"",""txt"":""Koniec seta 1 : 1""},{""type"":""rally"",""score"":""25 : 19"",""speed"":""47.7 km/h"",""res"":""Punkt: L. Drab""},{""type"":""rally"",""score"":""24 : 19"",""speed"":""-"",""res"":""Błąd: J. Cisek""},{""type"":""rally"",""score"":""24 : 18"",""speed"":""55.9 km/h"",""res"":""Punkt: J. Cisek""},{""type"":""rally"",""score"":""23 : 18"",""speed"":""57.7 km/h"",""res"":""Punkt: F. Sooväli""},{""type"":""rally"",""score"":""23 : 17"",""speed"":""55.9 km/h"",""res"":""Punkt: C. DeLeon""},{""type"":""rally"",""score"":""22 : 17"",""speed"":""63.7 km/h"",""res"":""Punkt: L. Bosić""},{""type"":""chg"",""score"":""22 : 16"",""txt"":""Zmiana: M. Konarski ⇄ �. Gąsior""},{""type"":""chg"",""score"":""22 : 16"",""txt"":""Zmiana: F. Owczarek ⇄ R. Żybura""},{""type"":""rally"",""score"":""22 : 16"",""speed"":""64.1 km/h"",""res"":""Punkt: L. Drab""},{""type"":""chg"",""score"":""21 : 16"",""txt"":""Zmiana: S. Borzymowski ⇄ K. Lewicki""},{""type"":""tmo"",""score"":""21 : 16"",""txt"":""Czas dla: Black Smoke""},{""type"":""rally"",""score"":""21 : 16"",""speed"":""67.9 km/h"",""res"":""Punkt: J. Cisek""},{""type"":""rally"",""score"":""20 : 16"",""speed"":""73.1 km/h"",""res"":""Punkt: K. Lewicki""},{""type"":""rally"",""score"":""19 : 16"",""speed"":""48.6 km/h"",""res"":""Punkt: R. Żybura""},{""type"":""rally"",""score"":""18 : 16"",""speed"":""50.5 km/h"",""res"":""Punkt: D. Pujić""},{""type"":""rally"",""score"":""18 : 15"",""speed"":""53.1 km/h"",""res"":""Punkt: K. Lewicki""},{""type"":""rally"",""score"":""17 : 15"",""speed"":""43.6 km/h"",""res"":""Punkt: D. Pujić""},{""type"":""rally"",""score"":""17 : 14"",""speed"":""52.1 km/h"",""res"":""Punkt: K. Lewicki""},{""type"":""tmo"",""score"":""16 : 14"",""txt"":""Czas dla: ""},{""type"":""rally"",""score"":""16 : 14"",""speed"":""-"",""res"":""Błąd: F. Sooväli""},{""type"":""rally"",""score"":""15 : 14"",""speed"":""56.8 km/h"",""res"":""Punkt: F. Sooväli""},{""type"":""rally"",""score"":""15 : 13"",""speed"":""43.1 km/h"",""res"":""Punkt: R. Żybura""},{""type"":""rally"",""score"":""14 : 13"",""speed"":""97.8 km/h"",""res"":""Punkt: F. Sooväli""},{""type"":""rally"",""score"":""14 : 12"",""speed"":""55.5 km/h"",""res"":""Błąd: F. Sooväli""},{""type"":""rally"",""score"":""13 : 12"",""speed"":""43.9 km/h"",""res"":""Błąd: J. Cisek""},{""type"":""rally"",""score"":""13 : 11"",""speed"":""54.1 km/h"",""res"":""Punkt: F. Sooväli""},{""type"":""rally"",""score"":""13 : 10"",""speed"":""42.9 km/h"",""res"":""Punkt: R. Żybura""},{""type"":""rally"",""score"":""12 : 10"",""speed"":""-"",""res"":""Błąd: K. Lewicki""},{""type"":""rally"",""score"":""12 : 9"",""speed"":""67.4 km/h"",""res"":""Punkt: L. Drab""},{""type"":""rally"",""score"":""11 : 9"",""speed"":""-"",""res"":""Błąd: B. Pruvot""},{""type"":""rally"",""score"":""10 : 9"",""speed"":""48.2 km/h"",""res"":""Błąd: J. Cisek""},{""type"":""rally"",""score"":""10 : 8"",""speed"":""61.0 km/h"",""res"":""Punkt: D. Pujić""},{""type"":""rally"",""score"":""10 : 7"",""speed"":""50.8 km/h"",""res"":""Błąd: D. Pujić""},{""type"":""rally"",""score"":""9 : 7"",""speed"":""58.1 km/h"",""res"":""Punkt: R. Żybura""},{""type"":""rally"",""score"":""8 : 7"",""speed"":""56.5 km/h"",""res"":""Punkt: D. Pujić""},{""type"":""tmo"",""score"":""8 : 6"",""txt"":""Czas dla: ""},{""type"":""rally"",""score"":""8 : 6"",""speed"":""-"",""res"":""Błąd: F. Sooväli""},{""type"":""rally"",""score"":""7 : 6"",""speed"":""58.1 km/h"",""res"":""Błąd: C. DeLeon""},{""type"":""rally"",""score"":""7 : 5"",""speed"":""-"",""res"":""Błąd: L. Drab""},{""type"":""rally"",""score"":""7 : 4"",""speed"":""43.1 km/h"",""res"":""Punkt: C. DeLeon""},{""type"":""rally"",""score"":""6 : 4"",""speed"":""69.7 km/h"",""res"":""Punkt: L. Bosić""},{""type"":""rally"",""score"":""6 : 3"",""speed"":""78.8 km/h"",""res"":""Punkt: C. DeLeon""},{""type"":""rally"",""score"":""5 : 3"",""speed"":""42.0 km/h"",""res"":""Punkt: J. Cisek""},{""type"":""rally"",""score"":""4 : 3"",""speed"":""51.8 km/h"",""res"":""Punkt: F. Sooväli""},{""type"":""rally"",""score"":""4 : 2"",""speed"":""68.2 km/h"",""res"":""Punkt: Ł. Gąsior""},{""type"":""rally"",""score"":""3 : 2"",""speed"":""51.9 km/h"",""res"":""Punkt: R. Żybura""},{""type"":""rally"",""score"":""2 : 2"",""speed"":""72.9 km/h"",""res"":""Punkt: K. Kurowski""},{""type"":""rally"",""score"":""2 : 1"",""speed"":""48.6 km/h"",""res"":""Punkt: R. Żybura""},{""type"":""rally"",""score"":""1 : 1"",""speed"":""56.8 km/h"",""res"":""Punkt: D. Pujić""},{""type"":""chg"",""score"":""1 : 0"",""txt"":""Zmiana: O. Martinez ⇄ O. Nocerino""},{""type"":""tmo"",""score"":""1 : 0"",""txt"":""Czas dla: Black Smoke""},{""type"":""rally"",""score"":""1 : 0"",""speed"":""43.1 km/h"",""res"":""Punkt: R. Żybura""}]},{""rallies"":[{""type"":""end"",""score"":""25 : 19"",""txt"":""Koniec seta 2 : 1""},{""type"":""end"",""score"":""25 : 19"",""txt"":""Koniec seta 2 : 1""},{""type"":""rally"",""score"":""25 : 19"",""speed"":""67.3 km/h"",""res"":""Punkt: C. DeLeon""},{""type"":""rally"",""score"":""24 : 19"",""speed"":""54.6 km/h"",""res"":""Punkt: R. Żybura""},{""type"":""rally"",""score"":""23 : 19"",""speed"":""63.4 km/h"",""res"":""Punkt: K. Lewicki""},{""type"":""rally"",""score"":""22 : 19"",""speed"":""49.3 km/h"",""res"":""Punkt: C. DeLeon""},{""type"":""rally"",""score"":""21 : 19"",""speed"":""57.0 km/h"",""res"":""Punkt: M. Juszczak""},{""type"":""rally"",""score"":""21 : 18"",""speed"":""77.2 km/h"",""res"":""Punkt: D. Pujić""},{""type"":""rally"",""score"":""21 : 17"",""speed"":""52.5 km/h"",""res"":""Punkt: L. Drab""},{""type"":""rally"",""score"":""20 : 17"",""speed"":""62.3 km/h"",""res"":""Punkt: J. Muller""},{""type"":""rally"",""score"":""20 : 16"",""speed"":""59.7 km/h"",""res"":""Błąd: J. Muller""},{""type"":""rally"",""score"":""19 : 16"",""speed"":""97.6 km/h"",""res"":""Punkt: J. Cisek""},{""type"":""rally"",""score"":""18 : 16"",""speed"":""59.1 km/h"",""res"":""Punkt: J. Cisek""},{""type"":""rally"",""score"":""17 : 16"",""speed"":""-"",""res"":""Błąd: R. Żybura""},{""type"":""rally"",""score"":""17 : 15"",""speed"":""64.5 km/h"",""res"":""Punkt: R. Żybura""},{""type"":""chg"",""score"":""16 : 15"",""txt"":""Zmiana: �. Gąsior ⇄ M. Konarski""},{""type"":""tmo"",""score"":""16 : 15"",""txt"":""Czas dla: ""},{""type"":""rally"",""score"":""16 : 15"",""speed"":""47.6 km/h"",""res"":""Punkt: J. Cisek""},{""type"":""rally"",""score"":""15 : 15"",""speed"":""51.2 km/h"",""res"":""Punkt: J. Muller""},{""type"":""rally"",""score"":""15 : 14"",""speed"":""57.7 km/h"",""res"":""Punkt: R. Żybura""},{""type"":""rally"",""score"":""14 : 14"",""speed"":""65.2 km/h"",""res"":""Punkt: D. Pujić""},{""type"":""rally"",""score"":""14 : 13"",""speed"":""69.1 km/h"",""res"":""Punkt: R. Żybura""},{""type"":""rally"",""score"":""13 : 13"",""speed"":""61.8 km/h"",""res"":""Punkt: J. Cisek""},{""type"":""rally"",""score"":""12 : 13"",""speed"":""47.3 km/h"",""res"":""Punkt: R. Żybura""},{""type"":""rally"",""score"":""11 : 13"",""speed"":""45.9 km/h"",""res"":""Punkt: M. Juszczak""},{""type"":""chg"",""score"":""11 : 12"",""txt"":""Zmiana: K. Lewicki ⇄ S. Borzymowski""},{""type"":""rally"",""score"":""11 : 12"",""speed"":""59.0 km/h"",""res"":""Punkt: D. Pujić""},{""type"":""rally"",""score"":""11 : 11"",""speed"":""52.1 km/h"",""res"":""Punkt: S. Borzymowski""},{""type"":""chg"",""score"":""10 : 11"",""txt"":""Zmiana: M. Konarski ⇄ �. Gąsior""},{""type"":""tmo"",""score"":""10 : 11"",""txt"":""Czas dla: Arks Bucz""},{""type"":""rally"",""score"":""10 : 11"",""speed"":""58.5 km/h"",""res"":""Błąd: S. Borzymowski""},{""type"":""rally"",""score"":""10 : 10"",""speed"":""41.2 km/h"",""res"":""Punkt: D. Pujić""},{""type"":""rally"",""score"":""10 : 9"",""speed"":""41.8 km/h"",""res"":""Punkt: D. Pujić""},{""type"":""rally"",""score"":""10 : 8"",""speed"":""47.9 km/h"",""res"":""Punkt: B. Pruvot""},{""type"":""rally"",""score"":""10 : 7"",""speed"":""43.1 km/h"",""res"":""Punkt: D. Pujić""},{""type"":""rally"",""score"":""10 : 6"",""speed"":""51.5 km/h"",""res"":""Punkt: D. Pujić""},{""type"":""rally"",""score"":""10 : 5"",""speed"":""42.0 km/h"",""res"":""Punkt: L. Drab""},{""type"":""rally"",""score"":""9 : 5"",""speed"":""69.5 km/h"",""res"":""Punkt: B. Pruvot""},{""type"":""chg"",""score"":""9 : 4"",""txt"":""Zmiana: S. Borzymowski ⇄ K. Lewicki""},{""type"":""rally"",""score"":""9 : 4"",""speed"":""91.6 km/h"",""res"":""Punkt: L. Drab""},{""type"":""tmo"",""score"":""8 : 4"",""txt"":""Czas dla: ""},{""type"":""rally"",""score"":""8 : 4"",""speed"":""52.4 km/h"",""res"":""Punkt: J. Cisek""},{""type"":""rally"",""score"":""7 : 4"",""speed"":""47.7 km/h"",""res"":""Punkt: K. Fiorentino""},{""type"":""tmo"",""score"":""7 : 3"",""txt"":""Czas dla: Black Smoke""},{""type"":""rally"",""score"":""7 : 3"",""speed"":""63.3 km/h"",""res"":""Punkt: C. DeLeon""},{""type"":""rally"",""score"":""6 : 3"",""speed"":""63.8 km/h"",""res"":""Punkt: L. Drab""},{""type"":""rally"",""score"":""5 : 3"",""speed"":""66.0 km/h"",""res"":""Punkt: R. Żybura""},{""type"":""rally"",""score"":""4 : 3"",""speed"":""77.8 km/h"",""res"":""Punkt: J. Muller""},{""type"":""rally"",""score"":""4 : 2"",""speed"":""42.2 km/h"",""res"":""Punkt: R. Żybura""},{""type"":""rally"",""score"":""3 : 2"",""speed"":""60.6 km/h"",""res"":""Punkt: D. Pujić""},{""type"":""rally"",""score"":""3 : 1"",""speed"":""51.9 km/h"",""res"":""Punkt: C. DeLeon""},{""type"":""rally"",""score"":""2 : 1"",""speed"":""46.8 km/h"",""res"":""Błąd: R. Żybura""},{""type"":""rally"",""score"":""2 : 0"",""speed"":""67.1 km/h"",""res"":""Punkt: C. DeLeon""},{""type"":""chg"",""score"":""1 : 0"",""txt"":""Zmiana: M. Juszczak ⇄ L. Bosić""},{""type"":""chg"",""score"":""1 : 0"",""txt"":""Zmiana: J. Muller ⇄ F. Sooväli""},{""type"":""chg"",""score"":""1 : 0"",""txt"":""Zmiana: K. Fiorentino ⇄ K. Kurowski""},{""type"":""tmo"",""score"":""1 : 0"",""txt"":""Czas dla: Black Smoke""},{""type"":""rally"",""score"":""1 : 0"",""speed"":""60.7 km/h"",""res"":""Błąd: K. Kurowski""}]},{""rallies"":[{""type"":""end"",""score"":""23 : 25"",""txt"":""Koniec seta 2 : 2""},{""type"":""end"",""score"":""23 : 25"",""txt"":""Koniec seta 2 : 2""},{""type"":""rally"",""score"":""23 : 25"",""speed"":""58.0 km/h"",""res"":""Punkt: K. Kurowski""},{""type"":""chg"",""score"":""23 : 24"",""txt"":""Zmiana: S. Borzymowski ⇄ L. Drab""},{""type"":""rally"",""score"":""23 : 24"",""speed"":""52.9 km/h"",""res"":""Błąd: C. DeLeon""},{""type"":""rally"",""score"":""23 : 23"",""speed"":""88.5 km/h"",""res"":""Punkt: J. Muller""},{""type"":""rally"",""score"":""23 : 22"",""speed"":""41.7 km/h"",""res"":""Punkt: C. DeLeon""},{""type"":""rally"",""score"":""22 : 22"",""speed"":""56.6 km/h"",""res"":""Punkt: J. Muller""},{""type"":""rally"",""score"":""22 : 21"",""speed"":""54.2 km/h"",""res"":""Punkt: C. DeLeon""},{""type"":""rally"",""score"":""21 : 21"",""speed"":""65.2 km/h"",""res"":""Punkt: D. Pujić""},{""type"":""tmo"",""score"":""21 : 20"",""txt"":""Czas dla: Black Smoke""},{""type"":""rally"",""score"":""21 : 20"",""speed"":""56.4 km/h"",""res"":""Błąd: L. Bosić""},{""type"":""rally"",""score"":""20 : 20"",""speed"":""48.4 km/h"",""res"":""Punkt: R. Żybura""},{""type"":""tmo"",""score"":""19 : 20"",""txt"":""Czas dla: Arks Bucz""},{""type"":""rally"",""score"":""19 : 20"",""speed"":""-"",""res"":""Błąd: C. DeLeon""},{""type"":""tmo"",""score"":""19 : 19"",""txt"":""Czas dla: Black Smoke""},{""type"":""rally"",""score"":""19 : 19"",""speed"":""64.4 km/h"",""res"":""Punkt: R. Żybura""},{""type"":""rally"",""score"":""18 : 19"",""speed"":""55.5 km/h"",""res"":""Punkt: J. Cisek""},{""type"":""rally"",""score"":""17 : 19"",""speed"":""-"",""res"":""Błąd: S. Hallez""},{""type"":""rally"",""score"":""16 : 19"",""speed"":""71.6 km/h"",""res"":""Punkt: B. Pruvot""},{""type"":""rally"",""score"":""16 : 18"",""speed"":""55.8 km/h"",""res"":""Punkt: K. Lewicki""},{""type"":""rally"",""score"":""15 : 18"",""speed"":""71.2 km/h"",""res"":""Punkt: J. Muller""},{""type"":""rally"",""score"":""15 : 17"",""speed"":""63.4 km/h"",""res"":""Punkt: K. Lewicki""},{""type"":""rally"",""score"":""14 : 17"",""speed"":""51.1 km/h"",""res"":""Punkt: L. Drab""},{""type"":""rally"",""score"":""13 : 17"",""speed"":""46.3 km/h"",""res"":""Punkt: J. Muller""},{""type"":""tmo"",""score"":""13 : 16"",""txt"":""Czas dla: ""},{""type"":""rally"",""score"":""13 : 16"",""speed"":""76.1 km/h"",""res"":""Punkt: J. Muller""},{""type"":""rally"",""score"":""13 : 15"",""speed"":""-"",""res"":""Błąd: L. Bosić""},{""type"":""rally"",""score"":""12 : 15"",""speed"":""51.6 km/h"",""res"":""Punkt: J. Muller""},{""type"":""rally"",""score"":""12 : 14"",""speed"":""55.7 km/h"",""res"":""Punkt: K. Kurowski""},{""type"":""rally"",""score"":""12 : 13"",""speed"":""62.0 km/h"",""res"":""Błąd: J. Muller""},{""type"":""rally"",""score"":""11 : 13"",""speed"":""58.3 km/h"",""res"":""Punkt: J. Cisek""},{""type"":""rally"",""score"":""10 : 13"",""speed"":""56.3 km/h"",""res"":""Punkt: D. Pujić""},{""type"":""rally"",""score"":""10 : 12"",""speed"":""45.2 km/h"",""res"":""Punkt: R. Żybura""},{""type"":""rally"",""score"":""9 : 12"",""speed"":""-"",""res"":""Błąd: C. DeLeon""},{""type"":""chg"",""score"":""9 : 11"",""txt"":""Zmiana: �. Gąsior ⇄ M. Konarski""},{""type"":""rally"",""score"":""9 : 11"",""speed"":""58.1 km/h"",""res"":""Błąd: B. Pruvot""},{""type"":""rally"",""score"":""8 : 11"",""speed"":""55.1 km/h"",""res"":""Punkt: R. Żybura""},{""type"":""rally"",""score"":""7 : 11"",""speed"":""-"",""res"":""Błąd: M. Konarski""},{""type"":""rally"",""score"":""7 : 10"",""speed"":""52.6 km/h"",""res"":""Punkt: K. Lewicki""},{""type"":""rally"",""score"":""6 : 10"",""speed"":""55.0 km/h"",""res"":""Punkt: J. Muller""},{""type"":""rally"",""score"":""6 : 9"",""speed"":""50.1 km/h"",""res"":""Punkt: C. DeLeon""},{""type"":""rally"",""score"":""5 : 9"",""speed"":""64.2 km/h"",""res"":""Punkt: L. Bosić""},{""type"":""rally"",""score"":""5 : 8"",""speed"":""54.0 km/h"",""res"":""Punkt: L. Drab""},{""type"":""tmo"",""score"":""4 : 8"",""txt"":""Czas dla: ""},{""type"":""rally"",""score"":""4 : 8"",""speed"":""59.1 km/h"",""res"":""Punkt: J. Muller""},{""type"":""rally"",""score"":""4 : 7"",""speed"":""46.5 km/h"",""res"":""Punkt: L. Drab""},{""type"":""chg"",""score"":""3 : 7"",""txt"":""Zmiana: M. Konarski ⇄ �. Gąsior""},{""type"":""rally"",""score"":""3 : 7"",""speed"":""52.9 km/h"",""res"":""Błąd: R. Żybura""},{""type"":""rally"",""score"":""3 : 6"",""speed"":""49.0 km/h"",""res"":""Punkt: J. Muller""},{""type"":""rally"",""score"":""3 : 5"",""speed"":""68.7 km/h"",""res"":""Punkt: D. Pujić""},{""type"":""rally"",""score"":""3 : 4"",""speed"":""80.1 km/h"",""res"":""Punkt: L. Drab""},{""type"":""rally"",""score"":""2 : 4"",""speed"":""50.2 km/h"",""res"":""Punkt: R. Żybura""},{""type"":""rally"",""score"":""1 : 4"",""speed"":""50.3 km/h"",""res"":""Punkt: B. Pruvot""},{""type"":""rally"",""score"":""1 : 3"",""speed"":""-"",""res"":""Błąd: C. DeLeon""},{""type"":""tmo"",""score"":""1 : 2"",""txt"":""Czas dla: Arks Bucz""},{""type"":""rally"",""score"":""1 : 2"",""speed"":""58.3 km/h"",""res"":""Punkt: C. DeLeon""},{""type"":""rally"",""score"":""0 : 2"",""speed"":""54.1 km/h"",""res"":""Punkt: D. Pujić""},{""type"":""chg"",""score"":""0 : 1"",""txt"":""Zmiana: O. Martinez ⇄ O. Nocerino""},{""type"":""chg"",""score"":""0 : 1"",""txt"":""Zmiana: J. Muller ⇄ F. Sooväli""},{""type"":""rally"",""score"":""0 : 1"",""speed"":""50.6 km/h"",""res"":""Błąd: C. DeLeon""}]},{""rallies"":[{""type"":""end"",""score"":""15 : 13"",""txt"":""Koniec seta 3 : 2""},{""type"":""end"",""score"":""15 : 13"",""txt"":""Koniec seta 3 : 2""},{""type"":""rally"",""score"":""15 : 13"",""speed"":""62.4 km/h"",""res"":""Punkt: R. Żybura""},{""type"":""rally"",""score"":""14 : 13"",""speed"":""76.3 km/h"",""res"":""Punkt: R. Żybura""},{""type"":""rally"",""score"":""13 : 13"",""speed"":""49.8 km/h"",""res"":""Punkt: K. Lewicki""},{""type"":""rally"",""score"":""12 : 13"",""speed"":""52.3 km/h"",""res"":""Błąd: R. Żybura""},{""type"":""rally"",""score"":""12 : 12"",""speed"":""51.1 km/h"",""res"":""Punkt: R. Żybura""},{""type"":""rally"",""score"":""11 : 12"",""speed"":""42.4 km/h"",""res"":""Punkt: D. Pujić""},{""type"":""rally"",""score"":""11 : 11"",""speed"":""48.8 km/h"",""res"":""Punkt: B. Pruvot""},{""type"":""rally"",""score"":""11 : 10"",""speed"":""68.5 km/h"",""res"":""Punkt: Ł. Gąsior""},{""type"":""rally"",""score"":""10 : 10"",""speed"":""42.3 km/h"",""res"":""Punkt: J. Cisek""},{""type"":""rally"",""score"":""9 : 10"",""speed"":""45.3 km/h"",""res"":""Punkt: D. Pujić""},{""type"":""rally"",""score"":""9 : 9"",""speed"":""51.3 km/h"",""res"":""Punkt: D. Pujić""},{""type"":""rally"",""score"":""9 : 8"",""speed"":""60.0 km/h"",""res"":""Błąd: K. Kurowski""},{""type"":""rally"",""score"":""8 : 8"",""speed"":""54.5 km/h"",""res"":""Błąd: K. Kurowski""},{""type"":""chg"",""score"":""7 : 8"",""txt"":""Zmiana: �. Gąsior ⇄ M. Konarski""},{""type"":""rally"",""score"":""7 : 8"",""speed"":""85.6 km/h"",""res"":""Punkt: J. Muller""},{""type"":""rally"",""score"":""7 : 7"",""speed"":""50.4 km/h"",""res"":""Punkt: J. Cisek""},{""type"":""rally"",""score"":""6 : 7"",""speed"":""51.2 km/h"",""res"":""Punkt: J. Muller""},{""type"":""rally"",""score"":""6 : 6"",""speed"":""-"",""res"":""Błąd: R. Żybura""},{""type"":""tmo"",""score"":""6 : 5"",""txt"":""Czas dla: Black Smoke""},{""type"":""rally"",""score"":""6 : 5"",""speed"":""56.5 km/h"",""res"":""Punkt: J. Cisek""},{""type"":""rally"",""score"":""5 : 5"",""speed"":""52.2 km/h"",""res"":""Punkt: R. Żybura""},{""type"":""rally"",""score"":""4 : 5"",""speed"":""52.3 km/h"",""res"":""Punkt: J. Muller""},{""type"":""tmo"",""score"":""4 : 4"",""txt"":""Czas dla: Black Smoke""},{""type"":""rally"",""score"":""4 : 4"",""speed"":""59.6 km/h"",""res"":""Punkt: K. Lewicki""},{""type"":""rally"",""score"":""3 : 4"",""speed"":""46.1 km/h"",""res"":""Błąd: H. Lorenz""},{""type"":""rally"",""score"":""2 : 4"",""speed"":""47.2 km/h"",""res"":""Punkt: J. Cisek""},{""type"":""chg"",""score"":""1 : 4"",""txt"":""Zmiana: M. Konarski ⇄ �. Gąsior""},{""type"":""rally"",""score"":""1 : 4"",""speed"":""55.4 km/h"",""res"":""Punkt: J. Muller""},{""type"":""rally"",""score"":""1 : 3"",""speed"":""54.2 km/h"",""res"":""Punkt: J. Muller""},{""type"":""tmo"",""score"":""1 : 2"",""txt"":""Czas dla: Arks Bucz""},{""type"":""rally"",""score"":""1 : 2"",""speed"":""48.7 km/h"",""res"":""Punkt: K. Kurowski""},{""type"":""rally"",""score"":""1 : 1"",""speed"":""41.6 km/h"",""res"":""Punkt: K. Lewicki""},{""type"":""chg"",""score"":""0 : 1"",""txt"":""Zmiana: H. Lorenz ⇄ L. Bosić""},{""type"":""chg"",""score"":""0 : 1"",""txt"":""Zmiana: J. Muller ⇄ F. Sooväli""},{""type"":""rally"",""score"":""0 : 1"",""speed"":""64.4 km/h"",""res"":""Punkt: D. Pujić""}]}]}","1","1","0","2","1","1","19","57","1","0","12","0","0","7","71.6","57.9","0","0","0","0","0","0","0","0","0","0","0","0","0","0","0","0","0","0","0","0","0","0","0","0","0","0","0","0","0","0","49","9","3","10","52","123","0","0","0","0","0","12","3","2","1","4","2","2","2","0","0","0","0","5","31","24","23","26","16","bulk-1.27-teamid-from-league-list","0","0","0"
"3.6","Arks Bucz vs Black Smoke 3:2","1216012","2026-09-03 17:00","Arks Bucz Arena","Arks Bucz","128755","DeLeon, Clarence","1725278","18","3","22","3","0","69.1","47","12","15","32","6","29","26","13","3","2","52","11","0","100","4","36","3","46","79","0","0","0","0","0","0","0","36.4","","2","2","0","1","0","0","46","79","3","3","36","0","0","10","69.1","58.1","2","0","1","1","4","8","0","1","0","1","0","2","7","3","7","0","11","28","0","0","0","0","0","0","4","0","0","0","5","9","0","0","0","0","0","0","2","6","1","2","11","13","8","1","1","3","0","2","1","0","0","1","0","5","26","18","19","22","8","bulk-1.27-teamid-from-league-list","0","0","0"
"3.6","Arks Bucz vs Black Smoke 3:2","1216012","2026-09-03 17:00","Arks Bucz Arena","Arks Bucz","128755","Lewicki, Krzysztof","2002578","17","16","22","1","2","80.1","15","0","7","47","47","3","2","0","1","0","0","0","0","0","0","0","8","54","83","2","1","6","0","1","2","3","52.4","","0","1","0","0","0","0","54","83","7","2","41","1","0","13","80.1","63.6","1","0","0","0","2","3","0","0","0","0","0","0","0","0","0","0","0","0","6","0","0","0","6","12","0","0","0","0","0","0","2","1","0","0","3","6","0","0","0","0","0","0","0","0","0","0","0","0","0","0","0","0","0","5","12","8","4","9","8","bulk-1.27-teamid-from-league-list","0","0","0"
"3.6","Arks Bucz vs Black Smoke 3:2","1216012","2026-09-03 17:00","Arks Bucz Arena","Arks Bucz","128755","Żybura, Rafał","2088658","25","18","18","2","1","68.2","39","5","21","54","41","25","18","3","7","4","28","0","0","0","0","0","3","41","99","0","0","0","0","0","0","0","56.7","","1","2","1","3","2","2","41","99","3","0","35","0","0","6","68.2","58.6","5","1","0","0","3","9","2","0","1","0","0","3","14","3","0","0","8","25","0","0","0","0","0","0","0","0","0","0","2","2","0","0","0","0","0","0","0","0","0","0","0","3","1","1","0","1","0","4","4","0","0","0","0","5","13","13","16","19","10","bulk-1.27-teamid-from-league-list","0","0","0"
"3.6","Arks Bucz vs Black Smoke 3:2","1216012","2026-09-03 17:00","Arks Bucz Arena","Arks Bucz","128755","Cisek, Jacek","1929374","17","9","16","2","1","97.8","41","6","15","37","22","28","17","5","11","7","43","77","0","100","28","36","1","46","97","0","0","0","0","0","0","0","78.2","","5","6","1","4","1","1","46","97","1","2","34","0","0","12","97.8","78.1","2","0","0","0","3","5","2","0","3","0","0","5","11","2","1","0","13","27","0","0","0","0","0","0","0","0","0","0","4","4","0","0","0","0","0","0","27","29","13","8","77","5","1","0","0","3","1","7","3","2","0","2","0","5","28","22","28","25","19","bulk-1.27-teamid-from-league-list","0","0","0"
"3.6","Arks Bucz vs Black Smoke 3:2","1216012","2026-09-03 17:00","Arks Bucz Arena","Arks Bucz","128755","Drab, Leon","1951247","22","19","12","2","1","77.2","20","1","12","60","55","7","2","1","5","1","29","0","0","0","0","0","9","52","88","0","0","0","0","0","0","0","62.7","","0","2","1","3","0","0","52","88","6","1","37","3","0","15","77.2","61.6","1","0","0","0","0","1","1","0","0","0","0","1","0","0","0","0","0","0","9","0","1","1","7","18","0","0","0","0","0","0","0","0","0","0","0","0","0","0","0","0","0","1","1","0","0","0","0","1","1","0","0","0","0","5","9","8","9","8","6","bulk-1.27-teamid-from-league-list","0","0","0"
"3.6","Arks Bucz vs Black Smoke 3:2","1216012","2026-09-03 17:00","Arks Bucz Arena","Arks Bucz","128755","Noszczyński, Kacper","2060803","0","0","0","0","0","0","0","0","0","0","0","26","23","16","3","3","73","11","0","100","5","45","0","0","0","2","1","8","2","2","3","1","20.4","","3","3","0","0","0","0","0","0","0","0","0","0","0","0","0","0","0","0","0","0","0","0","0","0","0","0","0","0","0","0","0","0","0","0","0","0","0","0","0","0","0","0","0","0","0","0","2","1","0","1","4","8","3","3","4","1","11","16","9","1","1","4","1","3","1","0","1","1","0","5","13","12","7","3","6","bulk-1.27-teamid-from-league-list","0","0","0"
"3.6","Arks Bucz vs Black Smoke 3:2","1216012","2026-09-03 17:00","Arks Bucz Arena","Arks Bucz","128755","Owczarek, Franciszek","1975137","2","1","1","0","0","57.7","5","1","2","40","20","0","0","0","0","0","0","0","0","0","0","0","0","5","8","0","0","0","0","0","0","0","2.5","","0","0","0","0","0","0","5","8","0","0","3","0","0","2","57.7","57.7","2","0","0","0","1","3","0","0","0","0","0","0","0","0","1","0","1","2","0","0","0","0","0","0","0","0","0","0","0","0","0","0","0","0","0","0","0","0","0","0","0","0","0","0","0","0","0","0","0","0","0","0","0","2","3","2","0","0","0","bulk-1.27-teamid-from-league-list","0","0","0"
"3.6","Arks Bucz vs Black Smoke 3:2","1216012","2026-09-03 17:00","Arks Bucz Arena","Arks Bucz","128755","Borzymowski, Sławomir","1905842","2","0","5","1","1","64.1","2","1","1","50","0","3","1","1","2","0","33","0","0","0","0","0","0","4","5","0","0","0","0","0","0","0","3.3","","0","0","0","2","0","0","4","5","0","0","3","0","0","1","64.1","59.3","0","0","0","0","0","0","0","1","0","0","0","1","0","0","0","0","0","0","1","0","0","0","0","1","0","0","0","0","0","0","0","0","0","0","0","0","0","0","0","0","0","1","0","0","0","1","0","0","0","0","0","0","0","3","3","2","2","0","0","bulk-1.27-teamid-from-league-list","0","0","0"
"3.6","Arks Bucz vs Black Smoke 3:2","1216012","2026-09-03 17:00","Arks Bucz Arena","Arks Bucz","128755","Konarski, Marcin","1865722","0","-1","3","1","0","68.9","0","0","0","0","0","6","4","0","2","0","0","0","0","0","0","0","0","4","12","17","4","32","6","15","4","7","-1","","0","2","0","0","0","0","4","12","0","0","3","0","0","1","68.9","64","0","0","0","0","0","0","0","0","0","0","0","0","0","0","0","0","0","0","0","0","0","0","0","0","0","0","0","0","0","0","17","4","0","0","11","32","0","0","0","0","0","0","0","0","0","0","0","0","0","0","0","0","0","5","7","4","9","7","6","bulk-1.27-teamid-from-league-list","0","0","0"
"3.6","Arks Bucz vs Black Smoke 3:2","1216012","2026-09-03 17:00","Arks Bucz Arena","Black Smoke","137347","Hallez, Siegfried","2004319","1","0","21","1","0","58.5","2","0","1","50","50","35","21","11","14","4","43","0","0","0","0","0","0","23","73","68","20","161","35","45","54","27","11.4","","4","11","0","3","0","0","23","73","0","1","21","0","0","2","58.5","49.8","1","0","0","0","1","2","0","0","0","0","0","0","0","0","0","0","0","0","0","0","0","0","0","0","0","0","0","0","0","0","68","20","6","10","58","161","0","0","0","0","0","11","3","5","1","2","0","4","0","2","0","1","1","5","40","30","37","34","22","bulk-1.27-teamid-from-league-list","0","0","0"
"3.6","Arks Bucz vs Black Smoke 3:2","1216012","2026-09-03 17:00","Arks Bucz Arena","Black Smoke","137347","Pruvot, Bruno","2087306","8","-4","20","2","0","52.6","18","6","6","33","0","26","16","8","10","6","54","37","4","89","11","30","2","28","78","0","0","0","0","0","0","0","25.4","","1","3","4","6","1","1","28","78","1","1","24","1","0","4","52.6","47.5","0","0","1","0","2","3","0","1","1","0","0","2","4","1","0","0","0","5","0","0","0","0","0","0","2","0","2","0","4","8","0","0","0","0","0","0","11","5","12","5","33","8","3","3","0","2","0","6","3","1","1","1","0","5","24","16","21","15","11","bulk-1.27-teamid-from-league-list","0","0","0"
"3.6","Arks Bucz vs Black Smoke 3:2","1216012","2026-09-03 17:00","Arks Bucz Arena","Black Smoke","137347","Pujić, Dejan","2088629","24","16","14","0","0","58.3","49","8","22","45","29","5","5","0","0","0","0","0","0","0","0","0","2","30","68","2","0","2","0","1","0","1","43.8","","0","0","0","0","0","0","30","68","2","0","28","0","0","2","58.3","51.3","2","0","0","0","0","2","1","0","1","0","0","2","0","0","0","0","0","0","17","1","6","2","19","45","0","0","0","0","0","0","2","0","0","0","0","2","0","0","0","0","0","0","0","0","0","0","0","0","0","0","0","0","0","5","1","14","13","16","10","bulk-1.27-teamid-from-league-list","0","0","0"
"3.6","Arks Bucz vs Black Smoke 3:2","1216012","2026-09-03 17:00","Arks Bucz Arena","Black Smoke","137347","Bosić, Ljubiša","2112449","3","0","8","1","0","55.9","9","2","3","33","11","12","9","5","3","1","50","0","0","0","0","0","0","15","40","0","0","0","0","0","0","0","6.4","","0","0","0","2","1","1","15","40","0","0","11","0","0","4","55.9","49.2","1","1","0","0","0","2","1","0","0","0","0","1","0","0","0","0","1","1","0","0","0","0","0","0","1","0","1","0","3","5","0","0","0","0","0","0","0","0","0","0","0","5","1","2","0","2","0","1","1","0","0","0","0","2","0","10","0","12","0","bulk-1.27-teamid-from-league-list","0","0","0"
"3.6","Arks Bucz vs Black Smoke 3:2","1216012","2026-09-03 17:00","Arks Bucz Arena","Black Smoke","137347","Kurowski, Kacper","2060909","5","-2","13","0","0","59.1","14","5","3","21","-14","13","8","3","5","3","46","48","2","96","24","50","2","24","79","0","0","0","0","0","0","0","29.3","","1","2","2","3","0","0","24","79","2","0","21","0","0","3","59.1","49.2","0","0","0","0","1","1","0","1","0","0","0","1","2","0","2","0","4","8","0","0","0","0","0","0","1","2","0","0","1","4","0","0","0","0","0","0","11","17","14","4","46","3","1","1","0","1","0","3","2","1","0","0","0","5","21","19","1","21","14","bulk-1.27-teamid-from-league-list","0","0","0"
"3.6","Arks Bucz vs Black Smoke 3:2","1216012","2026-09-03 17:00","Arks Bucz Arena","Black Smoke","137347","Sooväli, Freddi","2113330","12","6","10","2","0","60.5","20","4","12","60","40","4","2","0","2","1","25","0","0","0","0","0","0","19","37","0","0","0","0","0","0","0","24.4","","1","1","0","1","0","0","19","37","0","0","16","0","0","3","60.5","50.7","0","0","0","0","1","1","0","0","0","1","0","1","0","0","0","0","0","0","11","1","3","0","3","18","0","0","0","0","0","0","0","0","0","0","0","0","0","0","0","0","0","0","0","0","0","0","0","1","1","0","0","0","0","2","17","11","0","0","0","bulk-1.27-teamid-from-league-list","0","0","0"
"3.6","Arks Bucz vs Black Smoke 3:2","1216012","2026-09-03 17:00","Arks Bucz Arena","Black Smoke","137347","Nocerino, Oddone","2112995","0","-1","0","0","0","0","0","0","0","0","0","27","22","14","5","2","59","7","1","86","1","14","0","0","0","0","1","6","0","0","1","5","12.8","","0","2","1","2","1","1","0","0","0","0","0","0","0","0","0","0","0","0","0","0","0","0","0","0","0","0","0","0","0","0","0","0","0","0","0","0","0","0","0","0","0","0","0","0","0","0","0","1","1","1","3","6","0","2","4","0","6","14","5","2","0","6","1","2","2","0","0","0","0","3","13","0","10","0","13","bulk-1.27-teamid-from-league-list","0","0","0"
"3.6","Arks Bucz vs Black Smoke 3:2","1216012","2026-09-03 17:00","Arks Bucz Arena","Black Smoke","137347","Juszczak, Marek","1976683","3","3","2","0","0","66","7","0","2","29","29","4","2","1","2","1","50","0","0","0","0","0","1","14","23","0","0","0","0","0","0","0","8.2","","0","0","1","2","0","0","14","23","1","1","14","0","0","0","66","56.8","1","0","0","0","3","4","0","0","0","0","0","0","0","0","0","1","2","3","0","0","0","0","0","0","0","0","0","0","0","0","0","0","0","0","0","0","0","0","0","0","0","1","1","0","0","0","0","1","1","0","0","0","0","1","0","0","14","0","0","bulk-1.27-teamid-from-league-list","0","0","0"
"3.6","Arks Bucz vs Black Smoke 3:2","1216012","2026-09-03 17:00","Arks Bucz Arena","Black Smoke","137347","Martinez, Olivier","2113207","0","0","0","0","0","0","0","0","0","0","0","20","14","8","6","5","65","2","0","100","0","0","0","0","0","1","4","6","0","1","2","3","9.2","","5","5","0","1","0","0","0","0","0","0","0","0","0","0","0","0","0","0","0","0","0","0","0","0","0","0","0","0","0","0","0","0","0","0","0","0","0","0","0","0","0","0","0","0","0","0","1","4","0","0","1","6","0","1","0","1","2","8","2","2","1","3","0","5","3","1","0","1","0","2","0","13","0","8","0","bulk-1.27-teamid-from-league-list","0","0","0"
"3.6","Arks Bucz vs Black Smoke 3:2","1216012","2026-09-03 17:00","Arks Bucz Arena","Black Smoke","137347","Lorenz, Heribert","2087364","4","1","7","1","0","54.6","10","2","3","30","10","12","7","6","5","1","58","0","0","0","0","0","1","11","33","0","0","0","0","0","0","0","10.2","","1","2","0","3","0","0","11","33","0","0","10","1","0","1","54.6","46.9","0","0","1","0","2","3","0","0","0","0","0","0","2","1","0","0","0","3","0","0","0","0","0","0","1","0","0","0","3","4","0","0","0","0","0","0","0","0","0","0","0","5","1","1","1","2","0","1","0","0","0","0","1","2","15","0","0","0","5","bulk-1.27-teamid-from-league-list","0","0","0"
"3.6","Arks Bucz vs Black Smoke 3:2","1216012","2026-09-03 17:00","Arks Bucz Arena","Black Smoke","137347","Fiorentino, Kurt","2060236","2","1","2","0","0","59.1","5","1","2","40","20","6","4","1","2","0","17","10","0","100","5","50","0","5","12","0","0","0","0","0","0","0","9.3","","0","0","0","2","0","0","5","12","0","0","5","0","0","0","59.1","55.8","0","0","0","0","0","0","0","0","0","0","0","0","1","0","0","1","2","4","0","0","0","0","0","0","0","0","1","0","0","1","0","0","0","0","0","0","2","1","3","4","10","1","1","0","0","0","0","0","0","0","0","0","0","1","0","0","18","0","0","bulk-1.27-teamid-from-league-list","0","0","0"
"3.6","Arks Bucz vs Black Smoke 3:2","1216012","2026-09-03 17:00","Arks Bucz Arena","Black Smoke","137347","Muller, Jonathan","2060112","32","24","9","0","0","60.7","44","8","25","57","39","8","4","0","4","0","0","0","0","0","0","0","7","45","64","0","0","1","0","0","1","0","66.8","","0","0","0","4","0","0","45","64","6","0","40","1","0","5","60.7","52.2","2","0","0","0","2","4","0","0","3","2","0","5","0","0","0","0","0","0","20","2","3","1","9","35","0","0","0","0","0","0","0","0","1","0","0","1","0","0","0","0","0","0","0","0","0","0","0","0","0","0","0","0","0","4","20","0","9","13","9","bulk-1.27-teamid-from-league-list","0","0","0"
"3.6","Projekt Słomin vs KS Jastrzębie 3:1","1216013","2026-09-03 17:00","Słomin centre","Projekt Słomin","128700","Jabłoński, Eryk","1865571","2","0","21","2","0","54.7","0","0","0","0","0","10","8","3","2","0","30","0","0","0","0","0","2","16","77","53","6","124","40","60","16","8","6.4","{""sets"":[{""h"":25,""a"":11},{""h"":26,""a"":28},{""h"":25,""a"":9},{""h"":25,""a"":23}],""parsedSets"":[{""rallies"":[{""type"":""end"",""score"":""25 : 11"",""txt"":""Koniec seta 1 : 0""},{""type"":""end"",""score"":""25 : 11"",""txt"":""Koniec seta 1 : 0""},{""type"":""rally"",""score"":""25 : 11"",""speed"":""52.1 km/h"",""res"":""Punkt: E. Jabłoński""},{""type"":""rally"",""score"":""24 : 11"",""speed"":""54.4 km/h"",""res"":""Punkt: P. Gajda""},{""type"":""rally"",""score"":""23 : 11"",""speed"":""59.2 km/h"",""res"":""Punkt: K. Lisek""},{""type"":""rally"",""score"":""23 : 10"",""speed"":""44.2 km/h"",""res"":""Punkt: J. Teissedre""},{""type"":""rally"",""score"":""23 : 9"",""speed"":""61.4 km/h"",""res"":""Punkt: M. Górka""},{""type"":""rally"",""score"":""22 : 9"",""speed"":""61.7 km/h"",""res"":""Punkt: J. Teissedre""},{""type"":""rally"",""score"":""22 : 8"",""speed"":""42.2 km/h"",""res"":""Błąd: J. Teissedre""},{""type"":""chg"",""score"":""21 : 8"",""txt"":""Zmiana: M. Czajkowski ⇄ P. Jura""},{""type"":""rally"",""score"":""21 : 8"",""speed"":""43.2 km/h"",""res"":""Błąd: J. Teissedre""},{""type"":""chg"",""score"":""20 : 8"",""txt"":""Zmiana: L. Tolkki ⇄ M. Tingsheng""},{""type"":""rally"",""score"":""20 : 8"",""speed"":""61.1 km/h"",""res"":""Punkt: M. Górka""},{""type"":""rally"",""score"":""19 : 8"",""speed"":""67.6 km/h"",""res"":""Punkt: M. Górka""},{""type"":""rally"",""score"":""18 : 8"",""speed"":""48.4 km/h"",""res"":""Punkt: P. Jura""},{""type"":""chg"",""score"":""18 : 7"",""txt"":""Zmiana: G. Tullini ⇄ G. Di Liberto""},{""type"":""chg"",""score"":""18 : 7"",""txt"":""Zmiana: J. Teissedre ⇄ S. Defoe""},{""type"":""rally"",""score"":""18 : 7"",""speed"":""46.6 km/h"",""res"":""Punkt: M. Górka""},{""type"":""rally"",""score"":""17 : 7"",""speed"":""49.3 km/h"",""res"":""Punkt: M. Tingsheng""},{""type"":""rally"",""score"":""17 : 6"",""speed"":""70.8 km/h"",""res"":""Punkt: P. Gajda""},{""type"":""rally"",""score"":""16 : 6"",""speed"":""53.4 km/h"",""res"":""Punkt: P. Jura""},{""type"":""tmo"",""score"":""16 : 5"",""txt"":""Czas dla: ""},{""type"":""rally"",""score"":""16 : 5"",""speed"":""52.1 km/h"",""res"":""Punkt: A. Lanata""},{""type"":""rally"",""score"":""15 : 5"",""speed"":""41.8 km/h"",""res"":""Błąd: S. Defoe""},{""type"":""rally"",""score"":""14 : 5"",""speed"":""52.9 km/h"",""res"":""Błąd: K. Lisek""},{""type"":""rally"",""score"":""13 : 5"",""speed"":""47.7 km/h"",""res"":""Punkt: A. Lanata""},{""type"":""rally"",""score"":""12 : 5"",""speed"":""45.6 km/h"",""res"":""Punkt: E. Jabłoński""},{""type"":""rally"",""score"":""11 : 5"",""speed"":""54.5 km/h"",""res"":""Punkt: P. Gajda""},{""type"":""chg"",""score"":""10 : 5"",""txt"":""Zmiana: S. Defoe ⇄ J. Teissedre""},{""type"":""rally"",""score"":""10 : 5"",""speed"":""42.0 km/h"",""res"":""Punkt: A. Lanata""},{""type"":""rally"",""score"":""9 : 5"",""speed"":""45.4 km/h"",""res"":""Punkt: A. Lanata""},{""type"":""tmo"",""score"":""8 : 5"",""txt"":""Czas dla: ""},{""type"":""rally"",""score"":""8 : 5"",""speed"":""60.0 km/h"",""res"":""Punkt: B. Laurent""},{""type"":""rally"",""score"":""7 : 5"",""speed"":""51.5 km/h"",""res"":""Punkt: K. Lisek""},{""type"":""tmo"",""score"":""7 : 4"",""txt"":""Czas dla: KS Jastrzębie ""},{""type"":""rally"",""score"":""7 : 4"",""speed"":""51.0 km/h"",""res"":""Punkt: P. Gajda""},{""type"":""rally"",""score"":""6 : 4"",""speed"":""44.8 km/h"",""res"":""Punkt: P. Gajda""},{""type"":""rally"",""score"":""5 : 4"",""speed"":""58.2 km/h"",""res"":""Punkt: P. Gajda""},{""type"":""rally"",""score"":""4 : 4"",""speed"":""45.4 km/h"",""res"":""Punkt: K. Lisek""},{""type"":""rally"",""score"":""4 : 3"",""speed"":""51.0 km/h"",""res"":""Punkt: B. Laurent""},{""type"":""rally"",""score"":""3 : 3"",""speed"":""52.3 km/h"",""res"":""Punkt: M. Górka""},{""type"":""rally"",""score"":""2 : 3"",""speed"":""51.7 km/h"",""res"":""Punkt: J. Teissedre""},{""type"":""rally"",""score"":""2 : 2"",""speed"":""58.3 km/h"",""res"":""Błąd: M. Tingsheng""},{""type"":""rally"",""score"":""1 : 2"",""speed"":""55.2 km/h"",""res"":""Punkt: M. Górka""},{""type"":""rally"",""score"":""0 : 2"",""speed"":""64.0 km/h"",""res"":""Punkt: J. Teissedre""},{""type"":""chg"",""score"":""0 : 1"",""txt"":""Zmiana: A. Lanata ⇄ N. Zauner""},{""type"":""chg"",""score"":""0 : 1"",""txt"":""Zmiana: B. Laurent ⇄ S. Pereda""},{""type"":""chg"",""score"":""0 : 1"",""txt"":""Zmiana: D. Pavlović ⇄ �. Jusiński""},{""type"":""tmo"",""score"":""0 : 1"",""txt"":""Czas dla: Projekt Słomin""},{""type"":""rally"",""score"":""0 : 1"",""speed"":""46.3 km/h"",""res"":""Punkt: J. Teissedre""}]},{""rallies"":[{""type"":""end"",""score"":""26 : 28"",""txt"":""Koniec seta 1 : 1""},{""type"":""end"",""score"":""26 : 28"",""txt"":""Koniec seta 1 : 1""},{""type"":""rally"",""score"":""26 : 28"",""speed"":""56.1 km/h"",""res"":""Punkt: M. Czajkowski""},{""type"":""rally"",""score"":""26 : 27"",""speed"":""53.8 km/h"",""res"":""Punkt: J. Teissedre""},{""type"":""rally"",""score"":""26 : 26"",""speed"":""57.5 km/h"",""res"":""Punkt: B. Laurent""},{""type"":""rally"",""score"":""25 : 26"",""speed"":""50.2 km/h"",""res"":""Punkt: K. Lisek""},{""type"":""rally"",""score"":""25 : 25"",""speed"":""49.2 km/h"",""res"":""Punkt: J. Teissedre""},{""type"":""rally"",""score"":""25 : 24"",""speed"":""53.7 km/h"",""res"":""Punkt: M. Górka""},{""type"":""rally"",""score"":""24 : 24"",""speed"":""-"",""res"":""Błąd: A. Lanata""},{""type"":""rally"",""score"":""24 : 23"",""speed"":""60.2 km/h"",""res"":""Błąd: J. Teissedre""},{""type"":""rally"",""score"":""23 : 23"",""speed"":""63.4 km/h"",""res"":""Punkt: A. Lanata""},{""type"":""rally"",""score"":""22 : 23"",""speed"":""47.3 km/h"",""res"":""Punkt: M. Czajkowski""},{""type"":""rally"",""score"":""22 : 22"",""speed"":""54.7 km/h"",""res"":""Punkt: M. Górka""},{""type"":""rally"",""score"":""21 : 22"",""speed"":""47.7 km/h"",""res"":""Punkt: A. Lanata""},{""type"":""rally"",""score"":""20 : 22"",""speed"":""43.7 km/h"",""res"":""Punkt: M. Górka""},{""type"":""rally"",""score"":""19 : 22"",""speed"":""58.1 km/h"",""res"":""Punkt: K. Lisek""},{""type"":""rally"",""score"":""19 : 21"",""speed"":""55.2 km/h"",""res"":""Punkt: A. Lanata""},{""type"":""rally"",""score"":""18 : 21"",""speed"":""56.8 km/h"",""res"":""Punkt: P. Gajda""},{""type"":""chg"",""score"":""17 : 21"",""txt"":""Zmiana: M. Czajkowski ⇄ P. Jura""},{""type"":""rally"",""score"":""17 : 21"",""speed"":""41.1 km/h"",""res"":""Punkt: K. Lisek""},{""type"":""rally"",""score"":""17 : 20"",""speed"":""-"",""res"":""Błąd: J. Teissedre""},{""type"":""tmo"",""score"":""16 : 20"",""txt"":""Czas dla: Projekt Słomin""},{""type"":""rally"",""score"":""16 : 20"",""speed"":""58.0 km/h"",""res"":""Punkt: K. Lisek""},{""type"":""rally"",""score"":""16 : 19"",""speed"":""-"",""res"":""Błąd: B. Laurent""},{""type"":""rally"",""score"":""16 : 18"",""speed"":""55.6 km/h"",""res"":""Punkt: P. Gajda""},{""type"":""chg"",""score"":""15 : 18"",""txt"":""Zmiana: G. Tullini ⇄ G. Di Liberto""},{""type"":""rally"",""score"":""15 : 18"",""speed"":""46.8 km/h"",""res"":""Błąd: E. Jabłoński""},{""type"":""rally"",""score"":""15 : 17"",""speed"":""42.1 km/h"",""res"":""Punkt: J. Teissedre""},{""type"":""rally"",""score"":""15 : 16"",""speed"":""56.8 km/h"",""res"":""Punkt: P. Gajda""},{""type"":""rally"",""score"":""14 : 16"",""speed"":""45.3 km/h"",""res"":""Punkt: M. Górka""},{""type"":""tmo"",""score"":""13 : 16"",""txt"":""Czas dla: ""},{""type"":""rally"",""score"":""13 : 16"",""speed"":""49.8 km/h"",""res"":""Punkt: P. Genadiev""},{""type"":""rally"",""score"":""13 : 15"",""speed"":""54.1 km/h"",""res"":""Punkt: J. Teissedre""},{""type"":""rally"",""score"":""13 : 14"",""speed"":""52.2 km/h"",""res"":""Punkt: P. Jura""},{""type"":""rally"",""score"":""13 : 13"",""speed"":""63.1 km/h"",""res"":""Punkt: M. Górka""},{""type"":""rally"",""score"":""12 : 13"",""speed"":""41.7 km/h"",""res"":""Punkt: F. Tartaglione""},{""type"":""rally"",""score"":""12 : 12"",""speed"":""47.0 km/h"",""res"":""Punkt: M. Górka""},{""type"":""rally"",""score"":""11 : 12"",""speed"":""54.6 km/h"",""res"":""Punkt: B. Laurent""},{""type"":""chg"",""score"":""10 : 12"",""txt"":""Zmiana: D. Pavlović ⇄ �. Jusiński""},{""type"":""chg"",""score"":""10 : 12"",""txt"":""Zmiana: A. Lanata ⇄ N. Zauner""},{""type"":""rally"",""score"":""10 : 12"",""speed"":""47.1 km/h"",""res"":""Punkt: K. Lisek""},{""type"":""rally"",""score"":""10 : 11"",""speed"":""68.6 km/h"",""res"":""Punkt: P. Gajda""},{""type"":""rally"",""score"":""9 : 11"",""speed"":""41.8 km/h"",""res"":""Punkt: K. Lisek""},{""type"":""rally"",""score"":""9 : 10"",""speed"":""66.7 km/h"",""res"":""Punkt: F. Tartaglione""},{""type"":""rally"",""score"":""9 : 9"",""speed"":""69.3 km/h"",""res"":""Punkt: K. Lisek""},{""type"":""rally"",""score"":""9 : 8"",""speed"":""58.4 km/h"",""res"":""Punkt: K. Lisek""},{""type"":""rally"",""score"":""9 : 7"",""speed"":""54.8 km/h"",""res"":""Punkt: P. Gajda""},{""type"":""tmo"",""score"":""8 : 7"",""txt"":""Czas dla: ""},{""type"":""rally"",""score"":""8 : 7"",""speed"":""50.1 km/h"",""res"":""Punkt: P. Gajda""},{""type"":""rally"",""score"":""7 : 7"",""speed"":""56.5 km/h"",""res"":""Punkt: J. Teissedre""},{""type"":""rally"",""score"":""7 : 6"",""speed"":""48.1 km/h"",""res"":""Punkt: G. Di Liberto""},{""type"":""rally"",""score"":""7 : 5"",""speed"":""51.5 km/h"",""res"":""Punkt: K. Lisek""},{""type"":""rally"",""score"":""7 : 4"",""speed"":""49.3 km/h"",""res"":""Punkt: P. Jura""},{""type"":""rally"",""score"":""7 : 3"",""speed"":""45.4 km/h"",""res"":""Punkt: P. Gajda""},{""type"":""rally"",""score"":""6 : 3"",""speed"":""43.3 km/h"",""res"":""Punkt: P. Gajda""},{""type"":""tmo"",""score"":""5 : 3"",""txt"":""Czas dla: KS Jastrzębie ""},{""type"":""rally"",""score"":""5 : 3"",""speed"":""54.8 km/h"",""res"":""Punkt: B. Laurent""},{""type"":""rally"",""score"":""4 : 3"",""speed"":""47.9 km/h"",""res"":""Punkt: P. Gajda""},{""type"":""rally"",""score"":""3 : 3"",""speed"":""61.9 km/h"",""res"":""Punkt: B. Laurent""},{""type"":""rally"",""score"":""2 : 3"",""speed"":""58.2 km/h"",""res"":""Punkt: P. Jura""},{""type"":""rally"",""score"":""2 : 2"",""speed"":""61.8 km/h"",""res"":""Punkt: M. Górka""},{""type"":""rally"",""score"":""1 : 2"",""speed"":""66.6 km/h"",""res"":""Błąd: N. Zauner""},{""type"":""rally"",""score"":""1 : 1"",""speed"":""53.9 km/h"",""res"":""Punkt: J. Teissedre""},{""type"":""chg"",""score"":""1 : 0"",""txt"":""Zmiana: P. Genadiev ⇄ M. Tingsheng""},{""type"":""chg"",""score"":""1 : 0"",""txt"":""Zmiana: B. Laurent ⇄ S. Pereda""},{""type"":""tmo"",""score"":""1 : 0"",""txt"":""Czas dla: Projekt Słomin""},{""type"":""rally"",""score"":""1 : 0"",""speed"":""43.8 km/h"",""res"":""Punkt: M. Górka""}]},{""rallies"":[{""type"":""end"",""score"":""25 : 9"",""txt"":""Koniec seta 2 : 1""},{""type"":""end"",""score"":""25 : 9"",""txt"":""Koniec seta 2 : 1""},{""type"":""rally"",""score"":""25 : 9"",""speed"":""42.8 km/h"",""res"":""Punkt: Ł. Jusiński""},{""type"":""rally"",""score"":""24 : 9"",""speed"":""46.1 km/h"",""res"":""Punkt: M. Górka""},{""type"":""rally"",""score"":""23 : 9"",""speed"":""54.6 km/h"",""res"":""Błąd: M. Górka""},{""type"":""rally"",""score"":""23 : 8"",""speed"":""45.4 km/h"",""res"":""Punkt: L. Tolkki""},{""type"":""rally"",""score"":""23 : 7"",""speed"":""44.5 km/h"",""res"":""Punkt: M. Górka""},{""type"":""rally"",""score"":""22 : 7"",""speed"":""48.2 km/h"",""res"":""Punkt: M. Czajkowski""},{""type"":""rally"",""score"":""22 : 6"",""speed"":""46.2 km/h"",""res"":""Punkt: M. Górka""},{""type"":""chg"",""score"":""21 : 6"",""txt"":""Zmiana: M. Czajkowski ⇄ P. Jura""},{""type"":""rally"",""score"":""21 : 6"",""speed"":""41.4 km/h"",""res"":""Błąd: L. Tolkki""},{""type"":""chg"",""score"":""20 : 6"",""txt"":""Zmiana: L. Tolkki ⇄ M. Tingsheng""},{""type"":""rally"",""score"":""20 : 6"",""speed"":""41.8 km/h"",""res"":""Punkt: M. Górka""},{""type"":""rally"",""score"":""19 : 6"",""speed"":""48.0 km/h"",""res"":""Punkt: M. Górka""},{""type"":""chg"",""score"":""18 : 6"",""txt"":""Zmiana: G. Tullini ⇄ G. Di Liberto""},{""type"":""chg"",""score"":""18 : 6"",""txt"":""Zmiana: J. Teissedre ⇄ S. Defoe""},{""type"":""rally"",""score"":""18 : 6"",""speed"":""43.9 km/h"",""res"":""Punkt: N. Zauner""},{""type"":""rally"",""score"":""17 : 6"",""speed"":""46.3 km/h"",""res"":""Punkt: M. Górka""},{""type"":""tmo"",""score"":""16 : 6"",""txt"":""Czas dla: ""},{""type"":""rally"",""score"":""16 : 6"",""speed"":""51.0 km/h"",""res"":""Punkt: M. Górka""},{""type"":""rally"",""score"":""15 : 6"",""speed"":""42.4 km/h"",""res"":""Punkt: M. Górka""},{""type"":""rally"",""score"":""14 : 6"",""speed"":""54.6 km/h"",""res"":""Punkt: M. Górka""},{""type"":""rally"",""score"":""13 : 6"",""speed"":""45.9 km/h"",""res"":""Punkt: M. Górka""},{""type"":""rally"",""score"":""12 : 6"",""speed"":""56.7 km/h"",""res"":""Punkt: N. Zauner""},{""type"":""rally"",""score"":""11 : 6"",""speed"":""53.2 km/h"",""res"":""Punkt: P. Jura""},{""type"":""rally"",""score"":""11 : 5"",""speed"":""58.7 km/h"",""res"":""Punkt: Ł. Jusiński""},{""type"":""rally"",""score"":""10 : 5"",""speed"":""43.7 km/h"",""res"":""Punkt: K. Lisek""},{""type"":""chg"",""score"":""10 : 4"",""txt"":""Zmiana: S. Defoe ⇄ J. Teissedre""},{""type"":""rally"",""score"":""10 : 4"",""speed"":""41.3 km/h"",""res"":""Błąd: P. Jura""},{""type"":""tmo"",""score"":""9 : 4"",""txt"":""Czas dla: KS Jastrzębie ""},{""type"":""rally"",""score"":""9 : 4"",""speed"":""52.3 km/h"",""res"":""Punkt: P. Gajda""},{""type"":""tmo"",""score"":""8 : 4"",""txt"":""Czas dla: ""},{""type"":""rally"",""score"":""8 : 4"",""speed"":""58.1 km/h"",""res"":""Punkt: P. Gajda""},{""type"":""rally"",""score"":""7 : 4"",""speed"":""54.7 km/h"",""res"":""Punkt: P. Gajda""},{""type"":""rally"",""score"":""6 : 4"",""speed"":""62.6 km/h"",""res"":""Punkt: K. Lisek""},{""type"":""rally"",""score"":""6 : 3"",""speed"":""61.3 km/h"",""res"":""Punkt: P. Gajda""},{""type"":""rally"",""score"":""5 : 3"",""speed"":""59.3 km/h"",""res"":""Punkt: P. Gajda""},{""type"":""rally"",""score"":""4 : 3"",""speed"":""50.8 km/h"",""res"":""Punkt: K. Lisek""},{""type"":""rally"",""score"":""4 : 2"",""speed"":""51.4 km/h"",""res"":""Błąd: K. Lisek""},{""type"":""rally"",""score"":""3 : 2"",""speed"":""42.4 km/h"",""res"":""Punkt: M. Górka""},{""type"":""rally"",""score"":""2 : 2"",""speed"":""49.9 km/h"",""res"":""Punkt: M. Tingsheng""},{""type"":""rally"",""score"":""2 : 1"",""speed"":""47.7 km/h"",""res"":""Punkt: N. Zauner""},{""type"":""rally"",""score"":""1 : 1"",""speed"":""55.0 km/h"",""res"":""Punkt: M. Górka""},{""type"":""tmo"",""score"":""0 : 1"",""txt"":""Czas dla: Projekt Słomin""},{""type"":""rally"",""score"":""0 : 1"",""speed"":""-"",""res"":""Błąd: E. Jabłoński""}]},{""rallies"":[{""type"":""end"",""score"":""25 : 23"",""txt"":""Koniec seta 3 : 1""},{""type"":""end"",""score"":""25 : 23"",""txt"":""Koniec seta 3 : 1""},{""type"":""rally"",""score"":""25 : 23"",""speed"":""51.4 km/h"",""res"":""Punkt: P. Gajda""},{""type"":""rally"",""score"":""24 : 23"",""speed"":""47.5 km/h"",""res"":""Punkt: P. Gajda""},{""type"":""rally"",""score"":""23 : 23"",""speed"":""50.2 km/h"",""res"":""Punkt: K. Lisek""},{""type"":""rally"",""score"":""23 : 22"",""speed"":""55.7 km/h"",""res"":""Błąd: K. Lisek""},{""type"":""rally"",""score"":""22 : 22"",""speed"":""41.6 km/h"",""res"":""Punkt: J. Teissedre""},{""type"":""rally"",""score"":""22 : 21"",""speed"":""51.9 km/h"",""res"":""Punkt: P. Gajda""},{""type"":""rally"",""score"":""21 : 21"",""speed"":""55.0 km/h"",""res"":""Punkt: P. Gajda""},{""type"":""rally"",""score"":""20 : 21"",""speed"":""49.0 km/h"",""res"":""Punkt: M. Górka""},{""type"":""rally"",""score"":""19 : 21"",""speed"":""61.0 km/h"",""res"":""Błąd: M. Górka""},{""type"":""rally"",""score"":""19 : 20"",""speed"":""42.8 km/h"",""res"":""Punkt: J. Teissedre""},{""type"":""rally"",""score"":""19 : 19"",""speed"":""47.1 km/h"",""res"":""Punkt: M. Górka""},{""type"":""rally"",""score"":""18 : 19"",""speed"":""-"",""res"":""Błąd: E. Jabłoński""},{""type"":""rally"",""score"":""18 : 18"",""speed"":""70.0 km/h"",""res"":""Punkt: M. Górka""},{""type"":""chg"",""score"":""17 : 18"",""txt"":""Zmiana: G. Tullini ⇄ G. Di Liberto""},{""type"":""rally"",""score"":""17 : 18"",""speed"":""42.8 km/h"",""res"":""Punkt: K. Lisek""},{""type"":""rally"",""score"":""17 : 17"",""speed"":""47.6 km/h"",""res"":""Punkt: M. Górka""},{""type"":""rally"",""score"":""16 : 17"",""speed"":""66.4 km/h"",""res"":""Punkt: P. Gajda""},{""type"":""rally"",""score"":""15 : 17"",""speed"":""57.6 km/h"",""res"":""Punkt: K. Lisek""},{""type"":""rally"",""score"":""15 : 16"",""speed"":""48.4 km/h"",""res"":""Punkt: Ł. Jusiński""},{""type"":""tmo"",""score"":""14 : 16"",""txt"":""Czas dla: ""},{""type"":""rally"",""score"":""14 : 16"",""speed"":""56.6 km/h"",""res"":""Punkt: K. Lisek""},{""type"":""rally"",""score"":""14 : 15"",""speed"":""51.1 km/h"",""res"":""Błąd: P. Gajda""},{""type"":""rally"",""score"":""14 : 14"",""speed"":""53.5 km/h"",""res"":""Punkt: K. Lisek""},{""type"":""rally"",""score"":""14 : 13"",""speed"":""52.2 km/h"",""res"":""Punkt: J. Teissedre""},{""type"":""rally"",""score"":""14 : 12"",""speed"":""52.0 km/h"",""res"":""Punkt: P. Gajda""},{""type"":""rally"",""score"":""13 : 12"",""speed"":""46.1 km/h"",""res"":""Punkt: J. Teissedre""},{""type"":""tmo"",""score"":""13 : 11"",""txt"":""Czas dla: KS Jastrzębie ""},{""type"":""rally"",""score"":""13 : 11"",""speed"":""53.0 km/h"",""res"":""Punkt: P. Gajda""},{""type"":""rally"",""score"":""12 : 11"",""speed"":""45.5 km/h"",""res"":""Punkt: P. Gajda""},{""type"":""rally"",""score"":""11 : 11"",""speed"":""61.3 km/h"",""res"":""Punkt: M. Górka""},{""type"":""rally"",""score"":""10 : 11"",""speed"":""46.2 km/h"",""res"":""Punkt: J. Teissedre""},{""type"":""rally"",""score"":""10 : 10"",""speed"":""43.4 km/h"",""res"":""Punkt: M. Górka""},{""type"":""rally"",""score"":""9 : 10"",""speed"":""65.1 km/h"",""res"":""Punkt: J. Teissedre""},{""type"":""rally"",""score"":""9 : 9"",""speed"":""63.2 km/h"",""res"":""Punkt: G. Di Liberto""},{""type"":""rally"",""score"":""9 : 8"",""speed"":""48.9 km/h"",""res"":""Punkt: P. Genadiev""},{""type"":""rally"",""score"":""9 : 7"",""speed"":""-"",""res"":""Błąd: K. Lisek""},{""type"":""rally"",""score"":""8 : 7"",""speed"":""45.2 km/h"",""res"":""Punkt: F. Tartaglione""},{""type"":""tmo"",""score"":""8 : 6"",""txt"":""Czas dla: ""},{""type"":""rally"",""score"":""8 : 6"",""speed"":""56.2 km/h"",""res"":""Błąd: K. Lisek""},{""type"":""rally"",""score"":""7 : 6"",""speed"":""59.3 km/h"",""res"":""Punkt: N. Zauner""},{""type"":""rally"",""score"":""6 : 6"",""speed"":""59.7 km/h"",""res"":""Punkt: P. Gajda""},{""type"":""rally"",""score"":""5 : 6"",""speed"":""41.3 km/h"",""res"":""Punkt: K. Lisek""},{""type"":""rally"",""score"":""5 : 5"",""speed"":""-"",""res"":""Błąd: J. Teissedre""},{""type"":""rally"",""score"":""4 : 5"",""speed"":""41.9 km/h"",""res"":""Błąd: P. Gajda""},{""type"":""rally"",""score"":""4 : 4"",""speed"":""50.5 km/h"",""res"":""Błąd: N. Zauner""},{""type"":""rally"",""score"":""4 : 3"",""speed"":""50.3 km/h"",""res"":""Punkt: K. Lisek""},{""type"":""rally"",""score"":""4 : 2"",""speed"":""46.3 km/h"",""res"":""Punkt: P. Gajda""},{""type"":""rally"",""score"":""3 : 2"",""speed"":""48.9 km/h"",""res"":""Punkt: S. Pereda""},{""type"":""rally"",""score"":""2 : 2"",""speed"":""59.8 km/h"",""res"":""Błąd: P. Gajda""},{""type"":""rally"",""score"":""2 : 1"",""speed"":""47.7 km/h"",""res"":""Punkt: M. Górka""},{""type"":""rally"",""score"":""1 : 1"",""speed"":""42.5 km/h"",""res"":""Punkt: P. Genadiev""},{""type"":""chg"",""score"":""1 : 0"",""txt"":""Zmiana: P. Genadiev ⇄ M. Tingsheng""},{""type"":""tmo"",""score"":""1 : 0"",""txt"":""Czas dla: Projekt Słomin""},{""type"":""rally"",""score"":""1 : 0"",""speed"":""57.3 km/h"",""res"":""Punkt: N. Zauner""}]}]}","0","0","0","1","0","1","16","77","2","1","14","0","0","2","54.7","46.9","0","0","0","0","0","0","0","0","0","0","0","0","0","0","0","0","0","0","0","0","0","0","0","0","0","0","0","0","0","0","53","6","3","6","56","124","0","0","0","0","0","3","1","0","1","0","1","0","0","0","0","0","0","4","22","40","25","30","0","bulk-1.27-teamid-from-league-list","0","0","0"
"3.6","Projekt Słomin vs KS Jastrzębie 3:1","1216013","2026-09-03 17:00","Słomin centre","Projekt Słomin","128700","Zauner, Niclas","2004213","5","2","7","0","0","53.9","9","3","3","33","0","14","12","6","2","2","57","8","0","100","4","50","2","17","45","0","0","0","0","0","0","0","17.9","","1","1","0","0","1","1","17","45","2","0","15","0","0","2","53.9","46.9","0","0","0","0","0","0","0","0","0","0","0","0","2","0","1","0","1","4","0","0","0","0","0","0","1","2","0","0","2","5","0","0","0","0","0","0","4","4","0","0","8","6","5","0","1","0","0","2","0","0","0","1","1","3","0","6","10","18","0","bulk-1.27-teamid-from-league-list","0","0","0"
"3.6","Projekt Słomin vs KS Jastrzębie 3:1","1216013","2026-09-03 17:00","Słomin centre","Projekt Słomin","128700","Górka, Mateusz","1767969","35","33","17","0","0","59.8","38","2","22","58","53","3","3","0","0","0","0","0","0","0","0","0","13","49","68","1","0","1","0","0","0","1","90.6","","0","0","0","0","0","0","49","68","11","1","40","2","0","9","59.8","49.7","0","0","0","0","3","3","1","0","0","0","0","1","0","0","0","0","0","0","21","2","0","0","11","34","0","0","0","0","0","0","1","0","0","0","0","1","0","0","0","0","0","0","0","0","0","0","0","0","0","0","0","0","0","4","9","17","18","15","0","bulk-1.27-teamid-from-league-list","0","0","0"
"3.6","Projekt Słomin vs KS Jastrzębie 3:1","1216013","2026-09-03 17:00","Słomin centre","Projekt Słomin","128700","Pereda, Silo","2002648","1","1","6","0","0","62.6","2","0","1","50","50","7","7","2","0","0","29","0","0","0","0","0","0","17","40","0","0","0","0","0","0","0","3.6","","0","0","0","0","0","0","17","40","0","0","17","0","0","0","62.6","53.8","0","0","0","0","0","0","0","0","0","0","0","0","1","0","0","0","1","2","0","0","0","0","0","0","0","0","0","0","0","0","0","0","0","0","0","0","0","0","0","0","0","2","1","0","0","1","0","0","0","0","0","0","0","3","0","1","2","8","0","bulk-1.27-teamid-from-league-list","0","0","0"
"3.6","Projekt Słomin vs KS Jastrzębie 3:1","1216013","2026-09-03 17:00","Słomin centre","Projekt Słomin","128700","Jusiński, Łukasz","2002296","3","2","9","0","0","58.4","8","0","1","13","13","14","13","5","1","1","43","25","1","96","9","36","2","20","44","0","0","0","0","0","0","0","23.6","","0","0","0","0","1","1","20","44","2","0","15","0","0","5","58.4","51","0","0","0","0","1","1","0","0","0","0","0","0","0","0","0","0","3","3","0","0","0","0","0","0","1","0","0","0","3","4","0","0","0","0","0","0","6","14","2","2","24","5","2","1","0","2","0","1","0","0","0","1","0","3","0","12","15","21","0","bulk-1.27-teamid-from-league-list","0","0","0"
"3.6","Projekt Słomin vs KS Jastrzębie 3:1","1216013","2026-09-03 17:00","Słomin centre","Projekt Słomin","128700","Gajda, Przemysław","1745553","34","28","10","0","0","59.3","53","6","25","47","36","4","3","0","1","1","25","0","0","0","0","0","9","71","89","0","0","0","0","0","0","0","75.6","","0","0","0","0","1","1","71","89","7","3","62","2","1","9","59.3","51.4","0","0","0","0","4","4","1","0","2","2","0","5","0","0","0","0","0","0","22","3","1","0","18","44","0","0","0","0","0","0","0","0","0","0","0","0","0","0","0","0","0","0","0","0","0","0","0","1","0","0","0","1","0","4","10","22","6","21","0","bulk-1.27-teamid-from-league-list","0","0","0"
"3.6","Projekt Słomin vs KS Jastrzębie 3:1","1216013","2026-09-03 17:00","Słomin centre","Projekt Słomin","128700","Yanakiev, Valentin","2003381","0","-1","0","0","0","0","0","0","0","0","0","31","23","18","8","5","74","13","1","92","5","38","0","0","0","0","0","2","1","0","1","0","21.2","","5","6","0","2","0","0","0","0","0","0","0","0","0","0","0","0","0","0","0","0","0","0","0","0","0","0","0","0","0","0","0","0","0","0","0","0","0","0","0","0","0","0","0","0","0","0","0","0","0","1","1","2","4","7","1","0","12","18","7","1","0","9","1","5","2","1","0","2","0","4","10","12","7","10","0","bulk-1.27-teamid-from-league-list","0","0","0"
"3.6","Projekt Słomin vs KS Jastrzębie 3:1","1216013","2026-09-03 17:00","Słomin centre","Projekt Słomin","128700","Lanata, Alex","1976812","7","5","9","1","0","61.7","6","1","0","0","-17","14","13","3","1","1","29","6","0","100","2","33","7","18","30","0","0","0","0","0","0","0","24.5","","0","0","1","1","0","0","18","30","7","0","16","0","0","2","61.7","53.8","0","0","0","0","1","1","0","0","1","0","0","1","0","0","0","0","1","1","0","0","0","0","0","0","0","0","0","0","3","3","0","0","0","0","0","0","2","2","2","0","6","3","1","1","0","1","0","1","1","0","0","0","0","2","18","13","0","0","0","bulk-1.27-teamid-from-league-list","0","0","0"
"3.6","Projekt Słomin vs KS Jastrzębie 3:1","1216013","2026-09-03 17:00","Słomin centre","Projekt Słomin","128700","Pavlović, Dragan","1976733","1","1","10","0","0","54.5","1","0","1","100","100","9","4","2","5","4","67","17","0","100","10","59","0","22","38","0","0","0","0","0","0","0","16","","1","1","2","3","1","1","22","38","0","0","17","0","0","5","54.5","47.7","0","0","0","0","0","0","0","0","0","0","0","0","0","0","0","1","0","1","0","0","0","0","0","0","0","0","0","0","0","0","0","0","0","0","0","0","5","11","0","1","17","2","1","0","0","1","0","4","2","0","0","1","1","2","16","17","0","0","0","bulk-1.27-teamid-from-league-list","0","0","0"
"3.6","Projekt Słomin vs KS Jastrzębie 3:1","1216013","2026-09-03 17:00","Słomin centre","Projekt Słomin","128700","Laurent, Benoît","2002852","6","4","11","1","1","53.8","10","1","4","40","30","12","10","7","2","0","58","0","0","0","0","0","1","23","40","0","0","0","0","0","0","0","17.1","","0","0","0","2","0","0","23","40","1","0","18","0","0","5","54.8","49.4","0","0","0","0","1","1","0","0","1","0","1","2","2","0","0","0","1","3","0","0","0","0","0","0","2","0","0","0","2","4","0","0","0","0","0","0","0","0","0","0","0","7","4","1","0","2","0","0","0","0","0","0","0","2","10","16","0","0","0","bulk-1.27-teamid-from-league-list","0","0","0"
"3.6","Projekt Słomin vs KS Jastrzębie 3:1","1216013","2026-09-03 17:00","Słomin centre","KS Jastrzębie","130545","Di Liberto, Gaspare","1903541","2","2","8","0","1","65.1","0","0","0","0","0","14","10","1","4","2","21","0","0","0","0","0","1","15","43","36","20","102","17","32","38","15","7.6","","0","0","2","4","0","0","15","43","1","0","13","0","0","2","65.1","54.9","0","0","0","0","0","0","0","0","0","0","0","0","0","0","0","0","0","0","0","0","0","0","0","0","0","0","0","0","0","0","36","20","6","6","34","102","0","0","0","0","0","1","0","1","0","0","0","2","0","2","0","0","0","4","21","27","19","26","0","bulk-1.27-teamid-from-league-list","0","0","0"
"3.6","Projekt Słomin vs KS Jastrzębie 3:1","1216013","2026-09-03 17:00","Słomin centre","KS Jastrzębie","130545","Jura, Przemysław","1974516","8","4","13","0","0","67.6","12","3","7","58","33","23","14","7","9","2","39","59","1","98","23","39","1","11","39","0","0","0","0","0","0","0","55.9","","2","2","0","7","0","0","11","39","1","0","10","0","0","1","67.6","56.8","0","0","0","0","0","0","0","0","0","2","0","2","3","1","1","0","2","7","0","0","0","0","0","0","2","0","1","0","0","3","0","0","0","0","0","0","15","21","17","5","58","7","1","1","2","3","0","2","1","0","0","1","0","4","22","20","21","23","0","bulk-1.27-teamid-from-league-list","0","0","0"
"3.6","Projekt Słomin vs KS Jastrzębie 3:1","1216013","2026-09-03 17:00","Słomin centre","KS Jastrzębie","130545","Tingsheng, Mao","1949331","2","-4","2","0","0","52.3","12","6","2","17","-33","2","1","0","1","0","0","0","0","0","0","0","0","10","19","0","0","0","0","0","0","0","-11.6","","0","0","0","1","0","0","10","19","0","0","10","0","0","0","52.3","47.3","0","0","0","0","0","0","0","0","2","0","1","3","0","0","0","0","0","0","2","1","3","0","3","9","0","0","0","0","0","0","0","0","0","0","0","0","0","0","0","0","0","0","0","0","0","0","0","0","0","0","0","0","0","3","4","1","9","0","0","bulk-1.27-teamid-from-league-list","0","0","0"
"3.6","Projekt Słomin vs KS Jastrzębie 3:1","1216013","2026-09-03 17:00","Słomin centre","KS Jastrzębie","130545","Teissedre, Jean-Paul","1928640","17","6","19","2","0","59.3","43","9","17","40","19","16","9","3","7","3","38","0","0","0","0","0","0","3","65","0","0","0","0","0","0","0","25.9","","1","1","2","6","0","0","3","65","0","0","3","0","0","0","59.3","53","1","1","0","0","1","3","1","1","2","0","0","4","15","1","3","0","13","32","0","0","0","0","0","0","0","0","1","0","3","4","0","0","0","0","0","0","0","0","0","0","0","3","1","2","0","0","0","3","0","1","0","1","1","4","14","24","5","21","0","bulk-1.27-teamid-from-league-list","0","0","0"
"3.6","Projekt Słomin vs KS Jastrzębie 3:1","1216013","2026-09-03 17:00","Słomin centre","KS Jastrzębie","130545","Tartaglione, Fabiano","1950195","3","-3","9","0","1","69.3","13","6","2","15","-31","20","14","7","6","3","50","6","0","100","3","50","0","7","81","0","0","0","0","0","0","0","2.2","","2","2","1","4","0","0","7","81","0","0","7","0","0","0","69.3","60.4","0","0","2","0","0","2","0","0","2","0","1","3","0","0","2","0","2","4","0","0","0","0","0","0","2","0","0","0","2","4","0","0","0","0","0","0","0","1","4","1","6","7","1","3","0","2","1","3","0","2","0","1","0","4","5","15","7","10","0","bulk-1.27-teamid-from-league-list","0","0","0"
"3.6","Projekt Słomin vs KS Jastrzębie 3:1","1216013","2026-09-03 17:00","Słomin centre","KS Jastrzębie","130545","Lisek, Krzysztof","1927361","26","9","6","1","0","70.8","58","16","24","41","14","7","1","0","6","0","0","0","0","0","0","0","2","44","72","0","0","0","0","0","0","0","31.8","","0","0","0","6","0","0","44","72","2","2","36","0","0","8","70.8","59.6","0","0","2","0","4","6","0","0","3","1","1","5","0","0","0","0","0","0","20","4","7","3","13","47","0","0","0","0","0","0","0","0","0","0","0","0","0","0","0","0","0","0","0","0","0","0","0","0","0","0","0","0","0","4","14","17","10","15","0","bulk-1.27-teamid-from-league-list","0","0","0"
"3.6","Projekt Słomin vs KS Jastrzębie 3:1","1216013","2026-09-03 17:00","Słomin centre","KS Jastrzębie","130545","Mladenov, Krum","1950610","0","0","0","0","0","0","0","0","0","0","0","42","36","22","6","1","55","19","0","100","4","21","0","0","0","1","4","6","0","0","3","3","27.2","","1","1","0","5","0","0","0","0","0","0","0","0","0","0","0","0","0","0","0","0","0","0","0","0","0","0","0","0","0","0","0","0","0","0","0","0","0","0","0","0","0","0","0","0","0","0","1","4","0","1","0","6","3","6","9","1","19","22","10","7","0","5","0","1","0","1","0","0","0","4","10","23","9","13","0","bulk-1.27-teamid-from-league-list","0","0","0"
"3.6","Projekt Słomin vs KS Jastrzębie 3:1","1216013","2026-09-03 17:00","Słomin centre","KS Jastrzębie","130545","Czajkowski, Maciej","2088034","3","2","2","0","0","53.7","5","1","3","60","40","7","5","3","2","2","71","12","0","100","6","50","0","1","7","0","0","0","0","0","0","0","14.9","","2","2","0","0","0","0","1","7","0","0","1","0","0","0","53.7","49.1","0","0","1","0","0","1","0","0","0","0","0","0","2","0","0","0","1","3","0","0","0","0","0","0","1","0","0","0","0","1","0","0","0","0","0","0","0","5","5","2","12","3","0","1","0","1","1","2","1","0","0","1","0","3","4","10","6","0","0","bulk-1.27-teamid-from-league-list","0","0","0"
"3.6","Projekt Słomin vs KS Jastrzębie 3:1","1216013","2026-09-03 17:00","Słomin centre","KS Jastrzębie","130545","Defoe, Simon","2088132","0","-1","0","0","0","0","2","1","0","0","-50","3","2","1","1","0","33","0","0","0","0","0","0","0","5","0","0","0","0","0","0","0","-0.7","","0","0","0","1","0","0","0","5","0","0","0","0","0","0","0","0","0","1","0","0","0","1","0","0","0","0","0","0","0","0","0","0","1","1","0","0","0","0","0","0","0","0","0","0","0","0","0","0","0","0","0","0","0","0","0","0","0","1","0","0","1","0","0","0","0","0","0","0","0","1","3","0","1","0","0","bulk-1.27-teamid-from-league-list","0","0","0"
"3.6","Projekt Słomin vs KS Jastrzębie 3:1","1216013","2026-09-03 17:00","Słomin centre","KS Jastrzębie","130545","Genadiev, Pavel","1709967","3","0","8","0","0","61.9","9","3","1","11","-22","2","1","0","1","1","50","0","0","0","0","0","2","23","33","0","0","1","0","0","1","0","3.9","","1","1","0","0","0","0","23","33","2","1","19","0","0","4","61.9","53.6","0","0","2","0","2","4","0","0","1","0","0","1","0","0","0","0","0","0","1","0","0","0","3","4","0","0","0","0","0","0","0","0","0","0","1","1","0","0","0","0","0","0","0","0","0","0","0","1","0","1","0","0","0","2","0","11","0","6","0","bulk-1.27-teamid-from-league-list","0","0","0"
"3.6","Projekt Słomin vs KS Jastrzębie 3:1","1216013","2026-09-03 17:00","Słomin centre","KS Jastrzębie","130545","Tullini, Giancarlo","1951029","0","0","2","0","0","63.4","0","0","0","0","0","11","8","3","3","1","36","0","0","0","0","0","0","5","14","14","12","48","6","12","19","11","2.8","","1","1","0","2","0","0","5","14","0","0","5","0","0","0","63.4","55.3","0","0","0","0","0","0","0","0","0","0","0","0","0","0","0","0","0","0","0","0","0","0","0","0","0","0","0","0","0","0","14","12","0","4","18","48","0","0","0","0","0","3","0","1","1","1","0","1","1","0","0","0","0","4","9","15","8","9","0","bulk-1.27-teamid-from-league-list","0","0","0"
"3.6","Projekt Słomin vs KS Jastrzębie 3:1","1216013","2026-09-03 17:00","Słomin centre","KS Jastrzębie","130545","Tolkki, Lars","2003972","1","-1","3","0","0","61.4","3","2","1","33","-33","1","0","0","1","0","0","0","0","0","0","0","0","2","3","0","0","0","0","0","0","0","-1","","0","0","0","1","0","0","2","3","0","0","2","0","0","0","61.4","54","0","0","0","0","0","0","0","0","0","0","0","0","0","0","0","0","0","0","1","1","1","0","0","3","0","0","0","0","0","0","0","0","0","0","0","0","0","0","0","0","0","0","0","0","0","0","0","0","0","0","0","0","0","1","1","0","5","0","0","bulk-1.27-teamid-from-league-list","0","0","0"
"3.6","Smerfy z Rivii ⚔️⚔️🛡️ vs Bydgoszcz Baki 0:3","1216014","2026-09-03 17:00","Ośrodek Karny Rivii Arena 🎯","Smerfy z Rivii ⚔️⚔️🛡️","130934","Hegedusic, Zivko","2088181","1","0","3","1","0","60.3","0","0","0","0","0","9","3","0","6","2","22","0","0","0","0","0","1","6","13","9","9","35","3","6","14","12","2.8","{""sets"":[{""h"":19,""a"":25},{""h"":18,""a"":25},{""h"":26,""a"":28}],""parsedSets"":[{""rallies"":[{""type"":""end"",""score"":""19 : 25"",""txt"":""Koniec seta 0 : 1""},{""type"":""end"",""score"":""19 : 25"",""txt"":""Koniec seta 0 : 1""},{""type"":""rally"",""score"":""19 : 25"",""speed"":""53.0 km/h"",""res"":""Punkt: A. Barszczewski""},{""type"":""rally"",""score"":""19 : 24"",""speed"":""56.2 km/h"",""res"":""Punkt: A. Yordanov""},{""type"":""rally"",""score"":""18 : 24"",""speed"":""51.3 km/h"",""res"":""Punkt: M. Kronauer""},{""type"":""rally"",""score"":""18 : 23"",""speed"":""57.9 km/h"",""res"":""Punkt: S. Gandubert""},{""type"":""rally"",""score"":""17 : 23"",""speed"":""58.5 km/h"",""res"":""Punkt: T. Hajrović""},{""type"":""rally"",""score"":""17 : 22"",""speed"":""73.1 km/h"",""res"":""Punkt: D. Przybyszewski""},{""type"":""rally"",""score"":""17 : 21"",""speed"":""57.9 km/h"",""res"":""Punkt: I. Szymczyk""},{""type"":""rally"",""score"":""16 : 21"",""speed"":""75.6 km/h"",""res"":""Punkt: A. Barszczewski""},{""type"":""rally"",""score"":""16 : 20"",""speed"":""64.4 km/h"",""res"":""Błąd: D. Przybyszewski""},{""type"":""rally"",""score"":""15 : 20"",""speed"":""93.8 km/h"",""res"":""Punkt: B. McCall""},{""type"":""rally"",""score"":""14 : 20"",""speed"":""44.7 km/h"",""res"":""Błąd: D. Przybyszewski""},{""type"":""rally"",""score"":""13 : 20"",""speed"":""49.3 km/h"",""res"":""Punkt: A. Barszczewski""},{""type"":""rally"",""score"":""13 : 19"",""speed"":""55.7 km/h"",""res"":""Punkt: T. Sikorski""},{""type"":""tmo"",""score"":""13 : 18"",""txt"":""Czas dla: Bydgoszcz Baki""},{""type"":""rally"",""score"":""13 : 18"",""speed"":""59.4 km/h"",""res"":""Punkt: I. Szymczyk""},{""type"":""rally"",""score"":""12 : 18"",""speed"":""46.5 km/h"",""res"":""Punkt: A. Yordanov""},{""type"":""rally"",""score"":""11 : 18"",""speed"":""48.4 km/h"",""res"":""Błąd: S. Gandubert""},{""type"":""rally"",""score"":""11 : 17"",""speed"":""41.5 km/h"",""res"":""Punkt: D. Przybyszewski""},{""type"":""tmo"",""score"":""11 : 16"",""txt"":""Czas dla: ""},{""type"":""rally"",""score"":""11 : 16"",""speed"":""42.8 km/h"",""res"":""Punkt: D. Przybyszewski""},{""type"":""rally"",""score"":""11 : 15"",""speed"":""50.0 km/h"",""res"":""Punkt: T. Sikorski""},{""type"":""rally"",""score"":""11 : 14"",""speed"":""45.5 km/h"",""res"":""Punkt: D. Przybyszewski""},{""type"":""tmo"",""score"":""11 : 13"",""txt"":""Czas dla: Smerfy z Rivii ⚔️⚔️🛡️""},{""type"":""rally"",""score"":""11 : 13"",""speed"":""42.9 km/h"",""res"":""Punkt: T. Sikorski""},{""type"":""rally"",""score"":""11 : 12"",""speed"":""55.2 km/h"",""res"":""Punkt: A. Barszczewski""},{""type"":""rally"",""score"":""11 : 11"",""speed"":""62.3 km/h"",""res"":""Punkt: A. Yordanov""},{""type"":""rally"",""score"":""10 : 11"",""speed"":""48.3 km/h"",""res"":""Punkt: M. Kronauer""},{""type"":""rally"",""score"":""10 : 10"",""speed"":""54.4 km/h"",""res"":""Punkt: A. Yordanov""},{""type"":""rally"",""score"":""9 : 10"",""speed"":""52.9 km/h"",""res"":""Punkt: M. Kronauer""},{""type"":""rally"",""score"":""9 : 9"",""speed"":""69.0 km/h"",""res"":""Punkt: A. Yordanov""},{""type"":""rally"",""score"":""8 : 9"",""speed"":""49.3 km/h"",""res"":""Punkt: T. Inagaki""},{""type"":""rally"",""score"":""7 : 9"",""speed"":""60.6 km/h"",""res"":""Punkt: D. Dutra""},{""type"":""tmo"",""score"":""7 : 8"",""txt"":""Czas dla: ""},{""type"":""rally"",""score"":""7 : 8"",""speed"":""50.3 km/h"",""res"":""Błąd: I. Szymczyk""},{""type"":""rally"",""score"":""7 : 7"",""speed"":""62.6 km/h"",""res"":""Punkt: D. Przybyszewski""},{""type"":""rally"",""score"":""7 : 6"",""speed"":""-"",""res"":""Błąd: T. Sikorski""},{""type"":""rally"",""score"":""6 : 6"",""speed"":""68.5 km/h"",""res"":""Punkt: D. Przybyszewski""},{""type"":""chg"",""score"":""6 : 5"",""txt"":""Zmiana: I. Szymczyk ⇄ T. Pawlak""},{""type"":""rally"",""score"":""6 : 5"",""speed"":""61.4 km/h"",""res"":""Punkt: S. Gandubert""},{""type"":""rally"",""score"":""5 : 5"",""speed"":""53.3 km/h"",""res"":""Punkt: T. Inagaki""},{""type"":""rally"",""score"":""4 : 5"",""speed"":""44.1 km/h"",""res"":""Punkt: A. Barszczewski""},{""type"":""rally"",""score"":""4 : 4"",""speed"":""49.9 km/h"",""res"":""Punkt: T. Sikorski""},{""type"":""rally"",""score"":""4 : 3"",""speed"":""47.7 km/h"",""res"":""Punkt: A. Yordanov""},{""type"":""rally"",""score"":""3 : 3"",""speed"":""52.6 km/h"",""res"":""Punkt: T. Sikorski""},{""type"":""tmo"",""score"":""3 : 2"",""txt"":""Czas dla: Bydgoszcz Baki""},{""type"":""rally"",""score"":""3 : 2"",""speed"":""52.2 km/h"",""res"":""Błąd: M. Kronauer""},{""type"":""rally"",""score"":""2 : 2"",""speed"":""52.0 km/h"",""res"":""Punkt: A. Yordanov""},{""type"":""rally"",""score"":""1 : 2"",""speed"":""62.4 km/h"",""res"":""Punkt: B. McCall""},{""type"":""rally"",""score"":""0 : 2"",""speed"":""71.2 km/h"",""res"":""Błąd: A. Yordanov""},{""type"":""chg"",""score"":""0 : 1"",""txt"":""Zmiana: L. Pitkänen ⇄ Z. Hegedusic""},{""type"":""chg"",""score"":""0 : 1"",""txt"":""Zmiana: T. Pawlak ⇄ I. Szymczyk""},{""type"":""chg"",""score"":""0 : 1"",""txt"":""Zmiana: B. Šefčík ⇄ J. Kejklíček""},{""type"":""rally"",""score"":""0 : 1"",""speed"":""-"",""res"":""Błąd: Z. Hegedusic""}]},{""rallies"":[{""type"":""end"",""score"":""18 : 25"",""txt"":""Koniec seta 0 : 2""},{""type"":""end"",""score"":""18 : 25"",""txt"":""Koniec seta 0 : 2""},{""type"":""rally"",""score"":""18 : 25"",""speed"":""42.7 km/h"",""res"":""Błąd: T. Inagaki""},{""type"":""tmo"",""score"":""18 : 24"",""txt"":""Czas dla: Smerfy z Rivii ⚔️⚔️🛡️""},{""type"":""rally"",""score"":""18 : 24"",""speed"":""55.6 km/h"",""res"":""Punkt: D. Dutra""},{""type"":""rally"",""score"":""18 : 23"",""speed"":""44.8 km/h"",""res"":""Punkt: D. Przybyszewski""},{""type"":""rally"",""score"":""18 : 22"",""speed"":""75.0 km/h"",""res"":""Punkt: T. Nowak""},{""type"":""rally"",""score"":""18 : 21"",""speed"":""73.6 km/h"",""res"":""Błąd: D. Przybyszewski""},{""type"":""rally"",""score"":""17 : 21"",""speed"":""85.6 km/h"",""res"":""Punkt: Z. Hegedusic""},{""type"":""rally"",""score"":""16 : 21"",""speed"":""77.4 km/h"",""res"":""Punkt: I. Szymczyk""},{""type"":""rally"",""score"":""15 : 21"",""speed"":""52.8 km/h"",""res"":""Punkt: B. McCall""},{""type"":""rally"",""score"":""14 : 21"",""speed"":""53.8 km/h"",""res"":""Punkt: T. Sikorski""},{""type"":""rally"",""score"":""14 : 20"",""speed"":""55.2 km/h"",""res"":""Punkt: I. Szymczyk""},{""type"":""rally"",""score"":""13 : 20"",""speed"":""51.9 km/h"",""res"":""Punkt: B. McCall""},{""type"":""rally"",""score"":""12 : 20"",""speed"":""55.7 km/h"",""res"":""Punkt: S. Gandubert""},{""type"":""rally"",""score"":""11 : 20"",""speed"":""50.4 km/h"",""res"":""Punkt: M. Kronauer""},{""type"":""rally"",""score"":""11 : 19"",""speed"":""51.4 km/h"",""res"":""Punkt: S. Gandubert""},{""type"":""rally"",""score"":""10 : 19"",""speed"":""48.1 km/h"",""res"":""Punkt: M. Kronauer""},{""type"":""rally"",""score"":""10 : 18"",""speed"":""51.0 km/h"",""res"":""Punkt: M. Kronauer""},{""type"":""rally"",""score"":""10 : 17"",""speed"":""43.6 km/h"",""res"":""Punkt: A. Yordanov""},{""type"":""rally"",""score"":""9 : 17"",""speed"":""45.4 km/h"",""res"":""Punkt: D. Przybyszewski""},{""type"":""tmo"",""score"":""9 : 16"",""txt"":""Czas dla: ""},{""type"":""rally"",""score"":""9 : 16"",""speed"":""65.9 km/h"",""res"":""Punkt: D. Przybyszewski""},{""type"":""rally"",""score"":""9 : 15"",""speed"":""62.3 km/h"",""res"":""Punkt: A. Yordanov""},{""type"":""rally"",""score"":""8 : 15"",""speed"":""62.7 km/h"",""res"":""Punkt: T. Inagaki""},{""type"":""rally"",""score"":""7 : 15"",""speed"":""54.3 km/h"",""res"":""Punkt: I. Szymczyk""},{""type"":""rally"",""score"":""6 : 15"",""speed"":""49.9 km/h"",""res"":""Punkt: D. Przybyszewski""},{""type"":""rally"",""score"":""6 : 14"",""speed"":""-"",""res"":""Błąd: B. McCall""},{""type"":""rally"",""score"":""6 : 13"",""speed"":""53.3 km/h"",""res"":""Punkt: I. Szymczyk""},{""type"":""rally"",""score"":""5 : 13"",""speed"":""92.1 km/h"",""res"":""Punkt: D. Przybyszewski""},{""type"":""tmo"",""score"":""5 : 12"",""txt"":""Czas dla: Bydgoszcz Baki""},{""type"":""rally"",""score"":""5 : 12"",""speed"":""73.3 km/h"",""res"":""Punkt: S. Gandubert""},{""type"":""tmo"",""score"":""4 : 12"",""txt"":""Czas dla: Bydgoszcz Baki""},{""type"":""rally"",""score"":""4 : 12"",""speed"":""98.1 km/h"",""res"":""Punkt: I. Szymczyk""},{""type"":""rally"",""score"":""3 : 12"",""speed"":""55.2 km/h"",""res"":""Punkt: I. Szymczyk""},{""type"":""rally"",""score"":""2 : 12"",""speed"":""58.0 km/h"",""res"":""Punkt: M. Kronauer""},{""type"":""rally"",""score"":""2 : 11"",""speed"":""62.2 km/h"",""res"":""Punkt: A. Yordanov""},{""type"":""rally"",""score"":""1 : 11"",""speed"":""62.1 km/h"",""res"":""Punkt: M. Kronauer""},{""type"":""rally"",""score"":""1 : 10"",""speed"":""44.7 km/h"",""res"":""Punkt: A. Yordanov""},{""type"":""tmo"",""score"":""0 : 10"",""txt"":""Czas dla: Smerfy z Rivii ⚔️⚔️🛡️""},{""type"":""rally"",""score"":""0 : 10"",""speed"":""44.4 km/h"",""res"":""Punkt: T. Hajrović""},{""type"":""rally"",""score"":""0 : 9"",""speed"":""45.8 km/h"",""res"":""Punkt: M. Kronauer""},{""type"":""tmo"",""score"":""0 : 8"",""txt"":""Czas dla: ""},{""type"":""rally"",""score"":""0 : 8"",""speed"":""47.7 km/h"",""res"":""Punkt: M. Kronauer""},{""type"":""rally"",""score"":""0 : 7"",""speed"":""49.8 km/h"",""res"":""Punkt: M. Kronauer""},{""type"":""rally"",""score"":""0 : 6"",""speed"":""41.9 km/h"",""res"":""Punkt: M. Kronauer""},{""type"":""rally"",""score"":""0 : 5"",""speed"":""51.5 km/h"",""res"":""Błąd: A. Yordanov""},{""type"":""rally"",""score"":""0 : 4"",""speed"":""53.6 km/h"",""res"":""Błąd: A. Yordanov""},{""type"":""rally"",""score"":""0 : 3"",""speed"":""47.9 km/h"",""res"":""Punkt: M. Kronauer""},{""type"":""rally"",""score"":""0 : 2"",""speed"":""44.0 km/h"",""res"":""Punkt: T. Hajrović""},{""type"":""chg"",""score"":""0 : 1"",""txt"":""Zmiana: T. Nowak ⇄ A. Barszczewski""},{""type"":""rally"",""score"":""0 : 1"",""speed"":""45.8 km/h"",""res"":""Punkt: T. Hajrović""}]},{""rallies"":[{""type"":""end"",""score"":""26 : 28"",""txt"":""Koniec seta 0 : 3""},{""type"":""end"",""score"":""26 : 28"",""txt"":""Koniec seta 0 : 3""},{""type"":""rally"",""score"":""26 : 28"",""speed"":""49.0 km/h"",""res"":""Punkt: T. Hajrović""},{""type"":""rally"",""score"":""26 : 27"",""speed"":""63.5 km/h"",""res"":""Punkt: A. Barszczewski""},{""type"":""rally"",""score"":""26 : 26"",""speed"":""50.8 km/h"",""res"":""Punkt: I. Szymczyk""},{""type"":""rally"",""score"":""25 : 26"",""speed"":""45.7 km/h"",""res"":""Punkt: A. Lanhoso""},{""type"":""rally"",""score"":""25 : 25"",""speed"":""53.0 km/h"",""res"":""Punkt: S. Gandubert""},{""type"":""rally"",""score"":""24 : 25"",""speed"":""50.4 km/h"",""res"":""Punkt: D. Przybyszewski""},{""type"":""rally"",""score"":""24 : 24"",""speed"":""47.4 km/h"",""res"":""Punkt: T. Inagaki""},{""type"":""rally"",""score"":""23 : 24"",""speed"":""53.6 km/h"",""res"":""Punkt: A. Lanhoso""},{""type"":""rally"",""score"":""23 : 23"",""speed"":""53.7 km/h"",""res"":""Punkt: A. Barszczewski""},{""type"":""rally"",""score"":""23 : 22"",""speed"":""49.0 km/h"",""res"":""Punkt: A. Yordanov""},{""type"":""rally"",""score"":""22 : 22"",""speed"":""54.7 km/h"",""res"":""Punkt: B. McCall""},{""type"":""rally"",""score"":""21 : 22"",""speed"":""48.9 km/h"",""res"":""Punkt: T. Hajrović""},{""type"":""rally"",""score"":""21 : 21"",""speed"":""52.9 km/h"",""res"":""Punkt: S. Gandubert""},{""type"":""rally"",""score"":""20 : 21"",""speed"":""-"",""res"":""Błąd: I. Szymczyk""},{""type"":""rally"",""score"":""20 : 20"",""speed"":""69.7 km/h"",""res"":""Punkt: A. Yordanov""},{""type"":""rally"",""score"":""19 : 20"",""speed"":""57.8 km/h"",""res"":""Punkt: S. Gandubert""},{""type"":""rally"",""score"":""18 : 20"",""speed"":""-"",""res"":""Błąd: B. McCall""},{""type"":""rally"",""score"":""18 : 19"",""speed"":""62.2 km/h"",""res"":""Punkt: I. Szymczyk""},{""type"":""rally"",""score"":""17 : 19"",""speed"":""65.5 km/h"",""res"":""Błąd: D. Przybyszewski""},{""type"":""rally"",""score"":""16 : 19"",""speed"":""62.3 km/h"",""res"":""Punkt: I. Szymczyk""},{""type"":""rally"",""score"":""15 : 19"",""speed"":""52.2 km/h"",""res"":""Punkt: I. Szymczyk""},{""type"":""tmo"",""score"":""14 : 19"",""txt"":""Czas dla: Smerfy z Rivii ⚔️⚔️🛡️""},{""type"":""rally"",""score"":""14 : 19"",""speed"":""61.4 km/h"",""res"":""Punkt: D. Przybyszewski""},{""type"":""rally"",""score"":""14 : 18"",""speed"":""50.2 km/h"",""res"":""Punkt: A. Lanhoso""},{""type"":""rally"",""score"":""14 : 17"",""speed"":""47.7 km/h"",""res"":""Punkt: T. Hajrović""},{""type"":""tmo"",""score"":""14 : 16"",""txt"":""Czas dla: ""},{""type"":""rally"",""score"":""14 : 16"",""speed"":""47.4 km/h"",""res"":""Punkt: D. Przybyszewski""},{""type"":""rally"",""score"":""14 : 15"",""speed"":""55.0 km/h"",""res"":""Punkt: D. Przybyszewski""},{""type"":""rally"",""score"":""14 : 14"",""speed"":""50.4 km/h"",""res"":""Błąd: D. Przybyszewski""},{""type"":""rally"",""score"":""13 : 14"",""speed"":""45.9 km/h"",""res"":""Punkt: D. Przybyszewski""},{""type"":""rally"",""score"":""13 : 13"",""speed"":""55.3 km/h"",""res"":""Punkt: S. Gandubert""},{""type"":""rally"",""score"":""12 : 13"",""speed"":""48.8 km/h"",""res"":""Punkt: S. Gandubert""},{""type"":""rally"",""score"":""11 : 13"",""speed"":""49.4 km/h"",""res"":""Punkt: A. Lanhoso""},{""type"":""rally"",""score"":""11 : 12"",""speed"":""46.7 km/h"",""res"":""Punkt: M. Kronauer""},{""type"":""tmo"",""score"":""11 : 11"",""txt"":""Czas dla: Bydgoszcz Baki""},{""type"":""rally"",""score"":""11 : 11"",""speed"":""57.5 km/h"",""res"":""Błąd: A. Barszczewski""},{""type"":""rally"",""score"":""10 : 11"",""speed"":""48.0 km/h"",""res"":""Punkt: A. Yordanov""},{""type"":""rally"",""score"":""9 : 11"",""speed"":""50.0 km/h"",""res"":""Punkt: A. Barszczewski""},{""type"":""rally"",""score"":""9 : 10"",""speed"":""51.2 km/h"",""res"":""Punkt: T. Inagaki""},{""type"":""rally"",""score"":""8 : 10"",""speed"":""54.1 km/h"",""res"":""Punkt: A. Barszczewski""},{""type"":""rally"",""score"":""8 : 9"",""speed"":""64.2 km/h"",""res"":""Punkt: M. Kronauer""},{""type"":""rally"",""score"":""8 : 8"",""speed"":""42.7 km/h"",""res"":""Punkt: I. Szymczyk""},{""type"":""tmo"",""score"":""7 : 8"",""txt"":""Czas dla: ""},{""type"":""rally"",""score"":""7 : 8"",""speed"":""48.6 km/h"",""res"":""Punkt: M. Kronauer""},{""type"":""rally"",""score"":""7 : 7"",""speed"":""48.1 km/h"",""res"":""Punkt: D. Przybyszewski""},{""type"":""rally"",""score"":""7 : 6"",""speed"":""61.0 km/h"",""res"":""Punkt: D. Przybyszewski""},{""type"":""rally"",""score"":""7 : 5"",""speed"":""46.2 km/h"",""res"":""Punkt: I. Szymczyk""},{""type"":""rally"",""score"":""6 : 5"",""speed"":""86.1 km/h"",""res"":""Punkt: D. Przybyszewski""},{""type"":""rally"",""score"":""6 : 4"",""speed"":""54.7 km/h"",""res"":""Punkt: S. Gandubert""},{""type"":""rally"",""score"":""5 : 4"",""speed"":""53.9 km/h"",""res"":""Punkt: D. Przybyszewski""},{""type"":""rally"",""score"":""5 : 3"",""speed"":""49.9 km/h"",""res"":""Punkt: T. Inagaki""},{""type"":""rally"",""score"":""4 : 3"",""speed"":""49.6 km/h"",""res"":""Punkt: M. Kronauer""},{""type"":""rally"",""score"":""4 : 2"",""speed"":""42.1 km/h"",""res"":""Punkt: A. Yordanov""},{""type"":""rally"",""score"":""3 : 2"",""speed"":""71.9 km/h"",""res"":""Punkt: M. Kronauer""},{""type"":""rally"",""score"":""3 : 1"",""speed"":""54.1 km/h"",""res"":""Punkt: A. Barszczewski""},{""type"":""tmo"",""score"":""3 : 0"",""txt"":""Czas dla: Bydgoszcz Baki""},{""type"":""rally"",""score"":""3 : 0"",""speed"":""47.0 km/h"",""res"":""Punkt: S. Gandubert""},{""type"":""rally"",""score"":""2 : 0"",""speed"":""52.4 km/h"",""res"":""Punkt: A. Yordanov""},{""type"":""chg"",""score"":""1 : 0"",""txt"":""Zmiana: A. Lanhoso ⇄ T. Sikorski""},{""type"":""chg"",""score"":""1 : 0"",""txt"":""Zmiana: H. Fontana ⇄ Z. Hegedusic""},{""type"":""rally"",""score"":""1 : 0"",""speed"":""60.3 km/h"",""res"":""Punkt: S. Gandubert""}]}]}","2","3","0","3","0","0","6","13","1","0","6","0","0","0","60.3","55.7","0","0","0","0","0","0","0","0","0","0","0","0","0","0","0","0","0","0","0","0","0","0","0","0","0","0","0","0","0","0","9","9","0","3","14","35","0","0","0","0","0","0","0","0","0","0","0","2","1","1","0","0","0","3","1","33","1","0","0","bulk-1.27-teamid-from-league-list","0","0","0"
"3.6","Smerfy z Rivii ⚔️⚔️🛡️ vs Bydgoszcz Baki 0:3","1216014","2026-09-03 17:00","Ośrodek Karny Rivii Arena 🎯","Smerfy z Rivii ⚔️⚔️🛡️","130934","Inagaki, Tsumasaburo","1928939","6","3","11","0","0","62.1","8","2","4","50","25","14","4","1","10","4","36","20","1","95","12","60","2","35","58","0","0","0","0","0","0","0","23.8","","4","7","0","3","0","0","35","58","2","1","34","0","0","1","62.1","52.8","2","0","0","0","2","4","0","0","0","0","0","0","1","0","0","0","0","1","0","0","0","0","0","0","1","1","1","0","0","3","0","0","0","0","0","0","4","9","4","2","19","1","1","0","0","0","0","4","1","1","0","1","1","3","16","11","19","0","0","bulk-1.27-teamid-from-league-list","0","0","0"
"3.6","Smerfy z Rivii ⚔️⚔️🛡️ vs Bydgoszcz Baki 0:3","1216014","2026-09-03 17:00","Ośrodek Karny Rivii Arena 🎯","Smerfy z Rivii ⚔️⚔️🛡️","130934","Yordanov, Angel","1865789","19","7","11","0","0","59.4","46","12","17","37","11","3","0","0","3","0","0","0","0","0","0","0","2","39","58","1","0","2","0","0","0","2","24.2","","0","2","0","1","0","0","39","58","1","1","38","1","0","1","59.4","53.6","1","0","0","0","7","8","0","1","3","0","0","4","0","0","0","0","0","0","14","2","6","2","10","34","0","0","0","0","0","0","1","0","0","0","1","2","0","0","0","0","0","0","0","0","0","0","0","0","0","0","0","0","0","3","14","19","16","0","0","bulk-1.27-teamid-from-league-list","0","0","0"
"3.6","Smerfy z Rivii ⚔️⚔️🛡️ vs Bydgoszcz Baki 0:3","1216014","2026-09-03 17:00","Ośrodek Karny Rivii Arena 🎯","Smerfy z Rivii ⚔️⚔️🛡️","130934","Gandubert, Siffre","1864771","13","6","15","0","2","98.1","21","7","6","29","-5","21","11","4","10","5","43","0","0","0","0","0","5","41","59","0","0","0","0","0","0","0","26.7","","5","7","0","3","0","0","41","59","5","2","39","0","0","2","98.1","75","5","0","2","0","5","12","0","0","3","0","1","4","0","1","0","0","1","2","0","0","0","0","0","0","1","0","1","0","1","3","0","0","0","0","0","0","0","0","0","0","0","4","1","2","0","1","0","5","1","1","0","0","3","3","17","14","22","0","0","bulk-1.27-teamid-from-league-list","0","0","0"
"3.6","Smerfy z Rivii ⚔️⚔️🛡️ vs Bydgoszcz Baki 0:3","1216014","2026-09-03 17:00","Ośrodek Karny Rivii Arena 🎯","Smerfy z Rivii ⚔️⚔️🛡️","130934","McCall, Brian","1976945","6","-3","9","2","0","73.1","15","5","3","20","-13","24","14","11","10","4","63","40","2","95","10","25","3","31","54","0","0","0","0","0","0","0","28.5","","1","2","3","8","0","0","31","54","2","0","28","1","0","3","73.1","64.3","2","0","2","0","5","9","1","0","3","0","0","4","0","0","0","0","1","1","0","0","0","0","0","0","0","0","0","0","1","1","0","0","0","0","0","0","1","12","15","10","38","11","1","4","0","4","2","4","1","1","0","0","2","3","18","26","28","0","0","bulk-1.27-teamid-from-league-list","0","0","0"
"3.6","Smerfy z Rivii ⚔️⚔️🛡️ vs Bydgoszcz Baki 0:3","1216014","2026-09-03 17:00","Ośrodek Karny Rivii Arena 🎯","Smerfy z Rivii ⚔️⚔️🛡️","130934","Szymczyk, Igor","1745316","15","5","9","1","0","69.7","33","9","12","36","9","5","0","0","5","1","20","0","0","0","0","0","3","37","52","0","0","0","0","0","0","0","20.7","","1","1","0","4","0","0","37","52","3","0","34","0","0","3","69.7","62.3","1","0","2","0","4","7","0","0","2","0","1","3","0","0","0","0","0","0","10","1","4","1","7","23","0","0","0","0","0","0","0","0","0","0","0","0","0","0","0","0","0","0","0","0","0","0","0","1","1","0","0","0","0","3","10","13","17","0","0","bulk-1.27-teamid-from-league-list","0","0","0"
"3.6","Smerfy z Rivii ⚔️⚔️🛡️ vs Bydgoszcz Baki 0:3","1216014","2026-09-03 17:00","Ośrodek Karny Rivii Arena 🎯","Smerfy z Rivii ⚔️⚔️🛡️","130934","Kejklíček, Jakub","2003054","0","0","0","0","0","0","0","0","0","0","0","15","10","3","5","4","47","7","0","100","2","29","0","0","0","1","2","4","0","0","2","2","7.6","","4","4","0","1","0","0","0","0","0","0","0","0","0","0","0","0","0","0","0","0","0","0","0","0","0","0","0","0","0","0","0","0","0","0","0","0","0","0","0","0","0","0","0","0","0","0","1","2","0","0","1","4","1","2","3","1","7","3","0","1","0","2","0","4","2","1","0","1","0","2","0","9","14","0","0","bulk-1.27-teamid-from-league-list","0","0","0"
"3.6","Smerfy z Rivii ⚔️⚔️🛡️ vs Bydgoszcz Baki 0:3","1216014","2026-09-03 17:00","Ośrodek Karny Rivii Arena 🎯","Smerfy z Rivii ⚔️⚔️🛡️","130934","Fontana, Hermes","2088849","0","0","5","0","0","54.1","0","0","0","0","0","8","4","3","4","1","50","0","0","0","0","0","0","5","24","15","12","42","1","14","13","14","2.8","","1","1","0","3","0","0","5","24","0","0","4","0","0","1","54.1","50.5","0","0","0","0","0","0","0","0","0","0","0","0","0","0","0","0","0","0","0","0","0","0","0","0","0","0","0","0","0","0","15","12","2","0","13","42","0","0","0","0","0","3","0","1","0","1","1","1","1","0","0","0","0","1","0","0","39","0","0","bulk-1.27-teamid-from-league-list","0","0","0"
"3.6","Smerfy z Rivii ⚔️⚔️🛡️ vs Bydgoszcz Baki 0:3","1216014","2026-09-03 17:00","Ośrodek Karny Rivii Arena 🎯","Smerfy z Rivii ⚔️⚔️🛡️","130934","Pitkänen, Lauri","2088182","0","0","2","0","0","53","0","0","0","0","0","8","3","0","5","1","13","0","0","0","0","0","0","5","16","13","6","39","6","8","15","10","0.4","","0","1","0","3","1","1","5","16","0","0","5","0","0","0","53","50.7","0","0","0","0","0","0","0","0","0","0","0","0","0","0","0","0","0","0","0","0","0","0","0","0","0","0","0","0","0","0","13","6","1","3","16","39","0","0","0","0","0","0","0","0","0","0","0","1","0","0","0","1","0","1","33","0","0","0","0","bulk-1.27-teamid-from-league-list","0","0","0"
"3.6","Smerfy z Rivii ⚔️⚔️🛡️ vs Bydgoszcz Baki 0:3","1216014","2026-09-03 17:00","Ośrodek Karny Rivii Arena 🎯","Smerfy z Rivii ⚔️⚔️🛡️","130934","Šefčík, Bruno","2003301","0","0","0","0","0","0","0","0","0","0","0","9","6","4","3","3","78","8","0","100","3","38","0","0","0","0","0","1","1","0","0","0","8.8","","2","2","0","0","1","1","0","0","0","0","0","0","0","0","0","0","0","0","0","0","0","0","0","0","0","0","0","0","0","0","0","0","0","0","0","0","0","0","0","0","0","0","0","0","0","0","0","0","0","0","1","1","1","0","2","5","8","4","0","3","0","0","1","3","1","0","0","0","2","1","16","0","0","0","0","bulk-1.27-teamid-from-league-list","0","0","0"
"3.6","Smerfy z Rivii ⚔️⚔️🛡️ vs Bydgoszcz Baki 0:3","1216014","2026-09-03 17:00","Ośrodek Karny Rivii Arena 🎯","Smerfy z Rivii ⚔️⚔️🛡️","130934","Pawlak, Tomasz","1904260","0","0","0","0","0","0","0","0","0","0","0","0","0","0","0","0","0","0","0","0","0","0","0","1","2","0","0","0","0","0","0","0","0","","0","0","0","0","0","0","1","2","0","0","1","0","0","0","0","0","0","0","0","0","0","0","0","0","0","0","0","0","0","0","0","0","0","0","0","0","0","0","0","0","0","0","0","0","0","0","0","0","0","0","0","0","0","0","0","0","0","0","0","0","0","0","0","0","0","0","0","0","0","0","0","0","0","0","0","bulk-1.27-teamid-from-league-list","0","0","0"
"3.6","Smerfy z Rivii ⚔️⚔️🛡️ vs Bydgoszcz Baki 0:3","1216014","2026-09-03 17:00","Ośrodek Karny Rivii Arena 🎯","Bydgoszcz Baki","128616","Dutra, Dalton","1744962","2","2","18","0","0","56.2","0","0","0","0","0","18","9","4","9","7","61","0","0","0","0","0","2","26","51","36","14","101","11","30","39","21","12","","6","7","1","2","0","0","26","51","2","1","24","0","0","2","56.2","49.2","0","0","0","0","0","0","0","0","0","0","0","0","0","0","0","0","0","0","0","0","0","0","0","0","0","0","0","0","0","0","36","14","4","6","41","101","0","0","0","0","0","4","1","1","0","1","1","7","2","1","1","2","1","3","28","36","35","0","0","bulk-1.27-teamid-from-league-list","0","0","0"
"3.6","Smerfy z Rivii ⚔️⚔️🛡️ vs Bydgoszcz Baki 0:3","1216014","2026-09-03 17:00","Ośrodek Karny Rivii Arena 🎯","Bydgoszcz Baki","128616","Hajrović, Tarik","1929443","10","5","9","0","0","71.9","8","4","1","13","-37","15","6","3","9","5","53","26","1","96","9","35","9","52","71","0","0","0","0","0","0","0","39","","3","5","1","3","1","1","52","71","7","0","47","2","0","5","71.9","58.9","0","0","1","0","1","2","0","0","1","1","0","2","0","0","1","0","2","3","0","0","0","0","0","0","0","0","1","0","0","1","0","0","0","0","0","0","3","6","13","3","25","3","2","1","0","0","0","5","4","1","0","0","0","3","14","16","23","0","0","bulk-1.27-teamid-from-league-list","0","0","0"
"3.6","Smerfy z Rivii ⚔️⚔️🛡️ vs Bydgoszcz Baki 0:3","1216014","2026-09-03 17:00","Ośrodek Karny Rivii Arena 🎯","Bydgoszcz Baki","128616","Kronauer, Marc","1686161","19","13","15","0","0","55.2","37","6","15","41","24","6","2","0","4","1","17","0","0","0","0","0","4","53","67","1","0","2","0","0","0","2","38.2","","1","3","0","1","0","0","53","67","4","1","50","0","0","3","55.2","48.2","1","0","0","0","5","6","0","0","0","0","0","0","0","0","0","0","0","0","13","1","5","1","11","31","0","0","0","0","0","0","1","0","0","0","1","2","0","0","0","0","0","0","0","0","0","0","0","1","1","0","0","0","0","3","14","15","19","0","0","bulk-1.27-teamid-from-league-list","0","0","0"
"3.6","Smerfy z Rivii ⚔️⚔️🛡️ vs Bydgoszcz Baki 0:3","1216014","2026-09-03 17:00","Ośrodek Karny Rivii Arena 🎯","Bydgoszcz Baki","128616","Barszczewski, Andrzej","1950933","10","8","7","0","0","54.7","15","2","5","33","20","14","6","2","8","4","43","0","0","0","0","0","5","26","48","0","0","0","0","0","0","0","29.2","","1","2","1","4","2","2","26","48","5","1","26","0","0","0","54.7","49.9","3","1","0","0","6","10","0","0","0","0","0","0","1","0","0","0","0","1","0","0","0","0","0","0","1","0","1","0","2","4","0","0","0","0","0","0","0","0","0","0","0","2","2","0","0","0","0","4","0","1","1","2","0","2","9","0","17","0","0","bulk-1.27-teamid-from-league-list","0","0","0"
"3.6","Smerfy z Rivii ⚔️⚔️🛡️ vs Bydgoszcz Baki 0:3","1216014","2026-09-03 17:00","Ośrodek Karny Rivii Arena 🎯","Bydgoszcz Baki","128616","Sikorski, Tymon","1974487","6","-1","4","1","0","57.9","18","5","5","28","0","10","6","2","4","2","40","19","1","95","5","26","1","19","36","0","0","0","0","0","0","0","14.1","","2","3","0","1","0","0","19","36","1","0","18","0","0","1","57.9","54","4","0","2","0","7","13","0","0","3","0","0","3","1","0","0","0","1","2","0","0","0","0","0","0","0","0","0","0","0","0","0","0","0","0","0","0","3","3","5","7","18","2","1","0","0","0","1","2","1","0","0","1","0","2","22","17","0","0","0","bulk-1.27-teamid-from-league-list","0","0","0"
"3.6","Smerfy z Rivii ⚔️⚔️🛡️ vs Bydgoszcz Baki 0:3","1216014","2026-09-03 17:00","Ośrodek Karny Rivii Arena 🎯","Bydgoszcz Baki","128616","Przybyszewski, Daniel","1928950","21","15","12","0","2","60.6","31","6","15","48","29","5","2","0","3","1","20","0","0","0","0","0","4","39","56","0","0","0","0","0","0","0","45.2","","1","1","0","2","0","0","39","56","3","0","35","1","0","4","60.6","51","2","0","0","0","1","3","2","0","0","0","0","2","0","0","0","0","0","0","11","5","1","0","9","26","0","0","0","0","0","0","0","0","0","0","0","0","0","0","0","0","0","0","0","0","0","0","0","1","0","0","0","0","1","3","13","8","18","0","0","bulk-1.27-teamid-from-league-list","0","0","0"
"3.6","Smerfy z Rivii ⚔️⚔️🛡️ vs Bydgoszcz Baki 0:3","1216014","2026-09-03 17:00","Ośrodek Karny Rivii Arena 🎯","Bydgoszcz Baki","128616","Pietrzak, Sebastian","1724779","0","0","0","0","0","0","0","0","0","0","0","23","13","10","10","7","74","6","0","100","1","17","0","0","0","2","2","9","0","1","2","6","13.6","","7","9","0","1","0","0","0","0","0","0","0","0","0","0","0","0","0","0","0","0","0","0","0","0","0","0","0","0","0","0","0","0","0","0","0","0","0","0","0","0","0","0","0","0","0","0","2","2","0","1","4","9","0","1","2","3","6","10","4","0","0","5","1","7","2","1","1","1","2","3","11","10","8","0","0","bulk-1.27-teamid-from-league-list","0","0","0"
"3.6","Smerfy z Rivii ⚔️⚔️🛡️ vs Bydgoszcz Baki 0:3","1216014","2026-09-03 17:00","Ośrodek Karny Rivii Arena 🎯","Bydgoszcz Baki","128616","Nowak, Tomasz","2113220","1","1","4","0","0","55.6","1","0","0","0","0","4","2","0","2","0","0","0","0","0","0","0","1","12","24","0","0","0","0","0","0","0","3","","0","1","0","1","0","0","12","24","1","0","12","0","0","0","55.6","49.1","0","0","0","0","0","0","0","0","0","0","0","0","0","0","0","0","0","0","0","0","0","0","0","0","0","0","0","0","1","1","0","0","0","0","0","0","0","0","0","0","0","0","0","0","0","0","0","0","0","0","0","0","0","1","0","8","0","0","0","bulk-1.27-teamid-from-league-list","0","0","0"
"3.6","Smerfy z Rivii ⚔️⚔️🛡️ vs Bydgoszcz Baki 0:3","1216014","2026-09-03 17:00","Ośrodek Karny Rivii Arena 🎯","Bydgoszcz Baki","128616","Lanhoso, António","1903750","6","6","7","0","1","61.4","2","0","2","100","100","11","5","2","6","3","45","10","0","100","3","30","3","9","16","0","0","0","0","0","0","0","24","","2","3","1","3","0","0","9","16","3","0","7","0","0","2","61.4","50.8","0","0","0","1","0","1","0","0","0","0","0","0","0","0","0","1","0","1","0","0","0","0","0","0","0","0","0","0","0","0","0","0","0","0","0","0","2","3","4","1","10","2","1","0","0","0","1","3","0","0","0","1","2","1","0","0","25","0","0","bulk-1.27-teamid-from-league-list","0","0","0"
"3.6","Smerfy z Rivii ⚔️⚔️🛡️ vs Libero Gorzków 3:0","1216015","2026-09-05 17:00","Ośrodek Karny Rivii Arena 🎯","Smerfy z Rivii ⚔️⚔️🛡️","130934","Hegedusic, Zivko","2088181","1","1","6","0","0","61.8","0","0","0","0","0","5","3","0","2","1","20","0","0","0","0","0","1","7","15","11","3","28","5","5","9","9","3.4","{""sets"":[{""h"":25,""a"":16},{""h"":25,""a"":18},{""h"":25,""a"":15}],""parsedSets"":[{""rallies"":[{""type"":""end"",""score"":""25 : 16"",""txt"":""Koniec seta 1 : 0""},{""type"":""end"",""score"":""25 : 16"",""txt"":""Koniec seta 1 : 0""},{""type"":""rally"",""score"":""25 : 16"",""speed"":""61.8 km/h"",""res"":""Punkt: I. Szymczyk""},{""type"":""rally"",""score"":""24 : 16"",""speed"":""72.9 km/h"",""res"":""Punkt: I. Szymczyk""},{""type"":""rally"",""score"":""23 : 16"",""speed"":""52.0 km/h"",""res"":""Punkt: I. Szymczyk""},{""type"":""rally"",""score"":""22 : 16"",""speed"":""66.5 km/h"",""res"":""Punkt: B. Veikat""},{""type"":""rally"",""score"":""22 : 15"",""speed"":""77.3 km/h"",""res"":""Punkt: I. Szymczyk""},{""type"":""rally"",""score"":""21 : 15"",""speed"":""91.9 km/h"",""res"":""Punkt: I. Szymczyk""},{""type"":""rally"",""score"":""20 : 15"",""speed"":""79.8 km/h"",""res"":""Punkt: L. Pitkänen""},{""type"":""rally"",""score"":""19 : 15"",""speed"":""81.9 km/h"",""res"":""Punkt: S. Gandubert""},{""type"":""rally"",""score"":""18 : 15"",""speed"":""60.3 km/h"",""res"":""Punkt: T. Inagaki""},{""type"":""rally"",""score"":""17 : 15"",""speed"":""55.9 km/h"",""res"":""Punkt: A. Marante""},{""type"":""tmo"",""score"":""17 : 14"",""txt"":""Czas dla: Smerfy z Rivii ⚔️⚔️🛡️""},{""type"":""rally"",""score"":""17 : 14"",""speed"":""54.2 km/h"",""res"":""Błąd: I. Szymczyk""},{""type"":""rally"",""score"":""17 : 13"",""speed"":""-"",""res"":""Błąd: A. Yordanov""},{""type"":""rally"",""score"":""17 : 12"",""speed"":""62.6 km/h"",""res"":""Punkt: S. Gandubert""},{""type"":""rally"",""score"":""16 : 12"",""speed"":""69.7 km/h"",""res"":""Punkt: G. Marandel""},{""type"":""rally"",""score"":""16 : 11"",""speed"":""53.8 km/h"",""res"":""Błąd: S. Gandubert""},{""type"":""rally"",""score"":""16 : 10"",""speed"":""58.7 km/h"",""res"":""Punkt: J. Järventie""},{""type"":""tmo"",""score"":""16 : 9"",""txt"":""Czas dla: ""},{""type"":""rally"",""score"":""16 : 9"",""speed"":""59.6 km/h"",""res"":""Punkt: A. Yordanov""},{""type"":""rally"",""score"":""15 : 9"",""speed"":""58.1 km/h"",""res"":""Błąd: T. Inagaki""},{""type"":""chg"",""score"":""15 : 8"",""txt"":""Zmiana: A. Sepp ⇄ S. Lopilato""},{""type"":""chg"",""score"":""15 : 8"",""txt"":""Zmiana: J. Järventie ⇄ T. Rabinowitsch""},{""type"":""chg"",""score"":""15 : 8"",""txt"":""Zmiana: A. Marante ⇄ M. Grab""},{""type"":""rally"",""score"":""15 : 8"",""speed"":""50.4 km/h"",""res"":""Punkt: S. Gandubert""},{""type"":""rally"",""score"":""14 : 8"",""speed"":""53.3 km/h"",""res"":""Punkt: A. Yordanov""},{""type"":""rally"",""score"":""13 : 8"",""speed"":""52.7 km/h"",""res"":""Błąd: A. Yordanov""},{""type"":""rally"",""score"":""13 : 7"",""speed"":""-"",""res"":""Błąd: I. Szymczyk""},{""type"":""rally"",""score"":""13 : 6"",""speed"":""67.0 km/h"",""res"":""Punkt: I. Szymczyk""},{""type"":""rally"",""score"":""12 : 6"",""speed"":""47.0 km/h"",""res"":""Punkt: I. Szymczyk""},{""type"":""rally"",""score"":""11 : 6"",""speed"":""77.5 km/h"",""res"":""Punkt: T. Rabinowitsch""},{""type"":""rally"",""score"":""11 : 5"",""speed"":""60.1 km/h"",""res"":""Błąd: S. Lopilato""},{""type"":""rally"",""score"":""10 : 5"",""speed"":""54.7 km/h"",""res"":""Punkt: S. Lopilato""},{""type"":""rally"",""score"":""10 : 4"",""speed"":""97.1 km/h"",""res"":""Punkt: S. Lopilato""},{""type"":""rally"",""score"":""10 : 3"",""speed"":""96.8 km/h"",""res"":""Punkt: I. Szymczyk""},{""type"":""rally"",""score"":""9 : 3"",""speed"":""52.1 km/h"",""res"":""Punkt: I. Szymczyk""},{""type"":""tmo"",""score"":""8 : 3"",""txt"":""Czas dla: Libero Gorzków""},{""type"":""rally"",""score"":""8 : 3"",""speed"":""50.3 km/h"",""res"":""Punkt: S. Lopilato""},{""type"":""tmo"",""score"":""8 : 2"",""txt"":""Czas dla: ""},{""type"":""rally"",""score"":""8 : 2"",""speed"":""52.9 km/h"",""res"":""Punkt: S. Gandubert""},{""type"":""rally"",""score"":""7 : 2"",""speed"":""56.9 km/h"",""res"":""Punkt: G. Marandel""},{""type"":""rally"",""score"":""7 : 1"",""speed"":""60.2 km/h"",""res"":""Punkt: A. Yordanov""},{""type"":""rally"",""score"":""6 : 1"",""speed"":""51.4 km/h"",""res"":""Punkt: S. Gandubert""},{""type"":""rally"",""score"":""5 : 1"",""speed"":""62.8 km/h"",""res"":""Punkt: G. Marandel""},{""type"":""rally"",""score"":""5 : 0"",""speed"":""46.7 km/h"",""res"":""Błąd: G. Marandel""},{""type"":""rally"",""score"":""4 : 0"",""speed"":""53.6 km/h"",""res"":""Błąd: M. Grab""},{""type"":""rally"",""score"":""3 : 0"",""speed"":""60.5 km/h"",""res"":""Punkt: S. Gandubert""},{""type"":""rally"",""score"":""2 : 0"",""speed"":""58.0 km/h"",""res"":""Punkt: L. Pitkänen""},{""type"":""chg"",""score"":""1 : 0"",""txt"":""Zmiana: L. Pitkänen ⇄ Z. Hegedusic""},{""type"":""chg"",""score"":""1 : 0"",""txt"":""Zmiana: B. Šefčík ⇄ J. Kejklíček""},{""type"":""rally"",""score"":""1 : 0"",""speed"":""49.3 km/h"",""res"":""Punkt: S. Gandubert""}]},{""rallies"":[{""type"":""end"",""score"":""25 : 18"",""txt"":""Koniec seta 2 : 0""},{""type"":""end"",""score"":""25 : 18"",""txt"":""Koniec seta 2 : 0""},{""type"":""rally"",""score"":""25 : 18"",""speed"":""60.1 km/h"",""res"":""Punkt: I. Szymczyk""},{""type"":""rally"",""score"":""24 : 18"",""speed"":""53.0 km/h"",""res"":""Punkt: I. Szymczyk""},{""type"":""rally"",""score"":""23 : 18"",""speed"":""74.0 km/h"",""res"":""Punkt: B. McCall""},{""type"":""rally"",""score"":""22 : 18"",""speed"":""73.8 km/h"",""res"":""Punkt: Z. Hegedusic""},{""type"":""rally"",""score"":""21 : 18"",""speed"":""59.4 km/h"",""res"":""Punkt: I. Szymczyk""},{""type"":""rally"",""score"":""20 : 18"",""speed"":""62.6 km/h"",""res"":""Punkt: B. McCall""},{""type"":""chg"",""score"":""19 : 18"",""txt"":""Zmiana: M. Grab ⇄ A. Marante""},{""type"":""rally"",""score"":""19 : 18"",""speed"":""-"",""res"":""Błąd: A. Marante""},{""type"":""rally"",""score"":""18 : 18"",""speed"":""50.0 km/h"",""res"":""Punkt: B. Veikat""},{""type"":""rally"",""score"":""18 : 17"",""speed"":""50.0 km/h"",""res"":""Punkt: J. Järventie""},{""type"":""rally"",""score"":""18 : 16"",""speed"":""76.5 km/h"",""res"":""Błąd: I. Szymczyk""},{""type"":""rally"",""score"":""18 : 15"",""speed"":""80.0 km/h"",""res"":""Punkt: I. Szymczyk""},{""type"":""rally"",""score"":""17 : 15"",""speed"":""56.4 km/h"",""res"":""Punkt: I. Szymczyk""},{""type"":""tmo"",""score"":""16 : 15"",""txt"":""Czas dla: ""},{""type"":""rally"",""score"":""16 : 15"",""speed"":""68.5 km/h"",""res"":""Punkt: S. Gandubert""},{""type"":""rally"",""score"":""15 : 15"",""speed"":""47.2 km/h"",""res"":""Punkt: G. Marandel""},{""type"":""chg"",""score"":""15 : 14"",""txt"":""Zmiana: A. Sepp ⇄ S. Lopilato""},{""type"":""chg"",""score"":""15 : 14"",""txt"":""Zmiana: J. Järventie ⇄ T. Rabinowitsch""},{""type"":""chg"",""score"":""15 : 14"",""txt"":""Zmiana: A. Marante ⇄ M. Grab""},{""type"":""rally"",""score"":""15 : 14"",""speed"":""47.7 km/h"",""res"":""Punkt: S. Gandubert""},{""type"":""rally"",""score"":""14 : 14"",""speed"":""51.5 km/h"",""res"":""Punkt: M. Grab""},{""type"":""rally"",""score"":""14 : 13"",""speed"":""43.5 km/h"",""res"":""Punkt: M. Grab""},{""type"":""rally"",""score"":""14 : 12"",""speed"":""52.6 km/h"",""res"":""Błąd: T. Inagaki""},{""type"":""rally"",""score"":""14 : 11"",""speed"":""-"",""res"":""Błąd: T. Inagaki""},{""type"":""rally"",""score"":""14 : 10"",""speed"":""51.8 km/h"",""res"":""Punkt: S. Gandubert""},{""type"":""rally"",""score"":""13 : 10"",""speed"":""51.3 km/h"",""res"":""Punkt: A. Yordanov""},{""type"":""rally"",""score"":""12 : 10"",""speed"":""61.8 km/h"",""res"":""Punkt: T. Rabinowitsch""},{""type"":""rally"",""score"":""12 : 9"",""speed"":""60.7 km/h"",""res"":""Punkt: S. Gandubert""},{""type"":""rally"",""score"":""11 : 9"",""speed"":""47.1 km/h"",""res"":""Punkt: S. Gandubert""},{""type"":""rally"",""score"":""10 : 9"",""speed"":""60.1 km/h"",""res"":""Punkt: S. Gandubert""},{""type"":""rally"",""score"":""9 : 9"",""speed"":""-"",""res"":""Błąd: S. Lopilato""},{""type"":""rally"",""score"":""8 : 9"",""speed"":""68.3 km/h"",""res"":""Punkt: M. Grab""},{""type"":""rally"",""score"":""8 : 8"",""speed"":""46.0 km/h"",""res"":""Punkt: A. Yordanov""},{""type"":""rally"",""score"":""7 : 8"",""speed"":""70.7 km/h"",""res"":""Punkt: T. Inagaki""},{""type"":""rally"",""score"":""6 : 8"",""speed"":""58.2 km/h"",""res"":""Punkt: I. Szymczyk""},{""type"":""tmo"",""score"":""5 : 8"",""txt"":""Czas dla: ""},{""type"":""rally"",""score"":""5 : 8"",""speed"":""51.9 km/h"",""res"":""Punkt: S. Lopilato""},{""type"":""rally"",""score"":""5 : 7"",""speed"":""68.9 km/h"",""res"":""Punkt: I. Szymczyk""},{""type"":""rally"",""score"":""4 : 7"",""speed"":""58.4 km/h"",""res"":""Punkt: I. Szymczyk""},{""type"":""rally"",""score"":""3 : 7"",""speed"":""-"",""res"":""Błąd: S. Gandubert""},{""type"":""rally"",""score"":""3 : 6"",""speed"":""46.5 km/h"",""res"":""Punkt: B. McCall""},{""type"":""rally"",""score"":""2 : 6"",""speed"":""60.2 km/h"",""res"":""Punkt: M. Grab""},{""type"":""rally"",""score"":""2 : 5"",""speed"":""44.8 km/h"",""res"":""Punkt: M. Grab""},{""type"":""rally"",""score"":""2 : 4"",""speed"":""56.6 km/h"",""res"":""Punkt: A. Yordanov""},{""type"":""rally"",""score"":""1 : 4"",""speed"":""46.2 km/h"",""res"":""Punkt: M. Grab""},{""type"":""rally"",""score"":""1 : 3"",""speed"":""59.1 km/h"",""res"":""Punkt: A. Yordanov""},{""type"":""tmo"",""score"":""0 : 3"",""txt"":""Czas dla: Libero Gorzków""},{""type"":""rally"",""score"":""0 : 3"",""speed"":""55.6 km/h"",""res"":""Punkt: M. Grab""},{""type"":""rally"",""score"":""0 : 2"",""speed"":""43.2 km/h"",""res"":""Punkt: M. Grab""},{""type"":""rally"",""score"":""0 : 1"",""speed"":""45.9 km/h"",""res"":""Punkt: M. Grab""}]},{""rallies"":[{""type"":""end"",""score"":""25 : 15"",""txt"":""Koniec seta 3 : 0""},{""type"":""end"",""score"":""25 : 15"",""txt"":""Koniec seta 3 : 0""},{""type"":""rally"",""score"":""25 : 15"",""speed"":""49.1 km/h"",""res"":""Punkt: I. Szymczyk""},{""type"":""rally"",""score"":""24 : 15"",""speed"":""51.3 km/h"",""res"":""Punkt: J. Järventie""},{""type"":""rally"",""score"":""24 : 14"",""speed"":""-"",""res"":""Błąd: S. Gandubert""},{""type"":""chg"",""score"":""24 : 13"",""txt"":""Zmiana: M. Grab ⇄ A. Marante""},{""type"":""rally"",""score"":""24 : 13"",""speed"":""80.7 km/h"",""res"":""Punkt: I. Szymczyk""},{""type"":""rally"",""score"":""23 : 13"",""speed"":""52.4 km/h"",""res"":""Punkt: I. Szymczyk""},{""type"":""rally"",""score"":""22 : 13"",""speed"":""45.3 km/h"",""res"":""Punkt: B. Veikat""},{""type"":""rally"",""score"":""22 : 12"",""speed"":""57.3 km/h"",""res"":""Punkt: A. Sepp""},{""type"":""rally"",""score"":""22 : 11"",""speed"":""58.4 km/h"",""res"":""Punkt: I. Szymczyk""},{""type"":""rally"",""score"":""21 : 11"",""speed"":""45.0 km/h"",""res"":""Punkt: I. Szymczyk""},{""type"":""rally"",""score"":""20 : 11"",""speed"":""61.9 km/h"",""res"":""Punkt: A. Yordanov""},{""type"":""rally"",""score"":""19 : 11"",""speed"":""57.7 km/h"",""res"":""Punkt: A. Marante""},{""type"":""rally"",""score"":""19 : 10"",""speed"":""-"",""res"":""Błąd: L. Torregrossa""},{""type"":""rally"",""score"":""18 : 10"",""speed"":""51.6 km/h"",""res"":""Punkt: L. Torregrossa""},{""type"":""rally"",""score"":""18 : 9"",""speed"":""45.3 km/h"",""res"":""Punkt: A. Marante""},{""type"":""rally"",""score"":""18 : 8"",""speed"":""50.9 km/h"",""res"":""Punkt: A. Yordanov""},{""type"":""rally"",""score"":""17 : 8"",""speed"":""54.3 km/h"",""res"":""Punkt: J. Järventie""},{""type"":""rally"",""score"":""17 : 7"",""speed"":""59.2 km/h"",""res"":""Punkt: B. McCall""},{""type"":""tmo"",""score"":""16 : 7"",""txt"":""Czas dla: ""},{""type"":""rally"",""score"":""16 : 7"",""speed"":""59.9 km/h"",""res"":""Punkt: A. Yordanov""},{""type"":""chg"",""score"":""15 : 7"",""txt"":""Zmiana: A. Sepp ⇄ S. Lopilato""},{""type"":""chg"",""score"":""15 : 7"",""txt"":""Zmiana: J. Järventie ⇄ T. Rabinowitsch""},{""type"":""chg"",""score"":""15 : 7"",""txt"":""Zmiana: A. Marante ⇄ M. Grab""},{""type"":""rally"",""score"":""15 : 7"",""speed"":""54.1 km/h"",""res"":""Punkt: A. Yordanov""},{""type"":""rally"",""score"":""14 : 7"",""speed"":""64.3 km/h"",""res"":""Punkt: T. Inagaki""},{""type"":""rally"",""score"":""13 : 7"",""speed"":""52.9 km/h"",""res"":""Punkt: G. Marandel""},{""type"":""rally"",""score"":""13 : 6"",""speed"":""57.3 km/h"",""res"":""Punkt: M. Grab""},{""type"":""rally"",""score"":""13 : 5"",""speed"":""56.9 km/h"",""res"":""Punkt: I. Szymczyk""},{""type"":""rally"",""score"":""12 : 5"",""speed"":""81.3 km/h"",""res"":""Punkt: S. Lopilato""},{""type"":""rally"",""score"":""12 : 4"",""speed"":""55.1 km/h"",""res"":""Punkt: I. Szymczyk""},{""type"":""rally"",""score"":""11 : 4"",""speed"":""92.2 km/h"",""res"":""Punkt: I. Szymczyk""},{""type"":""rally"",""score"":""10 : 4"",""speed"":""90.2 km/h"",""res"":""Punkt: I. Szymczyk""},{""type"":""rally"",""score"":""9 : 4"",""speed"":""55.8 km/h"",""res"":""Punkt: I. Szymczyk""},{""type"":""rally"",""score"":""8 : 4"",""speed"":""49.6 km/h"",""res"":""Punkt: S. Lopilato""},{""type"":""tmo"",""score"":""8 : 3"",""txt"":""Czas dla: Libero Gorzków""},{""type"":""rally"",""score"":""8 : 3"",""speed"":""46.2 km/h"",""res"":""Punkt: M. Grab""},{""type"":""tmo"",""score"":""8 : 2"",""txt"":""Czas dla: ""},{""type"":""rally"",""score"":""8 : 2"",""speed"":""61.9 km/h"",""res"":""Punkt: A. Yordanov""},{""type"":""rally"",""score"":""7 : 2"",""speed"":""-"",""res"":""Błąd: T. Inagaki""},{""type"":""rally"",""score"":""7 : 1"",""speed"":""47.4 km/h"",""res"":""Punkt: S. Gandubert""},{""type"":""rally"",""score"":""6 : 1"",""speed"":""47.4 km/h"",""res"":""Punkt: B. McCall""},{""type"":""rally"",""score"":""5 : 1"",""speed"":""62.3 km/h"",""res"":""Punkt: A. Yordanov""},{""type"":""rally"",""score"":""4 : 1"",""speed"":""50.9 km/h"",""res"":""Punkt: B. McCall""},{""type"":""rally"",""score"":""3 : 1"",""speed"":""43.3 km/h"",""res"":""Punkt: S. Gandubert""},{""type"":""rally"",""score"":""2 : 1"",""speed"":""52.8 km/h"",""res"":""Punkt: A. Yordanov""},{""type"":""rally"",""score"":""1 : 1"",""speed"":""49.4 km/h"",""res"":""Punkt: G. Marandel""},{""type"":""chg"",""score"":""1 : 0"",""txt"":""Zmiana: H. Fontana ⇄ Z. Hegedusic""},{""type"":""rally"",""score"":""1 : 0"",""speed"":""57.1 km/h"",""res"":""Punkt: A. Yordanov""}]}]}","1","2","0","0","0","0","7","15","1","0","7","0","0","0","61.8","56","0","0","0","0","0","0","0","0","0","0","0","0","0","0","0","0","0","0","0","0","0","0","0","0","0","0","0","0","0","0","11","3","0","2","12","28","0","0","0","0","0","0","0","0","0","0","0","1","0","0","0","0","1","3","1","29","1","0","0","bulk-1.27-teamid-from-league-list","0","0","0"
"3.6","Smerfy z Rivii ⚔️⚔️🛡️ vs Libero Gorzków 3:0","1216015","2026-09-05 17:00","Ośrodek Karny Rivii Arena 🎯","Smerfy z Rivii ⚔️⚔️🛡️","130934","Inagaki, Tsumasaburo","1928939","3","0","13","2","0","62.3","4","1","1","25","0","16","8","5","8","6","69","12","0","100","4","33","2","31","50","0","0","0","0","0","0","0","17.3","","5","6","1","1","0","1","31","50","2","0","30","0","0","1","62.3","53","0","1","0","0","2","3","1","0","0","0","0","1","0","0","0","0","0","0","0","0","0","0","0","0","0","0","0","0","0","0","0","0","0","0","0","0","1","6","3","2","12","5","1","1","0","1","2","6","1","1","0","3","1","3","15","11","14","0","0","bulk-1.27-teamid-from-league-list","0","0","0"
"3.6","Smerfy z Rivii ⚔️⚔️🛡️ vs Libero Gorzków 3:0","1216015","2026-09-05 17:00","Ośrodek Karny Rivii Arena 🎯","Smerfy z Rivii ⚔️⚔️🛡️","130934","Yordanov, Angel","1865789","16","14","8","1","0","58.4","24","1","10","42","38","3","1","0","2","0","0","0","0","0","0","0","6","37","58","1","1","3","0","1","0","2","43.1","","0","1","0","1","0","0","37","58","6","0","35","0","1","2","58.4","49.9","1","0","0","0","3","4","1","0","0","0","0","1","0","0","0","0","0","0","7","1","0","1","10","19","0","0","0","0","0","0","1","1","0","0","1","3","0","0","0","0","0","0","0","0","0","0","0","0","0","0","0","0","0","3","10","10","12","0","0","bulk-1.27-teamid-from-league-list","0","0","0"
"3.6","Smerfy z Rivii ⚔️⚔️🛡️ vs Libero Gorzków 3:0","1216015","2026-09-05 17:00","Ośrodek Karny Rivii Arena 🎯","Smerfy z Rivii ⚔️⚔️🛡️","130934","Gandubert, Siffre","1864771","16","11","17","2","1","97.1","25","3","7","28","16","11","6","5","5","3","73","0","0","0","0","0","8","35","64","0","0","0","0","0","0","0","42.9","","3","4","0","1","0","0","35","64","8","0","34","0","0","1","97.1","80.2","2","1","1","0","9","13","1","0","0","1","2","4","3","0","1","0","4","8","0","0","0","0","0","0","0","0","0","0","0","0","0","0","0","0","0","0","0","0","0","0","0","5","2","1","1","1","0","3","2","0","0","1","0","3","20","15","16","0","0","bulk-1.27-teamid-from-league-list","0","0","0"
"3.6","Smerfy z Rivii ⚔️⚔️🛡️ vs Libero Gorzków 3:0","1216015","2026-09-05 17:00","Ośrodek Karny Rivii Arena 🎯","Smerfy z Rivii ⚔️⚔️🛡️","130934","McCall, Brian","1976945","7","5","12","0","2","77.5","6","0","2","33","33","15","9","6","6","4","67","29","2","93","11","38","3","40","62","0","0","0","0","0","0","0","36.6","","1","3","2","2","1","1","40","62","2","2","36","1","0","4","77.5","64.4","1","0","0","0","3","4","0","0","0","0","0","0","0","0","0","0","1","1","0","0","0","0","0","0","1","0","0","0","0","1","0","0","0","0","0","0","5","5","9","8","27","6","4","2","0","0","0","4","2","1","0","1","0","3","13","21","22","0","0","bulk-1.27-teamid-from-league-list","0","0","0"
"3.6","Smerfy z Rivii ⚔️⚔️🛡️ vs Libero Gorzków 3:0","1216015","2026-09-05 17:00","Ośrodek Karny Rivii Arena 🎯","Smerfy z Rivii ⚔️⚔️🛡️","130934","Szymczyk, Igor","1745316","28","18","9","1","1","70.7","36","9","17","47","22","4","1","0","3","0","0","0","0","0","0","0","10","38","54","0","0","0","0","0","0","0","56.9","","0","1","0","2","0","0","38","54","10","1","34","0","0","4","70.7","59.9","0","0","3","0","3","6","0","1","1","0","0","2","0","0","0","0","0","0","16","1","3","1","7","28","0","0","0","0","0","0","0","0","0","0","0","0","0","0","0","0","0","0","0","0","0","0","0","0","0","0","0","0","0","3","14","15","19","0","0","bulk-1.27-teamid-from-league-list","0","0","0"
"3.6","Smerfy z Rivii ⚔️⚔️🛡️ vs Libero Gorzków 3:0","1216015","2026-09-05 17:00","Ośrodek Karny Rivii Arena 🎯","Smerfy z Rivii ⚔️⚔️🛡️","130934","Kejklíček, Jakub","2003054","0","0","0","0","0","0","0","0","0","0","0","12","9","6","3","1","58","4","0","100","0","0","0","0","0","2","0","5","0","0","2","3","6.8","","1","1","0","2","0","0","0","0","0","0","0","0","0","0","0","0","0","0","0","0","0","0","0","0","0","0","0","0","0","0","0","0","0","0","0","0","0","0","0","0","0","0","0","0","0","0","2","0","0","0","3","5","0","2","1","1","4","6","4","0","0","0","2","1","0","0","1","0","0","2","0","9","6","0","0","bulk-1.27-teamid-from-league-list","0","0","0"
"3.6","Smerfy z Rivii ⚔️⚔️🛡️ vs Libero Gorzków 3:0","1216015","2026-09-05 17:00","Ośrodek Karny Rivii Arena 🎯","Smerfy z Rivii ⚔️⚔️🛡️","130934","Fontana, Hermes","2088849","0","0","2","0","0","49.4","0","0","0","0","0","9","5","4","4","3","78","0","0","0","0","0","0","2","16","10","2","25","4","6","10","5","4.4","","3","4","0","0","0","0","2","16","0","0","2","0","0","0","49.4","47.3","0","0","0","0","0","0","0","0","0","0","0","0","0","0","0","0","0","0","0","0","0","0","0","0","0","0","0","0","0","0","10","2","1","0","12","25","0","0","0","0","0","4","2","0","0","0","2","3","1","1","0","1","0","1","0","0","23","0","0","bulk-1.27-teamid-from-league-list","0","0","0"
"3.6","Smerfy z Rivii ⚔️⚔️🛡️ vs Libero Gorzków 3:0","1216015","2026-09-05 17:00","Ośrodek Karny Rivii Arena 🎯","Smerfy z Rivii ⚔️⚔️🛡️","130934","Pitkänen, Lauri","2088182","2","2","7","0","1","62.8","0","0","0","0","0","3","2","1","1","0","33","0","0","0","0","0","1","8","17","9","3","33","2","11","13","7","6.8","","0","0","0","1","0","0","8","17","1","0","8","0","0","0","62.8","55.7","0","0","0","0","0","0","0","0","0","0","0","0","0","0","0","0","0","0","0","0","0","0","0","0","0","0","0","0","0","0","9","3","2","3","16","33","0","0","0","0","0","1","1","0","0","0","0","0","0","0","0","0","0","1","30","0","0","0","0","bulk-1.27-teamid-from-league-list","0","0","0"
"3.6","Smerfy z Rivii ⚔️⚔️🛡️ vs Libero Gorzków 3:0","1216015","2026-09-05 17:00","Ośrodek Karny Rivii Arena 🎯","Smerfy z Rivii ⚔️⚔️🛡️","130934","Šefčík, Bruno","2003301","0","-1","0","0","0","0","0","0","0","0","0","8","6","4","2","2","75","2","1","50","0","0","0","0","0","1","0","1","0","0","0","1","2.4","","2","2","0","0","0","0","0","0","0","0","0","0","0","0","0","0","0","0","0","0","0","0","0","0","0","0","0","0","0","0","0","0","0","0","0","0","0","0","0","0","0","0","0","0","0","0","1","0","0","0","0","1","0","0","1","0","1","4","2","1","0","1","0","2","1","1","0","0","0","1","9","0","0","0","0","bulk-1.27-teamid-from-league-list","0","0","0"
"3.6","Smerfy z Rivii ⚔️⚔️🛡️ vs Libero Gorzków 3:0","1216015","2026-09-05 17:00","Ośrodek Karny Rivii Arena 🎯","Libero Gorzków","128703","Veikat, Bruno","1903475","3","3","8","0","0","59.1","0","0","0","0","0","23","7","5","16","5","43","0","0","0","0","0","3","19","38","26","31","102","9","30","42","21","15","","5","8","0","8","0","0","19","38","3","0","16","0","0","3","59.1","51.5","0","0","0","0","0","0","0","0","0","0","0","0","0","0","0","0","0","0","0","0","0","0","0","0","0","0","0","0","0","0","26","31","4","3","38","102","0","0","0","0","0","5","1","0","0","4","0","5","0","0","0","2","3","3","29","33","34","0","0","bulk-1.27-teamid-from-league-list","0","0","0"
"3.6","Smerfy z Rivii ⚔️⚔️🛡️ vs Libero Gorzków 3:0","1216015","2026-09-05 17:00","Ośrodek Karny Rivii Arena 🎯","Libero Gorzków","128703","Torregrossa, Lucas","1974428","3","-9","10","1","1","59.6","13","9","1","8","-62","20","8","5","12","8","65","33","2","94","8","24","1","21","38","0","0","0","0","0","0","0","-0.1","","5","5","2","6","1","1","21","38","0","0","19","1","0","2","59.6","51.9","0","0","0","0","2","2","0","0","5","1","0","6","0","0","3","0","1","4","0","0","0","0","0","0","0","0","1","0","0","1","0","0","0","0","0","0","4","11","10","6","31","5","1","2","0","2","0","8","1","4","0","1","2","3","20","18","18","0","0","bulk-1.27-teamid-from-league-list","0","0","0"
"3.6","Smerfy z Rivii ⚔️⚔️🛡️ vs Libero Gorzków 3:0","1216015","2026-09-05 17:00","Ośrodek Karny Rivii Arena 🎯","Libero Gorzków","128703","Marandel, Guillaume","1950267","7","4","9","0","1","68.5","13","3","6","46","23","5","2","0","3","0","0","0","0","0","0","0","0","29","43","0","0","3","0","1","1","1","15.1","","0","0","0","3","0","0","29","43","0","0","26","0","0","3","69.7","59.8","0","0","0","0","0","0","1","0","1","0","0","2","0","0","0","0","0","0","4","1","1","1","4","11","0","0","0","0","0","0","0","0","0","0","3","3","0","0","0","0","0","0","0","0","0","0","0","0","0","0","0","0","0","3","9","5","7","0","0","bulk-1.27-teamid-from-league-list","0","0","0"
"3.6","Smerfy z Rivii ⚔️⚔️🛡️ vs Libero Gorzków 3:0","1216015","2026-09-05 17:00","Ośrodek Karny Rivii Arena 🎯","Libero Gorzków","128703","Grab, Mirosław","1929331","11","3","4","0","0","58.4","33","8","11","33","9","6","4","0","2","0","0","0","0","0","0","0","0","23","37","0","0","0","0","0","0","0","11.8","","0","0","0","2","0","0","23","37","0","1","20","0","0","3","58.4","54","3","0","4","0","2","9","0","0","1","0","0","1","8","1","1","0","12","22","0","0","0","0","0","0","0","0","1","0","0","1","0","0","0","0","0","0","0","0","0","0","0","0","0","0","0","0","0","0","0","0","0","0","0","3","8","15","10","0","0","bulk-1.27-teamid-from-league-list","0","0","0"
"3.6","Smerfy z Rivii ⚔️⚔️🛡️ vs Libero Gorzków 3:0","1216015","2026-09-05 17:00","Ośrodek Karny Rivii Arena 🎯","Libero Gorzków","128703","Rabinowitsch, Toppo","1926909","2","-5","4","0","0","60.1","10","6","2","20","-40","12","6","3","6","4","58","14","1","93","5","36","0","15","26","0","0","0","0","0","0","0","4.2","","3","3","0","2","1","1","15","26","0","0","13","0","0","2","60.1","57.5","1","0","1","0","2","4","1","0","3","0","0","4","0","0","0","0","0","0","0","0","0","0","0","0","0","0","2","0","0","2","0","0","0","0","0","0","1","5","4","3","13","3","1","1","0","1","0","4","1","1","0","2","0","3","9","12","9","0","0","bulk-1.27-teamid-from-league-list","0","0","0"
"3.6","Smerfy z Rivii ⚔️⚔️🛡️ vs Libero Gorzków 3:0","1216015","2026-09-05 17:00","Ośrodek Karny Rivii Arena 🎯","Libero Gorzków","128703","Lopilato, Silvestro","1929537","6","2","4","1","0","64.3","9","3","5","56","22","1","0","0","1","0","0","0","0","0","0","0","1","13","18","0","0","0","0","0","0","0","7.5","","0","0","0","1","0","0","13","18","1","0","12","0","0","1","64.3","54.7","4","1","1","0","0","6","0","0","1","0","0","1","0","0","0","0","0","0","1","0","0","0","1","2","0","0","0","0","0","0","0","0","0","0","0","0","0","0","0","0","0","0","0","0","0","0","0","0","0","0","0","0","0","3","5","4","5","0","0","bulk-1.27-teamid-from-league-list","0","0","0"
"3.6","Smerfy z Rivii ⚔️⚔️🛡️ vs Libero Gorzków 3:0","1216015","2026-09-05 17:00","Ośrodek Karny Rivii Arena 🎯","Libero Gorzków","128703","Võigemast, Üllar","1974429","0","0","0","0","0","0","0","0","0","0","0","30","17","8","13","6","47","5","0","100","2","40","0","0","0","1","0","7","0","2","2","3","11.6","","6","7","0","6","0","0","0","0","0","0","0","0","0","0","0","0","0","0","0","0","0","0","0","0","0","0","0","0","0","0","0","0","0","0","0","0","0","0","0","0","0","0","0","0","0","0","1","0","0","0","6","7","0","3","1","1","5","8","1","4","1","1","1","6","4","1","0","1","0","3","9","9","11","0","0","bulk-1.27-teamid-from-league-list","0","0","0"
"3.6","Smerfy z Rivii ⚔️⚔️🛡️ vs Libero Gorzków 3:0","1216015","2026-09-05 17:00","Ośrodek Karny Rivii Arena 🎯","Libero Gorzków","128703","Marante, Adérito","2088258","3","0","8","1","1","60.3","9","2","2","22","0","8","5","1","3","1","25","0","0","0","0","0","0","7","20","0","0","0","0","0","0","0","4.2","","0","0","1","3","0","0","7","20","0","1","7","0","0","0","60.3","52.6","0","0","0","0","1","1","0","0","0","0","0","0","2","0","2","0","2","6","0","0","0","0","0","0","0","0","0","0","2","2","0","0","0","0","0","0","0","0","0","0","0","1","0","1","0","0","0","1","0","1","0","0","0","3","7","5","9","0","0","bulk-1.27-teamid-from-league-list","0","0","0"
"3.6","Smerfy z Rivii ⚔️⚔️🛡️ vs Libero Gorzków 3:0","1216015","2026-09-05 17:00","Ośrodek Karny Rivii Arena 🎯","Libero Gorzków","128703","Sepp, Ain","2088886","3","1","0","0","0","0","12","2","1","8","-8","1","0","0","1","0","0","0","0","0","0","0","2","24","34","0","0","0","0","0","0","0","3.4","","0","0","0","1","0","0","24","34","1","1","19","1","0","5","0","0","0","0","1","1","8","10","0","0","1","0","0","1","0","0","0","0","0","0","0","0","0","0","1","1","0","0","0","0","0","0","0","0","0","0","0","0","0","0","0","0","0","0","0","0","0","0","0","0","0","0","0","0","0","3","4","3","4","0","0","bulk-1.27-teamid-from-league-list","0","0","0"
"3.6","Smerfy z Rivii ⚔️⚔️🛡️ vs Libero Gorzków 3:0","1216015","2026-09-05 17:00","Ośrodek Karny Rivii Arena 🎯","Libero Gorzków","128703","Järventie, Joosua","2002408","5","2","3","0","0","52","13","1","3","23","15","7","5","2","2","1","43","16","2","88","2","13","2","21","31","0","0","0","0","0","0","0","17.9","","1","1","0","1","0","0","21","31","2","0","19","0","0","2","52","50.8","0","0","0","0","1","1","0","0","0","1","1","2","0","0","1","0","3","4","0","0","0","0","0","0","2","0","0","0","4","6","0","0","0","0","0","0","2","4","7","1","14","2","0","0","0","2","0","1","0","0","0","1","0","3","9","9","9","0","0","bulk-1.27-teamid-from-league-list","0","0","0"
"3.6","KS Jastrzębie vs Bydgoszcz Baki 0:3","1216016","2026-09-05 17:00","HSW Jastrzębie Zdrój","KS Jastrzębie","130545","Di Liberto, Gaspare","1903541","2","0","10","2","0","66.2","0","0","0","0","0","15","6","0","9","4","27","0","0","0","0","0","2","14","26","32","13","77","7","22","27","21","5.6","{""sets"":[{""h"":18,""a"":25},{""h"":23,""a"":25},{""h"":21,""a"":25}],""parsedSets"":[{""rallies"":[{""type"":""end"",""score"":""18 : 25"",""txt"":""Koniec seta 0 : 1""},{""type"":""end"",""score"":""18 : 25"",""txt"":""Koniec seta 0 : 1""},{""type"":""rally"",""score"":""18 : 25"",""speed"":""61.2 km/h"",""res"":""Punkt: M. Kronauer""},{""type"":""rally"",""score"":""18 : 24"",""speed"":""56.7 km/h"",""res"":""Punkt: L. Tolkki""},{""type"":""rally"",""score"":""17 : 24"",""speed"":""-"",""res"":""Błąd: K. Lisek""},{""type"":""rally"",""score"":""17 : 23"",""speed"":""52.8 km/h"",""res"":""Punkt: K. Lisek""},{""type"":""rally"",""score"":""16 : 23"",""speed"":""50.4 km/h"",""res"":""Punkt: D. Dutra""},{""type"":""rally"",""score"":""16 : 22"",""speed"":""41.5 km/h"",""res"":""Punkt: M. Czajkowski""},{""type"":""rally"",""score"":""15 : 22"",""speed"":""44.0 km/h"",""res"":""Punkt: D. Przybyszewski""},{""type"":""chg"",""score"":""15 : 21"",""txt"":""Zmiana: M. Czajkowski ⇄ P. Jura""},{""type"":""rally"",""score"":""15 : 21"",""speed"":""45.0 km/h"",""res"":""Punkt: A. Barszczewski""},{""type"":""chg"",""score"":""15 : 20"",""txt"":""Zmiana: L. Tolkki ⇄ M. Tingsheng""},{""type"":""rally"",""score"":""15 : 20"",""speed"":""-"",""res"":""Błąd: J. Teissedre""},{""type"":""rally"",""score"":""15 : 19"",""speed"":""62.0 km/h"",""res"":""Punkt: K. Lisek""},{""type"":""rally"",""score"":""14 : 19"",""speed"":""45.2 km/h"",""res"":""Punkt: D. Przybyszewski""},{""type"":""chg"",""score"":""14 : 18"",""txt"":""Zmiana: G. Tullini ⇄ G. Di Liberto""},{""type"":""rally"",""score"":""14 : 18"",""speed"":""46.0 km/h"",""res"":""Punkt: T. Sikorski""},{""type"":""rally"",""score"":""14 : 17"",""speed"":""46.2 km/h"",""res"":""Punkt: D. Przybyszewski""},{""type"":""rally"",""score"":""14 : 16"",""speed"":""46.2 km/h"",""res"":""Punkt: M. Tingsheng""},{""type"":""tmo"",""score"":""13 : 16"",""txt"":""Czas dla: ""},{""type"":""rally"",""score"":""13 : 16"",""speed"":""54.2 km/h"",""res"":""Punkt: A. Barszczewski""},{""type"":""rally"",""score"":""13 : 15"",""speed"":""42.6 km/h"",""res"":""Punkt: M. Kronauer""},{""type"":""chg"",""score"":""13 : 14"",""txt"":""Zmiana: J. Teissedre ⇄ S. Defoe""},{""type"":""rally"",""score"":""13 : 14"",""speed"":""54.3 km/h"",""res"":""Błąd: T. Sikorski""},{""type"":""rally"",""score"":""12 : 14"",""speed"":""52.2 km/h"",""res"":""Punkt: P. Jura""},{""type"":""rally"",""score"":""11 : 14"",""speed"":""65.6 km/h"",""res"":""Punkt: M. Tingsheng""},{""type"":""rally"",""score"":""10 : 14"",""speed"":""60.6 km/h"",""res"":""Punkt: M. Kronauer""},{""type"":""rally"",""score"":""10 : 13"",""speed"":""49.4 km/h"",""res"":""Punkt: M. Kronauer""},{""type"":""rally"",""score"":""10 : 12"",""speed"":""50.3 km/h"",""res"":""Punkt: M. Tingsheng""},{""type"":""rally"",""score"":""9 : 12"",""speed"":""48.3 km/h"",""res"":""Punkt: M. Kronauer""},{""type"":""tmo"",""score"":""9 : 11"",""txt"":""Czas dla: Bydgoszcz Baki""},{""type"":""rally"",""score"":""9 : 11"",""speed"":""45.1 km/h"",""res"":""Punkt: M. Tingsheng""},{""type"":""rally"",""score"":""8 : 11"",""speed"":""49.4 km/h"",""res"":""Punkt: K. Lisek""},{""type"":""rally"",""score"":""7 : 11"",""speed"":""44.5 km/h"",""res"":""Punkt: T. Hajrović""},{""type"":""chg"",""score"":""7 : 10"",""txt"":""Zmiana: S. Defoe ⇄ J. Teissedre""},{""type"":""rally"",""score"":""7 : 10"",""speed"":""60.9 km/h"",""res"":""Punkt: T. Hajrović""},{""type"":""rally"",""score"":""7 : 9"",""speed"":""52.0 km/h"",""res"":""Punkt: D. Przybyszewski""},{""type"":""rally"",""score"":""7 : 8"",""speed"":""56.9 km/h"",""res"":""Punkt: K. Lisek""},{""type"":""tmo"",""score"":""6 : 8"",""txt"":""Czas dla: ""},{""type"":""rally"",""score"":""6 : 8"",""speed"":""46.5 km/h"",""res"":""Punkt: T. Sikorski""},{""type"":""tmo"",""score"":""6 : 7"",""txt"":""Czas dla: Bydgoszcz Baki""},{""type"":""rally"",""score"":""6 : 7"",""speed"":""41.3 km/h"",""res"":""Punkt: K. Lisek""},{""type"":""rally"",""score"":""5 : 7"",""speed"":""59.5 km/h"",""res"":""Punkt: K. Lisek""},{""type"":""rally"",""score"":""4 : 7"",""speed"":""61.7 km/h"",""res"":""Błąd: S. Pietrzak""},{""type"":""tmo"",""score"":""3 : 7"",""txt"":""Czas dla: KS Jastrzębie ""},{""type"":""rally"",""score"":""3 : 7"",""speed"":""46.8 km/h"",""res"":""Punkt: D. Przybyszewski""},{""type"":""rally"",""score"":""3 : 6"",""speed"":""63.6 km/h"",""res"":""Punkt: D. Dutra""},{""type"":""rally"",""score"":""3 : 5"",""speed"":""61.7 km/h"",""res"":""Punkt: D. Przybyszewski""},{""type"":""rally"",""score"":""3 : 4"",""speed"":""55.5 km/h"",""res"":""Punkt: K. Lisek""},{""type"":""rally"",""score"":""2 : 4"",""speed"":""49.6 km/h"",""res"":""Punkt: J. Teissedre""},{""type"":""rally"",""score"":""1 : 4"",""speed"":""46.8 km/h"",""res"":""Punkt: A. Barszczewski""},{""type"":""rally"",""score"":""1 : 3"",""speed"":""68.9 km/h"",""res"":""Punkt: T. Sikorski""},{""type"":""rally"",""score"":""1 : 2"",""speed"":""57.7 km/h"",""res"":""Punkt: J. Teissedre""},{""type"":""rally"",""score"":""0 : 2"",""speed"":""47.0 km/h"",""res"":""Punkt: M. Kronauer""},{""type"":""rally"",""score"":""0 : 1"",""speed"":""66.2 km/h"",""res"":""Punkt: M. Kronauer""}]},{""rallies"":[{""type"":""end"",""score"":""23 : 25"",""txt"":""Koniec seta 0 : 2""},{""type"":""end"",""score"":""23 : 25"",""txt"":""Koniec seta 0 : 2""},{""type"":""rally"",""score"":""23 : 25"",""speed"":""62.5 km/h"",""res"":""Punkt: R. Nooteboom""},{""type"":""rally"",""score"":""23 : 24"",""speed"":""60.8 km/h"",""res"":""Punkt: J. Teissedre""},{""type"":""rally"",""score"":""22 : 24"",""speed"":""51.1 km/h"",""res"":""Punkt: J. Teissedre""},{""type"":""rally"",""score"":""21 : 24"",""speed"":""62.1 km/h"",""res"":""Błąd: M. Czajkowski""},{""type"":""tmo"",""score"":""21 : 23"",""txt"":""Czas dla: KS Jastrzębie ""},{""type"":""rally"",""score"":""21 : 23"",""speed"":""61.2 km/h"",""res"":""Punkt: R. Nooteboom""},{""type"":""rally"",""score"":""21 : 22"",""speed"":""46.8 km/h"",""res"":""Punkt: D. Dutra""},{""type"":""rally"",""score"":""21 : 21"",""speed"":""-"",""res"":""Błąd: K. Lisek""},{""type"":""chg"",""score"":""21 : 20"",""txt"":""Zmiana: M. Czajkowski ⇄ P. Jura""},{""type"":""tmo"",""score"":""21 : 20"",""txt"":""Czas dla: Bydgoszcz Baki""},{""type"":""rally"",""score"":""21 : 20"",""speed"":""65.0 km/h"",""res"":""Punkt: P. Jura""},{""type"":""rally"",""score"":""20 : 20"",""speed"":""57.3 km/h"",""res"":""Punkt: P. Genadiev""},{""type"":""rally"",""score"":""19 : 20"",""speed"":""54.7 km/h"",""res"":""Punkt: K. Lisek""},{""type"":""rally"",""score"":""18 : 20"",""speed"":""57.8 km/h"",""res"":""Punkt: T. Sikorski""},{""type"":""rally"",""score"":""18 : 19"",""speed"":""47.7 km/h"",""res"":""Punkt: K. Lisek""},{""type"":""rally"",""score"":""17 : 19"",""speed"":""46.8 km/h"",""res"":""Punkt: T. Sikorski""},{""type"":""rally"",""score"":""17 : 18"",""speed"":""49.8 km/h"",""res"":""Punkt: K. Lisek""},{""type"":""chg"",""score"":""16 : 18"",""txt"":""Zmiana: G. Tullini ⇄ G. Di Liberto""},{""type"":""rally"",""score"":""16 : 18"",""speed"":""48.0 km/h"",""res"":""Punkt: K. Cierpka""},{""type"":""rally"",""score"":""16 : 17"",""speed"":""55.1 km/h"",""res"":""Punkt: T. Hajrović""},{""type"":""rally"",""score"":""16 : 16"",""speed"":""60.1 km/h"",""res"":""Punkt: F. Tartaglione""},{""type"":""tmo"",""score"":""15 : 16"",""txt"":""Czas dla: ""},{""type"":""rally"",""score"":""15 : 16"",""speed"":""50.5 km/h"",""res"":""Punkt: T. Sikorski""},{""type"":""rally"",""score"":""15 : 15"",""speed"":""56.1 km/h"",""res"":""Punkt: T. Hajrović""},{""type"":""rally"",""score"":""15 : 14"",""speed"":""46.9 km/h"",""res"":""Punkt: J. Teissedre""},{""type"":""rally"",""score"":""14 : 14"",""speed"":""-"",""res"":""Błąd: G. Di Liberto""},{""type"":""tmo"",""score"":""14 : 13"",""txt"":""Czas dla: Bydgoszcz Baki""},{""type"":""rally"",""score"":""14 : 13"",""speed"":""47.2 km/h"",""res"":""Punkt: J. Teissedre""},{""type"":""rally"",""score"":""13 : 13"",""speed"":""-"",""res"":""Błąd: K. Cierpka""},{""type"":""rally"",""score"":""12 : 13"",""speed"":""68.0 km/h"",""res"":""Błąd: J. Teissedre""},{""type"":""rally"",""score"":""12 : 12"",""speed"":""47.3 km/h"",""res"":""Punkt: K. Lisek""},{""type"":""rally"",""score"":""11 : 12"",""speed"":""45.8 km/h"",""res"":""Punkt: T. Hajrović""},{""type"":""rally"",""score"":""11 : 11"",""speed"":""64.4 km/h"",""res"":""Punkt: K. Cierpka""},{""type"":""rally"",""score"":""11 : 10"",""speed"":""43.8 km/h"",""res"":""Punkt: K. Lisek""},{""type"":""rally"",""score"":""10 : 10"",""speed"":""45.8 km/h"",""res"":""Punkt: K. Cierpka""},{""type"":""rally"",""score"":""10 : 9"",""speed"":""43.2 km/h"",""res"":""Punkt: K. Lisek""},{""type"":""rally"",""score"":""9 : 9"",""speed"":""55.4 km/h"",""res"":""Punkt: T. Nowak""},{""type"":""rally"",""score"":""9 : 8"",""speed"":""47.3 km/h"",""res"":""Punkt: J. Teissedre""},{""type"":""rally"",""score"":""8 : 8"",""speed"":""62.7 km/h"",""res"":""Punkt: T. Nowak""},{""type"":""tmo"",""score"":""8 : 7"",""txt"":""Czas dla: ""},{""type"":""rally"",""score"":""8 : 7"",""speed"":""49.2 km/h"",""res"":""Punkt: J. Teissedre""},{""type"":""rally"",""score"":""7 : 7"",""speed"":""-"",""res"":""Błąd: G. Di Liberto""},{""type"":""rally"",""score"":""7 : 6"",""speed"":""42.1 km/h"",""res"":""Punkt: P. Genadiev""},{""type"":""rally"",""score"":""6 : 6"",""speed"":""-"",""res"":""Błąd: K. Cierpka""},{""type"":""rally"",""score"":""5 : 6"",""speed"":""42.0 km/h"",""res"":""Punkt: T. Hajrović""},{""type"":""rally"",""score"":""5 : 5"",""speed"":""47.2 km/h"",""res"":""Punkt: K. Lisek""},{""type"":""rally"",""score"":""4 : 5"",""speed"":""67.2 km/h"",""res"":""Punkt: T. Sikorski""},{""type"":""rally"",""score"":""4 : 4"",""speed"":""43.3 km/h"",""res"":""Punkt: J. Teissedre""},{""type"":""rally"",""score"":""3 : 4"",""speed"":""53.0 km/h"",""res"":""Punkt: D. Dutra""},{""type"":""rally"",""score"":""3 : 3"",""speed"":""56.9 km/h"",""res"":""Punkt: T. Hajrović""},{""type"":""rally"",""score"":""3 : 2"",""speed"":""-"",""res"":""Błąd: R. Nooteboom""},{""type"":""rally"",""score"":""2 : 2"",""speed"":""42.6 km/h"",""res"":""Punkt: T. Sikorski""},{""type"":""rally"",""score"":""2 : 1"",""speed"":""57.0 km/h"",""res"":""Punkt: P. Genadiev""},{""type"":""rally"",""score"":""1 : 1"",""speed"":""48.4 km/h"",""res"":""Punkt: T. Sikorski""},{""type"":""chg"",""score"":""1 : 0"",""txt"":""Zmiana: R. Nooteboom ⇄ M. Kronauer""},{""type"":""chg"",""score"":""1 : 0"",""txt"":""Zmiana: T. Nowak ⇄ A. Barszczewski""},{""type"":""chg"",""score"":""1 : 0"",""txt"":""Zmiana: K. Cierpka ⇄ D. Przybyszewski""},{""type"":""chg"",""score"":""1 : 0"",""txt"":""Zmiana: P. Genadiev ⇄ M. Tingsheng""},{""type"":""rally"",""score"":""1 : 0"",""speed"":""42.1 km/h"",""res"":""Punkt: J. Teissedre""}]},{""rallies"":[{""type"":""end"",""score"":""21 : 25"",""txt"":""Koniec seta 0 : 3""},{""type"":""end"",""score"":""21 : 25"",""txt"":""Koniec seta 0 : 3""},{""type"":""rally"",""score"":""21 : 25"",""speed"":""55.0 km/h"",""res"":""Punkt: A. Barszczewski""},{""type"":""rally"",""score"":""21 : 24"",""speed"":""57.0 km/h"",""res"":""Punkt: M. Czajkowski""},{""type"":""rally"",""score"":""20 : 24"",""speed"":""61.9 km/h"",""res"":""Punkt: J. Teissedre""},{""type"":""rally"",""score"":""19 : 24"",""speed"":""61.0 km/h"",""res"":""Punkt: R. Nooteboom""},{""type"":""rally"",""score"":""19 : 23"",""speed"":""57.7 km/h"",""res"":""Punkt: R. Nooteboom""},{""type"":""rally"",""score"":""19 : 22"",""speed"":""59.6 km/h"",""res"":""Błąd: L. Tolkki""},{""type"":""rally"",""score"":""19 : 21"",""speed"":""47.3 km/h"",""res"":""Punkt: L. Tolkki""},{""type"":""chg"",""score"":""18 : 21"",""txt"":""Zmiana: M. Czajkowski ⇄ P. Jura""},{""type"":""rally"",""score"":""18 : 21"",""speed"":""52.5 km/h"",""res"":""Punkt: R. Nooteboom""},{""type"":""chg"",""score"":""18 : 20"",""txt"":""Zmiana: L. Tolkki ⇄ M. Tingsheng""},{""type"":""rally"",""score"":""18 : 20"",""speed"":""52.1 km/h"",""res"":""Punkt: R. Nooteboom""},{""type"":""rally"",""score"":""18 : 19"",""speed"":""70.5 km/h"",""res"":""Błąd: J. Teissedre""},{""type"":""rally"",""score"":""18 : 18"",""speed"":""70.5 km/h"",""res"":""Punkt: F. Tartaglione""},{""type"":""rally"",""score"":""17 : 18"",""speed"":""52.1 km/h"",""res"":""Punkt: K. Lisek""},{""type"":""chg"",""score"":""16 : 18"",""txt"":""Zmiana: G. Tullini ⇄ G. Di Liberto""},{""type"":""rally"",""score"":""16 : 18"",""speed"":""68.3 km/h"",""res"":""Punkt: K. Cierpka""},{""type"":""rally"",""score"":""16 : 17"",""speed"":""57.1 km/h"",""res"":""Punkt: K. Lisek""},{""type"":""rally"",""score"":""15 : 17"",""speed"":""57.1 km/h"",""res"":""Punkt: D. Dutra""},{""type"":""rally"",""score"":""15 : 16"",""speed"":""52.8 km/h"",""res"":""Punkt: K. Lisek""},{""type"":""tmo"",""score"":""14 : 16"",""txt"":""Czas dla: ""},{""type"":""rally"",""score"":""14 : 16"",""speed"":""52.7 km/h"",""res"":""Punkt: K. Cierpka""},{""type"":""rally"",""score"":""14 : 15"",""speed"":""47.9 km/h"",""res"":""Punkt: J. Teissedre""},{""type"":""rally"",""score"":""13 : 15"",""speed"":""42.9 km/h"",""res"":""Błąd: M. Tingsheng""},{""type"":""chg"",""score"":""13 : 14"",""txt"":""Zmiana: J. Teissedre ⇄ S. Defoe""},{""type"":""rally"",""score"":""13 : 14"",""speed"":""48.1 km/h"",""res"":""Błąd: R. Nooteboom""},{""type"":""rally"",""score"":""12 : 14"",""speed"":""-"",""res"":""Błąd: T. Hajrović""},{""type"":""rally"",""score"":""11 : 14"",""speed"":""60.6 km/h"",""res"":""Punkt: R. Nooteboom""},{""type"":""tmo"",""score"":""11 : 13"",""txt"":""Czas dla: Bydgoszcz Baki""},{""type"":""rally"",""score"":""11 : 13"",""speed"":""55.4 km/h"",""res"":""Punkt: M. Tingsheng""},{""type"":""rally"",""score"":""10 : 13"",""speed"":""46.5 km/h"",""res"":""Punkt: M. Tingsheng""},{""type"":""rally"",""score"":""9 : 13"",""speed"":""44.3 km/h"",""res"":""Punkt: R. Nooteboom""},{""type"":""rally"",""score"":""9 : 12"",""speed"":""-"",""res"":""Błąd: K. Cierpka""},{""type"":""rally"",""score"":""8 : 12"",""speed"":""48.3 km/h"",""res"":""Punkt: K. Cierpka""},{""type"":""rally"",""score"":""8 : 11"",""speed"":""50.8 km/h"",""res"":""Punkt: K. Lisek""},{""type"":""rally"",""score"":""7 : 11"",""speed"":""60.9 km/h"",""res"":""Punkt: T. Hajrović""},{""type"":""chg"",""score"":""7 : 10"",""txt"":""Zmiana: S. Defoe ⇄ J. Teissedre""},{""type"":""rally"",""score"":""7 : 10"",""speed"":""58.7 km/h"",""res"":""Punkt: A. Barszczewski""},{""type"":""rally"",""score"":""7 : 9"",""speed"":""56.5 km/h"",""res"":""Punkt: G. Di Liberto""},{""type"":""rally"",""score"":""6 : 9"",""speed"":""60.3 km/h"",""res"":""Punkt: J. Teissedre""},{""type"":""tmo"",""score"":""5 : 9"",""txt"":""Czas dla: KS Jastrzębie ""},{""type"":""rally"",""score"":""5 : 9"",""speed"":""44.1 km/h"",""res"":""Punkt: K. Cierpka""},{""type"":""tmo"",""score"":""5 : 8"",""txt"":""Czas dla: ""},{""type"":""rally"",""score"":""5 : 8"",""speed"":""47.3 km/h"",""res"":""Punkt: A. Barszczewski""},{""type"":""rally"",""score"":""5 : 7"",""speed"":""49.5 km/h"",""res"":""Punkt: A. Barszczewski""},{""type"":""rally"",""score"":""5 : 6"",""speed"":""46.6 km/h"",""res"":""Punkt: A. Lanhoso""},{""type"":""rally"",""score"":""5 : 5"",""speed"":""43.8 km/h"",""res"":""Punkt: J. Teissedre""},{""type"":""rally"",""score"":""4 : 5"",""speed"":""45.2 km/h"",""res"":""Punkt: M. Tingsheng""},{""type"":""rally"",""score"":""3 : 5"",""speed"":""49.0 km/h"",""res"":""Punkt: R. Nooteboom""},{""type"":""rally"",""score"":""3 : 4"",""speed"":""48.4 km/h"",""res"":""Błąd: R. Nooteboom""},{""type"":""rally"",""score"":""2 : 4"",""speed"":""49.1 km/h"",""res"":""Punkt: M. Tingsheng""},{""type"":""rally"",""score"":""1 : 4"",""speed"":""61.3 km/h"",""res"":""Błąd: J. Teissedre""},{""type"":""rally"",""score"":""1 : 3"",""speed"":""49.5 km/h"",""res"":""Punkt: R. Nooteboom""},{""type"":""rally"",""score"":""1 : 2"",""speed"":""49.3 km/h"",""res"":""Punkt: T. Hajrović""},{""type"":""rally"",""score"":""1 : 1"",""speed"":""43.7 km/h"",""res"":""Punkt: R. Nooteboom""},{""type"":""chg"",""score"":""1 : 0"",""txt"":""Zmiana: R. Nooteboom ⇄ M. Kronauer""},{""type"":""chg"",""score"":""1 : 0"",""txt"":""Zmiana: K. Cierpka ⇄ D. Przybyszewski""},{""type"":""chg"",""score"":""1 : 0"",""txt"":""Zmiana: A. Lanhoso ⇄ T. Sikorski""},{""type"":""rally"",""score"":""1 : 0"",""speed"":""50.3 km/h"",""res"":""Błąd: M. Kronauer""}]}]}","2","4","2","5","0","0","14","26","1","0","12","1","0","2","66.2","51.9","0","0","0","0","0","0","0","0","0","0","0","0","0","0","0","0","0","0","0","0","0","0","0","0","0","0","0","0","0","0","32","13","6","3","23","77","0","0","0","0","0","0","0","0","0","0","0","4","0","2","0","2","0","3","27","23","25","0","0","bulk-1.27-teamid-from-league-list","0","0","0"
"3.6","KS Jastrzębie vs Bydgoszcz Baki 0:3","1216016","2026-09-05 17:00","HSW Jastrzębie Zdrój","KS Jastrzębie","130545","Jura, Przemysław","1974516","3","0","11","0","0","68.9","6","2","3","50","17","23","11","6","12","7","57","23","1","96","12","52","0","9","37","0","0","0","0","0","0","0","22.2","","5","7","2","5","0","0","9","37","0","0","8","0","0","1","68.9","52.1","0","0","0","0","0","0","0","0","2","0","0","2","1","0","0","1","0","2","0","0","0","0","0","0","1","0","0","0","1","2","0","0","0","0","0","0","2","8","7","5","22","6","2","1","1","2","0","7","3","1","0","3","0","3","23","13","14","0","0","bulk-1.27-teamid-from-league-list","0","0","0"
"3.6","KS Jastrzębie vs Bydgoszcz Baki 0:3","1216016","2026-09-05 17:00","HSW Jastrzębie Zdrój","KS Jastrzębie","130545","Tingsheng, Mao","1949331","9","7","6","0","0","61.7","18","2","8","44","33","2","0","0","2","2","100","0","0","0","0","0","1","17","33","0","0","0","0","0","0","0","23.4","","1","1","0","0","1","1","17","33","1","0","16","0","0","1","61.7","51.1","0","0","0","0","2","2","1","0","0","0","1","2","0","0","0","0","0","0","6","1","1","1","5","14","0","0","0","0","0","0","0","0","0","0","0","0","0","0","0","0","0","0","0","0","0","0","0","2","1","1","0","0","0","2","11","0","10","0","0","bulk-1.27-teamid-from-league-list","0","0","0"
"3.6","KS Jastrzębie vs Bydgoszcz Baki 0:3","1216016","2026-09-05 17:00","HSW Jastrzębie Zdrój","KS Jastrzębie","130545","Teissedre, Jean-Paul","1928640","16","8","10","1","0","59.5","37","7","16","43","24","14","7","1","7","2","21","0","0","0","0","0","0","3","48","0","0","0","0","0","0","0","26.9","","1","4","0","2","1","1","3","48","0","0","3","0","0","0","59.5","52.1","0","1","0","0","5","6","0","0","0","0","0","0","12","1","4","2","9","28","0","0","0","0","0","0","2","1","0","0","0","3","0","0","0","0","0","0","0","0","0","0","0","1","0","0","0","0","1","2","1","1","0","0","0","3","13","18","18","0","0","bulk-1.27-teamid-from-league-list","0","0","0"
"3.6","KS Jastrzębie vs Bydgoszcz Baki 0:3","1216016","2026-09-05 17:00","HSW Jastrzębie Zdrój","KS Jastrzębie","130545","Tartaglione, Fabiano","1950195","6","3","7","0","0","68.3","12","3","6","50","25","17","11","5","6","4","53","25","0","100","14","56","0","5","52","0","0","0","0","0","0","0","33.7","","2","2","1","3","1","1","5","52","0","0","4","0","0","1","68.3","58.3","0","0","0","0","0","0","0","0","1","1","0","2","1","0","1","2","1","5","0","0","0","0","0","0","1","0","1","1","2","5","0","0","0","0","0","0","3","8","11","3","25","5","3","1","0","1","0","4","1","2","1","0","0","3","15","19","18","0","0","bulk-1.27-teamid-from-league-list","0","0","0"
"3.6","KS Jastrzębie vs Bydgoszcz Baki 0:3","1216016","2026-09-05 17:00","HSW Jastrzębie Zdrój","KS Jastrzębie","130545","Lisek, Krzysztof","1927361","20","12","11","2","0","70.5","34","6","18","53","35","7","2","1","5","1","29","0","0","0","0","0","2","23","45","0","0","0","0","0","0","0","39.2","","1","1","0","4","0","0","23","45","1","1","20","1","0","3","70.5","56.8","0","0","0","0","2","2","1","0","3","0","0","4","0","0","0","0","0","0","16","0","3","1","8","28","0","0","0","0","0","0","0","0","0","0","0","0","0","0","0","0","0","1","0","0","0","0","1","1","0","0","1","0","0","3","15","15","13","0","0","bulk-1.27-teamid-from-league-list","0","0","0"
"3.6","KS Jastrzębie vs Bydgoszcz Baki 0:3","1216016","2026-09-05 17:00","HSW Jastrzębie Zdrój","KS Jastrzębie","130545","Mladenov, Krum","1950610","0","0","0","0","0","0","0","0","0","0","0","25","18","10","7","5","60","13","0","100","2","15","0","0","0","0","2","4","0","1","0","3","16","","2","2","3","5","0","0","0","0","0","0","0","0","0","0","0","0","0","0","0","0","0","0","0","0","0","0","0","0","0","0","0","0","0","0","0","0","0","0","0","0","0","0","0","0","0","0","0","2","0","0","2","4","0","4","4","5","13","10","3","2","1","4","0","5","2","0","0","2","1","3","9","11","12","0","0","bulk-1.27-teamid-from-league-list","0","0","0"
"3.6","KS Jastrzębie vs Bydgoszcz Baki 0:3","1216016","2026-09-05 17:00","HSW Jastrzębie Zdrój","KS Jastrzębie","130545","Czajkowski, Maciej","2088034","2","0","2","0","1","55","3","2","1","33","-33","2","1","1","1","1","100","7","0","100","2","29","0","5","9","0","0","0","0","0","0","0","6.8","","0","0","1","1","0","0","5","9","0","0","4","0","0","1","57","56","0","0","0","0","0","0","0","0","1","0","0","1","0","1","0","0","0","1","0","0","0","0","0","0","1","0","0","0","0","1","0","0","0","0","0","0","3","1","2","1","7","1","0","0","0","1","0","1","0","1","0","0","0","3","3","3","5","0","0","bulk-1.27-teamid-from-league-list","0","0","0"
"3.6","KS Jastrzębie vs Bydgoszcz Baki 0:3","1216016","2026-09-05 17:00","HSW Jastrzębie Zdrój","KS Jastrzębie","130545","Defoe, Simon","2088132","0","-1","0","0","0","0","1","1","0","0","-100","5","2","0","3","2","40","0","0","0","0","0","0","2","8","0","0","0","0","0","0","0","-0.7","","2","2","0","1","0","0","2","8","0","0","2","0","0","0","0","0","0","0","1","0","0","1","0","0","0","0","0","0","0","0","0","0","0","0","0","0","0","0","0","0","0","0","0","0","0","0","0","0","0","0","0","0","0","0","0","0","0","0","0","0","0","0","0","2","1","0","0","1","0","2","3","0","1","0","0","bulk-1.27-teamid-from-league-list","0","0","0"
"3.6","KS Jastrzębie vs Bydgoszcz Baki 0:3","1216016","2026-09-05 17:00","HSW Jastrzębie Zdrój","KS Jastrzębie","130545","Genadiev, Pavel","1709967","3","2","3","0","0","55.4","3","1","1","33","0","3","1","0","2","0","0","0","0","0","0","0","2","12","14","0","0","0","0","0","0","0","6.5","","0","1","0","1","0","0","12","14","2","0","12","0","0","0","55.4","51","0","0","1","0","0","1","0","0","0","0","0","0","0","0","0","0","0","0","1","0","0","0","1","2","0","0","0","0","0","0","0","0","0","0","0","0","0","0","0","0","0","0","0","0","0","0","0","0","0","0","0","0","0","1","0","7","0","0","0","bulk-1.27-teamid-from-league-list","0","0","0"
"3.6","KS Jastrzębie vs Bydgoszcz Baki 0:3","1216016","2026-09-05 17:00","HSW Jastrzębie Zdrój","KS Jastrzębie","130545","Tullini, Giancarlo","1951029","0","0","4","0","0","62.5","0","0","0","0","0","2","2","0","0","0","0","0","0","0","0","0","0","5","16","14","4","38","4","12","16","6","0","","0","0","0","0","0","0","5","16","0","0","5","0","0","0","62.5","61","0","0","0","0","0","0","0","0","0","0","0","0","0","0","0","0","0","0","0","0","0","0","0","0","0","0","0","0","0","0","14","4","4","3","13","38","0","0","0","0","0","0","0","0","0","0","0","0","0","0","0","0","0","3","9","11","11","0","0","bulk-1.27-teamid-from-league-list","0","0","0"
"3.6","KS Jastrzębie vs Bydgoszcz Baki 0:3","1216016","2026-09-05 17:00","HSW Jastrzębie Zdrój","KS Jastrzębie","130545","Tolkki, Lars","2003972","4","3","0","0","0","0","5","1","3","60","40","0","0","0","0","0","0","0","0","0","0","0","1","3","6","0","0","0","0","0","0","0","7.5","","0","0","0","0","0","0","3","6","0","0","2","1","0","1","0","0","0","0","0","0","0","0","0","0","0","0","0","0","0","0","0","0","0","0","2","1","0","1","1","5","0","0","0","0","0","0","0","0","0","0","0","0","0","0","0","0","0","0","0","0","0","0","0","0","0","0","0","0","0","2","1","0","5","0","0","bulk-1.27-teamid-from-league-list","0","0","0"
"3.6","KS Jastrzębie vs Bydgoszcz Baki 0:3","1216016","2026-09-05 17:00","HSW Jastrzębie Zdrój","Bydgoszcz Baki","128616","Dutra, Dalton","1744962","5","5","9","0","0","56.7","0","0","0","0","0","13","12","2","1","0","15","0","0","0","0","0","5","29","65","44","8","96","30","46","12","8","16.6","","0","0","0","1","0","0","29","65","5","3","29","0","0","0","56.7","49.3","0","0","0","0","0","0","0","0","0","0","0","0","0","0","0","0","0","0","0","0","0","0","0","0","0","0","0","0","0","0","44","8","1","4","39","96","0","0","0","0","0","2","2","0","0","0","0","0","0","0","0","0","0","3","30","30","33","0","0","bulk-1.27-teamid-from-league-list","0","0","0"
"3.6","KS Jastrzębie vs Bydgoszcz Baki 0:3","1216016","2026-09-05 17:00","HSW Jastrzębie Zdrój","Bydgoszcz Baki","128616","Hajrović, Tarik","1929443","10","7","16","1","1","65.6","8","1","4","50","38","12","8","3","4","3","50","4","1","75","2","50","5","32","55","0","0","0","0","0","0","0","27.1","","3","3","0","1","0","0","32","55","5","0","30","0","0","2","65.6","55.7","0","0","0","0","1","1","1","0","1","0","0","2","0","0","0","0","1","1","0","0","0","0","0","0","2","0","0","1","1","4","0","0","0","0","0","0","1","0","1","1","3","3","1","0","1","0","1","3","2","1","0","0","0","3","13","12","16","0","0","bulk-1.27-teamid-from-league-list","0","0","0"
"3.6","KS Jastrzębie vs Bydgoszcz Baki 0:3","1216016","2026-09-05 17:00","HSW Jastrzębie Zdrój","Bydgoszcz Baki","128616","Kronauer, Marc","1686161","7","6","4","0","0","54.2","9","1","6","67","56","1","1","0","0","0","0","0","0","0","0","0","1","14","20","0","0","1","0","0","0","1","13.5","","0","0","0","0","0","0","14","20","1","0","12","0","0","2","54.2","49.2","0","0","0","0","0","0","0","0","0","0","1","1","0","0","0","0","0","0","6","1","0","0","1","8","0","0","0","0","0","0","0","0","0","0","1","1","0","0","0","0","0","0","0","0","0","0","0","0","0","0","0","0","0","2","12","0","1","0","0","bulk-1.27-teamid-from-league-list","0","0","0"
"3.6","KS Jastrzębie vs Bydgoszcz Baki 0:3","1216016","2026-09-05 17:00","HSW Jastrzębie Zdrój","Bydgoszcz Baki","128616","Barszczewski, Andrzej","1950933","8","7","11","0","0","63.6","16","1","6","38","31","14","12","5","2","1","43","0","0","0","0","0","2","21","43","0","0","0","0","0","0","0","27.1","","1","1","0","1","0","0","21","43","1","3","17","1","0","4","63.6","52.7","3","0","1","0","4","8","0","0","0","0","0","0","1","0","0","0","2","3","0","0","0","0","0","0","2","0","0","0","3","5","0","0","0","0","0","0","0","0","0","0","0","5","1","2","0","0","2","1","0","0","0","1","0","2","15","0","16","0","0","bulk-1.27-teamid-from-league-list","0","0","0"
"3.6","KS Jastrzębie vs Bydgoszcz Baki 0:3","1216016","2026-09-05 17:00","HSW Jastrzębie Zdrój","Bydgoszcz Baki","128616","Sikorski, Tymon","1974487","9","8","8","0","0","56.9","15","1","6","40","33","13","9","4","4","3","54","31","0","100","17","55","3","21","39","0","0","0","0","0","0","0","49.7","","2","2","1","2","0","0","21","39","3","0","21","0","0","0","56.9","47.8","3","0","0","0","6","9","0","0","0","0","0","0","2","1","0","0","2","5","0","0","0","0","0","0","1","0","0","0","0","1","0","0","0","0","0","0","6","20","2","3","31","4","1","1","1","0","1","3","2","0","0","1","0","3","26","26","1","0","0","bulk-1.27-teamid-from-league-list","0","0","0"
"3.6","KS Jastrzębie vs Bydgoszcz Baki 0:3","1216016","2026-09-05 17:00","HSW Jastrzębie Zdrój","Bydgoszcz Baki","128616","Przybyszewski, Daniel","1928950","6","6","4","0","0","60.9","7","0","6","86","86","0","0","0","0","0","0","0","0","0","0","0","0","19","25","0","0","0","0","0","0","0","12","","0","0","0","0","0","0","19","25","0","2","17","0","1","2","60.9","51.9","1","0","0","0","0","1","0","0","0","0","0","0","0","0","0","0","0","0","5","0","0","0","1","6","0","0","0","0","0","0","0","0","0","0","0","0","0","0","0","0","0","0","0","0","0","0","0","0","0","0","0","0","0","1","12","0","0","0","0","bulk-1.27-teamid-from-league-list","0","0","0"
"3.6","KS Jastrzębie vs Bydgoszcz Baki 0:3","1216016","2026-09-05 17:00","HSW Jastrzębie Zdrój","Bydgoszcz Baki","128616","Pietrzak, Sebastian","1724779","0","0","0","0","0","0","0","0","0","0","0","29","26","14","3","2","55","7","0","100","4","57","0","0","0","1","0","1","0","1","0","0","16.4","","1","1","0","0","1","2","0","0","0","0","0","0","0","0","0","0","0","0","0","0","0","0","0","0","0","0","0","0","0","0","0","0","0","0","0","0","0","0","0","0","0","0","0","0","0","0","1","0","0","0","0","1","3","4","0","0","7","14","7","1","2","3","1","2","0","0","0","2","0","3","10","12","11","0","0","bulk-1.27-teamid-from-league-list","0","0","0"
"3.6","KS Jastrzębie vs Bydgoszcz Baki 0:3","1216016","2026-09-05 17:00","HSW Jastrzębie Zdrój","Bydgoszcz Baki","128616","Nooteboom, Rolf","1975898","11","6","6","1","0","49.8","22","4","10","45","27","2","2","0","0","0","0","0","0","0","0","0","1","29","37","0","0","0","0","0","0","0","21.4","","0","0","0","0","0","0","29","37","1","0","27","0","0","2","49.8","46.8","0","0","1","0","3","4","0","0","0","0","0","0","0","0","0","0","0","0","10","2","1","0","5","18","0","0","0","0","0","0","0","0","0","0","0","0","0","0","0","0","0","0","0","0","0","0","0","0","0","0","0","0","0","2","0","10","17","0","0","bulk-1.27-teamid-from-league-list","0","0","0"
"3.6","KS Jastrzębie vs Bydgoszcz Baki 0:3","1216016","2026-09-05 17:00","HSW Jastrzębie Zdrój","Bydgoszcz Baki","128616","Nowak, Tomasz","2113220","2","2","4","0","0","53","2","0","2","100","100","4","2","0","2","1","25","0","0","0","0","0","0","5","11","0","0","0","0","0","0","0","4.4","","1","1","0","1","0","0","5","11","0","0","5","0","0","0","53","47","1","0","0","0","0","1","0","0","0","0","0","0","1","0","0","0","0","1","0","0","0","0","0","0","0","0","0","0","0","0","0","0","0","0","0","0","0","0","0","0","0","0","0","0","0","0","0","1","0","0","0","0","1","1","0","8","0","0","0","bulk-1.27-teamid-from-league-list","0","0","0"
"3.6","KS Jastrzębie vs Bydgoszcz Baki 0:3","1216016","2026-09-05 17:00","HSW Jastrzębie Zdrój","Bydgoszcz Baki","128616","Lanhoso, António","1903750","1","0","3","0","0","60.9","4","1","0","0","-25","3","2","1","1","1","67","17","0","100","7","41","1","15","25","0","0","0","0","0","0","0","12.3","","1","1","0","0","0","0","15","25","1","0","14","0","0","1","60.9","56.3","0","0","0","0","0","0","0","0","1","0","1","2","0","0","0","0","0","0","0","0","0","0","0","0","0","0","0","0","2","2","0","0","0","0","0","0","9","6","0","2","17","1","1","0","0","0","0","1","0","0","0","0","1","1","0","0","23","0","0","bulk-1.27-teamid-from-league-list","0","0","0"
"3.6","KS Jastrzębie vs Bydgoszcz Baki 0:3","1216016","2026-09-05 17:00","HSW Jastrzębie Zdrój","Bydgoszcz Baki","128616","Cierpka, Krzysztof","2003956","7","1","8","3","0","62.1","15","3","6","40","20","1","1","0","0","0","0","0","0","0","0","0","1","26","37","0","0","0","0","0","0","0","11.5","","0","0","0","0","0","0","26","37","1","1","24","0","0","2","62.1","54.7","0","0","0","0","2","2","0","0","2","0","0","2","0","0","0","0","0","0","6","0","1","0","4","11","0","0","0","0","0","0","0","0","0","0","0","0","0","0","0","0","0","0","0","0","0","0","0","0","0","0","0","0","0","2","0","14","11","0","0","bulk-1.27-teamid-from-league-list","0","0","0"
"3.6","Black Smoke vs Projekt Słomin 1:3","1216017","2026-09-05 17:00","The Others Arena","Black Smoke","137347","Van Brussel, Rik","2003215","0","0","12","0","0","53.2","0","0","0","0","0","21","17","7","4","1","38","0","0","0","0","0","0","9","61","47","23","136","26","54","37","19","6","{""sets"":[{""h"":18,""a"":25},{""h"":25,""a"":21},{""h"":18,""a"":25},{""h"":9,""a"":25}],""parsedSets"":[{""rallies"":[{""type"":""end"",""score"":""18 : 25"",""txt"":""Koniec seta 0 : 1""},{""type"":""end"",""score"":""18 : 25"",""txt"":""Koniec seta 0 : 1""},{""type"":""rally"",""score"":""18 : 25"",""speed"":""42.4 km/h"",""res"":""Punkt: M. Górka""},{""type"":""rally"",""score"":""18 : 24"",""speed"":""47.7 km/h"",""res"":""Punkt: G. Lucena""},{""type"":""rally"",""score"":""17 : 24"",""speed"":""57.1 km/h"",""res"":""Punkt: M. Ołubiec""},{""type"":""rally"",""score"":""17 : 23"",""speed"":""53.3 km/h"",""res"":""Punkt: M. Górka""},{""type"":""rally"",""score"":""17 : 22"",""speed"":""47.4 km/h"",""res"":""Punkt: M. Ołubiec""},{""type"":""rally"",""score"":""17 : 21"",""speed"":""53.6 km/h"",""res"":""Punkt: E. Roma""},{""type"":""rally"",""score"":""16 : 21"",""speed"":""44.0 km/h"",""res"":""Punkt: M. Górka""},{""type"":""rally"",""score"":""16 : 20"",""speed"":""-"",""res"":""Błąd: P. Gajda""},{""type"":""rally"",""score"":""15 : 20"",""speed"":""56.1 km/h"",""res"":""Punkt: M. Ołubiec""},{""type"":""rally"",""score"":""15 : 19"",""speed"":""58.3 km/h"",""res"":""Punkt: P. Gajda""},{""type"":""rally"",""score"":""15 : 18"",""speed"":""61.2 km/h"",""res"":""Punkt: J. Stanfield""},{""type"":""rally"",""score"":""14 : 18"",""speed"":""52.0 km/h"",""res"":""Punkt: J. Stanfield""},{""type"":""rally"",""score"":""13 : 18"",""speed"":""48.6 km/h"",""res"":""Punkt: P. Gajda""},{""type"":""rally"",""score"":""13 : 17"",""speed"":""42.3 km/h"",""res"":""Punkt: J. Stanfield""},{""type"":""rally"",""score"":""12 : 17"",""speed"":""48.8 km/h"",""res"":""Punkt: P. Gajda""},{""type"":""tmo"",""score"":""12 : 16"",""txt"":""Czas dla: ""},{""type"":""rally"",""score"":""12 : 16"",""speed"":""54.5 km/h"",""res"":""Punkt: B. Laurent""},{""type"":""rally"",""score"":""12 : 15"",""speed"":""46.5 km/h"",""res"":""Punkt: G. Lucena""},{""type"":""rally"",""score"":""11 : 15"",""speed"":""62.9 km/h"",""res"":""Punkt: M. Górka""},{""type"":""rally"",""score"":""11 : 14"",""speed"":""45.4 km/h"",""res"":""Błąd: M. Górka""},{""type"":""rally"",""score"":""10 : 14"",""speed"":""51.7 km/h"",""res"":""Punkt: G. Lucena""},{""type"":""rally"",""score"":""9 : 14"",""speed"":""53.2 km/h"",""res"":""Punkt: M. Górka""},{""type"":""rally"",""score"":""9 : 13"",""speed"":""41.9 km/h"",""res"":""Punkt: G. Lucena""},{""type"":""rally"",""score"":""8 : 13"",""speed"":""41.7 km/h"",""res"":""Błąd: P. Foietta""},{""type"":""rally"",""score"":""7 : 13"",""speed"":""44.3 km/h"",""res"":""Punkt: M. Górka""},{""type"":""rally"",""score"":""7 : 12"",""speed"":""60.3 km/h"",""res"":""Punkt: J. Stanfield""},{""type"":""rally"",""score"":""6 : 12"",""speed"":""64.3 km/h"",""res"":""Punkt: B. Laurent""},{""type"":""rally"",""score"":""6 : 11"",""speed"":""59.5 km/h"",""res"":""Błąd: B. Laurent""},{""type"":""rally"",""score"":""5 : 11"",""speed"":""-"",""res"":""Błąd: P. Foietta""},{""type"":""rally"",""score"":""4 : 11"",""speed"":""52.2 km/h"",""res"":""Punkt: P. Gajda""},{""type"":""rally"",""score"":""4 : 10"",""speed"":""49.8 km/h"",""res"":""Punkt: J. Stanfield""},{""type"":""rally"",""score"":""3 : 10"",""speed"":""54.2 km/h"",""res"":""Punkt: B. Laurent""},{""type"":""rally"",""score"":""3 : 9"",""speed"":""52.0 km/h"",""res"":""Błąd: P. Foietta""},{""type"":""rally"",""score"":""2 : 9"",""speed"":""47.5 km/h"",""res"":""Punkt: G. Lucena""},{""type"":""rally"",""score"":""1 : 9"",""speed"":""60.5 km/h"",""res"":""Punkt: P. Foietta""},{""type"":""rally"",""score"":""1 : 8"",""speed"":""51.4 km/h"",""res"":""Punkt: G. Lucena""},{""type"":""tmo"",""score"":""0 : 8"",""txt"":""Czas dla: ""},{""type"":""rally"",""score"":""0 : 8"",""speed"":""41.7 km/h"",""res"":""Punkt: M. Górka""},{""type"":""rally"",""score"":""0 : 7"",""speed"":""49.7 km/h"",""res"":""Błąd: J. Nagel""},{""type"":""rally"",""score"":""0 : 6"",""speed"":""47.8 km/h"",""res"":""Punkt: B. Laurent""},{""type"":""rally"",""score"":""0 : 5"",""speed"":""42.1 km/h"",""res"":""Punkt: M. Górka""},{""type"":""rally"",""score"":""0 : 4"",""speed"":""51.7 km/h"",""res"":""Punkt: M. Górka""},{""type"":""tmo"",""score"":""0 : 3"",""txt"":""Czas dla: Black Smoke""},{""type"":""rally"",""score"":""0 : 3"",""speed"":""47.0 km/h"",""res"":""Błąd: G. Lucena""},{""type"":""tmo"",""score"":""0 : 2"",""txt"":""Czas dla: Projekt Słomin""},{""type"":""rally"",""score"":""0 : 2"",""speed"":""53.0 km/h"",""res"":""Punkt: M. Górka""},{""type"":""chg"",""score"":""0 : 1"",""txt"":""Zmiana: M. Ołubiec ⇄ K. Kowalski""},{""type"":""chg"",""score"":""0 : 1"",""txt"":""Zmiana: B. Laurent ⇄ S. Pereda""},{""type"":""chg"",""score"":""0 : 1"",""txt"":""Zmiana: P. Foietta ⇄ M. Jakóbczak""},{""type"":""chg"",""score"":""0 : 1"",""txt"":""Zmiana: G. Lucena ⇄ L. Collin""},{""type"":""chg"",""score"":""0 : 1"",""txt"":""Zmiana: E. Orfanos ⇄ V. Stojaković""},{""type"":""chg"",""score"":""0 : 1"",""txt"":""Zmiana: J. Nagel ⇄ B. Declerck""},{""type"":""tmo"",""score"":""0 : 1"",""txt"":""Czas dla: Black Smoke""},{""type"":""rally"",""score"":""0 : 1"",""speed"":""41.1 km/h"",""res"":""Punkt: M. Górka""}]},{""rallies"":[{""type"":""end"",""score"":""25 : 21"",""txt"":""Koniec seta 1 : 1""},{""type"":""end"",""score"":""25 : 21"",""txt"":""Koniec seta 1 : 1""},{""type"":""rally"",""score"":""25 : 21"",""speed"":""42.0 km/h"",""res"":""Punkt: D. Pujić""},{""type"":""rally"",""score"":""24 : 21"",""speed"":""41.6 km/h"",""res"":""Punkt: D. Pujić""},{""type"":""rally"",""score"":""23 : 21"",""speed"":""51.6 km/h"",""res"":""Punkt: M. Górka""},{""type"":""rally"",""score"":""23 : 20"",""speed"":""55.5 km/h"",""res"":""Punkt: L. Collin""},{""type"":""rally"",""score"":""22 : 20"",""speed"":""52.0 km/h"",""res"":""Błąd: B. Declerck""},{""type"":""rally"",""score"":""22 : 19"",""speed"":""42.7 km/h"",""res"":""Błąd: L. Collin""},{""type"":""rally"",""score"":""22 : 18"",""speed"":""51.8 km/h"",""res"":""Punkt: L. Collin""},{""type"":""rally"",""score"":""21 : 18"",""speed"":""41.1 km/h"",""res"":""Punkt: M. Górka""},{""type"":""rally"",""score"":""21 : 17"",""speed"":""54.6 km/h"",""res"":""Punkt: B. Declerck""},{""type"":""rally"",""score"":""20 : 17"",""speed"":""48.3 km/h"",""res"":""Punkt: M. Górka""},{""type"":""rally"",""score"":""20 : 16"",""speed"":""47.2 km/h"",""res"":""Punkt: P. Gajda""},{""type"":""rally"",""score"":""20 : 15"",""speed"":""50.6 km/h"",""res"":""Punkt: D. Pujić""},{""type"":""rally"",""score"":""19 : 15"",""speed"":""52.8 km/h"",""res"":""Punkt: P. Gajda""},{""type"":""rally"",""score"":""19 : 14"",""speed"":""-"",""res"":""Błąd: B. Laurent""},{""type"":""rally"",""score"":""18 : 14"",""speed"":""44.4 km/h"",""res"":""Punkt: P. Gajda""},{""type"":""rally"",""score"":""18 : 13"",""speed"":""52.9 km/h"",""res"":""Błąd: P. Gajda""},{""type"":""tmo"",""score"":""17 : 13"",""txt"":""Czas dla: Projekt Słomin""},{""type"":""rally"",""score"":""17 : 13"",""speed"":""52.7 km/h"",""res"":""Punkt: D. Pujić""},{""type"":""tmo"",""score"":""16 : 13"",""txt"":""Czas dla: ""},{""type"":""rally"",""score"":""16 : 13"",""speed"":""42.9 km/h"",""res"":""Punkt: D. Pujić""},{""type"":""rally"",""score"":""15 : 13"",""speed"":""43.1 km/h"",""res"":""Punkt: D. Pujić""},{""type"":""rally"",""score"":""14 : 13"",""speed"":""61.4 km/h"",""res"":""Punkt: B. Declerck""},{""type"":""rally"",""score"":""13 : 13"",""speed"":""42.2 km/h"",""res"":""Punkt: M. Górka""},{""type"":""rally"",""score"":""13 : 12"",""speed"":""49.5 km/h"",""res"":""Punkt: D. Pujić""},{""type"":""rally"",""score"":""12 : 12"",""speed"":""48.5 km/h"",""res"":""Punkt: B. Declerck""},{""type"":""rally"",""score"":""11 : 12"",""speed"":""54.1 km/h"",""res"":""Punkt: L. Collin""},{""type"":""chg"",""score"":""10 : 12"",""txt"":""Zmiana: P. Foietta ⇄ M. Jakóbczak""},{""type"":""chg"",""score"":""10 : 12"",""txt"":""Zmiana: M. Ołubiec ⇄ K. Kowalski""},{""type"":""rally"",""score"":""10 : 12"",""speed"":""41.3 km/h"",""res"":""Punkt: M. Górka""},{""type"":""rally"",""score"":""10 : 11"",""speed"":""44.1 km/h"",""res"":""Punkt: L. Collin""},{""type"":""rally"",""score"":""9 : 11"",""speed"":""51.9 km/h"",""res"":""Punkt: M. Górka""},{""type"":""rally"",""score"":""9 : 10"",""speed"":""50.4 km/h"",""res"":""Punkt: B. Declerck""},{""type"":""rally"",""score"":""8 : 10"",""speed"":""47.7 km/h"",""res"":""Punkt: L. Collin""},{""type"":""rally"",""score"":""7 : 10"",""speed"":""56.6 km/h"",""res"":""Punkt: L. Collin""},{""type"":""rally"",""score"":""6 : 10"",""speed"":""56.8 km/h"",""res"":""Punkt: K. Kowalski""},{""type"":""rally"",""score"":""6 : 9"",""speed"":""51.1 km/h"",""res"":""Punkt: E. Roma""},{""type"":""rally"",""score"":""5 : 9"",""speed"":""47.1 km/h"",""res"":""Punkt: P. Gajda""},{""type"":""tmo"",""score"":""5 : 8"",""txt"":""Czas dla: ""},{""type"":""rally"",""score"":""5 : 8"",""speed"":""40.9 km/h"",""res"":""Punkt: P. Gajda""},{""type"":""rally"",""score"":""5 : 7"",""speed"":""40.5 km/h"",""res"":""Punkt: E. Jabłoński""},{""type"":""rally"",""score"":""5 : 6"",""speed"":""51.2 km/h"",""res"":""Punkt: E. Jabłoński""},{""type"":""rally"",""score"":""5 : 5"",""speed"":""49.7 km/h"",""res"":""Punkt: D. Pujić""},{""type"":""rally"",""score"":""4 : 5"",""speed"":""42.2 km/h"",""res"":""Punkt: D. Pujić""},{""type"":""tmo"",""score"":""3 : 5"",""txt"":""Czas dla: Black Smoke""},{""type"":""rally"",""score"":""3 : 5"",""speed"":""45.8 km/h"",""res"":""Błąd: B. Declerck""},{""type"":""tmo"",""score"":""3 : 4"",""txt"":""Czas dla: Black Smoke""},{""type"":""rally"",""score"":""3 : 4"",""speed"":""42.3 km/h"",""res"":""Punkt: M. Jakóbczak""},{""type"":""rally"",""score"":""3 : 3"",""speed"":""46.7 km/h"",""res"":""Punkt: P. Gajda""},{""type"":""rally"",""score"":""3 : 2"",""speed"":""43.7 km/h"",""res"":""Punkt: D. Pujić""},{""type"":""rally"",""score"":""2 : 2"",""speed"":""43.2 km/h"",""res"":""Punkt: K. Kowalski""},{""type"":""rally"",""score"":""2 : 1"",""speed"":""50.5 km/h"",""res"":""Punkt: L. Collin""},{""type"":""rally"",""score"":""1 : 1"",""speed"":""56.9 km/h"",""res"":""Punkt: M. Górka""},{""type"":""chg"",""score"":""1 : 0"",""txt"":""Zmiana: B. Laurent ⇄ S. Pereda""},{""type"":""chg"",""score"":""1 : 0"",""txt"":""Zmiana: D. Pujić ⇄ J. Stanfield""},{""type"":""tmo"",""score"":""1 : 0"",""txt"":""Czas dla: Projekt Słomin""},{""type"":""rally"",""score"":""1 : 0"",""speed"":""46.8 km/h"",""res"":""Punkt: L. Collin""}]},{""rallies"":[{""type"":""end"",""score"":""18 : 25"",""txt"":""Koniec seta 1 : 2""},{""type"":""end"",""score"":""18 : 25"",""txt"":""Koniec seta 1 : 2""},{""type"":""rally"",""score"":""18 : 25"",""speed"":""50.8 km/h"",""res"":""Punkt: M. Górka""},{""type"":""rally"",""score"":""18 : 24"",""speed"":""41.7 km/h"",""res"":""Punkt: J. Stanfield""},{""type"":""rally"",""score"":""17 : 24"",""speed"":""43.9 km/h"",""res"":""Punkt: S. Pereda""},{""type"":""rally"",""score"":""17 : 23"",""speed"":""40.7 km/h"",""res"":""Punkt: J. Stanfield""},{""type"":""rally"",""score"":""16 : 23"",""speed"":""53.2 km/h"",""res"":""Punkt: P. Gajda""},{""type"":""rally"",""score"":""16 : 22"",""speed"":""42.3 km/h"",""res"":""Punkt: J. Stanfield""},{""type"":""rally"",""score"":""15 : 22"",""speed"":""51.5 km/h"",""res"":""Punkt: K. Kowalski""},{""type"":""rally"",""score"":""15 : 21"",""speed"":""46.2 km/h"",""res"":""Punkt: E. Jabłoński""},{""type"":""rally"",""score"":""15 : 20"",""speed"":""44.5 km/h"",""res"":""Punkt: P. Gajda""},{""type"":""rally"",""score"":""15 : 19"",""speed"":""53.8 km/h"",""res"":""Punkt: L. Collin""},{""type"":""rally"",""score"":""14 : 19"",""speed"":""60.6 km/h"",""res"":""Punkt: M. Górka""},{""type"":""rally"",""score"":""14 : 18"",""speed"":""-"",""res"":""Błąd: K. Kowalski""},{""type"":""rally"",""score"":""13 : 18"",""speed"":""45.7 km/h"",""res"":""Punkt: M. Górka""},{""type"":""rally"",""score"":""13 : 17"",""speed"":""48.3 km/h"",""res"":""Błąd: M. Górka""},{""type"":""rally"",""score"":""12 : 17"",""speed"":""44.4 km/h"",""res"":""Punkt: M. Górka""},{""type"":""rally"",""score"":""12 : 16"",""speed"":""42.2 km/h"",""res"":""Punkt: E. Roma""},{""type"":""tmo"",""score"":""11 : 16"",""txt"":""Czas dla: ""},{""type"":""rally"",""score"":""11 : 16"",""speed"":""53.4 km/h"",""res"":""Punkt: P. Gajda""},{""type"":""rally"",""score"":""11 : 15"",""speed"":""58.9 km/h"",""res"":""Błąd: M. Jakóbczak""},{""type"":""rally"",""score"":""10 : 15"",""speed"":""45.4 km/h"",""res"":""Punkt: J. Stanfield""},{""type"":""rally"",""score"":""9 : 15"",""speed"":""48.2 km/h"",""res"":""Punkt: P. Gajda""},{""type"":""rally"",""score"":""9 : 14"",""speed"":""45.6 km/h"",""res"":""Punkt: J. Stanfield""},{""type"":""tmo"",""score"":""8 : 14"",""txt"":""Czas dla: Black Smoke""},{""type"":""rally"",""score"":""8 : 14"",""speed"":""53.6 km/h"",""res"":""Punkt: P. Gajda""},{""type"":""rally"",""score"":""8 : 13"",""speed"":""51.7 km/h"",""res"":""Punkt: E. Jabłoński""},{""type"":""rally"",""score"":""8 : 12"",""speed"":""50.8 km/h"",""res"":""Punkt: P. Gajda""},{""type"":""rally"",""score"":""8 : 11"",""speed"":""42.7 km/h"",""res"":""Punkt: E. Roma""},{""type"":""rally"",""score"":""7 : 11"",""speed"":""56.5 km/h"",""res"":""Punkt: P. Gajda""},{""type"":""rally"",""score"":""7 : 10"",""speed"":""56.0 km/h"",""res"":""Punkt: M. Górka""},{""type"":""rally"",""score"":""7 : 9"",""speed"":""-"",""res"":""Błąd: K. Kowalski""},{""type"":""rally"",""score"":""6 : 9"",""speed"":""43.2 km/h"",""res"":""Punkt: S. Pereda""},{""type"":""rally"",""score"":""6 : 8"",""speed"":""51.1 km/h"",""res"":""Punkt: L. Collin""},{""type"":""tmo"",""score"":""5 : 8"",""txt"":""Czas dla: ""},{""type"":""rally"",""score"":""5 : 8"",""speed"":""56.6 km/h"",""res"":""Punkt: M. Górka""},{""type"":""rally"",""score"":""5 : 7"",""speed"":""50.9 km/h"",""res"":""Punkt: J. Stanfield""},{""type"":""rally"",""score"":""4 : 7"",""speed"":""-"",""res"":""Błąd: E. Roma""},{""type"":""rally"",""score"":""4 : 6"",""speed"":""46.8 km/h"",""res"":""Błąd: P. Gajda""},{""type"":""rally"",""score"":""3 : 6"",""speed"":""40.9 km/h"",""res"":""Punkt: P. Gajda""},{""type"":""rally"",""score"":""3 : 5"",""speed"":""47.5 km/h"",""res"":""Punkt: K. Kowalski""},{""type"":""rally"",""score"":""3 : 4"",""speed"":""48.8 km/h"",""res"":""Punkt: J. Stanfield""},{""type"":""rally"",""score"":""2 : 4"",""speed"":""41.6 km/h"",""res"":""Punkt: P. Gajda""},{""type"":""rally"",""score"":""2 : 3"",""speed"":""41.4 km/h"",""res"":""Punkt: L. Collin""},{""type"":""rally"",""score"":""1 : 3"",""speed"":""53.2 km/h"",""res"":""Punkt: M. Górka""},{""type"":""rally"",""score"":""1 : 2"",""speed"":""50.3 km/h"",""res"":""Punkt: M. Górka""},{""type"":""tmo"",""score"":""1 : 1"",""txt"":""Czas dla: Projekt Słomin""},{""type"":""rally"",""score"":""1 : 1"",""speed"":""50.5 km/h"",""res"":""Punkt: T. Amakusa""},{""type"":""chg"",""score"":""0 : 1"",""txt"":""Zmiana: T. Amakusa ⇄ B. Declerck""},{""type"":""tmo"",""score"":""0 : 1"",""txt"":""Czas dla: Black Smoke""},{""type"":""rally"",""score"":""0 : 1"",""speed"":""49.2 km/h"",""res"":""Punkt: M. Górka""}]},{""rallies"":[{""type"":""end"",""score"":""9 : 25"",""txt"":""Koniec seta 1 : 3""},{""type"":""end"",""score"":""9 : 25"",""txt"":""Koniec seta 1 : 3""},{""type"":""rally"",""score"":""9 : 25"",""speed"":""42.6 km/h"",""res"":""Błąd: G. Lucena""},{""type"":""rally"",""score"":""9 : 24"",""speed"":""43.0 km/h"",""res"":""Punkt: M. Jakóbczak""},{""type"":""rally"",""score"":""9 : 23"",""speed"":""42.7 km/h"",""res"":""Punkt: M. Górka""},{""type"":""rally"",""score"":""9 : 22"",""speed"":""44.4 km/h"",""res"":""Punkt: M. Górka""},{""type"":""rally"",""score"":""9 : 21"",""speed"":""43.9 km/h"",""res"":""Punkt: M. Górka""},{""type"":""rally"",""score"":""9 : 20"",""speed"":""41.0 km/h"",""res"":""Punkt: M. Górka""},{""type"":""rally"",""score"":""9 : 19"",""speed"":""41.5 km/h"",""res"":""Punkt: M. Górka""},{""type"":""rally"",""score"":""9 : 18"",""speed"":""54.4 km/h"",""res"":""Punkt: M. Górka""},{""type"":""rally"",""score"":""9 : 17"",""speed"":""51.2 km/h"",""res"":""Punkt: M. Górka""},{""type"":""rally"",""score"":""9 : 16"",""speed"":""42.2 km/h"",""res"":""Błąd: M. Górka""},{""type"":""tmo"",""score"":""8 : 16"",""txt"":""Czas dla: ""},{""type"":""rally"",""score"":""8 : 16"",""speed"":""48.9 km/h"",""res"":""Punkt: M. Górka""},{""type"":""rally"",""score"":""8 : 15"",""speed"":""48.7 km/h"",""res"":""Punkt: M. Górka""},{""type"":""rally"",""score"":""8 : 14"",""speed"":""48.4 km/h"",""res"":""Punkt: S. Pereda""},{""type"":""rally"",""score"":""8 : 13"",""speed"":""56.0 km/h"",""res"":""Punkt: G. Lucena""},{""type"":""rally"",""score"":""7 : 13"",""speed"":""54.1 km/h"",""res"":""Punkt: P. Gajda""},{""type"":""rally"",""score"":""7 : 12"",""speed"":""49.3 km/h"",""res"":""Punkt: D. Pujić""},{""type"":""rally"",""score"":""6 : 12"",""speed"":""40.6 km/h"",""res"":""Punkt: K. Kowalski""},{""type"":""rally"",""score"":""6 : 11"",""speed"":""43.6 km/h"",""res"":""Punkt: P. Gajda""},{""type"":""rally"",""score"":""6 : 10"",""speed"":""48.1 km/h"",""res"":""Punkt: P. Gajda""},{""type"":""rally"",""score"":""6 : 9"",""speed"":""47.7 km/h"",""res"":""Punkt: K. Kowalski""},{""type"":""tmo"",""score"":""6 : 8"",""txt"":""Czas dla: ""},{""type"":""rally"",""score"":""6 : 8"",""speed"":""53.8 km/h"",""res"":""Punkt: P. Gajda""},{""type"":""rally"",""score"":""6 : 7"",""speed"":""43.0 km/h"",""res"":""Punkt: V. Doychev""},{""type"":""rally"",""score"":""5 : 7"",""speed"":""57.8 km/h"",""res"":""Punkt: D. Pujić""},{""type"":""rally"",""score"":""4 : 7"",""speed"":""54.3 km/h"",""res"":""Punkt: P. Gajda""},{""type"":""tmo"",""score"":""4 : 6"",""txt"":""Czas dla: Black Smoke""},{""type"":""rally"",""score"":""4 : 6"",""speed"":""60.1 km/h"",""res"":""Punkt: P. Gajda""},{""type"":""rally"",""score"":""4 : 5"",""speed"":""56.7 km/h"",""res"":""Błąd: D. Pujić""},{""type"":""rally"",""score"":""4 : 4"",""speed"":""44.0 km/h"",""res"":""Punkt: P. Gajda""},{""type"":""rally"",""score"":""4 : 3"",""speed"":""46.3 km/h"",""res"":""Punkt: E. Roma""},{""type"":""rally"",""score"":""3 : 3"",""speed"":""42.3 km/h"",""res"":""Punkt: D. Pujić""},{""type"":""rally"",""score"":""2 : 3"",""speed"":""59.0 km/h"",""res"":""Punkt: S. Pereda""},{""type"":""rally"",""score"":""2 : 2"",""speed"":""51.2 km/h"",""res"":""Punkt: B. Declerck""},{""type"":""tmo"",""score"":""1 : 2"",""txt"":""Czas dla: Black Smoke""},{""type"":""rally"",""score"":""1 : 2"",""speed"":""43.2 km/h"",""res"":""Punkt: M. Jakóbczak""},{""type"":""rally"",""score"":""1 : 1"",""speed"":""46.3 km/h"",""res"":""Punkt: M. Górka""},{""type"":""chg"",""score"":""1 : 0"",""txt"":""Zmiana: D. Pujić ⇄ J. Stanfield""},{""type"":""chg"",""score"":""1 : 0"",""txt"":""Zmiana: G. Lucena ⇄ L. Collin""},{""type"":""chg"",""score"":""1 : 0"",""txt"":""Zmiana: E. Orfanos ⇄ V. Stojaković""},{""type"":""tmo"",""score"":""1 : 0"",""txt"":""Czas dla: Projekt Słomin""},{""type"":""rally"",""score"":""1 : 0"",""speed"":""42.6 km/h"",""res"":""Punkt: L. Collin""}]}]}","1","3","0","1","0","0","9","61","0","0","7","0","0","2","53.2","46.8","0","0","0","0","0","0","0","0","0","0","0","0","0","0","0","0","0","0","0","0","0","0","0","0","0","0","0","0","0","0","47","23","6","7","53","136","0","0","0","0","0","7","0","1","0","5","1","1","0","0","0","1","0","4","33","34","29","31","0","bulk-1.27-teamid-from-league-list","0","0","0"
"3.6","Black Smoke vs Projekt Słomin 1:3","1216017","2026-09-05 17:00","The Others Arena","Black Smoke","137347","Doychev, Viktor","2087512","1","-2","12","0","0","62.9","6","2","0","0","-33","23","15","7","8","5","52","61","1","98","23","38","1","27","70","0","0","0","0","0","0","0","38.8","","1","1","4","7","0","0","27","70","1","2","24","0","0","3","62.9","51.4","0","0","0","0","1","1","0","0","1","0","0","1","0","0","1","0","1","2","0","0","0","0","0","0","0","0","0","0","2","2","0","0","0","0","0","0","16","24","12","8","60","7","2","2","1","1","1","5","1","2","0","1","1","4","18","21","22","24","0","bulk-1.27-teamid-from-league-list","0","0","0"
"3.6","Black Smoke vs Projekt Słomin 1:3","1216017","2026-09-05 17:00","The Others Arena","Black Smoke","137347","Collin, Luc","2113071","16","14","8","0","0","51.6","25","2","13","52","44","1","0","0","1","0","0","0","0","0","0","0","3","20","31","0","0","2","0","0","1","1","40.8","","0","0","0","1","0","0","20","31","3","1","18","0","0","2","51.6","46.5","0","0","1","0","4","5","0","0","0","1","0","1","0","0","0","0","0","0","9","1","0","3","6","19","0","0","0","0","0","0","0","0","0","0","2","2","0","0","0","0","0","0","0","0","0","0","0","0","0","0","0","0","0","3","0","16","10","1","0","bulk-1.27-teamid-from-league-list","0","0","0"
"3.6","Black Smoke vs Projekt Słomin 1:3","1216017","2026-09-05 17:00","The Others Arena","Black Smoke","137347","Declerck, Bernard","2002334","5","1","9","0","0","52.9","15","4","4","27","0","19","12","5","7","0","26","0","0","0","0","0","1","8","36","0","0","0","0","0","0","0","9","","0","2","0","5","0","0","8","36","1","0","8","0","0","0","52.9","46.1","1","0","0","0","0","1","0","1","0","0","0","1","2","1","1","0","3","7","0","0","0","0","0","0","1","0","1","0","4","6","0","0","0","0","0","0","0","0","0","0","0","5","1","1","1","2","0","0","0","0","0","0","0","2","0","20","0","12","0","bulk-1.27-teamid-from-league-list","0","0","0"
"3.6","Black Smoke vs Projekt Słomin 1:3","1216017","2026-09-05 17:00","The Others Arena","Black Smoke","137347","Roma, Edilio","2088765","6","-1","13","1","0","64.3","17","6","6","35","0","20","14","5","6","3","40","12","0","100","4","33","0","8","65","0","0","0","0","0","0","0","13.6","","3","3","0","3","0","0","8","65","0","0","6","0","0","2","64.3","54.2","0","0","1","0","1","2","1","0","0","0","0","1","2","0","5","1","2","10","0","0","0","0","0","0","2","0","0","0","2","4","0","0","0","0","0","0","1","4","6","1","12","5","1","0","0","4","0","3","1","0","0","2","0","4","17","9","11","15","0","bulk-1.27-teamid-from-league-list","0","0","0"
"3.6","Black Smoke vs Projekt Słomin 1:3","1216017","2026-09-05 17:00","The Others Arena","Black Smoke","137347","Stanfield, Jimmy","2003447","12","8","5","0","0","56.6","22","4","11","50","32","4","2","0","2","1","25","0","0","0","0","0","1","13","28","0","0","0","0","0","0","0","25.8","","0","0","1","2","0","0","13","28","1","0","11","0","0","2","56.6","48","1","0","0","0","0","1","0","0","1","0","0","1","0","0","0","0","0","0","10","0","3","0","7","20","0","0","0","0","0","0","0","0","0","0","0","0","0","0","0","0","0","0","0","0","0","0","0","1","0","0","0","1","0","2","10","0","15","0","0","bulk-1.27-teamid-from-league-list","0","0","0"
"3.6","Black Smoke vs Projekt Słomin 1:3","1216017","2026-09-05 17:00","The Others Arena","Black Smoke","137347","Stojaković, Vladimir","2088066","0","0","0","0","0","0","0","0","0","0","0","20","18","12","2","2","70","12","0","100","6","50","0","0","0","0","0","2","0","1","1","0","17.6","","1","1","1","1","0","0","0","0","0","0","0","0","0","0","0","0","0","0","0","0","0","0","0","0","0","0","0","0","0","0","0","0","0","0","0","0","0","0","0","0","0","0","0","0","0","0","0","0","0","0","2","2","2","5","5","0","12","12","4","3","2","3","0","2","0","2","0","0","0","2","0","18","9","1","0","bulk-1.27-teamid-from-league-list","0","0","0"
"3.6","Black Smoke vs Projekt Słomin 1:3","1216017","2026-09-05 17:00","The Others Arena","Black Smoke","137347","Amakusa, Takashi","2060677","1","1","3","0","0","53.2","1","0","0","0","0","5","4","0","1","0","0","0","0","0","0","0","1","7","15","0","0","0","0","0","0","0","3","","0","0","0","1","0","0","7","15","1","0","6","0","0","1","53.2","49.6","0","0","0","0","0","0","0","0","0","0","0","0","0","0","0","0","0","0","0","0","0","0","0","0","0","0","0","0","1","1","0","0","0","0","0","0","0","0","0","0","0","0","0","0","0","0","0","0","0","0","0","0","0","1","0","0","7","0","0","bulk-1.27-teamid-from-league-list","0","0","0"
"3.6","Black Smoke vs Projekt Słomin 1:3","1216017","2026-09-05 17:00","The Others Arena","Black Smoke","137347","Orfanos, Evgenios","2113308","0","0","0","0","0","0","0","0","0","0","0","14","11","3","3","1","29","5","0","100","3","60","0","0","0","0","1","1","0","0","0","1","6","","1","1","0","2","0","0","0","0","0","0","0","0","0","0","0","0","0","0","0","0","0","0","0","0","0","0","0","0","0","0","0","0","0","0","0","0","0","0","0","0","0","0","0","0","0","0","0","1","0","0","0","1","1","2","1","1","5","3","1","1","0","1","0","1","0","0","0","1","0","2","13","0","0","5","0","bulk-1.27-teamid-from-league-list","0","0","0"
"3.6","Black Smoke vs Projekt Słomin 1:3","1216017","2026-09-05 17:00","The Others Arena","Black Smoke","137347","Nagel, Joel","2112807","0","-2","2","0","0","52.2","2","2","0","0","-100","9","4","1","5","2","33","0","0","0","0","0","0","7","23","0","0","0","0","0","0","0","-1.4","","2","2","0","3","0","0","7","23","0","0","7","0","0","0","52.2","50.4","0","0","0","0","0","0","0","0","0","0","0","0","0","1","1","0","0","2","0","0","0","0","0","0","0","0","0","0","0","0","0","0","0","0","0","0","0","0","0","0","0","1","0","0","0","1","0","2","0","1","0","1","0","1","8","0","0","0","0","bulk-1.27-teamid-from-league-list","0","0","0"
"3.6","Black Smoke vs Projekt Słomin 1:3","1216017","2026-09-05 17:00","The Others Arena","Black Smoke","137347","Lucena, Genésio","2113264","8","1","4","0","0","59","30","7","7","23","0","3","3","0","0","0","0","0","0","0","0","0","1","19","37","0","0","3","0","0","2","1","6.5","","0","0","0","0","0","0","19","37","1","1","19","0","0","0","59","54.9","2","0","0","0","0","2","0","0","2","0","0","2","0","0","0","0","0","0","4","2","3","1","16","26","0","0","0","0","0","0","0","0","0","0","3","3","0","0","0","0","0","0","0","0","0","0","0","0","0","0","0","0","0","2","19","0","0","11","0","bulk-1.27-teamid-from-league-list","0","0","0"
"3.6","Black Smoke vs Projekt Słomin 1:3","1216017","2026-09-05 17:00","The Others Arena","Black Smoke","137347","Pujić, Dejan","2088629","13","9","3","0","0","56.8","26","4","12","46","31","3","1","0","2","0","0","0","0","0","0","0","1","24","39","0","0","0","0","0","0","0","27.2","","0","0","0","2","0","0","24","39","1","0","21","0","0","3","56.8","52.7","1","0","0","0","1","2","0","0","1","0","0","1","0","0","0","0","0","0","11","1","2","0","9","23","0","0","0","0","0","0","0","0","0","0","0","0","0","0","0","0","0","0","0","0","0","0","0","0","0","0","0","0","0","2","0","16","0","11","0","bulk-1.27-teamid-from-league-list","0","0","0"
"3.6","Black Smoke vs Projekt Słomin 1:3","1216017","2026-09-05 17:00","The Others Arena","Projekt Słomin","128700","Jabłoński, Eryk","1865571","4","4","11","0","0","53.6","1","0","1","100","100","20","16","9","4","2","55","0","0","0","0","0","3","19","66","59","7","124","44","47","23","10","19","","1","2","0","1","1","1","19","66","3","2","18","0","0","1","53.6","47.3","1","0","0","0","0","1","0","0","0","0","0","0","0","0","0","0","0","0","0","0","0","0","0","0","0","0","0","0","0","0","59","7","4","9","46","124","0","0","0","0","0","9","5","2","1","1","0","2","2","0","0","0","0","4","30","36","30","21","0","bulk-1.27-teamid-from-league-list","0","0","0"
"3.6","Black Smoke vs Projekt Słomin 1:3","1216017","2026-09-05 17:00","The Others Arena","Projekt Słomin","128700","Kowalski, Konrad","2002294","8","6","14","2","0","54.4","12","0","8","67","67","13","10","5","3","1","46","5","0","100","5","100","0","12","39","0","0","0","0","0","0","0","35.8","","1","1","0","2","0","0","12","39","0","0","11","0","0","1","54.4","45.7","1","0","0","0","1","2","2","0","0","2","0","4","2","0","0","0","1","3","0","0","0","0","0","0","1","0","0","0","2","3","0","0","0","0","0","0","2","2","1","0","5","5","3","0","0","2","0","1","1","0","0","0","0","3","0","9","10","16","0","bulk-1.27-teamid-from-league-list","0","0","0"
"3.6","Black Smoke vs Projekt Słomin 1:3","1216017","2026-09-05 17:00","The Others Arena","Projekt Słomin","128700","Górka, Mateusz","1767969","40","34","11","0","1","61.4","50","6","30","60","48","7","4","0","3","0","0","0","0","0","0","0","9","47","75","0","1","1","0","0","0","1","90.6","","0","1","0","2","0","0","47","75","7","1","39","2","0","8","61.4","48.2","1","0","0","0","2","3","0","0","1","1","0","2","0","0","0","0","0","0","28","3","2","0","12","45","0","0","0","0","0","0","0","1","0","0","0","1","0","0","0","0","0","0","0","0","0","0","0","0","0","0","0","0","0","4","15","16","16","13","0","bulk-1.27-teamid-from-league-list","0","0","0"
"3.6","Black Smoke vs Projekt Słomin 1:3","1216017","2026-09-05 17:00","The Others Arena","Projekt Słomin","128700","Pereda, Silo","2002648","4","3","11","0","0","60.1","8","1","4","50","38","10","9","5","1","1","60","0","0","0","0","0","0","11","34","0","0","0","0","0","0","0","10.9","","1","1","0","0","0","0","11","34","0","0","8","0","0","3","60.1","51.7","1","0","0","0","0","1","0","0","1","0","0","1","1","0","0","0","0","1","0","0","0","0","0","0","2","0","0","0","3","5","0","0","0","0","0","0","0","0","0","0","0","5","2","0","0","3","0","1","0","0","0","1","0","2","0","0","12","10","0","bulk-1.27-teamid-from-league-list","0","0","0"
"3.6","Black Smoke vs Projekt Słomin 1:3","1216017","2026-09-05 17:00","The Others Arena","Projekt Słomin","128700","Jakóbczak, Maciej","2002297","3","1","13","0","0","51.1","4","2","0","0","-50","17","14","10","3","1","65","28","0","100","14","50","3","23","52","0","0","0","0","0","0","0","31.2","","0","1","1","2","0","0","23","52","3","0","18","0","0","5","51.1","44.8","0","0","0","0","1","1","0","0","0","0","0","0","0","0","0","0","1","1","0","0","0","0","0","0","0","1","1","0","0","2","0","0","0","0","0","0","11","11","6","0","28","10","4","1","3","1","1","1","0","0","0","1","0","4","1","15","18","18","0","bulk-1.27-teamid-from-league-list","0","0","0"
"3.6","Black Smoke vs Projekt Słomin 1:3","1216017","2026-09-05 17:00","The Others Arena","Projekt Słomin","128700","Gajda, Przemysław","1745553","26","20","10","1","0","60.3","41","5","19","46","34","3","3","0","0","0","0","0","0","0","0","0","7","46","69","0","0","0","0","0","0","0","57.3","","0","0","0","0","0","0","46","69","7","1","40","0","0","6","60.3","51.9","0","1","1","0","4","6","0","1","0","0","0","1","0","0","0","0","0","0","19","0","2","0","13","34","0","0","0","0","0","0","0","0","0","0","0","0","0","0","0","0","0","0","0","0","0","0","0","0","0","0","0","0","0","4","9","14","18","10","0","bulk-1.27-teamid-from-league-list","0","0","0"
"3.6","Black Smoke vs Projekt Słomin 1:3","1216017","2026-09-05 17:00","The Others Arena","Projekt Słomin","128700","Yanakiev, Valentin","2003381","0","0","0","0","0","0","0","0","0","0","0","27","22","14","5","3","63","8","0","100","6","75","0","0","0","6","1","10","2","3","2","3","18","","2","3","0","1","1","1","0","0","0","0","0","0","0","0","0","0","0","0","0","0","0","0","0","0","0","0","0","0","0","0","0","0","0","0","0","0","0","0","0","0","0","0","0","0","0","0","6","1","0","0","3","10","1","6","1","0","8","14","6","2","2","4","0","3","2","0","0","1","0","4","11","11","8","11","0","bulk-1.27-teamid-from-league-list","0","0","0"
"3.6","Black Smoke vs Projekt Słomin 1:3","1216017","2026-09-05 17:00","The Others Arena","Projekt Słomin","128700","Ołubiec, Michał","2002295","3","3","15","0","0","57.1","3","0","2","67","67","8","6","5","2","1","75","2","0","100","1","50","1","9","17","0","0","0","0","0","0","0","12.6","","1","2","0","0","0","0","9","17","1","1","8","0","0","1","57.1","50.4","0","0","0","0","0","0","0","0","0","0","0","0","1","0","0","0","1","2","0","0","0","0","0","0","1","0","0","0","0","1","0","0","0","0","0","0","2","0","0","0","2","5","3","1","0","1","0","1","1","0","0","0","0","2","17","7","0","0","0","bulk-1.27-teamid-from-league-list","0","0","0"
"3.6","Black Smoke vs Projekt Słomin 1:3","1216017","2026-09-05 17:00","The Others Arena","Projekt Słomin","128700","Foietta, Pierluigi","1976431","2","-2","3","1","0","52","8","3","1","13","-25","9","6","2","3","1","33","27","0","100","8","30","1","18","36","0","0","0","0","0","0","0","15.5","","0","0","1","3","0","0","18","36","1","0","16","0","0","2","52","51.3","0","0","0","0","1","1","0","0","1","1","0","2","0","1","0","0","3","4","0","0","0","0","0","0","0","1","0","0","0","1","0","0","0","0","0","0","9","11","4","3","27","2","1","1","0","0","0","1","1","0","0","0","0","2","19","15","0","0","0","bulk-1.27-teamid-from-league-list","0","0","0"
"3.6","Black Smoke vs Projekt Słomin 1:3","1216017","2026-09-05 17:00","The Others Arena","Projekt Słomin","128700","Laurent, Benoît","2002852","4","2","7","1","0","49.8","9","1","4","44","33","8","5","3","3","3","75","0","0","0","0","0","0","18","44","0","0","0","0","0","0","0","9.1","","1","1","2","2","0","0","18","44","0","1","15","0","0","3","49.8","45.2","0","0","0","0","0","0","0","0","0","0","0","0","3","0","0","0","2","5","0","0","0","0","0","0","1","1","0","0","2","4","0","0","0","0","0","0","0","0","0","0","0","3","1","0","0","2","0","3","1","1","0","0","1","2","12","10","0","0","0","bulk-1.27-teamid-from-league-list","0","0","0"
"3.6","RTS.Strongman Małecz vs Arks Bucz 3:2","1216018","2026-09-05 17:00","Strongman Arena","RTS.Strongman Małecz","130601","Falba, Tomasz","2088063","0","-2","7","2","0","91.4","0","0","0","0","0","17","14","8","3","1","53","0","0","0","0","0","0","8","34","39","16","90","17","33","28","12","4.8","{""sets"":[{""h"":20,""a"":25},{""h"":25,""a"":22},{""h"":22,""a"":25},{""h"":25,""a"":20},{""h"":15,""a"":13}],""parsedSets"":[{""rallies"":[{""type"":""end"",""score"":""20 : 25"",""txt"":""Koniec seta 0 : 1""},{""type"":""end"",""score"":""20 : 25"",""txt"":""Koniec seta 0 : 1""},{""type"":""rally"",""score"":""20 : 25"",""speed"":""72.3 km/h"",""res"":""Punkt: A. Ashford""},{""type"":""rally"",""score"":""20 : 24"",""speed"":""90.5 km/h"",""res"":""Punkt: T. Rybicki""},{""type"":""rally"",""score"":""19 : 24"",""speed"":""75.0 km/h"",""res"":""Punkt: K. Gajda""},{""type"":""rally"",""score"":""18 : 24"",""speed"":""58.7 km/h"",""res"":""Punkt: K. Lewicki""},{""type"":""rally"",""score"":""18 : 23"",""speed"":""86.3 km/h"",""res"":""Punkt: T. Rybicki""},{""type"":""rally"",""score"":""17 : 23"",""speed"":""56.4 km/h"",""res"":""Punkt: T. Rybicki""},{""type"":""chg"",""score"":""16 : 23"",""txt"":""Zmiana: K. Lewicki ⇄ S. Borzymowski""},{""type"":""rally"",""score"":""16 : 23"",""speed"":""65.0 km/h"",""res"":""Punkt: D. Mościcki""},{""type"":""rally"",""score"":""16 : 22"",""speed"":""48.7 km/h"",""res"":""Punkt: T. Rybicki""},{""type"":""rally"",""score"":""15 : 22"",""speed"":""72.1 km/h"",""res"":""Punkt: D. Mościcki""},{""type"":""rally"",""score"":""15 : 21"",""speed"":""71.7 km/h"",""res"":""Punkt: J. Wolniewicz""},{""type"":""rally"",""score"":""14 : 21"",""speed"":""74.9 km/h"",""res"":""Punkt: D. Mościcki""},{""type"":""rally"",""score"":""14 : 20"",""speed"":""54.9 km/h"",""res"":""Punkt: K. Gajda""},{""type"":""chg"",""score"":""13 : 20"",""txt"":""Zmiana: D. Mościcki ⇄ C. DeLeon""},{""type"":""chg"",""score"":""13 : 20"",""txt"":""Zmiana: A. Ashford ⇄ J. Cisek""},{""type"":""chg"",""score"":""13 : 20"",""txt"":""Zmiana: K. Gajda ⇄ M. Onorato""},{""type"":""rally"",""score"":""13 : 20"",""speed"":""86.8 km/h"",""res"":""Punkt: C. DeLeon""},{""type"":""chg"",""score"":""13 : 19"",""txt"":""Zmiana: M. Konarski ⇄ �. Gąsior""},{""type"":""chg"",""score"":""13 : 19"",""txt"":""Zmiana: F. Owczarek ⇄ R. Żybura""},{""type"":""chg"",""score"":""13 : 19"",""txt"":""Zmiana: T. Falba ⇄ M. Liberato""},{""type"":""rally"",""score"":""13 : 19"",""speed"":""70.1 km/h"",""res"":""Punkt: L. Drab""},{""type"":""rally"",""score"":""13 : 18"",""speed"":""-"",""res"":""Błąd: M. Onorato""},{""type"":""rally"",""score"":""13 : 17"",""speed"":""54.1 km/h"",""res"":""Punkt: J. Wolniewicz""},{""type"":""chg"",""score"":""12 : 17"",""txt"":""Zmiana: S. Borzymowski ⇄ K. Lewicki""},{""type"":""rally"",""score"":""12 : 17"",""speed"":""64.3 km/h"",""res"":""Błąd: K. Jastrzębski""},{""type"":""tmo"",""score"":""12 : 16"",""txt"":""Czas dla: ""},{""type"":""rally"",""score"":""12 : 16"",""speed"":""56.9 km/h"",""res"":""Błąd: K. Jastrzębski""},{""type"":""tmo"",""score"":""12 : 15"",""txt"":""Czas dla: RTS.Strongman Małecz""},{""type"":""rally"",""score"":""12 : 15"",""speed"":""46.2 km/h"",""res"":""Błąd: N. Tabor""},{""type"":""rally"",""score"":""12 : 14"",""speed"":""70.2 km/h"",""res"":""Punkt: L. Drab""},{""type"":""rally"",""score"":""12 : 13"",""speed"":""99.2 km/h"",""res"":""Punkt: R. Żybura""},{""type"":""rally"",""score"":""12 : 12"",""speed"":""62.7 km/h"",""res"":""Punkt: M. Onorato""},{""type"":""rally"",""score"":""11 : 12"",""speed"":""77.8 km/h"",""res"":""Punkt: L. Drab""},{""type"":""rally"",""score"":""11 : 11"",""speed"":""59.6 km/h"",""res"":""Punkt: R. Żybura""},{""type"":""rally"",""score"":""11 : 10"",""speed"":""90.1 km/h"",""res"":""Punkt: R. Żybura""},{""type"":""rally"",""score"":""11 : 9"",""speed"":""60.5 km/h"",""res"":""Punkt: N. Tabor""},{""type"":""rally"",""score"":""10 : 9"",""speed"":""74.1 km/h"",""res"":""Punkt: R. Żybura""},{""type"":""rally"",""score"":""10 : 8"",""speed"":""75.4 km/h"",""res"":""Punkt: T. Rybicki""},{""type"":""tmo"",""score"":""9 : 8"",""txt"":""Czas dla: Arks Bucz""},{""type"":""rally"",""score"":""9 : 8"",""speed"":""-"",""res"":""Błąd: Ł. Gąsior""},{""type"":""rally"",""score"":""8 : 8"",""speed"":""85.7 km/h"",""res"":""Punkt: K. Lewicki""},{""type"":""tmo"",""score"":""8 : 7"",""txt"":""Czas dla: ""},{""type"":""rally"",""score"":""8 : 7"",""speed"":""75.1 km/h"",""res"":""Punkt: M. Onorato""},{""type"":""rally"",""score"":""7 : 7"",""speed"":""59.9 km/h"",""res"":""Punkt: K. Jastrzębski""},{""type"":""rally"",""score"":""6 : 7"",""speed"":""65.0 km/h"",""res"":""Punkt: R. Żybura""},{""type"":""rally"",""score"":""6 : 6"",""speed"":""91.4 km/h"",""res"":""Punkt: K. Jastrzębski""},{""type"":""rally"",""score"":""5 : 6"",""speed"":""72.3 km/h"",""res"":""Punkt: K. Jastrzębski""},{""type"":""rally"",""score"":""4 : 6"",""speed"":""54.9 km/h"",""res"":""Punkt: C. DeLeon""},{""type"":""rally"",""score"":""4 : 5"",""speed"":""-"",""res"":""Błąd: R. Żybura""},{""type"":""rally"",""score"":""3 : 5"",""speed"":""-"",""res"":""Błąd: T. Rybicki""},{""type"":""rally"",""score"":""3 : 4"",""speed"":""53.6 km/h"",""res"":""Punkt: T. Rybicki""},{""type"":""rally"",""score"":""2 : 4"",""speed"":""-"",""res"":""Błąd: K. Lewicki""},{""type"":""rally"",""score"":""1 : 4"",""speed"":""54.0 km/h"",""res"":""Punkt: R. Żybura""},{""type"":""rally"",""score"":""1 : 3"",""speed"":""68.2 km/h"",""res"":""Punkt: J. Cisek""},{""type"":""rally"",""score"":""1 : 2"",""speed"":""65.1 km/h"",""res"":""Punkt: N. Tabor""},{""type"":""chg"",""score"":""0 : 2"",""txt"":""Zmiana: M. Liberato ⇄ T. Falba""},{""type"":""rally"",""score"":""0 : 2"",""speed"":""69.1 km/h"",""res"":""Punkt: K. Lewicki""},{""type"":""rally"",""score"":""0 : 1"",""speed"":""-"",""res"":""Błąd: T. Falba""}]},{""rallies"":[{""type"":""end"",""score"":""25 : 22"",""txt"":""Koniec seta 1 : 1""},{""type"":""end"",""score"":""25 : 22"",""txt"":""Koniec seta 1 : 1""},{""type"":""rally"",""score"":""25 : 22"",""speed"":""57.8 km/h"",""res"":""Punkt: M. Onorato""},{""type"":""rally"",""score"":""24 : 22"",""speed"":""61.9 km/h"",""res"":""Punkt: C. DeLeon""},{""type"":""rally"",""score"":""24 : 21"",""speed"":""77.2 km/h"",""res"":""Błąd: C. DeLeon""},{""type"":""chg"",""score"":""23 : 21"",""txt"":""Zmiana: L. Drab ⇄ S. Borzymowski""},{""type"":""rally"",""score"":""23 : 21"",""speed"":""73.0 km/h"",""res"":""Punkt: M. Onorato""},{""type"":""rally"",""score"":""22 : 21"",""speed"":""48.1 km/h"",""res"":""Punkt: C. DeLeon""},{""type"":""rally"",""score"":""22 : 20"",""speed"":""72.6 km/h"",""res"":""Punkt: C. DeLeon""},{""type"":""rally"",""score"":""22 : 19"",""speed"":""78.1 km/h"",""res"":""Błąd: J. Miłoszewski""},{""type"":""rally"",""score"":""22 : 18"",""speed"":""46.6 km/h"",""res"":""Punkt: N. Tabor""},{""type"":""rally"",""score"":""21 : 18"",""speed"":""47.5 km/h"",""res"":""Punkt: S. Borzymowski""},{""type"":""chg"",""score"":""21 : 17"",""txt"":""Zmiana: �. Gąsior ⇄ M. Konarski""},{""type"":""rally"",""score"":""21 : 17"",""speed"":""94.1 km/h"",""res"":""Punkt: K. Jastrzębski""},{""type"":""tmo"",""score"":""20 : 17"",""txt"":""Czas dla: Arks Bucz""},{""type"":""rally"",""score"":""20 : 17"",""speed"":""66.2 km/h"",""res"":""Punkt: J. Wolniewicz""},{""type"":""rally"",""score"":""19 : 17"",""speed"":""85.3 km/h"",""res"":""Punkt: K. Lewicki""},{""type"":""rally"",""score"":""19 : 16"",""speed"":""88.3 km/h"",""res"":""Punkt: K. Jastrzębski""},{""type"":""chg"",""score"":""18 : 16"",""txt"":""Zmiana: S. Borzymowski ⇄ L. Drab""},{""type"":""rally"",""score"":""18 : 16"",""speed"":""74.1 km/h"",""res"":""Punkt: K. Jastrzębski""},{""type"":""rally"",""score"":""17 : 16"",""speed"":""95.4 km/h"",""res"":""Błąd: K. Lewicki""},{""type"":""rally"",""score"":""16 : 16"",""speed"":""58.2 km/h"",""res"":""Punkt: T. Rybicki""},{""type"":""tmo"",""score"":""15 : 16"",""txt"":""Czas dla: ""},{""type"":""rally"",""score"":""15 : 16"",""speed"":""52.4 km/h"",""res"":""Punkt: R. Żybura""},{""type"":""rally"",""score"":""15 : 15"",""speed"":""48.6 km/h"",""res"":""Punkt: K. Lewicki""},{""type"":""rally"",""score"":""15 : 14"",""speed"":""63.2 km/h"",""res"":""Punkt: R. Żybura""},{""type"":""chg"",""score"":""15 : 13"",""txt"":""Zmiana: M. Konarski ⇄ �. Gąsior""},{""type"":""rally"",""score"":""15 : 13"",""speed"":""66.4 km/h"",""res"":""Punkt: T. Rybicki""},{""type"":""rally"",""score"":""14 : 13"",""speed"":""88.7 km/h"",""res"":""Punkt: N. Tabor""},{""type"":""rally"",""score"":""13 : 13"",""speed"":""72.2 km/h"",""res"":""Punkt: J. Wolniewicz""},{""type"":""chg"",""score"":""12 : 13"",""txt"":""Zmiana: T. Falba ⇄ M. Liberato""},{""type"":""rally"",""score"":""12 : 13"",""speed"":""52.4 km/h"",""res"":""Punkt: K. Lewicki""},{""type"":""rally"",""score"":""12 : 12"",""speed"":""91.3 km/h"",""res"":""Punkt: C. DeLeon""},{""type"":""rally"",""score"":""12 : 11"",""speed"":""78.6 km/h"",""res"":""Punkt: T. Rybicki""},{""type"":""rally"",""score"":""11 : 11"",""speed"":""56.3 km/h"",""res"":""Punkt: N. Tabor""},{""type"":""rally"",""score"":""10 : 11"",""speed"":""89.7 km/h"",""res"":""Punkt: C. DeLeon""},{""type"":""rally"",""score"":""10 : 10"",""speed"":""75.0 km/h"",""res"":""Punkt: J. Wolniewicz""},{""type"":""chg"",""score"":""9 : 10"",""txt"":""Zmiana: R. Żybura ⇄ F. Owczarek""},{""type"":""rally"",""score"":""9 : 10"",""speed"":""58.6 km/h"",""res"":""Punkt: C. DeLeon""},{""type"":""rally"",""score"":""9 : 9"",""speed"":""62.8 km/h"",""res"":""Punkt: C. DeLeon""},{""type"":""rally"",""score"":""9 : 8"",""speed"":""66.1 km/h"",""res"":""Punkt: F. Owczarek""},{""type"":""chg"",""score"":""9 : 7"",""txt"":""Zmiana: M. Liberato ⇄ T. Falba""},{""type"":""rally"",""score"":""9 : 7"",""speed"":""85.7 km/h"",""res"":""Punkt: L. Drab""},{""type"":""rally"",""score"":""9 : 6"",""speed"":""93.1 km/h"",""res"":""Punkt: C. DeLeon""},{""type"":""rally"",""score"":""9 : 5"",""speed"":""-"",""res"":""Błąd: J. Wolniewicz""},{""type"":""rally"",""score"":""9 : 4"",""speed"":""52.3 km/h"",""res"":""Punkt: K. Jastrzębski""},{""type"":""rally"",""score"":""8 : 4"",""speed"":""90.9 km/h"",""res"":""Punkt: F. Owczarek""},{""type"":""tmo"",""score"":""8 : 3"",""txt"":""Czas dla: ""},{""type"":""rally"",""score"":""8 : 3"",""speed"":""53.9 km/h"",""res"":""Punkt: J. Wolniewicz""},{""type"":""rally"",""score"":""7 : 3"",""speed"":""86.1 km/h"",""res"":""Punkt: K. Lewicki""},{""type"":""chg"",""score"":""7 : 2"",""txt"":""Zmiana: F. Owczarek ⇄ R. Żybura""},{""type"":""rally"",""score"":""7 : 2"",""speed"":""86.8 km/h"",""res"":""Punkt: J. Wolniewicz""},{""type"":""rally"",""score"":""6 : 2"",""speed"":""44.6 km/h"",""res"":""Punkt: N. Tabor""},{""type"":""rally"",""score"":""5 : 2"",""speed"":""59.0 km/h"",""res"":""Punkt: K. Lewicki""},{""type"":""tmo"",""score"":""5 : 1"",""txt"":""Czas dla: Arks Bucz""},{""type"":""rally"",""score"":""5 : 1"",""speed"":""-"",""res"":""Błąd: N. Tabor""},{""type"":""rally"",""score"":""5 : 0"",""speed"":""95.3 km/h"",""res"":""Punkt: N. Tabor""},{""type"":""rally"",""score"":""4 : 0"",""speed"":""54.8 km/h"",""res"":""Punkt: T. Rybicki""},{""type"":""rally"",""score"":""3 : 0"",""speed"":""100.8 km/h"",""res"":""Błąd: C. DeLeon""},{""type"":""rally"",""score"":""2 : 0"",""speed"":""66.1 km/h"",""res"":""Błąd: R. Żybura""},{""type"":""rally"",""score"":""1 : 0"",""speed"":""-"",""res"":""Błąd: Ł. Gąsior""}]},{""rallies"":[{""type"":""end"",""score"":""22 : 25"",""txt"":""Koniec seta 1 : 2""},{""type"":""end"",""score"":""22 : 25"",""txt"":""Koniec seta 1 : 2""},{""type"":""rally"",""score"":""22 : 25"",""speed"":""72.4 km/h"",""res"":""Punkt: D. Mościcki""},{""type"":""rally"",""score"":""22 : 24"",""speed"":""58.4 km/h"",""res"":""Punkt: T. Rybicki""},{""type"":""rally"",""score"":""21 : 24"",""speed"":""66.4 km/h"",""res"":""Punkt: R. Żybura""},{""type"":""rally"",""score"":""21 : 23"",""speed"":""54.7 km/h"",""res"":""Punkt: D. Mościcki""},{""type"":""rally"",""score"":""21 : 22"",""speed"":""63.5 km/h"",""res"":""Punkt: N. Tabor""},{""type"":""rally"",""score"":""20 : 22"",""speed"":""92.7 km/h"",""res"":""Punkt: K. Jastrzębski""},{""type"":""rally"",""score"":""19 : 22"",""speed"":""80.0 km/h"",""res"":""Punkt: M. Liberato""},{""type"":""rally"",""score"":""18 : 22"",""speed"":""46.5 km/h"",""res"":""Punkt: L. Drab""},{""type"":""rally"",""score"":""18 : 21"",""speed"":""65.1 km/h"",""res"":""Punkt: M. Liberato""},{""type"":""rally"",""score"":""17 : 21"",""speed"":""62.5 km/h"",""res"":""Punkt: K. Jastrzębski""},{""type"":""rally"",""score"":""16 : 21"",""speed"":""55.8 km/h"",""res"":""Punkt: A. Ashford""},{""type"":""rally"",""score"":""16 : 20"",""speed"":""60.6 km/h"",""res"":""Punkt: M. Onorato""},{""type"":""rally"",""score"":""15 : 20"",""speed"":""56.3 km/h"",""res"":""Błąd: R. Żybura""},{""type"":""rally"",""score"":""14 : 20"",""speed"":""90.6 km/h"",""res"":""Punkt: A. Ashford""},{""type"":""rally"",""score"":""14 : 19"",""speed"":""82.7 km/h"",""res"":""Punkt: K. Jastrzębski""},{""type"":""rally"",""score"":""13 : 19"",""speed"":""70.6 km/h"",""res"":""Punkt: N. Tabor""},{""type"":""rally"",""score"":""12 : 19"",""speed"":""71.2 km/h"",""res"":""Punkt: R. Żybura""},{""type"":""chg"",""score"":""12 : 18"",""txt"":""Zmiana: M. Liberato ⇄ T. Falba""},{""type"":""rally"",""score"":""12 : 18"",""speed"":""60.8 km/h"",""res"":""Punkt: K. Lewicki""},{""type"":""rally"",""score"":""12 : 17"",""speed"":""80.9 km/h"",""res"":""Punkt: T. Rybicki""},{""type"":""rally"",""score"":""11 : 17"",""speed"":""83.4 km/h"",""res"":""Punkt: J. Wolniewicz""},{""type"":""rally"",""score"":""10 : 17"",""speed"":""47.0 km/h"",""res"":""Punkt: T. Rybicki""},{""type"":""rally"",""score"":""9 : 17"",""speed"":""84.2 km/h"",""res"":""Punkt: K. Lewicki""},{""type"":""rally"",""score"":""9 : 16"",""speed"":""57.1 km/h"",""res"":""Punkt: M. Onorato""},{""type"":""tmo"",""score"":""8 : 16"",""txt"":""Czas dla: ""},{""type"":""rally"",""score"":""8 : 16"",""speed"":""68.1 km/h"",""res"":""Błąd: J. Wolniewicz""},{""type"":""chg"",""score"":""8 : 15"",""txt"":""Zmiana: D. Mościcki ⇄ C. DeLeon""},{""type"":""chg"",""score"":""8 : 15"",""txt"":""Zmiana: A. Ashford ⇄ J. Cisek""},{""type"":""rally"",""score"":""8 : 15"",""speed"":""49.6 km/h"",""res"":""Punkt: C. DeLeon""},{""type"":""chg"",""score"":""8 : 14"",""txt"":""Zmiana: M. Konarski ⇄ �. Gąsior""},{""type"":""rally"",""score"":""8 : 14"",""speed"":""43.4 km/h"",""res"":""Punkt: R. Żybura""},{""type"":""tmo"",""score"":""8 : 13"",""txt"":""Czas dla: RTS.Strongman Małecz""},{""type"":""rally"",""score"":""8 : 13"",""speed"":""58.1 km/h"",""res"":""Punkt: R. Żybura""},{""type"":""rally"",""score"":""8 : 12"",""speed"":""68.1 km/h"",""res"":""Punkt: C. DeLeon""},{""type"":""rally"",""score"":""8 : 11"",""speed"":""-"",""res"":""Błąd: K. Jastrzębski""},{""type"":""rally"",""score"":""8 : 10"",""speed"":""83.8 km/h"",""res"":""Punkt: M. Onorato""},{""type"":""rally"",""score"":""7 : 10"",""speed"":""49.4 km/h"",""res"":""Punkt: K. Jastrzębski""},{""type"":""chg"",""score"":""6 : 10"",""txt"":""Zmiana: R. Żybura ⇄ F. Owczarek""},{""type"":""rally"",""score"":""6 : 10"",""speed"":""72.3 km/h"",""res"":""Punkt: F. Owczarek""},{""type"":""chg"",""score"":""6 : 9"",""txt"":""Zmiana: K. Lewicki ⇄ S. Borzymowski""},{""type"":""rally"",""score"":""6 : 9"",""speed"":""93.9 km/h"",""res"":""Punkt: N. Tabor""},{""type"":""rally"",""score"":""5 : 9"",""speed"":""63.0 km/h"",""res"":""Punkt: L. Drab""},{""type"":""rally"",""score"":""5 : 8"",""speed"":""73.9 km/h"",""res"":""Błąd: L. Drab""},{""type"":""rally"",""score"":""4 : 8"",""speed"":""60.9 km/h"",""res"":""Punkt: K. Jastrzębski""},{""type"":""tmo"",""score"":""3 : 8"",""txt"":""Czas dla: ""},{""type"":""rally"",""score"":""3 : 8"",""speed"":""-"",""res"":""Błąd: T. Rybicki""},{""type"":""chg"",""score"":""3 : 7"",""txt"":""Zmiana: M. Onorato ⇄ K. Gajda""},{""type"":""rally"",""score"":""3 : 7"",""speed"":""66.9 km/h"",""res"":""Punkt: T. Rybicki""},{""type"":""rally"",""score"":""2 : 7"",""speed"":""50.8 km/h"",""res"":""Błąd: K. Gajda""},{""type"":""rally"",""score"":""2 : 6"",""speed"":""91.5 km/h"",""res"":""Punkt: N. Tabor""},{""type"":""rally"",""score"":""1 : 6"",""speed"":""66.3 km/h"",""res"":""Punkt: J. Wolniewicz""},{""type"":""chg"",""score"":""0 : 6"",""txt"":""Zmiana: F. Owczarek ⇄ R. Żybura""},{""type"":""rally"",""score"":""0 : 6"",""speed"":""54.7 km/h"",""res"":""Błąd: T. Rybicki""},{""type"":""chg"",""score"":""0 : 5"",""txt"":""Zmiana: S. Borzymowski ⇄ K. Lewicki""},{""type"":""rally"",""score"":""0 : 5"",""speed"":""53.2 km/h"",""res"":""Punkt: R. Żybura""},{""type"":""rally"",""score"":""0 : 4"",""speed"":""67.7 km/h"",""res"":""Punkt: J. Cisek""},{""type"":""chg"",""score"":""0 : 3"",""txt"":""Zmiana: K. Gajda ⇄ M. Onorato""},{""type"":""rally"",""score"":""0 : 3"",""speed"":""48.5 km/h"",""res"":""Punkt: C. DeLeon""},{""type"":""rally"",""score"":""0 : 2"",""speed"":""54.4 km/h"",""res"":""Punkt: J. Cisek""},{""type"":""rally"",""score"":""0 : 1"",""speed"":""62.7 km/h"",""res"":""Punkt: K. Lewicki""}]},{""rallies"":[{""type"":""end"",""score"":""25 : 20"",""txt"":""Koniec seta 2 : 2""},{""type"":""end"",""score"":""25 : 20"",""txt"":""Koniec seta 2 : 2""},{""type"":""rally"",""score"":""25 : 20"",""speed"":""64.4 km/h"",""res"":""Punkt: K. Jastrzębski""},{""type"":""rally"",""score"":""24 : 20"",""speed"":""45.6 km/h"",""res"":""Błąd: K. Jastrzębski""},{""type"":""rally"",""score"":""24 : 19"",""speed"":""63.0 km/h"",""res"":""Błąd: K. Jastrzębski""},{""type"":""rally"",""score"":""24 : 18"",""speed"":""63.8 km/h"",""res"":""Punkt: N. Tabor""},{""type"":""chg"",""score"":""23 : 18"",""txt"":""Zmiana: L. Drab ⇄ S. Borzymowski""},{""type"":""chg"",""score"":""23 : 18"",""txt"":""Zmiana: R. Żybura ⇄ F. Owczarek""},{""type"":""rally"",""score"":""23 : 18"",""speed"":""68.6 km/h"",""res"":""Punkt: K. Jastrzębski""},{""type"":""rally"",""score"":""22 : 18"",""speed"":""-"",""res"":""Błąd: C. DeLeon""},{""type"":""chg"",""score"":""21 : 18"",""txt"":""Zmiana: M. Liberato ⇄ T. Falba""},{""type"":""chg"",""score"":""21 : 18"",""txt"":""Zmiana: K. Gajda ⇄ M. Onorato""},{""type"":""rally"",""score"":""21 : 18"",""speed"":""56.4 km/h"",""res"":""Punkt: J. Cisek""},{""type"":""rally"",""score"":""21 : 17"",""speed"":""51.7 km/h"",""res"":""Punkt: F. Owczarek""},{""type"":""rally"",""score"":""21 : 16"",""speed"":""62.7 km/h"",""res"":""Punkt: T. Rybicki""},{""type"":""tmo"",""score"":""20 : 16"",""txt"":""Czas dla: Arks Bucz""},{""type"":""rally"",""score"":""20 : 16"",""speed"":""59.8 km/h"",""res"":""Punkt: T. Rybicki""},{""type"":""rally"",""score"":""19 : 16"",""speed"":""63.3 km/h"",""res"":""Punkt: C. DeLeon""},{""type"":""rally"",""score"":""19 : 15"",""speed"":""-"",""res"":""Błąd: T. Falba""},{""type"":""rally"",""score"":""19 : 14"",""speed"":""64.7 km/h"",""res"":""Punkt: T. Rybicki""},{""type"":""rally"",""score"":""18 : 14"",""speed"":""77.4 km/h"",""res"":""Punkt: C. DeLeon""},{""type"":""chg"",""score"":""18 : 13"",""txt"":""Zmiana: F. Owczarek ⇄ R. Żybura""},{""type"":""chg"",""score"":""18 : 13"",""txt"":""Zmiana: S. Borzymowski ⇄ L. Drab""},{""type"":""chg"",""score"":""18 : 13"",""txt"":""Zmiana: �. Gąsior ⇄ M. Konarski""},{""type"":""rally"",""score"":""18 : 13"",""speed"":""80.5 km/h"",""res"":""Punkt: T. Rybicki""},{""type"":""rally"",""score"":""17 : 13"",""speed"":""59.3 km/h"",""res"":""Punkt: K. Jastrzębski""},{""type"":""tmo"",""score"":""16 : 13"",""txt"":""Czas dla: ""},{""type"":""rally"",""score"":""16 : 13"",""speed"":""82.7 km/h"",""res"":""Punkt: K. Jastrzębski""},{""type"":""rally"",""score"":""15 : 13"",""speed"":""80.8 km/h"",""res"":""Punkt: C. DeLeon""},{""type"":""rally"",""score"":""15 : 12"",""speed"":""62.4 km/h"",""res"":""Punkt: J. Wolniewicz""},{""type"":""rally"",""score"":""14 : 12"",""speed"":""94.6 km/h"",""res"":""Punkt: R. Żybura""},{""type"":""rally"",""score"":""14 : 11"",""speed"":""89.7 km/h"",""res"":""Punkt: K. Jastrzębski""},{""type"":""rally"",""score"":""13 : 11"",""speed"":""66.1 km/h"",""res"":""Błąd: C. DeLeon""},{""type"":""rally"",""score"":""12 : 11"",""speed"":""69.9 km/h"",""res"":""Punkt: R. Żybura""},{""type"":""rally"",""score"":""12 : 10"",""speed"":""94.9 km/h"",""res"":""Punkt: J. Cisek""},{""type"":""chg"",""score"":""12 : 9"",""txt"":""Zmiana: M. Konarski ⇄ �. Gąsior""},{""type"":""rally"",""score"":""12 : 9"",""speed"":""70.5 km/h"",""res"":""Punkt: K. Jastrzębski""},{""type"":""rally"",""score"":""11 : 9"",""speed"":""93.3 km/h"",""res"":""Punkt: K. Jastrzębski""},{""type"":""rally"",""score"":""10 : 9"",""speed"":""-"",""res"":""Błąd: C. DeLeon""},{""type"":""rally"",""score"":""9 : 9"",""speed"":""89.7 km/h"",""res"":""Punkt: R. Żybura""},{""type"":""rally"",""score"":""9 : 8"",""speed"":""64.8 km/h"",""res"":""Punkt: M. Onorato""},{""type"":""rally"",""score"":""8 : 8"",""speed"":""91.4 km/h"",""res"":""Punkt: C. DeLeon""},{""type"":""tmo"",""score"":""8 : 7"",""txt"":""Czas dla: ""},{""type"":""rally"",""score"":""8 : 7"",""speed"":""59.2 km/h"",""res"":""Punkt: T. Rybicki""},{""type"":""rally"",""score"":""7 : 7"",""speed"":""76.1 km/h"",""res"":""Punkt: R. Żybura""},{""type"":""rally"",""score"":""7 : 6"",""speed"":""89.3 km/h"",""res"":""Punkt: M. Onorato""},{""type"":""rally"",""score"":""6 : 6"",""speed"":""82.8 km/h"",""res"":""Punkt: L. Drab""},{""type"":""rally"",""score"":""6 : 5"",""speed"":""61.8 km/h"",""res"":""Błąd: L. Drab""},{""type"":""rally"",""score"":""5 : 5"",""speed"":""50.3 km/h"",""res"":""Punkt: N. Tabor""},{""type"":""rally"",""score"":""4 : 5"",""speed"":""65.9 km/h"",""res"":""Punkt: J. Cisek""},{""type"":""rally"",""score"":""4 : 4"",""speed"":""58.6 km/h"",""res"":""Punkt: L. Drab""},{""type"":""rally"",""score"":""4 : 3"",""speed"":""65.9 km/h"",""res"":""Punkt: K. Jastrzębski""},{""type"":""rally"",""score"":""3 : 3"",""speed"":""68.3 km/h"",""res"":""Punkt: K. Lewicki""},{""type"":""rally"",""score"":""3 : 2"",""speed"":""65.5 km/h"",""res"":""Punkt: R. Żybura""},{""type"":""rally"",""score"":""3 : 1"",""speed"":""55.0 km/h"",""res"":""Punkt: T. Rybicki""},{""type"":""tmo"",""score"":""2 : 1"",""txt"":""Czas dla: Arks Bucz""},{""type"":""rally"",""score"":""2 : 1"",""speed"":""80.8 km/h"",""res"":""Punkt: K. Lewicki""},{""type"":""rally"",""score"":""2 : 0"",""speed"":""79.3 km/h"",""res"":""Punkt: T. Rybicki""},{""type"":""rally"",""score"":""1 : 0"",""speed"":""60.8 km/h"",""res"":""Punkt: M. Onorato""}]},{""rallies"":[{""type"":""end"",""score"":""15 : 13"",""txt"":""Koniec seta 3 : 2""},{""type"":""end"",""score"":""15 : 13"",""txt"":""Koniec seta 3 : 2""},{""type"":""rally"",""score"":""15 : 13"",""speed"":""52.4 km/h"",""res"":""Punkt: N. Tabor""},{""type"":""rally"",""score"":""14 : 13"",""speed"":""67.0 km/h"",""res"":""Punkt: J. Cisek""},{""type"":""chg"",""score"":""14 : 12"",""txt"":""Zmiana: �. Gąsior ⇄ M. Konarski""},{""type"":""rally"",""score"":""14 : 12"",""speed"":""82.4 km/h"",""res"":""Błąd: R. Żybura""},{""type"":""rally"",""score"":""13 : 12"",""speed"":""66.8 km/h"",""res"":""Punkt: T. Rybicki""},{""type"":""rally"",""score"":""12 : 12"",""speed"":""56.9 km/h"",""res"":""Błąd: N. Tabor""},{""type"":""rally"",""score"":""12 : 11"",""speed"":""83.6 km/h"",""res"":""Punkt: J. Cisek""},{""type"":""rally"",""score"":""12 : 10"",""speed"":""54.8 km/h"",""res"":""Punkt: N. Tabor""},{""type"":""rally"",""score"":""11 : 10"",""speed"":""50.3 km/h"",""res"":""Punkt: J. Cisek""},{""type"":""rally"",""score"":""11 : 9"",""speed"":""93.0 km/h"",""res"":""Punkt: K. Lewicki""},{""type"":""rally"",""score"":""11 : 8"",""speed"":""-"",""res"":""Błąd: M. Konarski""},{""type"":""rally"",""score"":""10 : 8"",""speed"":""-"",""res"":""Błąd: K. Jastrzębski""},{""type"":""rally"",""score"":""10 : 7"",""speed"":""70.1 km/h"",""res"":""Punkt: T. Rybicki""},{""type"":""chg"",""score"":""9 : 7"",""txt"":""Zmiana: M. Konarski ⇄ �. Gąsior""},{""type"":""rally"",""score"":""9 : 7"",""speed"":""66.0 km/h"",""res"":""Błąd: K. Lewicki""},{""type"":""rally"",""score"":""8 : 7"",""speed"":""67.2 km/h"",""res"":""Punkt: K. Jastrzębski""},{""type"":""rally"",""score"":""7 : 7"",""speed"":""80.7 km/h"",""res"":""Punkt: J. Wolniewicz""},{""type"":""rally"",""score"":""6 : 7"",""speed"":""73.2 km/h"",""res"":""Punkt: L. Drab""},{""type"":""rally"",""score"":""6 : 6"",""speed"":""76.8 km/h"",""res"":""Punkt: J. Wolniewicz""},{""type"":""rally"",""score"":""5 : 6"",""speed"":""80.1 km/h"",""res"":""Punkt: M. Onorato""},{""type"":""rally"",""score"":""4 : 6"",""speed"":""-"",""res"":""Błąd: M. Onorato""},{""type"":""rally"",""score"":""4 : 5"",""speed"":""68.1 km/h"",""res"":""Punkt: N. Tabor""},{""type"":""rally"",""score"":""3 : 5"",""speed"":""60.2 km/h"",""res"":""Punkt: J. Cisek""},{""type"":""chg"",""score"":""3 : 4"",""txt"":""Zmiana: M. Liberato ⇄ T. Falba""},{""type"":""rally"",""score"":""3 : 4"",""speed"":""50.2 km/h"",""res"":""Punkt: L. Drab""},{""type"":""rally"",""score"":""3 : 3"",""speed"":""105.6 km/h"",""res"":""Punkt: J. Cisek""},{""type"":""rally"",""score"":""3 : 2"",""speed"":""65.3 km/h"",""res"":""Punkt: M. Onorato""},{""type"":""rally"",""score"":""2 : 2"",""speed"":""94.2 km/h"",""res"":""Błąd: J. Wolniewicz""},{""type"":""tmo"",""score"":""2 : 1"",""txt"":""Czas dla: Arks Bucz""},{""type"":""rally"",""score"":""2 : 1"",""speed"":""75.9 km/h"",""res"":""Błąd: R. Żybura""},{""type"":""rally"",""score"":""1 : 1"",""speed"":""52.8 km/h"",""res"":""Punkt: T. Rybicki""},{""type"":""rally"",""score"":""0 : 1"",""speed"":""89.4 km/h"",""res"":""Punkt: C. DeLeon""}]}]}","1","1","0","2","0","0","8","34","0","0","7","0","0","1","91.4","78.5","0","0","0","0","0","0","0","0","0","0","0","0","0","0","0","0","0","0","0","0","0","0","0","0","0","0","0","0","0","0","39","16","2","3","30","90","0","0","0","0","0","8","3","0","1","3","1","1","0","0","0","1","0","5","9","22","23","31","5","bulk-1.27-teamid-from-league-list","0","0","0"
"3.6","RTS.Strongman Małecz vs Arks Bucz 3:2","1216018","2026-09-05 17:00","Strongman Arena","RTS.Strongman Małecz","130601","Tabor, Nikodem","1865692","16","8","25","1","3","100.8","28","7","11","39","14","23","17","10","6","1","48","39","0","100","18","46","2","29","71","0","0","0","0","0","0","0","59.5","","1","3","0","3","0","0","29","71","2","0","24","0","0","5","100.8","76","1","0","1","0","1","3","1","0","1","0","1","3","3","0","0","0","4","7","0","0","0","0","0","0","6","2","3","0","4","15","0","0","0","0","0","0","12","14","11","2","39","10","4","3","1","2","0","1","0","1","0","0","0","5","15","25","25","18","15","bulk-1.27-teamid-from-league-list","0","0","0"
"3.6","RTS.Strongman Małecz vs Arks Bucz 3:2","1216018","2026-09-05 17:00","Strongman Arena","RTS.Strongman Małecz","130601","Rybicki, Tomasz","1929491","24","17","24","2","2","105.6","36","5","17","47","33","8","5","4","3","2","75","0","0","0","0","0","5","46","82","1","0","3","0","2","0","1","56.1","","1","1","1","2","0","0","46","82","5","0","41","0","0","5","105.6","80.9","2","0","0","0","3","5","0","0","1","0","1","2","0","0","0","0","0","0","15","1","3","0","10","29","0","0","0","0","0","0","1","0","0","1","1","3","0","0","0","0","0","4","3","0","0","0","1","2","1","0","0","1","0","5","10","13","15","17","8","bulk-1.27-teamid-from-league-list","0","0","0"
"3.6","RTS.Strongman Małecz vs Arks Bucz 3:2","1216018","2026-09-05 17:00","Strongman Arena","RTS.Strongman Małecz","130601","Onorato, Matías","2112926","14","9","13","2","1","94.6","25","3","13","52","40","15","9","2","6","0","13","0","0","0","0","0","0","21","77","0","0","0","0","0","0","0","32.1","","0","2","0","4","0","0","21","77","0","0","19","0","0","2","94.6","71.2","0","0","0","0","1","1","1","0","1","0","0","2","3","0","1","1","4","9","0","0","0","0","0","0","7","0","1","1","4","13","0","0","0","0","0","0","0","0","0","0","0","2","1","0","0","0","1","0","0","0","0","0","0","5","8","6","13","11","5","bulk-1.27-teamid-from-league-list","0","0","0"
"3.6","RTS.Strongman Małecz vs Arks Bucz 3:2","1216018","2026-09-05 17:00","Strongman Arena","RTS.Strongman Małecz","130601","Wolniewicz, Juliusz","1767369","12","3","13","1","1","91.4","27","7","10","37","11","28","19","6","9","1","25","46","1","98","18","39","1","25","74","0","0","0","0","0","0","0","45.1","","1","5","0","4","0","0","25","74","1","0","23","0","0","2","91.4","72.4","0","0","0","0","2","2","1","0","3","0","0","4","5","1","1","0","3","10","0","0","0","0","0","0","4","1","1","0","5","11","0","0","0","0","0","0","9","16","13","7","45","6","2","1","0","3","0","1","0","0","0","1","0","5","21","18","20","22","13","bulk-1.27-teamid-from-league-list","0","0","0"
"3.6","RTS.Strongman Małecz vs Arks Bucz 3:2","1216018","2026-09-05 17:00","Strongman Arena","RTS.Strongman Małecz","130601","Jastrzębski, Krzysztof","1927799","23","10","19","2","3","89.7","35","11","15","43","11","7","5","4","2","1","71","0","0","0","0","0","5","42","63","0","0","0","0","0","0","0","41.3","","0","0","1","2","0","0","42","63","5","0","36","0","1","6","92.7","73.7","3","0","0","0","4","7","0","0","2","2","1","5","0","0","0","0","0","0","10","4","5","0","4","23","0","0","0","0","0","0","0","0","0","0","0","0","0","0","0","0","0","4","3","0","0","1","0","1","0","1","0","0","0","5","11","15","10","15","7","bulk-1.27-teamid-from-league-list","0","0","0"
"3.6","RTS.Strongman Małecz vs Arks Bucz 3:2","1216018","2026-09-05 17:00","Strongman Arena","RTS.Strongman Małecz","130601","Miłoszewski, Jacek","2003246","0","0","0","0","0","0","0","0","0","0","0","32","20","12","12","2","44","13","0","100","8","62","0","0","0","3","0","11","1","1","5","4","18.8","","2","7","0","4","0","1","0","0","0","0","0","0","0","0","0","0","0","0","0","0","0","0","0","0","0","0","0","0","0","0","0","0","0","0","0","0","0","0","0","0","0","0","0","0","0","0","3","0","0","1","7","11","6","4","3","0","13","12","3","6","1","1","1","2","1","0","0","1","0","5","10","10","13","7","5","bulk-1.27-teamid-from-league-list","0","0","0"
"3.6","RTS.Strongman Małecz vs Arks Bucz 3:2","1216018","2026-09-05 17:00","Strongman Arena","RTS.Strongman Małecz","130601","Liberato, Max","2088064","2","2","6","0","0","93","1","0","1","100","100","12","12","5","0","0","42","0","0","0","0","0","1","9","20","22","8","51","13","13","17","8","9","","0","0","0","0","0","0","9","20","1","0","9","0","0","0","93","80.8","1","0","0","0","0","1","0","0","0","0","0","0","0","0","0","0","0","0","0","0","0","0","0","0","0","0","0","0","0","0","22","8","2","5","15","51","0","0","0","0","0","5","1","0","1","2","1","0","0","0","0","0","0","5","22","8","10","5","13","bulk-1.27-teamid-from-league-list","0","0","0"
"3.6","RTS.Strongman Małecz vs Arks Bucz 3:2","1216018","2026-09-05 17:00","Strongman Arena","RTS.Strongman Małecz","130601","Gajda, Krzysztof","2140041","2","1","0","0","0","0","4","1","2","50","25","1","1","0","0","0","0","0","0","0","0","0","0","3","14","0","0","0","0","0","0","0","2.5","","0","0","0","0","0","0","3","14","0","0","3","0","0","0","0","0","0","0","0","0","0","0","0","0","0","0","0","0","1","1","0","0","1","3","0","0","0","0","0","0","1","0","0","0","0","1","0","0","0","0","0","0","0","0","0","0","0","0","0","0","0","0","0","0","0","0","0","0","0","2","3","0","2","0","0","bulk-1.27-teamid-from-league-list","0","0","0"
"3.6","RTS.Strongman Małecz vs Arks Bucz 3:2","1216018","2026-09-05 17:00","Strongman Arena","Arks Bucz","128755","Gąsior, Łucjan","1865723","0","-2","11","2","0","72.2","0","0","0","0","0","14","12","5","2","1","43","0","0","0","0","0","0","12","52","39","5","91","28","30","21","12","2.4","","1","1","0","1","0","0","12","52","0","0","8","0","0","4","72.2","60.3","0","0","0","0","0","0","0","0","0","0","0","0","0","0","0","0","0","0","0","0","0","0","0","0","0","0","0","0","0","0","39","5","1","7","39","91","0","0","0","0","0","5","2","0","0","2","1","1","0","1","0","0","0","5","17","23","16","23","11","bulk-1.27-teamid-from-league-list","0","0","0"
"3.6","RTS.Strongman Małecz vs Arks Bucz 3:2","1216018","2026-09-05 17:00","Strongman Arena","Arks Bucz","128755","DeLeon, Clarence","1725278","18","8","21","2","0","69.1","31","4","13","42","29","30","22","11","8","5","53","56","4","93","19","34","5","37","57","0","0","0","0","0","0","0","70","","3","4","0","2","2","2","37","57","5","1","30","0","0","7","69.1","56.4","3","0","0","0","2","5","1","0","1","0","0","2","6","2","0","0","11","19","0","0","0","0","0","0","3","1","0","0","1","5","0","0","0","0","0","0","14","22","10","6","52","11","6","1","0","4","0","5","2","0","0","3","0","5","18","31","15","28","18","bulk-1.27-teamid-from-league-list","0","0","0"
"3.6","RTS.Strongman Małecz vs Arks Bucz 3:2","1216018","2026-09-05 17:00","Strongman Arena","Arks Bucz","128755","Lewicki, Krzysztof","2002578","16","12","19","1","1","77.8","14","3","5","36","14","4","3","1","1","0","25","0","0","0","0","0","10","35","74","2","0","3","0","0","3","0","41.1","","0","0","0","1","0","0","35","74","8","0","24","2","0","11","77.8","64.5","1","0","0","0","1","2","0","0","1","0","0","1","0","0","0","0","0","0","4","2","0","0","5","11","0","0","0","0","0","0","2","0","0","0","1","3","0","0","0","0","0","1","0","0","1","0","0","0","0","0","0","0","0","5","9","10","6","10","7","bulk-1.27-teamid-from-league-list","0","0","0"
"3.6","RTS.Strongman Małecz vs Arks Bucz 3:2","1216018","2026-09-05 17:00","Strongman Arena","Arks Bucz","128755","Żybura, Rafał","2088658","18","13","15","1","0","70.2","37","4","17","46","35","13","6","1","7","2","23","0","0","0","0","0","1","26","75","0","0","0","0","0","0","0","38.6","","1","1","0","3","1","3","26","75","1","0","18","0","0","8","70.2","57.4","5","0","1","0","3","9","1","0","1","0","0","2","10","2","0","0","13","25","0","0","0","0","0","0","1","0","0","0","0","1","0","0","0","0","0","0","0","0","0","0","0","1","0","0","0","1","0","2","0","0","1","1","0","5","15","9","11","13","10","bulk-1.27-teamid-from-league-list","0","0","0"
"3.6","RTS.Strongman Małecz vs Arks Bucz 3:2","1216018","2026-09-05 17:00","Strongman Arena","Arks Bucz","128755","Cisek, Jacek","1929374","12","5","16","0","0","93.9","25","5","10","40","20","20","16","6","4","1","35","8","2","75","2","25","2","32","81","0","0","0","0","0","0","0","26.9","","1","3","0","1","0","0","32","81","1","1","21","1","0","11","93.9","75.6","1","0","1","0","0","2","2","0","2","0","1","5","7","0","1","0","7","15","0","0","0","0","0","0","0","0","1","0","2","3","0","0","0","0","0","0","2","2","2","0","6","6","3","1","0","2","0","1","1","0","0","0","0","5","8","16","11","13","12","bulk-1.27-teamid-from-league-list","0","0","0"
"3.6","RTS.Strongman Małecz vs Arks Bucz 3:2","1216018","2026-09-05 17:00","Strongman Arena","Arks Bucz","128755","Drab, Leon","1951247","11","9","8","0","0","80.7","14","2","6","43","29","3","0","0","3","1","33","0","0","0","0","0","5","51","68","0","0","0","0","0","0","0","30.2","","0","0","0","2","1","1","51","68","4","0","32","1","1","19","80.7","64.4","0","0","0","0","0","0","0","0","0","0","0","0","0","0","0","0","0","0","6","2","0","0","6","14","0","0","0","0","0","0","0","0","0","0","0","0","0","0","0","0","0","0","0","0","0","0","0","1","0","0","0","1","0","5","5","3","5","8","7","bulk-1.27-teamid-from-league-list","0","0","0"
"3.6","RTS.Strongman Małecz vs Arks Bucz 3:2","1216018","2026-09-05 17:00","Strongman Arena","Arks Bucz","128755","Noszczyński, Kacper","2060803","0","-2","0","0","0","0","0","0","0","0","0","26","20","8","6","4","46","13","2","85","2","15","0","0","0","3","2","9","2","1","3","3","9.2","","3","5","0","0","1","1","0","0","0","0","0","0","0","0","0","0","0","0","0","0","0","0","0","0","0","0","0","0","0","0","0","0","0","0","0","0","0","0","0","0","0","0","0","0","0","0","3","2","0","0","4","9","2","7","2","0","11","8","7","1","0","0","0","4","3","0","0","1","0","5","7","8","12","12","6","bulk-1.27-teamid-from-league-list","0","0","0"
"3.6","RTS.Strongman Małecz vs Arks Bucz 3:2","1216018","2026-09-05 17:00","Strongman Arena","Arks Bucz","128755","Owczarek, Franciszek","1975137","4","4","2","0","0","60.9","7","0","4","57","57","8","5","2","3","2","50","0","0","0","0","0","0","14","17","0","0","0","0","0","0","0","10.4","","2","2","0","1","0","0","14","17","0","0","11","0","0","3","60.9","56.6","2","0","0","0","0","2","0","0","0","0","0","0","1","0","0","0","2","3","0","0","0","0","0","0","1","0","0","0","1","2","0","0","0","0","0","0","0","0","0","0","0","2","0","0","0","2","0","2","2","0","0","0","0","4","1","5","3","3","0","bulk-1.27-teamid-from-league-list","0","0","0"
"3.6","RTS.Strongman Małecz vs Arks Bucz 3:2","1216018","2026-09-05 17:00","Strongman Arena","Arks Bucz","128755","Mościcki, Damian","2112352","5","1","2","0","0","56.4","9","2","5","56","33","3","3","1","0","0","33","17","2","88","9","53","0","4","10","0","0","0","0","0","0","0","13.4","","0","0","0","0","0","0","4","10","0","0","1","0","0","3","56.4","51.7","1","0","0","0","0","1","0","0","1","0","0","1","4","0","0","0","2","6","0","0","0","0","0","0","0","0","1","0","0","1","0","0","0","0","0","0","4","6","3","2","15","1","1","0","0","0","0","0","0","0","0","0","0","2","8","0","14","0","0","bulk-1.27-teamid-from-league-list","0","0","0"
"3.6","RTS.Strongman Małecz vs Arks Bucz 3:2","1216018","2026-09-05 17:00","Strongman Arena","Arks Bucz","128755","Ashford, Alejandro","2032786","3","0","2","0","0","62.5","6","3","3","50","0","6","5","1","1","0","17","3","0","100","2","67","0","2","7","0","0","0","0","0","0","0","4.3","","0","1","0","0","0","0","2","7","0","0","1","0","1","1","62.5","58.7","0","0","0","0","0","0","1","0","3","0","0","4","2","0","0","0","0","2","0","0","0","0","0","0","0","0","0","0","0","0","0","0","0","0","0","0","0","2","0","1","3","1","0","0","0","1","0","0","0","0","0","0","0","2","5","0","10","0","0","bulk-1.27-teamid-from-league-list","0","0","0"
"3.6","RTS.Strongman Małecz vs Arks Bucz 3:2","1216018","2026-09-05 17:00","Strongman Arena","Arks Bucz","128755","Borzymowski, Sławomir","1905842","3","3","2","0","0","66.9","2","0","2","100","100","0","0","0","0","0","0","0","0","0","0","0","1","9","13","0","0","0","0","0","0","0","7","","0","0","0","0","0","0","9","13","0","0","7","1","0","2","66.9","65.8","0","0","0","0","0","0","0","0","0","1","0","1","0","0","0","0","0","0","1","0","0","0","0","1","0","0","0","0","0","0","0","0","0","0","0","0","0","0","0","0","0","0","0","0","0","0","0","0","0","0","0","0","0","3","0","2","2","1","0","bulk-1.27-teamid-from-league-list","0","0","0"
"3.6","RTS.Strongman Małecz vs Arks Bucz 3:2","1216018","2026-09-05 17:00","Strongman Arena","Arks Bucz","128755","Konarski, Marcin","1865722","0","-1","7","1","0","68.1","0","0","0","0","0","12","8","6","4","0","50","0","0","0","0","0","0","2","11","20","7","42","7","23","6","6","3.8","","0","1","0","3","0","0","2","11","0","0","1","0","0","1","68.1","58","0","0","0","0","0","0","0","0","0","0","0","0","0","0","0","0","0","0","0","0","0","0","0","0","0","0","0","0","0","0","20","7","0","2","13","42","0","0","0","0","0","6","3","1","1","1","0","0","0","0","0","0","0","5","8","7","18","7","8","bulk-1.27-teamid-from-league-list","0","0","0"
"3.6","Warszawa Warriors vs Twierdza Teodorówka 0:3","1216019","2026-09-05 17:00","Collosseum","Warszawa Warriors","140753","Aspropoulos, Diether","2059884","2","2","10","0","1","71.7","0","0","0","0","0","20","11","3","9","4","35","0","0","0","0","0","1","16","48","33","16","93","12","31","29","21","10","{""sets"":[{""h"":16,""a"":25},{""h"":19,""a"":25},{""h"":22,""a"":25}],""parsedSets"":[{""rallies"":[{""type"":""end"",""score"":""16 : 25"",""txt"":""Koniec seta 0 : 1""},{""type"":""end"",""score"":""16 : 25"",""txt"":""Koniec seta 0 : 1""},{""type"":""rally"",""score"":""16 : 25"",""speed"":""65.9 km/h"",""res"":""Punkt: E. Breviglieri""},{""type"":""rally"",""score"":""16 : 24"",""speed"":""46.1 km/h"",""res"":""Punkt: K. Rutkowski""},{""type"":""rally"",""score"":""16 : 23"",""speed"":""66.6 km/h"",""res"":""Punkt: K. Rutkowski""},{""type"":""rally"",""score"":""16 : 22"",""speed"":""55.6 km/h"",""res"":""Punkt: P. Witkowski""},{""type"":""rally"",""score"":""15 : 22"",""speed"":""60.8 km/h"",""res"":""Punkt: K. Możejko""},{""type"":""rally"",""score"":""15 : 21"",""speed"":""49.2 km/h"",""res"":""Punkt: K. Rutkowski""},{""type"":""rally"",""score"":""15 : 20"",""speed"":""-"",""res"":""Błąd: A. Kladar""},{""type"":""rally"",""score"":""14 : 20"",""speed"":""51.2 km/h"",""res"":""Punkt: K. Rutkowski""},{""type"":""rally"",""score"":""14 : 19"",""speed"":""60.6 km/h"",""res"":""Punkt: J. Davis""},{""type"":""rally"",""score"":""13 : 19"",""speed"":""73.9 km/h"",""res"":""Punkt: K. Rutkowski""},{""type"":""rally"",""score"":""13 : 18"",""speed"":""54.4 km/h"",""res"":""Punkt: J. Davis""},{""type"":""rally"",""score"":""12 : 18"",""speed"":""57.2 km/h"",""res"":""Błąd: J. Deschamps""},{""type"":""rally"",""score"":""12 : 17"",""speed"":""64.0 km/h"",""res"":""Punkt: E. Breviglieri""},{""type"":""rally"",""score"":""12 : 16"",""speed"":""57.7 km/h"",""res"":""Punkt: J. Deschamps""},{""type"":""tmo"",""score"":""11 : 16"",""txt"":""Czas dla: ""},{""type"":""rally"",""score"":""11 : 16"",""speed"":""56.2 km/h"",""res"":""Punkt: K. Rutkowski""},{""type"":""rally"",""score"":""11 : 15"",""speed"":""61.4 km/h"",""res"":""Punkt: P. Witkowski""},{""type"":""rally"",""score"":""10 : 15"",""speed"":""71.7 km/h"",""res"":""Punkt: P. Witkowski""},{""type"":""rally"",""score"":""9 : 15"",""speed"":""65.7 km/h"",""res"":""Punkt: J. Deschamps""},{""type"":""tmo"",""score"":""8 : 15"",""txt"":""Czas dla: Warszawa Warriors""},{""type"":""rally"",""score"":""8 : 15"",""speed"":""76.3 km/h"",""res"":""Punkt: T. Krysta""},{""type"":""rally"",""score"":""8 : 14"",""speed"":""53.1 km/h"",""res"":""Punkt: S. Krajewski""},{""type"":""rally"",""score"":""8 : 13"",""speed"":""57.7 km/h"",""res"":""Punkt: K. Rutkowski""},{""type"":""rally"",""score"":""8 : 12"",""speed"":""58.9 km/h"",""res"":""Punkt: S. Krajewski""},{""type"":""rally"",""score"":""8 : 11"",""speed"":""57.4 km/h"",""res"":""Punkt: K. Rutkowski""},{""type"":""rally"",""score"":""8 : 10"",""speed"":""52.9 km/h"",""res"":""Punkt: C. Reinke""},{""type"":""rally"",""score"":""7 : 10"",""speed"":""66.3 km/h"",""res"":""Punkt: F. Baluta""},{""type"":""rally"",""score"":""6 : 10"",""speed"":""54.0 km/h"",""res"":""Punkt: K. Rutkowski""},{""type"":""rally"",""score"":""6 : 9"",""speed"":""58.0 km/h"",""res"":""Błąd: F. Baluta""},{""type"":""tmo"",""score"":""6 : 8"",""txt"":""Czas dla: ""},{""type"":""rally"",""score"":""6 : 8"",""speed"":""62.0 km/h"",""res"":""Punkt: A. Kladar""},{""type"":""rally"",""score"":""6 : 7"",""speed"":""74.1 km/h"",""res"":""Błąd: S. Krajewski""},{""type"":""rally"",""score"":""5 : 7"",""speed"":""71.7 km/h"",""res"":""Punkt: C. Reinke""},{""type"":""rally"",""score"":""4 : 7"",""speed"":""53.4 km/h"",""res"":""Punkt: K. Rutkowski""},{""type"":""rally"",""score"":""4 : 6"",""speed"":""55.1 km/h"",""res"":""Punkt: J. Davis""},{""type"":""rally"",""score"":""3 : 6"",""speed"":""71.2 km/h"",""res"":""Punkt: S. Krajewski""},{""type"":""rally"",""score"":""3 : 5"",""speed"":""45.7 km/h"",""res"":""Punkt: J. Davis""},{""type"":""rally"",""score"":""2 : 5"",""speed"":""63.4 km/h"",""res"":""Punkt: P. Witkowski""},{""type"":""rally"",""score"":""1 : 5"",""speed"":""53.5 km/h"",""res"":""Punkt: A. Kladar""},{""type"":""rally"",""score"":""1 : 4"",""speed"":""58.6 km/h"",""res"":""Punkt: J. Davis""},{""type"":""rally"",""score"":""0 : 4"",""speed"":""62.3 km/h"",""res"":""Punkt: K. Rutkowski""},{""type"":""rally"",""score"":""0 : 3"",""speed"":""54.4 km/h"",""res"":""Błąd: J. Deschamps""},{""type"":""rally"",""score"":""0 : 2"",""speed"":""55.3 km/h"",""res"":""Punkt: E. Breviglieri""},{""type"":""rally"",""score"":""0 : 1"",""speed"":""57.0 km/h"",""res"":""Punkt: S. Krajewski""}]},{""rallies"":[{""type"":""end"",""score"":""19 : 25"",""txt"":""Koniec seta 0 : 2""},{""type"":""end"",""score"":""19 : 25"",""txt"":""Koniec seta 0 : 2""},{""type"":""rally"",""score"":""19 : 25"",""speed"":""66.4 km/h"",""res"":""Punkt: K. Rutkowski""},{""type"":""rally"",""score"":""19 : 24"",""speed"":""53.7 km/h"",""res"":""Punkt: K. Możejko""},{""type"":""rally"",""score"":""19 : 23"",""speed"":""57.3 km/h"",""res"":""Punkt: C. Reinke""},{""type"":""rally"",""score"":""18 : 23"",""speed"":""54.0 km/h"",""res"":""Punkt: K. Rutkowski""},{""type"":""rally"",""score"":""18 : 22"",""speed"":""59.7 km/h"",""res"":""Punkt: C. Reinke""},{""type"":""rally"",""score"":""17 : 22"",""speed"":""-"",""res"":""Błąd: J. Deschamps""},{""type"":""rally"",""score"":""17 : 21"",""speed"":""-"",""res"":""Błąd: S. Krajewski""},{""type"":""rally"",""score"":""16 : 21"",""speed"":""-"",""res"":""Błąd: P. Witkowski""},{""type"":""rally"",""score"":""16 : 20"",""speed"":""58.2 km/h"",""res"":""Punkt: C. Reinke""},{""type"":""rally"",""score"":""15 : 20"",""speed"":""58.2 km/h"",""res"":""Punkt: J. Davis""},{""type"":""rally"",""score"":""14 : 20"",""speed"":""43.8 km/h"",""res"":""Punkt: K. Rutkowski""},{""type"":""rally"",""score"":""14 : 19"",""speed"":""70.1 km/h"",""res"":""Błąd: J. Davis""},{""type"":""rally"",""score"":""14 : 18"",""speed"":""49.0 km/h"",""res"":""Punkt: A. Kladar""},{""type"":""rally"",""score"":""14 : 17"",""speed"":""62.0 km/h"",""res"":""Punkt: J. Deschamps""},{""type"":""rally"",""score"":""13 : 17"",""speed"":""50.5 km/h"",""res"":""Punkt: S. Krajewski""},{""type"":""rally"",""score"":""13 : 16"",""speed"":""69.5 km/h"",""res"":""Punkt: F. Baluta""},{""type"":""tmo"",""score"":""12 : 16"",""txt"":""Czas dla: ""},{""type"":""rally"",""score"":""12 : 16"",""speed"":""55.3 km/h"",""res"":""Punkt: S. Krajewski""},{""type"":""rally"",""score"":""12 : 15"",""speed"":""70.9 km/h"",""res"":""Punkt: K. Rutkowski""},{""type"":""rally"",""score"":""12 : 14"",""speed"":""-"",""res"":""Błąd: K. Rutkowski""},{""type"":""rally"",""score"":""11 : 14"",""speed"":""52.6 km/h"",""res"":""Punkt: K. Możejko""},{""type"":""rally"",""score"":""11 : 13"",""speed"":""58.0 km/h"",""res"":""Punkt: K. Rutkowski""},{""type"":""rally"",""score"":""11 : 12"",""speed"":""62.0 km/h"",""res"":""Punkt: J. Davis""},{""type"":""rally"",""score"":""10 : 12"",""speed"":""69.4 km/h"",""res"":""Punkt: K. Rutkowski""},{""type"":""rally"",""score"":""10 : 11"",""speed"":""50.6 km/h"",""res"":""Punkt: A. Kladar""},{""type"":""rally"",""score"":""10 : 10"",""speed"":""72.1 km/h"",""res"":""Punkt: J. Deschamps""},{""type"":""rally"",""score"":""9 : 10"",""speed"":""-"",""res"":""Błąd: S. Krajewski""},{""type"":""rally"",""score"":""8 : 10"",""speed"":""64.3 km/h"",""res"":""Punkt: E. Breviglieri""},{""type"":""rally"",""score"":""8 : 9"",""speed"":""59.3 km/h"",""res"":""Błąd: K. Rutkowski""},{""type"":""rally"",""score"":""7 : 9"",""speed"":""67.8 km/h"",""res"":""Punkt: J. Davis""},{""type"":""rally"",""score"":""6 : 9"",""speed"":""54.0 km/h"",""res"":""Punkt: E. Breviglieri""},{""type"":""rally"",""score"":""6 : 8"",""speed"":""-"",""res"":""Błąd: K. Możejko""},{""type"":""tmo"",""score"":""5 : 8"",""txt"":""Czas dla: ""},{""type"":""rally"",""score"":""5 : 8"",""speed"":""52.0 km/h"",""res"":""Punkt: S. Krajewski""},{""type"":""rally"",""score"":""5 : 7"",""speed"":""48.9 km/h"",""res"":""Punkt: K. Rutkowski""},{""type"":""rally"",""score"":""5 : 6"",""speed"":""64.4 km/h"",""res"":""Punkt: P. Witkowski""},{""type"":""rally"",""score"":""4 : 6"",""speed"":""70.4 km/h"",""res"":""Punkt: K. Rutkowski""},{""type"":""rally"",""score"":""4 : 5"",""speed"":""71.1 km/h"",""res"":""Punkt: F. Baluta""},{""type"":""rally"",""score"":""3 : 5"",""speed"":""69.5 km/h"",""res"":""Punkt: K. Rutkowski""},{""type"":""rally"",""score"":""3 : 4"",""speed"":""53.2 km/h"",""res"":""Punkt: J. Davis""},{""type"":""rally"",""score"":""2 : 4"",""speed"":""77.2 km/h"",""res"":""Punkt: K. Rutkowski""},{""type"":""rally"",""score"":""2 : 3"",""speed"":""62.0 km/h"",""res"":""Punkt: J. Davis""},{""type"":""rally"",""score"":""1 : 3"",""speed"":""55.4 km/h"",""res"":""Punkt: K. Rutkowski""},{""type"":""rally"",""score"":""1 : 2"",""speed"":""52.0 km/h"",""res"":""Punkt: S. Krajewski""},{""type"":""rally"",""score"":""1 : 1"",""speed"":""52.1 km/h"",""res"":""Punkt: P. Witkowski""},{""type"":""rally"",""score"":""0 : 1"",""speed"":""47.6 km/h"",""res"":""Punkt: K. Rutkowski""}]},{""rallies"":[{""type"":""end"",""score"":""22 : 25"",""txt"":""Koniec seta 0 : 3""},{""type"":""end"",""score"":""22 : 25"",""txt"":""Koniec seta 0 : 3""},{""type"":""rally"",""score"":""22 : 25"",""speed"":""67.3 km/h"",""res"":""Punkt: F. Blondel""},{""type"":""rally"",""score"":""22 : 24"",""speed"":""72.0 km/h"",""res"":""Punkt: J. Davis""},{""type"":""rally"",""score"":""21 : 24"",""speed"":""64.1 km/h"",""res"":""Punkt: E. Breviglieri""},{""type"":""rally"",""score"":""21 : 23"",""speed"":""52.7 km/h"",""res"":""Punkt: J. Deschamps""},{""type"":""rally"",""score"":""20 : 23"",""speed"":""59.8 km/h"",""res"":""Punkt: K. Rutkowski""},{""type"":""rally"",""score"":""20 : 22"",""speed"":""71.5 km/h"",""res"":""Punkt: J. Deschamps""},{""type"":""rally"",""score"":""19 : 22"",""speed"":""50.1 km/h"",""res"":""Punkt: K. Rutkowski""},{""type"":""rally"",""score"":""19 : 21"",""speed"":""50.0 km/h"",""res"":""Punkt: J. Deschamps""},{""type"":""rally"",""score"":""18 : 21"",""speed"":""65.1 km/h"",""res"":""Punkt: P. Witkowski""},{""type"":""rally"",""score"":""17 : 21"",""speed"":""62.2 km/h"",""res"":""Punkt: E. Breviglieri""},{""type"":""rally"",""score"":""17 : 20"",""speed"":""51.9 km/h"",""res"":""Punkt: F. Blondel""},{""type"":""rally"",""score"":""17 : 19"",""speed"":""56.8 km/h"",""res"":""Punkt: F. Baluta""},{""type"":""rally"",""score"":""16 : 19"",""speed"":""53.3 km/h"",""res"":""Błąd: F. Baluta""},{""type"":""rally"",""score"":""16 : 18"",""speed"":""53.8 km/h"",""res"":""Punkt: F. Blondel""},{""type"":""rally"",""score"":""16 : 17"",""speed"":""44.5 km/h"",""res"":""Punkt: F. Baluta""},{""type"":""rally"",""score"":""15 : 17"",""speed"":""74.5 km/h"",""res"":""Punkt: C. Reinke""},{""type"":""rally"",""score"":""14 : 17"",""speed"":""49.9 km/h"",""res"":""Punkt: F. Blondel""},{""type"":""tmo"",""score"":""14 : 16"",""txt"":""Czas dla: ""},{""type"":""rally"",""score"":""14 : 16"",""speed"":""61.7 km/h"",""res"":""Punkt: F. Blondel""},{""type"":""rally"",""score"":""14 : 15"",""speed"":""52.3 km/h"",""res"":""Punkt: K. Rutkowski""},{""type"":""rally"",""score"":""14 : 14"",""speed"":""61.0 km/h"",""res"":""Punkt: J. Deschamps""},{""type"":""rally"",""score"":""13 : 14"",""speed"":""58.1 km/h"",""res"":""Punkt: E. Breviglieri""},{""type"":""rally"",""score"":""13 : 13"",""speed"":""61.3 km/h"",""res"":""Punkt: J. Deschamps""},{""type"":""rally"",""score"":""12 : 13"",""speed"":""58.8 km/h"",""res"":""Punkt: J. Davis""},{""type"":""rally"",""score"":""11 : 13"",""speed"":""49.9 km/h"",""res"":""Błąd: M. Hyla""},{""type"":""rally"",""score"":""10 : 13"",""speed"":""65.8 km/h"",""res"":""Punkt: E. Breviglieri""},{""type"":""rally"",""score"":""10 : 12"",""speed"":""44.8 km/h"",""res"":""Punkt: E. Breviglieri""},{""type"":""rally"",""score"":""10 : 11"",""speed"":""69.4 km/h"",""res"":""Punkt: J. Deschamps""},{""type"":""rally"",""score"":""9 : 11"",""speed"":""51.9 km/h"",""res"":""Punkt: S. Krajewski""},{""type"":""rally"",""score"":""9 : 10"",""speed"":""50.2 km/h"",""res"":""Punkt: E. Breviglieri""},{""type"":""rally"",""score"":""9 : 9"",""speed"":""53.4 km/h"",""res"":""Punkt: M. Hyla""},{""type"":""rally"",""score"":""9 : 8"",""speed"":""48.8 km/h"",""res"":""Punkt: S. Krajewski""},{""type"":""rally"",""score"":""9 : 7"",""speed"":""46.8 km/h"",""res"":""Punkt: J. Davis""},{""type"":""rally"",""score"":""8 : 7"",""speed"":""59.5 km/h"",""res"":""Błąd: J. Davis""},{""type"":""rally"",""score"":""8 : 6"",""speed"":""53.5 km/h"",""res"":""Punkt: K. Rutkowski""},{""type"":""rally"",""score"":""8 : 5"",""speed"":""67.5 km/h"",""res"":""Punkt: K. Rutkowski""},{""type"":""tmo"",""score"":""8 : 4"",""txt"":""Czas dla: ""},{""type"":""rally"",""score"":""8 : 4"",""speed"":""64.3 km/h"",""res"":""Punkt: F. Baluta""},{""type"":""rally"",""score"":""7 : 4"",""speed"":""53.4 km/h"",""res"":""Punkt: S. Krajewski""},{""type"":""chg"",""score"":""7 : 3"",""txt"":""Zmiana: M. Hyla ⇄ A. Kladar""},{""type"":""rally"",""score"":""7 : 3"",""speed"":""57.5 km/h"",""res"":""Punkt: F. Baluta""},{""type"":""rally"",""score"":""6 : 3"",""speed"":""-"",""res"":""Błąd: K. Rutkowski""},{""type"":""rally"",""score"":""5 : 3"",""speed"":""55.4 km/h"",""res"":""Punkt: F. Blondel""},{""type"":""rally"",""score"":""5 : 2"",""speed"":""-"",""res"":""Błąd: E. Breviglieri""},{""type"":""rally"",""score"":""4 : 2"",""speed"":""59.9 km/h"",""res"":""Punkt: K. Rutkowski""},{""type"":""chg"",""score"":""4 : 1"",""txt"":""Zmiana: F. Blondel ⇄ K. Możejko""},{""type"":""rally"",""score"":""4 : 1"",""speed"":""59.5 km/h"",""res"":""Błąd: K. Rutkowski""},{""type"":""rally"",""score"":""3 : 1"",""speed"":""51.8 km/h"",""res"":""Punkt: J. Deschamps""},{""type"":""rally"",""score"":""2 : 1"",""speed"":""52.5 km/h"",""res"":""Punkt: C. Reinke""},{""type"":""rally"",""score"":""1 : 1"",""speed"":""61.9 km/h"",""res"":""Punkt: K. Rutkowski""},{""type"":""rally"",""score"":""1 : 0"",""speed"":""56.6 km/h"",""res"":""Punkt: D. Aspropoulos""}]}]}","4","4","0","5","0","0","16","48","0","0","12","1","0","4","71.7","57.2","0","0","0","0","0","0","0","0","0","0","0","0","0","0","0","0","0","0","0","0","0","0","0","0","0","0","0","0","0","0","33","16","1","6","37","93","0","0","0","0","0","3","0","2","0","1","0","4","2","0","0","2","0","3","30","27","36","0","0","bulk-1.27-teamid-from-league-list","0","0","0"
"3.6","Warszawa Warriors vs Twierdza Teodorówka 0:3","1216019","2026-09-05 17:00","Collosseum","Warszawa Warriors","140753","Witkowski, Piotr","2087441","7","0","14","1","0","64.3","17","5","5","29","0","21","15","6","6","1","33","23","1","96","4","17","2","25","50","0","0","0","0","0","0","0","21.1","","1","2","0","4","0","0","25","50","2","0","21","0","0","4","64.3","58.8","0","0","0","0","3","3","1","0","2","0","0","3","3","0","3","0","4","10","0","0","0","0","0","0","1","0","0","0","0","1","0","0","0","0","0","0","1","9","5","7","22","6","1","1","0","1","3","1","1","0","0","0","0","3","17","18","23","0","0","bulk-1.27-teamid-from-league-list","0","0","0"
"3.6","Warszawa Warriors vs Twierdza Teodorówka 0:3","1216019","2026-09-05 17:00","Collosseum","Warszawa Warriors","140753","Deschamps, Jean-François","2088671","11","4","10","1","1","77.2","23","6","7","30","4","2","1","0","1","0","0","0","0","0","0","0","3","31","55","1","0","3","0","0","1","2","16.8","","0","1","0","0","0","0","31","55","3","0","23","0","0","8","77.2","62.9","2","1","1","0","4","8","0","0","1","0","0","1","0","0","0","0","0","0","5","1","2","0","6","14","0","0","0","0","0","0","1","0","0","0","2","3","0","0","0","0","0","0","0","0","0","0","0","0","0","0","0","0","0","3","14","6","13","0","0","bulk-1.27-teamid-from-league-list","0","0","0"
"3.6","Warszawa Warriors vs Twierdza Teodorówka 0:3","1216019","2026-09-05 17:00","Collosseum","Warszawa Warriors","140753","Davis, Jason","2032111","13","7","9","0","0","69.5","25","6","11","44","20","12","9","3","3","1","33","0","0","0","0","0","2","24","51","0","0","0","0","0","0","0","25.8","","1","3","0","0","0","0","24","51","2","1","21","0","0","3","69.5","55","2","1","1","0","2","6","1","0","2","0","0","3","7","1","1","0","4","13","0","0","0","0","0","0","1","0","0","0","2","3","0","0","0","0","0","0","0","0","0","0","0","3","1","0","0","2","0","1","0","1","0","0","0","3","13","14","17","0","0","bulk-1.27-teamid-from-league-list","0","0","0"
"3.6","Warszawa Warriors vs Twierdza Teodorówka 0:3","1216019","2026-09-05 17:00","Collosseum","Warszawa Warriors","140753","Reinke, Cody","1975037","8","5","8","0","0","74.1","19","3","7","37","21","20","13","1","7","3","20","22","0","100","6","27","1","11","49","0","0","0","0","0","0","0","29.9","","2","2","0","4","1","1","11","49","1","0","9","0","0","2","74.1","62.5","0","0","0","0","4","4","0","0","0","1","0","1","4","0","0","0","2","6","0","0","0","0","0","0","2","0","3","0","3","8","0","0","0","0","0","0","3","6","7","6","22","1","1","0","0","0","0","3","2","1","0","0","0","3","16","18","20","0","0","bulk-1.27-teamid-from-league-list","0","0","0"
"3.6","Warszawa Warriors vs Twierdza Teodorówka 0:3","1216019","2026-09-05 17:00","Collosseum","Warszawa Warriors","140753","Baluta, Ferka","2060647","7","3","8","0","0","66.6","16","4","5","31","6","6","3","1","3","1","33","0","0","0","0","0","2","26","44","0","0","0","0","0","0","0","12.4","","0","0","1","3","0","0","26","44","2","1","19","0","0","7","66.6","53.2","0","0","0","0","1","1","0","0","0","0","0","0","0","0","0","0","0","0","5","2","2","0","6","15","0","0","0","0","0","0","0","0","0","0","0","0","0","0","0","0","0","1","0","1","0","0","0","1","0","0","0","1","0","3","7","7","8","0","0","bulk-1.27-teamid-from-league-list","0","0","0"
"3.6","Warszawa Warriors vs Twierdza Teodorówka 0:3","1216019","2026-09-05 17:00","Collosseum","Warszawa Warriors","140753","Koczur, Jakub","1975597","0","-1","0","0","0","0","0","0","0","0","0","20","15","9","5","3","60","21","1","95","12","57","0","0","0","0","2","4","0","1","1","2","19.2","","3","3","0","2","0","0","0","0","0","0","0","0","0","0","0","0","0","0","0","0","0","0","0","0","0","0","0","0","0","0","0","0","0","0","0","0","0","0","0","0","0","0","0","0","0","0","0","2","0","0","2","4","5","7","5","3","20","9","5","2","0","2","0","3","0","1","0","1","1","3","13","7","17","0","0","bulk-1.27-teamid-from-league-list","0","0","0"
"3.6","Warszawa Warriors vs Twierdza Teodorówka 0:3","1216019","2026-09-05 17:00","Collosseum","Twierdza Teodorówka","130591","Krysta, Tomasz","1865361","1","1","18","0","1","71.5","0","0","0","0","0","12","10","7","2","1","67","0","0","0","0","0","0","15","41","46","8","91","22","35","21","13","9","","1","2","0","0","0","0","15","41","0","0","15","0","0","0","76.3","58.9","0","0","0","0","0","0","0","0","0","0","0","0","0","0","0","0","0","0","0","0","0","0","0","0","0","0","0","0","0","0","46","8","2","4","31","91","0","0","0","0","0","7","2","3","0","2","0","1","0","0","0","1","0","3","27","28","37","0","0","bulk-1.27-teamid-from-league-list","0","0","0"
"3.6","Warszawa Warriors vs Twierdza Teodorówka 0:3","1216019","2026-09-05 17:00","Collosseum","Twierdza Teodorówka","130591","Krajewski, Sebastian","1927192","12","4","13","2","0","65.8","11","4","7","64","27","13","8","2","5","4","46","35","2","94","21","60","5","27","55","0","0","0","0","0","0","0","47.2","","4","4","0","1","0","0","27","55","5","0","23","0","0","4","65.8","57","1","0","0","0","0","1","1","1","1","1","0","4","3","0","2","0","0","5","0","0","0","0","0","0","1","0","0","0","0","1","0","0","0","0","0","0","7","17","5","4","33","2","1","0","0","1","0","4","1","1","0","2","0","3","21","20","23","0","0","bulk-1.27-teamid-from-league-list","0","0","0"
"3.6","Warszawa Warriors vs Twierdza Teodorówka 0:3","1216019","2026-09-05 17:00","Collosseum","Twierdza Teodorówka","130591","Breviglieri, Edilio","1864943","12","11","10","1","0","72","11","0","6","55","55","6","2","0","4","1","17","0","0","0","0","0","6","45","60","0","0","0","0","0","0","0","40.4","","1","2","0","2","0","0","45","60","5","0","36","1","0","9","72","61.4","0","0","0","0","3","3","2","0","0","0","1","3","0","0","0","0","0","0","4","0","0","0","1","5","0","0","0","0","0","0","0","0","0","0","0","0","0","0","0","0","0","0","0","0","0","0","0","1","0","1","0","0","0","3","9","7","10","0","0","bulk-1.27-teamid-from-league-list","0","0","0"
"3.6","Warszawa Warriors vs Twierdza Teodorówka 0:3","1216019","2026-09-05 17:00","Collosseum","Twierdza Teodorówka","130591","Rutkowski, Krzysztof","1948981","30","21","10","2","0","74.5","48","7","25","52","38","19","11","2","8","4","32","0","0","0","0","0","5","31","59","0","0","0","0","0","0","0","63.3","","3","3","1","5","0","0","31","59","5","0","25","0","0","6","74.5","60.3","2","1","1","0","4","8","1","0","1","0","0","2","12","1","3","0","7","23","0","0","0","0","0","0","10","0","0","0","5","15","0","0","0","0","0","0","0","0","0","0","0","2","0","2","0","0","0","4","1","0","1","2","0","3","20","19","26","0","0","bulk-1.27-teamid-from-league-list","0","0","0"
"3.6","Warszawa Warriors vs Twierdza Teodorówka 0:3","1216019","2026-09-05 17:00","Collosseum","Twierdza Teodorówka","130591","Kladar, Adnan","2032104","4","2","6","1","0","71.7","8","1","4","50","38","9","7","2","2","2","44","9","0","100","7","78","0","15","29","0","0","0","0","0","0","0","14.3","","1","1","0","0","1","1","15","29","0","0","13","0","0","2","71.7","65.5","1","0","0","0","0","1","0","0","1","0","1","2","1","0","0","0","1","2","0","0","0","0","0","0","2","0","0","0","1","3","0","0","0","0","0","0","3","4","2","0","9","2","1","0","0","0","1","2","1","0","0","1","0","3","14","11","2","0","0","bulk-1.27-teamid-from-league-list","0","0","0"
"3.6","Warszawa Warriors vs Twierdza Teodorówka 0:3","1216019","2026-09-05 17:00","Collosseum","Twierdza Teodorówka","130591","Możejko, Krzysztof","1864673","3","2","8","1","1","66.3","1","0","1","100","100","1","1","0","0","0","0","0","0","0","0","0","1","12","21","0","0","0","0","0","0","0","7","","0","0","0","0","0","0","12","21","1","0","12","0","0","0","66.3","58.4","0","0","0","0","0","0","0","0","0","0","0","0","0","0","0","0","0","0","1","0","0","0","0","1","0","0","0","0","0","0","0","0","0","0","0","0","0","0","0","0","0","0","0","0","0","0","0","0","0","0","0","0","0","2","5","5","0","0","0","bulk-1.27-teamid-from-league-list","0","0","0"
"3.6","Warszawa Warriors vs Twierdza Teodorówka 0:3","1216019","2026-09-05 17:00","Collosseum","Twierdza Teodorówka","130591","Arata, Chuichi","2088669","0","0","0","0","0","0","0","0","0","0","0","17","12","9","5","3","71","11","0","100","4","36","0","0","0","2","3","8","1","0","4","3","14.4","","3","4","0","1","0","0","0","0","0","0","0","0","0","0","0","0","0","0","0","0","0","0","0","0","0","0","0","0","0","0","0","0","0","0","0","0","0","0","0","0","0","0","0","0","0","0","2","3","0","0","3","8","3","3","3","2","11","9","2","1","1","3","2","3","3","0","0","0","0","3","7","8","16","0","0","bulk-1.27-teamid-from-league-list","0","0","0"
"3.6","Warszawa Warriors vs Twierdza Teodorówka 0:3","1216019","2026-09-05 17:00","Collosseum","Twierdza Teodorówka","130591","Hyla, Mikołaj","1927193","1","0","3","0","0","64.3","7","1","1","14","0","6","4","4","2","1","83","2","0","100","2","100","0","9","16","0","0","0","0","0","0","0","5.7","","1","2","0","0","0","0","9","16","0","0","8","0","0","1","64.3","58.1","0","0","0","0","3","3","0","0","0","0","0","0","0","1","0","0","1","2","0","0","0","0","0","0","1","0","0","0","1","2","0","0","0","0","0","0","0","2","0","0","2","4","1","1","0","1","1","1","0","0","0","1","0","1","0","0","13","0","0","bulk-1.27-teamid-from-league-list","0","0","0"
"3.6","Warszawa Warriors vs Twierdza Teodorówka 0:3","1216019","2026-09-05 17:00","Collosseum","Twierdza Teodorówka","130591","Blondel, Francis","1948989","7","5","5","0","0","65.1","13","2","6","46","31","5","2","1","3","1","40","0","0","0","0","0","1","15","19","0","0","0","0","0","0","0","19.4","","0","0","1","3","0","0","15","19","1","1","15","0","0","0","65.1","57.4","0","0","1","0","1","2","0","0","0","0","0","0","0","0","0","0","0","0","5","0","1","1","4","11","0","0","0","0","0","0","0","0","0","0","0","0","0","0","0","0","0","1","1","0","0","0","0","1","0","0","0","1","0","1","0","0","15","0","0","bulk-1.27-teamid-from-league-list","0","0","0"
"3.6","Petronas Eagles vs Błysk2 0:3","1216020","2026-09-05 17:00","Orle Gniazdo","Petronas Eagles","140755","Żabiński, Mateusz","1928807","2","2","7","0","1","100.1","0","0","0","0","0","12","5","3","7","3","50","0","0","0","0","0","1","9","27","19","21","80","8","20","31","21","9.6","{""sets"":[{""h"":18,""a"":25},{""h"":10,""a"":25},{""h"":9,""a"":25}],""parsedSets"":[{""rallies"":[{""type"":""end"",""score"":""18 : 25"",""txt"":""Koniec seta 0 : 1""},{""type"":""end"",""score"":""18 : 25"",""txt"":""Koniec seta 0 : 1""},{""type"":""rally"",""score"":""18 : 25"",""speed"":""44.7 km/h"",""res"":""Punkt: M. Bazylewicz""},{""type"":""chg"",""score"":""18 : 24"",""txt"":""Zmiana: K. Radomski ⇄ V. Gonzaga""},{""type"":""rally"",""score"":""18 : 24"",""speed"":""45.7 km/h"",""res"":""Punkt: J. Piotrowski""},{""type"":""chg"",""score"":""18 : 23"",""txt"":""Zmiana: L. Maciejewski ⇄ D. Simon""},{""type"":""rally"",""score"":""18 : 23"",""speed"":""54.3 km/h"",""res"":""Punkt: M. Bazylewicz""},{""type"":""rally"",""score"":""18 : 22"",""speed"":""46.1 km/h"",""res"":""Punkt: T. Colombier""},{""type"":""rally"",""score"":""17 : 22"",""speed"":""48.5 km/h"",""res"":""Punkt: M. Bazylewicz""},{""type"":""rally"",""score"":""17 : 21"",""speed"":""42.6 km/h"",""res"":""Punkt: J. Piotrowski""},{""type"":""chg"",""score"":""17 : 20"",""txt"":""Zmiana: M. Pigoń ⇄ M. Żabiński""},{""type"":""rally"",""score"":""17 : 20"",""speed"":""52.2 km/h"",""res"":""Punkt: M. Bazylewicz""},{""type"":""chg"",""score"":""17 : 19"",""txt"":""Zmiana: T. Converse ⇄ P. Śmiech""},{""type"":""tmo"",""score"":""17 : 19"",""txt"":""Czas dla: Petronas Eagles""},{""type"":""rally"",""score"":""17 : 19"",""speed"":""53.1 km/h"",""res"":""Punkt: M. Bazylewicz""},{""type"":""rally"",""score"":""17 : 18"",""speed"":""44.7 km/h"",""res"":""Punkt: M. Bazylewicz""},{""type"":""rally"",""score"":""17 : 17"",""speed"":""49.9 km/h"",""res"":""Punkt: J. Bielicki""},{""type"":""rally"",""score"":""17 : 16"",""speed"":""59.7 km/h"",""res"":""Punkt: J. Piotrowski""},{""type"":""rally"",""score"":""17 : 15"",""speed"":""62.2 km/h"",""res"":""Punkt: D. Simon""},{""type"":""rally"",""score"":""16 : 15"",""speed"":""49.0 km/h"",""res"":""Błąd: P. Śmiech""},{""type"":""rally"",""score"":""16 : 14"",""speed"":""41.6 km/h"",""res"":""Punkt: J. Bielicki""},{""type"":""rally"",""score"":""16 : 13"",""speed"":""73.2 km/h"",""res"":""Punkt: J. Piotrowski""},{""type"":""tmo"",""score"":""16 : 12"",""txt"":""Czas dla: ""},{""type"":""rally"",""score"":""16 : 12"",""speed"":""52.5 km/h"",""res"":""Punkt: D. Simon""},{""type"":""rally"",""score"":""15 : 12"",""speed"":""-"",""res"":""Błąd: W. Kaczyński""},{""type"":""rally"",""score"":""15 : 11"",""speed"":""71.7 km/h"",""res"":""Punkt: V. Gonzaga""},{""type"":""rally"",""score"":""14 : 11"",""speed"":""47.8 km/h"",""res"":""Punkt: D. Simon""},{""type"":""rally"",""score"":""13 : 11"",""speed"":""45.3 km/h"",""res"":""Punkt: T. Zieliński""},{""type"":""rally"",""score"":""13 : 10"",""speed"":""-"",""res"":""Błąd: T. Colombier""},{""type"":""rally"",""score"":""13 : 9"",""speed"":""79.5 km/h"",""res"":""Punkt: W. Kaczyński""},{""type"":""rally"",""score"":""12 : 9"",""speed"":""65.2 km/h"",""res"":""Punkt: T. Colombier""},{""type"":""rally"",""score"":""11 : 9"",""speed"":""50.6 km/h"",""res"":""Punkt: W. Kaczyński""},{""type"":""rally"",""score"":""10 : 9"",""speed"":""52.0 km/h"",""res"":""Punkt: G. Humphreys""},{""type"":""rally"",""score"":""10 : 8"",""speed"":""100.1 km/h"",""res"":""Punkt: M. Bazylewicz""},{""type"":""rally"",""score"":""10 : 7"",""speed"":""-"",""res"":""Błąd: S. Lanzetti""},{""type"":""rally"",""score"":""9 : 7"",""speed"":""78.4 km/h"",""res"":""Punkt: M. Bazylewicz""},{""type"":""rally"",""score"":""9 : 6"",""speed"":""84.1 km/h"",""res"":""Punkt: W. Kaczyński""},{""type"":""chg"",""score"":""8 : 6"",""txt"":""Zmiana: P. Śmiech ⇄ T. Converse""},{""type"":""tmo"",""score"":""8 : 6"",""txt"":""Czas dla: ""},{""type"":""rally"",""score"":""8 : 6"",""speed"":""42.1 km/h"",""res"":""Punkt: T. Colombier""},{""type"":""rally"",""score"":""7 : 6"",""speed"":""51.9 km/h"",""res"":""Punkt: J. Bielicki""},{""type"":""rally"",""score"":""7 : 5"",""speed"":""70.8 km/h"",""res"":""Punkt: J. Bielicki""},{""type"":""rally"",""score"":""7 : 4"",""speed"":""41.6 km/h"",""res"":""Punkt: T. Converse""},{""type"":""rally"",""score"":""6 : 4"",""speed"":""61.8 km/h"",""res"":""Punkt: J. Bielicki""},{""type"":""rally"",""score"":""6 : 3"",""speed"":""54.1 km/h"",""res"":""Punkt: D. Simon""},{""type"":""rally"",""score"":""5 : 3"",""speed"":""94.3 km/h"",""res"":""Błąd: J. Bielicki""},{""type"":""rally"",""score"":""4 : 3"",""speed"":""66.7 km/h"",""res"":""Punkt: D. Simon""},{""type"":""rally"",""score"":""3 : 3"",""speed"":""55.6 km/h"",""res"":""Punkt: J. Bielicki""},{""type"":""rally"",""score"":""3 : 2"",""speed"":""45.0 km/h"",""res"":""Punkt: D. Simon""},{""type"":""rally"",""score"":""2 : 2"",""speed"":""73.8 km/h"",""res"":""Punkt: M. Bazylewicz""},{""type"":""rally"",""score"":""2 : 1"",""speed"":""60.2 km/h"",""res"":""Punkt: V. Gonzaga""},{""type"":""rally"",""score"":""1 : 1"",""speed"":""48.0 km/h"",""res"":""Punkt: T. Colombier""},{""type"":""chg"",""score"":""0 : 1"",""txt"":""Zmiana: J. Bielicki ⇄ A. Szczurek""},{""type"":""chg"",""score"":""0 : 1"",""txt"":""Zmiana: J. Piotrowski ⇄ W. Bieniek""},{""type"":""chg"",""score"":""0 : 1"",""txt"":""Zmiana: G. Humphreys ⇄ M. Mónico""},{""type"":""chg"",""score"":""0 : 1"",""txt"":""Zmiana: S. Lanzetti ⇄ T. Misztal""},{""type"":""rally"",""score"":""0 : 1"",""speed"":""62.8 km/h"",""res"":""Punkt: M. Mónico""}]},{""rallies"":[{""type"":""end"",""score"":""10 : 25"",""txt"":""Koniec seta 0 : 2""},{""type"":""end"",""score"":""10 : 25"",""txt"":""Koniec seta 0 : 2""},{""type"":""rally"",""score"":""10 : 25"",""speed"":""55.1 km/h"",""res"":""Błąd: T. Colombier""},{""type"":""rally"",""score"":""10 : 24"",""speed"":""45.5 km/h"",""res"":""Punkt: M. Bazylewicz""},{""type"":""rally"",""score"":""10 : 23"",""speed"":""-"",""res"":""Błąd: M. Pigoń""},{""type"":""rally"",""score"":""10 : 22"",""speed"":""63.9 km/h"",""res"":""Punkt: K. Radomski""},{""type"":""rally"",""score"":""9 : 22"",""speed"":""48.3 km/h"",""res"":""Punkt: T. Colombier""},{""type"":""chg"",""score"":""8 : 22"",""txt"":""Zmiana: D. Simon ⇄ L. Maciejewski""},{""type"":""rally"",""score"":""8 : 22"",""speed"":""53.7 km/h"",""res"":""Punkt: A. Szczurek""},{""type"":""rally"",""score"":""8 : 21"",""speed"":""79.8 km/h"",""res"":""Punkt: T. Misztal""},{""type"":""rally"",""score"":""8 : 20"",""speed"":""73.1 km/h"",""res"":""Punkt: P. Śmiech""},{""type"":""rally"",""score"":""7 : 20"",""speed"":""54.6 km/h"",""res"":""Punkt: P. Śmiech""},{""type"":""rally"",""score"":""6 : 20"",""speed"":""58.3 km/h"",""res"":""Punkt: A. Szczurek""},{""type"":""chg"",""score"":""6 : 19"",""txt"":""Zmiana: M. Pigoń ⇄ M. Żabiński""},{""type"":""rally"",""score"":""6 : 19"",""speed"":""47.9 km/h"",""res"":""Punkt: T. Misztal""},{""type"":""chg"",""score"":""6 : 18"",""txt"":""Zmiana: P. Śmiech ⇄ T. Converse""},{""type"":""rally"",""score"":""6 : 18"",""speed"":""48.6 km/h"",""res"":""Punkt: T. Misztal""},{""type"":""rally"",""score"":""6 : 17"",""speed"":""53.0 km/h"",""res"":""Punkt: A. Szczurek""},{""type"":""rally"",""score"":""6 : 16"",""speed"":""-"",""res"":""Błąd: M. Mónico""},{""type"":""chg"",""score"":""5 : 16"",""txt"":""Zmiana: L. Maciejewski ⇄ D. Simon""},{""type"":""tmo"",""score"":""5 : 16"",""txt"":""Czas dla: ""},{""type"":""rally"",""score"":""5 : 16"",""speed"":""59.1 km/h"",""res"":""Punkt: T. Misztal""},{""type"":""rally"",""score"":""5 : 15"",""speed"":""53.1 km/h"",""res"":""Punkt: M. Mónico""},{""type"":""rally"",""score"":""5 : 14"",""speed"":""43.1 km/h"",""res"":""Punkt: T. Converse""},{""type"":""rally"",""score"":""4 : 14"",""speed"":""45.2 km/h"",""res"":""Punkt: M. Mónico""},{""type"":""rally"",""score"":""4 : 13"",""speed"":""42.6 km/h"",""res"":""Punkt: A. Szczurek""},{""type"":""rally"",""score"":""4 : 12"",""speed"":""61.7 km/h"",""res"":""Punkt: M. Bazylewicz""},{""type"":""rally"",""score"":""4 : 11"",""speed"":""45.1 km/h"",""res"":""Punkt: W. Kaczyński""},{""type"":""rally"",""score"":""3 : 11"",""speed"":""44.7 km/h"",""res"":""Błąd: K. Radomski""},{""type"":""chg"",""score"":""3 : 10"",""txt"":""Zmiana: K. Radomski ⇄ V. Gonzaga""},{""type"":""rally"",""score"":""3 : 10"",""speed"":""42.3 km/h"",""res"":""Błąd: V. Gonzaga""},{""type"":""rally"",""score"":""3 : 9"",""speed"":""55.4 km/h"",""res"":""Punkt: W. Bieniek""},{""type"":""tmo"",""score"":""3 : 8"",""txt"":""Czas dla: ""},{""type"":""rally"",""score"":""3 : 8"",""speed"":""42.4 km/h"",""res"":""Punkt: T. Zieliński""},{""type"":""rally"",""score"":""3 : 7"",""speed"":""51.8 km/h"",""res"":""Punkt: W. Bieniek""},{""type"":""rally"",""score"":""3 : 6"",""speed"":""53.8 km/h"",""res"":""Punkt: M. Mónico""},{""type"":""rally"",""score"":""3 : 5"",""speed"":""77.9 km/h"",""res"":""Punkt: M. Mónico""},{""type"":""rally"",""score"":""3 : 4"",""speed"":""70.4 km/h"",""res"":""Punkt: D. Simon""},{""type"":""rally"",""score"":""2 : 4"",""speed"":""78.1 km/h"",""res"":""Punkt: D. Simon""},{""type"":""rally"",""score"":""1 : 4"",""speed"":""-"",""res"":""Błąd: T. Misztal""},{""type"":""tmo"",""score"":""0 : 4"",""txt"":""Czas dla: Petronas Eagles""},{""type"":""rally"",""score"":""0 : 4"",""speed"":""50.3 km/h"",""res"":""Punkt: T. Zieliński""},{""type"":""rally"",""score"":""0 : 3"",""speed"":""54.9 km/h"",""res"":""Punkt: M. Bazylewicz""},{""type"":""rally"",""score"":""0 : 2"",""speed"":""57.1 km/h"",""res"":""Punkt: M. Mónico""},{""type"":""rally"",""score"":""0 : 1"",""speed"":""46.1 km/h"",""res"":""Punkt: M. Bazylewicz""}]},{""rallies"":[{""type"":""end"",""score"":""9 : 25"",""txt"":""Koniec seta 0 : 3""},{""type"":""end"",""score"":""9 : 25"",""txt"":""Koniec seta 0 : 3""},{""type"":""rally"",""score"":""9 : 25"",""speed"":""47.6 km/h"",""res"":""Punkt: W. Bieniek""},{""type"":""rally"",""score"":""9 : 24"",""speed"":""43.7 km/h"",""res"":""Punkt: W. Bieniek""},{""type"":""rally"",""score"":""9 : 23"",""speed"":""46.2 km/h"",""res"":""Punkt: M. Bazylewicz""},{""type"":""rally"",""score"":""9 : 22"",""speed"":""54.0 km/h"",""res"":""Punkt: M. Bazylewicz""},{""type"":""rally"",""score"":""9 : 21"",""speed"":""50.2 km/h"",""res"":""Punkt: M. Bazylewicz""},{""type"":""rally"",""score"":""9 : 20"",""speed"":""59.5 km/h"",""res"":""Punkt: T. Converse""},{""type"":""rally"",""score"":""8 : 20"",""speed"":""61.3 km/h"",""res"":""Punkt: M. Bazylewicz""},{""type"":""rally"",""score"":""8 : 19"",""speed"":""49.1 km/h"",""res"":""Punkt: M. Bazylewicz""},{""type"":""chg"",""score"":""8 : 18"",""txt"":""Zmiana: M. Pigoń ⇄ M. Żabiński""},{""type"":""rally"",""score"":""8 : 18"",""speed"":""46.4 km/h"",""res"":""Błąd: T. Converse""},{""type"":""rally"",""score"":""8 : 17"",""speed"":""60.5 km/h"",""res"":""Punkt: T. Misztal""},{""type"":""chg"",""score"":""8 : 16"",""txt"":""Zmiana: T. Converse ⇄ P. Śmiech""},{""type"":""tmo"",""score"":""8 : 16"",""txt"":""Czas dla: ""},{""type"":""rally"",""score"":""8 : 16"",""speed"":""60.8 km/h"",""res"":""Punkt: M. Bazylewicz""},{""type"":""rally"",""score"":""8 : 15"",""speed"":""53.2 km/h"",""res"":""Punkt: J. Piotrowski""},{""type"":""rally"",""score"":""8 : 14"",""speed"":""47.5 km/h"",""res"":""Punkt: M. Bazylewicz""},{""type"":""rally"",""score"":""8 : 13"",""speed"":""48.4 km/h"",""res"":""Punkt: M. Bazylewicz""},{""type"":""chg"",""score"":""8 : 12"",""txt"":""Zmiana: P. Śmiech ⇄ T. Converse""},{""type"":""rally"",""score"":""8 : 12"",""speed"":""43.0 km/h"",""res"":""Punkt: T. Misztal""},{""type"":""rally"",""score"":""8 : 11"",""speed"":""46.4 km/h"",""res"":""Błąd: K. Radomski""},{""type"":""rally"",""score"":""8 : 10"",""speed"":""64.4 km/h"",""res"":""Punkt: W. Bieniek""},{""type"":""rally"",""score"":""8 : 9"",""speed"":""54.2 km/h"",""res"":""Punkt: D. Simon""},{""type"":""chg"",""score"":""7 : 9"",""txt"":""Zmiana: K. Radomski ⇄ V. Gonzaga""},{""type"":""rally"",""score"":""7 : 9"",""speed"":""76.3 km/h"",""res"":""Punkt: J. Piotrowski""},{""type"":""rally"",""score"":""7 : 8"",""speed"":""53.9 km/h"",""res"":""Punkt: V. Gonzaga""},{""type"":""chg"",""score"":""6 : 8"",""txt"":""Zmiana: M. Mónico ⇄ T. Combe""},{""type"":""tmo"",""score"":""6 : 8"",""txt"":""Czas dla: ""},{""type"":""rally"",""score"":""6 : 8"",""speed"":""77.1 km/h"",""res"":""Punkt: J. Piotrowski""},{""type"":""rally"",""score"":""6 : 7"",""speed"":""62.1 km/h"",""res"":""Punkt: D. Simon""},{""type"":""chg"",""score"":""5 : 7"",""txt"":""Zmiana: T. Colombier ⇄ L. Maciejewski""},{""type"":""rally"",""score"":""5 : 7"",""speed"":""48.9 km/h"",""res"":""Punkt: A. Szczurek""},{""type"":""rally"",""score"":""5 : 6"",""speed"":""46.8 km/h"",""res"":""Punkt: A. Szczurek""},{""type"":""tmo"",""score"":""5 : 5"",""txt"":""Czas dla: Petronas Eagles""},{""type"":""rally"",""score"":""5 : 5"",""speed"":""53.4 km/h"",""res"":""Błąd: L. Maciejewski""},{""type"":""rally"",""score"":""5 : 4"",""speed"":""48.7 km/h"",""res"":""Błąd: W. Kaczyński""},{""type"":""rally"",""score"":""5 : 3"",""speed"":""43.1 km/h"",""res"":""Punkt: J. Piotrowski""},{""type"":""rally"",""score"":""5 : 2"",""speed"":""51.3 km/h"",""res"":""Punkt: M. Bazylewicz""},{""type"":""chg"",""score"":""5 : 1"",""txt"":""Zmiana: L. Maciejewski ⇄ T. Colombier""},{""type"":""rally"",""score"":""5 : 1"",""speed"":""43.9 km/h"",""res"":""Punkt: W. Kaczyński""},{""type"":""rally"",""score"":""4 : 1"",""speed"":""90.0 km/h"",""res"":""Punkt: M. Bazylewicz""},{""type"":""tmo"",""score"":""4 : 0"",""txt"":""Czas dla: Błysk2""},{""type"":""rally"",""score"":""4 : 0"",""speed"":""60.5 km/h"",""res"":""Punkt: V. Gonzaga""},{""type"":""rally"",""score"":""3 : 0"",""speed"":""94.3 km/h"",""res"":""Punkt: V. Gonzaga""},{""type"":""rally"",""score"":""2 : 0"",""speed"":""67.0 km/h"",""res"":""Punkt: W. Kaczyński""},{""type"":""chg"",""score"":""1 : 0"",""txt"":""Zmiana: T. Combe ⇄ M. Mónico""},{""type"":""chg"",""score"":""1 : 0"",""txt"":""Zmiana: J. Piotrowski ⇄ T. Zieliński""},{""type"":""rally"",""score"":""1 : 0"",""speed"":""88.7 km/h"",""res"":""Punkt: M. Żabiński""}]}]}","2","2","0","4","1","1","9","27","0","0","4","1","0","5","100.1","80.5","0","0","0","0","0","0","0","0","0","0","0","0","0","0","0","0","0","0","0","0","0","0","0","0","0","0","0","0","0","0","19","21","4","7","29","80","0","0","0","0","0","3","1","1","0","1","0","3","1","0","0","1","1","3","25","17","25","0","0","bulk-1.27-teamid-from-league-list","0","0","0"
"3.6","Petronas Eagles vs Błysk2 0:3","1216020","2026-09-05 17:00","Orle Gniazdo","Petronas Eagles","140755","Colombier, Thierry","1974434","8","0","8","1","1","79.5","27","7","6","22","-4","13","5","2","8","3","38","8","0","100","1","13","1","22","48","0","0","0","0","0","0","0","12.1","","2","4","1","4","0","0","22","48","0","0","11","1","0","11","79.5","72.2","0","0","1","0","9","10","0","0","4","1","1","6","4","1","1","1","4","11","0","0","0","0","0","0","0","0","0","0","0","0","0","0","0","0","0","0","1","2","4","1","8","2","1","1","0","0","0","3","1","0","0","1","1","3","15","15","14","0","0","bulk-1.27-teamid-from-league-list","0","0","0"
"3.6","Petronas Eagles vs Błysk2 0:3","1216020","2026-09-05 17:00","Orle Gniazdo","Petronas Eagles","140755","Kaczyński, Wiesław","1951323","8","4","5","1","0","77.1","11","3","5","45","18","3","1","0","2","0","0","0","0","0","0","0","3","22","40","0","0","0","0","0","0","0","17.1","","0","0","0","2","0","0","22","40","1","0","12","2","0","10","77.1","66.5","0","0","0","0","2","2","1","0","1","0","1","3","0","0","0","0","0","0","4","1","1","0","0","6","0","0","0","0","0","0","0","0","0","0","0","0","0","0","0","0","0","0","0","0","0","0","0","0","0","0","0","0","0","3","7","4","8","0","0","bulk-1.27-teamid-from-league-list","0","0","0"
"3.6","Petronas Eagles vs Błysk2 0:3","1216020","2026-09-05 17:00","Orle Gniazdo","Petronas Eagles","140755","Gonzaga, Valdomiro","1904205","5","3","5","0","0","94.3","13","2","5","38","23","7","5","1","2","1","29","0","0","0","0","0","0","10","34","0","0","0","0","0","0","0","12.8","","0","0","0","1","1","1","10","34","0","0","6","0","0","4","94.3","71.9","0","0","1","0","3","4","0","0","0","0","0","0","5","1","0","0","3","9","0","0","0","0","0","0","0","0","0","0","0","0","0","0","0","0","0","0","0","0","0","0","0","1","0","0","0","1","0","1","1","0","0","0","0","3","10","3","6","0","0","bulk-1.27-teamid-from-league-list","0","0","0"
"3.6","Petronas Eagles vs Błysk2 0:3","1216020","2026-09-05 17:00","Orle Gniazdo","Petronas Eagles","140755","Simon, Dominique","1710102","10","1","3","0","0","70.8","19","6","7","37","5","18","12","5","6","4","50","44","3","93","10","23","3","16","30","0","0","0","0","0","0","0","35","","1","1","2","4","1","1","16","30","3","0","9","0","0","7","70.8","65","0","0","0","0","2","2","2","0","4","0","0","6","5","0","1","0","3","9","0","0","0","0","0","0","0","0","1","0","1","2","0","0","0","0","0","0","4","14","16","7","41","5","3","0","0","1","1","4","1","1","1","1","0","3","26","15","27","0","0","bulk-1.27-teamid-from-league-list","0","0","0"
"3.6","Petronas Eagles vs Błysk2 0:3","1216020","2026-09-05 17:00","Orle Gniazdo","Petronas Eagles","140755","Converse, Tyler","1725031","5","-3","2","0","0","54.3","19","8","5","26","-16","5","1","0","4","1","20","0","0","0","0","0","0","13","27","0","0","0","0","0","0","0","-4.8","","0","0","1","4","0","0","13","27","0","0","6","0","0","7","54.3","52.3","0","0","3","0","2","5","0","0","2","1","2","5","0","0","0","0","0","0","3","1","2","1","2","9","0","0","0","0","0","0","0","0","0","0","0","0","0","0","0","0","0","0","0","0","0","0","0","1","0","1","0","0","0","3","5","6","8","0","0","bulk-1.27-teamid-from-league-list","0","0","0"
"3.6","Petronas Eagles vs Błysk2 0:3","1216020","2026-09-05 17:00","Orle Gniazdo","Petronas Eagles","140755","Konarski, Piotr","1865233","0","-1","0","0","0","0","0","0","0","0","0","27","21","9","6","2","41","10","1","90","4","40","0","0","0","2","1","6","1","1","3","1","11.2","","1","2","0","3","1","1","0","0","0","0","0","0","0","0","0","0","0","0","0","0","0","0","0","0","0","0","0","0","0","0","0","0","0","0","0","0","0","0","0","0","0","0","0","0","0","0","2","1","0","0","3","6","2","3","3","1","9","9","2","3","0","2","2","2","0","0","0","1","1","3","11","8","14","0","0","bulk-1.27-teamid-from-league-list","0","0","0"
"3.6","Petronas Eagles vs Błysk2 0:3","1216020","2026-09-05 17:00","Orle Gniazdo","Petronas Eagles","140755","Pigoń, Mirosław","1950495","0","-1","2","1","0","63.9","0","0","0","0","0","1","0","0","1","0","0","0","0","0","0","0","0","1","12","5","4","21","3","6","5","7","-1","","0","0","0","1","0","0","1","12","0","0","1","0","0","0","63.9","63.9","0","0","0","0","0","0","0","0","0","0","0","0","0","0","0","0","0","0","0","0","0","0","0","0","0","0","0","0","0","0","5","4","1","1","10","21","0","0","0","0","0","0","0","0","0","0","0","0","0","0","0","0","0","3","5","8","7","0","0","bulk-1.27-teamid-from-league-list","0","0","0"
"3.6","Petronas Eagles vs Błysk2 0:3","1216020","2026-09-05 17:00","Orle Gniazdo","Petronas Eagles","140755","Radomski, Kacper","1904491","1","-1","1","0","0","53.1","6","2","1","17","-17","7","3","2","4","2","57","0","0","0","0","0","0","2","5","0","0","0","0","0","0","0","1.4","","2","2","0","2","0","0","2","5","0","0","1","0","0","1","53.1","53.1","0","0","0","0","3","3","0","1","0","0","0","1","1","1","0","0","0","2","0","0","0","0","0","0","0","0","0","0","0","0","0","0","0","0","0","0","0","0","0","0","0","2","0","0","1","0","1","2","0","2","0","0","0","2","0","6","5","0","0","bulk-1.27-teamid-from-league-list","0","0","0"
"3.6","Petronas Eagles vs Błysk2 0:3","1216020","2026-09-05 17:00","Orle Gniazdo","Petronas Eagles","140755","Maciejewski, Leszek","1685538","0","-3","2","0","0","53","2","2","0","0","-100","4","2","1","2","1","50","8","1","88","1","13","0","0","0","0","0","0","0","0","0","0","-0.6","","1","1","0","1","0","0","0","0","0","0","0","0","0","0","53","52.2","0","0","1","0","0","1","0","0","0","0","0","0","0","0","0","0","0","0","0","0","0","0","0","0","0","1","0","0","0","1","0","0","0","0","0","0","0","2","1","4","7","1","0","1","0","0","0","1","0","0","0","1","0","3","2","5","4","0","0","bulk-1.27-teamid-from-league-list","0","0","0"
"3.6","Petronas Eagles vs Błysk2 0:3","1216020","2026-09-05 17:00","Orle Gniazdo","Petronas Eagles","140755","Śmiech, Paweł","1745269","3","-1","4","0","1","84.1","10","4","2","20","-20","4","1","0","3","2","50","0","0","0","0","0","0","3","11","0","0","0","0","0","0","0","1.8","","1","1","1","2","0","0","3","11","0","0","1","0","0","2","84.1","78.9","0","0","2","0","3","5","0","0","1","0","0","1","0","0","0","0","0","0","1","1","0","1","1","4","0","0","0","0","0","0","0","0","0","0","0","0","0","0","0","0","0","0","0","0","0","0","0","2","0","1","1","0","0","3","6","4","3","0","0","bulk-1.27-teamid-from-league-list","0","0","0"
"3.6","Petronas Eagles vs Błysk2 0:3","1216020","2026-09-05 17:00","Orle Gniazdo","Błysk2","131225","Misztal, Tadeusz","1905578","6","5","11","1","0","57.1","0","0","0","0","0","8","5","2","3","3","63","0","0","0","0","0","6","22","34","19","6","48","15","13","14","6","19.8","","3","3","0","0","0","0","22","34","6","0","18","0","0","4","57.1","50.1","0","0","0","0","0","0","0","0","0","0","0","0","0","0","0","0","0","0","0","0","0","0","0","0","0","0","0","0","0","0","19","6","0","0","23","48","0","0","0","0","0","2","1","0","0","1","0","3","2","0","0","0","1","3","1","24","24","0","0","bulk-1.27-teamid-from-league-list","0","0","0"
"3.6","Petronas Eagles vs Błysk2 0:3","1216020","2026-09-05 17:00","Orle Gniazdo","Błysk2","131225","Bieniek, Wojciech","2002500","5","3","8","0","2","53.8","6","1","2","33","17","6","2","2","4","3","83","10","1","90","3","30","1","25","49","0","0","0","0","0","0","0","17.1","","2","2","0","1","1","1","25","49","1","2","22","0","0","3","55.4","47.4","0","0","0","0","1","1","0","0","1","0","0","1","2","0","0","0","0","2","0","0","0","0","0","0","0","0","0","0","2","2","0","0","0","0","0","0","5","3","0","1","9","2","1","0","0","1","0","3","1","1","0","1","0","3","1","13","12","0","0","bulk-1.27-teamid-from-league-list","0","0","0"
"3.6","Petronas Eagles vs Błysk2 0:3","1216020","2026-09-05 17:00","Orle Gniazdo","Błysk2","131225","Bazylewicz, Maciej","1949097","26","25","12","0","0","62.1","23","1","16","70","65","3","1","0","2","2","67","0","0","0","0","0","10","45","66","1","0","3","0","1","2","0","74.3","","2","2","0","0","0","0","45","66","7","1","34","3","0","11","62.1","47.7","1","0","0","0","1","2","1","0","0","0","1","2","0","0","0","0","0","0","14","0","1","0","4","19","0","0","0","0","0","0","1","0","0","0","2","3","0","0","0","0","0","0","0","0","0","0","0","2","1","0","0","1","0","3","14","8","20","0","0","bulk-1.27-teamid-from-league-list","0","0","0"
"3.6","Petronas Eagles vs Błysk2 0:3","1216020","2026-09-05 17:00","Orle Gniazdo","Błysk2","131225","Mónico, Manoel","1927862","6","3","3","1","0","59.1","13","2","4","31","15","5","2","0","3","3","60","0","0","0","0","0","2","14","22","0","0","0","0","0","0","0","14.2","","3","3","0","0","0","0","14","22","2","0","10","0","0","4","59.1","56.5","0","0","0","0","2","2","0","0","0","0","1","1","4","0","2","0","1","7","0","0","0","0","0","0","0","0","0","0","3","3","0","0","0","0","0","0","0","0","0","0","0","0","0","0","0","0","0","3","2","0","0","1","0","3","1","13","6","0","0","bulk-1.27-teamid-from-league-list","0","0","0"
"3.6","Petronas Eagles vs Błysk2 0:3","1216020","2026-09-05 17:00","Orle Gniazdo","Błysk2","131225","Zieliński, Tomasz","2032339","3","1","8","0","0","62.2","6","0","2","33","33","8","6","2","2","2","50","8","2","75","4","50","1","15","27","0","0","0","0","0","0","0","9.4","","1","1","0","0","1","1","15","27","1","0","11","0","0","4","62.2","50.5","1","0","0","0","1","2","0","0","0","0","1","1","0","0","0","0","2","2","0","0","0","0","0","0","1","0","0","0","0","1","0","0","0","0","0","0","1","2","2","1","6","2","1","0","0","0","1","2","2","0","0","0","0","2","17","10","0","0","0","bulk-1.27-teamid-from-league-list","0","0","0"
"3.6","Petronas Eagles vs Błysk2 0:3","1216020","2026-09-05 17:00","Orle Gniazdo","Błysk2","131225","Szczurek, Adrian","2032628","6","6","13","0","1","61.3","4","0","2","50","50","6","2","2","4","4","100","0","0","0","0","0","3","23","27","0","0","0","0","0","0","0","19.2","","3","3","0","0","1","1","23","27","3","0","19","0","0","4","61.3","52.2","1","0","0","0","2","3","0","0","0","0","0","0","0","0","0","0","0","0","1","0","0","0","0","1","0","0","0","0","0","0","0","0","0","0","0","0","0","0","0","0","0","2","0","1","0","1","0","4","2","0","0","2","0","2","0","5","14","0","0","bulk-1.27-teamid-from-league-list","0","0","0"
"3.6","Petronas Eagles vs Błysk2 0:3","1216020","2026-09-05 17:00","Orle Gniazdo","Błysk2","131225","Zakrzewski, Radosław","1976124","0","0","0","0","0","0","0","0","0","0","0","12","7","4","5","4","67","7","0","100","2","29","0","0","0","3","0","3","1","1","1","0","8.4","","4","4","0","1","0","0","0","0","0","0","0","0","0","0","0","0","0","0","0","0","0","0","0","0","0","0","0","0","0","0","0","0","0","0","0","0","0","0","0","0","0","0","0","0","0","0","3","0","0","0","0","3","4","1","1","1","7","4","3","0","0","0","1","4","3","0","0","1","0","3","6","9","5","0","0","bulk-1.27-teamid-from-league-list","0","0","0"
"3.6","Petronas Eagles vs Błysk2 0:3","1216020","2026-09-05 17:00","Orle Gniazdo","Błysk2","131225","Bielicki, Jan","2003261","6","5","9","0","2","53.1","6","1","4","67","50","1","1","0","0","0","0","0","0","0","0","0","0","7","14","0","0","0","0","0","0","0","12.5","","0","0","0","0","0","0","7","14","0","1","6","0","0","1","53.1","47.9","0","0","0","0","0","0","0","0","0","0","0","0","0","0","0","0","0","0","4","1","0","0","1","6","0","0","0","0","0","0","0","0","0","0","0","0","0","0","0","0","0","0","0","0","0","0","0","0","0","0","0","0","0","1","16","0","0","0","0","bulk-1.27-teamid-from-league-list","0","0","0"
"3.6","Petronas Eagles vs Błysk2 0:3","1216020","2026-09-05 17:00","Orle Gniazdo","Błysk2","131225","Lanzetti, Sisto","2112556","0","-1","3","1","0","45.7","0","0","0","0","0","7","6","0","1","1","14","0","0","0","0","0","0","9","20","13","2","24","5","8","10","1","-0.6","","1","1","0","0","0","0","9","20","0","0","8","0","0","1","45.7","45.2","0","0","0","0","0","0","0","0","0","0","0","0","0","0","0","0","0","0","0","0","0","0","0","0","0","0","0","0","0","0","13","2","0","1","8","24","0","0","0","0","0","0","0","0","0","0","0","1","1","0","0","0","0","1","27","0","0","0","0","bulk-1.27-teamid-from-league-list","0","0","0"
"3.6","Petronas Eagles vs Błysk2 0:3","1216020","2026-09-05 17:00","Orle Gniazdo","Błysk2","131225","Combe, Théo","1976689","0","-1","0","0","0","0","3","1","0","0","-33","0","0","0","0","0","0","0","0","0","0","0","0","10","19","0","0","0","0","0","0","0","-1.5","","0","0","0","0","0","0","10","19","0","0","8","0","0","2","0","0","0","0","1","0","1","2","0","0","0","0","0","0","0","0","0","0","1","1","0","0","0","0","0","0","0","0","0","0","0","0","0","0","0","0","0","0","0","0","0","0","0","0","0","0","0","0","0","0","0","0","0","0","0","1","0","0","3","0","0","bulk-1.27-teamid-from-league-list","0","0","0"
"3.6","Petronas Eagles vs Błysk2 0:3","1216020","2026-09-05 17:00","Orle Gniazdo","Błysk2","131225","Humphreys, Gary","2004374","1","0","2","0","0","66.7","4","1","1","25","0","1","1","0","0","0","0","0","0","0","0","0","0","5","12","0","0","0","0","0","0","0","0.5","","0","0","0","0","0","0","5","12","0","0","3","0","0","2","66.7","59.6","0","0","0","0","0","0","0","0","1","0","0","1","1","0","0","0","0","1","0","0","0","0","0","0","0","0","0","0","2","2","0","0","0","0","0","0","0","0","0","0","0","0","0","0","0","0","0","0","0","0","0","0","0","1","7","0","0","0","0","bulk-1.27-teamid-from-league-list","0","0","0"
"3.6","Petronas Eagles vs Błysk2 0:3","1216020","2026-09-05 17:00","Orle Gniazdo","Błysk2","131225","Piotrowski, Juliusz","1974934","8","6","4","0","0","54.2","13","2","5","38","23","18","11","6","7","5","61","11","0","100","3","27","3","17","31","0","0","0","0","0","0","0","33","","5","5","0","2","0","0","17","31","3","1","16","0","0","1","54.2","51.2","0","0","1","0","2","3","1","0","0","0","1","2","3","0","0","0","0","3","0","0","0","0","0","0","1","0","1","0","3","5","0","0","0","0","0","0","1","5","4","1","11","6","3","2","0","0","1","5","2","1","0","2","0","2","16","0","15","0","0","bulk-1.27-teamid-from-league-list","0","0","0"
"3.6","Krakowskie Motyle vs Ikjas Toruń 0:3","1216021","2026-09-05 17:00","Smieszene Woleje","Krakowskie Motyle","131013","Janasik, Franciszek","1646060","0","-1","4","1","0","57.7","0","0","0","0","0","7","2","1","5","0","14","0","0","0","0","0","0","6","14","8","36","60","1","4","24","31","-0.2","{""sets"":[{""h"":5,""a"":25},{""h"":7,""a"":25},{""h"":7,""a"":25}],""parsedSets"":[{""rallies"":[{""type"":""end"",""score"":""5 : 25"",""txt"":""Koniec seta 0 : 1""},{""type"":""end"",""score"":""5 : 25"",""txt"":""Koniec seta 0 : 1""},{""type"":""rally"",""score"":""5 : 25"",""speed"":""56.2 km/h"",""res"":""Punkt: T. Litwin""},{""type"":""rally"",""score"":""5 : 24"",""speed"":""50.6 km/h"",""res"":""Punkt: W. Rosiński""},{""type"":""rally"",""score"":""5 : 23"",""speed"":""-"",""res"":""Błąd: M. Domagalski""},{""type"":""rally"",""score"":""4 : 23"",""speed"":""79.0 km/h"",""res"":""Błąd: F. Kujawka""},{""type"":""rally"",""score"":""4 : 22"",""speed"":""67.6 km/h"",""res"":""Punkt: M. Domagalski""},{""type"":""rally"",""score"":""4 : 21"",""speed"":""96.4 km/h"",""res"":""Punkt: U. Fenelon""},{""type"":""rally"",""score"":""4 : 20"",""speed"":""90.1 km/h"",""res"":""Punkt: R. Howaniec""},{""type"":""rally"",""score"":""4 : 19"",""speed"":""58.0 km/h"",""res"":""Punkt: B. Motyl""},{""type"":""rally"",""score"":""4 : 18"",""speed"":""94.0 km/h"",""res"":""Punkt: T. Litwin""},{""type"":""rally"",""score"":""4 : 17"",""speed"":""103.7 km/h"",""res"":""Punkt: W. Rosiński""},{""type"":""tmo"",""score"":""4 : 16"",""txt"":""Czas dla: ""},{""type"":""rally"",""score"":""4 : 16"",""speed"":""86.6 km/h"",""res"":""Punkt: R. Howaniec""},{""type"":""rally"",""score"":""4 : 15"",""speed"":""82.7 km/h"",""res"":""Błąd: K. Badora""},{""type"":""rally"",""score"":""4 : 14"",""speed"":""85.4 km/h"",""res"":""Punkt: M. Domagalski""},{""type"":""rally"",""score"":""4 : 13"",""speed"":""66.5 km/h"",""res"":""Punkt: M. Domagalski""},{""type"":""rally"",""score"":""4 : 12"",""speed"":""83.8 km/h"",""res"":""Błąd: E. Kamiński""},{""type"":""chg"",""score"":""4 : 11"",""txt"":""Zmiana: R. Howaniec ⇄ J. Bagniewski""},{""type"":""chg"",""score"":""4 : 11"",""txt"":""Zmiana: M. Domagalski ⇄ D. Nitkowski""},{""type"":""rally"",""score"":""4 : 11"",""speed"":""74.7 km/h"",""res"":""Punkt: W. Rosiński""},{""type"":""rally"",""score"":""4 : 10"",""speed"":""54.1 km/h"",""res"":""Punkt: W. Rosiński""},{""type"":""rally"",""score"":""4 : 9"",""speed"":""67.9 km/h"",""res"":""Punkt: F. Kujawka""},{""type"":""rally"",""score"":""3 : 9"",""speed"":""52.9 km/h"",""res"":""Punkt: D. Nitkowski""},{""type"":""rally"",""score"":""3 : 8"",""speed"":""49.4 km/h"",""res"":""Punkt: K. Badora""},{""type"":""tmo"",""score"":""2 : 8"",""txt"":""Czas dla: ""},{""type"":""rally"",""score"":""2 : 8"",""speed"":""57.5 km/h"",""res"":""Punkt: D. Nitkowski""},{""type"":""rally"",""score"":""2 : 7"",""speed"":""-"",""res"":""Błąd: T. Litwin""},{""type"":""chg"",""score"":""1 : 7"",""txt"":""Zmiana: B. Motyl ⇄ I. Liwski""},{""type"":""rally"",""score"":""1 : 7"",""speed"":""58.6 km/h"",""res"":""Punkt: D. Nitkowski""},{""type"":""rally"",""score"":""1 : 6"",""speed"":""-"",""res"":""Błąd: K. Badora""},{""type"":""rally"",""score"":""1 : 5"",""speed"":""62.3 km/h"",""res"":""Punkt: P. Wilga""},{""type"":""tmo"",""score"":""0 : 5"",""txt"":""Czas dla: Krakowskie Motyle""},{""type"":""rally"",""score"":""0 : 5"",""speed"":""73.4 km/h"",""res"":""Punkt: I. Liwski""},{""type"":""rally"",""score"":""0 : 4"",""speed"":""64.0 km/h"",""res"":""Punkt: I. Liwski""},{""type"":""rally"",""score"":""0 : 3"",""speed"":""77.6 km/h"",""res"":""Punkt: T. Litwin""},{""type"":""tmo"",""score"":""0 : 2"",""txt"":""Czas dla: Ikjas Toruń""},{""type"":""rally"",""score"":""0 : 2"",""speed"":""67.7 km/h"",""res"":""Punkt: T. Litwin""},{""type"":""tmo"",""score"":""0 : 1"",""txt"":""Czas dla: Krakowskie Motyle""},{""type"":""rally"",""score"":""0 : 1"",""speed"":""50.3 km/h"",""res"":""Punkt: T. Litwin""}]},{""rallies"":[{""type"":""end"",""score"":""7 : 25"",""txt"":""Koniec seta 0 : 2""},{""type"":""end"",""score"":""7 : 25"",""txt"":""Koniec seta 0 : 2""},{""type"":""rally"",""score"":""7 : 25"",""speed"":""84.3 km/h"",""res"":""Punkt: T. Litwin""},{""type"":""rally"",""score"":""7 : 24"",""speed"":""56.9 km/h"",""res"":""Punkt: U. Fenelon""},{""type"":""rally"",""score"":""7 : 23"",""speed"":""78.1 km/h"",""res"":""Punkt: B. Motyl""},{""type"":""rally"",""score"":""7 : 22"",""speed"":""84.7 km/h"",""res"":""Punkt: W. Rosiński""},{""type"":""rally"",""score"":""7 : 21"",""speed"":""51.6 km/h"",""res"":""Punkt: U. Fenelon""},{""type"":""rally"",""score"":""7 : 20"",""speed"":""59.7 km/h"",""res"":""Punkt: U. Fenelon""},{""type"":""rally"",""score"":""7 : 19"",""speed"":""81.2 km/h"",""res"":""Błąd: E. Kamiński""},{""type"":""rally"",""score"":""7 : 18"",""speed"":""49.7 km/h"",""res"":""Punkt: U. Fenelon""},{""type"":""rally"",""score"":""7 : 17"",""speed"":""53.4 km/h"",""res"":""Punkt: E. Kamiński""},{""type"":""rally"",""score"":""6 : 17"",""speed"":""77.5 km/h"",""res"":""Punkt: U. Fenelon""},{""type"":""tmo"",""score"":""6 : 16"",""txt"":""Czas dla: ""},{""type"":""rally"",""score"":""6 : 16"",""speed"":""93.9 km/h"",""res"":""Punkt: W. Rosiński""},{""type"":""rally"",""score"":""6 : 15"",""speed"":""-"",""res"":""Błąd: F. Janasik""},{""type"":""rally"",""score"":""6 : 14"",""speed"":""79.2 km/h"",""res"":""Punkt: E. Kamiński""},{""type"":""rally"",""score"":""5 : 14"",""speed"":""68.6 km/h"",""res"":""Punkt: R. Howaniec""},{""type"":""rally"",""score"":""5 : 13"",""speed"":""64.0 km/h"",""res"":""Punkt: T. Litwin""},{""type"":""rally"",""score"":""5 : 12"",""speed"":""57.8 km/h"",""res"":""Punkt: M. Domagalski""},{""type"":""rally"",""score"":""5 : 11"",""speed"":""-"",""res"":""Błąd: B. Motyl""},{""type"":""chg"",""score"":""4 : 11"",""txt"":""Zmiana: R. Howaniec ⇄ J. Bagniewski""},{""type"":""chg"",""score"":""4 : 11"",""txt"":""Zmiana: M. Domagalski ⇄ D. Nitkowski""},{""type"":""rally"",""score"":""4 : 11"",""speed"":""70.8 km/h"",""res"":""Punkt: D. Nitkowski""},{""type"":""rally"",""score"":""4 : 10"",""speed"":""54.1 km/h"",""res"":""Punkt: U. Fenelon""},{""type"":""rally"",""score"":""4 : 9"",""speed"":""70.6 km/h"",""res"":""Punkt: F. Kujawka""},{""type"":""chg"",""score"":""3 : 9"",""txt"":""Zmiana: B. Motyl ⇄ I. Liwski""},{""type"":""rally"",""score"":""3 : 9"",""speed"":""67.1 km/h"",""res"":""Punkt: J. Bagniewski""},{""type"":""tmo"",""score"":""3 : 8"",""txt"":""Czas dla: ""},{""type"":""rally"",""score"":""3 : 8"",""speed"":""54.2 km/h"",""res"":""Punkt: I. Liwski""},{""type"":""rally"",""score"":""3 : 7"",""speed"":""60.2 km/h"",""res"":""Punkt: I. Liwski""},{""type"":""tmo"",""score"":""3 : 6"",""txt"":""Czas dla: Krakowskie Motyle""},{""type"":""rally"",""score"":""3 : 6"",""speed"":""47.0 km/h"",""res"":""Punkt: D. Nitkowski""},{""type"":""rally"",""score"":""3 : 5"",""speed"":""51.2 km/h"",""res"":""Punkt: U. Fenelon""},{""type"":""rally"",""score"":""3 : 4"",""speed"":""58.3 km/h"",""res"":""Punkt: E. Kamiński""},{""type"":""rally"",""score"":""2 : 4"",""speed"":""54.3 km/h"",""res"":""Punkt: I. Liwski""},{""type"":""rally"",""score"":""2 : 3"",""speed"":""50.4 km/h"",""res"":""Błąd: U. Fenelon""},{""type"":""rally"",""score"":""1 : 3"",""speed"":""58.2 km/h"",""res"":""Punkt: U. Fenelon""},{""type"":""rally"",""score"":""1 : 2"",""speed"":""-"",""res"":""Błąd: J. Bagniewski""},{""type"":""tmo"",""score"":""0 : 2"",""txt"":""Czas dla: Ikjas Toruń""},{""type"":""rally"",""score"":""0 : 2"",""speed"":""70.3 km/h"",""res"":""Punkt: W. Rosiński""},{""type"":""tmo"",""score"":""0 : 1"",""txt"":""Czas dla: Krakowskie Motyle""},{""type"":""rally"",""score"":""0 : 1"",""speed"":""95.0 km/h"",""res"":""Błąd: K. Badora""}]},{""rallies"":[{""type"":""end"",""score"":""7 : 25"",""txt"":""Koniec seta 0 : 3""},{""type"":""end"",""score"":""7 : 25"",""txt"":""Koniec seta 0 : 3""},{""type"":""rally"",""score"":""7 : 25"",""speed"":""66.6 km/h"",""res"":""Punkt: U. Fenelon""},{""type"":""rally"",""score"":""7 : 24"",""speed"":""82.2 km/h"",""res"":""Punkt: T. Litwin""},{""type"":""rally"",""score"":""7 : 23"",""speed"":""71.8 km/h"",""res"":""Punkt: B. Motyl""},{""type"":""rally"",""score"":""7 : 22"",""speed"":""63.3 km/h"",""res"":""Punkt: U. Fenelon""},{""type"":""rally"",""score"":""7 : 21"",""speed"":""55.6 km/h"",""res"":""Punkt: B. Motyl""},{""type"":""rally"",""score"":""7 : 20"",""speed"":""62.8 km/h"",""res"":""Punkt: T. Litwin""},{""type"":""rally"",""score"":""7 : 19"",""speed"":""62.0 km/h"",""res"":""Punkt: U. Fenelon""},{""type"":""rally"",""score"":""7 : 18"",""speed"":""47.1 km/h"",""res"":""Punkt: T. Litwin""},{""type"":""rally"",""score"":""7 : 17"",""speed"":""-"",""res"":""Błąd: R. Howaniec""},{""type"":""rally"",""score"":""6 : 17"",""speed"":""60.2 km/h"",""res"":""Punkt: W. Rosiński""},{""type"":""tmo"",""score"":""6 : 16"",""txt"":""Czas dla: ""},{""type"":""rally"",""score"":""6 : 16"",""speed"":""64.2 km/h"",""res"":""Punkt: R. Howaniec""},{""type"":""rally"",""score"":""6 : 15"",""speed"":""76.0 km/h"",""res"":""Punkt: R. Howaniec""},{""type"":""rally"",""score"":""6 : 14"",""speed"":""78.9 km/h"",""res"":""Punkt: W. Rosiński""},{""type"":""rally"",""score"":""6 : 13"",""speed"":""-"",""res"":""Błąd: F. Kujawka""},{""type"":""rally"",""score"":""6 : 12"",""speed"":""71.8 km/h"",""res"":""Punkt: F. Kujawka""},{""type"":""rally"",""score"":""5 : 12"",""speed"":""46.9 km/h"",""res"":""Punkt: W. Rosiński""},{""type"":""rally"",""score"":""5 : 11"",""speed"":""88.8 km/h"",""res"":""Punkt: K. Badora""},{""type"":""chg"",""score"":""4 : 11"",""txt"":""Zmiana: R. Howaniec ⇄ J. Bagniewski""},{""type"":""chg"",""score"":""4 : 11"",""txt"":""Zmiana: M. Domagalski ⇄ D. Nitkowski""},{""type"":""rally"",""score"":""4 : 11"",""speed"":""60.0 km/h"",""res"":""Punkt: B. Motyl""},{""type"":""chg"",""score"":""4 : 10"",""txt"":""Zmiana: B. Motyl ⇄ I. Liwski""},{""type"":""rally"",""score"":""4 : 10"",""speed"":""84.0 km/h"",""res"":""Punkt: J. Bagniewski""},{""type"":""rally"",""score"":""4 : 9"",""speed"":""49.5 km/h"",""res"":""Punkt: I. Liwski""},{""type"":""rally"",""score"":""4 : 8"",""speed"":""67.2 km/h"",""res"":""Punkt: P. Wilga""},{""type"":""tmo"",""score"":""3 : 8"",""txt"":""Czas dla: ""},{""type"":""rally"",""score"":""3 : 8"",""speed"":""43.3 km/h"",""res"":""Punkt: D. Nitkowski""},{""type"":""rally"",""score"":""3 : 7"",""speed"":""58.4 km/h"",""res"":""Punkt: U. Fenelon""},{""type"":""rally"",""score"":""3 : 6"",""speed"":""52.2 km/h"",""res"":""Punkt: P. Wilga""},{""type"":""tmo"",""score"":""2 : 6"",""txt"":""Czas dla: Krakowskie Motyle""},{""type"":""rally"",""score"":""2 : 6"",""speed"":""51.0 km/h"",""res"":""Punkt: T. Litwin""},{""type"":""rally"",""score"":""2 : 5"",""speed"":""52.7 km/h"",""res"":""Punkt: I. Liwski""},{""type"":""rally"",""score"":""2 : 4"",""speed"":""49.9 km/h"",""res"":""Punkt: K. Badora""},{""type"":""rally"",""score"":""1 : 4"",""speed"":""-"",""res"":""Błąd: W. Rosiński""},{""type"":""rally"",""score"":""0 : 4"",""speed"":""65.8 km/h"",""res"":""Punkt: U. Fenelon""},{""type"":""rally"",""score"":""0 : 3"",""speed"":""52.3 km/h"",""res"":""Punkt: I. Liwski""},{""type"":""tmo"",""score"":""0 : 2"",""txt"":""Czas dla: Ikjas Toruń""},{""type"":""rally"",""score"":""0 : 2"",""speed"":""86.7 km/h"",""res"":""Punkt: T. Litwin""},{""type"":""tmo"",""score"":""0 : 1"",""txt"":""Czas dla: Krakowskie Motyle""},{""type"":""rally"",""score"":""0 : 1"",""speed"":""57.7 km/h"",""res"":""Punkt: W. Rosiński""}]}]}","0","0","0","5","0","0","6","14","0","0","6","0","0","0","57.7","51.7","0","0","0","0","0","0","0","0","0","0","0","0","0","0","0","0","0","0","0","0","0","0","0","0","0","0","0","0","0","0","8","36","0","5","11","60","0","0","0","0","0","1","0","1","0","0","0","0","0","0","0","0","0","3","20","23","21","0","0","bulk-1.27-teamid-from-league-list","0","0","0"
"3.6","Krakowskie Motyle vs Ikjas Toruń 0:3","1216021","2026-09-05 17:00","Smieszene Woleje","Krakowskie Motyle","131013","Badora, Ksawery","1685754","3","-11","5","1","1","58.2","15","11","2","13","-60","9","5","0","4","0","0","24","2","92","1","4","0","3","15","0","0","0","0","0","0","0","-17.3","","0","0","0","4","0","0","3","15","0","0","3","0","0","0","58.2","52.6","0","0","0","0","0","0","0","0","6","0","0","6","0","2","0","0","1","3","0","0","0","0","0","0","2","0","3","0","1","6","0","0","0","0","0","0","0","2","7","13","22","0","0","0","0","0","0","0","0","0","0","0","0","3","12","13","12","0","0","bulk-1.27-teamid-from-league-list","0","0","0"
"3.6","Krakowskie Motyle vs Ikjas Toruń 0:3","1216021","2026-09-05 17:00","Smieszene Woleje","Krakowskie Motyle","131013","Piotr, Miłosz","1646066","0","-3","3","0","0","58.4","3","3","0","0","-100","7","2","0","5","0","0","0","0","0","0","0","0","3","14","0","0","0","0","0","0","0","-4.5","","0","0","0","5","0","0","3","14","0","0","2","0","0","1","58.4","56.7","0","0","0","0","0","0","0","0","2","0","0","2","0","0","0","0","0","0","0","0","1","0","0","1","0","0","0","0","0","0","0","0","0","0","0","0","0","0","0","0","0","0","0","0","0","0","0","0","0","0","0","0","0","3","1","2","3","0","0","bulk-1.27-teamid-from-league-list","0","0","0"
"3.6","Krakowskie Motyle vs Ikjas Toruń 0:3","1216021","2026-09-05 17:00","Smieszene Woleje","Krakowskie Motyle","131013","Kamiński, Eryk","1685753","3","-9","3","0","0","52.9","18","12","3","17","-50","10","1","0","9","0","0","0","0","0","0","0","0","2","16","0","0","0","0","0","0","0","-22","","0","1","0","8","0","0","2","16","0","0","1","0","0","1","52.9","51.2","0","0","0","0","0","0","0","0","4","0","0","4","2","1","1","0","2","6","0","0","0","0","0","0","1","1","5","0","1","8","0","0","0","0","0","0","0","0","0","0","0","0","0","0","0","0","0","0","0","0","0","0","0","3","5","12","4","0","0","bulk-1.27-teamid-from-league-list","0","0","0"
"3.6","Krakowskie Motyle vs Ikjas Toruń 0:3","1216021","2026-09-05 17:00","Smieszene Woleje","Krakowskie Motyle","131013","Wilga, Piotr","1685752","3","-14","3","0","0","54.1","21","14","3","14","-52","8","3","0","5","0","0","20","3","85","3","15","0","3","15","0","0","0","0","0","0","0","-23.4","","0","2","0","3","0","0","3","15","0","0","3","0","0","0","54.1","51.7","0","0","0","0","0","0","0","0","3","0","0","3","2","0","2","0","1","5","0","0","0","0","0","0","1","0","9","0","3","13","0","0","0","0","0","0","0","1","8","8","17","0","0","0","0","0","0","0","0","0","0","0","0","3","13","10","13","0","0","bulk-1.27-teamid-from-league-list","0","0","0"
"3.6","Krakowskie Motyle vs Ikjas Toruń 0:3","1216021","2026-09-05 17:00","Smieszene Woleje","Krakowskie Motyle","131013","Kujawka, Fabian","1646068","3","0","3","1","0","57.8","4","2","0","0","-50","5","1","0","4","0","0","0","0","0","0","0","3","7","16","0","0","0","0","0","0","0","5","","0","0","0","4","0","0","7","16","3","0","6","0","0","1","57.8","54.2","0","0","0","0","0","0","0","0","0","0","0","0","0","0","0","0","0","0","0","1","1","0","2","4","0","0","0","0","0","0","0","0","0","0","0","0","0","0","0","0","0","0","0","0","0","0","0","0","0","0","0","0","0","3","3","3","3","0","0","bulk-1.27-teamid-from-league-list","0","0","0"
"3.6","Krakowskie Motyle vs Ikjas Toruń 0:3","1216021","2026-09-05 17:00","Smieszene Woleje","Krakowskie Motyle","131013","Korzonek, Michał","1710171","0","-3","0","0","0","0","0","0","0","0","0","15","9","1","6","0","7","23","3","87","4","17","0","0","0","0","1","1","0","0","0","1","4.4","","0","0","0","6","0","0","0","0","0","0","0","0","0","0","0","0","0","0","0","0","0","0","0","0","0","0","0","0","0","0","0","0","0","0","0","0","0","0","0","0","0","0","0","0","0","0","0","1","0","0","0","1","1","1","9","9","20","1","0","1","0","0","0","0","0","0","0","0","0","3","9","12","9","0","0","bulk-1.27-teamid-from-league-list","0","0","0"
"3.6","Krakowskie Motyle vs Ikjas Toruń 0:3","1216021","2026-09-05 17:00","Smieszene Woleje","Ikjas Toruń","131062","Bagniewski, Jarosław","1904147","2","1","3","1","0","95","0","0","0","0","0","1","1","0","0","0","0","0","0","0","0","0","2","12","13","15","2","19","11","2","5","1","5","","0","0","0","0","0","0","12","13","2","0","10","0","0","2","95","82.7","0","0","0","0","0","0","0","0","0","0","0","0","0","0","0","0","0","0","0","0","0","0","0","0","0","0","0","0","0","0","15","2","0","1","1","19","0","0","0","0","0","0","0","0","0","0","0","0","0","0","0","0","0","3","6","11","8","0","0","bulk-1.27-teamid-from-league-list","0","0","0"
"3.6","Krakowskie Motyle vs Ikjas Toruń 0:3","1216021","2026-09-05 17:00","Smieszene Woleje","Ikjas Toruń","131062","Rosiński, Wojciech","1949210","11","9","24","1","1","86.7","4","0","4","100","100","2","1","1","1","1","100","11","1","91","10","91","6","21","27","0","0","0","0","0","0","0","35.2","","0","0","0","0","1","1","21","27","6","0","20","0","0","1","86.7","67.9","0","0","0","0","0","0","0","0","0","0","0","0","4","0","0","0","0","4","0","0","0","0","0","0","0","0","0","0","0","0","0","0","0","0","0","0","8","0","2","0","10","1","0","1","0","0","0","1","1","0","0","0","0","3","12","13","19","0","0","bulk-1.27-teamid-from-league-list","0","0","0"
"3.6","Krakowskie Motyle vs Ikjas Toruń 0:3","1216021","2026-09-05 17:00","Smieszene Woleje","Ikjas Toruń","131062","Litwin, Tomasz","2112069","13","11","5","1","1","58.6","7","1","5","71","57","1","1","0","0","0","0","0","0","0","0","0","7","41","45","0","0","0","0","0","0","0","31.5","","0","0","0","0","0","0","41","45","6","0","36","1","0","5","58.6","55","0","0","0","0","0","0","1","0","1","0","0","2","0","0","0","0","0","0","4","0","0","0","1","5","0","0","0","0","0","0","0","0","0","0","0","0","0","0","0","0","0","0","0","0","0","0","0","0","0","0","0","0","0","3","7","4","7","0","0","bulk-1.27-teamid-from-league-list","0","0","0"
"3.6","Krakowskie Motyle vs Ikjas Toruń 0:3","1216021","2026-09-05 17:00","Smieszene Woleje","Ikjas Toruń","131062","Fenelon, Ubaldo","2087292","15","14","8","0","0","70.6","7","1","6","86","71","3","2","0","1","0","0","0","0","0","0","0","9","26","34","0","0","0","0","0","0","0","37.5","","0","0","0","1","0","0","26","34","8","0","23","1","0","3","70.6","57.4","1","0","0","0","0","1","0","1","0","0","0","1","4","0","0","0","0","4","0","0","0","0","0","0","1","0","0","0","0","1","0","0","0","0","0","0","0","0","0","0","0","0","0","0","0","0","0","0","0","0","0","0","0","3","2","14","9","0","0","bulk-1.27-teamid-from-league-list","0","0","0"
"3.6","Krakowskie Motyle vs Ikjas Toruń 0:3","1216021","2026-09-05 17:00","Smieszene Woleje","Ikjas Toruń","131062","Liwski, Igor","1927670","8","8","1","0","0","84","5","0","4","80","80","1","0","0","1","1","100","2","0","100","2","100","4","14","19","0","0","0","0","0","0","0","22","","0","0","0","0","1","1","14","19","4","0","13","0","0","1","84","84","1","0","0","0","0","1","0","0","0","0","0","0","3","0","0","0","1","4","0","0","0","0","0","0","0","0","0","0","0","0","0","0","0","0","0","0","2","0","0","0","2","0","0","0","0","0","0","1","1","0","0","0","0","3","2","4","6","0","0","bulk-1.27-teamid-from-league-list","0","0","0"
"3.6","Krakowskie Motyle vs Ikjas Toruń 0:3","1216021","2026-09-05 17:00","Smieszene Woleje","Ikjas Toruń","131062","Nitkowski, Dariusz","1951378","6","5","1","0","0","74.7","4","1","3","75","50","0","0","0","0","0","0","0","0","0","0","0","3","12","15","0","0","0","0","0","0","0","13.5","","0","0","0","0","0","0","12","15","3","0","12","0","0","0","74.7","74.7","1","0","0","0","0","1","0","0","1","0","0","1","0","0","0","0","0","0","2","0","0","0","0","2","0","0","0","0","0","0","0","0","0","0","0","0","0","0","0","0","0","0","0","0","0","0","0","0","0","0","0","0","0","3","5","2","1","0","0","bulk-1.27-teamid-from-league-list","0","0","0"
"3.6","Krakowskie Motyle vs Ikjas Toruń 0:3","1216021","2026-09-05 17:00","Smieszene Woleje","Ikjas Toruń","131062","Kruczyński, Grzegorz","2032193","0","0","0","0","0","0","0","0","0","0","0","8","7","5","1","0","63","3","0","100","3","100","0","0","0","1","0","1","0","1","0","0","6.4","","0","0","0","1","0","0","0","0","0","0","0","0","0","0","0","0","0","0","0","0","0","0","0","0","0","0","0","0","0","0","0","0","0","0","0","0","0","0","0","0","0","0","0","0","0","0","1","0","0","0","0","1","2","1","0","0","3","5","2","1","1","1","0","0","0","0","0","0","0","3","3","5","3","0","0","bulk-1.27-teamid-from-league-list","0","0","0"
"3.6","Krakowskie Motyle vs Ikjas Toruń 0:3","1216021","2026-09-05 17:00","Smieszene Woleje","Ikjas Toruń","131062","Howaniec, Robert","1767842","5","4","9","1","2","93.9","0","0","0","0","0","2","2","1","0","0","50","0","0","0","0","0","3","10","14","8","1","10","7","0","1","2","14.8","","0","0","0","0","0","0","10","14","3","0","10","0","0","0","93.9","70","0","0","0","0","0","0","0","0","0","0","0","0","0","0","0","0","0","0","0","0","0","0","0","0","0","0","0","0","0","0","8","1","0","0","1","10","0","0","0","0","0","1","1","0","0","0","0","0","0","0","0","0","0","3","6","7","9","0","0","bulk-1.27-teamid-from-league-list","0","0","0"
"3.6","Krakowskie Motyle vs Ikjas Toruń 0:3","1216021","2026-09-05 17:00","Smieszene Woleje","Ikjas Toruń","131062","Motyl, Bogdan","1864952","5","3","5","1","1","88.8","2","1","1","50","0","4","3","3","1","0","75","2","0","100","2","100","3","11","15","0","0","0","0","0","0","0","15.5","","0","0","0","1","0","0","11","15","3","0","9","0","0","2","88.8","71.9","0","0","0","0","0","0","0","0","0","0","0","0","0","0","1","0","0","1","0","0","0","0","0","0","1","0","0","0","0","1","0","0","0","0","0","0","1","1","0","0","2","3","1","1","0","1","0","0","0","0","0","0","0","3","4","5","6","0","0","bulk-1.27-teamid-from-league-list","0","0","0"
"3.6","Krakowskie Motyle vs Ikjas Toruń 0:3","1216021","2026-09-05 17:00","Smieszene Woleje","Ikjas Toruń","131062","Domagalski, Michał","1767843","4","3","17","1","3","103.7","1","0","1","100","100","2","2","1","0","0","50","0","0","0","0","0","0","1","1","0","0","0","0","0","0","0","10.8","","0","0","0","0","0","0","1","1","0","0","1","0","0","0","103.7","79.8","0","0","0","0","0","0","0","0","0","0","0","0","0","0","0","0","0","0","1","0","0","0","0","1","0","0","0","0","0","0","0","0","0","0","0","0","0","0","0","0","0","1","1","0","0","0","0","0","0","0","0","0","0","2","13","4","1","0","0","bulk-1.27-teamid-from-league-list","0","0","0"
"3.6","AMRO Team Szubin vs Drużyna Pierścienia 0:3","1216022","2026-09-05 17:00","Hala","AMRO Team Szubin","128610","Trzeciak, Jakub","2060688","2","1","9","1","2","59.3","0","0","0","0","0","16","11","5","5","4","56","0","0","0","0","0","0","5","20","18","13","64","8","23","20","13","10.6","{""sets"":[{""h"":16,""a"":25},{""h"":18,""a"":25},{""h"":16,""a"":25}],""parsedSets"":[{""rallies"":[{""type"":""end"",""score"":""16 : 25"",""txt"":""Koniec seta 0 : 1""},{""type"":""end"",""score"":""16 : 25"",""txt"":""Koniec seta 0 : 1""},{""type"":""rally"",""score"":""16 : 25"",""speed"":""53.1 km/h"",""res"":""Punkt: C. Anghelina""},{""type"":""rally"",""score"":""16 : 24"",""speed"":""43.6 km/h"",""res"":""Punkt: A. Szwarc""},{""type"":""rally"",""score"":""15 : 24"",""speed"":""51.2 km/h"",""res"":""Punkt: C. Anghelina""},{""type"":""rally"",""score"":""15 : 23"",""speed"":""53.3 km/h"",""res"":""Punkt: J. Kmieć""},{""type"":""rally"",""score"":""14 : 23"",""speed"":""53.6 km/h"",""res"":""Punkt: P. Wierzchowski""},{""type"":""rally"",""score"":""14 : 22"",""speed"":""44.9 km/h"",""res"":""Punkt: I. Kobusiński""},{""type"":""rally"",""score"":""14 : 21"",""speed"":""43.7 km/h"",""res"":""Punkt: J. Kmieć""},{""type"":""rally"",""score"":""13 : 21"",""speed"":""49.8 km/h"",""res"":""Punkt: P. Wierzchowski""},{""type"":""rally"",""score"":""13 : 20"",""speed"":""50.7 km/h"",""res"":""Punkt: I. Kobusiński""},{""type"":""rally"",""score"":""13 : 19"",""speed"":""50.8 km/h"",""res"":""Punkt: I. Kobusiński""},{""type"":""rally"",""score"":""13 : 18"",""speed"":""48.7 km/h"",""res"":""Błąd: A. Szwarc""},{""type"":""rally"",""score"":""13 : 17"",""speed"":""50.0 km/h"",""res"":""Punkt: I. Kobusiński""},{""type"":""rally"",""score"":""13 : 16"",""speed"":""41.3 km/h"",""res"":""Punkt: A. Szwarc""},{""type"":""tmo"",""score"":""12 : 16"",""txt"":""Czas dla: ""},{""type"":""rally"",""score"":""12 : 16"",""speed"":""46.1 km/h"",""res"":""Punkt: I. Kobusiński""},{""type"":""rally"",""score"":""12 : 15"",""speed"":""47.7 km/h"",""res"":""Punkt: I. Kobusiński""},{""type"":""rally"",""score"":""12 : 14"",""speed"":""43.7 km/h"",""res"":""Punkt: T. Pincella""},{""type"":""rally"",""score"":""11 : 14"",""speed"":""68.0 km/h"",""res"":""Punkt: C. Anghelina""},{""type"":""rally"",""score"":""11 : 13"",""speed"":""51.8 km/h"",""res"":""Punkt: P. Kurzeja""},{""type"":""rally"",""score"":""10 : 13"",""speed"":""-"",""res"":""Błąd: M. Molena""},{""type"":""rally"",""score"":""9 : 13"",""speed"":""50.4 km/h"",""res"":""Punkt: C. Anghelina""},{""type"":""rally"",""score"":""9 : 12"",""speed"":""57.7 km/h"",""res"":""Błąd: T. Pincella""},{""type"":""rally"",""score"":""9 : 11"",""speed"":""47.9 km/h"",""res"":""Punkt: M. Molena""},{""type"":""rally"",""score"":""9 : 10"",""speed"":""59.3 km/h"",""res"":""Błąd: P. Kurzeja""},{""type"":""rally"",""score"":""9 : 9"",""speed"":""-"",""res"":""Błąd: K. Vatra""},{""type"":""rally"",""score"":""8 : 9"",""speed"":""54.9 km/h"",""res"":""Punkt: C. Anghelina""},{""type"":""rally"",""score"":""8 : 8"",""speed"":""44.7 km/h"",""res"":""Punkt: J. Kmieć""},{""type"":""tmo"",""score"":""7 : 8"",""txt"":""Czas dla: ""},{""type"":""rally"",""score"":""7 : 8"",""speed"":""66.6 km/h"",""res"":""Punkt: I. Kobusiński""},{""type"":""rally"",""score"":""7 : 7"",""speed"":""44.3 km/h"",""res"":""Punkt: J. Kmieć""},{""type"":""rally"",""score"":""6 : 7"",""speed"":""58.8 km/h"",""res"":""Punkt: I. Kobusiński""},{""type"":""rally"",""score"":""6 : 6"",""speed"":""42.0 km/h"",""res"":""Punkt: M. Drzyzga""},{""type"":""rally"",""score"":""5 : 6"",""speed"":""54.5 km/h"",""res"":""Punkt: P. Wierzchowski""},{""type"":""rally"",""score"":""5 : 5"",""speed"":""52.8 km/h"",""res"":""Punkt: K. Barć""},{""type"":""rally"",""score"":""5 : 4"",""speed"":""48.5 km/h"",""res"":""Punkt: T. Pincella""},{""type"":""rally"",""score"":""4 : 4"",""speed"":""59.9 km/h"",""res"":""Punkt: I. Kobusiński""},{""type"":""rally"",""score"":""4 : 3"",""speed"":""56.5 km/h"",""res"":""Punkt: I. Kobusiński""},{""type"":""rally"",""score"":""4 : 2"",""speed"":""53.6 km/h"",""res"":""Punkt: K. Barć""},{""type"":""rally"",""score"":""4 : 1"",""speed"":""46.4 km/h"",""res"":""Punkt: A. Szwarc""},{""type"":""rally"",""score"":""3 : 1"",""speed"":""45.3 km/h"",""res"":""Punkt: C. Anghelina""},{""type"":""rally"",""score"":""3 : 0"",""speed"":""49.8 km/h"",""res"":""Punkt: J. Trzeciak""},{""type"":""tmo"",""score"":""2 : 0"",""txt"":""Czas dla: Drużyna Pierścienia""},{""type"":""rally"",""score"":""2 : 0"",""speed"":""56.8 km/h"",""res"":""Punkt: J. Trzeciak""},{""type"":""chg"",""score"":""1 : 0"",""txt"":""Zmiana: K. Vatra ⇄ L. Mamele""},{""type"":""tmo"",""score"":""1 : 0"",""txt"":""Czas dla: AMRO Team Szubin""},{""type"":""rally"",""score"":""1 : 0"",""speed"":""46.1 km/h"",""res"":""Punkt: P. Kurzeja""}]},{""rallies"":[{""type"":""end"",""score"":""18 : 25"",""txt"":""Koniec seta 0 : 2""},{""type"":""end"",""score"":""18 : 25"",""txt"":""Koniec seta 0 : 2""},{""type"":""rally"",""score"":""18 : 25"",""speed"":""41.8 km/h"",""res"":""Punkt: M. Molena""},{""type"":""rally"",""score"":""18 : 24"",""speed"":""44.6 km/h"",""res"":""Punkt: M. Molena""},{""type"":""rally"",""score"":""18 : 23"",""speed"":""53.6 km/h"",""res"":""Punkt: I. Kobusiński""},{""type"":""rally"",""score"":""18 : 22"",""speed"":""50.6 km/h"",""res"":""Punkt: J. Kmieć""},{""type"":""rally"",""score"":""17 : 22"",""speed"":""53.1 km/h"",""res"":""Punkt: I. Kobusiński""},{""type"":""rally"",""score"":""17 : 21"",""speed"":""50.7 km/h"",""res"":""Punkt: P. Kurzeja""},{""type"":""rally"",""score"":""16 : 21"",""speed"":""47.4 km/h"",""res"":""Punkt: K. Barć""},{""type"":""rally"",""score"":""16 : 20"",""speed"":""61.6 km/h"",""res"":""Punkt: P. Wierzchowski""},{""type"":""rally"",""score"":""16 : 19"",""speed"":""50.3 km/h"",""res"":""Punkt: T. Pincella""},{""type"":""rally"",""score"":""15 : 19"",""speed"":""48.5 km/h"",""res"":""Błąd: T. Pincella""},{""type"":""rally"",""score"":""15 : 18"",""speed"":""-"",""res"":""Błąd: A. Rouleau""},{""type"":""rally"",""score"":""14 : 18"",""speed"":""49.9 km/h"",""res"":""Punkt: M. Molena""},{""type"":""rally"",""score"":""14 : 17"",""speed"":""52.1 km/h"",""res"":""Punkt: M. Drzyzga""},{""type"":""rally"",""score"":""13 : 17"",""speed"":""48.1 km/h"",""res"":""Punkt: K. Barć""},{""type"":""rally"",""score"":""13 : 16"",""speed"":""46.2 km/h"",""res"":""Punkt: J. Kmieć""},{""type"":""tmo"",""score"":""12 : 16"",""txt"":""Czas dla: ""},{""type"":""rally"",""score"":""12 : 16"",""speed"":""51.5 km/h"",""res"":""Błąd: J. Kmieć""},{""type"":""rally"",""score"":""12 : 15"",""speed"":""60.6 km/h"",""res"":""Punkt: K. Barć""},{""type"":""rally"",""score"":""12 : 14"",""speed"":""62.1 km/h"",""res"":""Punkt: K. Dobak""},{""type"":""rally"",""score"":""11 : 14"",""speed"":""41.0 km/h"",""res"":""Punkt: A. Szwarc""},{""type"":""rally"",""score"":""10 : 14"",""speed"":""45.9 km/h"",""res"":""Punkt: I. Kobusiński""},{""type"":""rally"",""score"":""10 : 13"",""speed"":""62.2 km/h"",""res"":""Punkt: A. Szwarc""},{""type"":""rally"",""score"":""9 : 13"",""speed"":""72.3 km/h"",""res"":""Punkt: I. Kobusiński""},{""type"":""rally"",""score"":""9 : 12"",""speed"":""46.0 km/h"",""res"":""Punkt: C. Anghelina""},{""type"":""rally"",""score"":""9 : 11"",""speed"":""49.7 km/h"",""res"":""Punkt: A. Szwarc""},{""type"":""rally"",""score"":""8 : 11"",""speed"":""48.5 km/h"",""res"":""Punkt: P. Wierzchowski""},{""type"":""rally"",""score"":""8 : 10"",""speed"":""57.1 km/h"",""res"":""Punkt: M. Molena""},{""type"":""rally"",""score"":""8 : 9"",""speed"":""47.3 km/h"",""res"":""Punkt: K. Barć""},{""type"":""rally"",""score"":""8 : 8"",""speed"":""44.0 km/h"",""res"":""Punkt: T. Pincella""},{""type"":""tmo"",""score"":""7 : 8"",""txt"":""Czas dla: ""},{""type"":""rally"",""score"":""7 : 8"",""speed"":""51.7 km/h"",""res"":""Punkt: K. Barć""},{""type"":""rally"",""score"":""7 : 7"",""speed"":""47.8 km/h"",""res"":""Punkt: C. Anghelina""},{""type"":""rally"",""score"":""7 : 6"",""speed"":""47.7 km/h"",""res"":""Punkt: M. Drzyzga""},{""type"":""rally"",""score"":""6 : 6"",""speed"":""47.4 km/h"",""res"":""Punkt: I. Kobusiński""},{""type"":""rally"",""score"":""6 : 5"",""speed"":""49.6 km/h"",""res"":""Punkt: P. Kurzeja""},{""type"":""rally"",""score"":""5 : 5"",""speed"":""56.0 km/h"",""res"":""Punkt: I. Kobusiński""},{""type"":""rally"",""score"":""5 : 4"",""speed"":""43.3 km/h"",""res"":""Punkt: J. Kmieć""},{""type"":""rally"",""score"":""4 : 4"",""speed"":""58.4 km/h"",""res"":""Punkt: K. Barć""},{""type"":""rally"",""score"":""4 : 3"",""speed"":""44.3 km/h"",""res"":""Punkt: J. Kmieć""},{""type"":""rally"",""score"":""3 : 3"",""speed"":""-"",""res"":""Błąd: C. Anghelina""},{""type"":""rally"",""score"":""2 : 3"",""speed"":""42.5 km/h"",""res"":""Punkt: K. Barć""},{""type"":""rally"",""score"":""2 : 2"",""speed"":""41.8 km/h"",""res"":""Punkt: T. Pincella""},{""type"":""rally"",""score"":""1 : 2"",""speed"":""55.1 km/h"",""res"":""Punkt: C. Anghelina""},{""type"":""tmo"",""score"":""1 : 1"",""txt"":""Czas dla: Drużyna Pierścienia""},{""type"":""rally"",""score"":""1 : 1"",""speed"":""48.4 km/h"",""res"":""Punkt: P. Wierzchowski""},{""type"":""chg"",""score"":""1 : 0"",""txt"":""Zmiana: A. Rouleau ⇄ L. Mamele""},{""type"":""chg"",""score"":""1 : 0"",""txt"":""Zmiana: V. Bueno ⇄ N. Dolabela""},{""type"":""chg"",""score"":""1 : 0"",""txt"":""Zmiana: K. Dobak ⇄ J. Trzeciak""},{""type"":""tmo"",""score"":""1 : 0"",""txt"":""Czas dla: AMRO Team Szubin""},{""type"":""rally"",""score"":""1 : 0"",""speed"":""-"",""res"":""Błąd: L. Mamele""}]},{""rallies"":[{""type"":""end"",""score"":""16 : 25"",""txt"":""Koniec seta 0 : 3""},{""type"":""end"",""score"":""16 : 25"",""txt"":""Koniec seta 0 : 3""},{""type"":""rally"",""score"":""16 : 25"",""speed"":""65.7 km/h"",""res"":""Punkt: C. Anghelina""},{""type"":""rally"",""score"":""16 : 24"",""speed"":""-"",""res"":""Błąd: M. Molena""},{""type"":""rally"",""score"":""15 : 24"",""speed"":""54.7 km/h"",""res"":""Punkt: C. Anghelina""},{""type"":""rally"",""score"":""15 : 23"",""speed"":""59.1 km/h"",""res"":""Punkt: K. Barć""},{""type"":""rally"",""score"":""15 : 22"",""speed"":""-"",""res"":""Błąd: J. Trzeciak""},{""type"":""rally"",""score"":""15 : 21"",""speed"":""42.3 km/h"",""res"":""Punkt: T. Pincella""},{""type"":""rally"",""score"":""14 : 21"",""speed"":""46.6 km/h"",""res"":""Punkt: C. Anghelina""},{""type"":""rally"",""score"":""14 : 20"",""speed"":""53.3 km/h"",""res"":""Punkt: T. Pincella""},{""type"":""rally"",""score"":""13 : 20"",""speed"":""-"",""res"":""Błąd: I. Kobusiński""},{""type"":""rally"",""score"":""12 : 20"",""speed"":""45.5 km/h"",""res"":""Punkt: I. Kobusiński""},{""type"":""rally"",""score"":""12 : 19"",""speed"":""49.6 km/h"",""res"":""Punkt: J. Kmieć""},{""type"":""rally"",""score"":""11 : 19"",""speed"":""58.2 km/h"",""res"":""Punkt: M. Molena""},{""type"":""rally"",""score"":""11 : 18"",""speed"":""53.5 km/h"",""res"":""Punkt: J. Kmieć""},{""type"":""rally"",""score"":""10 : 18"",""speed"":""48.7 km/h"",""res"":""Punkt: I. Kobusiński""},{""type"":""rally"",""score"":""10 : 17"",""speed"":""54.1 km/h"",""res"":""Punkt: I. Kobusiński""},{""type"":""tmo"",""score"":""10 : 16"",""txt"":""Czas dla: ""},{""type"":""rally"",""score"":""10 : 16"",""speed"":""41.5 km/h"",""res"":""Punkt: G. Antoni""},{""type"":""rally"",""score"":""10 : 15"",""speed"":""59.1 km/h"",""res"":""Punkt: I. Kobusiński""},{""type"":""rally"",""score"":""10 : 14"",""speed"":""49.8 km/h"",""res"":""Punkt: T. Pincella""},{""type"":""rally"",""score"":""9 : 14"",""speed"":""45.1 km/h"",""res"":""Punkt: C. Anghelina""},{""type"":""rally"",""score"":""9 : 13"",""speed"":""42.1 km/h"",""res"":""Punkt: M. Drzyzga""},{""type"":""rally"",""score"":""8 : 13"",""speed"":""45.4 km/h"",""res"":""Punkt: C. Anghelina""},{""type"":""rally"",""score"":""8 : 12"",""speed"":""45.8 km/h"",""res"":""Punkt: C. Anghelina""},{""type"":""rally"",""score"":""8 : 11"",""speed"":""47.6 km/h"",""res"":""Błąd: K. Barć""},{""type"":""rally"",""score"":""7 : 11"",""speed"":""46.1 km/h"",""res"":""Punkt: C. Anghelina""},{""type"":""rally"",""score"":""7 : 10"",""speed"":""45.7 km/h"",""res"":""Punkt: M. Drzyzga""},{""type"":""rally"",""score"":""6 : 10"",""speed"":""-"",""res"":""Błąd: A. Szwarc""},{""type"":""rally"",""score"":""6 : 9"",""speed"":""45.5 km/h"",""res"":""Punkt: J. Kmieć""},{""type"":""rally"",""score"":""5 : 9"",""speed"":""-"",""res"":""Błąd: P. Kurzeja""},{""type"":""rally"",""score"":""5 : 8"",""speed"":""40.8 km/h"",""res"":""Błąd: K. Ewertowski""},{""type"":""tmo"",""score"":""4 : 8"",""txt"":""Czas dla: ""},{""type"":""rally"",""score"":""4 : 8"",""speed"":""53.5 km/h"",""res"":""Punkt: I. Kobusiński""},{""type"":""rally"",""score"":""4 : 7"",""speed"":""51.4 km/h"",""res"":""Błąd: M. Drzyzga""},{""type"":""rally"",""score"":""4 : 6"",""speed"":""52.5 km/h"",""res"":""Punkt: I. Kobusiński""},{""type"":""rally"",""score"":""4 : 5"",""speed"":""42.9 km/h"",""res"":""Punkt: I. Kobusiński""},{""type"":""rally"",""score"":""4 : 4"",""speed"":""53.9 km/h"",""res"":""Punkt: A. Szwarc""},{""type"":""rally"",""score"":""3 : 4"",""speed"":""56.9 km/h"",""res"":""Punkt: T. Pincella""},{""type"":""rally"",""score"":""2 : 4"",""speed"":""58.2 km/h"",""res"":""Punkt: I. Kobusiński""},{""type"":""rally"",""score"":""2 : 3"",""speed"":""61.5 km/h"",""res"":""Punkt: K. Barć""},{""type"":""rally"",""score"":""2 : 2"",""speed"":""41.9 km/h"",""res"":""Punkt: C. Anghelina""},{""type"":""rally"",""score"":""2 : 1"",""speed"":""44.9 km/h"",""res"":""Błąd: C. Anghelina""},{""type"":""tmo"",""score"":""1 : 1"",""txt"":""Czas dla: Drużyna Pierścienia""},{""type"":""rally"",""score"":""1 : 1"",""speed"":""43.0 km/h"",""res"":""Punkt: T. Pincella""},{""type"":""chg"",""score"":""0 : 1"",""txt"":""Zmiana: G. Antoni ⇄ P. Wierzchowski""},{""type"":""chg"",""score"":""0 : 1"",""txt"":""Zmiana: V. Bueno ⇄ N. Dolabela""},{""type"":""tmo"",""score"":""0 : 1"",""txt"":""Czas dla: AMRO Team Szubin""},{""type"":""rally"",""score"":""0 : 1"",""speed"":""57.2 km/h"",""res"":""Błąd: A. Szwarc""}]}]}","3","3","0","1","1","1","5","20","0","1","4","0","0","1","59.3","51.7","0","0","0","0","0","0","0","0","0","0","0","0","0","0","0","0","0","0","0","0","0","0","0","0","0","0","0","0","0","0","18","13","5","4","24","64","0","0","0","0","0","5","0","3","0","1","1","4","1","0","1","1","1","2","32","0","30","0","0","bulk-1.27-teamid-from-league-list","0","0","0"
"3.6","AMRO Team Szubin vs Drużyna Pierścienia 0:3","1216022","2026-09-05 17:00","Hala","AMRO Team Szubin","128610","Drzyzga, Marcin","1975338","6","2","10","0","0","68","15","3","6","40","20","29","15","4","14","6","34","46","1","98","14","30","0","15","37","0","0","0","0","0","0","0","38.7","","3","4","1","8","2","2","15","37","0","0","8","0","0","7","68","51.5","0","1","1","0","2","4","1","0","1","0","0","2","4","0","0","0","2","6","0","0","0","0","0","0","0","0","0","1","2","3","0","0","0","0","0","0","6","18","12","9","45","4","1","1","0","1","1","6","2","0","0","3","1","3","23","23","20","0","0","bulk-1.27-teamid-from-league-list","0","0","0"
"3.6","AMRO Team Szubin vs Drużyna Pierścienia 0:3","1216022","2026-09-05 17:00","Hala","AMRO Team Szubin","128610","Pincella, Toni","1904169","11","6","8","0","0","61.6","23","5","6","26","4","6","3","2","3","1","50","0","0","0","0","0","5","38","52","0","1","1","0","0","0","1","22.3","","0","0","1","2","0","1","38","52","4","2","22","1","1","16","61.6","50.8","2","0","2","0","6","10","2","1","2","0","1","6","0","0","0","0","0","0","2","0","0","0","5","7","0","0","0","0","0","0","0","1","0","0","0","1","0","0","0","0","0","2","1","1","0","0","0","1","0","1","0","0","0","3","10","10","16","0","0","bulk-1.27-teamid-from-league-list","0","0","0"
"3.6","AMRO Team Szubin vs Drużyna Pierścienia 0:3","1216022","2026-09-05 17:00","Hala","AMRO Team Szubin","128610","Kurzeja, Paweł","1927619","6","-4","8","1","0","58.8","17","9","5","29","-24","13","8","3","5","0","23","0","0","0","0","0","1","26","59","0","0","0","0","0","0","0","-3.9","","0","1","0","4","0","0","26","59","1","0","12","0","1","14","58.8","52.7","1","1","1","1","3","7","0","0","6","1","0","7","1","0","1","0","0","2","0","0","0","0","0","0","1","0","0","0","0","1","0","0","0","0","0","0","0","0","0","0","0","3","1","2","0","0","0","0","0","0","0","0","0","3","12","12","9","0","0","bulk-1.27-teamid-from-league-list","0","0","0"
"3.6","AMRO Team Szubin vs Drużyna Pierścienia 0:3","1216022","2026-09-05 17:00","Hala","AMRO Team Szubin","128610","Szwarc, Adrian","1929456","8","1","8","1","0","66.6","24","5","8","33","13","13","5","2","8","1","23","14","1","93","6","43","0","30","56","0","0","0","0","0","0","0","17.7","","0","1","1","6","0","1","30","56","0","0","15","0","0","15","66.6","55.6","2","0","0","0","8","10","1","0","3","1","0","5","3","1","0","0","1","5","0","0","0","0","0","0","1","0","1","0","2","4","0","0","0","0","0","0","3","7","2","1","13","2","0","0","2","0","0","1","0","0","1","0","0","3","16","15","14","0","0","bulk-1.27-teamid-from-league-list","0","0","0"
"3.6","AMRO Team Szubin vs Drużyna Pierścienia 0:3","1216022","2026-09-05 17:00","Hala","AMRO Team Szubin","128610","Kmieć, Jerzy","1949541","14","5","7","0","0","54.9","29","9","10","34","3","3","1","0","2","2","67","0","0","0","0","0","4","29","41","0","0","0","0","0","0","0","19.9","","1","1","1","1","0","0","29","41","2","0","14","2","0","15","54.9","49.7","4","0","1","0","7","12","2","0","4","1","0","7","0","0","0","0","0","0","3","1","3","0","3","10","0","0","0","0","0","0","0","0","0","0","0","0","0","0","0","0","0","0","0","0","0","0","0","2","0","1","0","0","1","3","14","14","7","0","0","bulk-1.27-teamid-from-league-list","0","0","0"
"3.6","AMRO Team Szubin vs Drużyna Pierścienia 0:3","1216022","2026-09-05 17:00","Hala","AMRO Team Szubin","128610","Dolabela, Neilton","1903889","0","0","0","0","0","0","0","0","0","0","0","11","7","4","4","1","45","1","0","100","1","100","0","0","0","1","2","5","0","1","0","4","4.4","","1","1","0","3","0","0","0","0","0","0","0","0","0","0","0","0","0","0","0","0","0","0","0","0","0","0","0","0","0","0","0","0","0","0","0","0","0","0","0","0","0","0","0","0","0","0","1","2","0","0","2","5","0","1","0","0","1","4","1","2","0","1","0","1","0","0","1","0","0","1","11","0","0","0","0","bulk-1.27-teamid-from-league-list","0","0","0"
"3.6","AMRO Team Szubin vs Drużyna Pierścienia 0:3","1216022","2026-09-05 17:00","Hala","AMRO Team Szubin","128610","Bueno, Vicente","2004331","0","0","0","0","0","0","0","0","0","0","0","12","8","3","4","0","25","5","0","100","2","40","0","0","0","0","4","9","1","1","2","5","5.2","","0","0","0","4","0","0","0","0","0","0","0","0","0","0","0","0","0","0","0","0","0","0","0","0","0","0","0","0","0","0","0","0","0","0","0","0","0","0","0","0","0","0","0","0","0","0","0","4","0","0","5","9","1","2","0","2","5","3","1","1","0","0","1","0","0","0","0","0","0","2","0","8","10","0","0","bulk-1.27-teamid-from-league-list","0","0","0"
"3.6","AMRO Team Szubin vs Drużyna Pierścienia 0:3","1216022","2026-09-05 17:00","Hala","AMRO Team Szubin","128610","Dobak, Konrad","1725307","1","1","2","0","0","49.9","0","0","0","0","0","6","3","3","3","3","100","0","0","0","0","0","1","6","14","11","6","29","4","10","8","7","6.6","","3","3","0","0","0","0","6","14","1","0","3","0","0","3","49.9","48.8","0","0","0","0","0","0","0","0","0","0","0","0","0","0","0","0","0","0","0","0","0","0","0","0","0","0","0","0","0","0","11","6","0","1","11","29","0","0","0","0","0","3","0","2","0","0","1","3","0","2","0","0","1","1","0","29","0","0","0","bulk-1.27-teamid-from-league-list","0","0","0"
"3.6","AMRO Team Szubin vs Drużyna Pierścienia 0:3","1216022","2026-09-05 17:00","Hala","Drużyna Pierścienia","141064","Mamele, Ludovic","2032695","0","-1","3","1","0","47.6","0","0","0","0","0","2","1","0","1","1","50","0","0","0","0","0","0","5","12","13","3","26","6","10","6","4","-0.6","","1","1","0","0","0","0","5","12","0","0","4","0","0","1","47.6","45","0","0","0","0","0","0","0","0","0","0","0","0","0","0","0","0","0","0","0","0","0","0","0","0","0","0","0","0","0","0","13","3","1","2","7","26","0","0","0","0","0","0","0","0","0","0","0","1","1","0","0","0","0","3","1","1","20","0","0","bulk-1.27-teamid-from-league-list","0","0","0"
"3.6","AMRO Team Szubin vs Drużyna Pierścienia 0:3","1216022","2026-09-05 17:00","Hala","Drużyna Pierścienia","141064","Molena, Marco","1927255","7","1","17","2","2","59.1","9","3","3","33","0","18","7","5","11","8","72","13","1","92","6","46","2","20","39","0","0","0","0","0","0","0","23.9","","8","10","0","1","0","0","20","39","2","0","19","0","0","1","59.1","49.9","0","0","0","0","2","2","1","0","1","1","0","3","1","0","1","0","1","3","0","0","0","0","0","0","0","0","1","0","0","1","0","0","0","0","0","0","7","4","1","0","12","5","2","1","0","2","0","8","5","0","0","2","1","3","14","20","15","0","0","bulk-1.27-teamid-from-league-list","0","0","0"
"3.6","AMRO Team Szubin vs Drużyna Pierścienia 0:3","1216022","2026-09-05 17:00","Hala","Drużyna Pierścienia","141064","Anghelina, Constantin","1950550","18","13","13","1","0","72.3","30","4","12","40","27","4","1","0","3","2","50","0","0","0","0","0","6","29","47","0","1","4","0","0","1","3","41.2","","2","3","0","0","0","0","29","47","6","1","27","0","0","2","72.3","55.6","0","0","1","0","4","5","1","0","0","0","0","1","0","0","0","0","0","0","10","1","2","1","10","24","0","0","0","0","0","0","0","1","0","0","3","4","0","0","0","0","0","0","0","0","0","0","0","2","1","0","0","0","1","3","13","11","15","0","0","bulk-1.27-teamid-from-league-list","0","0","0"
"3.6","AMRO Team Szubin vs Drużyna Pierścienia 0:3","1216022","2026-09-05 17:00","Hala","Drużyna Pierścienia","141064","Barć, Krzysztof","1686131","11","10","15","0","0","54.5","10","1","5","50","40","9","5","1","4","1","22","0","0","0","0","0","6","38","58","0","0","0","0","0","0","0","27.7","","1","2","0","2","0","0","38","58","6","0","36","0","0","2","54.5","47.7","1","0","0","0","0","1","1","0","0","0","1","2","2","1","0","0","1","4","0","0","0","0","0","0","1","0","0","0","2","3","0","0","0","0","0","0","0","0","0","0","0","1","0","0","0","1","0","1","0","1","0","0","0","3","9","12","11","0","0","bulk-1.27-teamid-from-league-list","0","0","0"
"3.6","AMRO Team Szubin vs Drużyna Pierścienia 0:3","1216022","2026-09-05 17:00","Hala","Drużyna Pierścienia","141064","Wierzchowski, Piotr","1681788","8","8","11","0","0","51.5","11","0","5","45","45","7","2","1","5","5","86","15","0","100","8","53","3","27","42","0","0","0","0","0","0","0","40","","2","2","2","2","1","1","27","42","3","0","23","0","0","4","51.5","47.4","0","0","0","0","1","1","1","0","0","2","0","3","0","0","0","0","4","4","0","0","0","0","0","0","2","0","0","0","1","3","0","0","0","0","0","0","2","2","3","8","15","1","1","0","0","0","0","5","3","0","0","1","1","3","19","19","1","0","0","bulk-1.27-teamid-from-league-list","0","0","0"
"3.6","AMRO Team Szubin vs Drużyna Pierścienia 0:3","1216022","2026-09-05 17:00","Hala","Drużyna Pierścienia","141064","Kobusiński, Igor","1681965","26","21","7","1","0","53.6","32","4","18","56","44","8","4","0","4","0","0","0","0","0","0","0","8","48","61","0","0","0","0","0","0","0","61.8","","0","1","0","3","0","0","48","61","7","2","40","1","1","8","53.6","49.5","2","0","1","0","4","7","0","0","0","0","1","1","0","0","0","0","0","0","15","0","3","1","5","24","0","0","0","0","0","0","0","0","0","0","0","0","0","0","0","0","0","0","0","0","0","0","0","0","0","0","0","0","0","3","16","13","13","0","0","bulk-1.27-teamid-from-league-list","0","0","0"
"3.6","AMRO Team Szubin vs Drużyna Pierścienia 0:3","1216022","2026-09-05 17:00","Hala","Drużyna Pierścienia","141064","Ewertowski, Kacper","1905299","0","-1","0","0","0","0","0","0","0","0","0","21","12","6","9","6","57","18","1","94","8","44","0","0","0","0","1","5","1","1","1","2","15.2","","5","6","1","2","0","1","0","0","0","0","0","0","0","0","0","0","0","0","0","0","0","0","0","0","0","0","0","0","0","0","0","0","0","0","0","0","0","0","0","0","0","0","0","0","0","0","0","1","1","0","3","5","3","7","4","3","17","6","3","1","0","2","0","6","3","0","0","3","0","3","15","14","10","0","0","bulk-1.27-teamid-from-league-list","0","0","0"
"3.6","AMRO Team Szubin vs Drużyna Pierścienia 0:3","1216022","2026-09-05 17:00","Hala","Drużyna Pierścienia","141064","Rouleau, Archibald","2088378","0","-1","3","1","0","51.7","0","0","0","0","0","6","1","0","5","3","50","0","0","0","0","0","0","5","16","12","3","28","4","9","8","7","0.2","","3","4","0","1","0","0","5","16","0","0","3","0","0","2","51.7","47.9","0","0","0","0","0","0","0","0","0","0","0","0","0","0","0","0","0","0","0","0","0","0","0","0","0","0","0","0","0","0","12","3","1","0","12","28","0","0","0","0","0","0","0","0","0","0","0","3","0","2","0","1","0","1","0","33","0","0","0","bulk-1.27-teamid-from-league-list","0","0","0"
"3.6","AMRO Team Szubin vs Drużyna Pierścienia 0:3","1216022","2026-09-05 17:00","Hala","Drużyna Pierścienia","141064","Vatra, Kornel","1950900","0","-1","2","1","0","43.6","0","0","0","0","0","7","2","1","5","4","71","0","0","0","0","0","0","0","22","13","3","30","7","7","6","10","1.4","","4","5","0","0","0","0","0","22","0","0","0","0","0","0","43.6","43.6","0","0","0","0","0","0","0","0","0","0","0","0","0","0","0","0","0","0","0","0","0","0","0","0","0","0","0","0","0","0","13","3","2","0","12","30","0","0","0","0","0","1","0","0","0","0","1","4","0","1","0","2","1","1","27","0","0","0","0","bulk-1.27-teamid-from-league-list","0","0","0"
"3.6","AMRO Team Szubin vs Drużyna Pierścienia 0:3","1216022","2026-09-05 17:00","Hala","Drużyna Pierścienia","141064","Antoni, Giovanni","1744950","1","0","2","0","0","49.6","1","1","0","0","-100","3","2","2","1","0","67","3","0","100","2","67","1","13","27","0","0","0","0","0","0","0","5.1","","0","1","0","0","0","0","13","27","1","1","13","0","0","0","49.6","47.6","0","0","0","0","0","0","0","0","0","0","0","0","0","0","0","0","0","0","0","0","0","0","0","0","0","0","1","0","0","1","0","0","0","0","0","0","0","2","0","1","3","2","0","1","1","0","0","0","0","0","0","0","0","1","0","0","10","0","0","bulk-1.27-teamid-from-league-list","0","0","0"