"SeasonId","Liga","MatchId","Date","Arena","HomeTeam","HomeTeamId","AwayTeam","AwayTeamId","Score","HomeSets","AwaySets","HomeMP","AwayMP","SourceFile","Key"
"164","reprezentacja_grupa1","1105621","2026-06-21 19:00","","Bulgaria","","Poland","","3:1","3","1","93","76","baza_reprezentacja_grupa1.csv","reprezentacja_grupa1|1105621"
"164","reprezentacja_grupa1","1105622","2026-06-21 19:00","","Argentina","","France","","3:2","3","2","110","93","baza_reprezentacja_grupa1.csv","reprezentacja_grupa1|1105622"
"164","reprezentacja_grupa1","1105623","2026-06-21 19:00","","Japan","","USA","","3:1","3","1","93","84","baza_reprezentacja_grupa1.csv","reprezentacja_grupa1|1105623"
"164","reprezentacja_grupa2","1105663","2026-06-21 19:00","","Germany","","Bosnia-Herzegovina","","3:2","3","2","111","98","baza_reprezentacja_grupa2.csv","reprezentacja_grupa2|1105663"
"164","reprezentacja_grupa2","1105664","2026-06-21 19:00","","China","","Italy","","3:2","3","2","114","115","baza_reprezentacja_grupa2.csv","reprezentacja_grupa2|1105664"
"164","reprezentacja_grupa2","1105665","2026-06-21 19:00","","Turkey","","Slovenia","","3:2","3","2","107","106","baza_reprezentacja_grupa2.csv","reprezentacja_grupa2|1105665"
"164","reprezentacja_grupa3","1105705","2026-06-21 19:00","","Estonia","","Spain","","2:3","2","3","105","111","baza_reprezentacja_grupa3.csv","reprezentacja_grupa3|1105705"
"164","reprezentacja_grupa3","1105706","2026-06-21 19:00","","Croatia","","Czech Republic","","0:3","0","3","30","75","baza_reprezentacja_grupa3.csv","reprezentacja_grupa3|1105706"
"164","reprezentacja_grupa3","1105707","2026-06-21 19:00","","Romania","","Finland","","1:3","1","3","82","94","baza_reprezentacja_grupa3.csv","reprezentacja_grupa3|1105707"
"164","reprezentacja_grupa4","1105747","2026-06-21 19:00","","Netherlands","","International","","0:3","0","3","50","75","baza_reprezentacja_grupa4.csv","reprezentacja_grupa4|1105747"
"164","reprezentacja_grupa4","1105748","2026-06-21 19:00","","Serbia","","Austria","","3:0","3","0","77","63","baza_reprezentacja_grupa4.csv","reprezentacja_grupa4|1105748"
"164","reprezentacja_grupa4","1105749","2026-06-21 19:00","","Greece","","Belgium","","3:0","3","0","77","53","baza_reprezentacja_grupa4.csv","reprezentacja_grupa4|1105749"
"164","reprezentacja_grupa1","1105618","2026-06-18 19:00","","Poland","","France","","3:1","3","1","97","65","baza_reprezentacja_grupa1.csv","reprezentacja_grupa1|1105618"
"164","reprezentacja_grupa1","1105619","2026-06-18 19:00","","Bulgaria","","Argentina","","3:0","3","0","75","62","baza_reprezentacja_grupa1.csv","reprezentacja_grupa1|1105619"
"164","reprezentacja_grupa1","1105620","2026-06-18 19:00","","USA","","Brazil","","3:1","3","1","94","80","baza_reprezentacja_grupa1.csv","reprezentacja_grupa1|1105620"
"164","reprezentacja_grupa2","1105660","2026-06-18 19:00","","Bosnia-Herzegovina","","Italy","","3:0","3","0","75","57","baza_reprezentacja_grupa2.csv","reprezentacja_grupa2|1105660"
"164","reprezentacja_grupa2","1105661","2026-06-18 19:00","","Germany","","China","","3:1","3","1","99","82","baza_reprezentacja_grupa2.csv","reprezentacja_grupa2|1105661"
"164","reprezentacja_grupa2","1105662","2026-06-18 19:00","","Slovenia","","Portugal","","0:3","0","3","57","75","baza_reprezentacja_grupa2.csv","reprezentacja_grupa2|1105662"
"164","reprezentacja_grupa3","1105702","2026-06-18 19:00","","Spain","","Czech Republic","","3:2","3","2","95","99","baza_reprezentacja_grupa3.csv","reprezentacja_grupa3|1105702"
"164","reprezentacja_grupa3","1105703","2026-06-18 19:00","","Estonia","","Croatia","","3:0","3","0","75","46","baza_reprezentacja_grupa3.csv","reprezentacja_grupa3|1105703"
"164","reprezentacja_grupa3","1105704","2026-06-18 19:00","","Finland","","England","","2:3","2","3","103","107","baza_reprezentacja_grupa3.csv","reprezentacja_grupa3|1105704"
"164","reprezentacja_grupa4","1105744","2026-06-18 19:00","","International","","Austria","","3:1","3","1","95","79","baza_reprezentacja_grupa4.csv","reprezentacja_grupa4|1105744"
"164","reprezentacja_grupa4","1105745","2026-06-18 19:00","","Netherlands","","Serbia","","3:1","3","1","93","85","baza_reprezentacja_grupa4.csv","reprezentacja_grupa4|1105745"
"164","reprezentacja_grupa4","1105746","2026-06-18 19:00","","Belgium","","Slovakia","","3:0","3","0","75","54","baza_reprezentacja_grupa4.csv","reprezentacja_grupa4|1105746"
"164","reprezentacja_grupa1","1105615","2026-06-14 19:00","","Argentina","","Poland","","1:3","1","3","82","92","baza_reprezentacja_grupa1.csv","reprezentacja_grupa1|1105615"
"164","reprezentacja_grupa1","1105616","2026-06-14 19:00","","France","","Bulgaria","","0:3","0","3","42","75","baza_reprezentacja_grupa1.csv","reprezentacja_grupa1|1105616"
"164","reprezentacja_grupa1","1105617","2026-06-14 19:00","","Brazil","","Japan","","3:2","3","2","107","108","baza_reprezentacja_grupa1.csv","reprezentacja_grupa1|1105617"
"164","reprezentacja_grupa2","1105657","2026-06-14 19:00","","China","","Bosnia-Herzegovina","","3:2","3","2","101","104","baza_reprezentacja_grupa2.csv","reprezentacja_grupa2|1105657"
"164","reprezentacja_grupa2","1105658","2026-06-14 19:00","","Italy","","Germany","","3:1","3","1","103","94","baza_reprezentacja_grupa2.csv","reprezentacja_grupa2|1105658"
"164","reprezentacja_grupa2","1105659","2026-06-14 19:00","","Portugal","","Turkey","","3:1","3","1","96","84","baza_reprezentacja_grupa2.csv","reprezentacja_grupa2|1105659"
"164","reprezentacja_grupa3","1105699","2026-06-14 19:00","","Croatia","","Spain","","0:3","0","3","50","75","baza_reprezentacja_grupa3.csv","reprezentacja_grupa3|1105699"
"164","reprezentacja_grupa3","1105700","2026-06-14 19:00","","Czech Republic","","Estonia","","2:3","2","3","88","108","baza_reprezentacja_grupa3.csv","reprezentacja_grupa3|1105700"
"164","reprezentacja_grupa3","1105701","2026-06-14 19:00","","England","","Romania","","3:2","3","2","113","111","baza_reprezentacja_grupa3.csv","reprezentacja_grupa3|1105701"
"164","reprezentacja_grupa4","1105741","2026-06-14 19:00","","Serbia","","International","","1:3","1","3","91","98","baza_reprezentacja_grupa4.csv","reprezentacja_grupa4|1105741"
"164","reprezentacja_grupa4","1105742","2026-06-14 19:00","","Austria","","Netherlands","","1:3","1","3","70","99","baza_reprezentacja_grupa4.csv","reprezentacja_grupa4|1105742"
"164","reprezentacja_grupa4","1105743","2026-06-14 19:00","","Slovakia","","Greece","","0:3","0","3","43","75","baza_reprezentacja_grupa4.csv","reprezentacja_grupa4|1105743"
"164","reprezentacja_grupa1","1105612","2026-06-11 19:00","","Poland","","USA","","2:3","2","3","106","105","baza_reprezentacja_grupa1.csv","reprezentacja_grupa1|1105612"
"164","reprezentacja_grupa1","1105613","2026-06-11 19:00","","Bulgaria","","Japan","","3:0","3","0","75","55","baza_reprezentacja_grupa1.csv","reprezentacja_grupa1|1105613"
"164","reprezentacja_grupa1","1105614","2026-06-11 19:00","","France","","Brazil","","2:3","2","3","99","100","baza_reprezentacja_grupa1.csv","reprezentacja_grupa1|1105614"
"164","reprezentacja_grupa2","1105654","2026-06-11 19:00","","Bosnia-Herzegovina","","Slovenia","","2:3","2","3","106","112","baza_reprezentacja_grupa2.csv","reprezentacja_grupa2|1105654"
"164","reprezentacja_grupa2","1105655","2026-06-11 19:00","","Germany","","Turkey","","1:3","1","3","72","97","baza_reprezentacja_grupa2.csv","reprezentacja_grupa2|1105655"
"164","reprezentacja_grupa2","1105656","2026-06-11 19:00","","Italy","","Portugal","","3:1","3","1","101","81","baza_reprezentacja_grupa2.csv","reprezentacja_grupa2|1105656"
"164","reprezentacja_grupa3","1105696","2026-06-11 19:00","","Spain","","Finland","","0:3","0","3","58","75","baza_reprezentacja_grupa3.csv","reprezentacja_grupa3|1105696"
"164","reprezentacja_grupa3","1105697","2026-06-11 19:00","","Estonia","","Romania","","3:1","3","1","96","83","baza_reprezentacja_grupa3.csv","reprezentacja_grupa3|1105697"
"164","reprezentacja_grupa3","1105698","2026-06-11 19:00","","Czech Republic","","England","","1:3","1","3","90","105","baza_reprezentacja_grupa3.csv","reprezentacja_grupa3|1105698"
"164","reprezentacja_grupa4","1105738","2026-06-11 19:00","","International","","Belgium","","3:0","3","0","75","45","baza_reprezentacja_grupa4.csv","reprezentacja_grupa4|1105738"
"164","reprezentacja_grupa4","1105739","2026-06-11 19:00","","Netherlands","","Greece","","3:1","3","1","95","76","baza_reprezentacja_grupa4.csv","reprezentacja_grupa4|1105739"
"164","reprezentacja_grupa4","1105740","2026-06-11 19:00","","Austria","","Slovakia","","3:0","3","0","75","38","baza_reprezentacja_grupa4.csv","reprezentacja_grupa4|1105740"
"164","reprezentacja_grupa1","1105609","2026-06-07 19:00","","Japan","","Poland","","1:3","1","3","69","94","baza_reprezentacja_grupa1.csv","reprezentacja_grupa1|1105609"
"164","reprezentacja_grupa1","1105610","2026-06-07 19:00","","USA","","Bulgaria","","0:3","0","3","53","75","baza_reprezentacja_grupa1.csv","reprezentacja_grupa1|1105610"
"164","reprezentacja_grupa1","1105611","2026-06-07 19:00","","Brazil","","Argentina","","2:3","2","3","104","111","baza_reprezentacja_grupa1.csv","reprezentacja_grupa1|1105611"
"164","reprezentacja_grupa2","1105651","2026-06-07 19:00","","Turkey","","Bosnia-Herzegovina","","2:3","2","3","109","95","baza_reprezentacja_grupa2.csv","reprezentacja_grupa2|1105651"
"164","reprezentacja_grupa2","1105652","2026-06-07 19:00","","Slovenia","","Germany","","1:3","1","3","83","97","baza_reprezentacja_grupa2.csv","reprezentacja_grupa2|1105652"
"164","reprezentacja_grupa2","1105653","2026-06-07 19:00","","Portugal","","China","","3:1","3","1","92","85","baza_reprezentacja_grupa2.csv","reprezentacja_grupa2|1105653"
"164","reprezentacja_grupa3","1105693","2026-06-07 19:00","","Romania","","Spain","","3:1","3","1","98","78","baza_reprezentacja_grupa3.csv","reprezentacja_grupa3|1105693"
"164","reprezentacja_grupa3","1105694","2026-06-07 19:00","","Finland","","Estonia","","3:0","3","0","77","67","baza_reprezentacja_grupa3.csv","reprezentacja_grupa3|1105694"
"164","reprezentacja_grupa3","1105695","2026-06-07 19:00","","England","","Croatia","","3:0","3","0","75","46","baza_reprezentacja_grupa3.csv","reprezentacja_grupa3|1105695"
"164","reprezentacja_grupa4","1105735","2026-06-07 19:00","","Greece","","International","","0:3","0","3","47","75","baza_reprezentacja_grupa4.csv","reprezentacja_grupa4|1105735"
"164","reprezentacja_grupa4","1105736","2026-06-07 19:00","","Belgium","","Netherlands","","0:3","0","3","39","75","baza_reprezentacja_grupa4.csv","reprezentacja_grupa4|1105736"
"164","reprezentacja_grupa4","1105737","2026-06-07 19:00","","Slovakia","","Serbia","","0:3","0","3","41","75","baza_reprezentacja_grupa4.csv","reprezentacja_grupa4|1105737"
"164","reprezentacja_grupa1","1105606","2026-06-04 19:00","","Poland","","Brazil","","3:0","3","0","75","56","baza_reprezentacja_grupa1.csv","reprezentacja_grupa1|1105606"
"164","reprezentacja_grupa1","1105607","2026-06-04 19:00","","France","","USA","","3:2","3","2","104","84","baza_reprezentacja_grupa1.csv","reprezentacja_grupa1|1105607"
"164","reprezentacja_grupa1","1105608","2026-06-04 19:00","","Argentina","","Japan","","0:3","0","3","60","75","baza_reprezentacja_grupa1.csv","reprezentacja_grupa1|1105608"
"164","reprezentacja_grupa2","1105648","2026-06-04 19:00","","Bosnia-Herzegovina","","Portugal","","1:3","1","3","80","96","baza_reprezentacja_grupa2.csv","reprezentacja_grupa2|1105648"
"164","reprezentacja_grupa2","1105649","2026-06-04 19:00","","Italy","","Slovenia","","3:2","3","2","110","106","baza_reprezentacja_grupa2.csv","reprezentacja_grupa2|1105649"
"164","reprezentacja_grupa2","1105650","2026-06-04 19:00","","China","","Turkey","","0:3","0","3","57","75","baza_reprezentacja_grupa2.csv","reprezentacja_grupa2|1105650"
"164","reprezentacja_grupa3","1105690","2026-06-04 19:00","","Spain","","England","","2:3","2","3","108","108","baza_reprezentacja_grupa3.csv","reprezentacja_grupa3|1105690"
"164","reprezentacja_grupa3","1105691","2026-06-04 19:00","","Czech Republic","","Finland","","0:3","0","3","42","75","baza_reprezentacja_grupa3.csv","reprezentacja_grupa3|1105691"
"164","reprezentacja_grupa3","1105692","2026-06-04 19:00","","Croatia","","Romania","","1:3","1","3","84","100","baza_reprezentacja_grupa3.csv","reprezentacja_grupa3|1105692"
"164","reprezentacja_grupa4","1105732","2026-06-04 19:00","","International","","Slovakia","","3:0","3","0","75","32","baza_reprezentacja_grupa4.csv","reprezentacja_grupa4|1105732"
"164","reprezentacja_grupa4","1105733","2026-06-04 19:00","","Austria","","Belgium","","3:0","3","0","75","43","baza_reprezentacja_grupa4.csv","reprezentacja_grupa4|1105733"
"164","reprezentacja_grupa4","1105734","2026-06-04 19:00","","Serbia","","Greece","","3:1","3","1","94","73","baza_reprezentacja_grupa4.csv","reprezentacja_grupa4|1105734"
"164","reprezentacja_grupa1","1105603","2026-05-31 19:00","","Brazil","","Bulgaria","","3:2","3","2","104","107","baza_reprezentacja_grupa1.csv","reprezentacja_grupa1|1105603"
"164","reprezentacja_grupa1","1105604","2026-05-31 19:00","","Japan","","France","","2:3","2","3","107","96","baza_reprezentacja_grupa1.csv","reprezentacja_grupa1|1105604"
"164","reprezentacja_grupa1","1105605","2026-05-31 19:00","","USA","","Argentina","","3:1","3","1","93","89","baza_reprezentacja_grupa1.csv","reprezentacja_grupa1|1105605"
"164","reprezentacja_grupa2","1105645","2026-05-31 19:00","","Portugal","","Germany","","0:3","0","3","65","78","baza_reprezentacja_grupa2.csv","reprezentacja_grupa2|1105645"
"164","reprezentacja_grupa2","1105646","2026-05-31 19:00","","Turkey","","Italy","","3:1","3","1","101","86","baza_reprezentacja_grupa2.csv","reprezentacja_grupa2|1105646"
"164","reprezentacja_grupa2","1105647","2026-05-31 19:00","","Slovenia","","China","","3:0","3","0","75","53","baza_reprezentacja_grupa2.csv","reprezentacja_grupa2|1105647"
"164","reprezentacja_grupa3","1105687","2026-05-31 19:00","","England","","Estonia","","3:2","3","2","108","105","baza_reprezentacja_grupa3.csv","reprezentacja_grupa3|1105687"
"164","reprezentacja_grupa3","1105688","2026-05-31 19:00","","Romania","","Czech Republic","","3:1","3","1","96","77","baza_reprezentacja_grupa3.csv","reprezentacja_grupa3|1105688"
"164","reprezentacja_grupa3","1105689","2026-05-31 19:00","","Finland","","Croatia","","3:0","3","0","75","47","baza_reprezentacja_grupa3.csv","reprezentacja_grupa3|1105689"
"164","reprezentacja_grupa4","1105729","2026-05-31 19:00","","Slovakia","","Netherlands","","0:3","0","3","38","75","baza_reprezentacja_grupa4.csv","reprezentacja_grupa4|1105729"
"164","reprezentacja_grupa4","1105730","2026-05-31 19:00","","Greece","","Austria","","0:3","0","3","58","78","baza_reprezentacja_grupa4.csv","reprezentacja_grupa4|1105730"
"164","reprezentacja_grupa4","1105731","2026-05-31 19:00","","Belgium","","Serbia","","1:3","1","3","72","99","baza_reprezentacja_grupa4.csv","reprezentacja_grupa4|1105731"
"164","reprezentacja_grupa1","1105600","2026-05-28 19:00","","Poland","","Bulgaria","","1:3","1","3","38","95","baza_reprezentacja_grupa1.csv","reprezentacja_grupa1|1105600"
"164","reprezentacja_grupa1","1105601","2026-05-28 19:00","","France","","Argentina","","3:1","3","1","95","86","baza_reprezentacja_grupa1.csv","reprezentacja_grupa1|1105601"
"164","reprezentacja_grupa1","1105602","2026-05-28 19:00","","USA","","Japan","","0:3","0","3","47","75","baza_reprezentacja_grupa1.csv","reprezentacja_grupa1|1105602"
"164","reprezentacja_grupa2","1105642","2026-05-28 19:00","","Bosnia-Herzegovina","","Germany","","1:3","1","3","94","102","baza_reprezentacja_grupa2.csv","reprezentacja_grupa2|1105642"
"164","reprezentacja_grupa2","1105643","2026-05-28 19:00","","Italy","","China","","3:0","3","0","75","39","baza_reprezentacja_grupa2.csv","reprezentacja_grupa2|1105643"
"164","reprezentacja_grupa2","1105644","2026-05-28 19:00","","Slovenia","","Turkey","","0:3","0","3","56","75","baza_reprezentacja_grupa2.csv","reprezentacja_grupa2|1105644"
"164","reprezentacja_grupa3","1105684","2026-05-28 19:00","","Spain","","Estonia","","0:3","0","3","51","75","baza_reprezentacja_grupa3.csv","reprezentacja_grupa3|1105684"
"164","reprezentacja_grupa3","1105685","2026-05-28 19:00","","Czech Republic","","Croatia","","2:3","2","3","96","109","baza_reprezentacja_grupa3.csv","reprezentacja_grupa3|1105685"
"164","reprezentacja_grupa3","1105686","2026-05-28 19:00","","Finland","","Romania","","2:3","2","3","87","106","baza_reprezentacja_grupa3.csv","reprezentacja_grupa3|1105686"
"164","reprezentacja_grupa4","1105726","2026-05-28 19:00","","International","","Netherlands","","3:2","3","2","103","94","baza_reprezentacja_grupa4.csv","reprezentacja_grupa4|1105726"
"164","reprezentacja_grupa4","1105727","2026-05-28 19:00","","Austria","","Serbia","","3:0","3","0","75","63","baza_reprezentacja_grupa4.csv","reprezentacja_grupa4|1105727"
"164","reprezentacja_grupa4","1105728","2026-05-28 19:00","","Belgium","","Greece","","3:2","3","2","105","116","baza_reprezentacja_grupa4.csv","reprezentacja_grupa4|1105728"
"164","reprezentacja_grupa1","1105597","2026-05-24 19:00","","France","","Poland","","1:3","1","3","79","98","baza_reprezentacja_grupa1.csv","reprezentacja_grupa1|1105597"
"164","reprezentacja_grupa1","1105598","2026-05-24 19:00","","Argentina","","Bulgaria","","0:3","0","3","50","75","baza_reprezentacja_grupa1.csv","reprezentacja_grupa1|1105598"
"164","reprezentacja_grupa1","1105599","2026-05-24 19:00","","Brazil","","USA","","1:3","1","3","91","100","baza_reprezentacja_grupa1.csv","reprezentacja_grupa1|1105599"
"164","reprezentacja_grupa2","1105639","2026-05-24 19:00","","Italy","","Bosnia-Herzegovina","","3:1","3","1","96","83","baza_reprezentacja_grupa2.csv","reprezentacja_grupa2|1105639"
"164","reprezentacja_grupa2","1105640","2026-05-24 19:00","","China","","Germany","","0:3","0","3","55","75","baza_reprezentacja_grupa2.csv","reprezentacja_grupa2|1105640"
"164","reprezentacja_grupa2","1105641","2026-05-24 19:00","","Portugal","","Slovenia","","2:3","2","3","111","103","baza_reprezentacja_grupa2.csv","reprezentacja_grupa2|1105641"
"164","reprezentacja_grupa3","1105681","2026-05-24 19:00","","Czech Republic","","Spain","","3:1","3","1","98","84","baza_reprezentacja_grupa3.csv","reprezentacja_grupa3|1105681"
"164","reprezentacja_grupa3","1105682","2026-05-24 19:00","","Croatia","","Estonia","","0:3","0","3","57","75","baza_reprezentacja_grupa3.csv","reprezentacja_grupa3|1105682"
"164","reprezentacja_grupa3","1105683","2026-05-24 19:00","","England","","Finland","","3:2","3","2","112","108","baza_reprezentacja_grupa3.csv","reprezentacja_grupa3|1105683"
"164","reprezentacja_grupa4","1105723","2026-05-24 19:00","","Austria","","International","","2:3","2","3","93","109","baza_reprezentacja_grupa4.csv","reprezentacja_grupa4|1105723"
"164","reprezentacja_grupa4","1105724","2026-05-24 19:00","","Serbia","","Netherlands","","3:0","3","0","75","53","baza_reprezentacja_grupa4.csv","reprezentacja_grupa4|1105724"
"164","reprezentacja_grupa4","1105725","2026-05-24 19:00","","Slovakia","","Belgium","","2:3","2","3","96","107","baza_reprezentacja_grupa4.csv","reprezentacja_grupa4|1105725"
"164","reprezentacja_grupa1","1105594","2026-05-21 19:00","","Poland","","Argentina","","3:0","3","0","75","45","baza_reprezentacja_grupa1.csv","reprezentacja_grupa1|1105594"
"164","reprezentacja_grupa1","1105595","2026-05-21 19:00","","Bulgaria","","France","","3:1","3","1","96","81","baza_reprezentacja_grupa1.csv","reprezentacja_grupa1|1105595"
"164","reprezentacja_grupa1","1105596","2026-05-21 19:00","","Japan","","Brazil","","1:3","1","3","95","99","baza_reprezentacja_grupa1.csv","reprezentacja_grupa1|1105596"
"164","reprezentacja_grupa2","1105636","2026-05-21 19:00","","Bosnia-Herzegovina","","China","","3:1","3","1","97","76","baza_reprezentacja_grupa2.csv","reprezentacja_grupa2|1105636"
"164","reprezentacja_grupa2","1105637","2026-05-21 19:00","","Germany","","Italy","","3:0","3","0","75","56","baza_reprezentacja_grupa2.csv","reprezentacja_grupa2|1105637"
"164","reprezentacja_grupa2","1105638","2026-05-21 19:00","","Turkey","","Portugal","","2:3","2","3","107","104","baza_reprezentacja_grupa2.csv","reprezentacja_grupa2|1105638"
"164","reprezentacja_grupa3","1105678","2026-05-21 19:00","","Spain","","Croatia","","3:1","3","1","94","85","baza_reprezentacja_grupa3.csv","reprezentacja_grupa3|1105678"
"164","reprezentacja_grupa3","1105679","2026-05-21 19:00","","Estonia","","Czech Republic","","3:0","3","0","75","61","baza_reprezentacja_grupa3.csv","reprezentacja_grupa3|1105679"
"164","reprezentacja_grupa3","1105680","2026-05-21 19:00","","Romania","","England","","3:0","3","0","75","58","baza_reprezentacja_grupa3.csv","reprezentacja_grupa3|1105680"
"164","reprezentacja_grupa4","1105720","2026-05-21 19:00","","International","","Serbia","","3:0","3","0","75","52","baza_reprezentacja_grupa4.csv","reprezentacja_grupa4|1105720"
"164","reprezentacja_grupa4","1105721","2026-05-21 19:00","","Netherlands","","Austria","","3:0","3","0","75","53","baza_reprezentacja_grupa4.csv","reprezentacja_grupa4|1105721"
"164","reprezentacja_grupa4","1105722","2026-05-21 19:00","","Greece","","Slovakia","","3:0","3","0","75","51","baza_reprezentacja_grupa4.csv","reprezentacja_grupa4|1105722"
"164","reprezentacja_grupa1","1105591","2026-05-17 19:00","","USA","","Poland","","0:3","0","3","63","75","baza_reprezentacja_grupa1.csv","reprezentacja_grupa1|1105591"
"164","reprezentacja_grupa1","1105592","2026-05-17 19:00","","Japan","","Bulgaria","","0:3","0","3","59","75","baza_reprezentacja_grupa1.csv","reprezentacja_grupa1|1105592"
"164","reprezentacja_grupa1","1105593","2026-05-17 19:00","","Brazil","","France","","3:0","3","0","75","65","baza_reprezentacja_grupa1.csv","reprezentacja_grupa1|1105593"
"164","reprezentacja_grupa2","1105633","2026-05-17 19:00","","Slovenia","","Bosnia-Herzegovina","","1:3","1","3","82","96","baza_reprezentacja_grupa2.csv","reprezentacja_grupa2|1105633"
"164","reprezentacja_grupa2","1105634","2026-05-17 19:00","","Turkey","","Germany","","1:3","1","3","74","95","baza_reprezentacja_grupa2.csv","reprezentacja_grupa2|1105634"
"164","reprezentacja_grupa2","1105635","2026-05-17 19:00","","Portugal","","Italy","","3:2","3","2","113","114","baza_reprezentacja_grupa2.csv","reprezentacja_grupa2|1105635"
"164","reprezentacja_grupa3","1105675","2026-05-17 19:00","","Finland","","Spain","","3:1","3","1","99","63","baza_reprezentacja_grupa3.csv","reprezentacja_grupa3|1105675"
"164","reprezentacja_grupa3","1105676","2026-05-17 19:00","","Romania","","Estonia","","2:3","2","3","104","107","baza_reprezentacja_grupa3.csv","reprezentacja_grupa3|1105676"
"164","reprezentacja_grupa3","1105677","2026-05-17 19:00","","England","","Czech Republic","","1:3","1","3","83","100","baza_reprezentacja_grupa3.csv","reprezentacja_grupa3|1105677"
"164","reprezentacja_grupa4","1105717","2026-05-17 19:00","","Belgium","","International","","0:3","0","3","51","75","baza_reprezentacja_grupa4.csv","reprezentacja_grupa4|1105717"
"164","reprezentacja_grupa4","1105718","2026-05-17 19:00","","Greece","","Netherlands","","0:3","0","3","50","75","baza_reprezentacja_grupa4.csv","reprezentacja_grupa4|1105718"
"164","reprezentacja_grupa4","1105719","2026-05-17 19:00","","Slovakia","","Austria","","0:3","0","3","20","75","baza_reprezentacja_grupa4.csv","reprezentacja_grupa4|1105719"
"164","reprezentacja_grupa1","1105588","2026-05-14 19:00","","Poland","","Japan","","3:0","3","0","75","48","baza_reprezentacja_grupa1.csv","reprezentacja_grupa1|1105588"
"164","reprezentacja_grupa1","1105589","2026-05-14 19:00","","Bulgaria","","USA","","3:1","3","1","97","75","baza_reprezentacja_grupa1.csv","reprezentacja_grupa1|1105589"
"164","reprezentacja_grupa1","1105590","2026-05-14 19:00","","Argentina","","Brazil","","3:1","3","1","98","77","baza_reprezentacja_grupa1.csv","reprezentacja_grupa1|1105590"
"164","reprezentacja_grupa2","1105630","2026-05-14 19:00","","Bosnia-Herzegovina","","Turkey","","1:3","1","3","71","96","baza_reprezentacja_grupa2.csv","reprezentacja_grupa2|1105630"
"164","reprezentacja_grupa2","1105631","2026-05-14 19:00","","Germany","","Slovenia","","3:1","3","1","100","87","baza_reprezentacja_grupa2.csv","reprezentacja_grupa2|1105631"
"164","reprezentacja_grupa2","1105632","2026-05-14 19:00","","China","","Portugal","","0:3","0","3","57","75","baza_reprezentacja_grupa2.csv","reprezentacja_grupa2|1105632"
"164","reprezentacja_grupa3","1105672","2026-05-14 19:00","","Spain","","Romania","","3:1","3","1","92","80","baza_reprezentacja_grupa3.csv","reprezentacja_grupa3|1105672"
"164","reprezentacja_grupa3","1105673","2026-05-14 19:00","","Estonia","","Finland","","2:3","2","3","92","110","baza_reprezentacja_grupa3.csv","reprezentacja_grupa3|1105673"
"164","reprezentacja_grupa3","1105674","2026-05-14 19:00","","Croatia","","England","","1:3","1","3","77","95","baza_reprezentacja_grupa3.csv","reprezentacja_grupa3|1105674"
"164","reprezentacja_grupa4","1105714","2026-05-14 19:00","","International","","Greece","","3:0","3","0","75","43","baza_reprezentacja_grupa4.csv","reprezentacja_grupa4|1105714"
"164","reprezentacja_grupa4","1105715","2026-05-14 19:00","","Netherlands","","Belgium","","3:0","3","0","75","32","baza_reprezentacja_grupa4.csv","reprezentacja_grupa4|1105715"
"164","reprezentacja_grupa4","1105716","2026-05-14 19:00","","Serbia","","Slovakia","","3:0","3","0","75","29","baza_reprezentacja_grupa4.csv","reprezentacja_grupa4|1105716"
"164","reprezentacja_grupa1","1105585","2026-05-10 19:00","","Brazil","","Poland","","3:1","3","1","94","88","baza_reprezentacja_grupa1.csv","reprezentacja_grupa1|1105585"
"164","reprezentacja_grupa1","1105586","2026-05-10 19:00","","USA","","France","","3:2","3","2","114","107","baza_reprezentacja_grupa1.csv","reprezentacja_grupa1|1105586"
"164","reprezentacja_grupa1","1105587","2026-05-10 19:00","","Japan","","Argentina","","3:2","3","2","115","111","baza_reprezentacja_grupa1.csv","reprezentacja_grupa1|1105587"
"164","reprezentacja_grupa2","1105627","2026-05-10 19:00","","Portugal","","Bosnia-Herzegovina","","1:3","1","3","80","99","baza_reprezentacja_grupa2.csv","reprezentacja_grupa2|1105627"
"164","reprezentacja_grupa2","1105628","2026-05-10 19:00","","Slovenia","","Italy","","3:1","3","1","95","82","baza_reprezentacja_grupa2.csv","reprezentacja_grupa2|1105628"
"164","reprezentacja_grupa2","1105629","2026-05-10 19:00","","Turkey","","China","","1:3","1","3","76","93","baza_reprezentacja_grupa2.csv","reprezentacja_grupa2|1105629"
"164","reprezentacja_grupa3","1105669","2026-05-10 19:00","","England","","Spain","","3:1","3","1","91","82","baza_reprezentacja_grupa3.csv","reprezentacja_grupa3|1105669"
"164","reprezentacja_grupa3","1105670","2026-05-10 19:00","","Finland","","Czech Republic","","3:0","3","0","75","51","baza_reprezentacja_grupa3.csv","reprezentacja_grupa3|1105670"
"164","reprezentacja_grupa3","1105671","2026-05-10 19:00","","Romania","","Croatia","","3:1","3","1","97","81","baza_reprezentacja_grupa3.csv","reprezentacja_grupa3|1105671"
"164","reprezentacja_grupa4","1105711","2026-05-10 19:00","","Slovakia","","International","","0:3","0","3","44","75","baza_reprezentacja_grupa4.csv","reprezentacja_grupa4|1105711"
"164","reprezentacja_grupa4","1105712","2026-05-10 19:00","","Belgium","","Austria","","0:3","0","3","33","75","baza_reprezentacja_grupa4.csv","reprezentacja_grupa4|1105712"
"164","reprezentacja_grupa4","1105713","2026-05-10 19:00","","Greece","","Serbia","","0:3","0","3","44","75","baza_reprezentacja_grupa4.csv","reprezentacja_grupa4|1105713"
"164","reprezentacja_grupa1","1105582","2026-05-07 19:00","","Bulgaria","","Brazil","","3:2","3","2","103","96","baza_reprezentacja_grupa1.csv","reprezentacja_grupa1|1105582"
"164","reprezentacja_grupa1","1105584","2026-05-07 19:00","","Argentina","","USA","","3:0","3","0","75","36","baza_reprezentacja_grupa1.csv","reprezentacja_grupa1|1105584"
"164","reprezentacja_grupa2","1105624","2026-05-07 19:00","","Germany","","Portugal","","3:2","3","2","111","98","baza_reprezentacja_grupa2.csv","reprezentacja_grupa2|1105624"
"164","reprezentacja_grupa2","1105625","2026-05-07 19:00","","Italy","","Turkey","","3:0","3","0","75","39","baza_reprezentacja_grupa2.csv","reprezentacja_grupa2|1105625"
"164","reprezentacja_grupa2","1105626","2026-05-07 19:00","","China","","Slovenia","","0:3","0","3","58","75","baza_reprezentacja_grupa2.csv","reprezentacja_grupa2|1105626"
"164","reprezentacja_grupa3","1105666","2026-05-07 19:00","","Estonia","","England","","3:0","3","0","78","70","baza_reprezentacja_grupa3.csv","reprezentacja_grupa3|1105666"
"164","reprezentacja_grupa3","1105667","2026-05-07 19:00","","Czech Republic","","Romania","","3:0","3","0","78","56","baza_reprezentacja_grupa3.csv","reprezentacja_grupa3|1105667"
"164","reprezentacja_grupa3","1105668","2026-05-07 19:00","","Croatia","","Finland","","1:3","1","3","78","99","baza_reprezentacja_grupa3.csv","reprezentacja_grupa3|1105668"
"164","reprezentacja_grupa4","1105708","2026-05-07 19:00","","Netherlands","","Slovakia","","3:0","3","0","75","31","baza_reprezentacja_grupa4.csv","reprezentacja_grupa4|1105708"
"164","reprezentacja_grupa4","1105709","2026-05-07 19:00","","Austria","","Greece","","3:1","3","1","98","68","baza_reprezentacja_grupa4.csv","reprezentacja_grupa4|1105709"
"164","reprezentacja_grupa4","1105710","2026-05-07 19:00","","Serbia","","Belgium","","3:0","3","0","75","60","baza_reprezentacja_grupa4.csv","reprezentacja_grupa4|1105710"
"164","1.1","921721","2026-04-16 19:00","Dano Arena!","Dano Dream Team","130607","Go Tigers","128631","3:0","3","0","75","52","baza_1_1.csv","1.1|921721"
"164","1.1","921722","2026-04-16 19:00","SMA","Incognito Volley","128619","Penguin Małomice","128781","3:0","3","0","75","50","baza_1_1.csv","1.1|921722"
"164","1.1","921723","2026-04-16 19:00","Hala Widowiskowo-Sportowa \""AZOTY\""","ZAKSA Bochotnica","128722","Wratislawia Wrocław","128772","3:0","3","0","75","41","baza_1_1.csv","1.1|921723"
"164","1.1","921724","2026-04-16 19:00","The Orchid","DHARMA Initiative","128577","Volleyball Team Zduńska Wola","128603","3:0","3","0","76","55","baza_1_1.csv","1.1|921724"
"164","1.1","921725","2026-04-16 19:00","Mordor","Kuźnia Byków","130744","Tsunami Rzeplin","128717","3:1","3","1","97","84","baza_1_1.csv","1.1|921725"
"164","1.1","921726","2026-04-16 19:00","GOSTiR Rzgów","AKS Volley Łódź","131002","Dzikie Rumaxy","128638","0:3","0","3","53","75","baza_1_1.csv","1.1|921726"
"164","1.1","921727","2026-04-16 19:00","Bugaj Arena","Pilica Koniecpol","130885","VC Kittens","128580","2:3","2","3","106","100","baza_1_1.csv","1.1|921727"
"164","1.1","921728","2026-04-16 19:00","Wioska Smerfów","Smerfy","128764","Carplife 🇵🇱","130954","1:3","1","3","85","92","baza_1_1.csv","1.1|921728"
"164","2.1","921961","2026-04-16 19:00","Krzywuchowe Moczary","Velen Volleyball Club","128684","Pogromcy Gdańsk","131205","3:1","3","1","101","89","baza_2_1.csv","2.1|921961"
"164","2.1","921962","2026-04-16 19:00","CYTRYNIEC","CYTRYNIEC CHIŃSKI","130809","Błyskawica Janów","131242","2:3","2","3","98","99","baza_2_1.csv","2.1|921962"
"164","2.1","921963","2026-04-16 19:00","Parkhead","Celtic VC","128735","Libero Gorzków","128703","3:2","3","2","106","89","baza_2_1.csv","2.1|921963"
"164","2.1","921964","2026-04-16 19:00","Silver Hall","Silver Arsenal","130505","Hydra VT Gdańsk","128612","1:3","1","3","83","98","baza_2_1.csv","2.1|921964"
"164","2.1","921965","2026-04-16 19:00","Mleczne Arena","Sprzeda Mecz","128663","Young Team","128708","3:1","3","1","100","82","baza_2_1.csv","2.1|921965"
"164","2.1","921966","2026-04-16 19:00","Ośrodek Karny Rivii Arena 🎯","Smerfy z Rivii ⚔️⚔️🛡️","130934","CF Mleczne Olsztyn","128668","0:3","0","3","46","75","baza_2_1.csv","2.1|921966"
"164","2.1","921967","2026-04-16 19:00","Piekło","Saracens","128615","Miesiany Miesiany","128676","1:3","1","3","80","97","baza_2_1.csv","2.1|921967"
"164","2.1","921968","2026-04-16 19:00","Ping Pong Arena","Najlepsi z Najlepszych","130520","LukTeam","131134","3:2","3","2","102","102","baza_2_1.csv","2.1|921968"
"164","2.2","922201","2026-04-16 19:00","Blok Centralny","Zakład Karny w Strzelinie","128751","Millennium Siemianowice","130955","2:3","2","3","91","110","baza_2_2.csv","2.2|922201"
"164","2.2","922202","2026-04-16 19:00","Hala im. Pawła Kozioła","Ranczo Wilkowyje","130915","AJAX PIASTY","130797","3:0","3","0","75","57","baza_2_2.csv","2.2|922202"
"164","2.2","922203","2026-04-16 19:00","Wild Hall","Thorn Lynxes","131219","Nosmeisy","128686","0:3","0","3","62","75","baza_2_2.csv","2.2|922203"
"164","2.2","922204","2026-04-16 19:00","Mroczna Arena","👽Strażnicy Cienia👽","128711","Bydgoszcz Spartans","128726","3:1","3","1","86","83","baza_2_2.csv","2.2|922204"
"164","2.2","922205","2026-04-16 19:00","Chausseestrasse arena","Rutz","130854","Silver Sharks Lublin 🦈","128674","3:1","3","1","94","76","baza_2_2.csv","2.2|922205"
"164","2.2","922206","2026-04-16 19:00","MAKDOM ARENA","MAKDOM","128660","RKS","128588","3:1","3","1","96","89","baza_2_2.csv","2.2|922206"
"164","2.2","922207","2026-04-16 19:00","CSKA Arena","CSKA Mielec","128613","Czorty Chorzów","130959","3:0","3","0","75","61","baza_2_2.csv","2.2|922207"
"164","2.2","922208","2026-04-16 19:00","Olimp Arena","UKS Olimp Ostrołęka","128604","SiatkarskiePodlasie.pl","130565","3:1","3","1","98","89","baza_2_2.csv","2.2|922208"
"164","2.3","922441","2026-04-16 19:00","Ragnarok","Vikings","128756","EnergiaPro Gwardia Wrocław","130757","2:3","2","3","106","100","baza_2_3.csv","2.3|922441"
"164","2.3","922442","2026-04-16 19:00","Torwar","Projekt Warszawa","128614","Zabrzański Górnik","128816","1:3","1","3","80","99","baza_2_3.csv","2.3|922442"
"164","2.3","922443","2026-04-16 19:00","Radomskie Centrum Sportu","RCS Czarni Radom","128600","Skoczne Karakany","130767","1:3","1","3","91","89","baza_2_3.csv","2.3|922443"
"164","2.3","922444","2026-04-16 19:00","Zoo","Wściekłe Tygrysy","128782","Stara Gwardia Nakło ⚔️","128688","2:3","2","3","90","107","baza_2_3.csv","2.3|922444"
"164","2.3","922445","2026-04-16 19:00","Ver","Vernixo","128679","Polonia Bytom","130871","3:1","3","1","105","89","baza_2_3.csv","2.3|922445"
"164","2.3","922446","2026-04-16 19:00","Kocioł","Budowlani Nysa","130574","KKS Gryf Lębork","128809","0:3","0","3","40","75","baza_2_3.csv","2.3|922446"
"164","2.3","922447","2026-04-16 19:00","🦣 Mamut Area 🦣","🦣 KS MAMUTY 🦣","130549","KS Budowlani Kołacin 👷🏻","128629","1:3","1","3","100","106","baza_2_3.csv","2.3|922447"
"164","2.3","922448","2026-04-16 19:00","カラスの巣","Karasuno","128635","Bolek i lolek 🤙","128586","3:0","3","0","75","50","baza_2_3.csv","2.3|922448"
"164","2.4","922681","2026-04-16 19:00","In the middle of nowhere","Unknown Team","128636","Pioruny  i Grzmoty","130966","3:2","3","2","90","101","baza_2_4.csv","2.4|922681"
"164","2.4","922682","2026-04-16 19:00","Sportur Astro","Sivass-Pol De Mare","128794","KS Kawoholicy","131724","3:1","3","1","95","98","baza_2_4.csv","2.4|922682"
"164","2.4","922683","2026-04-16 19:00","Torwar","Vamos","128714","QUEERTISONEK TEAM","131147","3:0","3","0","75","23","baza_2_4.csv","2.4|922683"
"164","2.4","922684","2026-04-16 19:00","Aviator arena","BH STAL MIELEC","130769","Turbo Śpiochy","128578","3:0","3","0","75","39","baza_2_4.csv","2.4|922684"
"164","2.4","922685","2026-04-16 19:00","Może zagram","Fc MiSieNieChce","130908","Alpha","131086","0:3","0","3","27","75","baza_2_4.csv","2.4|922685"
"164","2.4","922686","2026-04-16 19:00","Bystra Bochotnica Arena","Bystra Bochotnica","128657","BKS Białystok","128644","3:2","3","2","108","97","baza_2_4.csv","2.4|922686"
"164","2.4","922687","2026-04-16 19:00","Aloha Arena","Ohana Gliwice","130945","TEXańska Masakra Piłą Ręczną","131293","3:2","3","2","106","108","baza_2_4.csv","2.4|922687"
"164","2.4","922688","2026-04-16 19:00","kiczan arena","kiczan team zduńska wola","128596","massive dongs","128592","3:1","3","1","100","78","baza_2_4.csv","2.4|922688"
"164","3.1","922921","2026-04-16 17:00","Letalnica","Team Spiryt Chorzów","130958","Orzeł Grzędzice","128728","3:0","3","0","75","42","baza_3_1.csv","3.1|922921"
"164","3.1","922922","2026-04-16 17:00","Hala Azoty","Zaksa Kędzierzyn - Koźle","131200","Vollley Rybnik","137468","0:3","0","3","25","75","baza_3_1.csv","3.1|922922"
"164","3.1","922923","2026-04-16 17:00","Ownz Ya! :: Arena","Team :: Ownz Ya!","130572","Drużyna Pierścienia","141064","0:3","0","3","56","75","baza_3_1.csv","3.1|922923"
"164","3.1","922924","2026-04-16 17:00","SRS Bernabeu","SRS Katarina","137403","Renifers","128675","2:3","2","3","101","108","baza_3_1.csv","3.1|922924"
"164","3.1","922925","2026-04-16 17:00","Kamienieckie Doły","Cargo Kamieniec Ząbkowicki","151049","Avengers","130920","2:3","2","3","99","111","baza_3_1.csv","3.1|922925"
"164","3.1","922926","2026-04-16 17:00","KorpoArena","Korporacja Gwiazd Bezrobocia","128595","Cicely","128704","3:1","3","1","88","72","baza_3_1.csv","3.1|922926"
"164","3.1","922927","2026-04-16 17:00","Bździochy Arena","PGE Bubisie Bździochy","130773","TaUrsy","130537","3:0","3","0","75","6","baza_3_1.csv","3.1|922927"
"164","3.1","922928","2026-04-16 17:00","Nati Memorial Hall","⭐ Nati ⭐ 1995 ⭐  ∞  ⭐","130585","Bochotnica Celtics","128639","0:3","0","3","62","76","baza_3_1.csv","3.1|922928"
"164","3.2","923161","2026-04-16 17:00","Malinowe marzenie","Maliniaczki","131020","Zegrze Nieporęt","131194","3:0","3","0","75","41","baza_3_2.csv","3.2|923161"
"164","3.2","923162","2026-04-16 17:00","PB Arena","Huragan Białobrzegi","131065","Wiejski Klub Kielno","130498","3:0","3","0","76","68","baza_3_2.csv","3.2|923162"
"164","3.2","923163","2026-04-16 17:00","Stodoła 97","VC  Ziębka Team","130503","GALACTICOS FC","131018","3:0","3","0","75","32","baza_3_2.csv","3.2|923163"
"164","3.2","923164","2026-04-16 17:00","Wylęgarnia Potworów","Nocne Potwory","128803","CVB Barça","141012","3:0","3","0","75","17","baza_3_2.csv","3.2|923164"
"164","3.2","923165","2026-04-16 17:00","Storm","WIPP Thunder","128672","Siatka Krzemieniewo","128597","0:3","0","3","61","76","baza_3_2.csv","3.2|923165"
"164","3.2","923166","2026-04-16 17:00","Grota tajemnic","Czarne plamy","128655","Fiorentina Nakło","130905","3:1","3","1","99","80","baza_3_2.csv","3.2|923166"
"164","3.2","923167","2026-04-16 17:00","Kaźmierzanka","Plas Kaźmierz","137421","ChudyTeam","130535","0:3","0","3","51","75","baza_3_2.csv","3.2|923167"
"164","3.2","923168","2026-04-16 17:00","DZIK ŁÓDŹ ARENA","JTCNW Łódź","131093","ChlopkiTeam","128606","1:3","1","3","96","102","baza_3_2.csv","3.2|923168"
"164","3.3","923401","2026-04-16 17:00","Phoenix Scene","Phoenix Fire","128687","RINZLER","128627","3:0","3","0","75","30","baza_3_3.csv","3.3|923401"
"164","3.3","923402","2026-04-16 17:00","Wimbledon","Zduńska Wola Team","128640","Kotwica Kołobrzeg","128801","0:3","0","3","17","75","baza_3_3.csv","3.3|923402"
"164","3.3","923403","2026-04-16 17:00","Drink Arena","Drink Team","141020","FC Misieniechce Radom","130676","3:0","3","0","75","33","baza_3_3.csv","3.3|923403"
"164","3.3","923404","2026-04-16 17:00","NiuniuCamp","NiuniuTeam","137395","KS Zamienie","141062","3:0","3","0","75","27","baza_3_3.csv","3.3|923404"
"164","3.3","923405","2026-04-16 17:00","NWWALC Stadium","OFIME Targówek","131746","!STAL NYSA","130728","3:0","3","0","75","42","baza_3_3.csv","3.3|923405"
"164","3.3","923406","2026-04-16 17:00","Dytto","DragonGAYS Polska","130705","RG Olsztyn","128652","0:3","0","3","37","75","baza_3_3.csv","3.3|923406"
"164","3.3","923407","2026-04-16 17:00","Ale co","Ale co","128694","Bad Boys Team","128706","3:1","3","1","95","84","baza_3_3.csv","3.3|923407"
"164","3.3","923408","2026-04-16 17:00","Jeżodrom","Jeżomyszy🦔z Marsa🪐","130972","Mazaki VC","131006","3:1","3","1","98","80","baza_3_3.csv","3.3|923408"
"164","3.4","923641","2026-04-16 17:00","Valiant Boys","Valiant Boys","130826","PIAST Strzelce Opolskie","130555","3:1","3","1","97","75","baza_3_4.csv","3.4|923641"
"164","3.4","923642","2026-04-16 17:00","Niepodległości 11","KS Świt Baranowo","128589","Potok city","140815","3:0","3","0","75","46","baza_3_4.csv","3.4|923642"
"164","3.4","923643","2026-04-16 17:00","GOKSiR Konstancin","IKS Konstancin - Jeziorna","131223","Choroszcza Olsztyn","130774","0:3","0","3","33","75","baza_3_4.csv","3.4|923643"
"164","3.4","923644","2026-04-16 17:00","Arena Albigowa","SST SPORTUR GMINA ŁAŃCUT","128795","Asseco Resovia","131163","3:0","3","0","75","32","baza_3_4.csv","3.4|923644"
"164","3.4","923645","2026-04-16 17:00","Leszczyny arena","Volley Leszczyny","137412","toto","128731","3:0","3","0","75","6","baza_3_4.csv","3.4|923645"
"164","3.4","923646","2026-04-16 17:00","Smocza Jama","Smoczy Gród","131131","Trefl Gdańsk Pomorze","130509","3:0","3","0","75","38","baza_3_4.csv","3.4|923646"
"164","3.4","923647","2026-04-16 17:00","Trefl Arena","Trefl","131199","Los Rakos","137449","0:3","0","3","42","75","baza_3_4.csv","3.4|923647"
"164","3.4","923648","2026-04-16 17:00","Cytrynowe Pandemonium","Sycylijskie Cytryniaki","130704","eŁKSa1908","130836","2:3","2","3","104","112","baza_3_4.csv","3.4|923648"
"164","3.5","923881","2026-04-16 17:00","Baltic Arena","KKS Kaszubia Kościerzyna","128786","Bart Thorn","130726","3:0","3","0","75","26","baza_3_5.csv","3.5|923881"
"164","3.5","923882","2026-04-16 17:00","Hala Dobra","AKS VOLLEY  DOBRA","141110","AKS Śliw@","128584","3:1","3","1","94","78","baza_3_5.csv","3.5|923882"
"164","3.5","923883","2026-04-16 17:00","Dwa słupki i sznurek azt","Aniołki Toruń","130820","ULTRAS-PL","130527","1:3","1","3","72","85","baza_3_5.csv","3.5|923883"
"164","3.5","923884","2026-04-16 17:00","KSW ARENA","KSW7","140968","Kosmiczne Mandarynki","128609","3:0","3","0","75","53","baza_3_5.csv","3.5|923884"
"164","3.5","923885","2026-04-16 17:00","Arena Krosno","Iskra Krosno","128667","RafaTeam Lipusz","130561","3:0","3","0","75","66","baza_3_5.csv","3.5|923885"
"164","3.5","923886","2026-04-16 17:00","Arena Poznań","PGE Skra Poznań","130781","CAMORRA VC","130516","3:2","3","2","106","116","baza_3_5.csv","3.5|923886"
"164","3.5","923887","2026-04-16 17:00","H69","VC BORDER","128622","SKS Iłżanka Baranów","128715","2:3","2","3","92","99","baza_3_5.csv","3.5|923887"
"164","3.5","923888","2026-04-16 17:00","Ninjutsu Arena 2024","S-Ninjas","130582","OPOLE","130500","0:3","0","3","54","75","baza_3_5.csv","3.5|923888"
"164","3.6","924121","2026-04-16 17:00","Słomin centre","Projekt Słomin","128700","SMS Rzeszów","137337","3:0","3","0","75","43","baza_3_6.csv","3.6|924121"
"164","3.6","924122","2026-04-16 17:00","Są gorsze areny","Są Gorsi","130693","Pogoń Żubr","130564","0:3","0","3","21","75","baza_3_6.csv","3.6|924122"
"164","3.6","924123","2026-04-16 17:00","Hala Limanowa","KS Limanowa","140814","Kudowianka Kudowa-Zdrój","131235","0:3","0","3","6","75","baza_3_6.csv","3.6|924123"
"164","3.6","924124","2026-04-16 17:00","Arena Twierdza","Twierdza Teodorówka","130591","Young Team Reaktywacja","140951","3:0","3","0","75","35","baza_3_6.csv","3.6|924124"
"164","3.6","924125","2026-04-16 17:00","Strongman Arena","RTS.Strongman Małecz","130601","Ikjas Toruń","131062","3:2","3","2","106","104","baza_3_6.csv","3.6|924125"
"164","3.6","924126","2026-04-16 17:00","Ceremony Place Soreide","Groszowice Soreide","130604","Browary Hills","130979","3:0","3","0","75","29","baza_3_6.csv","3.6|924126"
"164","3.6","924127","2026-04-16 17:00","HSW Jastrzębie Zdrój","KS Jastrzębie","130545","MKS Siemianowice","128799","0:3","0","3","50","75","baza_3_6.csv","3.6|924127"
"164","3.6","924128","2026-04-16 17:00","Olle hall","Victoria Wałbrzych","128774","Black Smoke","137347","3:1","3","1","96","84","baza_3_6.csv","3.6|924128"
"164","3.7","924361","2026-04-16 17:00","San Siro","Stocznia Gdańsk","130595","FFP Virtual Volley","130573","3:0","3","0","75","11","baza_3_7.csv","3.7|924361"
"164","3.7","924362","2026-04-16 17:00","Estadio de Brzózka","Dyliżans Brzózka","137454","SDJ Janów","131251","3:0","3","0","75","57","baza_3_7.csv","3.7|924362"
"164","3.7","924363","2026-04-16 17:00","Rotavia Arena","LKS Rotavia Nieporęt","128730","Błysk2","131225","1:3","1","3","90","99","baza_3_7.csv","3.7|924363"
"164","3.7","924364","2026-04-16 17:00","Haba","Ghrum","130784","Dąbrowskie Pioruny","140781","3:0","3","0","75","24","baza_3_7.csv","3.7|924364"
"164","3.7","924365","2026-04-16 17:00","Immobile Łuczniczka","BKS Visła Bydgoszcz","131284","Orły","137486","1:3","1","3","86","93","baza_3_7.csv","3.7|924365"
"164","3.7","924366","2026-04-16 17:00","Reksio Arena","Mighty Bears","130513","Latające Dżdżownice","140796","1:3","1","3","78","96","baza_3_7.csv","3.7|924366"
"164","3.7","924367","2026-04-16 17:00","KZN","KZN","131229","Linkin Park United","130617","0:3","0","3","46","75","baza_3_7.csv","3.7|924367"
"164","3.7","924368","2026-04-16 17:00","Spodek Viadukt","Volania Jeleninhos","131141","AZS Politechnika Poznańska","128759","3:1","3","1","97","77","baza_3_7.csv","3.7|924368"
"164","3.8","924601","2026-04-16 17:00","Stilon Arena","Stilon Gorzów","130891","Dallas Mavericks","128666","3:0","3","0","75","16","baza_3_8.csv","3.8|924601"
"164","3.8","924602","2026-04-16 17:00","Hala Urania","AZS PRIME Olsztyn","137361","Fc Albatros","131276","3:1","3","1","98","96","baza_3_8.csv","3.8|924602"
"164","3.8","924603","2026-04-16 17:00","KND Arena","KndSynu Cios","137411","ZAKSA ŚWINOUJŚCIE","130896","3:0","3","0","75","36","baza_3_8.csv","3.8|924603"
"164","3.8","924604","2026-04-16 17:00","Kiciniowo","Fc Kiciusie","140744","MKS Dąbrowa Górnicza","128800","1:3","1","3","74","98","baza_3_8.csv","3.8|924604"
"164","3.8","924605","2026-04-16 17:00","Hell","Przebój Wolbrom","130621","Anioły Toruń","130514","3:0","3","0","75","30","baza_3_8.csv","3.8|924605"
"164","3.8","924606","2026-04-16 17:00","Fabryczna Union Arena","Budowlani Łódź","128736","Rockers Wrocław","128605","3:1","3","1","90","77","baza_3_8.csv","3.8|924606"
"164","3.8","924607","2026-04-16 17:00","Na Hasioku","Jang Tim","128677","Volley Królewscy Jedlnia","130524","3:1","3","1","98","74","baza_3_8.csv","3.8|924607"
"164","3.8","924608","2026-04-16 17:00","Tylmanowa Arena","Aptekarz Tylmanowa","128720","PGE GIEK Skra Bełchatów","130721","0:3","0","3","56","75","baza_3_8.csv","3.8|924608"
"164","3.9","924841","2026-04-16 17:00","Hala Relax","Volley Team Piotrków Tryb.","128724","Czarni Piasek","128752","3:0","3","0","75","47","baza_3_9.csv","3.9|924841"
"164","3.9","924842","2026-04-16 17:00","Jaga","Jagiellonia Białystok","140856","Flying Spiders","140867","3:0","3","0","75","44","baza_3_9.csv","3.9|924842"
"164","3.9","924843","2026-04-16 17:00","Hala Brzeziny","SBX TEAM","140751","GSY","130525","2:3","2","3","103","109","baza_3_9.csv","3.9|924843"
"164","3.9","924844","2026-04-16 17:00","Sardegna Hall","Sardegna Volley","137467","SGS Goleniów","137350","0:3","0","3","52","75","baza_3_9.csv","3.9|924844"
"164","3.9","924845","2026-04-16 17:00","Bonito Arena","Joga Bonito","137493","Galaxia Kwielice","130973","1:3","1","3","82","93","baza_3_9.csv","3.9|924845"
"164","3.9","924846","2026-04-16 17:00","XYZ","ZYX","131059","Zamek Golub-Dobrzyń","131227","1:3","1","3","90","93","baza_3_9.csv","3.9|924846"
"164","3.9","924847","2026-04-16 17:00","OSiR","Zaksa Mszczonów","130593","Spartans Volley","130930","0:3","0","3","45","75","baza_3_9.csv","3.9|924847"
"164","3.9","924848","2026-04-16 17:00","VST Hala Sportowa","Volleyball Szubin Team","128579","ActiVeTeam","128702","3:1","3","1","96","75","baza_3_9.csv","3.9|924848"
"164","3.10","925081","2026-04-16 17:00","JednakGramy Arena","JednakGramy","128768","BBTS Bielsko-Biała","137383","3:0","3","0","75","24","baza_3_10.csv","3.10|925081"
"164","3.10","925082","2026-04-16 17:00","Sovia","Tigers","128634","UKS BŁYSKAWICA ŁOWICZ","130699","0:3","0","3","11","75","baza_3_10.csv","3.10|925082"
"164","3.10","925083","2026-04-16 17:00","R22","TSW Wisła Kraków","151056","KK271","141054","3:0","3","0","75","25","baza_3_10.csv","3.10|925083"
"164","3.10","925084","2026-04-16 17:00","Piernik Arena","Kopernik Toruń","130739","Indykpol AZS Olsztyn","128620","1:3","1","3","93","96","baza_3_10.csv","3.10|925084"
"164","3.10","925085","2026-04-16 17:00","Osyra Stadion","GPT Mysłowice","128747","Hot Volley Nysa","128630","0:3","0","3","59","75","baza_3_10.csv","3.10|925085"
"164","3.10","925086","2026-04-16 17:00","Wataha","Polish Wolves","131258","Pancio","128750","3:0","3","0","75","61","baza_3_10.csv","3.10|925086"
"164","3.10","925087","2026-04-16 17:00","Arena Baranów","KS Strużanka Baranów","130994","Złote Orły","131740","3:1","3","1","93","93","baza_3_10.csv","3.10|925087"
"164","3.10","925088","2026-04-16 17:00","Crucible","Bydgoszcz Baki","128616","TKS Jelenie Studzienki","130939","3:0","3","0","75","53","baza_3_10.csv","3.10|925088"
"164","3.11","925321","2026-04-16 17:00","Stajnia Jednorożców","Kolorowe Rumaki","131164","Gwoździe","140812","3:0","3","0","75","19","baza_3_11.csv","3.11|925321"
"164","3.11","925322","2026-04-16 17:00","ERGO ARENA","NIELOTY GDAŃSK","130946","FC Łosarnia Tujsk","140910","0:3","0","3","21","75","baza_3_11.csv","3.11|925322"
"164","3.11","925323","2026-04-16 17:00","hala MOSiR","Enea PTPS Piła","128646","KS Crusaders","137439","0:3","0","3","45","75","baza_3_11.csv","3.11|925323"
"164","3.11","925324","2026-04-16 17:00","Arena W","Team WWW","131066","Orzełki Team","137444","3:0","3","0","75","55","baza_3_11.csv","3.11|925324"
"164","3.11","925325","2026-04-16 17:00","Szklanka Wódki xD","ScorpioN","128617","Kasztaniaki","131735","3:0","3","0","75","48","baza_3_11.csv","3.11|925325"
"164","3.11","925326","2026-04-16 17:00","Upadła Arena","Latające Imadła","131022","Seniorzy Wieluń","130519","2:3","2","3","97","98","baza_3_11.csv","3.11|925326"
"164","3.11","925327","2026-04-16 17:00","PauPau Arena","PauPau","140825","AKS Andrut Kalisz 🧇","128789","2:3","2","3","104","94","baza_3_11.csv","3.11|925327"
"164","3.11","925328","2026-04-16 17:00","Brute Force Arena","Brute Force","130978","Pogoń Portowcy","131768","3:1","3","1","91","78","baza_3_11.csv","3.11|925328"
"164","3.12","925561","2026-04-16 17:00","Sparbanken Skåne Arena","🌳Leśne Ludki🌳","131712","Lube Rzeszów","130863","3:0","3","0","75","28","baza_3_12.csv","3.12|925561"
"164","3.12","925562","2026-04-16 17:00","B4 Arena","Braniewo Volley","141119","Aciu Team","131157","3:0","3","0","75","21","baza_3_12.csv","3.12|925562"
"164","3.12","925563","2026-04-16 17:00","Prognozy dzisiaj nie będzie","Anię dopadła grypa","140870","Warta Zawiercie","130562","0:3","0","3","20","75","baza_3_12.csv","3.12|925563"
"164","3.12","925564","2026-04-16 17:00","Match Of The Millennium","Yu-Gi-Oh!","131717","Olimpia Kowary","137420","3:0","3","0","75","21","baza_3_12.csv","3.12|925564"
"164","3.12","925565","2026-04-16 17:00","Konarzewo Arena","KS Konarzewo","137342","ARM Volley","137419","3:1","3","1","98","85","baza_3_12.csv","3.12|925565"
"164","3.12","925566","2026-04-16 17:00","Ipsarion","Ipsarion","140952","300-stuSpartan","137376","0:3","0","3","58","75","baza_3_12.csv","3.12|925566"
"164","3.12","925567","2026-04-16 17:00","Losir Luboń","Acapulco Stalion","128733","Volley Master","130507","0:3","0","3","39","75","baza_3_12.csv","3.12|925567"
"164","3.12","925568","2026-04-16 17:00","Hala Urania of City Olsztyn","Zawisza Olsztyn","128659","The Ops","131290","3:1","3","1","92","90","baza_3_12.csv","3.12|925568"
"164","3.13","925801","2026-04-16 17:00","Orły hall","PolskieOrły","128769","TwentyFive.pl","130518","3:0","3","0","75","25","baza_3_13.csv","3.13|925801"
"164","3.13","925802","2026-04-16 17:00","Hala im. Sędziów","Sędziowie Bydgoszcz","140960","Trentino Młodzieszyn","128599","0:3","0","3","48","75","baza_3_13.csv","3.13|925802"
"164","3.13","925803","2026-04-16 17:00","RD Arena","Red Devils","128725","Unia Leszno","131196","0:3","0","3","32","75","baza_3_13.csv","3.13|925803"
"164","3.13","925804","2026-04-16 17:00","MKS1956","MKS ŁĘCZYCA","128741","LKS  ASERTO Trześń","131723","1:3","1","3","75","95","baza_3_13.csv","3.13|925804"
"164","3.13","925805","2026-04-16 17:00","Lokomotiv Plzen","Raven","140853","Szmulki","140963","3:0","3","0","75","43","baza_3_13.csv","3.13|925805"
"164","3.13","925806","2026-04-16 17:00","Valhalla","Brave Vikings","131709","Spartakus Radom","131248","3:0","3","0","75","50","baza_3_13.csv","3.13|925806"
"164","3.13","925807","2026-04-16 17:00","Rat Arena","🐀Ratty Rattas🐀","128707","Aleleble","128628","3:1","3","1","98","93","baza_3_13.csv","3.13|925807"
"164","3.13","925808","2026-04-16 17:00","Progress Arena","ProgressTeam","128806","☣️ MY TU TEGO BAGNO 💩💩    🔝","130911","0:3","0","3","53","77","baza_3_13.csv","3.13|925808"
"164","3.14","926041","2026-04-16 17:00","Dąbrówka Arena","III Piastowskie","130858","Skra Trzemeszno","131217","1:3","1","3","64","94","baza_3_14.csv","3.14|926041"
"164","3.14","926042","2026-04-16 17:00","Foxx Volley Arena","Kanzas Foxx","137481","NTS NAKŁO NAD NOTECIĄ","128729","0:3","0","3","28","75","baza_3_14.csv","3.14|926042"
"164","3.14","926043","2026-04-16 17:00",".......","Zryw","141102","BT ENERGIA","137456","3:0","3","0","75","27","baza_3_14.csv","3.14|926043"
"164","3.14","926044","2026-04-16 17:00","Hala FC","Farciarze FC","128734","KS GRABÓW","130543","3:0","3","0","75","54","baza_3_14.csv","3.14|926044"
"164","3.14","926045","2026-04-16 17:00","Mierzwice Arena","Mierzwicanka Mierzwice","130539","Kubiki","130510","1:3","1","3","97","103","baza_3_14.csv","3.14|926045"
"164","3.14","926046","2026-04-16 17:00","Hit Dome","Hit Happens","131734","Shtosee volley team","128680","3:1","3","1","99","85","baza_3_14.csv","3.14|926046"
"164","3.14","926047","2026-04-16 17:00","pONczek Arena","pONczek Team","130540","Arbuzy i Kebaby","130611","3:0","3","0","76","55","baza_3_14.csv","3.14|926047"
"164","3.14","926048","2026-04-16 17:00","Old Trafford","KS Brzeziny","128710","Lajony Kingzz","131747","0:3","0","3","34","75","baza_3_14.csv","3.14|926048"
"164","3.15","926281","2026-04-16 17:00","OSIR ARENA","G.T.S. Unia Choceń","128749","AZT Tytan Czestochowa","128743","3:1","3","1","88","73","baza_3_15.csv","3.15|926281"
"164","3.15","926282","2026-04-16 17:00","Wierzeje ARENA","Wierzeje","141108","LTS Feniks Leżajsk","141106","3:1","3","1","94","84","baza_3_15.csv","3.15|926282"
"164","3.15","926283","2026-04-16 17:00","KS arena","Ks Kedzierzyn","128713","Fenix Siennica","130586","3:0","3","0","75","33","baza_3_15.csv","3.15|926283"
"164","3.15","926284","2026-04-16 17:00","Hala Mostowa","Śląskie Burrito","131722","Gumi-Misie","131244","0:3","0","3","50","75","baza_3_15.csv","3.15|926284"
"164","3.15","926285","2026-04-16 17:00","Makalamabedi","W124","137366","KS Okalew","131073","3:0","3","0","75","34","baza_3_15.csv","3.15|926285"
"164","3.15","926286","2026-04-16 17:00","Estadio zulito","Lech Sulechów","128625","Makosiki","128780","0:3","0","3","58","79","baza_3_15.csv","3.15|926286"
"164","3.15","926287","2026-04-16 17:00","JaqbArena","JaqbTeam","128695","Victoria Dobra","131261","2:3","2","3","104","115","baza_3_15.csv","3.15|926287"
"164","3.15","926288","2026-04-16 17:00","Kabako Arena","Finlandia Opole Lubelskie","130910","FC Świętopełka 🔥","128802","0:3","0","3","13","75","baza_3_15.csv","3.15|926288"
"164","3.16","926521","2026-04-16 17:00","Spożywczak","Blackburn Toruń","128601","Zadar Głuchołazy","128664","3:0","3","0","75","26","baza_3_16.csv","3.16|926521"
"164","3.16","926522","2026-04-16 17:00","Hala Miejska","PKS Choszczno","140884","Die Freie Stadt Danzig","130661","3:0","3","0","77","57","baza_3_16.csv","3.16|926522"
"164","3.16","926523","2026-04-16 17:00","Sportowa","Gryf Policzna","140747","🪿⎛⎝( ` ᢍ ´ )⎠⎞ᵐᵘʰᵃʰᵃ🦇","131021","0:3","0","3","44","75","baza_3_16.csv","3.16|926523"
"164","3.16","926524","2026-04-16 17:00","Łu tu tu tu","La Vida Loca","131011","Juve","131236","0:3","0","3","24","75","baza_3_16.csv","3.16|926524"
"164","3.16","926525","2026-04-16 17:00","PRAFIL ARENA","PGJ Azoty","130845","GizoTeam","128693","0:3","0","3","52","76","baza_3_16.csv","3.16|926525"
"164","3.16","926526","2026-04-16 17:00","Arena Łódź Podwodna","AquaSharks","128771","sanah","131179","1:3","1","3","67","96","baza_3_16.csv","3.16|926526"
"164","3.16","926527","2026-04-16 17:00","Camp Nou","Lance Armstrong","131718","Znienacka team","130933","1:3","1","3","88","95","baza_3_16.csv","3.16|926527"
"164","3.16","926528","2026-04-16 17:00","Arena wilków","Złote Wilki","128790","V-DRIFTERS","131254","3:2","3","2","87","106","baza_3_16.csv","3.16|926528"
"164","1.1","921713","2026-04-14 19:00","Kudahuvadhoo 🏝️","Carplife 🇵🇱","130954","Dano Dream Team","130607","0:3","0","3","53","75","baza_1_1.csv","1.1|921713"
"164","1.1","921714","2026-04-14 19:00","Bugaj Arena","Pilica Koniecpol","130885","Smerfy","128764","3:0","3","0","75","55","baza_1_1.csv","1.1|921714"
"164","1.1","921715","2026-04-14 19:00","Kanciapa u Tumaxa","Dzikie Rumaxy","128638","VC Kittens","128580","1:3","1","3","82","98","baza_1_1.csv","1.1|921715"
"164","1.1","921716","2026-04-14 19:00","Arena of Rzeplin","Tsunami Rzeplin","128717","AKS Volley Łódź","131002","0:3","0","3","61","75","baza_1_1.csv","1.1|921716"
"164","1.1","921717","2026-04-14 19:00","Hala sportowa w Zduńskiej Woli","Volleyball Team Zduńska Wola","128603","Kuźnia Byków","130744","0:3","0","3","53","78","baza_1_1.csv","1.1|921717"
"164","1.1","921718","2026-04-14 19:00","Arena W-W","Wratislawia Wrocław","128772","DHARMA Initiative","128577","0:3","0","3","40","75","baza_1_1.csv","1.1|921718"
"164","1.1","921719","2026-04-14 19:00","Ergo Małomice","Penguin Małomice","128781","ZAKSA Bochotnica","128722","3:1","3","1","89","90","baza_1_1.csv","1.1|921719"
"164","1.1","921720","2026-04-14 19:00","Hala Polonia","Go Tigers","128631","Incognito Volley","128619","1:3","1","3","74","96","baza_1_1.csv","1.1|921720"
"164","2.1","921953","2026-04-14 19:00","LukArena","LukTeam","131134","Velen Volleyball Club","128684","3:2","3","2","106","99","baza_2_1.csv","2.1|921953"
"164","2.1","921954","2026-04-14 19:00","Piekło","Saracens","128615","Najlepsi z Najlepszych","130520","0:3","0","3","57","75","baza_2_1.csv","2.1|921954"
"164","2.1","921955","2026-04-14 19:00","Urania","CF Mleczne Olsztyn","128668","Miesiany Miesiany","128676","3:0","3","0","75","37","baza_2_1.csv","2.1|921955"
"164","2.1","921956","2026-04-14 19:00","Szpil Plac u Gerusia","Young Team","128708","Smerfy z Rivii ⚔️⚔️🛡️","130934","3:1","3","1","97","94","baza_2_1.csv","2.1|921956"
"164","2.1","921957","2026-04-14 19:00","7l z Pepsi Arena","Hydra VT Gdańsk","128612","Sprzeda Mecz","128663","3:2","3","2","106","102","baza_2_1.csv","2.1|921957"
"164","2.1","921958","2026-04-14 19:00","Hala 134","Libero Gorzków","128703","Silver Arsenal","130505","3:1","3","1","91","85","baza_2_1.csv","2.1|921958"
"164","2.1","921959","2026-04-14 19:00","Janów hall","Błyskawica Janów","131242","Celtic VC","128735","0:3","0","3","58","75","baza_2_1.csv","2.1|921959"
"164","2.1","921960","2026-04-14 19:00","Pogro Arena","Pogromcy Gdańsk","131205","CYTRYNIEC CHIŃSKI","130809","3:2","3","2","113","89","baza_2_1.csv","2.1|921960"
"164","2.2","922193","2026-04-14 19:00","Siatkarskie Podlasie","SiatkarskiePodlasie.pl","130565","Zakład Karny w Strzelinie","128751","3:1","3","1","98","81","baza_2_2.csv","2.2|922193"
"164","2.2","922194","2026-04-14 19:00","CSKA Arena","CSKA Mielec","128613","UKS Olimp Ostrołęka","128604","1:3","1","3","61","97","baza_2_2.csv","2.2|922194"
"164","2.2","922195","2026-04-14 19:00","Ursus Arena","RKS","128588","Czorty Chorzów","130959","2:3","2","3","103","101","baza_2_2.csv","2.2|922195"
"164","2.2","922196","2026-04-14 19:00","UMCS Hala Sportowa","Silver Sharks Lublin 🦈","128674","MAKDOM","128660","0:3","0","3","63","75","baza_2_2.csv","2.2|922196"
"164","2.2","922197","2026-04-14 19:00","Sisu Arena","Bydgoszcz Spartans","128726","Rutz","130854","1:3","1","3","78","98","baza_2_2.csv","2.2|922197"
"164","2.2","922198","2026-04-14 19:00","Zimorodek","Nosmeisy","128686","👽Strażnicy Cienia👽","128711","3:0","3","0","75","50","baza_2_2.csv","2.2|922198"
"164","2.2","922199","2026-04-14 19:00","Piasterdam Stadium","AJAX PIASTY","130797","Thorn Lynxes","131219","2:3","2","3","89","118","baza_2_2.csv","2.2|922199"
"164","2.2","922200","2026-04-14 19:00","Millennium Arena","Millennium Siemianowice","130955","Ranczo Wilkowyje","130915","3:2","3","2","105","89","baza_2_2.csv","2.2|922200"
"164","2.3","922433","2026-04-14 19:00","Hala im. TW Bolka","Bolek i lolek 🤙","128586","Vikings","128756","3:2","3","2","114","100","baza_2_3.csv","2.3|922433"
"164","2.3","922434","2026-04-14 19:00","🦣 Mamut Area 🦣","🦣 KS MAMUTY 🦣","130549","Karasuno","128635","0:3","0","3","59","75","baza_2_3.csv","2.3|922434"
"164","2.3","922435","2026-04-14 19:00","Hala Gryfia","KKS Gryf Lębork","128809","KS Budowlani Kołacin 👷🏻","128629","1:3","1","3","83","95","baza_2_3.csv","2.3|922435"
"164","2.3","922436","2026-04-14 19:00","Polonijny młyn","Polonia Bytom","130871","Budowlani Nysa","130574","2:3","2","3","104","105","baza_2_3.csv","2.3|922436"
"164","2.3","922437","2026-04-14 19:00","Forteca Nakło","Stara Gwardia Nakło ⚔️","128688","Vernixo","128679","0:3","0","3","58","75","baza_2_3.csv","2.3|922437"
"164","2.3","922438","2026-04-14 19:00","Karakanówka","Skoczne Karakany","130767","Wściekłe Tygrysy","128782","3:1","3","1","96","72","baza_2_3.csv","2.3|922438"
"164","2.3","922439","2026-04-14 19:00","Hala Sportowa w Zabrzu","Zabrzański Górnik","128816","RCS Czarni Radom","128600","3:0","3","0","75","60","baza_2_3.csv","2.3|922439"
"164","2.3","922440","2026-04-14 19:00","Hala Orbita","EnergiaPro Gwardia Wrocław","130757","Projekt Warszawa","128614","3:0","3","0","75","26","baza_2_3.csv","2.3|922440"
"164","2.4","922673","2026-04-14 19:00","we no WHO U r","massive dongs","128592","Unknown Team","128636","3:0","3","0","75","37","baza_2_4.csv","2.4|922673"
"164","2.4","922674","2026-04-14 19:00","Aloha Arena","Ohana Gliwice","130945","kiczan team zduńska wola","128596","0:3","0","3","50","75","baza_2_4.csv","2.4|922674"
"164","2.4","922675","2026-04-14 19:00","BKS ARENA","BKS Białystok","128644","TEXańska Masakra Piłą Ręczną","131293","0:3","0","3","47","75","baza_2_4.csv","2.4|922675"
"164","2.4","922676","2026-04-14 19:00","Alpha Arena","Alpha","131086","Bystra Bochotnica","128657","1:3","1","3","80","96","baza_2_4.csv","2.4|922676"
"164","2.4","922677","2026-04-14 19:00","wyrko rodzinne","Turbo Śpiochy","128578","Fc MiSieNieChce","130908","3:0","3","0","76","45","baza_2_4.csv","2.4|922677"
"164","2.4","922678","2026-04-14 19:00","QUEERTISONEK","QUEERTISONEK TEAM","131147","BH STAL MIELEC","130769","0:3","0","3","42","75","baza_2_4.csv","2.4|922678"
"164","2.4","922679","2026-04-14 19:00","Kentucky Coffee Roasters Arena","KS Kawoholicy","131724","Vamos","128714","3:0","3","0","75","53","baza_2_4.csv","2.4|922679"
"164","2.4","922680","2026-04-14 19:00","Olimp  Arena","Pioruny  i Grzmoty","130966","Sivass-Pol De Mare","128794","0:3","0","3","50","75","baza_2_4.csv","2.4|922680"
"164","3.1","922913","2026-04-14 17:00","Celtics Hall","Bochotnica Celtics","128639","Team Spiryt Chorzów","130958","3:2","3","2","111","88","baza_3_1.csv","3.1|922913"
"164","3.1","922914","2026-04-14 17:00","Bździochy Arena","PGE Bubisie Bździochy","130773","⭐ Nati ⭐ 1995 ⭐  ∞  ⭐","130585","1:3","1","3","75","92","baza_3_1.csv","3.1|922914"
"164","3.1","922915","2026-04-14 17:00","Cicely Arena","Cicely","128704","TaUrsy","130537","3:0","3","0","75","6","baza_3_1.csv","3.1|922915"
"164","3.1","922916","2026-04-14 17:00","Avengers Arena","Avengers","130920","Korporacja Gwiazd Bezrobocia","128595","3:0","3","0","75","51","baza_3_1.csv","3.1|922916"
"164","3.1","922917","2026-04-14 17:00","Renifers Hall","Renifers","128675","Cargo Kamieniec Ząbkowicki","151049","1:3","1","3","86","98","baza_3_1.csv","3.1|922917"
"164","3.1","922918","2026-04-14 17:00","Rohan","Drużyna Pierścienia","141064","SRS Katarina","137403","1:3","1","3","76","96","baza_3_1.csv","3.1|922918"
"164","3.1","922919","2026-04-14 17:00","Volley Arena","Vollley Rybnik","137468","Team :: Ownz Ya!","130572","3:2","3","2","104","103","baza_3_1.csv","3.1|922919"
"164","3.1","922920","2026-04-14 17:00","Gniazdo","Orzeł Grzędzice","128728","Zaksa Kędzierzyn - Koźle","131200","3:0","3","0","75","43","baza_3_1.csv","3.1|922920"
"164","3.2","923153","2026-04-14 17:00","Arena Chłopów","ChlopkiTeam","128606","Maliniaczki","131020","3:0","3","0","77","61","baza_3_2.csv","3.2|923153"
"164","3.2","923154","2026-04-14 17:00","Kaźmierzanka","Plas Kaźmierz","137421","JTCNW Łódź","131093","0:3","0","3","53","75","baza_3_2.csv","3.2|923154"
"164","3.2","923155","2026-04-14 17:00","LZS ARENA","Fiorentina Nakło","130905","ChudyTeam","130535","0:3","0","3","39","75","baza_3_2.csv","3.2|923155"
"164","3.2","923156","2026-04-14 17:00","Hala Sportowa","Siatka Krzemieniewo","128597","Czarne plamy","128655","0:3","0","3","62","75","baza_3_2.csv","3.2|923156"
"164","3.2","923157","2026-04-14 17:00","Palau Blaugrana","CVB Barça","141012","WIPP Thunder","128672","0:3","0","3","11","75","baza_3_2.csv","3.2|923157"
"164","3.2","923158","2026-04-14 17:00","ARENA KENTUCKY","GALACTICOS FC","131018","Nocne Potwory","128803","0:3","0","3","23","75","baza_3_2.csv","3.2|923158"
"164","3.2","923159","2026-04-14 17:00","WKS Kielno Arena","Wiejski Klub Kielno","130498","VC  Ziębka Team","130503","0:3","0","3","21","75","baza_3_2.csv","3.2|923159"
"164","3.2","923160","2026-04-14 17:00","Lake Arena","Zegrze Nieporęt","131194","Huragan Białobrzegi","131065","3:0","3","0","75","21","baza_3_2.csv","3.2|923160"
"164","3.3","923393","2026-04-14 17:00","Mazakowa hala sportowa","Mazaki VC","131006","Phoenix Fire","128687","0:3","0","3","54","75","baza_3_3.csv","3.3|923393"
"164","3.3","923394","2026-04-14 17:00","Ale co","Ale co","128694","Jeżomyszy🦔z Marsa🪐","130972","1:3","1","3","82","97","baza_3_3.csv","3.3|923394"
"164","3.3","923395","2026-04-14 17:00","RG Arena","RG Olsztyn","128652","Bad Boys Team","128706","2:3","2","3","100","105","baza_3_3.csv","3.3|923395"
"164","3.3","923396","2026-04-14 17:00","KOCIOŁ","!STAL NYSA","130728","DragonGAYS Polska","130705","3:1","3","1","96","92","baza_3_3.csv","3.3|923396"
"164","3.3","923397","2026-04-14 17:00","Meduza","KS Zamienie","141062","OFIME Targówek","131746","0:3","0","3","21","75","baza_3_3.csv","3.3|923397"
"164","3.3","923398","2026-04-14 17:00","Misieniechce Radom Arena","FC Misieniechce Radom","130676","NiuniuTeam","137395","0:3","0","3","14","75","baza_3_3.csv","3.3|923398"
"164","3.3","923399","2026-04-14 17:00","Milenium MOSIR","Kotwica Kołobrzeg","128801","Drink Team","141020","3:0","3","0","75","19","baza_3_3.csv","3.3|923399"
"164","3.3","923400","2026-04-14 17:00","RINLZER ARENA","RINZLER","128627","Zduńska Wola Team","128640","3:0","3","0","75","19","baza_3_3.csv","3.3|923400"
"164","3.4","923633","2026-04-14 17:00","Ultras1908","eŁKSa1908","130836","Valiant Boys","130826","3:0","3","0","75","43","baza_3_4.csv","3.4|923633"
"164","3.4","923634","2026-04-14 17:00","Trefl Arena","Trefl","131199","Sycylijskie Cytryniaki","130704","0:3","0","3","54","75","baza_3_4.csv","3.4|923634"
"164","3.4","923635","2026-04-14 17:00","Aqua Baltic Arena","Trefl Gdańsk Pomorze","130509","Los Rakos","137449","0:3","0","3","50","75","baza_3_4.csv","3.4|923635"
"164","3.4","923636","2026-04-14 17:00","toto","toto","128731","Smoczy Gród","131131","0:3","0","3","7","75","baza_3_4.csv","3.4|923636"
"164","3.4","923637","2026-04-14 17:00","Podpromie","Asseco Resovia","131163","Volley Leszczyny","137412","0:3","0","3","12","75","baza_3_4.csv","3.4|923637"
"164","3.4","923638","2026-04-14 17:00","Urania","Choroszcza Olsztyn","130774","SST SPORTUR GMINA ŁAŃCUT","128795","3:0","3","0","75","57","baza_3_4.csv","3.4|923638"
"164","3.4","923639","2026-04-14 17:00","Pod niebem u Henia","Potok city","140815","IKS Konstancin - Jeziorna","131223","3:0","3","0","75","27","baza_3_4.csv","3.4|923639"
"164","3.4","923640","2026-04-14 17:00","Strzelce Opolskie Arena","PIAST Strzelce Opolskie","130555","KS Świt Baranowo","128589","1:3","1","3","82","100","baza_3_4.csv","3.4|923640"
"164","3.5","923873","2026-04-14 17:00","OPOLE_ARENA","OPOLE","130500","KKS Kaszubia Kościerzyna","128786","0:3","0","3","53","75","baza_3_5.csv","3.5|923873"
"164","3.5","923874","2026-04-14 17:00","H69","VC BORDER","128622","S-Ninjas","130582","0:3","0","3","33","75","baza_3_5.csv","3.5|923874"
"164","3.5","923875","2026-04-14 17:00","Halaaa","CAMORRA VC","130516","SKS Iłżanka Baranów","128715","3:0","3","0","75","55","baza_3_5.csv","3.5|923875"
"164","3.5","923876","2026-04-14 17:00","MOSiR LIPUSZ","RafaTeam Lipusz","130561","PGE Skra Poznań","130781","0:3","0","3","47","78","baza_3_5.csv","3.5|923876"
"164","3.5","923877","2026-04-14 17:00","Public Enemies","Kosmiczne Mandarynki","128609","Iskra Krosno","128667","0:3","0","3","33","75","baza_3_5.csv","3.5|923877"
"164","3.5","923878","2026-04-14 17:00","ULTRAS ARENA","ULTRAS-PL","130527","KSW7","140968","0:3","0","3","29","75","baza_3_5.csv","3.5|923878"
"164","3.5","923879","2026-04-14 17:00","Hala Sportowa AKS","AKS Śliw@","128584","Aniołki Toruń","130820","3:0","3","0","75","30","baza_3_5.csv","3.5|923879"
"164","3.5","923880","2026-04-14 17:00","Thorn Hall","Bart Thorn","130726","AKS VOLLEY  DOBRA","141110","0:3","0","3","65","78","baza_3_5.csv","3.5|923880"
"164","3.6","924113","2026-04-14 17:00","The Others Arena","Black Smoke","137347","Projekt Słomin","128700","3:0","3","0","75","52","baza_3_6.csv","3.6|924113"
"164","3.6","924114","2026-04-14 17:00","HSW Jastrzębie Zdrój","KS Jastrzębie","130545","Victoria Wałbrzych","128774","0:3","0","3","54","75","baza_3_6.csv","3.6|924114"
"164","3.6","924115","2026-04-14 17:00","Browar","Browary Hills","130979","MKS Siemianowice","128799","0:3","0","3","41","75","baza_3_6.csv","3.6|924115"
"164","3.6","924116","2026-04-14 17:00","Ikjas Arena","Ikjas Toruń","131062","Groszowice Soreide","130604","1:3","1","3","83","97","baza_3_6.csv","3.6|924116"
"164","3.6","924117","2026-04-14 17:00","Boisko na polu","Young Team Reaktywacja","140951","RTS.Strongman Małecz","130601","0:3","0","3","64","75","baza_3_6.csv","3.6|924117"
"164","3.6","924118","2026-04-14 17:00","KCKiS","Kudowianka Kudowa-Zdrój","131235","Twierdza Teodorówka","130591","0:3","0","3","32","75","baza_3_6.csv","3.6|924118"
"164","3.6","924119","2026-04-14 17:00","Puszcza","Pogoń Żubr","130564","KS Limanowa","140814","3:0","3","0","75","14","baza_3_6.csv","3.6|924119"
"164","3.6","924120","2026-04-14 17:00","Podpromie","SMS Rzeszów","137337","Są Gorsi","130693","0:3","0","3","41","75","baza_3_6.csv","3.6|924120"
"164","3.7","924354","2026-04-14 17:00","KZN","KZN","131229","Volania Jeleninhos","131141","0:3","0","3","30","75","baza_3_7.csv","3.7|924354"
"164","3.7","924355","2026-04-14 17:00","Spulchniona Ziemia","Latające Dżdżownice","140796","Linkin Park United","130617","2:3","2","3","97","111","baza_3_7.csv","3.7|924355"
"164","3.7","924356","2026-04-14 17:00","Hala Orłów","Orły","137486","Mighty Bears","130513","0:3","0","3","54","75","baza_3_7.csv","3.7|924356"
"164","3.7","924357","2026-04-14 17:00","GROZA","Dąbrowskie Pioruny","140781","BKS Visła Bydgoszcz","131284","0:3","0","3","6","75","baza_3_7.csv","3.7|924357"
"164","3.7","924358","2026-04-14 17:00","Arena Wielkoludów","Błysk2","131225","Ghrum","130784","0:3","0","3","66","83","baza_3_7.csv","3.7|924358"
"164","3.7","924359","2026-04-14 17:00","Janów Darbaz","SDJ Janów","131251","LKS Rotavia Nieporęt","128730","0:3","0","3","67","75","baza_3_7.csv","3.7|924359"
"164","3.7","924360","2026-04-14 17:00","FFP Arena","FFP Virtual Volley","130573","Dyliżans Brzózka","137454","0:3","0","3","20","75","baza_3_7.csv","3.7|924360"
"164","3.8","924593","2026-04-14 17:00","Hala Energia","PGE GIEK Skra Bełchatów","130721","Stilon Gorzów","130891","1:3","1","3","80","97","baza_3_8.csv","3.8|924593"
"164","3.8","924594","2026-04-14 17:00","Na Hasioku","Jang Tim","128677","Aptekarz Tylmanowa","128720","3:2","3","2","109","92","baza_3_8.csv","3.8|924594"
"164","3.8","924595","2026-04-14 17:00","Rock Arena","Rockers Wrocław","128605","Volley Królewscy Jedlnia","130524","3:2","3","2","95","91","baza_3_8.csv","3.8|924595"
"164","3.8","924596","2026-04-14 17:00","Arena Toruń","Anioły Toruń","130514","Budowlani Łódź","128736","0:3","0","3","21","75","baza_3_8.csv","3.8|924596"
"164","3.8","924597","2026-04-14 17:00","HALA CENTRUM","MKS Dąbrowa Górnicza","128800","Przebój Wolbrom","130621","0:3","0","3","41","75","baza_3_8.csv","3.8|924597"
"164","3.8","924598","2026-04-14 17:00","zAKSA ARENA","ZAKSA ŚWINOUJŚCIE","130896","Fc Kiciusie","140744","3:1","3","1","92","76","baza_3_8.csv","3.8|924598"
"164","3.8","924599","2026-04-14 17:00","Fc","Fc Albatros","131276","KndSynu Cios","137411","0:3","0","3","37","75","baza_3_8.csv","3.8|924599"
"164","3.8","924600","2026-04-14 17:00","Américain Airlines Center","Dallas Mavericks","128666","AZS PRIME Olsztyn","137361","0:3","0","3","43","75","baza_3_8.csv","3.8|924600"
"164","3.9","924833","2026-04-14 17:00","HalaAT","ActiVeTeam","128702","Volley Team Piotrków Tryb.","128724","3:1","3","1","98","79","baza_3_9.csv","3.9|924833"
"164","3.9","924834","2026-04-14 17:00","OSiR","Zaksa Mszczonów","130593","Volleyball Szubin Team","128579","0:3","0","3","55","75","baza_3_9.csv","3.9|924834"
"164","3.9","924835","2026-04-14 17:00","OSiR Golub-Dobrzyń","Zamek Golub-Dobrzyń","131227","Spartans Volley","130930","3:0","3","0","75","50","baza_3_9.csv","3.9|924835"
"164","3.9","924836","2026-04-14 17:00","Hall of Glory","Galaxia Kwielice","130973","ZYX","131059","0:3","0","3","42","75","baza_3_9.csv","3.9|924836"
"164","3.9","924837","2026-04-14 17:00","SGS Arena","SGS Goleniów","137350","Joga Bonito","137493","1:3","1","3","92","92","baza_3_9.csv","3.9|924837"
"164","3.9","924838","2026-04-14 17:00","DORCAN","GSY","130525","Sardegna Volley","137467","1:3","1","3","82","99","baza_3_9.csv","3.9|924838"
"164","3.9","924839","2026-04-14 17:00","Golasowice","Flying Spiders","140867","SBX TEAM","140751","0:3","0","3","22","75","baza_3_9.csv","3.9|924839"
"164","3.9","924840","2026-04-14 17:00","Malinowa home","Czarni Piasek","128752","Jagiellonia Białystok","140856","3:0","3","0","75","32","baza_3_9.csv","3.9|924840"
"164","3.10","925073","2026-04-14 17:00","Hala sportowa w Paterku ul. Kcyńska 6A","TKS Jelenie Studzienki","130939","JednakGramy","128768","3:2","3","2","114","105","baza_3_10.csv","3.10|925073"
"164","3.10","925074","2026-04-14 17:00","Arena Baranów","KS Strużanka Baranów","130994","Bydgoszcz Baki","128616","0:3","0","3","37","75","baza_3_10.csv","3.10|925074"
"164","3.10","925075","2026-04-14 17:00","Osir","Pancio","128750","Złote Orły","131740","0:3","0","3","64","81","baza_3_10.csv","3.10|925075"
"164","3.10","925076","2026-04-14 17:00","Fire Ball Arena","Hot Volley Nysa","128630","Polish Wolves","131258","1:3","1","3","82","102","baza_3_10.csv","3.10|925076"
"164","3.10","925077","2026-04-14 17:00","Hala Urania","Indykpol AZS Olsztyn","128620","GPT Mysłowice","128747","3:2","3","2","106","101","baza_3_10.csv","3.10|925077"
"164","3.10","925078","2026-04-14 17:00","AWZAN 271","KK271","141054","Kopernik Toruń","130739","0:3","0","3","21","75","baza_3_10.csv","3.10|925078"
"164","3.10","925079","2026-04-14 17:00","ŁOWICZ ARENA","UKS BŁYSKAWICA ŁOWICZ","130699","TSW Wisła Kraków","151056","0:3","0","3","52","75","baza_3_10.csv","3.10|925079"
"164","3.10","925080","2026-04-14 17:00","Hala Widowiskowa BBOSiR","BBTS Bielsko-Biała","137383","Tigers","128634","3:0","3","0","75","34","baza_3_10.csv","3.10|925080"
"164","3.11","925313","2026-04-14 17:00","Pogoń Arena","Pogoń Portowcy","131768","Kolorowe Rumaki","131164","0:3","0","3","43","75","baza_3_11.csv","3.11|925313"
"164","3.11","925314","2026-04-14 17:00","PauPau Arena","PauPau","140825","Brute Force","130978","3:2","3","2","108","97","baza_3_11.csv","3.11|925314"
"164","3.11","925315","2026-04-14 17:00","Arena Wieluń","Seniorzy Wieluń","130519","AKS Andrut Kalisz 🧇","128789","3:2","3","2","105","90","baza_3_11.csv","3.11|925315"
"164","3.11","925316","2026-04-14 17:00","Kasztan","Kasztaniaki","131735","Latające Imadła","131022","0:3","0","3","38","75","baza_3_11.csv","3.11|925316"
"164","3.11","925317","2026-04-14 17:00","Hala Orzełek","Orzełki Team","137444","ScorpioN","128617","0:3","0","3","39","75","baza_3_11.csv","3.11|925317"
"164","3.11","925318","2026-04-14 17:00","Crusaders Hall","KS Crusaders","137439","Team WWW","131066","0:3","0","3","32","75","baza_3_11.csv","3.11|925318"
"164","3.11","925319","2026-04-14 17:00","Tujniczanka-Łosmanat","FC Łosarnia Tujsk","140910","Enea PTPS Piła","128646","3:0","3","0","75","21","baza_3_11.csv","3.11|925319"
"164","3.11","925320","2026-04-14 17:00","Decha Arena","Gwoździe","140812","NIELOTY GDAŃSK","130946","3:1","3","1","99","65","baza_3_11.csv","3.11|925320"
"164","3.12","925553","2026-04-14 17:00","Bagno","The Ops","131290","🌳Leśne Ludki🌳","131712","3:0","3","0","75","48","baza_3_12.csv","3.12|925553"
"164","3.12","925554","2026-04-14 17:00","Losir Luboń","Acapulco Stalion","128733","Zawisza Olsztyn","128659","1:3","1","3","70","98","baza_3_12.csv","3.12|925554"
"164","3.12","925555","2026-04-14 17:00","Sparta","300-stuSpartan","137376","Volley Master","130507","0:3","0","3","61","75","baza_3_12.csv","3.12|925555"
"164","3.12","925556","2026-04-14 17:00","Masuria Palace","ARM Volley","137419","Ipsarion","140952","0:3","0","3","55","75","baza_3_12.csv","3.12|925556"
"164","3.12","925557","2026-04-14 17:00","Immobile Kowary","Olimpia Kowary","137420","KS Konarzewo","137342","0:3","0","3","15","75","baza_3_12.csv","3.12|925557"
"164","3.12","925558","2026-04-14 17:00","Arena Zawiercie","Warta Zawiercie","130562","Yu-Gi-Oh!","131717","0:3","0","3","41","75","baza_3_12.csv","3.12|925558"
"164","3.12","925559","2026-04-14 17:00","Aciu Hall","Aciu Team","131157","Anię dopadła grypa","140870","0:3","0","3","35","75","baza_3_12.csv","3.12|925559"
"164","3.12","925560","2026-04-14 17:00","Niebieskie Piekło","Lube Rzeszów","130863","Braniewo Volley","141119","1:3","1","3","94","105","baza_3_12.csv","3.12|925560"
"164","3.13","925793","2026-04-14 17:00","TUR TUREK KOCIOŁ SILNIK PODKRĘCONY TEJ","☣️ MY TU TEGO BAGNO 💩💩    🔝","130911","PolskieOrły","128769","3:1","3","1","92","84","baza_3_13.csv","3.13|925793"
"164","3.13","925794","2026-04-14 17:00","Rat Arena","🐀Ratty Rattas🐀","128707","ProgressTeam","128806","3:1","3","1","96","89","baza_3_13.csv","3.13|925794"
"164","3.13","925795","2026-04-14 17:00","Szczoty","Spartakus Radom","131248","Aleleble","128628","1:3","1","3","84","99","baza_3_13.csv","3.13|925795"
"164","3.13","925796","2026-04-14 17:00","Szmulki","Szmulki","140963","Brave Vikings","131709","0:3","0","3","13","75","baza_3_13.csv","3.13|925796"
"164","3.13","925797","2026-04-14 17:00","Hala Cześniosko","LKS  ASERTO Trześń","131723","Raven","140853","0:3","0","3","52","75","baza_3_13.csv","3.13|925797"
"164","3.13","925798","2026-04-14 17:00","Leszno Arena","Unia Leszno","131196","MKS ŁĘCZYCA","128741","2:3","2","3","88","111","baza_3_13.csv","3.13|925798"
"164","3.13","925799","2026-04-14 17:00","Olkop Arena","Trentino Młodzieszyn","128599","Red Devils","128725","0:3","0","3","35","75","baza_3_13.csv","3.13|925799"
"164","3.13","925800","2026-04-14 17:00","TwentyFive.pl","TwentyFive.pl","130518","Sędziowie Bydgoszcz","140960","3:0","3","0","75","17","baza_3_13.csv","3.13|925800"
"164","3.14","926033","2026-04-14 17:00","Lions Stadium","Lajony Kingzz","131747","III Piastowskie","130858","3:0","3","0","75","47","baza_3_14.csv","3.14|926033"
"164","3.14","926034","2026-04-14 17:00","pONczek Arena","pONczek Team","130540","KS Brzeziny","128710","0:3","0","3","53","75","baza_3_14.csv","3.14|926034"
"164","3.14","926035","2026-04-14 17:00","Shtosee Sky arena","Shtosee volley team","128680","Arbuzy i Kebaby","130611","0:3","0","3","53","76","baza_3_14.csv","3.14|926035"
"164","3.14","926036","2026-04-14 17:00","Kubikownia","Kubiki","130510","Hit Happens","131734","0:3","0","3","47","75","baza_3_14.csv","3.14|926036"
"164","3.14","926037","2026-04-14 17:00","Hala Grabów Stadium","KS GRABÓW","130543","Mierzwicanka Mierzwice","130539","0:3","0","3","39","75","baza_3_14.csv","3.14|926037"
"164","3.14","926038","2026-04-14 17:00","Energia","BT ENERGIA","137456","Farciarze FC","128734","0:3","0","3","19","75","baza_3_14.csv","3.14|926038"
"164","3.14","926039","2026-04-14 17:00","SANTIAGO BERNABEU","NTS NAKŁO NAD NOTECIĄ","128729","Zryw","141102","0:3","0","3","56","75","baza_3_14.csv","3.14|926039"
"164","3.14","926040","2026-04-14 17:00","Osir Trzemeszno","Skra Trzemeszno","131217","Kanzas Foxx","137481","3:0","3","0","75","35","baza_3_14.csv","3.14|926040"
"164","3.15","926273","2026-04-14 17:00","MotoArena","FC Świętopełka 🔥","128802","G.T.S. Unia Choceń","128749","3:0","3","0","76","64","baza_3_15.csv","3.15|926273"
"164","3.15","926274","2026-04-14 17:00","JaqbArena","JaqbTeam","128695","Finlandia Opole Lubelskie","130910","3:0","3","0","75","10","baza_3_15.csv","3.15|926274"
"164","3.15","926275","2026-04-14 17:00","MakosHall","Makosiki","128780","Victoria Dobra","131261","2:3","2","3","110","110","baza_3_15.csv","3.15|926275"
"164","3.15","926276","2026-04-14 17:00","Hala Sportowa Okalew","KS Okalew","131073","Lech Sulechów","128625","3:0","3","0","75","38","baza_3_15.csv","3.15|926276"
"164","3.15","926277","2026-04-14 17:00","Misiakowo","Gumi-Misie","131244","W124","137366","3:2","3","2","111","103","baza_3_15.csv","3.15|926277"
"164","3.15","926278","2026-04-14 17:00","Ultras Hall","Fenix Siennica","130586","Śląskie Burrito","131722","0:3","0","3","50","75","baza_3_15.csv","3.15|926278"
"164","3.15","926279","2026-04-14 17:00","Sportowa","LTS Feniks Leżajsk","141106","Ks Kedzierzyn","128713","3:2","3","2","103","93","baza_3_15.csv","3.15|926279"
"164","3.15","926280","2026-04-14 17:00","Urania","AZT Tytan Czestochowa","128743","Wierzeje","141108","3:0","3","0","75","21","baza_3_15.csv","3.15|926280"
"164","3.16","926513","2026-04-14 17:00","DONUT","V-DRIFTERS","131254","Blackburn Toruń","128601","1:3","1","3","69","97","baza_3_16.csv","3.16|926513"
"164","3.16","926514","2026-04-14 17:00","Camp Nou","Lance Armstrong","131718","Złote Wilki","128790","3:1","3","1","95","91","baza_3_16.csv","3.16|926514"
"164","3.16","926515","2026-04-14 17:00","poezyje","sanah","131179","Znienacka team","130933","3:1","3","1","96","83","baza_3_16.csv","3.16|926515"
"164","3.16","926516","2026-04-14 17:00","HalaGT","GizoTeam","128693","AquaSharks","128771","1:3","1","3","66","96","baza_3_16.csv","3.16|926516"
"164","3.16","926517","2026-04-14 17:00","San","Juve","131236","PGJ Azoty","130845","0:3","0","3","39","75","baza_3_16.csv","3.16|926517"
"164","3.16","926518","2026-04-14 17:00","Knights Arena","🪿⎛⎝( ` ᢍ ´ )⎠⎞ᵐᵘʰᵃʰᵃ🦇","131021","La Vida Loca","131011","3:0","3","0","75","8","baza_3_16.csv","3.16|926518"
"164","3.16","926519","2026-04-14 17:00","Die Freie Stadt Danzig Sporthalle","Die Freie Stadt Danzig","130661","Gryf Policzna","140747","2:3","2","3","102","110","baza_3_16.csv","3.16|926519"
"164","3.16","926520","2026-04-14 17:00","Spodek Głuchołazy","Zadar Głuchołazy","128664","PKS Choszczno","140884","0:3","0","3","51","75","baza_3_16.csv","3.16|926520"
"164","1.1","921705","2026-04-12 19:00","Dano Arena!","Dano Dream Team","130607","Incognito Volley","128619","3:0","3","0","75","60","baza_1_1.csv","1.1|921705"
"164","1.1","921706","2026-04-12 19:00","Hala Widowiskowo-Sportowa \""AZOTY\""","ZAKSA Bochotnica","128722","Go Tigers","128631","3:2","3","2","112","109","baza_1_1.csv","1.1|921706"
"164","1.1","921707","2026-04-12 19:00","The Orchid","DHARMA Initiative","128577","Penguin Małomice","128781","3:2","3","2","112","103","baza_1_1.csv","1.1|921707"
"164","1.1","921708","2026-04-12 19:00","Mordor","Kuźnia Byków","130744","Wratislawia Wrocław","128772","3:0","3","0","75","53","baza_1_1.csv","1.1|921708"
"164","1.1","921709","2026-04-12 19:00","GOSTiR Rzgów","AKS Volley Łódź","131002","Volleyball Team Zduńska Wola","128603","3:0","3","0","80","71","baza_1_1.csv","1.1|921709"
"164","1.1","921710","2026-04-12 19:00","Qweta","VC Kittens","128580","Tsunami Rzeplin","128717","3:0","3","0","75","44","baza_1_1.csv","1.1|921710"
"164","1.1","921711","2026-04-12 19:00","Wioska Smerfów","Smerfy","128764","Dzikie Rumaxy","128638","2:3","2","3","102","110","baza_1_1.csv","1.1|921711"
"164","1.1","921712","2026-04-12 19:00","Kudahuvadhoo 🏝️","Carplife 🇵🇱","130954","Pilica Koniecpol","130885","0:3","0","3","58","76","baza_1_1.csv","1.1|921712"
"164","2.1","921945","2026-04-12 19:00","Krzywuchowe Moczary","Velen Volleyball Club","128684","CYTRYNIEC CHIŃSKI","130809","3:1","3","1","99","81","baza_2_1.csv","2.1|921945"
"164","2.1","921946","2026-04-12 19:00","Parkhead","Celtic VC","128735","Pogromcy Gdańsk","131205","3:1","3","1","93","73","baza_2_1.csv","2.1|921946"
"164","2.1","921947","2026-04-12 19:00","Silver Hall","Silver Arsenal","130505","Błyskawica Janów","131242","3:2","3","2","107","107","baza_2_1.csv","2.1|921947"
"164","2.1","921948","2026-04-12 19:00","Mleczne Arena","Sprzeda Mecz","128663","Libero Gorzków","128703","3:0","3","0","75","50","baza_2_1.csv","2.1|921948"
"164","2.1","921949","2026-04-12 19:00","Ośrodek Karny Rivii Arena 🎯","Smerfy z Rivii ⚔️⚔️🛡️","130934","Hydra VT Gdańsk","128612","1:3","1","3","87","102","baza_2_1.csv","2.1|921949"
"164","2.1","921950","2026-04-12 19:00","Field House","Miesiany Miesiany","128676","Young Team","128708","3:0","3","0","75","40","baza_2_1.csv","2.1|921950"
"164","2.1","921951","2026-04-12 19:00","Ping Pong Arena","Najlepsi z Najlepszych","130520","CF Mleczne Olsztyn","128668","3:1","3","1","97","88","baza_2_1.csv","2.1|921951"
"164","2.1","921952","2026-04-12 19:00","LukArena","LukTeam","131134","Saracens","128615","3:1","3","1","91","80","baza_2_1.csv","2.1|921952"
"164","2.2","922185","2026-04-12 19:00","Blok Centralny","Zakład Karny w Strzelinie","128751","Ranczo Wilkowyje","130915","1:3","1","3","98","99","baza_2_2.csv","2.2|922185"
"164","2.2","922186","2026-04-12 19:00","Wild Hall","Thorn Lynxes","131219","Millennium Siemianowice","130955","0:3","0","3","43","75","baza_2_2.csv","2.2|922186"
"164","2.2","922187","2026-04-12 19:00","Mroczna Arena","👽Strażnicy Cienia👽","128711","AJAX PIASTY","130797","2:3","2","3","100","108","baza_2_2.csv","2.2|922187"
"164","2.2","922188","2026-04-12 19:00","Chausseestrasse arena","Rutz","130854","Nosmeisy","128686","3:2","3","2","102","99","baza_2_2.csv","2.2|922188"
"164","2.2","922189","2026-04-12 19:00","MAKDOM ARENA","MAKDOM","128660","Bydgoszcz Spartans","128726","3:0","3","0","75","56","baza_2_2.csv","2.2|922189"
"164","2.2","922190","2026-04-12 19:00","LEGO Arena","Czorty Chorzów","130959","Silver Sharks Lublin 🦈","128674","2:3","2","3","100","101","baza_2_2.csv","2.2|922190"
"164","2.2","922191","2026-04-12 19:00","Olimp Arena","UKS Olimp Ostrołęka","128604","RKS","128588","3:0","3","0","75","41","baza_2_2.csv","2.2|922191"
"164","2.2","922192","2026-04-12 19:00","Siatkarskie Podlasie","SiatkarskiePodlasie.pl","130565","CSKA Mielec","128613","3:0","3","0","75","45","baza_2_2.csv","2.2|922192"
"164","2.3","922425","2026-04-12 19:00","Ragnarok","Vikings","128756","Projekt Warszawa","128614","3:0","3","0","79","46","baza_2_3.csv","2.3|922425"
"164","2.3","922426","2026-04-12 19:00","Radomskie Centrum Sportu","RCS Czarni Radom","128600","EnergiaPro Gwardia Wrocław","130757","0:3","0","3","47","75","baza_2_3.csv","2.3|922426"
"164","2.3","922427","2026-04-12 19:00","Zoo","Wściekłe Tygrysy","128782","Zabrzański Górnik","128816","0:3","0","3","42","75","baza_2_3.csv","2.3|922427"
"164","2.3","922428","2026-04-12 19:00","Ver","Vernixo","128679","Skoczne Karakany","130767","0:3","0","3","69","77","baza_2_3.csv","2.3|922428"
"164","2.3","922429","2026-04-12 19:00","Kocioł","Budowlani Nysa","130574","Stara Gwardia Nakło ⚔️","128688","3:2","3","2","96","105","baza_2_3.csv","2.3|922429"
"164","2.3","922430","2026-04-12 19:00","Silver Pearl Stadium","KS Budowlani Kołacin 👷🏻","128629","Polonia Bytom","130871","3:0","3","0","76","60","baza_2_3.csv","2.3|922430"
"164","2.3","922431","2026-04-12 19:00","カラスの巣","Karasuno","128635","KKS Gryf Lębork","128809","0:3","0","3","69","78","baza_2_3.csv","2.3|922431"
"164","2.3","922432","2026-04-12 19:00","Hala im. TW Bolka","Bolek i lolek 🤙","128586","🦣 KS MAMUTY 🦣","130549","3:1","3","1","96","71","baza_2_3.csv","2.3|922432"
"164","2.4","922665","2026-04-12 19:00","In the middle of nowhere","Unknown Team","128636","Sivass-Pol De Mare","128794","1:3","1","3","80","100","baza_2_4.csv","2.4|922665"
"164","2.4","922666","2026-04-12 19:00","Torwar","Vamos","128714","Pioruny  i Grzmoty","130966","3:0","3","0","77","49","baza_2_4.csv","2.4|922666"
"164","2.4","922667","2026-04-12 19:00","Aviator arena","BH STAL MIELEC","130769","KS Kawoholicy","131724","1:3","1","3","96","101","baza_2_4.csv","2.4|922667"
"164","2.4","922668","2026-04-12 19:00","Może zagram","Fc MiSieNieChce","130908","QUEERTISONEK TEAM","131147","0:3","0","3","27","75","baza_2_4.csv","2.4|922668"
"164","2.4","922669","2026-04-12 19:00","Bystra Bochotnica Arena","Bystra Bochotnica","128657","Turbo Śpiochy","128578","3:1","3","1","98","73","baza_2_4.csv","2.4|922669"
"164","2.4","922670","2026-04-12 19:00","Mozt","TEXańska Masakra Piłą Ręczną","131293","Alpha","131086","3:2","3","2","104","101","baza_2_4.csv","2.4|922670"
"164","2.4","922671","2026-04-12 19:00","kiczan arena","kiczan team zduńska wola","128596","BKS Białystok","128644","3:1","3","1","98","83","baza_2_4.csv","2.4|922671"
"164","2.4","922672","2026-04-12 19:00","we no WHO U r","massive dongs","128592","Ohana Gliwice","130945","3:0","3","0","75","53","baza_2_4.csv","2.4|922672"
"164","3.1","922905","2026-04-12 17:00","Letalnica","Team Spiryt Chorzów","130958","Zaksa Kędzierzyn - Koźle","131200","3:0","3","0","75","34","baza_3_1.csv","3.1|922905"
"164","3.1","922906","2026-04-12 17:00","Ownz Ya! :: Arena","Team :: Ownz Ya!","130572","Orzeł Grzędzice","128728","3:0","3","0","77","52","baza_3_1.csv","3.1|922906"
"164","3.1","922907","2026-04-12 17:00","SRS Bernabeu","SRS Katarina","137403","Vollley Rybnik","137468","3:0","3","0","75","38","baza_3_1.csv","3.1|922907"
"164","3.1","922908","2026-04-12 17:00","Kamienieckie Doły","Cargo Kamieniec Ząbkowicki","151049","Drużyna Pierścienia","141064","3:0","3","0","75","43","baza_3_1.csv","3.1|922908"
"164","3.1","922909","2026-04-12 17:00","KorpoArena","Korporacja Gwiazd Bezrobocia","128595","Renifers","128675","3:0","3","0","75","51","baza_3_1.csv","3.1|922909"
"164","3.1","922910","2026-04-12 17:00","TU Arena","TaUrsy","130537","Avengers","130920","0:3","0","3","8","75","baza_3_1.csv","3.1|922910"
"164","3.1","922911","2026-04-12 17:00","Nati Memorial Hall","⭐ Nati ⭐ 1995 ⭐  ∞  ⭐","130585","Cicely","128704","3:0","3","0","75","33","baza_3_1.csv","3.1|922911"
"164","3.1","922912","2026-04-12 17:00","Celtics Hall","Bochotnica Celtics","128639","PGE Bubisie Bździochy","130773","3:0","3","0","75","51","baza_3_1.csv","3.1|922912"
"164","3.2","923145","2026-04-12 17:00","Malinowe marzenie","Maliniaczki","131020","Huragan Białobrzegi","131065","3:0","3","0","75","18","baza_3_2.csv","3.2|923145"
"164","3.2","923146","2026-04-12 17:00","Stodoła 97","VC  Ziębka Team","130503","Zegrze Nieporęt","131194","3:0","3","0","75","55","baza_3_2.csv","3.2|923146"
"164","3.2","923147","2026-04-12 17:00","Wylęgarnia Potworów","Nocne Potwory","128803","Wiejski Klub Kielno","130498","3:0","3","0","75","28","baza_3_2.csv","3.2|923147"
"164","3.2","923148","2026-04-12 17:00","Storm","WIPP Thunder","128672","GALACTICOS FC","131018","3:0","3","0","75","27","baza_3_2.csv","3.2|923148"
"164","3.2","923149","2026-04-12 17:00","Grota tajemnic","Czarne plamy","128655","CVB Barça","141012","3:0","3","0","75","21","baza_3_2.csv","3.2|923149"
"164","3.2","923150","2026-04-12 17:00","Urania Olsztyn","ChudyTeam","130535","Siatka Krzemieniewo","128597","0:3","0","3","56","75","baza_3_2.csv","3.2|923150"
"164","3.2","923151","2026-04-12 17:00","DZIK ŁÓDŹ ARENA","JTCNW Łódź","131093","Fiorentina Nakło","130905","1:3","1","3","86","98","baza_3_2.csv","3.2|923151"
"164","3.2","923152","2026-04-12 17:00","Arena Chłopów","ChlopkiTeam","128606","Plas Kaźmierz","137421","3:0","3","0","75","64","baza_3_2.csv","3.2|923152"
"164","3.3","923385","2026-04-12 17:00","Phoenix Scene","Phoenix Fire","128687","Zduńska Wola Team","128640","3:0","3","0","75","16","baza_3_3.csv","3.3|923385"
"164","3.3","923386","2026-04-12 17:00","Drink Arena","Drink Team","141020","RINZLER","128627","0:3","0","3","22","75","baza_3_3.csv","3.3|923386"
"164","3.3","923387","2026-04-12 17:00","NiuniuCamp","NiuniuTeam","137395","Kotwica Kołobrzeg","128801","1:3","1","3","93","100","baza_3_3.csv","3.3|923387"
"164","3.3","923388","2026-04-12 17:00","NWWALC Stadium","OFIME Targówek","131746","FC Misieniechce Radom","130676","3:0","3","0","75","10","baza_3_3.csv","3.3|923388"
"164","3.3","923389","2026-04-12 17:00","Dytto","DragonGAYS Polska","130705","KS Zamienie","141062","3:0","3","0","75","16","baza_3_3.csv","3.3|923389"
"164","3.3","923390","2026-04-12 17:00","Urania","Bad Boys Team","128706","!STAL NYSA","130728","3:0","3","0","75","24","baza_3_3.csv","3.3|923390"
"164","3.3","923391","2026-04-12 17:00","Jeżodrom","Jeżomyszy🦔z Marsa🪐","130972","RG Olsztyn","128652","3:0","3","0","75","61","baza_3_3.csv","3.3|923391"
"164","3.3","923392","2026-04-12 17:00","Mazakowa hala sportowa","Mazaki VC","131006","Ale co","128694","1:3","1","3","88","95","baza_3_3.csv","3.3|923392"
"164","3.4","923625","2026-04-12 17:00","Valiant Boys","Valiant Boys","130826","KS Świt Baranowo","128589","2:3","2","3","93","107","baza_3_4.csv","3.4|923625"
"164","3.4","923626","2026-04-12 17:00","GOKSiR Konstancin","IKS Konstancin - Jeziorna","131223","PIAST Strzelce Opolskie","130555","0:3","0","3","49","75","baza_3_4.csv","3.4|923626"
"164","3.4","923627","2026-04-12 17:00","Arena Albigowa","SST SPORTUR GMINA ŁAŃCUT","128795","Potok city","140815","1:3","1","3","82","97","baza_3_4.csv","3.4|923627"
"164","3.4","923628","2026-04-12 17:00","Leszczyny arena","Volley Leszczyny","137412","Choroszcza Olsztyn","130774","3:1","3","1","101","80","baza_3_4.csv","3.4|923628"
"164","3.4","923629","2026-04-12 17:00","Smocza Jama","Smoczy Gród","131131","Asseco Resovia","131163","3:0","3","0","75","13","baza_3_4.csv","3.4|923629"
"164","3.4","923630","2026-04-12 17:00","Los Rakos arena","Los Rakos","137449","toto","128731","3:0","3","0","75","3","baza_3_4.csv","3.4|923630"
"164","3.4","923631","2026-04-12 17:00","Cytrynowe Pandemonium","Sycylijskie Cytryniaki","130704","Trefl Gdańsk Pomorze","130509","3:0","3","0","75","38","baza_3_4.csv","3.4|923631"
"164","3.4","923632","2026-04-12 17:00","Ultras1908","eŁKSa1908","130836","Trefl","131199","3:0","3","0","76","47","baza_3_4.csv","3.4|923632"
"164","3.5","923865","2026-04-12 17:00","Baltic Arena","KKS Kaszubia Kościerzyna","128786","AKS VOLLEY  DOBRA","141110","3:0","3","0","75","26","baza_3_5.csv","3.5|923865"
"164","3.5","923866","2026-04-12 17:00","Dwa słupki i sznurek azt","Aniołki Toruń","130820","Bart Thorn","130726","0:3","0","3","24","75","baza_3_5.csv","3.5|923866"
"164","3.5","923867","2026-04-12 17:00","KSW ARENA","KSW7","140968","AKS Śliw@","128584","3:0","3","0","75","13","baza_3_5.csv","3.5|923867"
"164","3.5","923868","2026-04-12 17:00","Arena Krosno","Iskra Krosno","128667","ULTRAS-PL","130527","3:0","3","0","75","13","baza_3_5.csv","3.5|923868"
"164","3.5","923869","2026-04-12 17:00","Arena Poznań","PGE Skra Poznań","130781","Kosmiczne Mandarynki","128609","3:0","3","0","75","43","baza_3_5.csv","3.5|923869"
"164","3.5","923870","2026-04-12 17:00","Volley Arena","SKS Iłżanka Baranów","128715","RafaTeam Lipusz","130561","3:0","3","0","75","60","baza_3_5.csv","3.5|923870"
"164","3.5","923871","2026-04-12 17:00","Ninjutsu Arena 2024","S-Ninjas","130582","CAMORRA VC","130516","3:0","3","0","77","63","baza_3_5.csv","3.5|923871"
"164","3.5","923872","2026-04-12 17:00","OPOLE_ARENA","OPOLE","130500","VC BORDER","128622","1:3","1","3","93","91","baza_3_5.csv","3.5|923872"
"164","3.6","924105","2026-04-12 17:00","Słomin centre","Projekt Słomin","128700","Są Gorsi","130693","3:0","3","0","75","46","baza_3_6.csv","3.6|924105"
"164","3.6","924106","2026-04-12 17:00","Hala Limanowa","KS Limanowa","140814","SMS Rzeszów","137337","0:3","0","3","58","75","baza_3_6.csv","3.6|924106"
"164","3.6","924107","2026-04-12 17:00","Arena Twierdza","Twierdza Teodorówka","130591","Pogoń Żubr","130564","3:0","3","0","75","42","baza_3_6.csv","3.6|924107"
"164","3.6","924108","2026-04-12 17:00","Strongman Arena","RTS.Strongman Małecz","130601","Kudowianka Kudowa-Zdrój","131235","2:3","2","3","100","103","baza_3_6.csv","3.6|924108"
"164","3.6","924109","2026-04-12 17:00","Ceremony Place Soreide","Groszowice Soreide","130604","Young Team Reaktywacja","140951","3:0","3","0","75","45","baza_3_6.csv","3.6|924109"
"164","3.6","924110","2026-04-12 17:00","Arena Siemianowice","MKS Siemianowice","128799","Ikjas Toruń","131062","3:0","3","0","75","26","baza_3_6.csv","3.6|924110"
"164","3.6","924111","2026-04-12 17:00","Olle hall","Victoria Wałbrzych","128774","Browary Hills","130979","3:1","3","1","99","88","baza_3_6.csv","3.6|924111"
"164","3.6","924112","2026-04-12 17:00","The Others Arena","Black Smoke","137347","KS Jastrzębie","130545","3:0","3","0","75","66","baza_3_6.csv","3.6|924112"
"164","3.7","924345","2026-04-12 17:00","San Siro","Stocznia Gdańsk","130595","Dyliżans Brzózka","137454","3:0","3","0","75","45","baza_3_7.csv","3.7|924345"
"164","3.7","924346","2026-04-12 17:00","Rotavia Arena","LKS Rotavia Nieporęt","128730","FFP Virtual Volley","130573","3:0","3","0","75","9","baza_3_7.csv","3.7|924346"
"164","3.7","924347","2026-04-12 17:00","Haba","Ghrum","130784","SDJ Janów","131251","0:3","0","3","52","75","baza_3_7.csv","3.7|924347"
"164","3.7","924348","2026-04-12 17:00","Immobile Łuczniczka","BKS Visła Bydgoszcz","131284","Błysk2","131225","3:2","3","2","102","103","baza_3_7.csv","3.7|924348"
"164","3.7","924349","2026-04-12 17:00","Reksio Arena","Mighty Bears","130513","Dąbrowskie Pioruny","140781","3:0","3","0","75","21","baza_3_7.csv","3.7|924349"
"164","3.7","924350","2026-04-12 17:00","Meteora Arena","Linkin Park United","130617","Orły","137486","3:0","3","0","75","49","baza_3_7.csv","3.7|924350"
"164","3.7","924351","2026-04-12 17:00","Spodek Viadukt","Volania Jeleninhos","131141","Latające Dżdżownice","140796","3:2","3","2","110","99","baza_3_7.csv","3.7|924351"
"164","3.8","924585","2026-04-12 17:00","Stilon Arena","Stilon Gorzów","130891","AZS PRIME Olsztyn","137361","3:0","3","0","75","15","baza_3_8.csv","3.8|924585"
"164","3.8","924586","2026-04-12 17:00","KND Arena","KndSynu Cios","137411","Dallas Mavericks","128666","3:0","3","0","75","19","baza_3_8.csv","3.8|924586"
"164","3.8","924587","2026-04-12 17:00","Kiciniowo","Fc Kiciusie","140744","Fc Albatros","131276","1:3","1","3","83","98","baza_3_8.csv","3.8|924587"
"164","3.8","924588","2026-04-12 17:00","Hell","Przebój Wolbrom","130621","ZAKSA ŚWINOUJŚCIE","130896","3:0","3","0","75","30","baza_3_8.csv","3.8|924588"
"164","3.8","924589","2026-04-12 17:00","Fabryczna Union Arena","Budowlani Łódź","128736","MKS Dąbrowa Górnicza","128800","3:0","3","0","75","26","baza_3_8.csv","3.8|924589"
"164","3.8","924590","2026-04-12 17:00","Kolonia Arena","Volley Królewscy Jedlnia","130524","Anioły Toruń","130514","3:0","3","0","75","12","baza_3_8.csv","3.8|924590"
"164","3.8","924591","2026-04-12 17:00","Tylmanowa Arena","Aptekarz Tylmanowa","128720","Rockers Wrocław","128605","3:2","3","2","101","102","baza_3_8.csv","3.8|924591"
"164","3.8","924592","2026-04-12 17:00","Hala Energia","PGE GIEK Skra Bełchatów","130721","Jang Tim","128677","2:3","2","3","109","102","baza_3_8.csv","3.8|924592"
"164","3.9","924825","2026-04-12 17:00","Hala Relax","Volley Team Piotrków Tryb.","128724","Jagiellonia Białystok","140856","3:0","3","0","75","22","baza_3_9.csv","3.9|924825"
"164","3.9","924826","2026-04-12 17:00","Hala Brzeziny","SBX TEAM","140751","Czarni Piasek","128752","3:0","3","0","75","50","baza_3_9.csv","3.9|924826"
"164","3.9","924827","2026-04-12 17:00","Sardegna Hall","Sardegna Volley","137467","Flying Spiders","140867","3:0","3","0","75","17","baza_3_9.csv","3.9|924827"
"164","3.9","924828","2026-04-12 17:00","Bonito Arena","Joga Bonito","137493","GSY","130525","3:1","3","1","94","82","baza_3_9.csv","3.9|924828"
"164","3.9","924829","2026-04-12 17:00","XYZ","ZYX","131059","SGS Goleniów","137350","3:1","3","1","97","84","baza_3_9.csv","3.9|924829"
"164","3.9","924830","2026-04-12 17:00","Volley Citadel","Spartans Volley","130930","Galaxia Kwielice","130973","3:0","3","0","75","40","baza_3_9.csv","3.9|924830"
"164","3.9","924831","2026-04-12 17:00","VST Hala Sportowa","Volleyball Szubin Team","128579","Zamek Golub-Dobrzyń","131227","1:3","1","3","98","93","baza_3_9.csv","3.9|924831"
"164","3.9","924832","2026-04-12 17:00","HalaAT","ActiVeTeam","128702","Zaksa Mszczonów","130593","3:0","3","0","75","49","baza_3_9.csv","3.9|924832"
"164","3.10","925065","2026-04-12 17:00","JednakGramy Arena","JednakGramy","128768","Tigers","128634","3:0","3","0","75","11","baza_3_10.csv","3.10|925065"
"164","3.10","925066","2026-04-12 17:00","R22","TSW Wisła Kraków","151056","BBTS Bielsko-Biała","137383","3:0","3","0","75","41","baza_3_10.csv","3.10|925066"
"164","3.10","925067","2026-04-12 17:00","Piernik Arena","Kopernik Toruń","130739","UKS BŁYSKAWICA ŁOWICZ","130699","3:0","3","0","75","49","baza_3_10.csv","3.10|925067"
"164","3.10","925068","2026-04-12 17:00","Osyra Stadion","GPT Mysłowice","128747","KK271","141054","3:0","3","0","75","21","baza_3_10.csv","3.10|925068"
"164","3.10","925069","2026-04-12 17:00","Wataha","Polish Wolves","131258","Indykpol AZS Olsztyn","128620","3:0","3","0","75","40","baza_3_10.csv","3.10|925069"
"164","3.10","925070","2026-04-12 17:00","Stadion Złotych Orłów","Złote Orły","131740","Hot Volley Nysa","128630","2:3","2","3","113","119","baza_3_10.csv","3.10|925070"
"164","3.10","925071","2026-04-12 17:00","Crucible","Bydgoszcz Baki","128616","Pancio","128750","3:0","3","0","75","50","baza_3_10.csv","3.10|925071"
"164","3.10","925072","2026-04-12 17:00","Hala sportowa w Paterku ul. Kcyńska 6A","TKS Jelenie Studzienki","130939","KS Strużanka Baranów","130994","3:1","3","1","94","75","baza_3_10.csv","3.10|925072"
"164","3.11","925305","2026-04-12 17:00","Stajnia Jednorożców","Kolorowe Rumaki","131164","NIELOTY GDAŃSK","130946","3:0","3","0","75","20","baza_3_11.csv","3.11|925305"
"164","3.11","925306","2026-04-12 17:00","hala MOSiR","Enea PTPS Piła","128646","Gwoździe","140812","0:3","0","3","45","75","baza_3_11.csv","3.11|925306"
"164","3.11","925307","2026-04-12 17:00","Arena W","Team WWW","131066","FC Łosarnia Tujsk","140910","3:0","3","0","75","46","baza_3_11.csv","3.11|925307"
"164","3.11","925308","2026-04-12 17:00","Szklanka Wódki xD","ScorpioN","128617","KS Crusaders","137439","3:0","3","0","75","24","baza_3_11.csv","3.11|925308"
"164","3.11","925309","2026-04-12 17:00","Upadła Arena","Latające Imadła","131022","Orzełki Team","137444","3:0","3","0","75","26","baza_3_11.csv","3.11|925309"
"164","3.11","925310","2026-04-12 17:00","Hala Chrupnięcia","AKS Andrut Kalisz 🧇","128789","Kasztaniaki","131735","3:0","3","0","75","46","baza_3_11.csv","3.11|925310"
"164","3.11","925311","2026-04-12 17:00","Brute Force Arena","Brute Force","130978","Seniorzy Wieluń","130519","3:0","3","0","75","55","baza_3_11.csv","3.11|925311"
"164","3.11","925312","2026-04-12 17:00","Pogoń Arena","Pogoń Portowcy","131768","PauPau","140825","3:2","3","2","102","93","baza_3_11.csv","3.11|925312"
"164","3.12","925545","2026-04-12 17:00","Sparbanken Skåne Arena","🌳Leśne Ludki🌳","131712","Braniewo Volley","141119","3:0","3","0","75","35","baza_3_12.csv","3.12|925545"
"164","3.12","925546","2026-04-12 17:00","Prognozy dzisiaj nie będzie","Anię dopadła grypa","140870","Lube Rzeszów","130863","0:3","0","3","44","75","baza_3_12.csv","3.12|925546"
"164","3.12","925547","2026-04-12 17:00","Match Of The Millennium","Yu-Gi-Oh!","131717","Aciu Team","131157","3:0","3","0","75","21","baza_3_12.csv","3.12|925547"
"164","3.12","925548","2026-04-12 17:00","Konarzewo Arena","KS Konarzewo","137342","Warta Zawiercie","130562","3:0","3","0","75","46","baza_3_12.csv","3.12|925548"
"164","3.12","925549","2026-04-12 17:00","Ipsarion","Ipsarion","140952","Olimpia Kowary","137420","3:0","3","0","75","23","baza_3_12.csv","3.12|925549"
"164","3.12","925550","2026-04-12 17:00","Lesko Arena","Volley Master","130507","ARM Volley","137419","3:0","3","0","75","38","baza_3_12.csv","3.12|925550"
"164","3.12","925551","2026-04-12 17:00","Hala Urania of City Olsztyn","Zawisza Olsztyn","128659","300-stuSpartan","137376","2:3","2","3","110","104","baza_3_12.csv","3.12|925551"
"164","3.12","925552","2026-04-12 17:00","Bagno","The Ops","131290","Acapulco Stalion","128733","3:1","3","1","90","76","baza_3_12.csv","3.12|925552"
"164","3.13","925785","2026-04-12 17:00","Orły hall","PolskieOrły","128769","Sędziowie Bydgoszcz","140960","3:0","3","0","75","3","baza_3_13.csv","3.13|925785"
"164","3.13","925786","2026-04-12 17:00","RD Arena","Red Devils","128725","TwentyFive.pl","130518","3:0","3","0","75","54","baza_3_13.csv","3.13|925786"
"164","3.13","925787","2026-04-12 17:00","MKS1956","MKS ŁĘCZYCA","128741","Trentino Młodzieszyn","128599","3:0","3","0","75","17","baza_3_13.csv","3.13|925787"
"164","3.13","925788","2026-04-12 17:00","Lokomotiv Plzen","Raven","140853","Unia Leszno","131196","3:0","3","0","75","43","baza_3_13.csv","3.13|925788"
"164","3.13","925789","2026-04-12 17:00","Valhalla","Brave Vikings","131709","LKS  ASERTO Trześń","131723","3:0","3","0","75","23","baza_3_13.csv","3.13|925789"
"164","3.13","925790","2026-04-12 17:00","Im. Św. Qbiniego","Aleleble","128628","Szmulki","140963","3:0","3","0","75","28","baza_3_13.csv","3.13|925790"
"164","3.13","925791","2026-04-12 17:00","Progress Arena","ProgressTeam","128806","Spartakus Radom","131248","0:3","0","3","65","81","baza_3_13.csv","3.13|925791"
"164","3.13","925792","2026-04-12 17:00","TUR TUREK KOCIOŁ SILNIK PODKRĘCONY TEJ","☣️ MY TU TEGO BAGNO 💩💩    🔝","130911","🐀Ratty Rattas🐀","128707","3:0","3","0","78","64","baza_3_13.csv","3.13|925792"
"164","3.14","926025","2026-04-12 17:00","Dąbrówka Arena","III Piastowskie","130858","Kanzas Foxx","137481","3:0","3","0","75","20","baza_3_14.csv","3.14|926025"
"164","3.14","926026","2026-04-12 17:00",".......","Zryw","141102","Skra Trzemeszno","131217","3:2","3","2","100","105","baza_3_14.csv","3.14|926026"
"164","3.14","926027","2026-04-12 17:00","Hala FC","Farciarze FC","128734","NTS NAKŁO NAD NOTECIĄ","128729","3:0","3","0","75","30","baza_3_14.csv","3.14|926027"
"164","3.14","926028","2026-04-12 17:00","Mierzwice Arena","Mierzwicanka Mierzwice","130539","BT ENERGIA","137456","3:0","3","0","75","28","baza_3_14.csv","3.14|926028"
"164","3.14","926029","2026-04-12 17:00","Hit Dome","Hit Happens","131734","KS GRABÓW","130543","3:0","3","0","75","39","baza_3_14.csv","3.14|926029"
"164","3.14","926030","2026-04-12 17:00","Bebzol","Arbuzy i Kebaby","130611","Kubiki","130510","3:0","3","0","75","34","baza_3_14.csv","3.14|926030"
"164","3.14","926031","2026-04-12 17:00","Old Trafford","KS Brzeziny","128710","Shtosee volley team","128680","3:0","3","0","75","62","baza_3_14.csv","3.14|926031"
"164","3.14","926032","2026-04-12 17:00","Lions Stadium","Lajony Kingzz","131747","pONczek Team","130540","3:0","3","0","77","50","baza_3_14.csv","3.14|926032"
"164","3.15","926265","2026-04-12 17:00","OSIR ARENA","G.T.S. Unia Choceń","128749","Wierzeje","141108","3:0","3","0","75","27","baza_3_15.csv","3.15|926265"
"164","3.15","926266","2026-04-12 17:00","KS arena","Ks Kedzierzyn","128713","AZT Tytan Czestochowa","128743","0:3","0","3","25","75","baza_3_15.csv","3.15|926266"
"164","3.15","926267","2026-04-12 17:00","Hala Mostowa","Śląskie Burrito","131722","LTS Feniks Leżajsk","141106","1:3","1","3","85","99","baza_3_15.csv","3.15|926267"
"164","3.15","926268","2026-04-12 17:00","Makalamabedi","W124","137366","Fenix Siennica","130586","3:0","3","0","75","17","baza_3_15.csv","3.15|926268"
"164","3.15","926269","2026-04-12 17:00","Estadio zulito","Lech Sulechów","128625","Gumi-Misie","131244","0:3","0","3","46","75","baza_3_15.csv","3.15|926269"
"164","3.15","926270","2026-04-12 17:00","Dobrzynianka","Victoria Dobra","131261","KS Okalew","131073","3:0","3","0","75","26","baza_3_15.csv","3.15|926270"
"164","3.15","926271","2026-04-12 17:00","Kabako Arena","Finlandia Opole Lubelskie","130910","Makosiki","128780","0:3","0","3","3","75","baza_3_15.csv","3.15|926271"
"164","3.15","926272","2026-04-12 17:00","MotoArena","FC Świętopełka 🔥","128802","JaqbTeam","128695","3:2","3","2","110","94","baza_3_15.csv","3.15|926272"
"164","3.16","926505","2026-04-12 17:00","Spożywczak","Blackburn Toruń","128601","PKS Choszczno","140884","3:0","3","0","75","30","baza_3_16.csv","3.16|926505"
"164","3.16","926506","2026-04-12 17:00","Sportowa","Gryf Policzna","140747","Zadar Głuchołazy","128664","3:1","3","1","88","77","baza_3_16.csv","3.16|926506"
"164","3.16","926507","2026-04-12 17:00","Łu tu tu tu","La Vida Loca","131011","Die Freie Stadt Danzig","130661","0:3","0","3","24","75","baza_3_16.csv","3.16|926507"
"164","3.16","926508","2026-04-12 17:00","PRAFIL ARENA","PGJ Azoty","130845","🪿⎛⎝( ` ᢍ ´ )⎠⎞ᵐᵘʰᵃʰᵃ🦇","131021","0:3","0","3","27","75","baza_3_16.csv","3.16|926508"
"164","3.16","926509","2026-04-12 17:00","Arena Łódź Podwodna","AquaSharks","128771","Juve","131236","3:0","3","0","75","24","baza_3_16.csv","3.16|926509"
"164","3.16","926510","2026-04-12 17:00","ZNhala","Znienacka team","130933","GizoTeam","128693","3:0","3","0","75","53","baza_3_16.csv","3.16|926510"
"164","3.16","926511","2026-04-12 17:00","Arena wilków","Złote Wilki","128790","sanah","131179","0:3","0","3","61","76","baza_3_16.csv","3.16|926511"
"164","3.16","926512","2026-04-12 17:00","DONUT","V-DRIFTERS","131254","Lance Armstrong","131718","0:3","0","3","55","75","baza_3_16.csv","3.16|926512"
"164","1.1","921697","2026-04-11 19:00","Bugaj Arena","Pilica Koniecpol","130885","Dano Dream Team","130607","1:3","1","3","79","96","baza_1_1.csv","1.1|921697"
"164","1.1","921698","2026-04-11 19:00","Kanciapa u Tumaxa","Dzikie Rumaxy","128638","Carplife 🇵🇱","130954","3:0","3","0","75","50","baza_1_1.csv","1.1|921698"
"164","1.1","921699","2026-04-11 19:00","Arena of Rzeplin","Tsunami Rzeplin","128717","Smerfy","128764","3:2","3","2","100","103","baza_1_1.csv","1.1|921699"
"164","1.1","921700","2026-04-11 19:00","Hala sportowa w Zduńskiej Woli","Volleyball Team Zduńska Wola","128603","VC Kittens","128580","0:3","0","3","64","78","baza_1_1.csv","1.1|921700"
"164","1.1","921701","2026-04-11 19:00","Arena W-W","Wratislawia Wrocław","128772","AKS Volley Łódź","131002","0:3","0","3","41","75","baza_1_1.csv","1.1|921701"
"164","1.1","921702","2026-04-11 19:00","Ergo Małomice","Penguin Małomice","128781","Kuźnia Byków","130744","1:3","1","3","80","93","baza_1_1.csv","1.1|921702"
"164","1.1","921703","2026-04-11 19:00","Hala Polonia","Go Tigers","128631","DHARMA Initiative","128577","0:3","0","3","57","75","baza_1_1.csv","1.1|921703"
"164","1.1","921704","2026-04-11 19:00","SMA","Incognito Volley","128619","ZAKSA Bochotnica","128722","0:3","0","3","57","75","baza_1_1.csv","1.1|921704"
"164","2.1","921937","2026-04-11 19:00","Piekło","Saracens","128615","Velen Volleyball Club","128684","2:3","2","3","96","115","baza_2_1.csv","2.1|921937"
"164","2.1","921938","2026-04-11 19:00","Urania","CF Mleczne Olsztyn","128668","LukTeam","131134","1:3","1","3","91","98","baza_2_1.csv","2.1|921938"
"164","2.1","921939","2026-04-11 19:00","Szpil Plac u Gerusia","Young Team","128708","Najlepsi z Najlepszych","130520","0:3","0","3","55","75","baza_2_1.csv","2.1|921939"
"164","2.1","921940","2026-04-11 19:00","7l z Pepsi Arena","Hydra VT Gdańsk","128612","Miesiany Miesiany","128676","1:3","1","3","90","93","baza_2_1.csv","2.1|921940"
"164","2.1","921941","2026-04-11 19:00","Hala 134","Libero Gorzków","128703","Smerfy z Rivii ⚔️⚔️🛡️","130934","1:3","1","3","71","95","baza_2_1.csv","2.1|921941"
"164","2.1","921942","2026-04-11 19:00","Janów hall","Błyskawica Janów","131242","Sprzeda Mecz","128663","0:3","0","3","63","82","baza_2_1.csv","2.1|921942"
"164","2.1","921943","2026-04-11 19:00","Pogro Arena","Pogromcy Gdańsk","131205","Silver Arsenal","130505","3:0","3","0","76","45","baza_2_1.csv","2.1|921943"
"164","2.1","921944","2026-04-11 19:00","CYTRYNIEC","CYTRYNIEC CHIŃSKI","130809","Celtic VC","128735","0:3","0","3","45","75","baza_2_1.csv","2.1|921944"
"164","2.2","922177","2026-04-11 19:00","CSKA Arena","CSKA Mielec","128613","Zakład Karny w Strzelinie","128751","2:3","2","3","109","113","baza_2_2.csv","2.2|922177"
"164","2.2","922178","2026-04-11 19:00","Ursus Arena","RKS","128588","SiatkarskiePodlasie.pl","130565","0:3","0","3","51","81","baza_2_2.csv","2.2|922178"
"164","2.2","922179","2026-04-11 19:00","UMCS Hala Sportowa","Silver Sharks Lublin 🦈","128674","UKS Olimp Ostrołęka","128604","1:3","1","3","78","97","baza_2_2.csv","2.2|922179"
"164","2.2","922180","2026-04-11 19:00","Sisu Arena","Bydgoszcz Spartans","128726","Czorty Chorzów","130959","0:3","0","3","54","75","baza_2_2.csv","2.2|922180"
"164","2.2","922181","2026-04-11 19:00","Zimorodek","Nosmeisy","128686","MAKDOM","128660","2:3","2","3","105","108","baza_2_2.csv","2.2|922181"
"164","2.2","922182","2026-04-11 19:00","Piasterdam Stadium","AJAX PIASTY","130797","Rutz","130854","0:3","0","3","59","76","baza_2_2.csv","2.2|922182"
"164","2.2","922183","2026-04-11 19:00","Millennium Arena","Millennium Siemianowice","130955","👽Strażnicy Cienia👽","128711","3:0","3","0","75","47","baza_2_2.csv","2.2|922183"
"164","2.2","922184","2026-04-11 19:00","Hala im. Pawła Kozioła","Ranczo Wilkowyje","130915","Thorn Lynxes","131219","3:0","3","0","75","56","baza_2_2.csv","2.2|922184"
"164","2.3","922417","2026-04-11 19:00","🦣 Mamut Area 🦣","🦣 KS MAMUTY 🦣","130549","Vikings","128756","0:3","0","3","51","75","baza_2_3.csv","2.3|922417"
"164","2.3","922418","2026-04-11 19:00","Hala Gryfia","KKS Gryf Lębork","128809","Bolek i lolek 🤙","128586","2:3","2","3","88","98","baza_2_3.csv","2.3|922418"
"164","2.3","922419","2026-04-11 19:00","Polonijny młyn","Polonia Bytom","130871","Karasuno","128635","1:3","1","3","81","95","baza_2_3.csv","2.3|922419"
"164","2.3","922420","2026-04-11 19:00","Forteca Nakło","Stara Gwardia Nakło ⚔️","128688","KS Budowlani Kołacin 👷🏻","128629","2:3","2","3","96","99","baza_2_3.csv","2.3|922420"
"164","2.3","922421","2026-04-11 19:00","Karakanówka","Skoczne Karakany","130767","Budowlani Nysa","130574","1:3","1","3","78","99","baza_2_3.csv","2.3|922421"
"164","2.3","922422","2026-04-11 19:00","Hala Sportowa w Zabrzu","Zabrzański Górnik","128816","Vernixo","128679","3:1","3","1","97","91","baza_2_3.csv","2.3|922422"
"164","2.3","922423","2026-04-11 19:00","Hala Orbita","EnergiaPro Gwardia Wrocław","130757","Wściekłe Tygrysy","128782","3:0","3","0","75","26","baza_2_3.csv","2.3|922423"
"164","2.3","922424","2026-04-11 19:00","Torwar","Projekt Warszawa","128614","RCS Czarni Radom","128600","3:1","3","1","100","89","baza_2_3.csv","2.3|922424"
"164","2.4","922657","2026-04-11 19:00","Aloha Arena","Ohana Gliwice","130945","Unknown Team","128636","3:0","3","0","75","52","baza_2_4.csv","2.4|922657"
"164","2.4","922658","2026-04-11 19:00","BKS ARENA","BKS Białystok","128644","massive dongs","128592","1:3","1","3","82","94","baza_2_4.csv","2.4|922658"
"164","2.4","922659","2026-04-11 19:00","Alpha Arena","Alpha","131086","kiczan team zduńska wola","128596","0:3","0","3","41","75","baza_2_4.csv","2.4|922659"
"164","2.4","922660","2026-04-11 19:00","wyrko rodzinne","Turbo Śpiochy","128578","TEXańska Masakra Piłą Ręczną","131293","0:3","0","3","45","76","baza_2_4.csv","2.4|922660"
"164","2.4","922661","2026-04-11 19:00","QUEERTISONEK","QUEERTISONEK TEAM","131147","Bystra Bochotnica","128657","0:3","0","3","34","75","baza_2_4.csv","2.4|922661"
"164","2.4","922662","2026-04-11 19:00","Kentucky Coffee Roasters Arena","KS Kawoholicy","131724","Fc MiSieNieChce","130908","3:0","3","0","75","27","baza_2_4.csv","2.4|922662"
"164","2.4","922663","2026-04-11 19:00","Olimp  Arena","Pioruny  i Grzmoty","130966","BH STAL MIELEC","130769","3:2","3","2","114","102","baza_2_4.csv","2.4|922663"
"164","2.4","922664","2026-04-11 19:00","Sportur Astro","Sivass-Pol De Mare","128794","Vamos","128714","3:1","3","1","95","89","baza_2_4.csv","2.4|922664"
"164","3.1","922897","2026-04-11 17:00","Bździochy Arena","PGE Bubisie Bździochy","130773","Team Spiryt Chorzów","130958","1:3","1","3","75","98","baza_3_1.csv","3.1|922897"
"164","3.1","922898","2026-04-11 17:00","Cicely Arena","Cicely","128704","Bochotnica Celtics","128639","0:3","0","3","44","75","baza_3_1.csv","3.1|922898"
"164","3.1","922899","2026-04-11 17:00","Avengers Arena","Avengers","130920","⭐ Nati ⭐ 1995 ⭐  ∞  ⭐","130585","0:3","0","3","43","75","baza_3_1.csv","3.1|922899"
"164","3.1","922900","2026-04-11 17:00","Renifers Hall","Renifers","128675","TaUrsy","130537","3:0","3","0","75","5","baza_3_1.csv","3.1|922900"
"164","3.1","922901","2026-04-11 17:00","Rohan","Drużyna Pierścienia","141064","Korporacja Gwiazd Bezrobocia","128595","0:3","0","3","52","75","baza_3_1.csv","3.1|922901"
"164","3.1","922902","2026-04-11 17:00","Volley Arena","Vollley Rybnik","137468","Cargo Kamieniec Ząbkowicki","151049","0:3","0","3","21","75","baza_3_1.csv","3.1|922902"
"164","3.1","922903","2026-04-11 17:00","Gniazdo","Orzeł Grzędzice","128728","SRS Katarina","137403","0:3","0","3","25","75","baza_3_1.csv","3.1|922903"
"164","3.1","922904","2026-04-11 17:00","Hala Azoty","Zaksa Kędzierzyn - Koźle","131200","Team :: Ownz Ya!","130572","0:3","0","3","20","75","baza_3_1.csv","3.1|922904"
"164","3.2","923137","2026-04-11 17:00","Kaźmierzanka","Plas Kaźmierz","137421","Maliniaczki","131020","3:1","3","1","102","100","baza_3_2.csv","3.2|923137"
"164","3.2","923138","2026-04-11 17:00","LZS ARENA","Fiorentina Nakło","130905","ChlopkiTeam","128606","1:3","1","3","83","97","baza_3_2.csv","3.2|923138"
"164","3.2","923139","2026-04-11 17:00","Hala Sportowa","Siatka Krzemieniewo","128597","JTCNW Łódź","131093","1:3","1","3","77","96","baza_3_2.csv","3.2|923139"
"164","3.2","923140","2026-04-11 17:00","Palau Blaugrana","CVB Barça","141012","ChudyTeam","130535","0:3","0","3","25","75","baza_3_2.csv","3.2|923140"
"164","3.2","923141","2026-04-11 17:00","ARENA KENTUCKY","GALACTICOS FC","131018","Czarne plamy","128655","0:3","0","3","26","75","baza_3_2.csv","3.2|923141"
"164","3.2","923142","2026-04-11 17:00","WKS Kielno Arena","Wiejski Klub Kielno","130498","WIPP Thunder","128672","0:3","0","3","26","75","baza_3_2.csv","3.2|923142"
"164","3.2","923143","2026-04-11 17:00","Lake Arena","Zegrze Nieporęt","131194","Nocne Potwory","128803","2:3","2","3","88","113","baza_3_2.csv","3.2|923143"
"164","3.2","923144","2026-04-11 17:00","PB Arena","Huragan Białobrzegi","131065","VC  Ziębka Team","130503","0:3","0","3","38","75","baza_3_2.csv","3.2|923144"
"164","3.3","923377","2026-04-11 17:00","Ale co","Ale co","128694","Phoenix Fire","128687","0:3","0","3","45","75","baza_3_3.csv","3.3|923377"
"164","3.3","923378","2026-04-11 17:00","RG Arena","RG Olsztyn","128652","Mazaki VC","131006","0:3","0","3","61","75","baza_3_3.csv","3.3|923378"
"164","3.3","923379","2026-04-11 17:00","KOCIOŁ","!STAL NYSA","130728","Jeżomyszy🦔z Marsa🪐","130972","0:3","0","3","42","75","baza_3_3.csv","3.3|923379"
"164","3.3","923380","2026-04-11 17:00","Meduza","KS Zamienie","141062","Bad Boys Team","128706","0:3","0","3","19","75","baza_3_3.csv","3.3|923380"
"164","3.3","923381","2026-04-11 17:00","Misieniechce Radom Arena","FC Misieniechce Radom","130676","DragonGAYS Polska","130705","0:3","0","3","11","75","baza_3_3.csv","3.3|923381"
"164","3.3","923382","2026-04-11 17:00","Milenium MOSIR","Kotwica Kołobrzeg","128801","OFIME Targówek","131746","3:2","3","2","107","102","baza_3_3.csv","3.3|923382"
"164","3.3","923383","2026-04-11 17:00","RINLZER ARENA","RINZLER","128627","NiuniuTeam","137395","0:3","0","3","55","75","baza_3_3.csv","3.3|923383"
"164","3.3","923384","2026-04-11 17:00","Wimbledon","Zduńska Wola Team","128640","Drink Team","141020","1:3","1","3","56","96","baza_3_3.csv","3.3|923384"
"164","3.4","923617","2026-04-11 17:00","Trefl Arena","Trefl","131199","Valiant Boys","130826","3:0","3","0","75","52","baza_3_4.csv","3.4|923617"
"164","3.4","923618","2026-04-11 17:00","Aqua Baltic Arena","Trefl Gdańsk Pomorze","130509","eŁKSa1908","130836","0:3","0","3","39","75","baza_3_4.csv","3.4|923618"
"164","3.4","923619","2026-04-11 17:00","toto","toto","128731","Sycylijskie Cytryniaki","130704","0:3","0","3","8","75","baza_3_4.csv","3.4|923619"
"164","3.4","923620","2026-04-11 17:00","Podpromie","Asseco Resovia","131163","Los Rakos","137449","0:3","0","3","8","75","baza_3_4.csv","3.4|923620"
"164","3.4","923621","2026-04-11 17:00","Urania","Choroszcza Olsztyn","130774","Smoczy Gród","131131","0:3","0","3","45","75","baza_3_4.csv","3.4|923621"
"164","3.4","923622","2026-04-11 17:00","Pod niebem u Henia","Potok city","140815","Volley Leszczyny","137412","0:3","0","3","49","75","baza_3_4.csv","3.4|923622"
"164","3.4","923623","2026-04-11 17:00","Strzelce Opolskie Arena","PIAST Strzelce Opolskie","130555","SST SPORTUR GMINA ŁAŃCUT","128795","0:3","0","3","38","75","baza_3_4.csv","3.4|923623"
"164","3.4","923624","2026-04-11 17:00","Niepodległości 11","KS Świt Baranowo","128589","IKS Konstancin - Jeziorna","131223","3:0","3","0","75","27","baza_3_4.csv","3.4|923624"
"164","3.5","923857","2026-04-11 17:00","H69","VC BORDER","128622","KKS Kaszubia Kościerzyna","128786","0:3","0","3","50","75","baza_3_5.csv","3.5|923857"
"164","3.5","923858","2026-04-11 17:00","Halaaa","CAMORRA VC","130516","OPOLE","130500","3:1","3","1","89","77","baza_3_5.csv","3.5|923858"
"164","3.5","923859","2026-04-11 17:00","MOSiR LIPUSZ","RafaTeam Lipusz","130561","S-Ninjas","130582","0:3","0","3","47","75","baza_3_5.csv","3.5|923859"
"164","3.5","923860","2026-04-11 17:00","Public Enemies","Kosmiczne Mandarynki","128609","SKS Iłżanka Baranów","128715","0:3","0","3","44","75","baza_3_5.csv","3.5|923860"
"164","3.5","923861","2026-04-11 17:00","ULTRAS ARENA","ULTRAS-PL","130527","PGE Skra Poznań","130781","0:3","0","3","13","75","baza_3_5.csv","3.5|923861"
"164","3.5","923862","2026-04-11 17:00","Hala Sportowa AKS","AKS Śliw@","128584","Iskra Krosno","128667","0:3","0","3","26","75","baza_3_5.csv","3.5|923862"
"164","3.5","923863","2026-04-11 17:00","Thorn Hall","Bart Thorn","130726","KSW7","140968","0:3","0","3","45","75","baza_3_5.csv","3.5|923863"
"164","3.5","923864","2026-04-11 17:00","Hala Dobra","AKS VOLLEY  DOBRA","141110","Aniołki Toruń","130820","3:0","3","0","75","24","baza_3_5.csv","3.5|923864"
"164","3.6","924097","2026-04-11 17:00","HSW Jastrzębie Zdrój","KS Jastrzębie","130545","Projekt Słomin","128700","3:0","3","0","75","51","baza_3_6.csv","3.6|924097"
"164","3.6","924098","2026-04-11 17:00","Browar","Browary Hills","130979","Black Smoke","137347","0:3","0","3","51","75","baza_3_6.csv","3.6|924098"
"164","3.6","924099","2026-04-11 17:00","Ikjas Arena","Ikjas Toruń","131062","Victoria Wałbrzych","128774","0:3","0","3","42","75","baza_3_6.csv","3.6|924099"
"164","3.6","924100","2026-04-11 17:00","Boisko na polu","Young Team Reaktywacja","140951","MKS Siemianowice","128799","0:3","0","3","22","75","baza_3_6.csv","3.6|924100"
"164","3.6","924101","2026-04-11 17:00","KCKiS","Kudowianka Kudowa-Zdrój","131235","Groszowice Soreide","130604","0:3","0","3","30","75","baza_3_6.csv","3.6|924101"
"164","3.6","924102","2026-04-11 17:00","Puszcza","Pogoń Żubr","130564","RTS.Strongman Małecz","130601","0:3","0","3","52","75","baza_3_6.csv","3.6|924102"
"164","3.6","924103","2026-04-11 17:00","Podpromie","SMS Rzeszów","137337","Twierdza Teodorówka","130591","0:3","0","3","8","75","baza_3_6.csv","3.6|924103"
"164","3.6","924104","2026-04-11 17:00","Są gorsze areny","Są Gorsi","130693","KS Limanowa","140814","3:0","3","0","75","32","baza_3_6.csv","3.6|924104"
"164","3.7","924337","2026-04-11 17:00","KZN","KZN","131229","Stocznia Gdańsk","130595","0:3","0","3","29","75","baza_3_7.csv","3.7|924337"
"164","3.7","924339","2026-04-11 17:00","Hala Orłów","Orły","137486","Volania Jeleninhos","131141","0:3","0","3","48","75","baza_3_7.csv","3.7|924339"
"164","3.7","924340","2026-04-11 17:00","GROZA","Dąbrowskie Pioruny","140781","Linkin Park United","130617","0:3","0","3","19","75","baza_3_7.csv","3.7|924340"
"164","3.7","924341","2026-04-11 17:00","Arena Wielkoludów","Błysk2","131225","Mighty Bears","130513","0:3","0","3","40","75","baza_3_7.csv","3.7|924341"
"164","3.7","924342","2026-04-11 17:00","Janów Darbaz","SDJ Janów","131251","BKS Visła Bydgoszcz","131284","0:3","0","3","47","77","baza_3_7.csv","3.7|924342"
"164","3.7","924343","2026-04-11 17:00","FFP Arena","FFP Virtual Volley","130573","Ghrum","130784","0:3","0","3","27","75","baza_3_7.csv","3.7|924343"
"164","3.7","924344","2026-04-11 17:00","Estadio de Brzózka","Dyliżans Brzózka","137454","LKS Rotavia Nieporęt","128730","3:2","3","2","98","91","baza_3_7.csv","3.7|924344"
"164","3.8","924577","2026-04-11 17:00","Na Hasioku","Jang Tim","128677","Stilon Gorzów","130891","1:3","1","3","86","93","baza_3_8.csv","3.8|924577"
"164","3.8","924578","2026-04-11 17:00","Rock Arena","Rockers Wrocław","128605","PGE GIEK Skra Bełchatów","130721","0:3","0","3","47","75","baza_3_8.csv","3.8|924578"
"164","3.8","924579","2026-04-11 17:00","Arena Toruń","Anioły Toruń","130514","Aptekarz Tylmanowa","128720","0:3","0","3","14","75","baza_3_8.csv","3.8|924579"
"164","3.8","924580","2026-04-11 17:00","HALA CENTRUM","MKS Dąbrowa Górnicza","128800","Volley Królewscy Jedlnia","130524","0:3","0","3","16","75","baza_3_8.csv","3.8|924580"
"164","3.8","924581","2026-04-11 17:00","zAKSA ARENA","ZAKSA ŚWINOUJŚCIE","130896","Budowlani Łódź","128736","0:3","0","3","22","75","baza_3_8.csv","3.8|924581"
"164","3.8","924582","2026-04-11 17:00","Fc","Fc Albatros","131276","Przebój Wolbrom","130621","0:3","0","3","28","75","baza_3_8.csv","3.8|924582"
"164","3.8","924583","2026-04-11 17:00","Américain Airlines Center","Dallas Mavericks","128666","Fc Kiciusie","140744","0:3","0","3","30","75","baza_3_8.csv","3.8|924583"
"164","3.8","924584","2026-04-11 17:00","Hala Urania","AZS PRIME Olsztyn","137361","KndSynu Cios","137411","0:3","0","3","47","75","baza_3_8.csv","3.8|924584"
"164","3.9","924817","2026-04-11 17:00","OSiR","Zaksa Mszczonów","130593","Volley Team Piotrków Tryb.","128724","3:0","3","0","75","56","baza_3_9.csv","3.9|924817"
"164","3.9","924818","2026-04-11 17:00","OSiR Golub-Dobrzyń","Zamek Golub-Dobrzyń","131227","ActiVeTeam","128702","3:1","3","1","91","87","baza_3_9.csv","3.9|924818"
"164","3.9","924819","2026-04-11 17:00","Hall of Glory","Galaxia Kwielice","130973","Volleyball Szubin Team","128579","0:3","0","3","42","75","baza_3_9.csv","3.9|924819"
"164","3.9","924820","2026-04-11 17:00","SGS Arena","SGS Goleniów","137350","Spartans Volley","130930","1:3","1","3","93","97","baza_3_9.csv","3.9|924820"
"164","3.9","924821","2026-04-11 17:00","DORCAN","GSY","130525","ZYX","131059","0:3","0","3","37","75","baza_3_9.csv","3.9|924821"
"164","3.9","924822","2026-04-11 17:00","Golasowice","Flying Spiders","140867","Joga Bonito","137493","0:3","0","3","23","75","baza_3_9.csv","3.9|924822"
"164","3.9","924823","2026-04-11 17:00","Malinowa home","Czarni Piasek","128752","Sardegna Volley","137467","0:3","0","3","48","75","baza_3_9.csv","3.9|924823"
"164","3.9","924824","2026-04-11 17:00","Jaga","Jagiellonia Białystok","140856","SBX TEAM","140751","0:3","0","3","28","75","baza_3_9.csv","3.9|924824"
"164","3.10","925057","2026-04-11 17:00","Arena Baranów","KS Strużanka Baranów","130994","JednakGramy","128768","1:3","1","3","78","98","baza_3_10.csv","3.10|925057"
"164","3.10","925058","2026-04-11 17:00","Osir","Pancio","128750","TKS Jelenie Studzienki","130939","1:3","1","3","78","97","baza_3_10.csv","3.10|925058"
"164","3.10","925059","2026-04-11 17:00","Fire Ball Arena","Hot Volley Nysa","128630","Bydgoszcz Baki","128616","0:3","0","3","50","75","baza_3_10.csv","3.10|925059"
"164","3.10","925060","2026-04-11 17:00","Hala Urania","Indykpol AZS Olsztyn","128620","Złote Orły","131740","0:3","0","3","35","75","baza_3_10.csv","3.10|925060"
"164","3.10","925061","2026-04-11 17:00","AWZAN 271","KK271","141054","Polish Wolves","131258","0:3","0","3","15","75","baza_3_10.csv","3.10|925061"
"164","3.10","925062","2026-04-11 17:00","ŁOWICZ ARENA","UKS BŁYSKAWICA ŁOWICZ","130699","GPT Mysłowice","128747","0:3","0","3","49","75","baza_3_10.csv","3.10|925062"
"164","3.10","925063","2026-04-11 17:00","Hala Widowiskowa BBOSiR","BBTS Bielsko-Biała","137383","Kopernik Toruń","130739","0:3","0","3","33","75","baza_3_10.csv","3.10|925063"
"164","3.10","925064","2026-04-11 17:00","Sovia","Tigers","128634","TSW Wisła Kraków","151056","0:3","0","3","16","75","baza_3_10.csv","3.10|925064"
"164","3.11","925297","2026-04-11 17:00","PauPau Arena","PauPau","140825","Kolorowe Rumaki","131164","3:0","3","0","75","57","baza_3_11.csv","3.11|925297"
"164","3.11","925298","2026-04-11 17:00","Arena Wieluń","Seniorzy Wieluń","130519","Pogoń Portowcy","131768","1:3","1","3","82","97","baza_3_11.csv","3.11|925298"
"164","3.11","925299","2026-04-11 17:00","Kasztan","Kasztaniaki","131735","Brute Force","130978","0:3","0","3","33","75","baza_3_11.csv","3.11|925299"
"164","3.11","925300","2026-04-11 17:00","Hala Orzełek","Orzełki Team","137444","AKS Andrut Kalisz 🧇","128789","0:3","0","3","23","75","baza_3_11.csv","3.11|925300"
"164","3.11","925301","2026-04-11 17:00","Crusaders Hall","KS Crusaders","137439","Latające Imadła","131022","0:3","0","3","26","75","baza_3_11.csv","3.11|925301"
"164","3.11","925302","2026-04-11 17:00","Tujniczanka-Łosmanat","FC Łosarnia Tujsk","140910","ScorpioN","128617","1:3","1","3","76","91","baza_3_11.csv","3.11|925302"
"164","3.11","925303","2026-04-11 17:00","Decha Arena","Gwoździe","140812","Team WWW","131066","0:3","0","3","15","75","baza_3_11.csv","3.11|925303"
"164","3.11","925304","2026-04-11 17:00","ERGO ARENA","NIELOTY GDAŃSK","130946","Enea PTPS Piła","128646","0:3","0","3","49","75","baza_3_11.csv","3.11|925304"
"164","3.12","925537","2026-04-11 17:00","Losir Luboń","Acapulco Stalion","128733","🌳Leśne Ludki🌳","131712","3:1","3","1","97","81","baza_3_12.csv","3.12|925537"
"164","3.12","925538","2026-04-11 17:00","Sparta","300-stuSpartan","137376","The Ops","131290","1:3","1","3","84","97","baza_3_12.csv","3.12|925538"
"164","3.12","925539","2026-04-11 17:00","Masuria Palace","ARM Volley","137419","Zawisza Olsztyn","128659","0:3","0","3","43","75","baza_3_12.csv","3.12|925539"
"164","3.12","925540","2026-04-11 17:00","Immobile Kowary","Olimpia Kowary","137420","Volley Master","130507","0:3","0","3","19","75","baza_3_12.csv","3.12|925540"
"164","3.12","925541","2026-04-11 17:00","Arena Zawiercie","Warta Zawiercie","130562","Ipsarion","140952","0:3","0","3","54","75","baza_3_12.csv","3.12|925541"
"164","3.12","925542","2026-04-11 17:00","Aciu Hall","Aciu Team","131157","KS Konarzewo","137342","0:3","0","3","10","75","baza_3_12.csv","3.12|925542"
"164","3.12","925543","2026-04-11 17:00","Niebieskie Piekło","Lube Rzeszów","130863","Yu-Gi-Oh!","131717","0:3","0","3","26","75","baza_3_12.csv","3.12|925543"
"164","3.12","925544","2026-04-11 17:00","B4 Arena","Braniewo Volley","141119","Anię dopadła grypa","140870","3:0","3","0","75","24","baza_3_12.csv","3.12|925544"
"164","3.13","925777","2026-04-11 17:00","Rat Arena","🐀Ratty Rattas🐀","128707","PolskieOrły","128769","3:0","3","0","75","49","baza_3_13.csv","3.13|925777"
"164","3.13","925778","2026-04-11 17:00","Szczoty","Spartakus Radom","131248","☣️ MY TU TEGO BAGNO 💩💩    🔝","130911","0:3","0","3","40","75","baza_3_13.csv","3.13|925778"
"164","3.13","925779","2026-04-11 17:00","Szmulki","Szmulki","140963","ProgressTeam","128806","0:3","0","3","32","75","baza_3_13.csv","3.13|925779"
"164","3.13","925780","2026-04-11 17:00","Hala Cześniosko","LKS  ASERTO Trześń","131723","Aleleble","128628","0:3","0","3","45","75","baza_3_13.csv","3.13|925780"
"164","3.13","925781","2026-04-11 17:00","Leszno Arena","Unia Leszno","131196","Brave Vikings","131709","0:3","0","3","33","75","baza_3_13.csv","3.13|925781"
"164","3.13","925782","2026-04-11 17:00","Olkop Arena","Trentino Młodzieszyn","128599","Raven","140853","0:3","0","3","50","75","baza_3_13.csv","3.13|925782"
"164","3.13","925783","2026-04-11 17:00","TwentyFive.pl","TwentyFive.pl","130518","MKS ŁĘCZYCA","128741","0:3","0","3","32","75","baza_3_13.csv","3.13|925783"
"164","3.13","925784","2026-04-11 17:00","Hala im. Sędziów","Sędziowie Bydgoszcz","140960","Red Devils","128725","0:3","0","3","11","75","baza_3_13.csv","3.13|925784"
"164","3.14","926017","2026-04-11 17:00","pONczek Arena","pONczek Team","130540","III Piastowskie","130858","3:1","3","1","100","78","baza_3_14.csv","3.14|926017"
"164","3.14","926018","2026-04-11 17:00","Shtosee Sky arena","Shtosee volley team","128680","Lajony Kingzz","131747","2:3","2","3","87","113","baza_3_14.csv","3.14|926018"
"164","3.14","926019","2026-04-11 17:00","Kubikownia","Kubiki","130510","KS Brzeziny","128710","1:3","1","3","87","104","baza_3_14.csv","3.14|926019"
"164","3.14","926020","2026-04-11 17:00","Hala Grabów Stadium","KS GRABÓW","130543","Arbuzy i Kebaby","130611","0:3","0","3","41","75","baza_3_14.csv","3.14|926020"
"164","3.14","926021","2026-04-11 17:00","Energia","BT ENERGIA","137456","Hit Happens","131734","0:3","0","3","14","75","baza_3_14.csv","3.14|926021"
"164","3.14","926022","2026-04-11 17:00","SANTIAGO BERNABEU","NTS NAKŁO NAD NOTECIĄ","128729","Mierzwicanka Mierzwice","130539","0:3","0","3","52","75","baza_3_14.csv","3.14|926022"
"164","3.14","926023","2026-04-11 17:00","Osir Trzemeszno","Skra Trzemeszno","131217","Farciarze FC","128734","1:3","1","3","81","94","baza_3_14.csv","3.14|926023"
"164","3.14","926024","2026-04-11 17:00","Foxx Volley Arena","Kanzas Foxx","137481","Zryw","141102","0:3","0","3","13","75","baza_3_14.csv","3.14|926024"
"164","3.15","926257","2026-04-11 17:00","JaqbArena","JaqbTeam","128695","G.T.S. Unia Choceń","128749","2:3","2","3","103","113","baza_3_15.csv","3.15|926257"
"164","3.15","926258","2026-04-11 17:00","MakosHall","Makosiki","128780","FC Świętopełka 🔥","128802","0:3","0","3","50","75","baza_3_15.csv","3.15|926258"
"164","3.15","926259","2026-04-11 17:00","Hala Sportowa Okalew","KS Okalew","131073","Finlandia Opole Lubelskie","130910","3:0","3","0","75","8","baza_3_15.csv","3.15|926259"
"164","3.15","926260","2026-04-11 17:00","Misiakowo","Gumi-Misie","131244","Victoria Dobra","131261","1:3","1","3","77","95","baza_3_15.csv","3.15|926260"
"164","3.15","926261","2026-04-11 17:00","Ultras Hall","Fenix Siennica","130586","Lech Sulechów","128625","0:3","0","3","56","76","baza_3_15.csv","3.15|926261"
"164","3.15","926262","2026-04-11 17:00","Sportowa","LTS Feniks Leżajsk","141106","W124","137366","0:3","0","3","30","75","baza_3_15.csv","3.15|926262"
"164","3.15","926263","2026-04-11 17:00","Urania","AZT Tytan Czestochowa","128743","Śląskie Burrito","131722","3:0","3","0","75","18","baza_3_15.csv","3.15|926263"
"164","3.15","926264","2026-04-11 17:00","Wierzeje ARENA","Wierzeje","141108","Ks Kedzierzyn","128713","3:0","3","0","75","49","baza_3_15.csv","3.15|926264"
"164","3.16","926497","2026-04-11 17:00","Camp Nou","Lance Armstrong","131718","Blackburn Toruń","128601","1:3","1","3","69","99","baza_3_16.csv","3.16|926497"
"164","3.16","926498","2026-04-11 17:00","poezyje","sanah","131179","V-DRIFTERS","131254","3:0","3","0","75","49","baza_3_16.csv","3.16|926498"
"164","3.16","926499","2026-04-11 17:00","HalaGT","GizoTeam","128693","Złote Wilki","128790","0:3","0","3","61","75","baza_3_16.csv","3.16|926499"
"164","3.16","926500","2026-04-11 17:00","San","Juve","131236","Znienacka team","130933","0:3","0","3","27","75","baza_3_16.csv","3.16|926500"
"164","3.16","926501","2026-04-11 17:00","Knights Arena","🪿⎛⎝( ` ᢍ ´ )⎠⎞ᵐᵘʰᵃʰᵃ🦇","131021","AquaSharks","128771","2:3","2","3","94","104","baza_3_16.csv","3.16|926501"
"164","3.16","926502","2026-04-11 17:00","Die Freie Stadt Danzig Sporthalle","Die Freie Stadt Danzig","130661","PGJ Azoty","130845","3:2","3","2","101","100","baza_3_16.csv","3.16|926502"
"164","3.16","926503","2026-04-11 17:00","Spodek Głuchołazy","Zadar Głuchołazy","128664","La Vida Loca","131011","3:0","3","0","75","39","baza_3_16.csv","3.16|926503"
"164","3.16","926504","2026-04-11 17:00","Hala Miejska","PKS Choszczno","140884","Gryf Policzna","140747","0:3","0","3","58","75","baza_3_16.csv","3.16|926504"
"164","1.1","921689","2026-04-09 19:00","Dano Arena!","Dano Dream Team","130607","ZAKSA Bochotnica","128722","3:2","3","2","105","90","baza_1_1.csv","1.1|921689"
"164","1.1","921690","2026-04-09 19:00","The Orchid","DHARMA Initiative","128577","Incognito Volley","128619","0:3","0","3","58","75","baza_1_1.csv","1.1|921690"
"164","1.1","921691","2026-04-09 19:00","Mordor","Kuźnia Byków","130744","Go Tigers","128631","3:0","3","0","75","44","baza_1_1.csv","1.1|921691"
"164","1.1","921692","2026-04-09 19:00","GOSTiR Rzgów","AKS Volley Łódź","131002","Penguin Małomice","128781","3:1","3","1","95","81","baza_1_1.csv","1.1|921692"
"164","1.1","921693","2026-04-09 19:00","Qweta","VC Kittens","128580","Wratislawia Wrocław","128772","3:0","3","0","75","44","baza_1_1.csv","1.1|921693"
"164","1.1","921694","2026-04-09 19:00","Wioska Smerfów","Smerfy","128764","Volleyball Team Zduńska Wola","128603","0:3","0","3","55","75","baza_1_1.csv","1.1|921694"
"164","1.1","921695","2026-04-09 19:00","Kudahuvadhoo 🏝️","Carplife 🇵🇱","130954","Tsunami Rzeplin","128717","0:3","0","3","60","75","baza_1_1.csv","1.1|921695"
"164","1.1","921696","2026-04-09 19:00","Bugaj Arena","Pilica Koniecpol","130885","Dzikie Rumaxy","128638","3:0","3","0","75","58","baza_1_1.csv","1.1|921696"
"164","2.1","921929","2026-04-09 19:00","Krzywuchowe Moczary","Velen Volleyball Club","128684","Celtic VC","128735","2:3","2","3","105","102","baza_2_1.csv","2.1|921929"
"164","2.1","921930","2026-04-09 19:00","Silver Hall","Silver Arsenal","130505","CYTRYNIEC CHIŃSKI","130809","3:1","3","1","100","75","baza_2_1.csv","2.1|921930"
"164","2.1","921931","2026-04-09 19:00","Mleczne Arena","Sprzeda Mecz","128663","Pogromcy Gdańsk","131205","3:0","3","0","75","53","baza_2_1.csv","2.1|921931"
"164","2.1","921932","2026-04-09 19:00","Ośrodek Karny Rivii Arena 🎯","Smerfy z Rivii ⚔️⚔️🛡️","130934","Błyskawica Janów","131242","3:1","3","1","92","69","baza_2_1.csv","2.1|921932"
"164","2.1","921933","2026-04-09 19:00","Field House","Miesiany Miesiany","128676","Libero Gorzków","128703","3:1","3","1","98","70","baza_2_1.csv","2.1|921933"
"164","2.1","921934","2026-04-09 19:00","Ping Pong Arena","Najlepsi z Najlepszych","130520","Hydra VT Gdańsk","128612","3:1","3","1","98","92","baza_2_1.csv","2.1|921934"
"164","2.1","921935","2026-04-09 19:00","LukArena","LukTeam","131134","Young Team","128708","3:0","3","0","75","42","baza_2_1.csv","2.1|921935"
"164","2.1","921936","2026-04-09 19:00","Piekło","Saracens","128615","CF Mleczne Olsztyn","128668","1:3","1","3","70","92","baza_2_1.csv","2.1|921936"
"164","2.2","922169","2026-04-09 19:00","Blok Centralny","Zakład Karny w Strzelinie","128751","Thorn Lynxes","131219","3:1","3","1","100","97","baza_2_2.csv","2.2|922169"
"164","2.2","922170","2026-04-09 19:00","Mroczna Arena","👽Strażnicy Cienia👽","128711","Ranczo Wilkowyje","130915","0:3","0","3","52","75","baza_2_2.csv","2.2|922170"
"164","2.2","922171","2026-04-09 19:00","Chausseestrasse arena","Rutz","130854","Millennium Siemianowice","130955","1:3","1","3","89","97","baza_2_2.csv","2.2|922171"
"164","2.2","922172","2026-04-09 19:00","MAKDOM ARENA","MAKDOM","128660","AJAX PIASTY","130797","2:3","2","3","114","111","baza_2_2.csv","2.2|922172"
"164","2.2","922173","2026-04-09 19:00","LEGO Arena","Czorty Chorzów","130959","Nosmeisy","128686","0:3","0","3","68","78","baza_2_2.csv","2.2|922173"
"164","2.2","922174","2026-04-09 19:00","Olimp Arena","UKS Olimp Ostrołęka","128604","Bydgoszcz Spartans","128726","3:0","3","0","75","50","baza_2_2.csv","2.2|922174"
"164","2.2","922175","2026-04-09 19:00","Siatkarskie Podlasie","SiatkarskiePodlasie.pl","130565","Silver Sharks Lublin 🦈","128674","2:3","2","3","108","117","baza_2_2.csv","2.2|922175"
"164","2.2","922176","2026-04-09 19:00","CSKA Arena","CSKA Mielec","128613","RKS","128588","2:3","2","3","100","91","baza_2_2.csv","2.2|922176"
"164","2.3","922409","2026-04-09 19:00","Ragnarok","Vikings","128756","RCS Czarni Radom","128600","3:0","3","0","75","40","baza_2_3.csv","2.3|922409"
"164","2.3","922410","2026-04-09 19:00","Zoo","Wściekłe Tygrysy","128782","Projekt Warszawa","128614","3:1","3","1","92","87","baza_2_3.csv","2.3|922410"
"164","2.3","922411","2026-04-09 19:00","Ver","Vernixo","128679","EnergiaPro Gwardia Wrocław","130757","1:3","1","3","87","101","baza_2_3.csv","2.3|922411"
"164","2.3","922412","2026-04-09 19:00","Kocioł","Budowlani Nysa","130574","Zabrzański Górnik","128816","1:3","1","3","79","96","baza_2_3.csv","2.3|922412"
"164","2.3","922413","2026-04-09 19:00","Silver Pearl Stadium","KS Budowlani Kołacin 👷🏻","128629","Skoczne Karakany","130767","3:1","3","1","98","76","baza_2_3.csv","2.3|922413"
"164","2.3","922414","2026-04-09 19:00","カラスの巣","Karasuno","128635","Stara Gwardia Nakło ⚔️","128688","3:1","3","1","96","85","baza_2_3.csv","2.3|922414"
"164","2.3","922415","2026-04-09 19:00","Hala im. TW Bolka","Bolek i lolek 🤙","128586","Polonia Bytom","130871","3:0","3","0","75","51","baza_2_3.csv","2.3|922415"
"164","2.3","922416","2026-04-09 19:00","🦣 Mamut Area 🦣","🦣 KS MAMUTY 🦣","130549","KKS Gryf Lębork","128809","1:3","1","3","72","95","baza_2_3.csv","2.3|922416"
"164","2.4","922649","2026-04-09 19:00","In the middle of nowhere","Unknown Team","128636","Vamos","128714","3:1","3","1","100","81","baza_2_4.csv","2.4|922649"
"164","2.4","922650","2026-04-09 19:00","Aviator arena","BH STAL MIELEC","130769","Sivass-Pol De Mare","128794","2:3","2","3","95","105","baza_2_4.csv","2.4|922650"
"164","2.4","922651","2026-04-09 19:00","Może zagram","Fc MiSieNieChce","130908","Pioruny  i Grzmoty","130966","0:3","0","3","25","75","baza_2_4.csv","2.4|922651"
"164","2.4","922652","2026-04-09 19:00","Bystra Bochotnica Arena","Bystra Bochotnica","128657","KS Kawoholicy","131724","3:0","3","0","75","55","baza_2_4.csv","2.4|922652"
"164","2.4","922653","2026-04-09 19:00","Mozt","TEXańska Masakra Piłą Ręczną","131293","QUEERTISONEK TEAM","131147","3:1","3","1","98","51","baza_2_4.csv","2.4|922653"
"164","2.4","922654","2026-04-09 19:00","kiczan arena","kiczan team zduńska wola","128596","Turbo Śpiochy","128578","3:0","3","0","75","15","baza_2_4.csv","2.4|922654"
"164","2.4","922655","2026-04-09 19:00","we no WHO U r","massive dongs","128592","Alpha","131086","3:0","3","0","75","51","baza_2_4.csv","2.4|922655"
"164","2.4","922656","2026-04-09 19:00","Aloha Arena","Ohana Gliwice","130945","BKS Białystok","128644","3:2","3","2","112","105","baza_2_4.csv","2.4|922656"
"164","3.1","922889","2026-04-09 17:00","Letalnica","Team Spiryt Chorzów","130958","Team :: Ownz Ya!","130572","3:0","3","0","75","37","baza_3_1.csv","3.1|922889"
"164","3.1","922890","2026-04-09 17:00","SRS Bernabeu","SRS Katarina","137403","Zaksa Kędzierzyn - Koźle","131200","3:0","3","0","75","16","baza_3_1.csv","3.1|922890"
"164","3.1","922891","2026-04-09 17:00","Kamienieckie Doły","Cargo Kamieniec Ząbkowicki","151049","Orzeł Grzędzice","128728","3:0","3","0","75","32","baza_3_1.csv","3.1|922891"
"164","3.1","922892","2026-04-09 17:00","KorpoArena","Korporacja Gwiazd Bezrobocia","128595","Vollley Rybnik","137468","3:0","3","0","75","46","baza_3_1.csv","3.1|922892"
"164","3.1","922893","2026-04-09 17:00","TU Arena","TaUrsy","130537","Drużyna Pierścienia","141064","0:3","0","3","8","75","baza_3_1.csv","3.1|922893"
"164","3.1","922894","2026-04-09 17:00","Nati Memorial Hall","⭐ Nati ⭐ 1995 ⭐  ∞  ⭐","130585","Renifers","128675","3:0","3","0","82","60","baza_3_1.csv","3.1|922894"
"164","3.1","922895","2026-04-09 17:00","Celtics Hall","Bochotnica Celtics","128639","Avengers","130920","3:0","3","0","75","43","baza_3_1.csv","3.1|922895"
"164","3.1","922896","2026-04-09 17:00","Bździochy Arena","PGE Bubisie Bździochy","130773","Cicely","128704","3:0","3","0","75","35","baza_3_1.csv","3.1|922896"
"164","3.2","923129","2026-04-09 17:00","Malinowe marzenie","Maliniaczki","131020","VC  Ziębka Team","130503","3:0","3","0","75","52","baza_3_2.csv","3.2|923129"
"164","3.2","923130","2026-04-09 17:00","Wylęgarnia Potworów","Nocne Potwory","128803","Huragan Białobrzegi","131065","3:0","3","0","75","31","baza_3_2.csv","3.2|923130"
"164","3.2","923131","2026-04-09 17:00","Storm","WIPP Thunder","128672","Zegrze Nieporęt","131194","3:2","3","2","105","94","baza_3_2.csv","3.2|923131"
"164","3.2","923132","2026-04-09 17:00","Grota tajemnic","Czarne plamy","128655","Wiejski Klub Kielno","130498","3:0","3","0","75","29","baza_3_2.csv","3.2|923132"
"164","3.2","923133","2026-04-09 17:00","Urania Olsztyn","ChudyTeam","130535","GALACTICOS FC","131018","3:0","3","0","75","27","baza_3_2.csv","3.2|923133"
"164","3.2","923134","2026-04-09 17:00","DZIK ŁÓDŹ ARENA","JTCNW Łódź","131093","CVB Barça","141012","3:0","3","0","75","16","baza_3_2.csv","3.2|923134"
"164","3.2","923135","2026-04-09 17:00","Arena Chłopów","ChlopkiTeam","128606","Siatka Krzemieniewo","128597","0:3","0","3","52","75","baza_3_2.csv","3.2|923135"
"164","3.2","923136","2026-04-09 17:00","Kaźmierzanka","Plas Kaźmierz","137421","Fiorentina Nakło","130905","3:0","3","0","75","63","baza_3_2.csv","3.2|923136"
"164","3.3","923369","2026-04-09 17:00","Phoenix Scene","Phoenix Fire","128687","Drink Team","141020","3:0","3","0","75","18","baza_3_3.csv","3.3|923369"
"164","3.3","923370","2026-04-09 17:00","NiuniuCamp","NiuniuTeam","137395","Zduńska Wola Team","128640","3:0","3","0","75","14","baza_3_3.csv","3.3|923370"
"164","3.3","923371","2026-04-09 17:00","NWWALC Stadium","OFIME Targówek","131746","RINZLER","128627","3:0","3","0","75","54","baza_3_3.csv","3.3|923371"
"164","3.3","923372","2026-04-09 17:00","Dytto","DragonGAYS Polska","130705","Kotwica Kołobrzeg","128801","2:3","2","3","99","103","baza_3_3.csv","3.3|923372"
"164","3.3","923373","2026-04-09 17:00","Urania","Bad Boys Team","128706","FC Misieniechce Radom","130676","3:0","3","0","75","14","baza_3_3.csv","3.3|923373"
"164","3.3","923374","2026-04-09 17:00","Jeżodrom","Jeżomyszy🦔z Marsa🪐","130972","KS Zamienie","141062","3:0","3","0","75","26","baza_3_3.csv","3.3|923374"
"164","3.3","923375","2026-04-09 17:00","Mazakowa hala sportowa","Mazaki VC","131006","!STAL NYSA","130728","3:0","3","0","75","32","baza_3_3.csv","3.3|923375"
"164","3.3","923376","2026-04-09 17:00","Ale co","Ale co","128694","RG Olsztyn","128652","3:0","3","0","75","55","baza_3_3.csv","3.3|923376"
"164","3.4","923609","2026-04-09 17:00","Valiant Boys","Valiant Boys","130826","IKS Konstancin - Jeziorna","131223","3:0","3","0","75","25","baza_3_4.csv","3.4|923609"
"164","3.4","923610","2026-04-09 17:00","Arena Albigowa","SST SPORTUR GMINA ŁAŃCUT","128795","KS Świt Baranowo","128589","0:3","0","3","68","76","baza_3_4.csv","3.4|923610"
"164","3.4","923611","2026-04-09 17:00","Leszczyny arena","Volley Leszczyny","137412","PIAST Strzelce Opolskie","130555","3:0","3","0","75","48","baza_3_4.csv","3.4|923611"
"164","3.4","923612","2026-04-09 17:00","Smocza Jama","Smoczy Gród","131131","Potok city","140815","3:0","3","0","75","30","baza_3_4.csv","3.4|923612"
"164","3.4","923613","2026-04-09 17:00","Los Rakos arena","Los Rakos","137449","Choroszcza Olsztyn","130774","3:0","3","0","75","40","baza_3_4.csv","3.4|923613"
"164","3.4","923614","2026-04-09 17:00","Cytrynowe Pandemonium","Sycylijskie Cytryniaki","130704","Asseco Resovia","131163","3:0","3","0","75","17","baza_3_4.csv","3.4|923614"
"164","3.4","923615","2026-04-09 17:00","Ultras1908","eŁKSa1908","130836","toto","128731","3:0","3","0","75","5","baza_3_4.csv","3.4|923615"
"164","3.4","923616","2026-04-09 17:00","Trefl Arena","Trefl","131199","Trefl Gdańsk Pomorze","130509","0:3","0","3","68","78","baza_3_4.csv","3.4|923616"
"164","3.5","923849","2026-04-09 17:00","Baltic Arena","KKS Kaszubia Kościerzyna","128786","Aniołki Toruń","130820","3:0","3","0","75","11","baza_3_5.csv","3.5|923849"
"164","3.5","923850","2026-04-09 17:00","KSW ARENA","KSW7","140968","AKS VOLLEY  DOBRA","141110","3:1","3","1","96","81","baza_3_5.csv","3.5|923850"
"164","3.5","923851","2026-04-09 17:00","Arena Krosno","Iskra Krosno","128667","Bart Thorn","130726","3:0","3","0","75","35","baza_3_5.csv","3.5|923851"
"164","3.5","923852","2026-04-09 17:00","Arena Poznań","PGE Skra Poznań","130781","AKS Śliw@","128584","3:0","3","0","75","24","baza_3_5.csv","3.5|923852"
"164","3.5","923853","2026-04-09 17:00","Volley Arena","SKS Iłżanka Baranów","128715","ULTRAS-PL","130527","3:0","3","0","75","18","baza_3_5.csv","3.5|923853"
"164","3.5","923854","2026-04-09 17:00","Ninjutsu Arena 2024","S-Ninjas","130582","Kosmiczne Mandarynki","128609","3:0","3","0","75","34","baza_3_5.csv","3.5|923854"
"164","3.5","923855","2026-04-09 17:00","OPOLE_ARENA","OPOLE","130500","RafaTeam Lipusz","130561","1:3","1","3","86","97","baza_3_5.csv","3.5|923855"
"164","3.5","923856","2026-04-09 17:00","H69","VC BORDER","128622","CAMORRA VC","130516","3:1","3","1","95","88","baza_3_5.csv","3.5|923856"
"164","3.6","924089","2026-04-09 17:00","Słomin centre","Projekt Słomin","128700","KS Limanowa","140814","3:1","3","1","92","55","baza_3_6.csv","3.6|924089"
"164","3.6","924090","2026-04-09 17:00","Arena Twierdza","Twierdza Teodorówka","130591","Są Gorsi","130693","3:0","3","0","75","17","baza_3_6.csv","3.6|924090"
"164","3.6","924091","2026-04-09 17:00","Strongman Arena","RTS.Strongman Małecz","130601","SMS Rzeszów","137337","3:0","3","0","75","15","baza_3_6.csv","3.6|924091"
"164","3.6","924092","2026-04-09 17:00","Ceremony Place Soreide","Groszowice Soreide","130604","Pogoń Żubr","130564","3:0","3","0","75","32","baza_3_6.csv","3.6|924092"
"164","3.6","924093","2026-04-09 17:00","Arena Siemianowice","MKS Siemianowice","128799","Kudowianka Kudowa-Zdrój","131235","3:0","3","0","75","21","baza_3_6.csv","3.6|924093"
"164","3.6","924094","2026-04-09 17:00","Olle hall","Victoria Wałbrzych","128774","Young Team Reaktywacja","140951","3:0","3","0","75","49","baza_3_6.csv","3.6|924094"
"164","3.6","924095","2026-04-09 17:00","The Others Arena","Black Smoke","137347","Ikjas Toruń","131062","3:1","3","1","85","71","baza_3_6.csv","3.6|924095"
"164","3.6","924096","2026-04-09 17:00","HSW Jastrzębie Zdrój","KS Jastrzębie","130545","Browary Hills","130979","3:1","3","1","89","78","baza_3_6.csv","3.6|924096"
"164","3.7","924329","2026-04-09 17:00","San Siro","Stocznia Gdańsk","130595","LKS Rotavia Nieporęt","128730","3:1","3","1","98","64","baza_3_7.csv","3.7|924329"
"164","3.7","924330","2026-04-09 17:00","Haba","Ghrum","130784","Dyliżans Brzózka","137454","0:3","0","3","62","75","baza_3_7.csv","3.7|924330"
"164","3.7","924331","2026-04-09 17:00","Immobile Łuczniczka","BKS Visła Bydgoszcz","131284","FFP Virtual Volley","130573","3:0","3","0","75","47","baza_3_7.csv","3.7|924331"
"164","3.7","924332","2026-04-09 17:00","Reksio Arena","Mighty Bears","130513","SDJ Janów","131251","3:0","3","0","75","50","baza_3_7.csv","3.7|924332"
"164","3.7","924333","2026-04-09 17:00","Meteora Arena","Linkin Park United","130617","Błysk2","131225","3:0","3","0","75","42","baza_3_7.csv","3.7|924333"
"164","3.7","924334","2026-04-09 17:00","Spodek Viadukt","Volania Jeleninhos","131141","Dąbrowskie Pioruny","140781","3:0","3","0","75","22","baza_3_7.csv","3.7|924334"
"164","3.7","924336","2026-04-09 17:00","KZN","KZN","131229","Latające Dżdżownice","140796","0:3","0","3","33","75","baza_3_7.csv","3.7|924336"
"164","3.8","924569","2026-04-09 17:00","Stilon Arena","Stilon Gorzów","130891","KndSynu Cios","137411","3:0","3","0","75","34","baza_3_8.csv","3.8|924569"
"164","3.8","924570","2026-04-09 17:00","Kiciniowo","Fc Kiciusie","140744","AZS PRIME Olsztyn","137361","0:3","0","3","64","82","baza_3_8.csv","3.8|924570"
"164","3.8","924571","2026-04-09 17:00","Hell","Przebój Wolbrom","130621","Dallas Mavericks","128666","3:0","3","0","75","15","baza_3_8.csv","3.8|924571"
"164","3.8","924572","2026-04-09 17:00","Fabryczna Union Arena","Budowlani Łódź","128736","Fc Albatros","131276","3:0","3","0","75","28","baza_3_8.csv","3.8|924572"
"164","3.8","924573","2026-04-09 17:00","Kolonia Arena","Volley Królewscy Jedlnia","130524","ZAKSA ŚWINOUJŚCIE","130896","3:0","3","0","75","29","baza_3_8.csv","3.8|924573"
"164","3.8","924574","2026-04-09 17:00","Tylmanowa Arena","Aptekarz Tylmanowa","128720","MKS Dąbrowa Górnicza","128800","3:0","3","0","75","46","baza_3_8.csv","3.8|924574"
"164","3.8","924575","2026-04-09 17:00","Hala Energia","PGE GIEK Skra Bełchatów","130721","Anioły Toruń","130514","3:0","3","0","75","18","baza_3_8.csv","3.8|924575"
"164","3.8","924576","2026-04-09 17:00","Na Hasioku","Jang Tim","128677","Rockers Wrocław","128605","3:0","3","0","75","59","baza_3_8.csv","3.8|924576"
"164","3.9","924809","2026-04-09 17:00","Hala Relax","Volley Team Piotrków Tryb.","128724","SBX TEAM","140751","3:0","3","0","77","59","baza_3_9.csv","3.9|924809"
"164","3.9","924810","2026-04-09 17:00","Sardegna Hall","Sardegna Volley","137467","Jagiellonia Białystok","140856","3:0","3","0","75","14","baza_3_9.csv","3.9|924810"
"164","3.9","924811","2026-04-09 17:00","Bonito Arena","Joga Bonito","137493","Czarni Piasek","128752","3:0","3","0","75","34","baza_3_9.csv","3.9|924811"
"164","3.9","924812","2026-04-09 17:00","XYZ","ZYX","131059","Flying Spiders","140867","3:0","3","0","75","17","baza_3_9.csv","3.9|924812"
"164","3.9","924813","2026-04-09 17:00","Volley Citadel","Spartans Volley","130930","GSY","130525","3:0","3","0","75","39","baza_3_9.csv","3.9|924813"
"164","3.9","924814","2026-04-09 17:00","VST Hala Sportowa","Volleyball Szubin Team","128579","SGS Goleniów","137350","3:0","3","0","75","38","baza_3_9.csv","3.9|924814"
"164","3.9","924815","2026-04-09 17:00","HalaAT","ActiVeTeam","128702","Galaxia Kwielice","130973","3:0","3","0","75","37","baza_3_9.csv","3.9|924815"
"164","3.9","924816","2026-04-09 17:00","OSiR","Zaksa Mszczonów","130593","Zamek Golub-Dobrzyń","131227","0:3","0","3","39","75","baza_3_9.csv","3.9|924816"
"164","3.10","925049","2026-04-09 17:00","JednakGramy Arena","JednakGramy","128768","TSW Wisła Kraków","151056","3:0","3","0","75","44","baza_3_10.csv","3.10|925049"
"164","3.10","925050","2026-04-09 17:00","Piernik Arena","Kopernik Toruń","130739","Tigers","128634","3:0","3","0","75","17","baza_3_10.csv","3.10|925050"
"164","3.10","925051","2026-04-09 17:00","Osyra Stadion","GPT Mysłowice","128747","BBTS Bielsko-Biała","137383","3:0","3","0","75","34","baza_3_10.csv","3.10|925051"
"164","3.10","925052","2026-04-09 17:00","Wataha","Polish Wolves","131258","UKS BŁYSKAWICA ŁOWICZ","130699","3:0","3","0","75","34","baza_3_10.csv","3.10|925052"
"164","3.10","925053","2026-04-09 17:00","Stadion Złotych Orłów","Złote Orły","131740","KK271","141054","3:0","3","0","75","12","baza_3_10.csv","3.10|925053"
"164","3.10","925054","2026-04-09 17:00","Crucible","Bydgoszcz Baki","128616","Indykpol AZS Olsztyn","128620","3:1","3","1","98","60","baza_3_10.csv","3.10|925054"
"164","3.10","925055","2026-04-09 17:00","Hala sportowa w Paterku ul. Kcyńska 6A","TKS Jelenie Studzienki","130939","Hot Volley Nysa","128630","3:0","3","0","77","54","baza_3_10.csv","3.10|925055"
"164","3.10","925056","2026-04-09 17:00","Arena Baranów","KS Strużanka Baranów","130994","Pancio","128750","3:2","3","2","105","100","baza_3_10.csv","3.10|925056"
"164","3.11","925289","2026-04-09 17:00","Stajnia Jednorożców","Kolorowe Rumaki","131164","Enea PTPS Piła","128646","3:0","3","0","75","18","baza_3_11.csv","3.11|925289"
"164","3.11","925290","2026-04-09 17:00","Arena W","Team WWW","131066","NIELOTY GDAŃSK","130946","3:0","3","0","75","21","baza_3_11.csv","3.11|925290"
"164","3.11","925291","2026-04-09 17:00","Szklanka Wódki xD","ScorpioN","128617","Gwoździe","140812","3:0","3","0","75","23","baza_3_11.csv","3.11|925291"
"164","3.11","925292","2026-04-09 17:00","Upadła Arena","Latające Imadła","131022","FC Łosarnia Tujsk","140910","3:0","3","0","75","45","baza_3_11.csv","3.11|925292"
"164","3.11","925293","2026-04-09 17:00","Hala Chrupnięcia","AKS Andrut Kalisz 🧇","128789","KS Crusaders","137439","3:0","3","0","75","24","baza_3_11.csv","3.11|925293"
"164","3.11","925294","2026-04-09 17:00","Brute Force Arena","Brute Force","130978","Orzełki Team","137444","3:0","3","0","75","23","baza_3_11.csv","3.11|925294"
"164","3.11","925295","2026-04-09 17:00","Pogoń Arena","Pogoń Portowcy","131768","Kasztaniaki","131735","3:0","3","0","75","32","baza_3_11.csv","3.11|925295"
"164","3.11","925296","2026-04-09 17:00","PauPau Arena","PauPau","140825","Seniorzy Wieluń","130519","3:1","3","1","94","86","baza_3_11.csv","3.11|925296"
"164","3.12","925529","2026-04-09 17:00","Sparbanken Skåne Arena","🌳Leśne Ludki🌳","131712","Anię dopadła grypa","140870","3:0","3","0","75","15","baza_3_12.csv","3.12|925529"
"164","3.12","925530","2026-04-09 17:00","Match Of The Millennium","Yu-Gi-Oh!","131717","Braniewo Volley","141119","3:0","3","0","75","23","baza_3_12.csv","3.12|925530"
"164","3.12","925531","2026-04-09 17:00","Konarzewo Arena","KS Konarzewo","137342","Lube Rzeszów","130863","3:0","3","0","75","29","baza_3_12.csv","3.12|925531"
"164","3.12","925532","2026-04-09 17:00","Ipsarion","Ipsarion","140952","Aciu Team","131157","3:0","3","0","75","16","baza_3_12.csv","3.12|925532"
"164","3.12","925533","2026-04-09 17:00","Lesko Arena","Volley Master","130507","Warta Zawiercie","130562","3:0","3","0","75","42","baza_3_12.csv","3.12|925533"
"164","3.12","925534","2026-04-09 17:00","Hala Urania of City Olsztyn","Zawisza Olsztyn","128659","Olimpia Kowary","137420","3:0","3","0","75","32","baza_3_12.csv","3.12|925534"
"164","3.12","925535","2026-04-09 17:00","Bagno","The Ops","131290","ARM Volley","137419","3:0","3","0","75","41","baza_3_12.csv","3.12|925535"
"164","3.12","925536","2026-04-09 17:00","Losir Luboń","Acapulco Stalion","128733","300-stuSpartan","137376","1:3","1","3","61","98","baza_3_12.csv","3.12|925536"
"164","3.13","925769","2026-04-09 17:00","Orły hall","PolskieOrły","128769","Red Devils","128725","3:0","3","0","75","22","baza_3_13.csv","3.13|925769"
"164","3.13","925770","2026-04-09 17:00","MKS1956","MKS ŁĘCZYCA","128741","Sędziowie Bydgoszcz","140960","3:0","3","0","75","11","baza_3_13.csv","3.13|925770"
"164","3.13","925771","2026-04-09 17:00","Lokomotiv Plzen","Raven","140853","TwentyFive.pl","130518","3:0","3","0","75","45","baza_3_13.csv","3.13|925771"
"164","3.13","925772","2026-04-09 17:00","Valhalla","Brave Vikings","131709","Trentino Młodzieszyn","128599","3:0","3","0","75","10","baza_3_13.csv","3.13|925772"
"164","3.13","925773","2026-04-09 17:00","Im. Św. Qbiniego","Aleleble","128628","Unia Leszno","131196","3:0","3","0","75","49","baza_3_13.csv","3.13|925773"
"164","3.13","925774","2026-04-09 17:00","Progress Arena","ProgressTeam","128806","LKS  ASERTO Trześń","131723","3:0","3","0","75","40","baza_3_13.csv","3.13|925774"
"164","3.13","925775","2026-04-09 17:00","TUR TUREK KOCIOŁ SILNIK PODKRĘCONY TEJ","☣️ MY TU TEGO BAGNO 💩💩    🔝","130911","Szmulki","140963","3:0","3","0","75","39","baza_3_13.csv","3.13|925775"
"164","3.13","925776","2026-04-09 17:00","Rat Arena","🐀Ratty Rattas🐀","128707","Spartakus Radom","131248","3:0","3","0","75","51","baza_3_13.csv","3.13|925776"
"164","3.14","926009","2026-04-09 17:00","Dąbrówka Arena","III Piastowskie","130858","Zryw","141102","1:3","1","3","84","98","baza_3_14.csv","3.14|926009"
"164","3.14","926010","2026-04-09 17:00","Hala FC","Farciarze FC","128734","Kanzas Foxx","137481","3:0","3","0","75","21","baza_3_14.csv","3.14|926010"
"164","3.14","926011","2026-04-09 17:00","Mierzwice Arena","Mierzwicanka Mierzwice","130539","Skra Trzemeszno","131217","3:0","3","0","75","49","baza_3_14.csv","3.14|926011"
"164","3.14","926012","2026-04-09 17:00","Hit Dome","Hit Happens","131734","NTS NAKŁO NAD NOTECIĄ","128729","3:0","3","0","75","39","baza_3_14.csv","3.14|926012"
"164","3.14","926013","2026-04-09 17:00","Bebzol","Arbuzy i Kebaby","130611","BT ENERGIA","137456","3:0","3","0","75","17","baza_3_14.csv","3.14|926013"
"164","3.14","926014","2026-04-09 17:00","Old Trafford","KS Brzeziny","128710","KS GRABÓW","130543","3:1","3","1","97","85","baza_3_14.csv","3.14|926014"
"164","3.14","926015","2026-04-09 17:00","Lions Stadium","Lajony Kingzz","131747","Kubiki","130510","3:0","3","0","75","34","baza_3_14.csv","3.14|926015"
"164","3.14","926016","2026-04-09 17:00","pONczek Arena","pONczek Team","130540","Shtosee volley team","128680","3:1","3","1","98","88","baza_3_14.csv","3.14|926016"
"164","3.15","926249","2026-04-09 17:00","OSIR ARENA","G.T.S. Unia Choceń","128749","Ks Kedzierzyn","128713","3:0","3","0","75","15","baza_3_15.csv","3.15|926249"
"164","3.15","926250","2026-04-09 17:00","Hala Mostowa","Śląskie Burrito","131722","Wierzeje","141108","0:3","0","3","51","75","baza_3_15.csv","3.15|926250"
"164","3.15","926251","2026-04-09 17:00","Makalamabedi","W124","137366","AZT Tytan Czestochowa","128743","0:3","0","3","55","76","baza_3_15.csv","3.15|926251"
"164","3.15","926252","2026-04-09 17:00","Estadio zulito","Lech Sulechów","128625","LTS Feniks Leżajsk","141106","3:0","3","0","75","38","baza_3_15.csv","3.15|926252"
"164","3.15","926253","2026-04-09 17:00","Dobrzynianka","Victoria Dobra","131261","Fenix Siennica","130586","3:0","3","0","75","22","baza_3_15.csv","3.15|926253"
"164","3.15","926254","2026-04-09 17:00","Kabako Arena","Finlandia Opole Lubelskie","130910","Gumi-Misie","131244","0:3","0","3","30","75","baza_3_15.csv","3.15|926254"
"164","3.15","926255","2026-04-09 17:00","MotoArena","FC Świętopełka 🔥","128802","KS Okalew","131073","3:0","3","0","75","19","baza_3_15.csv","3.15|926255"
"164","3.15","926256","2026-04-09 17:00","JaqbArena","JaqbTeam","128695","Makosiki","128780","3:2","3","2","106","90","baza_3_15.csv","3.15|926256"
"164","3.16","926489","2026-04-09 17:00","Spożywczak","Blackburn Toruń","128601","Gryf Policzna","140747","3:0","3","0","75","22","baza_3_16.csv","3.16|926489"
"164","3.16","926490","2026-04-09 17:00","Łu tu tu tu","La Vida Loca","131011","PKS Choszczno","140884","0:3","0","3","26","75","baza_3_16.csv","3.16|926490"
"164","3.16","926491","2026-04-09 17:00","PRAFIL ARENA","PGJ Azoty","130845","Zadar Głuchołazy","128664","3:0","3","0","75","52","baza_3_16.csv","3.16|926491"
"164","3.16","926492","2026-04-09 17:00","Arena Łódź Podwodna","AquaSharks","128771","Die Freie Stadt Danzig","130661","3:0","3","0","75","35","baza_3_16.csv","3.16|926492"
"164","3.16","926493","2026-04-09 17:00","ZNhala","Znienacka team","130933","🪿⎛⎝( ` ᢍ ´ )⎠⎞ᵐᵘʰᵃʰᵃ🦇","131021","3:0","3","0","75","39","baza_3_16.csv","3.16|926493"
"164","3.16","926494","2026-04-09 17:00","Arena wilków","Złote Wilki","128790","Juve","131236","3:0","3","0","75","32","baza_3_16.csv","3.16|926494"
"164","3.16","926495","2026-04-09 17:00","DONUT","V-DRIFTERS","131254","GizoTeam","128693","2:3","2","3","92","103","baza_3_16.csv","3.16|926495"
"164","3.16","926496","2026-04-09 17:00","Camp Nou","Lance Armstrong","131718","sanah","131179","1:3","1","3","90","94","baza_3_16.csv","3.16|926496"
"164","1.1","921681","2026-04-07 19:00","Kanciapa u Tumaxa","Dzikie Rumaxy","128638","Dano Dream Team","130607","1:3","1","3","90","94","baza_1_1.csv","1.1|921681"
"164","1.1","921682","2026-04-07 19:00","Arena of Rzeplin","Tsunami Rzeplin","128717","Pilica Koniecpol","130885","1:3","1","3","73","95","baza_1_1.csv","1.1|921682"
"164","1.1","921683","2026-04-07 19:00","Hala sportowa w Zduńskiej Woli","Volleyball Team Zduńska Wola","128603","Carplife 🇵🇱","130954","1:3","1","3","83","97","baza_1_1.csv","1.1|921683"
"164","1.1","921684","2026-04-07 19:00","Arena W-W","Wratislawia Wrocław","128772","Smerfy","128764","3:1","3","1","90","74","baza_1_1.csv","1.1|921684"
"164","1.1","921685","2026-04-07 19:00","Ergo Małomice","Penguin Małomice","128781","VC Kittens","128580","2:3","2","3","93","107","baza_1_1.csv","1.1|921685"
"164","1.1","921686","2026-04-07 19:00","Hala Polonia","Go Tigers","128631","AKS Volley Łódź","131002","0:3","0","3","49","75","baza_1_1.csv","1.1|921686"
"164","1.1","921687","2026-04-07 19:00","SMA","Incognito Volley","128619","Kuźnia Byków","130744","1:3","1","3","78","95","baza_1_1.csv","1.1|921687"
"164","1.1","921688","2026-04-07 19:00","Hala Widowiskowo-Sportowa \""AZOTY\""","ZAKSA Bochotnica","128722","DHARMA Initiative","128577","3:1","3","1","99","94","baza_1_1.csv","1.1|921688"
"164","2.1","921921","2026-04-07 19:00","Urania","CF Mleczne Olsztyn","128668","Velen Volleyball Club","128684","2:3","2","3","108","110","baza_2_1.csv","2.1|921921"
"164","2.1","921922","2026-04-07 19:00","Szpil Plac u Gerusia","Young Team","128708","Saracens","128615","0:3","0","3","53","75","baza_2_1.csv","2.1|921922"
"164","2.1","921923","2026-04-07 19:00","7l z Pepsi Arena","Hydra VT Gdańsk","128612","LukTeam","131134","3:1","3","1","98","87","baza_2_1.csv","2.1|921923"
"164","2.1","921924","2026-04-07 19:00","Hala 134","Libero Gorzków","128703","Najlepsi z Najlepszych","130520","0:3","0","3","57","75","baza_2_1.csv","2.1|921924"
"164","2.1","921925","2026-04-07 19:00","Janów hall","Błyskawica Janów","131242","Miesiany Miesiany","128676","0:3","0","3","58","78","baza_2_1.csv","2.1|921925"
"164","2.1","921926","2026-04-07 19:00","Pogro Arena","Pogromcy Gdańsk","131205","Smerfy z Rivii ⚔️⚔️🛡️","130934","1:3","1","3","79","83","baza_2_1.csv","2.1|921926"
"164","2.1","921927","2026-04-07 19:00","CYTRYNIEC","CYTRYNIEC CHIŃSKI","130809","Sprzeda Mecz","128663","0:3","0","3","54","75","baza_2_1.csv","2.1|921927"
"164","2.1","921928","2026-04-07 19:00","Parkhead","Celtic VC","128735","Silver Arsenal","130505","3:0","3","0","75","44","baza_2_1.csv","2.1|921928"
"164","2.2","922161","2026-04-07 19:00","Ursus Arena","RKS","128588","Zakład Karny w Strzelinie","128751","0:3","0","3","58","75","baza_2_2.csv","2.2|922161"
"164","2.2","922162","2026-04-07 19:00","UMCS Hala Sportowa","Silver Sharks Lublin 🦈","128674","CSKA Mielec","128613","0:3","0","3","53","75","baza_2_2.csv","2.2|922162"
"164","2.2","922163","2026-04-07 19:00","Sisu Arena","Bydgoszcz Spartans","128726","SiatkarskiePodlasie.pl","130565","1:3","1","3","77","98","baza_2_2.csv","2.2|922163"
"164","2.2","922164","2026-04-07 19:00","Zimorodek","Nosmeisy","128686","UKS Olimp Ostrołęka","128604","0:3","0","3","46","75","baza_2_2.csv","2.2|922164"
"164","2.2","922165","2026-04-07 19:00","Piasterdam Stadium","AJAX PIASTY","130797","Czorty Chorzów","130959","2:3","2","3","100","117","baza_2_2.csv","2.2|922165"
"164","2.2","922166","2026-04-07 19:00","Millennium Arena","Millennium Siemianowice","130955","MAKDOM","128660","3:0","3","0","75","61","baza_2_2.csv","2.2|922166"
"164","2.2","922167","2026-04-07 19:00","Hala im. Pawła Kozioła","Ranczo Wilkowyje","130915","Rutz","130854","3:1","3","1","96","92","baza_2_2.csv","2.2|922167"
"164","2.2","922168","2026-04-07 19:00","Wild Hall","Thorn Lynxes","131219","👽Strażnicy Cienia👽","128711","3:0","3","0","75","46","baza_2_2.csv","2.2|922168"
"164","2.3","922401","2026-04-07 19:00","Hala Gryfia","KKS Gryf Lębork","128809","Vikings","128756","1:3","1","3","94","105","baza_2_3.csv","2.3|922401"
"164","2.3","922402","2026-04-07 19:00","Polonijny młyn","Polonia Bytom","130871","🦣 KS MAMUTY 🦣","130549","2:3","2","3","110","107","baza_2_3.csv","2.3|922402"
"164","2.3","922403","2026-04-07 19:00","Forteca Nakło","Stara Gwardia Nakło ⚔️","128688","Bolek i lolek 🤙","128586","0:3","0","3","46","75","baza_2_3.csv","2.3|922403"
"164","2.3","922404","2026-04-07 19:00","Karakanówka","Skoczne Karakany","130767","Karasuno","128635","1:3","1","3","86","95","baza_2_3.csv","2.3|922404"
"164","2.3","922405","2026-04-07 19:00","Hala Sportowa w Zabrzu","Zabrzański Górnik","128816","KS Budowlani Kołacin 👷🏻","128629","3:0","3","0","77","60","baza_2_3.csv","2.3|922405"
"164","2.3","922406","2026-04-07 19:00","Hala Orbita","EnergiaPro Gwardia Wrocław","130757","Budowlani Nysa","130574","3:0","3","0","76","52","baza_2_3.csv","2.3|922406"
"164","2.3","922407","2026-04-07 19:00","Torwar","Projekt Warszawa","128614","Vernixo","128679","3:1","3","1","98","88","baza_2_3.csv","2.3|922407"
"164","2.3","922408","2026-04-07 19:00","Radomskie Centrum Sportu","RCS Czarni Radom","128600","Wściekłe Tygrysy","128782","3:1","3","1","94","83","baza_2_3.csv","2.3|922408"
"164","2.4","922641","2026-04-07 19:00","BKS ARENA","BKS Białystok","128644","Unknown Team","128636","1:3","1","3","69","89","baza_2_4.csv","2.4|922641"
"164","2.4","922642","2026-04-07 19:00","Alpha Arena","Alpha","131086","Ohana Gliwice","130945","3:1","3","1","101","83","baza_2_4.csv","2.4|922642"
"164","2.4","922643","2026-04-07 19:00","wyrko rodzinne","Turbo Śpiochy","128578","massive dongs","128592","0:3","0","3","44","75","baza_2_4.csv","2.4|922643"
"164","2.4","922644","2026-04-07 19:00","QUEERTISONEK","QUEERTISONEK TEAM","131147","kiczan team zduńska wola","128596","0:3","0","3","34","75","baza_2_4.csv","2.4|922644"
"164","2.4","922645","2026-04-07 19:00","Kentucky Coffee Roasters Arena","KS Kawoholicy","131724","TEXańska Masakra Piłą Ręczną","131293","0:3","0","3","63","75","baza_2_4.csv","2.4|922645"
"164","2.4","922646","2026-04-07 19:00","Olimp  Arena","Pioruny  i Grzmoty","130966","Bystra Bochotnica","128657","3:2","3","2","99","96","baza_2_4.csv","2.4|922646"
"164","2.4","922647","2026-04-07 19:00","Sportur Astro","Sivass-Pol De Mare","128794","Fc MiSieNieChce","130908","3:0","3","0","75","33","baza_2_4.csv","2.4|922647"
"164","2.4","922648","2026-04-07 19:00","Torwar","Vamos","128714","BH STAL MIELEC","130769","2:3","2","3","98","101","baza_2_4.csv","2.4|922648"
"164","3.1","922881","2026-04-07 17:00","Cicely Arena","Cicely","128704","Team Spiryt Chorzów","130958","0:3","0","3","29","75","baza_3_1.csv","3.1|922881"
"164","3.1","922882","2026-04-07 17:00","Avengers Arena","Avengers","130920","PGE Bubisie Bździochy","130773","3:0","3","0","75","44","baza_3_1.csv","3.1|922882"
"164","3.1","922883","2026-04-07 17:00","Renifers Hall","Renifers","128675","Bochotnica Celtics","128639","0:3","0","3","35","75","baza_3_1.csv","3.1|922883"
"164","3.1","922884","2026-04-07 17:00","Rohan","Drużyna Pierścienia","141064","⭐ Nati ⭐ 1995 ⭐  ∞  ⭐","130585","0:3","0","3","40","75","baza_3_1.csv","3.1|922884"
"164","3.1","922885","2026-04-07 17:00","Volley Arena","Vollley Rybnik","137468","TaUrsy","130537","3:0","3","0","75","12","baza_3_1.csv","3.1|922885"
"164","3.1","922886","2026-04-07 17:00","Gniazdo","Orzeł Grzędzice","128728","Korporacja Gwiazd Bezrobocia","128595","0:3","0","3","19","75","baza_3_1.csv","3.1|922886"
"164","3.1","922887","2026-04-07 17:00","Hala Azoty","Zaksa Kędzierzyn - Koźle","131200","Cargo Kamieniec Ząbkowicki","151049","0:3","0","3","14","75","baza_3_1.csv","3.1|922887"
"164","3.1","922888","2026-04-07 17:00","Ownz Ya! :: Arena","Team :: Ownz Ya!","130572","SRS Katarina","137403","0:3","0","3","45","75","baza_3_1.csv","3.1|922888"
"164","3.2","923121","2026-04-07 17:00","LZS ARENA","Fiorentina Nakło","130905","Maliniaczki","131020","0:3","0","3","66","82","baza_3_2.csv","3.2|923121"
"164","3.2","923122","2026-04-07 17:00","Hala Sportowa","Siatka Krzemieniewo","128597","Plas Kaźmierz","137421","1:3","1","3","77","89","baza_3_2.csv","3.2|923122"
"164","3.2","923123","2026-04-07 17:00","Palau Blaugrana","CVB Barça","141012","ChlopkiTeam","128606","0:3","0","3","32","75","baza_3_2.csv","3.2|923123"
"164","3.2","923124","2026-04-07 17:00","ARENA KENTUCKY","GALACTICOS FC","131018","JTCNW Łódź","131093","0:3","0","3","24","75","baza_3_2.csv","3.2|923124"
"164","3.2","923125","2026-04-07 17:00","WKS Kielno Arena","Wiejski Klub Kielno","130498","ChudyTeam","130535","3:2","3","2","102","103","baza_3_2.csv","3.2|923125"
"164","3.2","923126","2026-04-07 17:00","Lake Arena","Zegrze Nieporęt","131194","Czarne plamy","128655","0:3","0","3","50","75","baza_3_2.csv","3.2|923126"
"164","3.2","923127","2026-04-07 17:00","PB Arena","Huragan Białobrzegi","131065","WIPP Thunder","128672","0:3","0","3","32","75","baza_3_2.csv","3.2|923127"
"164","3.2","923128","2026-04-07 17:00","Stodoła 97","VC  Ziębka Team","130503","Nocne Potwory","128803","1:3","1","3","73","95","baza_3_2.csv","3.2|923128"
"164","3.3","923361","2026-04-07 17:00","RG Arena","RG Olsztyn","128652","Phoenix Fire","128687","0:3","0","3","50","75","baza_3_3.csv","3.3|923361"
"164","3.3","923362","2026-04-07 17:00","KOCIOŁ","!STAL NYSA","130728","Ale co","128694","0:3","0","3","43","75","baza_3_3.csv","3.3|923362"
"164","3.3","923363","2026-04-07 17:00","Meduza","KS Zamienie","141062","Mazaki VC","131006","0:3","0","3","10","75","baza_3_3.csv","3.3|923363"
"164","3.3","923364","2026-04-07 17:00","Misieniechce Radom Arena","FC Misieniechce Radom","130676","Jeżomyszy🦔z Marsa🪐","130972","0:3","0","3","25","75","baza_3_3.csv","3.3|923364"
"164","3.3","923365","2026-04-07 17:00","Milenium MOSIR","Kotwica Kołobrzeg","128801","Bad Boys Team","128706","3:0","3","0","75","54","baza_3_3.csv","3.3|923365"
"164","3.3","923366","2026-04-07 17:00","RINLZER ARENA","RINZLER","128627","DragonGAYS Polska","130705","0:3","0","3","45","75","baza_3_3.csv","3.3|923366"
"164","3.3","923367","2026-04-07 17:00","Wimbledon","Zduńska Wola Team","128640","OFIME Targówek","131746","0:3","0","3","16","75","baza_3_3.csv","3.3|923367"
"164","3.3","923368","2026-04-07 17:00","Drink Arena","Drink Team","141020","NiuniuTeam","137395","0:3","0","3","19","75","baza_3_3.csv","3.3|923368"
"164","3.4","923601","2026-04-07 17:00","Aqua Baltic Arena","Trefl Gdańsk Pomorze","130509","Valiant Boys","130826","3:1","3","1","98","80","baza_3_4.csv","3.4|923601"
"164","3.4","923602","2026-04-07 17:00","toto","toto","128731","Trefl","131199","0:3","0","3","7","75","baza_3_4.csv","3.4|923602"
"164","3.4","923603","2026-04-07 17:00","Podpromie","Asseco Resovia","131163","eŁKSa1908","130836","0:3","0","3","12","75","baza_3_4.csv","3.4|923603"
"164","3.4","923604","2026-04-07 17:00","Urania","Choroszcza Olsztyn","130774","Sycylijskie Cytryniaki","130704","0:3","0","3","61","75","baza_3_4.csv","3.4|923604"
"164","3.4","923605","2026-04-07 17:00","Pod niebem u Henia","Potok city","140815","Los Rakos","137449","0:3","0","3","43","75","baza_3_4.csv","3.4|923605"
"164","3.4","923606","2026-04-07 17:00","Strzelce Opolskie Arena","PIAST Strzelce Opolskie","130555","Smoczy Gród","131131","0:3","0","3","36","75","baza_3_4.csv","3.4|923606"
"164","3.4","923607","2026-04-07 17:00","Niepodległości 11","KS Świt Baranowo","128589","Volley Leszczyny","137412","0:3","0","3","53","75","baza_3_4.csv","3.4|923607"
"164","3.4","923608","2026-04-07 17:00","GOKSiR Konstancin","IKS Konstancin - Jeziorna","131223","SST SPORTUR GMINA ŁAŃCUT","128795","0:3","0","3","28","75","baza_3_4.csv","3.4|923608"
"164","3.5","923841","2026-04-07 17:00","Halaaa","CAMORRA VC","130516","KKS Kaszubia Kościerzyna","128786","0:3","0","3","44","75","baza_3_5.csv","3.5|923841"
"164","3.5","923842","2026-04-07 17:00","MOSiR LIPUSZ","RafaTeam Lipusz","130561","VC BORDER","128622","1:3","1","3","91","108","baza_3_5.csv","3.5|923842"
"164","3.5","923843","2026-04-07 17:00","Public Enemies","Kosmiczne Mandarynki","128609","OPOLE","130500","0:3","0","3","46","75","baza_3_5.csv","3.5|923843"
"164","3.5","923844","2026-04-07 17:00","ULTRAS ARENA","ULTRAS-PL","130527","S-Ninjas","130582","0:3","0","3","14","75","baza_3_5.csv","3.5|923844"
"164","3.5","923845","2026-04-07 17:00","Hala Sportowa AKS","AKS Śliw@","128584","SKS Iłżanka Baranów","128715","0:3","0","3","23","75","baza_3_5.csv","3.5|923845"
"164","3.5","923846","2026-04-07 17:00","Thorn Hall","Bart Thorn","130726","PGE Skra Poznań","130781","0:3","0","3","37","75","baza_3_5.csv","3.5|923846"
"164","3.5","923847","2026-04-07 17:00","Hala Dobra","AKS VOLLEY  DOBRA","141110","Iskra Krosno","128667","0:3","0","3","46","75","baza_3_5.csv","3.5|923847"
"164","3.5","923848","2026-04-07 17:00","Dwa słupki i sznurek azt","Aniołki Toruń","130820","KSW7","140968","0:3","0","3","25","75","baza_3_5.csv","3.5|923848"
"164","3.6","924081","2026-04-07 17:00","Browar","Browary Hills","130979","Projekt Słomin","128700","1:3","1","3","80","98","baza_3_6.csv","3.6|924081"
"164","3.6","924082","2026-04-07 17:00","Ikjas Arena","Ikjas Toruń","131062","KS Jastrzębie","130545","0:3","0","3","52","75","baza_3_6.csv","3.6|924082"
"164","3.6","924083","2026-04-07 17:00","Boisko na polu","Young Team Reaktywacja","140951","Black Smoke","137347","1:3","1","3","60","90","baza_3_6.csv","3.6|924083"
"164","3.6","924084","2026-04-07 17:00","KCKiS","Kudowianka Kudowa-Zdrój","131235","Victoria Wałbrzych","128774","0:3","0","3","31","75","baza_3_6.csv","3.6|924084"
"164","3.6","924085","2026-04-07 17:00","Puszcza","Pogoń Żubr","130564","MKS Siemianowice","128799","0:3","0","3","34","75","baza_3_6.csv","3.6|924085"
"164","3.6","924086","2026-04-07 17:00","Podpromie","SMS Rzeszów","137337","Groszowice Soreide","130604","0:3","0","3","16","75","baza_3_6.csv","3.6|924086"
"164","3.6","924087","2026-04-07 17:00","Są gorsze areny","Są Gorsi","130693","RTS.Strongman Małecz","130601","0:3","0","3","16","75","baza_3_6.csv","3.6|924087"
"164","3.6","924088","2026-04-07 17:00","Hala Limanowa","KS Limanowa","140814","Twierdza Teodorówka","130591","0:3","0","3","14","75","baza_3_6.csv","3.6|924088"
"164","3.7","924321","2026-04-07 17:00","Spulchniona Ziemia","Latające Dżdżownice","140796","Stocznia Gdańsk","130595","1:3","1","3","82","97","baza_3_7.csv","3.7|924321"
"164","3.7","924322","2026-04-07 17:00","Hala Orłów","Orły","137486","KZN","131229","0:3","0","3","42","75","baza_3_7.csv","3.7|924322"
"164","3.7","924323","2026-04-07 17:00","GROZA","Dąbrowskie Pioruny","140781","AZS Politechnika Poznańska","128759","0:3","0","3","19","75","baza_3_7.csv","3.7|924323"
"164","3.7","924324","2026-04-07 17:00","Arena Wielkoludów","Błysk2","131225","Volania Jeleninhos","131141","0:3","0","3","47","75","baza_3_7.csv","3.7|924324"
"164","3.7","924325","2026-04-07 17:00","Janów Darbaz","SDJ Janów","131251","Linkin Park United","130617","0:3","0","3","45","75","baza_3_7.csv","3.7|924325"
"164","3.7","924326","2026-04-07 17:00","FFP Arena","FFP Virtual Volley","130573","Mighty Bears","130513","0:3","0","3","28","75","baza_3_7.csv","3.7|924326"
"164","3.7","924327","2026-04-07 17:00","Estadio de Brzózka","Dyliżans Brzózka","137454","BKS Visła Bydgoszcz","131284","3:1","3","1","99","70","baza_3_7.csv","3.7|924327"
"164","3.7","924328","2026-04-07 17:00","Rotavia Arena","LKS Rotavia Nieporęt","128730","Ghrum","130784","3:1","3","1","95","85","baza_3_7.csv","3.7|924328"
"164","3.8","924561","2026-04-07 17:00","Rock Arena","Rockers Wrocław","128605","Stilon Gorzów","130891","0:3","0","3","51","75","baza_3_8.csv","3.8|924561"
"164","3.8","924562","2026-04-07 17:00","Arena Toruń","Anioły Toruń","130514","Jang Tim","128677","0:3","0","3","19","75","baza_3_8.csv","3.8|924562"
"164","3.8","924563","2026-04-07 17:00","HALA CENTRUM","MKS Dąbrowa Górnicza","128800","PGE GIEK Skra Bełchatów","130721","0:3","0","3","36","75","baza_3_8.csv","3.8|924563"
"164","3.8","924564","2026-04-07 17:00","zAKSA ARENA","ZAKSA ŚWINOUJŚCIE","130896","Aptekarz Tylmanowa","128720","0:3","0","3","42","75","baza_3_8.csv","3.8|924564"
"164","3.8","924565","2026-04-07 17:00","Fc","Fc Albatros","131276","Volley Królewscy Jedlnia","130524","0:3","0","3","21","75","baza_3_8.csv","3.8|924565"
"164","3.8","924566","2026-04-07 17:00","Américain Airlines Center","Dallas Mavericks","128666","Budowlani Łódź","128736","0:3","0","3","9","75","baza_3_8.csv","3.8|924566"
"164","3.8","924567","2026-04-07 17:00","Hala Urania","AZS PRIME Olsztyn","137361","Przebój Wolbrom","130621","0:3","0","3","18","75","baza_3_8.csv","3.8|924567"
"164","3.8","924568","2026-04-07 17:00","KND Arena","KndSynu Cios","137411","Fc Kiciusie","140744","3:0","3","0","75","52","baza_3_8.csv","3.8|924568"
"164","3.9","924801","2026-04-07 17:00","OSiR Golub-Dobrzyń","Zamek Golub-Dobrzyń","131227","Volley Team Piotrków Tryb.","128724","3:0","3","0","75","50","baza_3_9.csv","3.9|924801"
"164","3.9","924802","2026-04-07 17:00","Hall of Glory","Galaxia Kwielice","130973","Zaksa Mszczonów","130593","1:3","1","3","81","97","baza_3_9.csv","3.9|924802"
"164","3.9","924803","2026-04-07 17:00","SGS Arena","SGS Goleniów","137350","ActiVeTeam","128702","0:3","0","3","46","75","baza_3_9.csv","3.9|924803"
"164","3.9","924804","2026-04-07 17:00","DORCAN","GSY","130525","Volleyball Szubin Team","128579","0:3","0","3","31","75","baza_3_9.csv","3.9|924804"
"164","3.9","924805","2026-04-07 17:00","Golasowice","Flying Spiders","140867","Spartans Volley","130930","0:3","0","3","15","75","baza_3_9.csv","3.9|924805"
"164","3.9","924806","2026-04-07 17:00","Malinowa home","Czarni Piasek","128752","ZYX","131059","0:3","0","3","32","75","baza_3_9.csv","3.9|924806"
"164","3.9","924807","2026-04-07 17:00","Jaga","Jagiellonia Białystok","140856","Joga Bonito","137493","0:3","0","3","7","75","baza_3_9.csv","3.9|924807"
"164","3.9","924808","2026-04-07 17:00","Hala Brzeziny","SBX TEAM","140751","Sardegna Volley","137467","0:3","0","3","55","75","baza_3_9.csv","3.9|924808"
"164","3.10","925041","2026-04-07 17:00","Osir","Pancio","128750","JednakGramy","128768","0:3","0","3","63","76","baza_3_10.csv","3.10|925041"
"164","3.10","925042","2026-04-07 17:00","Fire Ball Arena","Hot Volley Nysa","128630","KS Strużanka Baranów","130994","1:3","1","3","84","94","baza_3_10.csv","3.10|925042"
"164","3.10","925043","2026-04-07 17:00","Hala Urania","Indykpol AZS Olsztyn","128620","TKS Jelenie Studzienki","130939","0:3","0","3","31","75","baza_3_10.csv","3.10|925043"
"164","3.10","925044","2026-04-07 17:00","AWZAN 271","KK271","141054","Bydgoszcz Baki","128616","0:3","0","3","14","75","baza_3_10.csv","3.10|925044"
"164","3.10","925045","2026-04-07 17:00","ŁOWICZ ARENA","UKS BŁYSKAWICA ŁOWICZ","130699","Złote Orły","131740","0:3","0","3","29","75","baza_3_10.csv","3.10|925045"
"164","3.10","925046","2026-04-07 17:00","Hala Widowiskowa BBOSiR","BBTS Bielsko-Biała","137383","Polish Wolves","131258","0:3","0","3","21","75","baza_3_10.csv","3.10|925046"
"164","3.10","925047","2026-04-07 17:00","Sovia","Tigers","128634","GPT Mysłowice","128747","0:3","0","3","11","75","baza_3_10.csv","3.10|925047"
"164","3.10","925048","2026-04-07 17:00","R22","TSW Wisła Kraków","151056","Kopernik Toruń","130739","3:2","3","2","96","104","baza_3_10.csv","3.10|925048"
"164","3.11","925281","2026-04-07 17:00","Arena Wieluń","Seniorzy Wieluń","130519","Kolorowe Rumaki","131164","2:3","2","3","108","108","baza_3_11.csv","3.11|925281"
"164","3.11","925282","2026-04-07 17:00","Kasztan","Kasztaniaki","131735","PauPau","140825","0:3","0","3","51","75","baza_3_11.csv","3.11|925282"
"164","3.11","925283","2026-04-07 17:00","Hala Orzełek","Orzełki Team","137444","Pogoń Portowcy","131768","0:3","0","3","30","75","baza_3_11.csv","3.11|925283"
"164","3.11","925284","2026-04-07 17:00","Crusaders Hall","KS Crusaders","137439","Brute Force","130978","0:3","0","3","24","75","baza_3_11.csv","3.11|925284"
"164","3.11","925285","2026-04-07 17:00","Tujniczanka-Łosmanat","FC Łosarnia Tujsk","140910","AKS Andrut Kalisz 🧇","128789","0:3","0","3","63","81","baza_3_11.csv","3.11|925285"
"164","3.11","925286","2026-04-07 17:00","Decha Arena","Gwoździe","140812","Latające Imadła","131022","0:3","0","3","18","75","baza_3_11.csv","3.11|925286"
"164","3.11","925287","2026-04-07 17:00","ERGO ARENA","NIELOTY GDAŃSK","130946","ScorpioN","128617","0:3","0","3","14","75","baza_3_11.csv","3.11|925287"
"164","3.11","925288","2026-04-07 17:00","hala MOSiR","Enea PTPS Piła","128646","Team WWW","131066","0:3","0","3","25","75","baza_3_11.csv","3.11|925288"
"164","3.12","925521","2026-04-07 17:00","Sparta","300-stuSpartan","137376","🌳Leśne Ludki🌳","131712","0:3","0","3","64","76","baza_3_12.csv","3.12|925521"
"164","3.12","925522","2026-04-07 17:00","Masuria Palace","ARM Volley","137419","Acapulco Stalion","128733","0:3","0","3","51","75","baza_3_12.csv","3.12|925522"
"164","3.12","925523","2026-04-07 17:00","Immobile Kowary","Olimpia Kowary","137420","The Ops","131290","0:3","0","3","14","75","baza_3_12.csv","3.12|925523"
"164","3.12","925524","2026-04-07 17:00","Arena Zawiercie","Warta Zawiercie","130562","Zawisza Olsztyn","128659","0:3","0","3","51","75","baza_3_12.csv","3.12|925524"
"164","3.12","925525","2026-04-07 17:00","Aciu Hall","Aciu Team","131157","Volley Master","130507","0:3","0","3","17","75","baza_3_12.csv","3.12|925525"
"164","3.12","925526","2026-04-07 17:00","Niebieskie Piekło","Lube Rzeszów","130863","Ipsarion","140952","1:3","1","3","65","95","baza_3_12.csv","3.12|925526"
"164","3.12","925527","2026-04-07 17:00","B4 Arena","Braniewo Volley","141119","KS Konarzewo","137342","0:3","0","3","34","75","baza_3_12.csv","3.12|925527"
"164","3.12","925528","2026-04-07 17:00","Prognozy dzisiaj nie będzie","Anię dopadła grypa","140870","Yu-Gi-Oh!","131717","0:3","0","3","16","75","baza_3_12.csv","3.12|925528"
"164","3.13","925761","2026-04-07 17:00","Szczoty","Spartakus Radom","131248","PolskieOrły","128769","1:3","1","3","82","92","baza_3_13.csv","3.13|925761"
"164","3.13","925762","2026-04-07 17:00","Szmulki","Szmulki","140963","🐀Ratty Rattas🐀","128707","0:3","0","3","24","75","baza_3_13.csv","3.13|925762"
"164","3.13","925763","2026-04-07 17:00","Hala Cześniosko","LKS  ASERTO Trześń","131723","☣️ MY TU TEGO BAGNO 💩💩    🔝","130911","0:3","0","3","15","75","baza_3_13.csv","3.13|925763"
"164","3.13","925764","2026-04-07 17:00","Leszno Arena","Unia Leszno","131196","ProgressTeam","128806","0:3","0","3","52","76","baza_3_13.csv","3.13|925764"
"164","3.13","925765","2026-04-07 17:00","Olkop Arena","Trentino Młodzieszyn","128599","Aleleble","128628","0:3","0","3","15","75","baza_3_13.csv","3.13|925765"
"164","3.13","925766","2026-04-07 17:00","TwentyFive.pl","TwentyFive.pl","130518","Brave Vikings","131709","0:3","0","3","17","75","baza_3_13.csv","3.13|925766"
"164","3.13","925767","2026-04-07 17:00","Hala im. Sędziów","Sędziowie Bydgoszcz","140960","Raven","140853","0:3","0","3","21","75","baza_3_13.csv","3.13|925767"
"164","3.13","925768","2026-04-07 17:00","RD Arena","Red Devils","128725","MKS ŁĘCZYCA","128741","0:3","0","3","27","75","baza_3_13.csv","3.13|925768"
"164","3.14","926001","2026-04-07 17:00","Shtosee Sky arena","Shtosee volley team","128680","III Piastowskie","130858","2:3","2","3","106","100","baza_3_14.csv","3.14|926001"
"164","3.14","926002","2026-04-07 17:00","Kubikownia","Kubiki","130510","pONczek Team","130540","0:3","0","3","55","75","baza_3_14.csv","3.14|926002"
"164","3.14","926003","2026-04-07 17:00","Hala Grabów Stadium","KS GRABÓW","130543","Lajony Kingzz","131747","0:3","0","3","51","75","baza_3_14.csv","3.14|926003"
"164","3.14","926004","2026-04-07 17:00","Energia","BT ENERGIA","137456","KS Brzeziny","128710","0:3","0","3","29","75","baza_3_14.csv","3.14|926004"
"164","3.14","926005","2026-04-07 17:00","SANTIAGO BERNABEU","NTS NAKŁO NAD NOTECIĄ","128729","Arbuzy i Kebaby","130611","0:3","0","3","42","75","baza_3_14.csv","3.14|926005"
"164","3.14","926006","2026-04-07 17:00","Osir Trzemeszno","Skra Trzemeszno","131217","Hit Happens","131734","0:3","0","3","66","75","baza_3_14.csv","3.14|926006"
"164","3.14","926007","2026-04-07 17:00","Foxx Volley Arena","Kanzas Foxx","137481","Mierzwicanka Mierzwice","130539","0:3","0","3","32","75","baza_3_14.csv","3.14|926007"
"164","3.14","926008","2026-04-07 17:00",".......","Zryw","141102","Farciarze FC","128734","3:1","3","1","97","92","baza_3_14.csv","3.14|926008"
"164","3.15","926241","2026-04-07 17:00","MakosHall","Makosiki","128780","G.T.S. Unia Choceń","128749","0:3","0","3","54","75","baza_3_15.csv","3.15|926241"
"164","3.15","926242","2026-04-07 17:00","Hala Sportowa Okalew","KS Okalew","131073","JaqbTeam","128695","0:3","0","3","34","75","baza_3_15.csv","3.15|926242"
"164","3.15","926243","2026-04-07 17:00","Misiakowo","Gumi-Misie","131244","FC Świętopełka 🔥","128802","1:3","1","3","66","97","baza_3_15.csv","3.15|926243"
"164","3.15","926244","2026-04-07 17:00","Ultras Hall","Fenix Siennica","130586","Finlandia Opole Lubelskie","130910","3:0","3","0","75","17","baza_3_15.csv","3.15|926244"
"164","3.15","926245","2026-04-07 17:00","Sportowa","LTS Feniks Leżajsk","141106","Victoria Dobra","131261","0:3","0","3","33","75","baza_3_15.csv","3.15|926245"
"164","3.15","926246","2026-04-07 17:00","Urania","AZT Tytan Czestochowa","128743","Lech Sulechów","128625","3:0","3","0","77","56","baza_3_15.csv","3.15|926246"
"164","3.15","926247","2026-04-07 17:00","Wierzeje ARENA","Wierzeje","141108","W124","137366","0:3","0","3","49","75","baza_3_15.csv","3.15|926247"
"164","3.15","926248","2026-04-07 17:00","KS arena","Ks Kedzierzyn","128713","Śląskie Burrito","131722","3:0","3","0","75","49","baza_3_15.csv","3.15|926248"
"164","3.16","926481","2026-04-07 17:00","poezyje","sanah","131179","Blackburn Toruń","128601","3:1","3","1","98","86","baza_3_16.csv","3.16|926481"
"164","3.16","926482","2026-04-07 17:00","HalaGT","GizoTeam","128693","Lance Armstrong","131718","0:3","0","3","57","75","baza_3_16.csv","3.16|926482"
"164","3.16","926483","2026-04-07 17:00","San","Juve","131236","V-DRIFTERS","131254","0:3","0","3","22","75","baza_3_16.csv","3.16|926483"
"164","3.16","926484","2026-04-07 17:00","Knights Arena","🪿⎛⎝( ` ᢍ ´ )⎠⎞ᵐᵘʰᵃʰᵃ🦇","131021","Złote Wilki","128790","3:0","3","0","78","55","baza_3_16.csv","3.16|926484"
"164","3.16","926485","2026-04-07 17:00","Die Freie Stadt Danzig Sporthalle","Die Freie Stadt Danzig","130661","Znienacka team","130933","0:3","0","3","36","75","baza_3_16.csv","3.16|926485"
"164","3.16","926486","2026-04-07 17:00","Spodek Głuchołazy","Zadar Głuchołazy","128664","AquaSharks","128771","0:3","0","3","32","75","baza_3_16.csv","3.16|926486"
"164","3.16","926487","2026-04-07 17:00","Hala Miejska","PKS Choszczno","140884","PGJ Azoty","130845","2:3","2","3","93","98","baza_3_16.csv","3.16|926487"
"164","3.16","926488","2026-04-07 17:00","Sportowa","Gryf Policzna","140747","La Vida Loca","131011","3:0","3","0","75","19","baza_3_16.csv","3.16|926488"
"164","1.1","921673","2026-04-05 19:00","Dano Arena!","Dano Dream Team","130607","DHARMA Initiative","128577","3:2","3","2","107","102","baza_1_1.csv","1.1|921673"
"164","1.1","921674","2026-04-05 19:00","Mordor","Kuźnia Byków","130744","ZAKSA Bochotnica","128722","2:3","2","3","109","115","baza_1_1.csv","1.1|921674"
"164","1.1","921675","2026-04-05 19:00","GOSTiR Rzgów","AKS Volley Łódź","131002","Incognito Volley","128619","0:3","0","3","59","79","baza_1_1.csv","1.1|921675"
"164","1.1","921676","2026-04-05 19:00","Qweta","VC Kittens","128580","Go Tigers","128631","3:0","3","0","75","57","baza_1_1.csv","1.1|921676"
"164","1.1","921677","2026-04-05 19:00","Wioska Smerfów","Smerfy","128764","Penguin Małomice","128781","0:3","0","3","45","75","baza_1_1.csv","1.1|921677"
"164","1.1","921678","2026-04-05 19:00","Kudahuvadhoo 🏝️","Carplife 🇵🇱","130954","Wratislawia Wrocław","128772","3:0","3","0","76","62","baza_1_1.csv","1.1|921678"
"164","1.1","921679","2026-04-05 19:00","Bugaj Arena","Pilica Koniecpol","130885","Volleyball Team Zduńska Wola","128603","3:0","3","0","75","54","baza_1_1.csv","1.1|921679"
"164","1.1","921680","2026-04-05 19:00","Kanciapa u Tumaxa","Dzikie Rumaxy","128638","Tsunami Rzeplin","128717","3:0","3","0","75","61","baza_1_1.csv","1.1|921680"
"164","2.1","921913","2026-04-05 19:00","Krzywuchowe Moczary","Velen Volleyball Club","128684","Silver Arsenal","130505","3:0","3","0","75","59","baza_2_1.csv","2.1|921913"
"164","2.1","921914","2026-04-05 19:00","Mleczne Arena","Sprzeda Mecz","128663","Celtic VC","128735","3:2","3","2","109","107","baza_2_1.csv","2.1|921914"
"164","2.1","921915","2026-04-05 19:00","Ośrodek Karny Rivii Arena 🎯","Smerfy z Rivii ⚔️⚔️🛡️","130934","CYTRYNIEC CHIŃSKI","130809","3:1","3","1","96","79","baza_2_1.csv","2.1|921915"
"164","2.1","921916","2026-04-05 19:00","Field House","Miesiany Miesiany","128676","Pogromcy Gdańsk","131205","3:1","3","1","85","68","baza_2_1.csv","2.1|921916"
"164","2.1","921917","2026-04-05 19:00","Ping Pong Arena","Najlepsi z Najlepszych","130520","Błyskawica Janów","131242","3:0","3","0","78","52","baza_2_1.csv","2.1|921917"
"164","2.1","921918","2026-04-05 19:00","LukArena","LukTeam","131134","Libero Gorzków","128703","3:0","3","0","75","36","baza_2_1.csv","2.1|921918"
"164","2.1","921919","2026-04-05 19:00","Piekło","Saracens","128615","Hydra VT Gdańsk","128612","2:3","2","3","103","112","baza_2_1.csv","2.1|921919"
"164","2.1","921920","2026-04-05 19:00","Urania","CF Mleczne Olsztyn","128668","Young Team","128708","3:2","3","2","108","99","baza_2_1.csv","2.1|921920"
"164","2.2","922153","2026-04-05 19:00","Blok Centralny","Zakład Karny w Strzelinie","128751","👽Strażnicy Cienia👽","128711","3:0","3","0","75","50","baza_2_2.csv","2.2|922153"
"164","2.2","922154","2026-04-05 19:00","Chausseestrasse arena","Rutz","130854","Thorn Lynxes","131219","3:1","3","1","97","76","baza_2_2.csv","2.2|922154"
"164","2.2","922155","2026-04-05 19:00","MAKDOM ARENA","MAKDOM","128660","Ranczo Wilkowyje","130915","2:3","2","3","99","107","baza_2_2.csv","2.2|922155"
"164","2.2","922156","2026-04-05 19:00","LEGO Arena","Czorty Chorzów","130959","Millennium Siemianowice","130955","0:3","0","3","57","76","baza_2_2.csv","2.2|922156"
"164","2.2","922157","2026-04-05 19:00","Olimp Arena","UKS Olimp Ostrołęka","128604","AJAX PIASTY","130797","3:0","3","0","75","43","baza_2_2.csv","2.2|922157"
"164","2.2","922158","2026-04-05 19:00","Siatkarskie Podlasie","SiatkarskiePodlasie.pl","130565","Nosmeisy","128686","3:0","3","0","75","47","baza_2_2.csv","2.2|922158"
"164","2.2","922159","2026-04-05 19:00","CSKA Arena","CSKA Mielec","128613","Bydgoszcz Spartans","128726","3:0","3","0","75","47","baza_2_2.csv","2.2|922159"
"164","2.2","922160","2026-04-05 19:00","Ursus Arena","RKS","128588","Silver Sharks Lublin 🦈","128674","3:1","3","1","97","79","baza_2_2.csv","2.2|922160"
"164","2.3","922393","2026-04-05 19:00","Ragnarok","Vikings","128756","Wściekłe Tygrysy","128782","3:1","3","1","96","73","baza_2_3.csv","2.3|922393"
"164","2.3","922394","2026-04-05 19:00","Ver","Vernixo","128679","RCS Czarni Radom","128600","1:3","1","3","86","89","baza_2_3.csv","2.3|922394"
"164","2.3","922395","2026-04-05 19:00","Kocioł","Budowlani Nysa","130574","Projekt Warszawa","128614","3:1","3","1","97","69","baza_2_3.csv","2.3|922395"
"164","2.3","922396","2026-04-05 19:00","Silver Pearl Stadium","KS Budowlani Kołacin 👷🏻","128629","EnergiaPro Gwardia Wrocław","130757","0:3","0","3","60","75","baza_2_3.csv","2.3|922396"
"164","2.3","922397","2026-04-05 19:00","カラスの巣","Karasuno","128635","Zabrzański Górnik","128816","3:0","3","0","75","63","baza_2_3.csv","2.3|922397"
"164","2.3","922398","2026-04-05 19:00","Hala im. TW Bolka","Bolek i lolek 🤙","128586","Skoczne Karakany","130767","3:0","3","0","75","56","baza_2_3.csv","2.3|922398"
"164","2.3","922399","2026-04-05 19:00","🦣 Mamut Area 🦣","🦣 KS MAMUTY 🦣","130549","Stara Gwardia Nakło ⚔️","128688","2:3","2","3","94","92","baza_2_3.csv","2.3|922399"
"164","2.3","922400","2026-04-05 19:00","Hala Gryfia","KKS Gryf Lębork","128809","Polonia Bytom","130871","2:3","2","3","96","99","baza_2_3.csv","2.3|922400"
"164","2.4","922633","2026-04-05 19:00","In the middle of nowhere","Unknown Team","128636","BH STAL MIELEC","130769","3:2","3","2","93","100","baza_2_4.csv","2.4|922633"
"164","2.4","922634","2026-04-05 19:00","Może zagram","Fc MiSieNieChce","130908","Vamos","128714","0:3","0","3","30","75","baza_2_4.csv","2.4|922634"
"164","2.4","922635","2026-04-05 19:00","Bystra Bochotnica Arena","Bystra Bochotnica","128657","Sivass-Pol De Mare","128794","2:3","2","3","104","98","baza_2_4.csv","2.4|922635"
"164","2.4","922636","2026-04-05 19:00","Mozt","TEXańska Masakra Piłą Ręczną","131293","Pioruny  i Grzmoty","130966","3:0","3","0","75","52","baza_2_4.csv","2.4|922636"
"164","2.4","922637","2026-04-05 19:00","kiczan arena","kiczan team zduńska wola","128596","KS Kawoholicy","131724","3:0","3","0","75","28","baza_2_4.csv","2.4|922637"
"164","2.4","922638","2026-04-05 19:00","we no WHO U r","massive dongs","128592","QUEERTISONEK TEAM","131147","3:0","3","0","75","46","baza_2_4.csv","2.4|922638"
"164","2.4","922639","2026-04-05 19:00","Aloha Arena","Ohana Gliwice","130945","Turbo Śpiochy","128578","3:1","3","1","89","81","baza_2_4.csv","2.4|922639"
"164","2.4","922640","2026-04-05 19:00","BKS ARENA","BKS Białystok","128644","Alpha","131086","2:3","2","3","90","110","baza_2_4.csv","2.4|922640"
"164","3.1","922873","2026-04-05 17:00","Letalnica","Team Spiryt Chorzów","130958","SRS Katarina","137403","3:2","3","2","117","108","baza_3_1.csv","3.1|922873"
"164","3.1","922874","2026-04-05 17:00","Kamienieckie Doły","Cargo Kamieniec Ząbkowicki","151049","Team :: Ownz Ya!","130572","3:0","3","0","75","36","baza_3_1.csv","3.1|922874"
"164","3.1","922875","2026-04-05 17:00","KorpoArena","Korporacja Gwiazd Bezrobocia","128595","Zaksa Kędzierzyn - Koźle","131200","3:0","3","0","75","19","baza_3_1.csv","3.1|922875"
"164","3.1","922876","2026-04-05 17:00","TU Arena","TaUrsy","130537","Orzeł Grzędzice","128728","0:3","0","3","14","75","baza_3_1.csv","3.1|922876"
"164","3.1","922877","2026-04-05 17:00","Nati Memorial Hall","⭐ Nati ⭐ 1995 ⭐  ∞  ⭐","130585","Vollley Rybnik","137468","3:0","3","0","75","28","baza_3_1.csv","3.1|922877"
"164","3.1","922878","2026-04-05 17:00","Celtics Hall","Bochotnica Celtics","128639","Drużyna Pierścienia","141064","3:0","3","0","75","35","baza_3_1.csv","3.1|922878"
"164","3.1","922879","2026-04-05 17:00","Bździochy Arena","PGE Bubisie Bździochy","130773","Renifers","128675","3:0","3","0","75","54","baza_3_1.csv","3.1|922879"
"164","3.1","922880","2026-04-05 17:00","Cicely Arena","Cicely","128704","Avengers","130920","0:3","0","3","31","75","baza_3_1.csv","3.1|922880"
"164","3.2","923113","2026-04-05 17:00","Malinowe marzenie","Maliniaczki","131020","Nocne Potwory","128803","3:1","3","1","91","84","baza_3_2.csv","3.2|923113"
"164","3.2","923114","2026-04-05 17:00","Storm","WIPP Thunder","128672","VC  Ziębka Team","130503","1:3","1","3","83","101","baza_3_2.csv","3.2|923114"
"164","3.2","923115","2026-04-05 17:00","Grota tajemnic","Czarne plamy","128655","Huragan Białobrzegi","131065","3:0","3","0","75","26","baza_3_2.csv","3.2|923115"
"164","3.2","923116","2026-04-05 17:00","Urania Olsztyn","ChudyTeam","130535","Zegrze Nieporęt","131194","3:0","3","0","75","41","baza_3_2.csv","3.2|923116"
"164","3.2","923117","2026-04-05 17:00","DZIK ŁÓDŹ ARENA","JTCNW Łódź","131093","Wiejski Klub Kielno","130498","3:0","3","0","75","7","baza_3_2.csv","3.2|923117"
"164","3.2","923118","2026-04-05 17:00","Arena Chłopów","ChlopkiTeam","128606","GALACTICOS FC","131018","3:2","3","2","103","88","baza_3_2.csv","3.2|923118"
"164","3.2","923119","2026-04-05 17:00","Kaźmierzanka","Plas Kaźmierz","137421","CVB Barça","141012","3:0","3","0","75","10","baza_3_2.csv","3.2|923119"
"164","3.2","923120","2026-04-05 17:00","LZS ARENA","Fiorentina Nakło","130905","Siatka Krzemieniewo","128597","3:1","3","1","97","85","baza_3_2.csv","3.2|923120"
"164","3.3","923353","2026-04-05 17:00","Phoenix Scene","Phoenix Fire","128687","NiuniuTeam","137395","3:0","3","0","75","44","baza_3_3.csv","3.3|923353"
"164","3.3","923354","2026-04-05 17:00","NWWALC Stadium","OFIME Targówek","131746","Drink Team","141020","3:0","3","0","75","17","baza_3_3.csv","3.3|923354"
"164","3.3","923355","2026-04-05 17:00","Dytto","DragonGAYS Polska","130705","Zduńska Wola Team","128640","3:0","3","0","75","17","baza_3_3.csv","3.3|923355"
"164","3.3","923356","2026-04-05 17:00","Urania","Bad Boys Team","128706","RINZLER","128627","3:0","3","0","75","54","baza_3_3.csv","3.3|923356"
"164","3.3","923357","2026-04-05 17:00","Jeżodrom","Jeżomyszy🦔z Marsa🪐","130972","Kotwica Kołobrzeg","128801","3:1","3","1","102","83","baza_3_3.csv","3.3|923357"
"164","3.3","923358","2026-04-05 17:00","Mazakowa hala sportowa","Mazaki VC","131006","FC Misieniechce Radom","130676","3:0","3","0","75","5","baza_3_3.csv","3.3|923358"
"164","3.3","923359","2026-04-05 17:00","Ale co","Ale co","128694","KS Zamienie","141062","3:0","3","0","75","23","baza_3_3.csv","3.3|923359"
"164","3.3","923360","2026-04-05 17:00","RG Arena","RG Olsztyn","128652","!STAL NYSA","130728","3:0","3","0","75","45","baza_3_3.csv","3.3|923360"
"164","3.4","923593","2026-04-05 17:00","Valiant Boys","Valiant Boys","130826","SST SPORTUR GMINA ŁAŃCUT","128795","3:0","3","0","75","56","baza_3_4.csv","3.4|923593"
"164","3.4","923594","2026-04-05 17:00","Leszczyny arena","Volley Leszczyny","137412","IKS Konstancin - Jeziorna","131223","3:0","3","0","75","26","baza_3_4.csv","3.4|923594"
"164","3.4","923595","2026-04-05 17:00","Smocza Jama","Smoczy Gród","131131","KS Świt Baranowo","128589","3:0","3","0","75","51","baza_3_4.csv","3.4|923595"
"164","3.4","923596","2026-04-05 17:00","Los Rakos arena","Los Rakos","137449","PIAST Strzelce Opolskie","130555","3:0","3","0","75","33","baza_3_4.csv","3.4|923596"
"164","3.4","923597","2026-04-05 17:00","Cytrynowe Pandemonium","Sycylijskie Cytryniaki","130704","Potok city","140815","3:0","3","0","75","38","baza_3_4.csv","3.4|923597"
"164","3.4","923598","2026-04-05 17:00","Ultras1908","eŁKSa1908","130836","Choroszcza Olsztyn","130774","3:0","3","0","75","39","baza_3_4.csv","3.4|923598"
"164","3.4","923599","2026-04-05 17:00","Trefl Arena","Trefl","131199","Asseco Resovia","131163","3:0","3","0","75","13","baza_3_4.csv","3.4|923599"
"164","3.4","923600","2026-04-05 17:00","Aqua Baltic Arena","Trefl Gdańsk Pomorze","130509","toto","128731","3:0","3","0","75","15","baza_3_4.csv","3.4|923600"
"164","3.5","923833","2026-04-05 17:00","Baltic Arena","KKS Kaszubia Kościerzyna","128786","KSW7","140968","3:0","3","0","75","30","baza_3_5.csv","3.5|923833"
"164","3.5","923834","2026-04-05 17:00","Arena Krosno","Iskra Krosno","128667","Aniołki Toruń","130820","3:0","3","0","75","18","baza_3_5.csv","3.5|923834"
"164","3.5","923835","2026-04-05 17:00","Arena Poznań","PGE Skra Poznań","130781","AKS VOLLEY  DOBRA","141110","3:0","3","0","75","38","baza_3_5.csv","3.5|923835"
"164","3.5","923836","2026-04-05 17:00","Volley Arena","SKS Iłżanka Baranów","128715","Bart Thorn","130726","3:0","3","0","75","42","baza_3_5.csv","3.5|923836"
"164","3.5","923837","2026-04-05 17:00","Ninjutsu Arena 2024","S-Ninjas","130582","AKS Śliw@","128584","3:0","3","0","75","16","baza_3_5.csv","3.5|923837"
"164","3.5","923838","2026-04-05 17:00","OPOLE_ARENA","OPOLE","130500","ULTRAS-PL","130527","3:0","3","0","75","24","baza_3_5.csv","3.5|923838"
"164","3.5","923839","2026-04-05 17:00","H69","VC BORDER","128622","Kosmiczne Mandarynki","128609","3:0","3","0","75","33","baza_3_5.csv","3.5|923839"
"164","3.5","923840","2026-04-05 17:00","Halaaa","CAMORRA VC","130516","RafaTeam Lipusz","130561","3:0","3","0","75","50","baza_3_5.csv","3.5|923840"
"164","3.6","924073","2026-04-05 17:00","Słomin centre","Projekt Słomin","128700","Twierdza Teodorówka","130591","0:3","0","3","54","75","baza_3_6.csv","3.6|924073"
"164","3.6","924074","2026-04-05 17:00","Strongman Arena","RTS.Strongman Małecz","130601","KS Limanowa","140814","3:0","3","0","75","17","baza_3_6.csv","3.6|924074"
"164","3.6","924075","2026-04-05 17:00","Ceremony Place Soreide","Groszowice Soreide","130604","Są Gorsi","130693","3:0","3","0","75","9","baza_3_6.csv","3.6|924075"
"164","3.6","924076","2026-04-05 17:00","Arena Siemianowice","MKS Siemianowice","128799","SMS Rzeszów","137337","3:0","3","0","75","5","baza_3_6.csv","3.6|924076"
"164","3.6","924077","2026-04-05 17:00","Olle hall","Victoria Wałbrzych","128774","Pogoń Żubr","130564","3:0","3","0","75","28","baza_3_6.csv","3.6|924077"
"164","3.6","924078","2026-04-05 17:00","The Others Arena","Black Smoke","137347","Kudowianka Kudowa-Zdrój","131235","2:3","2","3","97","97","baza_3_6.csv","3.6|924078"
"164","3.6","924079","2026-04-05 17:00","HSW Jastrzębie Zdrój","KS Jastrzębie","130545","Young Team Reaktywacja","140951","3:0","3","0","75","40","baza_3_6.csv","3.6|924079"
"164","3.6","924080","2026-04-05 17:00","Browar","Browary Hills","130979","Ikjas Toruń","131062","3:0","3","0","75","26","baza_3_6.csv","3.6|924080"
"164","3.7","924313","2026-04-05 17:00","San Siro","Stocznia Gdańsk","130595","Ghrum","130784","3:1","3","1","94","84","baza_3_7.csv","3.7|924313"
"164","3.7","924314","2026-04-05 17:00","Immobile Łuczniczka","BKS Visła Bydgoszcz","131284","LKS Rotavia Nieporęt","128730","2:3","2","3","98","99","baza_3_7.csv","3.7|924314"
"164","3.7","924315","2026-04-05 17:00","Reksio Arena","Mighty Bears","130513","Dyliżans Brzózka","137454","0:3","0","3","55","76","baza_3_7.csv","3.7|924315"
"164","3.7","924316","2026-04-05 17:00","Meteora Arena","Linkin Park United","130617","FFP Virtual Volley","130573","3:0","3","0","75","16","baza_3_7.csv","3.7|924316"
"164","3.7","924317","2026-04-05 17:00","Spodek Viadukt","Volania Jeleninhos","131141","SDJ Janów","131251","3:0","3","0","75","36","baza_3_7.csv","3.7|924317"
"164","3.7","924318","2026-04-05 17:00","Hala PP Piotrowo","AZS Politechnika Poznańska","128759","Błysk2","131225","0:3","0","3","46","75","baza_3_7.csv","3.7|924318"
"164","3.7","924319","2026-04-05 17:00","KZN","KZN","131229","Dąbrowskie Pioruny","140781","3:0","3","0","75","27","baza_3_7.csv","3.7|924319"
"164","3.7","924320","2026-04-05 17:00","Spulchniona Ziemia","Latające Dżdżownice","140796","Orły","137486","3:1","3","1","97","79","baza_3_7.csv","3.7|924320"
"164","3.8","924553","2026-04-05 17:00","Stilon Arena","Stilon Gorzów","130891","Fc Kiciusie","140744","3:0","3","0","75","21","baza_3_8.csv","3.8|924553"
"164","3.8","924554","2026-04-05 17:00","Hell","Przebój Wolbrom","130621","KndSynu Cios","137411","3:0","3","0","76","53","baza_3_8.csv","3.8|924554"
"164","3.8","924555","2026-04-05 17:00","Fabryczna Union Arena","Budowlani Łódź","128736","AZS PRIME Olsztyn","137361","3:0","3","0","75","43","baza_3_8.csv","3.8|924555"
"164","3.8","924556","2026-04-05 17:00","Kolonia Arena","Volley Królewscy Jedlnia","130524","Dallas Mavericks","128666","3:0","3","0","75","14","baza_3_8.csv","3.8|924556"
"164","3.8","924557","2026-04-05 17:00","Tylmanowa Arena","Aptekarz Tylmanowa","128720","Fc Albatros","131276","3:0","3","0","75","42","baza_3_8.csv","3.8|924557"
"164","3.8","924558","2026-04-05 17:00","Hala Energia","PGE GIEK Skra Bełchatów","130721","ZAKSA ŚWINOUJŚCIE","130896","3:0","3","0","75","30","baza_3_8.csv","3.8|924558"
"164","3.8","924559","2026-04-05 17:00","Na Hasioku","Jang Tim","128677","MKS Dąbrowa Górnicza","128800","3:0","3","0","75","44","baza_3_8.csv","3.8|924559"
"164","3.8","924560","2026-04-05 17:00","Rock Arena","Rockers Wrocław","128605","Anioły Toruń","130514","3:0","3","0","75","27","baza_3_8.csv","3.8|924560"
"164","3.9","924793","2026-04-05 17:00","Hala Relax","Volley Team Piotrków Tryb.","128724","Sardegna Volley","137467","3:0","3","0","75","51","baza_3_9.csv","3.9|924793"
"164","3.9","924794","2026-04-05 17:00","Bonito Arena","Joga Bonito","137493","SBX TEAM","140751","3:0","3","0","75","44","baza_3_9.csv","3.9|924794"
"164","3.9","924795","2026-04-05 17:00","XYZ","ZYX","131059","Jagiellonia Białystok","140856","3:0","3","0","75","18","baza_3_9.csv","3.9|924795"
"164","3.9","924796","2026-04-05 17:00","Volley Citadel","Spartans Volley","130930","Czarni Piasek","128752","3:0","3","0","75","25","baza_3_9.csv","3.9|924796"
"164","3.9","924797","2026-04-05 17:00","VST Hala Sportowa","Volleyball Szubin Team","128579","Flying Spiders","140867","3:0","3","0","75","12","baza_3_9.csv","3.9|924797"
"164","3.9","924798","2026-04-05 17:00","HalaAT","ActiVeTeam","128702","GSY","130525","3:0","3","0","75","40","baza_3_9.csv","3.9|924798"
"164","3.9","924799","2026-04-05 17:00","OSiR","Zaksa Mszczonów","130593","SGS Goleniów","137350","0:3","0","3","59","75","baza_3_9.csv","3.9|924799"
"164","3.9","924800","2026-04-05 17:00","OSiR Golub-Dobrzyń","Zamek Golub-Dobrzyń","131227","Galaxia Kwielice","130973","3:0","3","0","75","50","baza_3_9.csv","3.9|924800"
"164","3.10","925033","2026-04-05 17:00","JednakGramy Arena","JednakGramy","128768","Kopernik Toruń","130739","3:0","3","0","75","28","baza_3_10.csv","3.10|925033"
"164","3.10","925034","2026-04-05 17:00","Osyra Stadion","GPT Mysłowice","128747","TSW Wisła Kraków","151056","3:0","3","0","75","53","baza_3_10.csv","3.10|925034"
"164","3.10","925035","2026-04-05 17:00","Wataha","Polish Wolves","131258","Tigers","128634","3:0","3","0","75","10","baza_3_10.csv","3.10|925035"
"164","3.10","925036","2026-04-05 17:00","Stadion Złotych Orłów","Złote Orły","131740","BBTS Bielsko-Biała","137383","3:0","3","0","75","24","baza_3_10.csv","3.10|925036"
"164","3.10","925037","2026-04-05 17:00","Crucible","Bydgoszcz Baki","128616","UKS BŁYSKAWICA ŁOWICZ","130699","3:0","3","0","75","25","baza_3_10.csv","3.10|925037"
"164","3.10","925038","2026-04-05 17:00","Hala sportowa w Paterku ul. Kcyńska 6A","TKS Jelenie Studzienki","130939","KK271","141054","3:0","3","0","75","26","baza_3_10.csv","3.10|925038"
"164","3.10","925039","2026-04-05 17:00","Arena Baranów","KS Strużanka Baranów","130994","Indykpol AZS Olsztyn","128620","3:0","3","0","75","59","baza_3_10.csv","3.10|925039"
"164","3.10","925040","2026-04-05 17:00","Osir","Pancio","128750","Hot Volley Nysa","128630","3:0","3","0","81","69","baza_3_10.csv","3.10|925040"
"164","3.11","925273","2026-04-05 17:00","Stajnia Jednorożców","Kolorowe Rumaki","131164","Team WWW","131066","3:0","3","0","75","45","baza_3_11.csv","3.11|925273"
"164","3.11","925274","2026-04-05 17:00","Szklanka Wódki xD","ScorpioN","128617","Enea PTPS Piła","128646","3:0","3","0","75","25","baza_3_11.csv","3.11|925274"
"164","3.11","925275","2026-04-05 17:00","Upadła Arena","Latające Imadła","131022","NIELOTY GDAŃSK","130946","3:0","3","0","75","12","baza_3_11.csv","3.11|925275"
"164","3.11","925276","2026-04-05 17:00","Hala Chrupnięcia","AKS Andrut Kalisz 🧇","128789","Gwoździe","140812","3:0","3","0","75","15","baza_3_11.csv","3.11|925276"
"164","3.11","925277","2026-04-05 17:00","Brute Force Arena","Brute Force","130978","FC Łosarnia Tujsk","140910","3:0","3","0","75","43","baza_3_11.csv","3.11|925277"
"164","3.11","925278","2026-04-05 17:00","Pogoń Arena","Pogoń Portowcy","131768","KS Crusaders","137439","3:0","3","0","75","25","baza_3_11.csv","3.11|925278"
"164","3.11","925279","2026-04-05 17:00","PauPau Arena","PauPau","140825","Orzełki Team","137444","3:0","3","0","75","52","baza_3_11.csv","3.11|925279"
"164","3.11","925280","2026-04-05 17:00","Arena Wieluń","Seniorzy Wieluń","130519","Kasztaniaki","131735","3:0","3","0","75","51","baza_3_11.csv","3.11|925280"
"164","3.12","925513","2026-04-05 17:00","Sparbanken Skåne Arena","🌳Leśne Ludki🌳","131712","Yu-Gi-Oh!","131717","1:3","1","3","70","96","baza_3_12.csv","3.12|925513"
"164","3.12","925514","2026-04-05 17:00","Konarzewo Arena","KS Konarzewo","137342","Anię dopadła grypa","140870","3:0","3","0","75","11","baza_3_12.csv","3.12|925514"
"164","3.12","925515","2026-04-05 17:00","Ipsarion","Ipsarion","140952","Braniewo Volley","141119","3:0","3","0","75","26","baza_3_12.csv","3.12|925515"
"164","3.12","925516","2026-04-05 17:00","Lesko Arena","Volley Master","130507","Lube Rzeszów","130863","3:0","3","0","75","14","baza_3_12.csv","3.12|925516"
"164","3.12","925517","2026-04-05 17:00","Hala Urania of City Olsztyn","Zawisza Olsztyn","128659","Aciu Team","131157","3:0","3","0","75","19","baza_3_12.csv","3.12|925517"
"164","3.12","925518","2026-04-05 17:00","Bagno","The Ops","131290","Warta Zawiercie","130562","3:0","3","0","75","52","baza_3_12.csv","3.12|925518"
"164","3.12","925519","2026-04-05 17:00","Losir Luboń","Acapulco Stalion","128733","Olimpia Kowary","137420","3:0","3","0","75","25","baza_3_12.csv","3.12|925519"
"164","3.12","925520","2026-04-05 17:00","Sparta","300-stuSpartan","137376","ARM Volley","137419","3:1","3","1","86","73","baza_3_12.csv","3.12|925520"
"164","3.13","925753","2026-04-05 17:00","Orły hall","PolskieOrły","128769","MKS ŁĘCZYCA","128741","3:1","3","1","97","78","baza_3_13.csv","3.13|925753"
"164","3.13","925754","2026-04-05 17:00","Lokomotiv Plzen","Raven","140853","Red Devils","128725","3:0","3","0","75","52","baza_3_13.csv","3.13|925754"
"164","3.13","925755","2026-04-05 17:00","Valhalla","Brave Vikings","131709","Sędziowie Bydgoszcz","140960","3:0","3","0","75","8","baza_3_13.csv","3.13|925755"
"164","3.13","925756","2026-04-05 17:00","Im. Św. Qbiniego","Aleleble","128628","TwentyFive.pl","130518","3:0","3","0","75","28","baza_3_13.csv","3.13|925756"
"164","3.13","925757","2026-04-05 17:00","Progress Arena","ProgressTeam","128806","Trentino Młodzieszyn","128599","3:0","3","0","75","18","baza_3_13.csv","3.13|925757"
"164","3.13","925758","2026-04-05 17:00","TUR TUREK KOCIOŁ SILNIK PODKRĘCONY TEJ","☣️ MY TU TEGO BAGNO 💩💩    🔝","130911","Unia Leszno","131196","3:1","3","1","89","63","baza_3_13.csv","3.13|925758"
"164","3.13","925759","2026-04-05 17:00","Rat Arena","🐀Ratty Rattas🐀","128707","LKS  ASERTO Trześń","131723","3:0","3","0","75","23","baza_3_13.csv","3.13|925759"
"164","3.13","925760","2026-04-05 17:00","Szczoty","Spartakus Radom","131248","Szmulki","140963","3:0","3","0","75","25","baza_3_13.csv","3.13|925760"
"164","3.14","925993","2026-04-05 17:00","Dąbrówka Arena","III Piastowskie","130858","Farciarze FC","128734","0:3","0","3","56","75","baza_3_14.csv","3.14|925993"
"164","3.14","925994","2026-04-05 17:00","Mierzwice Arena","Mierzwicanka Mierzwice","130539","Zryw","141102","2:3","2","3","104","110","baza_3_14.csv","3.14|925994"
"164","3.14","925995","2026-04-05 17:00","Hit Dome","Hit Happens","131734","Kanzas Foxx","137481","3:0","3","0","75","21","baza_3_14.csv","3.14|925995"
"164","3.14","925996","2026-04-05 17:00","Bebzol","Arbuzy i Kebaby","130611","Skra Trzemeszno","131217","3:0","3","0","75","14","baza_3_14.csv","3.14|925996"
"164","3.14","925997","2026-04-05 17:00","Old Trafford","KS Brzeziny","128710","NTS NAKŁO NAD NOTECIĄ","128729","3:1","3","1","91","74","baza_3_14.csv","3.14|925997"
"164","3.14","925998","2026-04-05 17:00","Lions Stadium","Lajony Kingzz","131747","BT ENERGIA","137456","3:0","3","0","75","16","baza_3_14.csv","3.14|925998"
"164","3.14","925999","2026-04-05 17:00","pONczek Arena","pONczek Team","130540","KS GRABÓW","130543","3:0","3","0","75","46","baza_3_14.csv","3.14|925999"
"164","3.14","926000","2026-04-05 17:00","Shtosee Sky arena","Shtosee volley team","128680","Kubiki","130510","3:1","3","1","97","93","baza_3_14.csv","3.14|926000"
"164","3.15","926233","2026-04-05 17:00","OSIR ARENA","G.T.S. Unia Choceń","128749","Śląskie Burrito","131722","3:0","3","0","75","16","baza_3_15.csv","3.15|926233"
"164","3.15","926234","2026-04-05 17:00","Makalamabedi","W124","137366","Ks Kedzierzyn","128713","3:0","3","0","75","54","baza_3_15.csv","3.15|926234"
"164","3.15","926235","2026-04-05 17:00","Estadio zulito","Lech Sulechów","128625","Wierzeje","141108","3:1","3","1","95","67","baza_3_15.csv","3.15|926235"
"164","3.15","926236","2026-04-05 17:00","Dobrzynianka","Victoria Dobra","131261","AZT Tytan Czestochowa","128743","0:3","0","3","53","75","baza_3_15.csv","3.15|926236"
"164","3.15","926237","2026-04-05 17:00","Kabako Arena","Finlandia Opole Lubelskie","130910","LTS Feniks Leżajsk","141106","0:3","0","3","11","75","baza_3_15.csv","3.15|926237"
"164","3.15","926238","2026-04-05 17:00","MotoArena","FC Świętopełka 🔥","128802","Fenix Siennica","130586","3:0","3","0","75","22","baza_3_15.csv","3.15|926238"
"164","3.15","926239","2026-04-05 17:00","JaqbArena","JaqbTeam","128695","Gumi-Misie","131244","3:0","3","0","75","43","baza_3_15.csv","3.15|926239"
"164","3.15","926240","2026-04-05 17:00","MakosHall","Makosiki","128780","KS Okalew","131073","3:0","3","0","75","22","baza_3_15.csv","3.15|926240"
"164","3.16","926473","2026-04-05 17:00","Spożywczak","Blackburn Toruń","128601","La Vida Loca","131011","3:0","3","0","75","13","baza_3_16.csv","3.16|926473"
"164","3.16","926474","2026-04-05 17:00","PRAFIL ARENA","PGJ Azoty","130845","Gryf Policzna","140747","1:3","1","3","70","99","baza_3_16.csv","3.16|926474"
"164","3.16","926475","2026-04-05 17:00","Arena Łódź Podwodna","AquaSharks","128771","PKS Choszczno","140884","3:0","3","0","75","43","baza_3_16.csv","3.16|926475"
"164","3.16","926476","2026-04-05 17:00","ZNhala","Znienacka team","130933","Zadar Głuchołazy","128664","3:0","3","0","75","22","baza_3_16.csv","3.16|926476"
"164","3.16","926477","2026-04-05 17:00","Arena wilków","Złote Wilki","128790","Die Freie Stadt Danzig","130661","3:0","3","0","75","31","baza_3_16.csv","3.16|926477"
"164","3.16","926478","2026-04-05 17:00","DONUT","V-DRIFTERS","131254","🪿⎛⎝( ` ᢍ ´ )⎠⎞ᵐᵘʰᵃʰᵃ🦇","131021","0:3","0","3","41","75","baza_3_16.csv","3.16|926478"
"164","3.16","926479","2026-04-05 17:00","Camp Nou","Lance Armstrong","131718","Juve","131236","3:0","3","0","75","26","baza_3_16.csv","3.16|926479"
"164","3.16","926480","2026-04-05 17:00","poezyje","sanah","131179","GizoTeam","128693","3:0","3","0","75","37","baza_3_16.csv","3.16|926480"
"164","1.1","921665","2026-04-04 19:00","Arena of Rzeplin","Tsunami Rzeplin","128717","Dano Dream Team","130607","0:3","0","3","54","75","baza_1_1.csv","1.1|921665"
"164","1.1","921666","2026-04-04 19:00","Hala sportowa w Zduńskiej Woli","Volleyball Team Zduńska Wola","128603","Dzikie Rumaxy","128638","0:3","0","3","70","86","baza_1_1.csv","1.1|921666"
"164","1.1","921667","2026-04-04 19:00","Arena W-W","Wratislawia Wrocław","128772","Pilica Koniecpol","130885","0:3","0","3","48","75","baza_1_1.csv","1.1|921667"
"164","1.1","921668","2026-04-04 19:00","Ergo Małomice","Penguin Małomice","128781","Carplife 🇵🇱","130954","1:3","1","3","81","99","baza_1_1.csv","1.1|921668"
"164","1.1","921669","2026-04-04 19:00","Hala Polonia","Go Tigers","128631","Smerfy","128764","3:0","3","0","75","54","baza_1_1.csv","1.1|921669"
"164","1.1","921670","2026-04-04 19:00","SMA","Incognito Volley","128619","VC Kittens","128580","3:0","3","0","75","62","baza_1_1.csv","1.1|921670"
"164","1.1","921671","2026-04-04 19:00","Hala Widowiskowo-Sportowa \""AZOTY\""","ZAKSA Bochotnica","128722","AKS Volley Łódź","131002","3:2","3","2","103","103","baza_1_1.csv","1.1|921671"
"164","1.1","921672","2026-04-04 19:00","The Orchid","DHARMA Initiative","128577","Kuźnia Byków","130744","0:3","0","3","56","75","baza_1_1.csv","1.1|921672"
"164","2.1","921905","2026-04-04 19:00","Szpil Plac u Gerusia","Young Team","128708","Velen Volleyball Club","128684","0:3","0","3","39","75","baza_2_1.csv","2.1|921905"
"164","2.1","921906","2026-04-04 19:00","7l z Pepsi Arena","Hydra VT Gdańsk","128612","CF Mleczne Olsztyn","128668","3:1","3","1","91","78","baza_2_1.csv","2.1|921906"
"164","2.1","921907","2026-04-04 19:00","Hala 134","Libero Gorzków","128703","Saracens","128615","1:3","1","3","63","88","baza_2_1.csv","2.1|921907"
"164","2.1","921908","2026-04-04 19:00","Janów hall","Błyskawica Janów","131242","LukTeam","131134","2:3","2","3","100","102","baza_2_1.csv","2.1|921908"
"164","2.1","921909","2026-04-04 19:00","Pogro Arena","Pogromcy Gdańsk","131205","Najlepsi z Najlepszych","130520","2:3","2","3","86","106","baza_2_1.csv","2.1|921909"
"164","2.1","921910","2026-04-04 19:00","CYTRYNIEC","CYTRYNIEC CHIŃSKI","130809","Miesiany Miesiany","128676","0:3","0","3","54","75","baza_2_1.csv","2.1|921910"
"164","2.1","921911","2026-04-04 19:00","Parkhead","Celtic VC","128735","Smerfy z Rivii ⚔️⚔️🛡️","130934","2:3","2","3","95","99","baza_2_1.csv","2.1|921911"
"164","2.1","921912","2026-04-04 19:00","Silver Hall","Silver Arsenal","130505","Sprzeda Mecz","128663","0:3","0","3","41","75","baza_2_1.csv","2.1|921912"
"164","2.2","922145","2026-04-04 19:00","UMCS Hala Sportowa","Silver Sharks Lublin 🦈","128674","Zakład Karny w Strzelinie","128751","1:3","1","3","87","98","baza_2_2.csv","2.2|922145"
"164","2.2","922146","2026-04-04 19:00","Sisu Arena","Bydgoszcz Spartans","128726","RKS","128588","2:3","2","3","102","103","baza_2_2.csv","2.2|922146"
"164","2.2","922147","2026-04-04 19:00","Zimorodek","Nosmeisy","128686","CSKA Mielec","128613","3:0","3","0","75","52","baza_2_2.csv","2.2|922147"
"164","2.2","922148","2026-04-04 19:00","Piasterdam Stadium","AJAX PIASTY","130797","SiatkarskiePodlasie.pl","130565","0:3","0","3","53","76","baza_2_2.csv","2.2|922148"
"164","2.2","922149","2026-04-04 19:00","Millennium Arena","Millennium Siemianowice","130955","UKS Olimp Ostrołęka","128604","1:3","1","3","77","93","baza_2_2.csv","2.2|922149"
"164","2.2","922150","2026-04-04 19:00","Hala im. Pawła Kozioła","Ranczo Wilkowyje","130915","Czorty Chorzów","130959","3:1","3","1","100","97","baza_2_2.csv","2.2|922150"
"164","2.2","922151","2026-04-04 19:00","Wild Hall","Thorn Lynxes","131219","MAKDOM","128660","3:1","3","1","92","88","baza_2_2.csv","2.2|922151"
"164","2.2","922152","2026-04-04 19:00","Mroczna Arena","👽Strażnicy Cienia👽","128711","Rutz","130854","0:3","0","3","50","75","baza_2_2.csv","2.2|922152"
"164","2.3","922385","2026-04-04 19:00","Polonijny młyn","Polonia Bytom","130871","Vikings","128756","1:3","1","3","65","96","baza_2_3.csv","2.3|922385"
"164","2.3","922386","2026-04-04 19:00","Forteca Nakło","Stara Gwardia Nakło ⚔️","128688","KKS Gryf Lębork","128809","3:2","3","2","105","106","baza_2_3.csv","2.3|922386"
"164","2.3","922387","2026-04-04 19:00","Karakanówka","Skoczne Karakany","130767","🦣 KS MAMUTY 🦣","130549","3:1","3","1","93","82","baza_2_3.csv","2.3|922387"
"164","2.3","922388","2026-04-04 19:00","Hala Sportowa w Zabrzu","Zabrzański Górnik","128816","Bolek i lolek 🤙","128586","2:3","2","3","101","103","baza_2_3.csv","2.3|922388"
"164","2.3","922389","2026-04-04 19:00","Hala Orbita","EnergiaPro Gwardia Wrocław","130757","Karasuno","128635","0:3","0","3","57","75","baza_2_3.csv","2.3|922389"
"164","2.3","922390","2026-04-04 19:00","Torwar","Projekt Warszawa","128614","KS Budowlani Kołacin 👷🏻","128629","3:2","3","2","94","106","baza_2_3.csv","2.3|922390"
"164","2.3","922391","2026-04-04 19:00","Radomskie Centrum Sportu","RCS Czarni Radom","128600","Budowlani Nysa","130574","1:3","1","3","78","88","baza_2_3.csv","2.3|922391"
"164","2.3","922392","2026-04-04 19:00","Zoo","Wściekłe Tygrysy","128782","Vernixo","128679","0:3","0","3","58","75","baza_2_3.csv","2.3|922392"
"164","2.4","922625","2026-04-04 19:00","Alpha Arena","Alpha","131086","Unknown Team","128636","3:0","3","0","80","61","baza_2_4.csv","2.4|922625"
"164","2.4","922626","2026-04-04 19:00","wyrko rodzinne","Turbo Śpiochy","128578","BKS Białystok","128644","2:3","2","3","114","118","baza_2_4.csv","2.4|922626"
"164","2.4","922627","2026-04-04 19:00","QUEERTISONEK","QUEERTISONEK TEAM","131147","Ohana Gliwice","130945","0:3","0","3","44","75","baza_2_4.csv","2.4|922627"
"164","2.4","922628","2026-04-04 19:00","Kentucky Coffee Roasters Arena","KS Kawoholicy","131724","massive dongs","128592","0:3","0","3","50","75","baza_2_4.csv","2.4|922628"
"164","2.4","922629","2026-04-04 19:00","Olimp  Arena","Pioruny  i Grzmoty","130966","kiczan team zduńska wola","128596","0:3","0","3","45","75","baza_2_4.csv","2.4|922629"
"164","2.4","922630","2026-04-04 19:00","Sportur Astro","Sivass-Pol De Mare","128794","TEXańska Masakra Piłą Ręczną","131293","0:3","0","3","58","75","baza_2_4.csv","2.4|922630"
"164","2.4","922631","2026-04-04 19:00","Torwar","Vamos","128714","Bystra Bochotnica","128657","0:3","0","3","72","82","baza_2_4.csv","2.4|922631"
"164","2.4","922632","2026-04-04 19:00","Aviator arena","BH STAL MIELEC","130769","Fc MiSieNieChce","130908","3:0","3","0","75","29","baza_2_4.csv","2.4|922632"
"164","3.1","922865","2026-04-04 17:00","Avengers Arena","Avengers","130920","Team Spiryt Chorzów","130958","3:2","3","2","107","99","baza_3_1.csv","3.1|922865"
"164","3.1","922866","2026-04-04 17:00","Renifers Hall","Renifers","128675","Cicely","128704","3:0","3","0","75","48","baza_3_1.csv","3.1|922866"
"164","3.1","922867","2026-04-04 17:00","Rohan","Drużyna Pierścienia","141064","PGE Bubisie Bździochy","130773","0:3","0","3","42","75","baza_3_1.csv","3.1|922867"
"164","3.1","922868","2026-04-04 17:00","Volley Arena","Vollley Rybnik","137468","Bochotnica Celtics","128639","0:3","0","3","22","75","baza_3_1.csv","3.1|922868"
"164","3.1","922869","2026-04-04 17:00","Gniazdo","Orzeł Grzędzice","128728","⭐ Nati ⭐ 1995 ⭐  ∞  ⭐","130585","0:3","0","3","16","75","baza_3_1.csv","3.1|922869"
"164","3.1","922870","2026-04-04 17:00","Hala Azoty","Zaksa Kędzierzyn - Koźle","131200","TaUrsy","130537","3:0","3","0","75","23","baza_3_1.csv","3.1|922870"
"164","3.1","922871","2026-04-04 17:00","Ownz Ya! :: Arena","Team :: Ownz Ya!","130572","Korporacja Gwiazd Bezrobocia","128595","0:3","0","3","38","75","baza_3_1.csv","3.1|922871"
"164","3.1","922872","2026-04-04 17:00","SRS Bernabeu","SRS Katarina","137403","Cargo Kamieniec Ząbkowicki","151049","1:3","1","3","75","95","baza_3_1.csv","3.1|922872"
"164","3.2","923105","2026-04-04 17:00","Hala Sportowa","Siatka Krzemieniewo","128597","Maliniaczki","131020","0:3","0","3","44","75","baza_3_2.csv","3.2|923105"
"164","3.2","923106","2026-04-04 17:00","Palau Blaugrana","CVB Barça","141012","Fiorentina Nakło","130905","0:3","0","3","10","75","baza_3_2.csv","3.2|923106"
"164","3.2","923107","2026-04-04 17:00","ARENA KENTUCKY","GALACTICOS FC","131018","Plas Kaźmierz","137421","0:3","0","3","23","75","baza_3_2.csv","3.2|923107"
"164","3.2","923108","2026-04-04 17:00","WKS Kielno Arena","Wiejski Klub Kielno","130498","ChlopkiTeam","128606","0:3","0","3","29","75","baza_3_2.csv","3.2|923108"
"164","3.2","923109","2026-04-04 17:00","Lake Arena","Zegrze Nieporęt","131194","JTCNW Łódź","131093","0:3","0","3","35","75","baza_3_2.csv","3.2|923109"
"164","3.2","923110","2026-04-04 17:00","PB Arena","Huragan Białobrzegi","131065","ChudyTeam","130535","0:3","0","3","33","75","baza_3_2.csv","3.2|923110"
"164","3.2","923111","2026-04-04 17:00","Stodoła 97","VC  Ziębka Team","130503","Czarne plamy","128655","0:3","0","3","35","75","baza_3_2.csv","3.2|923111"
"164","3.2","923112","2026-04-04 17:00","Wylęgarnia Potworów","Nocne Potwory","128803","WIPP Thunder","128672","3:0","3","0","76","67","baza_3_2.csv","3.2|923112"
"164","3.3","923345","2026-04-04 17:00","KOCIOŁ","!STAL NYSA","130728","Phoenix Fire","128687","0:3","0","3","48","75","baza_3_3.csv","3.3|923345"
"164","3.3","923346","2026-04-04 17:00","Meduza","KS Zamienie","141062","RG Olsztyn","128652","0:3","0","3","14","75","baza_3_3.csv","3.3|923346"
"164","3.3","923347","2026-04-04 17:00","Misieniechce Radom Arena","FC Misieniechce Radom","130676","Ale co","128694","0:3","0","3","9","75","baza_3_3.csv","3.3|923347"
"164","3.3","923348","2026-04-04 17:00","Milenium MOSIR","Kotwica Kołobrzeg","128801","Mazaki VC","131006","0:3","0","3","43","75","baza_3_3.csv","3.3|923348"
"164","3.3","923349","2026-04-04 17:00","RINLZER ARENA","RINZLER","128627","Jeżomyszy🦔z Marsa🪐","130972","0:3","0","3","23","75","baza_3_3.csv","3.3|923349"
"164","3.3","923350","2026-04-04 17:00","Wimbledon","Zduńska Wola Team","128640","Bad Boys Team","128706","0:3","0","3","15","75","baza_3_3.csv","3.3|923350"
"164","3.3","923351","2026-04-04 17:00","Drink Arena","Drink Team","141020","DragonGAYS Polska","130705","0:3","0","3","23","75","baza_3_3.csv","3.3|923351"
"164","3.3","923352","2026-04-04 17:00","NiuniuCamp","NiuniuTeam","137395","OFIME Targówek","131746","1:3","1","3","89","101","baza_3_3.csv","3.3|923352"
"164","3.4","923585","2026-04-04 17:00","toto","toto","128731","Valiant Boys","130826","0:3","0","3","6","75","baza_3_4.csv","3.4|923585"
"164","3.4","923586","2026-04-04 17:00","Podpromie","Asseco Resovia","131163","Trefl Gdańsk Pomorze","130509","0:3","0","3","23","75","baza_3_4.csv","3.4|923586"
"164","3.4","923587","2026-04-04 17:00","Urania","Choroszcza Olsztyn","130774","Trefl","131199","3:1","3","1","90","81","baza_3_4.csv","3.4|923587"
"164","3.4","923588","2026-04-04 17:00","Pod niebem u Henia","Potok city","140815","eŁKSa1908","130836","0:3","0","3","31","75","baza_3_4.csv","3.4|923588"
"164","3.4","923589","2026-04-04 17:00","Strzelce Opolskie Arena","PIAST Strzelce Opolskie","130555","Sycylijskie Cytryniaki","130704","1:3","1","3","54","95","baza_3_4.csv","3.4|923589"
"164","3.4","923590","2026-04-04 17:00","Niepodległości 11","KS Świt Baranowo","128589","Los Rakos","137449","0:3","0","3","53","75","baza_3_4.csv","3.4|923590"
"164","3.4","923591","2026-04-04 17:00","GOKSiR Konstancin","IKS Konstancin - Jeziorna","131223","Smoczy Gród","131131","0:3","0","3","21","75","baza_3_4.csv","3.4|923591"
"164","3.4","923592","2026-04-04 17:00","Arena Albigowa","SST SPORTUR GMINA ŁAŃCUT","128795","Volley Leszczyny","137412","0:3","0","3","46","75","baza_3_4.csv","3.4|923592"
"164","3.5","923825","2026-04-04 17:00","MOSiR LIPUSZ","RafaTeam Lipusz","130561","KKS Kaszubia Kościerzyna","128786","0:3","0","3","45","75","baza_3_5.csv","3.5|923825"
"164","3.5","923826","2026-04-04 17:00","Public Enemies","Kosmiczne Mandarynki","128609","CAMORRA VC","130516","0:3","0","3","34","75","baza_3_5.csv","3.5|923826"
"164","3.5","923827","2026-04-04 17:00","ULTRAS ARENA","ULTRAS-PL","130527","VC BORDER","128622","0:3","0","3","11","75","baza_3_5.csv","3.5|923827"
"164","3.5","923828","2026-04-04 17:00","Hala Sportowa AKS","AKS Śliw@","128584","OPOLE","130500","0:3","0","3","47","75","baza_3_5.csv","3.5|923828"
"164","3.5","923829","2026-04-04 17:00","Thorn Hall","Bart Thorn","130726","S-Ninjas","130582","0:3","0","3","31","75","baza_3_5.csv","3.5|923829"
"164","3.5","923830","2026-04-04 17:00","Hala Dobra","AKS VOLLEY  DOBRA","141110","SKS Iłżanka Baranów","128715","0:3","0","3","38","75","baza_3_5.csv","3.5|923830"
"164","3.5","923831","2026-04-04 17:00","Dwa słupki i sznurek azt","Aniołki Toruń","130820","PGE Skra Poznań","130781","0:3","0","3","30","75","baza_3_5.csv","3.5|923831"
"164","3.5","923832","2026-04-04 17:00","KSW ARENA","KSW7","140968","Iskra Krosno","128667","0:3","0","3","56","75","baza_3_5.csv","3.5|923832"
"164","3.6","924065","2026-04-04 17:00","Ikjas Arena","Ikjas Toruń","131062","Projekt Słomin","128700","0:3","0","3","54","76","baza_3_6.csv","3.6|924065"
"164","3.6","924066","2026-04-04 17:00","Boisko na polu","Young Team Reaktywacja","140951","Browary Hills","130979","0:3","0","3","38","75","baza_3_6.csv","3.6|924066"
"164","3.6","924067","2026-04-04 17:00","KCKiS","Kudowianka Kudowa-Zdrój","131235","KS Jastrzębie","130545","1:3","1","3","63","98","baza_3_6.csv","3.6|924067"
"164","3.6","924068","2026-04-04 17:00","Puszcza","Pogoń Żubr","130564","Black Smoke","137347","1:3","1","3","76","85","baza_3_6.csv","3.6|924068"
"164","3.6","924069","2026-04-04 17:00","Podpromie","SMS Rzeszów","137337","Victoria Wałbrzych","128774","0:3","0","3","11","75","baza_3_6.csv","3.6|924069"
"164","3.6","924070","2026-04-04 17:00","Są gorsze areny","Są Gorsi","130693","MKS Siemianowice","128799","0:3","0","3","17","75","baza_3_6.csv","3.6|924070"
"164","3.6","924071","2026-04-04 17:00","Hala Limanowa","KS Limanowa","140814","Groszowice Soreide","130604","0:3","0","3","10","75","baza_3_6.csv","3.6|924071"
"164","3.6","924072","2026-04-04 17:00","Arena Twierdza","Twierdza Teodorówka","130591","RTS.Strongman Małecz","130601","3:1","3","1","95","84","baza_3_6.csv","3.6|924072"
"164","3.7","924305","2026-04-04 17:00","Hala Orłów","Orły","137486","Stocznia Gdańsk","130595","0:3","0","3","59","75","baza_3_7.csv","3.7|924305"
"164","3.7","924306","2026-04-04 17:00","GROZA","Dąbrowskie Pioruny","140781","Latające Dżdżownice","140796","0:3","0","3","18","75","baza_3_7.csv","3.7|924306"
"164","3.7","924307","2026-04-04 17:00","Arena Wielkoludów","Błysk2","131225","KZN","131229","3:0","3","0","75","64","baza_3_7.csv","3.7|924307"
"164","3.7","924308","2026-04-04 17:00","Janów Darbaz","SDJ Janów","131251","AZS Politechnika Poznańska","128759","0:3","0","3","48","75","baza_3_7.csv","3.7|924308"
"164","3.7","924309","2026-04-04 17:00","FFP Arena","FFP Virtual Volley","130573","Volania Jeleninhos","131141","0:3","0","3","22","75","baza_3_7.csv","3.7|924309"
"164","3.7","924310","2026-04-04 17:00","Estadio de Brzózka","Dyliżans Brzózka","137454","Linkin Park United","130617","1:3","1","3","87","99","baza_3_7.csv","3.7|924310"
"164","3.7","924311","2026-04-04 17:00","Rotavia Arena","LKS Rotavia Nieporęt","128730","Mighty Bears","130513","2:3","2","3","97","93","baza_3_7.csv","3.7|924311"
"164","3.7","924312","2026-04-04 17:00","Haba","Ghrum","130784","BKS Visła Bydgoszcz","131284","3:2","3","2","106","99","baza_3_7.csv","3.7|924312"
"164","3.8","924545","2026-04-04 17:00","Arena Toruń","Anioły Toruń","130514","Stilon Gorzów","130891","0:3","0","3","25","75","baza_3_8.csv","3.8|924545"
"164","3.8","924546","2026-04-04 17:00","HALA CENTRUM","MKS Dąbrowa Górnicza","128800","Rockers Wrocław","128605","0:3","0","3","30","75","baza_3_8.csv","3.8|924546"
"164","3.8","924547","2026-04-04 17:00","zAKSA ARENA","ZAKSA ŚWINOUJŚCIE","130896","Jang Tim","128677","0:3","0","3","31","75","baza_3_8.csv","3.8|924547"
"164","3.8","924548","2026-04-04 17:00","Fc","Fc Albatros","131276","PGE GIEK Skra Bełchatów","130721","0:3","0","3","31","75","baza_3_8.csv","3.8|924548"
"164","3.8","924549","2026-04-04 17:00","Américain Airlines Center","Dallas Mavericks","128666","Aptekarz Tylmanowa","128720","0:3","0","3","29","75","baza_3_8.csv","3.8|924549"
"164","3.8","924550","2026-04-04 17:00","Hala Urania","AZS PRIME Olsztyn","137361","Volley Królewscy Jedlnia","130524","0:3","0","3","23","75","baza_3_8.csv","3.8|924550"
"164","3.8","924551","2026-04-04 17:00","KND Arena","KndSynu Cios","137411","Budowlani Łódź","128736","0:3","0","3","60","75","baza_3_8.csv","3.8|924551"
"164","3.8","924552","2026-04-04 17:00","Kiciniowo","Fc Kiciusie","140744","Przebój Wolbrom","130621","0:3","0","3","35","75","baza_3_8.csv","3.8|924552"
"164","3.9","924785","2026-04-04 17:00","Hall of Glory","Galaxia Kwielice","130973","Volley Team Piotrków Tryb.","128724","3:0","3","0","75","52","baza_3_9.csv","3.9|924785"
"164","3.9","924786","2026-04-04 17:00","SGS Arena","SGS Goleniów","137350","Zamek Golub-Dobrzyń","131227","0:3","0","3","55","75","baza_3_9.csv","3.9|924786"
"164","3.9","924787","2026-04-04 17:00","DORCAN","GSY","130525","Zaksa Mszczonów","130593","0:3","0","3","46","75","baza_3_9.csv","3.9|924787"
"164","3.9","924788","2026-04-04 17:00","Golasowice","Flying Spiders","140867","ActiVeTeam","128702","0:3","0","3","21","75","baza_3_9.csv","3.9|924788"
"164","3.9","924789","2026-04-04 17:00","Malinowa home","Czarni Piasek","128752","Volleyball Szubin Team","128579","0:3","0","3","23","75","baza_3_9.csv","3.9|924789"
"164","3.9","924790","2026-04-04 17:00","Jaga","Jagiellonia Białystok","140856","Spartans Volley","130930","0:3","0","3","18","75","baza_3_9.csv","3.9|924790"
"164","3.9","924791","2026-04-04 17:00","Hala Brzeziny","SBX TEAM","140751","ZYX","131059","0:3","0","3","22","75","baza_3_9.csv","3.9|924791"
"164","3.9","924792","2026-04-04 17:00","Sardegna Hall","Sardegna Volley","137467","Joga Bonito","137493","3:2","3","2","107","104","baza_3_9.csv","3.9|924792"
"164","3.10","925025","2026-04-04 17:00","Fire Ball Arena","Hot Volley Nysa","128630","JednakGramy","128768","0:3","0","3","58","75","baza_3_10.csv","3.10|925025"
"164","3.10","925026","2026-04-04 17:00","Hala Urania","Indykpol AZS Olsztyn","128620","Pancio","128750","0:3","0","3","50","75","baza_3_10.csv","3.10|925026"
"164","3.10","925027","2026-04-04 17:00","AWZAN 271","KK271","141054","KS Strużanka Baranów","130994","0:3","0","3","35","75","baza_3_10.csv","3.10|925027"
"164","3.10","925028","2026-04-04 17:00","ŁOWICZ ARENA","UKS BŁYSKAWICA ŁOWICZ","130699","TKS Jelenie Studzienki","130939","0:3","0","3","24","75","baza_3_10.csv","3.10|925028"
"164","3.10","925029","2026-04-04 17:00","Hala Widowiskowa BBOSiR","BBTS Bielsko-Biała","137383","Bydgoszcz Baki","128616","0:3","0","3","15","75","baza_3_10.csv","3.10|925029"
"164","3.10","925030","2026-04-04 17:00","Sovia","Tigers","128634","Złote Orły","131740","0:3","0","3","3","75","baza_3_10.csv","3.10|925030"
"164","3.10","925031","2026-04-04 17:00","R22","TSW Wisła Kraków","151056","Polish Wolves","131258","0:3","0","3","44","75","baza_3_10.csv","3.10|925031"
"164","3.10","925032","2026-04-04 17:00","Piernik Arena","Kopernik Toruń","130739","GPT Mysłowice","128747","0:3","0","3","40","75","baza_3_10.csv","3.10|925032"
"164","3.11","925265","2026-04-04 17:00","Kasztan","Kasztaniaki","131735","Kolorowe Rumaki","131164","0:3","0","3","56","79","baza_3_11.csv","3.11|925265"
"164","3.11","925266","2026-04-04 17:00","Hala Orzełek","Orzełki Team","137444","Seniorzy Wieluń","130519","0:3","0","3","26","75","baza_3_11.csv","3.11|925266"
"164","3.11","925267","2026-04-04 17:00","Crusaders Hall","KS Crusaders","137439","PauPau","140825","0:3","0","3","46","75","baza_3_11.csv","3.11|925267"
"164","3.11","925268","2026-04-04 17:00","Tujniczanka-Łosmanat","FC Łosarnia Tujsk","140910","Pogoń Portowcy","131768","0:3","0","3","36","75","baza_3_11.csv","3.11|925268"
"164","3.11","925269","2026-04-04 17:00","Decha Arena","Gwoździe","140812","Brute Force","130978","0:3","0","3","7","75","baza_3_11.csv","3.11|925269"
"164","3.11","925270","2026-04-04 17:00","ERGO ARENA","NIELOTY GDAŃSK","130946","AKS Andrut Kalisz 🧇","128789","0:3","0","3","12","75","baza_3_11.csv","3.11|925270"
"164","3.11","925271","2026-04-04 17:00","hala MOSiR","Enea PTPS Piła","128646","Latające Imadła","131022","0:3","0","3","21","75","baza_3_11.csv","3.11|925271"
"164","3.11","925272","2026-04-04 17:00","Arena W","Team WWW","131066","ScorpioN","128617","1:3","1","3","92","93","baza_3_11.csv","3.11|925272"
"164","3.12","925505","2026-04-04 17:00","Masuria Palace","ARM Volley","137419","🌳Leśne Ludki🌳","131712","0:3","0","3","52","75","baza_3_12.csv","3.12|925505"
"164","3.12","925506","2026-04-04 17:00","Immobile Kowary","Olimpia Kowary","137420","300-stuSpartan","137376","0:3","0","3","24","75","baza_3_12.csv","3.12|925506"
"164","3.12","925507","2026-04-04 17:00","Arena Zawiercie","Warta Zawiercie","130562","Acapulco Stalion","128733","0:3","0","3","61","76","baza_3_12.csv","3.12|925507"
"164","3.12","925508","2026-04-04 17:00","Aciu Hall","Aciu Team","131157","The Ops","131290","0:3","0","3","12","75","baza_3_12.csv","3.12|925508"
"164","3.12","925509","2026-04-04 17:00","Niebieskie Piekło","Lube Rzeszów","130863","Zawisza Olsztyn","128659","0:3","0","3","42","75","baza_3_12.csv","3.12|925509"
"164","3.12","925510","2026-04-04 17:00","B4 Arena","Braniewo Volley","141119","Volley Master","130507","0:3","0","3","15","75","baza_3_12.csv","3.12|925510"
"164","3.12","925511","2026-04-04 17:00","Prognozy dzisiaj nie będzie","Anię dopadła grypa","140870","Ipsarion","140952","0:3","0","3","12","75","baza_3_12.csv","3.12|925511"
"164","3.12","925512","2026-04-04 17:00","Match Of The Millennium","Yu-Gi-Oh!","131717","KS Konarzewo","137342","0:3","0","3","53","75","baza_3_12.csv","3.12|925512"
"164","3.13","925745","2026-04-04 17:00","Szmulki","Szmulki","140963","PolskieOrły","128769","0:3","0","3","29","75","baza_3_13.csv","3.13|925745"
"164","3.13","925746","2026-04-04 17:00","Hala Cześniosko","LKS  ASERTO Trześń","131723","Spartakus Radom","131248","0:3","0","3","34","75","baza_3_13.csv","3.13|925746"
"164","3.13","925747","2026-04-04 17:00","Leszno Arena","Unia Leszno","131196","🐀Ratty Rattas🐀","128707","0:3","0","3","37","75","baza_3_13.csv","3.13|925747"
"164","3.13","925748","2026-04-04 17:00","Olkop Arena","Trentino Młodzieszyn","128599","☣️ MY TU TEGO BAGNO 💩💩    🔝","130911","0:3","0","3","8","75","baza_3_13.csv","3.13|925748"
"164","3.13","925749","2026-04-04 17:00","TwentyFive.pl","TwentyFive.pl","130518","ProgressTeam","128806","0:3","0","3","16","75","baza_3_13.csv","3.13|925749"
"164","3.13","925750","2026-04-04 17:00","Hala im. Sędziów","Sędziowie Bydgoszcz","140960","Aleleble","128628","0:3","0","3","12","75","baza_3_13.csv","3.13|925750"
"164","3.13","925751","2026-04-04 17:00","RD Arena","Red Devils","128725","Brave Vikings","131709","0:3","0","3","20","75","baza_3_13.csv","3.13|925751"
"164","3.13","925752","2026-04-04 17:00","MKS1956","MKS ŁĘCZYCA","128741","Raven","140853","1:3","1","3","60","93","baza_3_13.csv","3.13|925752"
"164","3.14","925985","2026-04-04 17:00","Kubikownia","Kubiki","130510","III Piastowskie","130858","3:1","3","1","96","85","baza_3_14.csv","3.14|925985"
"164","3.14","925986","2026-04-04 17:00","Hala Grabów Stadium","KS GRABÓW","130543","Shtosee volley team","128680","0:3","0","3","40","75","baza_3_14.csv","3.14|925986"
"164","3.14","925987","2026-04-04 17:00","Energia","BT ENERGIA","137456","pONczek Team","130540","0:3","0","3","32","75","baza_3_14.csv","3.14|925987"
"164","3.14","925988","2026-04-04 17:00","SANTIAGO BERNABEU","NTS NAKŁO NAD NOTECIĄ","128729","Lajony Kingzz","131747","0:3","0","3","33","75","baza_3_14.csv","3.14|925988"
"164","3.14","925989","2026-04-04 17:00","Osir Trzemeszno","Skra Trzemeszno","131217","KS Brzeziny","128710","0:3","0","3","52","75","baza_3_14.csv","3.14|925989"
"164","3.14","925990","2026-04-04 17:00","Foxx Volley Arena","Kanzas Foxx","137481","Arbuzy i Kebaby","130611","0:3","0","3","15","75","baza_3_14.csv","3.14|925990"
"164","3.14","925991","2026-04-04 17:00",".......","Zryw","141102","Hit Happens","131734","0:3","0","3","47","75","baza_3_14.csv","3.14|925991"
"164","3.14","925992","2026-04-04 17:00","Hala FC","Farciarze FC","128734","Mierzwicanka Mierzwice","130539","3:0","3","0","78","67","baza_3_14.csv","3.14|925992"
"164","3.15","926225","2026-04-04 17:00","Hala Sportowa Okalew","KS Okalew","131073","G.T.S. Unia Choceń","128749","0:3","0","3","26","75","baza_3_15.csv","3.15|926225"
"164","3.15","926226","2026-04-04 17:00","Misiakowo","Gumi-Misie","131244","Makosiki","128780","0:3","0","3","48","75","baza_3_15.csv","3.15|926226"
"164","3.15","926227","2026-04-04 17:00","Ultras Hall","Fenix Siennica","130586","JaqbTeam","128695","0:3","0","3","17","75","baza_3_15.csv","3.15|926227"
"164","3.15","926228","2026-04-04 17:00","Sportowa","LTS Feniks Leżajsk","141106","FC Świętopełka 🔥","128802","0:3","0","3","19","75","baza_3_15.csv","3.15|926228"
"164","3.15","926229","2026-04-04 17:00","Urania","AZT Tytan Czestochowa","128743","Finlandia Opole Lubelskie","130910","3:0","3","0","75","8","baza_3_15.csv","3.15|926229"
"164","3.15","926230","2026-04-04 17:00","Wierzeje ARENA","Wierzeje","141108","Victoria Dobra","131261","0:3","0","3","23","75","baza_3_15.csv","3.15|926230"
"164","3.15","926231","2026-04-04 17:00","KS arena","Ks Kedzierzyn","128713","Lech Sulechów","128625","1:3","1","3","85","95","baza_3_15.csv","3.15|926231"
"164","3.15","926232","2026-04-04 17:00","Hala Mostowa","Śląskie Burrito","131722","W124","137366","0:3","0","3","34","75","baza_3_15.csv","3.15|926232"
"164","3.16","926465","2026-04-04 17:00","HalaGT","GizoTeam","128693","Blackburn Toruń","128601","0:3","0","3","60","78","baza_3_16.csv","3.16|926465"
"164","3.16","926466","2026-04-04 17:00","San","Juve","131236","sanah","131179","0:3","0","3","15","75","baza_3_16.csv","3.16|926466"
"164","3.16","926467","2026-04-04 17:00","Knights Arena","🪿⎛⎝( ` ᢍ ´ )⎠⎞ᵐᵘʰᵃʰᵃ🦇","131021","Lance Armstrong","131718","1:3","1","3","91","98","baza_3_16.csv","3.16|926467"
"164","3.16","926468","2026-04-04 17:00","Die Freie Stadt Danzig Sporthalle","Die Freie Stadt Danzig","130661","V-DRIFTERS","131254","1:3","1","3","85","98","baza_3_16.csv","3.16|926468"
"164","3.16","926469","2026-04-04 17:00","Spodek Głuchołazy","Zadar Głuchołazy","128664","Złote Wilki","128790","0:3","0","3","49","76","baza_3_16.csv","3.16|926469"
"164","3.16","926470","2026-04-04 17:00","Hala Miejska","PKS Choszczno","140884","Znienacka team","130933","0:3","0","3","28","75","baza_3_16.csv","3.16|926470"
"164","3.16","926471","2026-04-04 17:00","Sportowa","Gryf Policzna","140747","AquaSharks","128771","0:3","0","3","29","75","baza_3_16.csv","3.16|926471"
"164","3.16","926472","2026-04-04 17:00","Łu tu tu tu","La Vida Loca","131011","PGJ Azoty","130845","0:3","0","3","29","75","baza_3_16.csv","3.16|926472"
"164","1.1","921657","2026-04-02 19:00","Dano Arena!","Dano Dream Team","130607","Kuźnia Byków","130744","3:1","3","1","97","85","baza_1_1.csv","1.1|921657"
"164","1.1","921658","2026-04-02 19:00","GOSTiR Rzgów","AKS Volley Łódź","131002","DHARMA Initiative","128577","3:0","3","0","76","57","baza_1_1.csv","1.1|921658"
"164","1.1","921659","2026-04-02 19:00","Qweta","VC Kittens","128580","ZAKSA Bochotnica","128722","3:1","3","1","95","78","baza_1_1.csv","1.1|921659"
"164","1.1","921660","2026-04-02 19:00","Wioska Smerfów","Smerfy","128764","Incognito Volley","128619","0:3","0","3","59","75","baza_1_1.csv","1.1|921660"
"164","1.1","921661","2026-04-02 19:00","Kudahuvadhoo 🏝️","Carplife 🇵🇱","130954","Go Tigers","128631","3:0","3","0","77","62","baza_1_1.csv","1.1|921661"
"164","1.1","921662","2026-04-02 19:00","Bugaj Arena","Pilica Koniecpol","130885","Penguin Małomice","128781","3:1","3","1","98","88","baza_1_1.csv","1.1|921662"
"164","1.1","921663","2026-04-02 19:00","Kanciapa u Tumaxa","Dzikie Rumaxy","128638","Wratislawia Wrocław","128772","3:0","3","0","79","57","baza_1_1.csv","1.1|921663"
"164","1.1","921664","2026-04-02 19:00","Arena of Rzeplin","Tsunami Rzeplin","128717","Volleyball Team Zduńska Wola","128603","0:3","0","3","65","80","baza_1_1.csv","1.1|921664"
"164","2.1","921897","2026-04-02 19:00","Krzywuchowe Moczary","Velen Volleyball Club","128684","Sprzeda Mecz","128663","3:2","3","2","101","97","baza_2_1.csv","2.1|921897"
"164","2.1","921898","2026-04-02 19:00","Ośrodek Karny Rivii Arena 🎯","Smerfy z Rivii ⚔️⚔️🛡️","130934","Silver Arsenal","130505","3:0","3","0","75","60","baza_2_1.csv","2.1|921898"
"164","2.1","921899","2026-04-02 19:00","Field House","Miesiany Miesiany","128676","Celtic VC","128735","1:3","1","3","87","99","baza_2_1.csv","2.1|921899"
"164","2.1","921900","2026-04-02 19:00","Ping Pong Arena","Najlepsi z Najlepszych","130520","CYTRYNIEC CHIŃSKI","130809","3:0","3","0","75","57","baza_2_1.csv","2.1|921900"
"164","2.1","921901","2026-04-02 19:00","LukArena","LukTeam","131134","Pogromcy Gdańsk","131205","3:0","3","0","76","61","baza_2_1.csv","2.1|921901"
"164","2.1","921902","2026-04-02 19:00","Piekło","Saracens","128615","Błyskawica Janów","131242","3:0","3","0","76","49","baza_2_1.csv","2.1|921902"
"164","2.1","921903","2026-04-02 19:00","Urania","CF Mleczne Olsztyn","128668","Libero Gorzków","128703","3:0","3","0","75","41","baza_2_1.csv","2.1|921903"
"164","2.1","921904","2026-04-02 19:00","Szpil Plac u Gerusia","Young Team","128708","Hydra VT Gdańsk","128612","0:3","0","3","59","75","baza_2_1.csv","2.1|921904"
"164","2.2","922137","2026-04-02 19:00","Blok Centralny","Zakład Karny w Strzelinie","128751","Rutz","130854","3:1","3","1","92","75","baza_2_2.csv","2.2|922137"
"164","2.2","922138","2026-04-02 19:00","MAKDOM ARENA","MAKDOM","128660","👽Strażnicy Cienia👽","128711","3:0","3","0","75","50","baza_2_2.csv","2.2|922138"
"164","2.2","922139","2026-04-02 19:00","LEGO Arena","Czorty Chorzów","130959","Thorn Lynxes","131219","3:0","3","0","75","68","baza_2_2.csv","2.2|922139"
"164","2.2","922140","2026-04-02 19:00","Olimp Arena","UKS Olimp Ostrołęka","128604","Ranczo Wilkowyje","130915","3:0","3","0","75","56","baza_2_2.csv","2.2|922140"
"164","2.2","922141","2026-04-02 19:00","Siatkarskie Podlasie","SiatkarskiePodlasie.pl","130565","Millennium Siemianowice","130955","1:3","1","3","87","99","baza_2_2.csv","2.2|922141"
"164","2.2","922142","2026-04-02 19:00","CSKA Arena","CSKA Mielec","128613","AJAX PIASTY","130797","3:1","3","1","94","71","baza_2_2.csv","2.2|922142"
"164","2.2","922143","2026-04-02 19:00","Ursus Arena","RKS","128588","Nosmeisy","128686","0:3","0","3","58","78","baza_2_2.csv","2.2|922143"
"164","2.2","922144","2026-04-02 19:00","UMCS Hala Sportowa","Silver Sharks Lublin 🦈","128674","Bydgoszcz Spartans","128726","3:2","3","2","114","89","baza_2_2.csv","2.2|922144"
"164","2.3","922377","2026-04-02 19:00","Ragnarok","Vikings","128756","Vernixo","128679","3:0","3","0","78","58","baza_2_3.csv","2.3|922377"
"164","2.3","922378","2026-04-02 19:00","Kocioł","Budowlani Nysa","130574","Wściekłe Tygrysy","128782","3:1","3","1","104","87","baza_2_3.csv","2.3|922378"
"164","2.3","922379","2026-04-02 19:00","Silver Pearl Stadium","KS Budowlani Kołacin 👷🏻","128629","RCS Czarni Radom","128600","3:0","3","0","75","61","baza_2_3.csv","2.3|922379"
"164","2.3","922380","2026-04-02 19:00","カラスの巣","Karasuno","128635","Projekt Warszawa","128614","3:0","3","0","75","32","baza_2_3.csv","2.3|922380"
"164","2.3","922381","2026-04-02 19:00","Hala im. TW Bolka","Bolek i lolek 🤙","128586","EnergiaPro Gwardia Wrocław","130757","1:3","1","3","68","100","baza_2_3.csv","2.3|922381"
"164","2.3","922382","2026-04-02 19:00","🦣 Mamut Area 🦣","🦣 KS MAMUTY 🦣","130549","Zabrzański Górnik","128816","2:3","2","3","107","111","baza_2_3.csv","2.3|922382"
"164","2.3","922383","2026-04-02 19:00","Hala Gryfia","KKS Gryf Lębork","128809","Skoczne Karakany","130767","0:3","0","3","49","75","baza_2_3.csv","2.3|922383"
"164","2.3","922384","2026-04-02 19:00","Polonijny młyn","Polonia Bytom","130871","Stara Gwardia Nakło ⚔️","128688","3:1","3","1","96","79","baza_2_3.csv","2.3|922384"
"164","2.4","922617","2026-04-02 19:00","In the middle of nowhere","Unknown Team","128636","Fc MiSieNieChce","130908","3:0","3","0","75","39","baza_2_4.csv","2.4|922617"
"164","2.4","922618","2026-04-02 19:00","Bystra Bochotnica Arena","Bystra Bochotnica","128657","BH STAL MIELEC","130769","3:1","3","1","95","84","baza_2_4.csv","2.4|922618"
"164","2.4","922619","2026-04-02 19:00","Mozt","TEXańska Masakra Piłą Ręczną","131293","Vamos","128714","3:0","3","0","75","54","baza_2_4.csv","2.4|922619"
"164","2.4","922620","2026-04-02 19:00","kiczan arena","kiczan team zduńska wola","128596","Sivass-Pol De Mare","128794","3:0","3","0","75","43","baza_2_4.csv","2.4|922620"
"164","2.4","922621","2026-04-02 19:00","we no WHO U r","massive dongs","128592","Pioruny  i Grzmoty","130966","3:1","3","1","92","80","baza_2_4.csv","2.4|922621"
"164","2.4","922622","2026-04-02 19:00","Aloha Arena","Ohana Gliwice","130945","KS Kawoholicy","131724","3:1","3","1","102","70","baza_2_4.csv","2.4|922622"
"164","2.4","922623","2026-04-02 19:00","BKS ARENA","BKS Białystok","128644","QUEERTISONEK TEAM","131147","3:2","3","2","95","92","baza_2_4.csv","2.4|922623"
"164","2.4","922624","2026-04-02 19:00","Alpha Arena","Alpha","131086","Turbo Śpiochy","128578","3:1","3","1","95","84","baza_2_4.csv","2.4|922624"
"164","3.1","922857","2026-04-02 17:00","Letalnica","Team Spiryt Chorzów","130958","Cargo Kamieniec Ząbkowicki","151049","2:3","2","3","98","98","baza_3_1.csv","3.1|922857"
"164","3.1","922858","2026-04-02 17:00","KorpoArena","Korporacja Gwiazd Bezrobocia","128595","SRS Katarina","137403","3:1","3","1","98","71","baza_3_1.csv","3.1|922858"
"164","3.1","922859","2026-04-02 17:00","TU Arena","TaUrsy","130537","Team :: Ownz Ya!","130572","0:3","0","3","10","75","baza_3_1.csv","3.1|922859"
"164","3.1","922860","2026-04-02 17:00","Nati Memorial Hall","⭐ Nati ⭐ 1995 ⭐  ∞  ⭐","130585","Zaksa Kędzierzyn - Koźle","131200","3:0","3","0","75","11","baza_3_1.csv","3.1|922860"
"164","3.1","922861","2026-04-02 17:00","Celtics Hall","Bochotnica Celtics","128639","Orzeł Grzędzice","128728","3:0","3","0","75","20","baza_3_1.csv","3.1|922861"
"164","3.1","922862","2026-04-02 17:00","Bździochy Arena","PGE Bubisie Bździochy","130773","Vollley Rybnik","137468","3:0","3","0","75","31","baza_3_1.csv","3.1|922862"
"164","3.1","922863","2026-04-02 17:00","Cicely Arena","Cicely","128704","Drużyna Pierścienia","141064","3:0","3","0","75","59","baza_3_1.csv","3.1|922863"
"164","3.1","922864","2026-04-02 17:00","Avengers Arena","Avengers","130920","Renifers","128675","3:0","3","0","76","60","baza_3_1.csv","3.1|922864"
"164","3.2","923097","2026-04-02 17:00","Malinowe marzenie","Maliniaczki","131020","WIPP Thunder","128672","3:0","3","0","75","52","baza_3_2.csv","3.2|923097"
"164","3.2","923098","2026-04-02 17:00","Grota tajemnic","Czarne plamy","128655","Nocne Potwory","128803","3:1","3","1","98","70","baza_3_2.csv","3.2|923098"
"164","3.2","923099","2026-04-02 17:00","Urania Olsztyn","ChudyTeam","130535","VC  Ziębka Team","130503","2:3","2","3","98","98","baza_3_2.csv","3.2|923099"
"164","3.2","923100","2026-04-02 17:00","DZIK ŁÓDŹ ARENA","JTCNW Łódź","131093","Huragan Białobrzegi","131065","3:0","3","0","75","37","baza_3_2.csv","3.2|923100"
"164","3.2","923101","2026-04-02 17:00","Arena Chłopów","ChlopkiTeam","128606","Zegrze Nieporęt","131194","1:3","1","3","72","95","baza_3_2.csv","3.2|923101"
"164","3.2","923102","2026-04-02 17:00","Kaźmierzanka","Plas Kaźmierz","137421","Wiejski Klub Kielno","130498","3:0","3","0","75","11","baza_3_2.csv","3.2|923102"
"164","3.2","923103","2026-04-02 17:00","LZS ARENA","Fiorentina Nakło","130905","GALACTICOS FC","131018","3:0","3","0","75","11","baza_3_2.csv","3.2|923103"
"164","3.2","923104","2026-04-02 17:00","Hala Sportowa","Siatka Krzemieniewo","128597","CVB Barça","141012","3:0","3","0","75","23","baza_3_2.csv","3.2|923104"
"164","3.3","923337","2026-04-02 17:00","Phoenix Scene","Phoenix Fire","128687","OFIME Targówek","131746","3:1","3","1","92","72","baza_3_3.csv","3.3|923337"
"164","3.3","923338","2026-04-02 17:00","Dytto","DragonGAYS Polska","130705","NiuniuTeam","137395","0:3","0","3","63","75","baza_3_3.csv","3.3|923338"
"164","3.3","923339","2026-04-02 17:00","Urania","Bad Boys Team","128706","Drink Team","141020","3:0","3","0","75","16","baza_3_3.csv","3.3|923339"
"164","3.3","923340","2026-04-02 17:00","Jeżodrom","Jeżomyszy🦔z Marsa🪐","130972","Zduńska Wola Team","128640","3:0","3","0","75","14","baza_3_3.csv","3.3|923340"
"164","3.3","923341","2026-04-02 17:00","Mazakowa hala sportowa","Mazaki VC","131006","RINZLER","128627","3:0","3","0","75","28","baza_3_3.csv","3.3|923341"
"164","3.3","923342","2026-04-02 17:00","Ale co","Ale co","128694","Kotwica Kołobrzeg","128801","3:0","3","0","75","61","baza_3_3.csv","3.3|923342"
"164","3.3","923343","2026-04-02 17:00","RG Arena","RG Olsztyn","128652","FC Misieniechce Radom","130676","3:0","3","0","75","15","baza_3_3.csv","3.3|923343"
"164","3.3","923344","2026-04-02 17:00","KOCIOŁ","!STAL NYSA","130728","KS Zamienie","141062","3:0","3","0","75","25","baza_3_3.csv","3.3|923344"
"164","3.4","923577","2026-04-02 17:00","Valiant Boys","Valiant Boys","130826","Volley Leszczyny","137412","3:0","3","0","75","62","baza_3_4.csv","3.4|923577"
"164","3.4","923578","2026-04-02 17:00","Smocza Jama","Smoczy Gród","131131","SST SPORTUR GMINA ŁAŃCUT","128795","3:0","3","0","75","41","baza_3_4.csv","3.4|923578"
"164","3.4","923579","2026-04-02 17:00","Los Rakos arena","Los Rakos","137449","IKS Konstancin - Jeziorna","131223","3:0","3","0","75","23","baza_3_4.csv","3.4|923579"
"164","3.4","923580","2026-04-02 17:00","Cytrynowe Pandemonium","Sycylijskie Cytryniaki","130704","KS Świt Baranowo","128589","3:0","3","0","75","40","baza_3_4.csv","3.4|923580"
"164","3.4","923581","2026-04-02 17:00","Ultras1908","eŁKSa1908","130836","PIAST Strzelce Opolskie","130555","3:0","3","0","75","25","baza_3_4.csv","3.4|923581"
"164","3.4","923582","2026-04-02 17:00","Trefl Arena","Trefl","131199","Potok city","140815","3:0","3","0","76","66","baza_3_4.csv","3.4|923582"
"164","3.4","923583","2026-04-02 17:00","Aqua Baltic Arena","Trefl Gdańsk Pomorze","130509","Choroszcza Olsztyn","130774","3:0","3","0","80","69","baza_3_4.csv","3.4|923583"
"164","3.4","923584","2026-04-02 17:00","toto","toto","128731","Asseco Resovia","131163","0:3","0","3","30","75","baza_3_4.csv","3.4|923584"
"164","3.5","923817","2026-04-02 17:00","Baltic Arena","KKS Kaszubia Kościerzyna","128786","Iskra Krosno","128667","3:0","3","0","75","46","baza_3_5.csv","3.5|923817"
"164","3.5","923818","2026-04-02 17:00","Arena Poznań","PGE Skra Poznań","130781","KSW7","140968","3:0","3","0","75","43","baza_3_5.csv","3.5|923818"
"164","3.5","923819","2026-04-02 17:00","Volley Arena","SKS Iłżanka Baranów","128715","Aniołki Toruń","130820","3:0","3","0","75","18","baza_3_5.csv","3.5|923819"
"164","3.5","923820","2026-04-02 17:00","Ninjutsu Arena 2024","S-Ninjas","130582","AKS VOLLEY  DOBRA","141110","3:0","3","0","75","19","baza_3_5.csv","3.5|923820"
"164","3.5","923821","2026-04-02 17:00","OPOLE_ARENA","OPOLE","130500","Bart Thorn","130726","3:0","3","0","75","56","baza_3_5.csv","3.5|923821"
"164","3.5","923822","2026-04-02 17:00","H69","VC BORDER","128622","AKS Śliw@","128584","3:0","3","0","75","30","baza_3_5.csv","3.5|923822"
"164","3.5","923823","2026-04-02 17:00","Halaaa","CAMORRA VC","130516","ULTRAS-PL","130527","3:0","3","0","75","17","baza_3_5.csv","3.5|923823"
"164","3.5","923824","2026-04-02 17:00","MOSiR LIPUSZ","RafaTeam Lipusz","130561","Kosmiczne Mandarynki","128609","3:0","3","0","75","44","baza_3_5.csv","3.5|923824"
"164","3.6","924057","2026-04-02 17:00","Słomin centre","Projekt Słomin","128700","RTS.Strongman Małecz","130601","1:3","1","3","94","98","baza_3_6.csv","3.6|924057"
"164","3.6","924058","2026-04-02 17:00","Ceremony Place Soreide","Groszowice Soreide","130604","Twierdza Teodorówka","130591","3:0","3","0","75","56","baza_3_6.csv","3.6|924058"
"164","3.6","924059","2026-04-02 17:00","Arena Siemianowice","MKS Siemianowice","128799","KS Limanowa","140814","3:0","3","0","75","4","baza_3_6.csv","3.6|924059"
"164","3.6","924060","2026-04-02 17:00","Olle hall","Victoria Wałbrzych","128774","Są Gorsi","130693","3:0","3","0","75","20","baza_3_6.csv","3.6|924060"
"164","3.6","924061","2026-04-02 17:00","The Others Arena","Black Smoke","137347","SMS Rzeszów","137337","3:0","3","0","75","23","baza_3_6.csv","3.6|924061"
"164","3.6","924062","2026-04-02 17:00","HSW Jastrzębie Zdrój","KS Jastrzębie","130545","Pogoń Żubr","130564","3:0","3","0","75","35","baza_3_6.csv","3.6|924062"
"164","3.6","924063","2026-04-02 17:00","Browar","Browary Hills","130979","Kudowianka Kudowa-Zdrój","131235","3:1","3","1","106","81","baza_3_6.csv","3.6|924063"
"164","3.6","924064","2026-04-02 17:00","Ikjas Arena","Ikjas Toruń","131062","Young Team Reaktywacja","140951","3:0","3","0","75","60","baza_3_6.csv","3.6|924064"
"164","3.7","924297","2026-04-02 17:00","San Siro","Stocznia Gdańsk","130595","BKS Visła Bydgoszcz","131284","3:0","3","0","77","62","baza_3_7.csv","3.7|924297"
"164","3.7","924298","2026-04-02 17:00","Reksio Arena","Mighty Bears","130513","Ghrum","130784","0:3","0","3","52","75","baza_3_7.csv","3.7|924298"
"164","3.7","924299","2026-04-02 17:00","Meteora Arena","Linkin Park United","130617","LKS Rotavia Nieporęt","128730","3:1","3","1","91","84","baza_3_7.csv","3.7|924299"
"164","3.7","924300","2026-04-02 17:00","Spodek Viadukt","Volania Jeleninhos","131141","Dyliżans Brzózka","137454","3:0","3","0","75","63","baza_3_7.csv","3.7|924300"
"164","3.7","924301","2026-04-02 17:00","Hala PP Piotrowo","AZS Politechnika Poznańska","128759","FFP Virtual Volley","130573","3:0","3","0","75","29","baza_3_7.csv","3.7|924301"
"164","3.7","924302","2026-04-02 17:00","KZN","KZN","131229","SDJ Janów","131251","3:0","3","0","76","60","baza_3_7.csv","3.7|924302"
"164","3.7","924303","2026-04-02 17:00","Spulchniona Ziemia","Latające Dżdżownice","140796","Błysk2","131225","3:1","3","1","96","82","baza_3_7.csv","3.7|924303"
"164","3.7","924304","2026-04-02 17:00","Hala Orłów","Orły","137486","Dąbrowskie Pioruny","140781","3:0","3","0","75","10","baza_3_7.csv","3.7|924304"
"164","3.8","924537","2026-04-02 17:00","Stilon Arena","Stilon Gorzów","130891","Przebój Wolbrom","130621","3:0","3","0","75","49","baza_3_8.csv","3.8|924537"
"164","3.8","924538","2026-04-02 17:00","Fabryczna Union Arena","Budowlani Łódź","128736","Fc Kiciusie","140744","3:0","3","0","75","34","baza_3_8.csv","3.8|924538"
"164","3.8","924539","2026-04-02 17:00","Kolonia Arena","Volley Królewscy Jedlnia","130524","KndSynu Cios","137411","3:0","3","0","75","51","baza_3_8.csv","3.8|924539"
"164","3.8","924540","2026-04-02 17:00","Tylmanowa Arena","Aptekarz Tylmanowa","128720","AZS PRIME Olsztyn","137361","3:0","3","0","75","40","baza_3_8.csv","3.8|924540"
"164","3.8","924541","2026-04-02 17:00","Hala Energia","PGE GIEK Skra Bełchatów","130721","Dallas Mavericks","128666","3:0","3","0","75","13","baza_3_8.csv","3.8|924541"
"164","3.8","924542","2026-04-02 17:00","Na Hasioku","Jang Tim","128677","Fc Albatros","131276","3:0","3","0","75","35","baza_3_8.csv","3.8|924542"
"164","3.8","924543","2026-04-02 17:00","Rock Arena","Rockers Wrocław","128605","ZAKSA ŚWINOUJŚCIE","130896","3:0","3","0","75","27","baza_3_8.csv","3.8|924543"
"164","3.8","924544","2026-04-02 17:00","Arena Toruń","Anioły Toruń","130514","MKS Dąbrowa Górnicza","128800","0:3","0","3","47","75","baza_3_8.csv","3.8|924544"
"164","3.9","924777","2026-04-02 17:00","Hala Relax","Volley Team Piotrków Tryb.","128724","Joga Bonito","137493","3:0","3","0","75","54","baza_3_9.csv","3.9|924777"
"164","3.9","924778","2026-04-02 17:00","XYZ","ZYX","131059","Sardegna Volley","137467","3:0","3","0","75","51","baza_3_9.csv","3.9|924778"
"164","3.9","924779","2026-04-02 17:00","Volley Citadel","Spartans Volley","130930","SBX TEAM","140751","3:0","3","0","75","48","baza_3_9.csv","3.9|924779"
"164","3.9","924780","2026-04-02 17:00","VST Hala Sportowa","Volleyball Szubin Team","128579","Jagiellonia Białystok","140856","3:0","3","0","75","15","baza_3_9.csv","3.9|924780"
"164","3.9","924781","2026-04-02 17:00","HalaAT","ActiVeTeam","128702","Czarni Piasek","128752","3:0","3","0","75","17","baza_3_9.csv","3.9|924781"
"164","3.9","924782","2026-04-02 17:00","OSiR","Zaksa Mszczonów","130593","Flying Spiders","140867","3:0","3","0","75","14","baza_3_9.csv","3.9|924782"
"164","3.9","924783","2026-04-02 17:00","OSiR Golub-Dobrzyń","Zamek Golub-Dobrzyń","131227","GSY","130525","3:0","3","0","75","24","baza_3_9.csv","3.9|924783"
"164","3.9","924784","2026-04-02 17:00","Hall of Glory","Galaxia Kwielice","130973","SGS Goleniów","137350","0:3","0","3","58","76","baza_3_9.csv","3.9|924784"
"164","3.10","925017","2026-04-02 17:00","JednakGramy Arena","JednakGramy","128768","GPT Mysłowice","128747","3:0","3","0","75","52","baza_3_10.csv","3.10|925017"
"164","3.10","925018","2026-04-02 17:00","Wataha","Polish Wolves","131258","Kopernik Toruń","130739","3:0","3","0","75","43","baza_3_10.csv","3.10|925018"
"164","3.10","925019","2026-04-02 17:00","Stadion Złotych Orłów","Złote Orły","131740","TSW Wisła Kraków","151056","3:0","3","0","75","43","baza_3_10.csv","3.10|925019"
"164","3.10","925020","2026-04-02 17:00","Crucible","Bydgoszcz Baki","128616","Tigers","128634","3:0","3","0","75","7","baza_3_10.csv","3.10|925020"
"164","3.10","925021","2026-04-02 17:00","Hala sportowa w Paterku ul. Kcyńska 6A","TKS Jelenie Studzienki","130939","BBTS Bielsko-Biała","137383","3:0","3","0","75","35","baza_3_10.csv","3.10|925021"
"164","3.10","925022","2026-04-02 17:00","Arena Baranów","KS Strużanka Baranów","130994","UKS BŁYSKAWICA ŁOWICZ","130699","3:0","3","0","75","35","baza_3_10.csv","3.10|925022"
"164","3.10","925023","2026-04-02 17:00","Osir","Pancio","128750","KK271","141054","3:0","3","0","75","22","baza_3_10.csv","3.10|925023"
"164","3.10","925024","2026-04-02 17:00","Fire Ball Arena","Hot Volley Nysa","128630","Indykpol AZS Olsztyn","128620","3:0","3","0","75","57","baza_3_10.csv","3.10|925024"
"164","3.11","925257","2026-04-02 17:00","Stajnia Jednorożców","Kolorowe Rumaki","131164","ScorpioN","128617","3:0","3","0","75","61","baza_3_11.csv","3.11|925257"
"164","3.11","925258","2026-04-02 17:00","Upadła Arena","Latające Imadła","131022","Team WWW","131066","3:1","3","1","98","84","baza_3_11.csv","3.11|925258"
"164","3.11","925259","2026-04-02 17:00","Hala Chrupnięcia","AKS Andrut Kalisz 🧇","128789","Enea PTPS Piła","128646","3:0","3","0","75","11","baza_3_11.csv","3.11|925259"
"164","3.11","925260","2026-04-02 17:00","Brute Force Arena","Brute Force","130978","NIELOTY GDAŃSK","130946","3:0","3","0","75","13","baza_3_11.csv","3.11|925260"
"164","3.11","925261","2026-04-02 17:00","Pogoń Arena","Pogoń Portowcy","131768","Gwoździe","140812","3:0","3","0","75","9","baza_3_11.csv","3.11|925261"
"164","3.11","925262","2026-04-02 17:00","PauPau Arena","PauPau","140825","FC Łosarnia Tujsk","140910","3:0","3","0","75","45","baza_3_11.csv","3.11|925262"
"164","3.11","925263","2026-04-02 17:00","Arena Wieluń","Seniorzy Wieluń","130519","KS Crusaders","137439","3:0","3","0","75","33","baza_3_11.csv","3.11|925263"
"164","3.11","925264","2026-04-02 17:00","Kasztan","Kasztaniaki","131735","Orzełki Team","137444","3:0","3","0","75","38","baza_3_11.csv","3.11|925264"
"164","3.12","925497","2026-04-02 17:00","Sparbanken Skåne Arena","🌳Leśne Ludki🌳","131712","KS Konarzewo","137342","0:3","0","3","60","77","baza_3_12.csv","3.12|925497"
"164","3.12","925498","2026-04-02 17:00","Ipsarion","Ipsarion","140952","Yu-Gi-Oh!","131717","0:3","0","3","56","75","baza_3_12.csv","3.12|925498"
"164","3.12","925499","2026-04-02 17:00","Lesko Arena","Volley Master","130507","Anię dopadła grypa","140870","3:0","3","0","75","5","baza_3_12.csv","3.12|925499"
"164","3.12","925500","2026-04-02 17:00","Hala Urania of City Olsztyn","Zawisza Olsztyn","128659","Braniewo Volley","141119","3:0","3","0","75","33","baza_3_12.csv","3.12|925500"
"164","3.12","925501","2026-04-02 17:00","Bagno","The Ops","131290","Lube Rzeszów","130863","3:0","3","0","75","34","baza_3_12.csv","3.12|925501"
"164","3.12","925502","2026-04-02 17:00","Losir Luboń","Acapulco Stalion","128733","Aciu Team","131157","3:0","3","0","75","13","baza_3_12.csv","3.12|925502"
"164","3.12","925503","2026-04-02 17:00","Sparta","300-stuSpartan","137376","Warta Zawiercie","130562","3:0","3","0","75","48","baza_3_12.csv","3.12|925503"
"164","3.12","925504","2026-04-02 17:00","Masuria Palace","ARM Volley","137419","Olimpia Kowary","137420","3:0","3","0","75","28","baza_3_12.csv","3.12|925504"
"164","3.13","925737","2026-04-02 17:00","Orły hall","PolskieOrły","128769","Raven","140853","3:0","3","0","75","61","baza_3_13.csv","3.13|925737"
"164","3.13","925738","2026-04-02 17:00","Valhalla","Brave Vikings","131709","MKS ŁĘCZYCA","128741","3:0","3","0","75","42","baza_3_13.csv","3.13|925738"
"164","3.13","925739","2026-04-02 17:00","Im. Św. Qbiniego","Aleleble","128628","Red Devils","128725","3:0","3","0","75","33","baza_3_13.csv","3.13|925739"
"164","3.13","925740","2026-04-02 17:00","Progress Arena","ProgressTeam","128806","Sędziowie Bydgoszcz","140960","3:0","3","0","75","4","baza_3_13.csv","3.13|925740"
"164","3.13","925741","2026-04-02 17:00","TUR TUREK KOCIOŁ SILNIK PODKRĘCONY TEJ","☣️ MY TU TEGO BAGNO 💩💩    🔝","130911","TwentyFive.pl","130518","3:0","3","0","75","21","baza_3_13.csv","3.13|925741"
"164","3.13","925742","2026-04-02 17:00","Rat Arena","🐀Ratty Rattas🐀","128707","Trentino Młodzieszyn","128599","3:0","3","0","75","9","baza_3_13.csv","3.13|925742"
"164","3.13","925743","2026-04-02 17:00","Szczoty","Spartakus Radom","131248","Unia Leszno","131196","3:0","3","0","75","46","baza_3_13.csv","3.13|925743"
"164","3.13","925744","2026-04-02 17:00","Szmulki","Szmulki","140963","LKS  ASERTO Trześń","131723","0:3","0","3","37","75","baza_3_13.csv","3.13|925744"
"164","3.14","925977","2026-04-02 17:00","Dąbrówka Arena","III Piastowskie","130858","Mierzwicanka Mierzwice","130539","0:3","0","3","54","75","baza_3_14.csv","3.14|925977"
"164","3.14","925978","2026-04-02 17:00","Hit Dome","Hit Happens","131734","Farciarze FC","128734","3:2","3","2","112","98","baza_3_14.csv","3.14|925978"
"164","3.14","925979","2026-04-02 17:00","Bebzol","Arbuzy i Kebaby","130611","Zryw","141102","3:0","3","0","75","57","baza_3_14.csv","3.14|925979"
"164","3.14","925980","2026-04-02 17:00","Old Trafford","KS Brzeziny","128710","Kanzas Foxx","137481","3:0","3","0","75","19","baza_3_14.csv","3.14|925980"
"164","3.14","925981","2026-04-02 17:00","Lions Stadium","Lajony Kingzz","131747","Skra Trzemeszno","131217","3:0","3","0","75","48","baza_3_14.csv","3.14|925981"
"164","3.14","925982","2026-04-02 17:00","pONczek Arena","pONczek Team","130540","NTS NAKŁO NAD NOTECIĄ","128729","3:0","3","0","75","39","baza_3_14.csv","3.14|925982"
"164","3.14","925983","2026-04-02 17:00","Shtosee Sky arena","Shtosee volley team","128680","BT ENERGIA","137456","3:0","3","0","75","23","baza_3_14.csv","3.14|925983"
"164","3.14","925984","2026-04-02 17:00","Kubikownia","Kubiki","130510","KS GRABÓW","130543","3:0","3","0","77","47","baza_3_14.csv","3.14|925984"
"164","3.15","926217","2026-04-02 17:00","OSIR ARENA","G.T.S. Unia Choceń","128749","W124","137366","3:0","3","0","75","39","baza_3_15.csv","3.15|926217"
"164","3.15","926218","2026-04-02 17:00","Estadio zulito","Lech Sulechów","128625","Śląskie Burrito","131722","3:0","3","0","75","34","baza_3_15.csv","3.15|926218"
"164","3.15","926219","2026-04-02 17:00","Dobrzynianka","Victoria Dobra","131261","Ks Kedzierzyn","128713","3:0","3","0","75","18","baza_3_15.csv","3.15|926219"
"164","3.15","926220","2026-04-02 17:00","Kabako Arena","Finlandia Opole Lubelskie","130910","Wierzeje","141108","0:3","0","3","9","75","baza_3_15.csv","3.15|926220"
"164","3.15","926221","2026-04-02 17:00","MotoArena","FC Świętopełka 🔥","128802","AZT Tytan Czestochowa","128743","3:0","3","0","75","47","baza_3_15.csv","3.15|926221"
"164","3.15","926222","2026-04-02 17:00","JaqbArena","JaqbTeam","128695","LTS Feniks Leżajsk","141106","3:0","3","0","75","21","baza_3_15.csv","3.15|926222"
"164","3.15","926223","2026-04-02 17:00","MakosHall","Makosiki","128780","Fenix Siennica","130586","3:0","3","0","75","29","baza_3_15.csv","3.15|926223"
"164","3.15","926224","2026-04-02 17:00","Hala Sportowa Okalew","KS Okalew","131073","Gumi-Misie","131244","1:3","1","3","75","97","baza_3_15.csv","3.15|926224"
"164","3.16","926457","2026-04-02 17:00","Spożywczak","Blackburn Toruń","128601","PGJ Azoty","130845","3:0","3","0","75","27","baza_3_16.csv","3.16|926457"
"164","3.16","926458","2026-04-02 17:00","Arena Łódź Podwodna","AquaSharks","128771","La Vida Loca","131011","3:0","3","0","75","15","baza_3_16.csv","3.16|926458"
"164","3.16","926459","2026-04-02 17:00","ZNhala","Znienacka team","130933","Gryf Policzna","140747","3:0","3","0","75","45","baza_3_16.csv","3.16|926459"
"164","3.16","926460","2026-04-02 17:00","Arena wilków","Złote Wilki","128790","PKS Choszczno","140884","3:0","3","0","75","19","baza_3_16.csv","3.16|926460"
"164","3.16","926461","2026-04-02 17:00","DONUT","V-DRIFTERS","131254","Zadar Głuchołazy","128664","3:0","3","0","75","27","baza_3_16.csv","3.16|926461"
"164","3.16","926462","2026-04-02 17:00","Camp Nou","Lance Armstrong","131718","Die Freie Stadt Danzig","130661","3:0","3","0","75","59","baza_3_16.csv","3.16|926462"
"164","3.16","926463","2026-04-02 17:00","poezyje","sanah","131179","🪿⎛⎝( ` ᢍ ´ )⎠⎞ᵐᵘʰᵃʰᵃ🦇","131021","3:0","3","0","75","48","baza_3_16.csv","3.16|926463"
"164","3.16","926464","2026-04-02 17:00","HalaGT","GizoTeam","128693","Juve","131236","3:0","3","0","75","14","baza_3_16.csv","3.16|926464"
"164","1.1","921649","2026-03-31 19:00","Dano Arena!","Dano Dream Team","130607","Volleyball Team Zduńska Wola","128603","3:0","3","0","78","57","baza_1_1.csv","1.1|921649"
"164","1.1","921650","2026-03-31 19:00","Arena W-W","Wratislawia Wrocław","128772","Tsunami Rzeplin","128717","2:3","2","3","100","110","baza_1_1.csv","1.1|921650"
"164","1.1","921651","2026-03-31 19:00","Ergo Małomice","Penguin Małomice","128781","Dzikie Rumaxy","128638","0:3","0","3","46","75","baza_1_1.csv","1.1|921651"
"164","1.1","921652","2026-03-31 19:00","Hala Polonia","Go Tigers","128631","Pilica Koniecpol","130885","2:3","2","3","95","104","baza_1_1.csv","1.1|921652"
"164","1.1","921653","2026-03-31 19:00","SMA","Incognito Volley","128619","Carplife 🇵🇱","130954","3:0","3","0","75","60","baza_1_1.csv","1.1|921653"
"164","1.1","921654","2026-03-31 19:00","Hala Widowiskowo-Sportowa \""AZOTY\""","ZAKSA Bochotnica","128722","Smerfy","128764","3:0","3","0","75","38","baza_1_1.csv","1.1|921654"
"164","1.1","921655","2026-03-31 19:00","The Orchid","DHARMA Initiative","128577","VC Kittens","128580","1:3","1","3","86","98","baza_1_1.csv","1.1|921655"
"164","1.1","921656","2026-03-31 19:00","Mordor","Kuźnia Byków","130744","AKS Volley Łódź","131002","2:3","2","3","101","107","baza_1_1.csv","1.1|921656"
"164","2.1","921889","2026-03-31 19:00","Krzywuchowe Moczary","Velen Volleyball Club","128684","Hydra VT Gdańsk","128612","0:3","0","3","56","75","baza_2_1.csv","2.1|921889"
"164","2.1","921890","2026-03-31 19:00","Hala 134","Libero Gorzków","128703","Young Team","128708","2:3","2","3","86","105","baza_2_1.csv","2.1|921890"
"164","2.1","921891","2026-03-31 19:00","Janów hall","Błyskawica Janów","131242","CF Mleczne Olsztyn","128668","0:3","0","3","49","75","baza_2_1.csv","2.1|921891"
"164","2.1","921892","2026-03-31 19:00","Pogro Arena","Pogromcy Gdańsk","131205","Saracens","128615","1:3","1","3","91","103","baza_2_1.csv","2.1|921892"
"164","2.1","921893","2026-03-31 19:00","CYTRYNIEC","CYTRYNIEC CHIŃSKI","130809","LukTeam","131134","1:3","1","3","81","96","baza_2_1.csv","2.1|921893"
"164","2.1","921894","2026-03-31 19:00","Parkhead","Celtic VC","128735","Najlepsi z Najlepszych","130520","1:3","1","3","88","99","baza_2_1.csv","2.1|921894"
"164","2.1","921895","2026-03-31 19:00","Silver Hall","Silver Arsenal","130505","Miesiany Miesiany","128676","0:3","0","3","55","75","baza_2_1.csv","2.1|921895"
"164","2.1","921896","2026-03-31 19:00","Mleczne Arena","Sprzeda Mecz","128663","Smerfy z Rivii ⚔️⚔️🛡️","130934","0:3","0","3","64","75","baza_2_1.csv","2.1|921896"
"164","2.2","922129","2026-03-31 19:00","Blok Centralny","Zakład Karny w Strzelinie","128751","Bydgoszcz Spartans","128726","3:1","3","1","98","83","baza_2_2.csv","2.2|922129"
"164","2.2","922130","2026-03-31 19:00","Zimorodek","Nosmeisy","128686","Silver Sharks Lublin 🦈","128674","3:2","3","2","109","99","baza_2_2.csv","2.2|922130"
"164","2.2","922131","2026-03-31 19:00","Piasterdam Stadium","AJAX PIASTY","130797","RKS","128588","1:3","1","3","82","90","baza_2_2.csv","2.2|922131"
"164","2.2","922132","2026-03-31 19:00","Millennium Arena","Millennium Siemianowice","130955","CSKA Mielec","128613","3:0","3","0","75","50","baza_2_2.csv","2.2|922132"
"164","2.2","922133","2026-03-31 19:00","Hala im. Pawła Kozioła","Ranczo Wilkowyje","130915","SiatkarskiePodlasie.pl","130565","2:3","2","3","102","106","baza_2_2.csv","2.2|922133"
"164","2.2","922134","2026-03-31 19:00","Wild Hall","Thorn Lynxes","131219","UKS Olimp Ostrołęka","128604","0:3","0","3","61","75","baza_2_2.csv","2.2|922134"
"164","2.2","922135","2026-03-31 19:00","Mroczna Arena","👽Strażnicy Cienia👽","128711","Czorty Chorzów","130959","1:3","1","3","64","98","baza_2_2.csv","2.2|922135"
"164","2.2","922136","2026-03-31 19:00","Chausseestrasse arena","Rutz","130854","MAKDOM","128660","2:3","2","3","111","110","baza_2_2.csv","2.2|922136"
"164","2.3","922369","2026-03-31 19:00","Ragnarok","Vikings","128756","Stara Gwardia Nakło ⚔️","128688","3:0","3","0","75","51","baza_2_3.csv","2.3|922369"
"164","2.3","922370","2026-03-31 19:00","Karakanówka","Skoczne Karakany","130767","Polonia Bytom","130871","1:3","1","3","75","91","baza_2_3.csv","2.3|922370"
"164","2.3","922371","2026-03-31 19:00","Hala Sportowa w Zabrzu","Zabrzański Górnik","128816","KKS Gryf Lębork","128809","3:2","3","2","99","100","baza_2_3.csv","2.3|922371"
"164","2.3","922372","2026-03-31 19:00","Hala Orbita","EnergiaPro Gwardia Wrocław","130757","🦣 KS MAMUTY 🦣","130549","3:0","3","0","75","51","baza_2_3.csv","2.3|922372"
"164","2.3","922373","2026-03-31 19:00","Torwar","Projekt Warszawa","128614","Bolek i lolek 🤙","128586","2:3","2","3","96","110","baza_2_3.csv","2.3|922373"
"164","2.3","922374","2026-03-31 19:00","Radomskie Centrum Sportu","RCS Czarni Radom","128600","Karasuno","128635","0:3","0","3","54","75","baza_2_3.csv","2.3|922374"
"164","2.3","922375","2026-03-31 19:00","Zoo","Wściekłe Tygrysy","128782","KS Budowlani Kołacin 👷🏻","128629","2:3","2","3","96","106","baza_2_3.csv","2.3|922375"
"164","2.3","922376","2026-03-31 19:00","Ver","Vernixo","128679","Budowlani Nysa","130574","2:3","2","3","101","100","baza_2_3.csv","2.3|922376"
"164","2.4","922609","2026-03-31 19:00","In the middle of nowhere","Unknown Team","128636","Turbo Śpiochy","128578","3:0","3","0","75","59","baza_2_4.csv","2.4|922609"
"164","2.4","922610","2026-03-31 19:00","QUEERTISONEK","QUEERTISONEK TEAM","131147","Alpha","131086","3:2","3","2","95","96","baza_2_4.csv","2.4|922610"
"164","2.4","922611","2026-03-31 19:00","Kentucky Coffee Roasters Arena","KS Kawoholicy","131724","BKS Białystok","128644","0:3","0","3","55","75","baza_2_4.csv","2.4|922611"
"164","2.4","922612","2026-03-31 19:00","Olimp  Arena","Pioruny  i Grzmoty","130966","Ohana Gliwice","130945","0:3","0","3","41","75","baza_2_4.csv","2.4|922612"
"164","2.4","922613","2026-03-31 19:00","Sportur Astro","Sivass-Pol De Mare","128794","massive dongs","128592","1:3","1","3","80","98","baza_2_4.csv","2.4|922613"
"164","2.4","922614","2026-03-31 19:00","Torwar","Vamos","128714","kiczan team zduńska wola","128596","0:3","0","3","52","75","baza_2_4.csv","2.4|922614"
"164","2.4","922615","2026-03-31 19:00","Aviator arena","BH STAL MIELEC","130769","TEXańska Masakra Piłą Ręczną","131293","1:3","1","3","65","94","baza_2_4.csv","2.4|922615"
"164","2.4","922616","2026-03-31 19:00","Może zagram","Fc MiSieNieChce","130908","Bystra Bochotnica","128657","0:3","0","3","21","75","baza_2_4.csv","2.4|922616"
"164","3.1","922849","2026-03-31 17:00","Letalnica","Team Spiryt Chorzów","130958","Renifers","128675","3:0","3","0","75","41","baza_3_1.csv","3.1|922849"
"164","3.1","922850","2026-03-31 17:00","Rohan","Drużyna Pierścienia","141064","Avengers","130920","0:3","0","3","57","78","baza_3_1.csv","3.1|922850"
"164","3.1","922851","2026-03-31 17:00","Volley Arena","Vollley Rybnik","137468","Cicely","128704","0:3","0","3","58","75","baza_3_1.csv","3.1|922851"
"164","3.1","922852","2026-03-31 17:00","Gniazdo","Orzeł Grzędzice","128728","PGE Bubisie Bździochy","130773","0:3","0","3","34","75","baza_3_1.csv","3.1|922852"
"164","3.1","922853","2026-03-31 17:00","Hala Azoty","Zaksa Kędzierzyn - Koźle","131200","Bochotnica Celtics","128639","0:3","0","3","12","75","baza_3_1.csv","3.1|922853"
"164","3.1","922854","2026-03-31 17:00","Ownz Ya! :: Arena","Team :: Ownz Ya!","130572","⭐ Nati ⭐ 1995 ⭐  ∞  ⭐","130585","0:3","0","3","21","75","baza_3_1.csv","3.1|922854"
"164","3.1","922855","2026-03-31 17:00","SRS Bernabeu","SRS Katarina","137403","TaUrsy","130537","3:0","3","0","75","4","baza_3_1.csv","3.1|922855"
"164","3.1","922856","2026-03-31 17:00","Kamienieckie Doły","Cargo Kamieniec Ząbkowicki","151049","Korporacja Gwiazd Bezrobocia","128595","3:0","3","0","75","51","baza_3_1.csv","3.1|922856"
"164","3.2","923089","2026-03-31 17:00","Malinowe marzenie","Maliniaczki","131020","CVB Barça","141012","3:0","3","0","75","8","baza_3_2.csv","3.2|923089"
"164","3.2","923090","2026-03-31 17:00","ARENA KENTUCKY","GALACTICOS FC","131018","Siatka Krzemieniewo","128597","0:3","0","3","19","75","baza_3_2.csv","3.2|923090"
"164","3.2","923091","2026-03-31 17:00","WKS Kielno Arena","Wiejski Klub Kielno","130498","Fiorentina Nakło","130905","0:3","0","3","6","75","baza_3_2.csv","3.2|923091"
"164","3.2","923092","2026-03-31 17:00","Lake Arena","Zegrze Nieporęt","131194","Plas Kaźmierz","137421","3:1","3","1","93","73","baza_3_2.csv","3.2|923092"
"164","3.2","923093","2026-03-31 17:00","PB Arena","Huragan Białobrzegi","131065","ChlopkiTeam","128606","3:0","3","0","75","45","baza_3_2.csv","3.2|923093"
"164","3.2","923094","2026-03-31 17:00","Stodoła 97","VC  Ziębka Team","130503","JTCNW Łódź","131093","1:3","1","3","83","98","baza_3_2.csv","3.2|923094"
"164","3.2","923095","2026-03-31 17:00","Wylęgarnia Potworów","Nocne Potwory","128803","ChudyTeam","130535","2:3","2","3","90","98","baza_3_2.csv","3.2|923095"
"164","3.2","923096","2026-03-31 17:00","Storm","WIPP Thunder","128672","Czarne plamy","128655","0:3","0","3","56","75","baza_3_2.csv","3.2|923096"
"164","3.3","923329","2026-03-31 17:00","Phoenix Scene","Phoenix Fire","128687","KS Zamienie","141062","3:0","3","0","75","17","baza_3_3.csv","3.3|923329"
"164","3.3","923330","2026-03-31 17:00","Misieniechce Radom Arena","FC Misieniechce Radom","130676","!STAL NYSA","130728","0:3","0","3","15","75","baza_3_3.csv","3.3|923330"
"164","3.3","923331","2026-03-31 17:00","Milenium MOSIR","Kotwica Kołobrzeg","128801","RG Olsztyn","128652","2:3","2","3","93","101","baza_3_3.csv","3.3|923331"
"164","3.3","923332","2026-03-31 17:00","RINLZER ARENA","RINZLER","128627","Ale co","128694","3:0","3","0","75","47","baza_3_3.csv","3.3|923332"
"164","3.3","923333","2026-03-31 17:00","Wimbledon","Zduńska Wola Team","128640","Mazaki VC","131006","0:3","0","3","10","75","baza_3_3.csv","3.3|923333"
"164","3.3","923334","2026-03-31 17:00","Drink Arena","Drink Team","141020","Jeżomyszy🦔z Marsa🪐","130972","0:3","0","3","20","75","baza_3_3.csv","3.3|923334"
"164","3.3","923335","2026-03-31 17:00","NiuniuCamp","NiuniuTeam","137395","Bad Boys Team","128706","0:3","0","3","58","75","baza_3_3.csv","3.3|923335"
"164","3.3","923336","2026-03-31 17:00","NWWALC Stadium","OFIME Targówek","131746","DragonGAYS Polska","130705","3:1","3","1","88","92","baza_3_3.csv","3.3|923336"
"164","3.4","923569","2026-03-31 17:00","Valiant Boys","Valiant Boys","130826","Asseco Resovia","131163","3:0","3","0","75","17","baza_3_4.csv","3.4|923569"
"164","3.4","923570","2026-03-31 17:00","Urania","Choroszcza Olsztyn","130774","toto","128731","3:0","3","0","75","11","baza_3_4.csv","3.4|923570"
"164","3.4","923571","2026-03-31 17:00","Pod niebem u Henia","Potok city","140815","Trefl Gdańsk Pomorze","130509","0:3","0","3","44","75","baza_3_4.csv","3.4|923571"
"164","3.4","923572","2026-03-31 17:00","Strzelce Opolskie Arena","PIAST Strzelce Opolskie","130555","Trefl","131199","0:3","0","3","20","75","baza_3_4.csv","3.4|923572"
"164","3.4","923573","2026-03-31 17:00","Niepodległości 11","KS Świt Baranowo","128589","eŁKSa1908","130836","0:3","0","3","28","75","baza_3_4.csv","3.4|923573"
"164","3.4","923574","2026-03-31 17:00","GOKSiR Konstancin","IKS Konstancin - Jeziorna","131223","Sycylijskie Cytryniaki","130704","0:3","0","3","16","75","baza_3_4.csv","3.4|923574"
"164","3.4","923575","2026-03-31 17:00","Arena Albigowa","SST SPORTUR GMINA ŁAŃCUT","128795","Los Rakos","137449","0:3","0","3","31","75","baza_3_4.csv","3.4|923575"
"164","3.4","923576","2026-03-31 17:00","Leszczyny arena","Volley Leszczyny","137412","Smoczy Gród","131131","0:3","0","3","45","75","baza_3_4.csv","3.4|923576"
"164","3.5","923809","2026-03-31 17:00","Baltic Arena","KKS Kaszubia Kościerzyna","128786","Kosmiczne Mandarynki","128609","3:0","3","0","75","34","baza_3_5.csv","3.5|923809"
"164","3.5","923810","2026-03-31 17:00","ULTRAS ARENA","ULTRAS-PL","130527","RafaTeam Lipusz","130561","0:3","0","3","20","75","baza_3_5.csv","3.5|923810"
"164","3.5","923811","2026-03-31 17:00","Hala Sportowa AKS","AKS Śliw@","128584","CAMORRA VC","130516","0:3","0","3","35","75","baza_3_5.csv","3.5|923811"
"164","3.5","923812","2026-03-31 17:00","Thorn Hall","Bart Thorn","130726","VC BORDER","128622","0:3","0","3","37","75","baza_3_5.csv","3.5|923812"
"164","3.5","923813","2026-03-31 17:00","Hala Dobra","AKS VOLLEY  DOBRA","141110","OPOLE","130500","0:3","0","3","51","75","baza_3_5.csv","3.5|923813"
"164","3.5","923814","2026-03-31 17:00","Dwa słupki i sznurek azt","Aniołki Toruń","130820","S-Ninjas","130582","0:3","0","3","15","75","baza_3_5.csv","3.5|923814"
"164","3.5","923815","2026-03-31 17:00","KSW ARENA","KSW7","140968","SKS Iłżanka Baranów","128715","0:3","0","3","59","75","baza_3_5.csv","3.5|923815"
"164","3.5","923816","2026-03-31 17:00","Arena Krosno","Iskra Krosno","128667","PGE Skra Poznań","130781","0:3","0","3","47","75","baza_3_5.csv","3.5|923816"
"164","3.6","924049","2026-03-31 17:00","Słomin centre","Projekt Słomin","128700","Young Team Reaktywacja","140951","3:0","3","0","75","31","baza_3_6.csv","3.6|924049"
"164","3.6","924050","2026-03-31 17:00","KCKiS","Kudowianka Kudowa-Zdrój","131235","Ikjas Toruń","131062","0:3","0","3","52","75","baza_3_6.csv","3.6|924050"
"164","3.6","924051","2026-03-31 17:00","Puszcza","Pogoń Żubr","130564","Browary Hills","130979","0:3","0","3","50","75","baza_3_6.csv","3.6|924051"
"164","3.6","924052","2026-03-31 17:00","Podpromie","SMS Rzeszów","137337","KS Jastrzębie","130545","0:3","0","3","23","75","baza_3_6.csv","3.6|924052"
"164","3.6","924053","2026-03-31 17:00","Są gorsze areny","Są Gorsi","130693","Black Smoke","137347","1:3","1","3","54","88","baza_3_6.csv","3.6|924053"
"164","3.6","924054","2026-03-31 17:00","Hala Limanowa","KS Limanowa","140814","Victoria Wałbrzych","128774","0:3","0","3","10","75","baza_3_6.csv","3.6|924054"
"164","3.6","924055","2026-03-31 17:00","Arena Twierdza","Twierdza Teodorówka","130591","MKS Siemianowice","128799","1:3","1","3","63","98","baza_3_6.csv","3.6|924055"
"164","3.6","924056","2026-03-31 17:00","Strongman Arena","RTS.Strongman Małecz","130601","Groszowice Soreide","130604","2:3","2","3","100","100","baza_3_6.csv","3.6|924056"
"164","3.7","924289","2026-03-31 17:00","San Siro","Stocznia Gdańsk","130595","Dąbrowskie Pioruny","140781","3:0","3","0","75","12","baza_3_7.csv","3.7|924289"
"164","3.7","924290","2026-03-31 17:00","Arena Wielkoludów","Błysk2","131225","Orły","137486","3:0","3","0","76","64","baza_3_7.csv","3.7|924290"
"164","3.7","924291","2026-03-31 17:00","Janów Darbaz","SDJ Janów","131251","Latające Dżdżownice","140796","0:3","0","3","62","76","baza_3_7.csv","3.7|924291"
"164","3.7","924292","2026-03-31 17:00","FFP Arena","FFP Virtual Volley","130573","KZN","131229","0:3","0","3","23","75","baza_3_7.csv","3.7|924292"
"164","3.7","924293","2026-03-31 17:00","Estadio de Brzózka","Dyliżans Brzózka","137454","AZS Politechnika Poznańska","128759","3:2","3","2","98","102","baza_3_7.csv","3.7|924293"
"164","3.7","924294","2026-03-31 17:00","Rotavia Arena","LKS Rotavia Nieporęt","128730","Volania Jeleninhos","131141","0:3","0","3","41","75","baza_3_7.csv","3.7|924294"
"164","3.7","924295","2026-03-31 17:00","Haba","Ghrum","130784","Linkin Park United","130617","2:3","2","3","105","113","baza_3_7.csv","3.7|924295"
"164","3.7","924296","2026-03-31 17:00","Immobile Łuczniczka","BKS Visła Bydgoszcz","131284","Mighty Bears","130513","3:1","3","1","101","71","baza_3_7.csv","3.7|924296"
"164","3.8","924529","2026-03-31 17:00","Stilon Arena","Stilon Gorzów","130891","MKS Dąbrowa Górnicza","128800","3:0","3","0","75","25","baza_3_8.csv","3.8|924529"
"164","3.8","924530","2026-03-31 17:00","zAKSA ARENA","ZAKSA ŚWINOUJŚCIE","130896","Anioły Toruń","130514","3:2","3","2","108","98","baza_3_8.csv","3.8|924530"
"164","3.8","924531","2026-03-31 17:00","Fc","Fc Albatros","131276","Rockers Wrocław","128605","0:3","0","3","21","75","baza_3_8.csv","3.8|924531"
"164","3.8","924532","2026-03-31 17:00","Américain Airlines Center","Dallas Mavericks","128666","Jang Tim","128677","0:3","0","3","33","75","baza_3_8.csv","3.8|924532"
"164","3.8","924533","2026-03-31 17:00","Hala Urania","AZS PRIME Olsztyn","137361","PGE GIEK Skra Bełchatów","130721","0:3","0","3","40","75","baza_3_8.csv","3.8|924533"
"164","3.8","924534","2026-03-31 17:00","KND Arena","KndSynu Cios","137411","Aptekarz Tylmanowa","128720","0:3","0","3","38","75","baza_3_8.csv","3.8|924534"
"164","3.8","924535","2026-03-31 17:00","Kiciniowo","Fc Kiciusie","140744","Volley Królewscy Jedlnia","130524","0:3","0","3","27","75","baza_3_8.csv","3.8|924535"
"164","3.8","924536","2026-03-31 17:00","Hell","Przebój Wolbrom","130621","Budowlani Łódź","128736","1:3","1","3","83","95","baza_3_8.csv","3.8|924536"
"164","3.9","924769","2026-03-31 17:00","Hala Relax","Volley Team Piotrków Tryb.","128724","SGS Goleniów","137350","1:3","1","3","79","93","baza_3_9.csv","3.9|924769"
"164","3.9","924770","2026-03-31 17:00","DORCAN","GSY","130525","Galaxia Kwielice","130973","0:3","0","3","12","75","baza_3_9.csv","3.9|924770"
"164","3.9","924771","2026-03-31 17:00","Golasowice","Flying Spiders","140867","Zamek Golub-Dobrzyń","131227","0:3","0","3","12","75","baza_3_9.csv","3.9|924771"
"164","3.9","924772","2026-03-31 17:00","Malinowa home","Czarni Piasek","128752","Zaksa Mszczonów","130593","0:3","0","3","48","75","baza_3_9.csv","3.9|924772"
"164","3.9","924773","2026-03-31 17:00","Jaga","Jagiellonia Białystok","140856","ActiVeTeam","128702","0:3","0","3","20","75","baza_3_9.csv","3.9|924773"
"164","3.9","924774","2026-03-31 17:00","Hala Brzeziny","SBX TEAM","140751","Volleyball Szubin Team","128579","0:3","0","3","37","75","baza_3_9.csv","3.9|924774"
"164","3.9","924775","2026-03-31 17:00","Sardegna Hall","Sardegna Volley","137467","Spartans Volley","130930","0:3","0","3","51","75","baza_3_9.csv","3.9|924775"
"164","3.9","924776","2026-03-31 17:00","Bonito Arena","Joga Bonito","137493","ZYX","131059","0:3","0","3","27","75","baza_3_9.csv","3.9|924776"
"164","3.10","925009","2026-03-31 17:00","JednakGramy Arena","JednakGramy","128768","Indykpol AZS Olsztyn","128620","3:0","3","0","75","41","baza_3_10.csv","3.10|925009"
"164","3.10","925010","2026-03-31 17:00","AWZAN 271","KK271","141054","Hot Volley Nysa","128630","0:3","0","3","22","75","baza_3_10.csv","3.10|925010"
"164","3.10","925011","2026-03-31 17:00","ŁOWICZ ARENA","UKS BŁYSKAWICA ŁOWICZ","130699","Pancio","128750","0:3","0","3","35","75","baza_3_10.csv","3.10|925011"
"164","3.10","925012","2026-03-31 17:00","Hala Widowiskowa BBOSiR","BBTS Bielsko-Biała","137383","KS Strużanka Baranów","130994","0:3","0","3","44","75","baza_3_10.csv","3.10|925012"
"164","3.10","925013","2026-03-31 17:00","Sovia","Tigers","128634","TKS Jelenie Studzienki","130939","0:3","0","3","11","75","baza_3_10.csv","3.10|925013"
"164","3.10","925014","2026-03-31 17:00","R22","TSW Wisła Kraków","151056","Bydgoszcz Baki","128616","0:3","0","3","31","75","baza_3_10.csv","3.10|925014"
"164","3.10","925015","2026-03-31 17:00","Piernik Arena","Kopernik Toruń","130739","Złote Orły","131740","0:3","0","3","34","75","baza_3_10.csv","3.10|925015"
"164","3.10","925016","2026-03-31 17:00","Osyra Stadion","GPT Mysłowice","128747","Polish Wolves","131258","0:3","0","3","45","75","baza_3_10.csv","3.10|925016"
"164","3.11","925249","2026-03-31 17:00","Stajnia Jednorożców","Kolorowe Rumaki","131164","Orzełki Team","137444","3:0","3","0","75","30","baza_3_11.csv","3.11|925249"
"164","3.11","925250","2026-03-31 17:00","Crusaders Hall","KS Crusaders","137439","Kasztaniaki","131735","0:3","0","3","31","75","baza_3_11.csv","3.11|925250"
"164","3.11","925251","2026-03-31 17:00","Tujniczanka-Łosmanat","FC Łosarnia Tujsk","140910","Seniorzy Wieluń","130519","0:3","0","3","60","77","baza_3_11.csv","3.11|925251"
"164","3.11","925252","2026-03-31 17:00","Decha Arena","Gwoździe","140812","PauPau","140825","0:3","0","3","12","75","baza_3_11.csv","3.11|925252"
"164","3.11","925253","2026-03-31 17:00","ERGO ARENA","NIELOTY GDAŃSK","130946","Pogoń Portowcy","131768","0:3","0","3","5","75","baza_3_11.csv","3.11|925253"
"164","3.11","925254","2026-03-31 17:00","hala MOSiR","Enea PTPS Piła","128646","Brute Force","130978","0:3","0","3","21","75","baza_3_11.csv","3.11|925254"
"164","3.11","925255","2026-03-31 17:00","Arena W","Team WWW","131066","AKS Andrut Kalisz 🧇","128789","3:0","3","0","76","57","baza_3_11.csv","3.11|925255"
"164","3.11","925256","2026-03-31 17:00","Szklanka Wódki xD","ScorpioN","128617","Latające Imadła","131022","0:3","0","3","47","76","baza_3_11.csv","3.11|925256"
"164","3.12","925489","2026-03-31 17:00","Sparbanken Skåne Arena","🌳Leśne Ludki🌳","131712","Olimpia Kowary","137420","3:0","3","0","75","34","baza_3_12.csv","3.12|925489"
"164","3.12","925490","2026-03-31 17:00","Arena Zawiercie","Warta Zawiercie","130562","ARM Volley","137419","3:2","3","2","98","96","baza_3_12.csv","3.12|925490"
"164","3.12","925491","2026-03-31 17:00","Aciu Hall","Aciu Team","131157","300-stuSpartan","137376","0:3","0","3","8","75","baza_3_12.csv","3.12|925491"
"164","3.12","925492","2026-03-31 17:00","Niebieskie Piekło","Lube Rzeszów","130863","Acapulco Stalion","128733","0:3","0","3","46","75","baza_3_12.csv","3.12|925492"
"164","3.12","925493","2026-03-31 17:00","B4 Arena","Braniewo Volley","141119","The Ops","131290","0:3","0","3","27","75","baza_3_12.csv","3.12|925493"
"164","3.12","925494","2026-03-31 17:00","Prognozy dzisiaj nie będzie","Anię dopadła grypa","140870","Zawisza Olsztyn","128659","0:3","0","3","18","75","baza_3_12.csv","3.12|925494"
"164","3.12","925495","2026-03-31 17:00","Match Of The Millennium","Yu-Gi-Oh!","131717","Volley Master","130507","1:3","1","3","88","94","baza_3_12.csv","3.12|925495"
"164","3.12","925496","2026-03-31 17:00","Konarzewo Arena","KS Konarzewo","137342","Ipsarion","140952","3:0","3","0","76","57","baza_3_12.csv","3.12|925496"
"164","3.13","925729","2026-03-31 17:00","Orły hall","PolskieOrły","128769","LKS  ASERTO Trześń","131723","3:0","3","0","75","39","baza_3_13.csv","3.13|925729"
"164","3.13","925730","2026-03-31 17:00","Leszno Arena","Unia Leszno","131196","Szmulki","140963","3:0","3","0","75","43","baza_3_13.csv","3.13|925730"
"164","3.13","925731","2026-03-31 17:00","Olkop Arena","Trentino Młodzieszyn","128599","Spartakus Radom","131248","0:3","0","3","13","75","baza_3_13.csv","3.13|925731"
"164","3.13","925732","2026-03-31 17:00","TwentyFive.pl","TwentyFive.pl","130518","🐀Ratty Rattas🐀","128707","0:3","0","3","38","75","baza_3_13.csv","3.13|925732"
"164","3.13","925733","2026-03-31 17:00","Hala im. Sędziów","Sędziowie Bydgoszcz","140960","☣️ MY TU TEGO BAGNO 💩💩    🔝","130911","0:3","0","3","8","75","baza_3_13.csv","3.13|925733"
"164","3.13","925734","2026-03-31 17:00","RD Arena","Red Devils","128725","ProgressTeam","128806","0:3","0","3","31","75","baza_3_13.csv","3.13|925734"
"164","3.13","925735","2026-03-31 17:00","MKS1956","MKS ŁĘCZYCA","128741","Aleleble","128628","0:3","0","3","40","75","baza_3_13.csv","3.13|925735"
"164","3.13","925736","2026-03-31 17:00","Lokomotiv Plzen","Raven","140853","Brave Vikings","131709","0:3","0","3","44","75","baza_3_13.csv","3.13|925736"
"164","3.14","925969","2026-03-31 17:00","Dąbrówka Arena","III Piastowskie","130858","KS GRABÓW","130543","0:3","0","3","53","75","baza_3_14.csv","3.14|925969"
"164","3.14","925970","2026-03-31 17:00","Energia","BT ENERGIA","137456","Kubiki","130510","0:3","0","3","27","75","baza_3_14.csv","3.14|925970"
"164","3.14","925971","2026-03-31 17:00","SANTIAGO BERNABEU","NTS NAKŁO NAD NOTECIĄ","128729","Shtosee volley team","128680","0:3","0","3","56","75","baza_3_14.csv","3.14|925971"
"164","3.14","925972","2026-03-31 17:00","Osir Trzemeszno","Skra Trzemeszno","131217","pONczek Team","130540","0:3","0","3","49","75","baza_3_14.csv","3.14|925972"
"164","3.14","925973","2026-03-31 17:00","Foxx Volley Arena","Kanzas Foxx","137481","Lajony Kingzz","131747","0:3","0","3","20","75","baza_3_14.csv","3.14|925973"
"164","3.14","925974","2026-03-31 17:00",".......","Zryw","141102","KS Brzeziny","128710","0:3","0","3","35","75","baza_3_14.csv","3.14|925974"
"164","3.14","925975","2026-03-31 17:00","Hala FC","Farciarze FC","128734","Arbuzy i Kebaby","130611","0:3","0","3","50","75","baza_3_14.csv","3.14|925975"
"164","3.14","925976","2026-03-31 17:00","Mierzwice Arena","Mierzwicanka Mierzwice","130539","Hit Happens","131734","0:3","0","3","59","76","baza_3_14.csv","3.14|925976"
"164","3.15","926209","2026-03-31 17:00","OSIR ARENA","G.T.S. Unia Choceń","128749","Gumi-Misie","131244","3:0","3","0","75","50","baza_3_15.csv","3.15|926209"
"164","3.15","926210","2026-03-31 17:00","Ultras Hall","Fenix Siennica","130586","KS Okalew","131073","0:3","0","3","25","75","baza_3_15.csv","3.15|926210"
"164","3.15","926211","2026-03-31 17:00","Sportowa","LTS Feniks Leżajsk","141106","Makosiki","128780","0:3","0","3","26","75","baza_3_15.csv","3.15|926211"
"164","3.15","926212","2026-03-31 17:00","Urania","AZT Tytan Czestochowa","128743","JaqbTeam","128695","1:3","1","3","74","98","baza_3_15.csv","3.15|926212"
"164","3.15","926213","2026-03-31 17:00","Wierzeje ARENA","Wierzeje","141108","FC Świętopełka 🔥","128802","0:3","0","3","18","75","baza_3_15.csv","3.15|926213"
"164","3.15","926214","2026-03-31 17:00","KS arena","Ks Kedzierzyn","128713","Finlandia Opole Lubelskie","130910","3:0","3","0","75","37","baza_3_15.csv","3.15|926214"
"164","3.15","926215","2026-03-31 17:00","Hala Mostowa","Śląskie Burrito","131722","Victoria Dobra","131261","0:3","0","3","25","75","baza_3_15.csv","3.15|926215"
"164","3.15","926216","2026-03-31 17:00","Makalamabedi","W124","137366","Lech Sulechów","128625","1:3","1","3","73","98","baza_3_15.csv","3.15|926216"
"164","3.16","926449","2026-03-31 17:00","Spożywczak","Blackburn Toruń","128601","Juve","131236","3:0","3","0","75","12","baza_3_16.csv","3.16|926449"
"164","3.16","926450","2026-03-31 17:00","Knights Arena","🪿⎛⎝( ` ᢍ ´ )⎠⎞ᵐᵘʰᵃʰᵃ🦇","131021","GizoTeam","128693","3:0","3","0","75","53","baza_3_16.csv","3.16|926450"
"164","3.16","926451","2026-03-31 17:00","Die Freie Stadt Danzig Sporthalle","Die Freie Stadt Danzig","130661","sanah","131179","0:3","0","3","30","75","baza_3_16.csv","3.16|926451"
"164","3.16","926452","2026-03-31 17:00","Spodek Głuchołazy","Zadar Głuchołazy","128664","Lance Armstrong","131718","0:3","0","3","44","75","baza_3_16.csv","3.16|926452"
"164","3.16","926453","2026-03-31 17:00","Hala Miejska","PKS Choszczno","140884","V-DRIFTERS","131254","0:3","0","3","35","75","baza_3_16.csv","3.16|926453"
"164","3.16","926454","2026-03-31 17:00","Sportowa","Gryf Policzna","140747","Złote Wilki","128790","0:3","0","3","16","75","baza_3_16.csv","3.16|926454"
"164","3.16","926455","2026-03-31 17:00","Łu tu tu tu","La Vida Loca","131011","Znienacka team","130933","0:3","0","3","11","75","baza_3_16.csv","3.16|926455"
"164","3.16","926456","2026-03-31 17:00","PRAFIL ARENA","PGJ Azoty","130845","AquaSharks","128771","0:3","0","3","43","75","baza_3_16.csv","3.16|926456"
"164","1.1","921641","2026-03-29 19:00","GOSTiR Rzgów","AKS Volley Łódź","131002","Dano Dream Team","130607","1:3","1","3","86","100","baza_1_1.csv","1.1|921641"
"164","1.1","921642","2026-03-29 19:00","Qweta","VC Kittens","128580","Kuźnia Byków","130744","1:3","1","3","87","95","baza_1_1.csv","1.1|921642"
"164","1.1","921643","2026-03-29 19:00","Wioska Smerfów","Smerfy","128764","DHARMA Initiative","128577","0:3","0","3","57","75","baza_1_1.csv","1.1|921643"
"164","1.1","921644","2026-03-29 19:00","Kudahuvadhoo 🏝️","Carplife 🇵🇱","130954","ZAKSA Bochotnica","128722","2:3","2","3","103","106","baza_1_1.csv","1.1|921644"
"164","1.1","921645","2026-03-29 19:00","Bugaj Arena","Pilica Koniecpol","130885","Incognito Volley","128619","1:3","1","3","83","98","baza_1_1.csv","1.1|921645"
"164","1.1","921646","2026-03-29 19:00","Kanciapa u Tumaxa","Dzikie Rumaxy","128638","Go Tigers","128631","3:0","3","0","75","56","baza_1_1.csv","1.1|921646"
"164","1.1","921647","2026-03-29 19:00","Arena of Rzeplin","Tsunami Rzeplin","128717","Penguin Małomice","128781","2:3","2","3","92","99","baza_1_1.csv","1.1|921647"
"164","1.1","921648","2026-03-29 19:00","Hala sportowa w Zduńskiej Woli","Volleyball Team Zduńska Wola","128603","Wratislawia Wrocław","128772","3:0","3","0","75","57","baza_1_1.csv","1.1|921648"
"164","2.1","921881","2026-03-29 19:00","Ośrodek Karny Rivii Arena 🎯","Smerfy z Rivii ⚔️⚔️🛡️","130934","Velen Volleyball Club","128684","3:1","3","1","89","69","baza_2_1.csv","2.1|921881"
"164","2.1","921882","2026-03-29 19:00","Field House","Miesiany Miesiany","128676","Sprzeda Mecz","128663","1:3","1","3","85","94","baza_2_1.csv","2.1|921882"
"164","2.1","921883","2026-03-29 19:00","Ping Pong Arena","Najlepsi z Najlepszych","130520","Silver Arsenal","130505","3:0","3","0","75","33","baza_2_1.csv","2.1|921883"
"164","2.1","921884","2026-03-29 19:00","LukArena","LukTeam","131134","Celtic VC","128735","3:0","3","0","75","52","baza_2_1.csv","2.1|921884"
"164","2.1","921885","2026-03-29 19:00","Piekło","Saracens","128615","CYTRYNIEC CHIŃSKI","130809","3:0","3","0","75","43","baza_2_1.csv","2.1|921885"
"164","2.1","921886","2026-03-29 19:00","Urania","CF Mleczne Olsztyn","128668","Pogromcy Gdańsk","131205","0:3","0","3","57","75","baza_2_1.csv","2.1|921886"
"164","2.1","921887","2026-03-29 19:00","Szpil Plac u Gerusia","Young Team","128708","Błyskawica Janów","131242","3:0","3","0","75","51","baza_2_1.csv","2.1|921887"
"164","2.1","921888","2026-03-29 19:00","7l z Pepsi Arena","Hydra VT Gdańsk","128612","Libero Gorzków","128703","3:0","3","0","75","55","baza_2_1.csv","2.1|921888"
"164","2.2","922121","2026-03-29 19:00","MAKDOM ARENA","MAKDOM","128660","Zakład Karny w Strzelinie","128751","2:3","2","3","98","103","baza_2_2.csv","2.2|922121"
"164","2.2","922122","2026-03-29 19:00","LEGO Arena","Czorty Chorzów","130959","Rutz","130854","1:3","1","3","87","99","baza_2_2.csv","2.2|922122"
"164","2.2","922123","2026-03-29 19:00","Olimp Arena","UKS Olimp Ostrołęka","128604","👽Strażnicy Cienia👽","128711","3:1","3","1","93","73","baza_2_2.csv","2.2|922123"
"164","2.2","922124","2026-03-29 19:00","Siatkarskie Podlasie","SiatkarskiePodlasie.pl","130565","Thorn Lynxes","131219","3:0","3","0","75","65","baza_2_2.csv","2.2|922124"
"164","2.2","922125","2026-03-29 19:00","CSKA Arena","CSKA Mielec","128613","Ranczo Wilkowyje","130915","3:1","3","1","92","89","baza_2_2.csv","2.2|922125"
"164","2.2","922126","2026-03-29 19:00","Ursus Arena","RKS","128588","Millennium Siemianowice","130955","0:3","0","3","44","75","baza_2_2.csv","2.2|922126"
"164","2.2","922127","2026-03-29 19:00","UMCS Hala Sportowa","Silver Sharks Lublin 🦈","128674","AJAX PIASTY","130797","3:2","3","2","115","112","baza_2_2.csv","2.2|922127"
"164","2.2","922128","2026-03-29 19:00","Sisu Arena","Bydgoszcz Spartans","128726","Nosmeisy","128686","0:3","0","3","51","75","baza_2_2.csv","2.2|922128"
"164","2.3","922361","2026-03-29 19:00","Kocioł","Budowlani Nysa","130574","Vikings","128756","1:3","1","3","88","92","baza_2_3.csv","2.3|922361"
"164","2.3","922362","2026-03-29 19:00","Silver Pearl Stadium","KS Budowlani Kołacin 👷🏻","128629","Vernixo","128679","3:0","3","0","75","61","baza_2_3.csv","2.3|922362"
"164","2.3","922363","2026-03-29 19:00","カラスの巣","Karasuno","128635","Wściekłe Tygrysy","128782","3:0","3","0","75","44","baza_2_3.csv","2.3|922363"
"164","2.3","922364","2026-03-29 19:00","Hala im. TW Bolka","Bolek i lolek 🤙","128586","RCS Czarni Radom","128600","3:0","3","0","80","44","baza_2_3.csv","2.3|922364"
"164","2.3","922365","2026-03-29 19:00","🦣 Mamut Area 🦣","🦣 KS MAMUTY 🦣","130549","Projekt Warszawa","128614","3:1","3","1","88","96","baza_2_3.csv","2.3|922365"
"164","2.3","922366","2026-03-29 19:00","Hala Gryfia","KKS Gryf Lębork","128809","EnergiaPro Gwardia Wrocław","130757","1:3","1","3","85","97","baza_2_3.csv","2.3|922366"
"164","2.3","922367","2026-03-29 19:00","Polonijny młyn","Polonia Bytom","130871","Zabrzański Górnik","128816","1:3","1","3","78","95","baza_2_3.csv","2.3|922367"
"164","2.3","922368","2026-03-29 19:00","Forteca Nakło","Stara Gwardia Nakło ⚔️","128688","Skoczne Karakany","130767","3:1","3","1","92","65","baza_2_3.csv","2.3|922368"
"164","2.4","922601","2026-03-29 19:00","Bystra Bochotnica Arena","Bystra Bochotnica","128657","Unknown Team","128636","1:3","1","3","72","96","baza_2_4.csv","2.4|922601"
"164","2.4","922602","2026-03-29 19:00","Mozt","TEXańska Masakra Piłą Ręczną","131293","Fc MiSieNieChce","130908","3:0","3","0","75","10","baza_2_4.csv","2.4|922602"
"164","2.4","922603","2026-03-29 19:00","kiczan arena","kiczan team zduńska wola","128596","BH STAL MIELEC","130769","3:0","3","0","75","47","baza_2_4.csv","2.4|922603"
"164","2.4","922604","2026-03-29 19:00","we no WHO U r","massive dongs","128592","Vamos","128714","3:0","3","0","75","48","baza_2_4.csv","2.4|922604"
"164","2.4","922605","2026-03-29 19:00","Aloha Arena","Ohana Gliwice","130945","Sivass-Pol De Mare","128794","3:2","3","2","106","103","baza_2_4.csv","2.4|922605"
"164","2.4","922606","2026-03-29 19:00","BKS ARENA","BKS Białystok","128644","Pioruny  i Grzmoty","130966","2:3","2","3","109","111","baza_2_4.csv","2.4|922606"
"164","2.4","922607","2026-03-29 19:00","Alpha Arena","Alpha","131086","KS Kawoholicy","131724","3:1","3","1","97","81","baza_2_4.csv","2.4|922607"
"164","2.4","922608","2026-03-29 19:00","wyrko rodzinne","Turbo Śpiochy","128578","QUEERTISONEK TEAM","131147","3:2","3","2","110","102","baza_2_4.csv","2.4|922608"
"164","3.1","922841","2026-03-29 17:00","KorpoArena","Korporacja Gwiazd Bezrobocia","128595","Team Spiryt Chorzów","130958","1:3","1","3","84","99","baza_3_1.csv","3.1|922841"
"164","3.1","922842","2026-03-29 17:00","TU Arena","TaUrsy","130537","Cargo Kamieniec Ząbkowicki","151049","0:3","0","3","5","75","baza_3_1.csv","3.1|922842"
"164","3.1","922843","2026-03-29 17:00","Nati Memorial Hall","⭐ Nati ⭐ 1995 ⭐  ∞  ⭐","130585","SRS Katarina","137403","3:1","3","1","98","70","baza_3_1.csv","3.1|922843"
"164","3.1","922844","2026-03-29 17:00","Celtics Hall","Bochotnica Celtics","128639","Team :: Ownz Ya!","130572","3:0","3","0","75","38","baza_3_1.csv","3.1|922844"
"164","3.1","922845","2026-03-29 17:00","Bździochy Arena","PGE Bubisie Bździochy","130773","Zaksa Kędzierzyn - Koźle","131200","3:0","3","0","75","22","baza_3_1.csv","3.1|922845"
"164","3.1","922846","2026-03-29 17:00","Cicely Arena","Cicely","128704","Orzeł Grzędzice","128728","3:0","3","0","75","24","baza_3_1.csv","3.1|922846"
"164","3.1","922847","2026-03-29 17:00","Avengers Arena","Avengers","130920","Vollley Rybnik","137468","3:0","3","0","75","27","baza_3_1.csv","3.1|922847"
"164","3.1","922848","2026-03-29 17:00","Renifers Hall","Renifers","128675","Drużyna Pierścienia","141064","3:0","3","0","75","51","baza_3_1.csv","3.1|922848"
"164","3.2","923081","2026-03-29 17:00","Grota tajemnic","Czarne plamy","128655","Maliniaczki","131020","2:3","2","3","111","103","baza_3_2.csv","3.2|923081"
"164","3.2","923082","2026-03-29 17:00","Urania Olsztyn","ChudyTeam","130535","WIPP Thunder","128672","3:2","3","2","112","105","baza_3_2.csv","3.2|923082"
"164","3.2","923083","2026-03-29 17:00","DZIK ŁÓDŹ ARENA","JTCNW Łódź","131093","Nocne Potwory","128803","3:2","3","2","113","108","baza_3_2.csv","3.2|923083"
"164","3.2","923084","2026-03-29 17:00","Arena Chłopów","ChlopkiTeam","128606","VC  Ziębka Team","130503","3:0","3","0","75","48","baza_3_2.csv","3.2|923084"
"164","3.2","923085","2026-03-29 17:00","Kaźmierzanka","Plas Kaźmierz","137421","Huragan Białobrzegi","131065","3:0","3","0","75","32","baza_3_2.csv","3.2|923085"
"164","3.2","923086","2026-03-29 17:00","LZS ARENA","Fiorentina Nakło","130905","Zegrze Nieporęt","131194","3:0","3","0","81","57","baza_3_2.csv","3.2|923086"
"164","3.2","923087","2026-03-29 17:00","Hala Sportowa","Siatka Krzemieniewo","128597","Wiejski Klub Kielno","130498","3:0","3","0","75","12","baza_3_2.csv","3.2|923087"
"164","3.2","923088","2026-03-29 17:00","Palau Blaugrana","CVB Barça","141012","GALACTICOS FC","131018","1:3","1","3","69","96","baza_3_2.csv","3.2|923088"
"164","3.3","923321","2026-03-29 17:00","Dytto","DragonGAYS Polska","130705","Phoenix Fire","128687","0:3","0","3","63","76","baza_3_3.csv","3.3|923321"
"164","3.3","923322","2026-03-29 17:00","Urania","Bad Boys Team","128706","OFIME Targówek","131746","3:0","3","0","77","65","baza_3_3.csv","3.3|923322"
"164","3.3","923323","2026-03-29 17:00","Jeżodrom","Jeżomyszy🦔z Marsa🪐","130972","NiuniuTeam","137395","3:0","3","0","77","50","baza_3_3.csv","3.3|923323"
"164","3.3","923324","2026-03-29 17:00","Mazakowa hala sportowa","Mazaki VC","131006","Drink Team","141020","3:0","3","0","75","13","baza_3_3.csv","3.3|923324"
"164","3.3","923325","2026-03-29 17:00","Ale co","Ale co","128694","Zduńska Wola Team","128640","3:0","3","0","75","13","baza_3_3.csv","3.3|923325"
"164","3.3","923326","2026-03-29 17:00","RG Arena","RG Olsztyn","128652","RINZLER","128627","3:0","3","0","75","36","baza_3_3.csv","3.3|923326"
"164","3.3","923327","2026-03-29 17:00","KOCIOŁ","!STAL NYSA","130728","Kotwica Kołobrzeg","128801","1:3","1","3","82","98","baza_3_3.csv","3.3|923327"
"164","3.3","923328","2026-03-29 17:00","Meduza","KS Zamienie","141062","FC Misieniechce Radom","130676","3:0","3","0","75","18","baza_3_3.csv","3.3|923328"
"164","3.4","923561","2026-03-29 17:00","Smocza Jama","Smoczy Gród","131131","Valiant Boys","130826","3:0","3","0","76","55","baza_3_4.csv","3.4|923561"
"164","3.4","923562","2026-03-29 17:00","Los Rakos arena","Los Rakos","137449","Volley Leszczyny","137412","3:0","3","0","75","40","baza_3_4.csv","3.4|923562"
"164","3.4","923563","2026-03-29 17:00","Cytrynowe Pandemonium","Sycylijskie Cytryniaki","130704","SST SPORTUR GMINA ŁAŃCUT","128795","3:0","3","0","75","50","baza_3_4.csv","3.4|923563"
"164","3.4","923564","2026-03-29 17:00","Ultras1908","eŁKSa1908","130836","IKS Konstancin - Jeziorna","131223","3:0","3","0","75","20","baza_3_4.csv","3.4|923564"
"164","3.4","923565","2026-03-29 17:00","Trefl Arena","Trefl","131199","KS Świt Baranowo","128589","3:0","3","0","75","37","baza_3_4.csv","3.4|923565"
"164","3.4","923566","2026-03-29 17:00","Aqua Baltic Arena","Trefl Gdańsk Pomorze","130509","PIAST Strzelce Opolskie","130555","3:0","3","0","75","27","baza_3_4.csv","3.4|923566"
"164","3.4","923567","2026-03-29 17:00","toto","toto","128731","Potok city","140815","0:3","0","3","5","75","baza_3_4.csv","3.4|923567"
"164","3.4","923568","2026-03-29 17:00","Podpromie","Asseco Resovia","131163","Choroszcza Olsztyn","130774","0:3","0","3","30","75","baza_3_4.csv","3.4|923568"
"164","3.5","923801","2026-03-29 17:00","Arena Poznań","PGE Skra Poznań","130781","KKS Kaszubia Kościerzyna","128786","0:3","0","3","48","75","baza_3_5.csv","3.5|923801"
"164","3.5","923802","2026-03-29 17:00","Volley Arena","SKS Iłżanka Baranów","128715","Iskra Krosno","128667","3:0","3","0","75","55","baza_3_5.csv","3.5|923802"
"164","3.5","923803","2026-03-29 17:00","Ninjutsu Arena 2024","S-Ninjas","130582","KSW7","140968","3:0","3","0","75","45","baza_3_5.csv","3.5|923803"
"164","3.5","923804","2026-03-29 17:00","OPOLE_ARENA","OPOLE","130500","Aniołki Toruń","130820","3:0","3","0","75","16","baza_3_5.csv","3.5|923804"
"164","3.5","923805","2026-03-29 17:00","H69","VC BORDER","128622","AKS VOLLEY  DOBRA","141110","3:2","3","2","103","83","baza_3_5.csv","3.5|923805"
"164","3.5","923806","2026-03-29 17:00","Halaaa","CAMORRA VC","130516","Bart Thorn","130726","3:0","3","0","75","35","baza_3_5.csv","3.5|923806"
"164","3.5","923807","2026-03-29 17:00","MOSiR LIPUSZ","RafaTeam Lipusz","130561","AKS Śliw@","128584","3:0","3","0","75","59","baza_3_5.csv","3.5|923807"
"164","3.5","923808","2026-03-29 17:00","Public Enemies","Kosmiczne Mandarynki","128609","ULTRAS-PL","130527","3:0","3","0","75","18","baza_3_5.csv","3.5|923808"
"164","3.6","924041","2026-03-29 17:00","Ceremony Place Soreide","Groszowice Soreide","130604","Projekt Słomin","128700","1:3","1","3","74","84","baza_3_6.csv","3.6|924041"
"164","3.6","924042","2026-03-29 17:00","Arena Siemianowice","MKS Siemianowice","128799","RTS.Strongman Małecz","130601","3:0","3","0","75","42","baza_3_6.csv","3.6|924042"
"164","3.6","924043","2026-03-29 17:00","Olle hall","Victoria Wałbrzych","128774","Twierdza Teodorówka","130591","3:0","3","0","75","46","baza_3_6.csv","3.6|924043"
"164","3.6","924044","2026-03-29 17:00","The Others Arena","Black Smoke","137347","KS Limanowa","140814","3:0","3","0","75","12","baza_3_6.csv","3.6|924044"
"164","3.6","924045","2026-03-29 17:00","HSW Jastrzębie Zdrój","KS Jastrzębie","130545","Są Gorsi","130693","3:0","3","0","75","15","baza_3_6.csv","3.6|924045"
"164","3.6","924046","2026-03-29 17:00","Browar","Browary Hills","130979","SMS Rzeszów","137337","3:0","3","0","75","19","baza_3_6.csv","3.6|924046"
"164","3.6","924047","2026-03-29 17:00","Ikjas Arena","Ikjas Toruń","131062","Pogoń Żubr","130564","3:2","3","2","114","107","baza_3_6.csv","3.6|924047"
"164","3.6","924048","2026-03-29 17:00","Boisko na polu","Young Team Reaktywacja","140951","Kudowianka Kudowa-Zdrój","131235","0:3","0","3","68","76","baza_3_6.csv","3.6|924048"
"164","3.7","924281","2026-03-29 17:00","Reksio Arena","Mighty Bears","130513","Stocznia Gdańsk","130595","0:3","0","3","48","75","baza_3_7.csv","3.7|924281"
"164","3.7","924282","2026-03-29 17:00","Meteora Arena","Linkin Park United","130617","BKS Visła Bydgoszcz","131284","3:0","3","0","77","59","baza_3_7.csv","3.7|924282"
"164","3.7","924283","2026-03-29 17:00","Spodek Viadukt","Volania Jeleninhos","131141","Ghrum","130784","3:0","3","0","75","50","baza_3_7.csv","3.7|924283"
"164","3.7","924284","2026-03-29 17:00","Hala PP Piotrowo","AZS Politechnika Poznańska","128759","LKS Rotavia Nieporęt","128730","1:3","1","3","88","96","baza_3_7.csv","3.7|924284"
"164","3.7","924285","2026-03-29 17:00","KZN","KZN","131229","Dyliżans Brzózka","137454","3:2","3","2","104","108","baza_3_7.csv","3.7|924285"
"164","3.7","924286","2026-03-29 17:00","Spulchniona Ziemia","Latające Dżdżownice","140796","FFP Virtual Volley","130573","3:0","3","0","75","14","baza_3_7.csv","3.7|924286"
"164","3.7","924287","2026-03-29 17:00","Hala Orłów","Orły","137486","SDJ Janów","131251","3:0","3","0","75","47","baza_3_7.csv","3.7|924287"
"164","3.7","924288","2026-03-29 17:00","GROZA","Dąbrowskie Pioruny","140781","Błysk2","131225","0:3","0","3","18","75","baza_3_7.csv","3.7|924288"
"164","3.8","924521","2026-03-29 17:00","Fabryczna Union Arena","Budowlani Łódź","128736","Stilon Gorzów","130891","0:3","0","3","30","75","baza_3_8.csv","3.8|924521"
"164","3.8","924522","2026-03-29 17:00","Kolonia Arena","Volley Królewscy Jedlnia","130524","Przebój Wolbrom","130621","3:0","3","0","77","58","baza_3_8.csv","3.8|924522"
"164","3.8","924523","2026-03-29 17:00","Tylmanowa Arena","Aptekarz Tylmanowa","128720","Fc Kiciusie","140744","3:0","3","0","75","48","baza_3_8.csv","3.8|924523"
"164","3.8","924524","2026-03-29 17:00","Hala Energia","PGE GIEK Skra Bełchatów","130721","KndSynu Cios","137411","3:0","3","0","75","47","baza_3_8.csv","3.8|924524"
"164","3.8","924525","2026-03-29 17:00","Na Hasioku","Jang Tim","128677","AZS PRIME Olsztyn","137361","3:0","3","0","75","33","baza_3_8.csv","3.8|924525"
"164","3.8","924526","2026-03-29 17:00","Rock Arena","Rockers Wrocław","128605","Dallas Mavericks","128666","3:0","3","0","75","15","baza_3_8.csv","3.8|924526"
"164","3.8","924527","2026-03-29 17:00","Arena Toruń","Anioły Toruń","130514","Fc Albatros","131276","3:1","3","1","88","85","baza_3_8.csv","3.8|924527"
"164","3.8","924528","2026-03-29 17:00","HALA CENTRUM","MKS Dąbrowa Górnicza","128800","ZAKSA ŚWINOUJŚCIE","130896","3:0","3","0","75","45","baza_3_8.csv","3.8|924528"
"164","3.9","924761","2026-03-29 17:00","XYZ","ZYX","131059","Volley Team Piotrków Tryb.","128724","3:2","3","2","107","96","baza_3_9.csv","3.9|924761"
"164","3.9","924762","2026-03-29 17:00","Volley Citadel","Spartans Volley","130930","Joga Bonito","137493","3:0","3","0","75","56","baza_3_9.csv","3.9|924762"
"164","3.9","924763","2026-03-29 17:00","VST Hala Sportowa","Volleyball Szubin Team","128579","Sardegna Volley","137467","3:0","3","0","75","47","baza_3_9.csv","3.9|924763"
"164","3.9","924764","2026-03-29 17:00","HalaAT","ActiVeTeam","128702","SBX TEAM","140751","3:1","3","1","98","69","baza_3_9.csv","3.9|924764"
"164","3.9","924765","2026-03-29 17:00","OSiR","Zaksa Mszczonów","130593","Jagiellonia Białystok","140856","3:0","3","0","75","26","baza_3_9.csv","3.9|924765"
"164","3.9","924766","2026-03-29 17:00","OSiR Golub-Dobrzyń","Zamek Golub-Dobrzyń","131227","Czarni Piasek","128752","3:0","3","0","75","38","baza_3_9.csv","3.9|924766"
"164","3.9","924767","2026-03-29 17:00","Hall of Glory","Galaxia Kwielice","130973","Flying Spiders","140867","3:0","3","0","75","20","baza_3_9.csv","3.9|924767"
"164","3.9","924768","2026-03-29 17:00","SGS Arena","SGS Goleniów","137350","GSY","130525","3:0","3","0","75","19","baza_3_9.csv","3.9|924768"
"164","3.10","925001","2026-03-29 17:00","Wataha","Polish Wolves","131258","JednakGramy","128768","1:3","1","3","82","99","baza_3_10.csv","3.10|925001"
"164","3.10","925002","2026-03-29 17:00","Stadion Złotych Orłów","Złote Orły","131740","GPT Mysłowice","128747","3:1","3","1","94","71","baza_3_10.csv","3.10|925002"
"164","3.10","925003","2026-03-29 17:00","Crucible","Bydgoszcz Baki","128616","Kopernik Toruń","130739","3:0","3","0","75","31","baza_3_10.csv","3.10|925003"
"164","3.10","925004","2026-03-29 17:00","Hala sportowa w Paterku ul. Kcyńska 6A","TKS Jelenie Studzienki","130939","TSW Wisła Kraków","151056","3:0","3","0","75","31","baza_3_10.csv","3.10|925004"
"164","3.10","925005","2026-03-29 17:00","Arena Baranów","KS Strużanka Baranów","130994","Tigers","128634","3:0","3","0","75","13","baza_3_10.csv","3.10|925005"
"164","3.10","925006","2026-03-29 17:00","Osir","Pancio","128750","BBTS Bielsko-Biała","137383","3:0","3","0","75","30","baza_3_10.csv","3.10|925006"
"164","3.10","925007","2026-03-29 17:00","Fire Ball Arena","Hot Volley Nysa","128630","UKS BŁYSKAWICA ŁOWICZ","130699","3:0","3","0","75","43","baza_3_10.csv","3.10|925007"
"164","3.10","925008","2026-03-29 17:00","Hala Urania","Indykpol AZS Olsztyn","128620","KK271","141054","3:0","3","0","75","31","baza_3_10.csv","3.10|925008"
"164","3.11","925241","2026-03-29 17:00","Upadła Arena","Latające Imadła","131022","Kolorowe Rumaki","131164","1:3","1","3","89","96","baza_3_11.csv","3.11|925241"
"164","3.11","925242","2026-03-29 17:00","Hala Chrupnięcia","AKS Andrut Kalisz 🧇","128789","ScorpioN","128617","3:0","3","0","75","17","baza_3_11.csv","3.11|925242"
"164","3.11","925243","2026-03-29 17:00","Brute Force Arena","Brute Force","130978","Team WWW","131066","3:0","3","0","80","65","baza_3_11.csv","3.11|925243"
"164","3.11","925244","2026-03-29 17:00","Pogoń Arena","Pogoń Portowcy","131768","Enea PTPS Piła","128646","3:0","3","0","75","33","baza_3_11.csv","3.11|925244"
"164","3.11","925245","2026-03-29 17:00","PauPau Arena","PauPau","140825","NIELOTY GDAŃSK","130946","3:0","3","0","75","15","baza_3_11.csv","3.11|925245"
"164","3.11","925246","2026-03-29 17:00","Arena Wieluń","Seniorzy Wieluń","130519","Gwoździe","140812","3:0","3","0","75","19","baza_3_11.csv","3.11|925246"
"164","3.11","925247","2026-03-29 17:00","Kasztan","Kasztaniaki","131735","FC Łosarnia Tujsk","140910","1:3","1","3","84","96","baza_3_11.csv","3.11|925247"
"164","3.11","925248","2026-03-29 17:00","Hala Orzełek","Orzełki Team","137444","KS Crusaders","137439","3:0","3","0","75","48","baza_3_11.csv","3.11|925248"
"164","3.12","925481","2026-03-29 17:00","Ipsarion","Ipsarion","140952","🌳Leśne Ludki🌳","131712","2:3","2","3","99","110","baza_3_12.csv","3.12|925481"
"164","3.12","925482","2026-03-29 17:00","Lesko Arena","Volley Master","130507","KS Konarzewo","137342","3:0","3","0","75","57","baza_3_12.csv","3.12|925482"
"164","3.12","925483","2026-03-29 17:00","Hala Urania of City Olsztyn","Zawisza Olsztyn","128659","Yu-Gi-Oh!","131717","3:0","3","0","77","65","baza_3_12.csv","3.12|925483"
"164","3.12","925484","2026-03-29 17:00","Bagno","The Ops","131290","Anię dopadła grypa","140870","3:0","3","0","75","12","baza_3_12.csv","3.12|925484"
"164","3.12","925485","2026-03-29 17:00","Losir Luboń","Acapulco Stalion","128733","Braniewo Volley","141119","3:0","3","0","75","25","baza_3_12.csv","3.12|925485"
"164","3.12","925486","2026-03-29 17:00","Sparta","300-stuSpartan","137376","Lube Rzeszów","130863","3:0","3","0","75","18","baza_3_12.csv","3.12|925486"
"164","3.12","925487","2026-03-29 17:00","Masuria Palace","ARM Volley","137419","Aciu Team","131157","3:0","3","0","75","17","baza_3_12.csv","3.12|925487"
"164","3.12","925488","2026-03-29 17:00","Immobile Kowary","Olimpia Kowary","137420","Warta Zawiercie","130562","0:3","0","3","32","75","baza_3_12.csv","3.12|925488"
"164","3.13","925721","2026-03-29 17:00","Valhalla","Brave Vikings","131709","PolskieOrły","128769","3:0","3","0","75","62","baza_3_13.csv","3.13|925721"
"164","3.13","925722","2026-03-29 17:00","Im. Św. Qbiniego","Aleleble","128628","Raven","140853","3:0","3","0","76","65","baza_3_13.csv","3.13|925722"
"164","3.13","925723","2026-03-29 17:00","Progress Arena","ProgressTeam","128806","MKS ŁĘCZYCA","128741","3:0","3","0","80","44","baza_3_13.csv","3.13|925723"
"164","3.13","925724","2026-03-29 17:00","TUR TUREK KOCIOŁ SILNIK PODKRĘCONY TEJ","☣️ MY TU TEGO BAGNO 💩💩    🔝","130911","Red Devils","128725","3:0","3","0","75","34","baza_3_13.csv","3.13|925724"
"164","3.13","925725","2026-03-29 17:00","Rat Arena","🐀Ratty Rattas🐀","128707","Sędziowie Bydgoszcz","140960","3:0","3","0","75","8","baza_3_13.csv","3.13|925725"
"164","3.13","925726","2026-03-29 17:00","Szczoty","Spartakus Radom","131248","TwentyFive.pl","130518","3:1","3","1","99","76","baza_3_13.csv","3.13|925726"
"164","3.13","925727","2026-03-29 17:00","Szmulki","Szmulki","140963","Trentino Młodzieszyn","128599","3:0","3","0","75","32","baza_3_13.csv","3.13|925727"
"164","3.13","925728","2026-03-29 17:00","Hala Cześniosko","LKS  ASERTO Trześń","131723","Unia Leszno","131196","0:3","0","3","37","75","baza_3_13.csv","3.13|925728"
"164","3.14","925961","2026-03-29 17:00","Hit Dome","Hit Happens","131734","III Piastowskie","130858","3:0","3","0","75","40","baza_3_14.csv","3.14|925961"
"164","3.14","925962","2026-03-29 17:00","Bebzol","Arbuzy i Kebaby","130611","Mierzwicanka Mierzwice","130539","3:0","3","0","75","49","baza_3_14.csv","3.14|925962"
"164","3.14","925963","2026-03-29 17:00","Old Trafford","KS Brzeziny","128710","Farciarze FC","128734","3:0","3","0","75","44","baza_3_14.csv","3.14|925963"
"164","3.14","925964","2026-03-29 17:00","Lions Stadium","Lajony Kingzz","131747","Zryw","141102","3:0","3","0","75","52","baza_3_14.csv","3.14|925964"
"164","3.14","925965","2026-03-29 17:00","pONczek Arena","pONczek Team","130540","Kanzas Foxx","137481","3:0","3","0","75","22","baza_3_14.csv","3.14|925965"
"164","3.14","925966","2026-03-29 17:00","Shtosee Sky arena","Shtosee volley team","128680","Skra Trzemeszno","131217","0:3","0","3","40","75","baza_3_14.csv","3.14|925966"
"164","3.14","925967","2026-03-29 17:00","Kubikownia","Kubiki","130510","NTS NAKŁO NAD NOTECIĄ","128729","3:2","3","2","108","87","baza_3_14.csv","3.14|925967"
"164","3.14","925968","2026-03-29 17:00","Hala Grabów Stadium","KS GRABÓW","130543","BT ENERGIA","137456","3:0","3","0","75","37","baza_3_14.csv","3.14|925968"
"164","3.15","926201","2026-03-29 17:00","Estadio zulito","Lech Sulechów","128625","G.T.S. Unia Choceń","128749","2:3","2","3","87","108","baza_3_15.csv","3.15|926201"
"164","3.15","926202","2026-03-29 17:00","Dobrzynianka","Victoria Dobra","131261","W124","137366","3:0","3","0","75","41","baza_3_15.csv","3.15|926202"
"164","3.15","926203","2026-03-29 17:00","Kabako Arena","Finlandia Opole Lubelskie","130910","Śląskie Burrito","131722","0:3","0","3","17","75","baza_3_15.csv","3.15|926203"
"164","3.15","926204","2026-03-29 17:00","MotoArena","FC Świętopełka 🔥","128802","Ks Kedzierzyn","128713","3:0","3","0","75","15","baza_3_15.csv","3.15|926204"
"164","3.15","926205","2026-03-29 17:00","JaqbArena","JaqbTeam","128695","Wierzeje","141108","3:0","3","0","75","16","baza_3_15.csv","3.15|926205"
"164","3.15","926206","2026-03-29 17:00","MakosHall","Makosiki","128780","AZT Tytan Czestochowa","128743","3:1","3","1","100","89","baza_3_15.csv","3.15|926206"
"164","3.15","926207","2026-03-29 17:00","Hala Sportowa Okalew","KS Okalew","131073","LTS Feniks Leżajsk","141106","3:0","3","0","75","36","baza_3_15.csv","3.15|926207"
"164","3.15","926208","2026-03-29 17:00","Misiakowo","Gumi-Misie","131244","Fenix Siennica","130586","3:0","3","0","79","56","baza_3_15.csv","3.15|926208"
"164","3.16","926441","2026-03-29 17:00","Arena Łódź Podwodna","AquaSharks","128771","Blackburn Toruń","128601","0:3","0","3","54","75","baza_3_16.csv","3.16|926441"
"164","3.16","926442","2026-03-29 17:00","ZNhala","Znienacka team","130933","PGJ Azoty","130845","3:0","3","0","75","23","baza_3_16.csv","3.16|926442"
"164","3.16","926443","2026-03-29 17:00","Arena wilków","Złote Wilki","128790","La Vida Loca","131011","3:0","3","0","75","7","baza_3_16.csv","3.16|926443"
"164","3.16","926444","2026-03-29 17:00","DONUT","V-DRIFTERS","131254","Gryf Policzna","140747","3:2","3","2","114","107","baza_3_16.csv","3.16|926444"
"164","3.16","926445","2026-03-29 17:00","Camp Nou","Lance Armstrong","131718","PKS Choszczno","140884","3:0","3","0","75","42","baza_3_16.csv","3.16|926445"
"164","3.16","926446","2026-03-29 17:00","poezyje","sanah","131179","Zadar Głuchołazy","128664","3:0","3","0","75","35","baza_3_16.csv","3.16|926446"
"164","3.16","926447","2026-03-29 17:00","HalaGT","GizoTeam","128693","Die Freie Stadt Danzig","130661","3:0","3","0","75","35","baza_3_16.csv","3.16|926447"
"164","3.16","926448","2026-03-29 17:00","San","Juve","131236","🪿⎛⎝( ` ᢍ ´ )⎠⎞ᵐᵘʰᵃʰᵃ🦇","131021","0:3","0","3","24","75","baza_3_16.csv","3.16|926448"
"164","1.1","921633","2026-03-28 19:00","Arena W-W","Wratislawia Wrocław","128772","Dano Dream Team","130607","0:3","0","3","43","75","baza_1_1.csv","1.1|921633"
"164","1.1","921634","2026-03-28 19:00","Ergo Małomice","Penguin Małomice","128781","Volleyball Team Zduńska Wola","128603","3:0","3","0","76","65","baza_1_1.csv","1.1|921634"
"164","1.1","921635","2026-03-28 19:00","Hala Polonia","Go Tigers","128631","Tsunami Rzeplin","128717","0:3","0","3","54","75","baza_1_1.csv","1.1|921635"
"164","1.1","921636","2026-03-28 19:00","SMA","Incognito Volley","128619","Dzikie Rumaxy","128638","3:1","3","1","96","79","baza_1_1.csv","1.1|921636"
"164","1.1","921637","2026-03-28 19:00","Hala Widowiskowo-Sportowa \""AZOTY\""","ZAKSA Bochotnica","128722","Pilica Koniecpol","130885","1:3","1","3","99","95","baza_1_1.csv","1.1|921637"
"164","1.1","921638","2026-03-28 19:00","Kudahuvadhoo 🏝️","Carplife 🇵🇱","130954","DHARMA Initiative","128577","2:3","2","3","101","100","baza_1_1.csv","1.1|921638"
"164","1.1","921639","2026-03-28 19:00","Mordor","Kuźnia Byków","130744","Smerfy","128764","3:0","3","0","75","44","baza_1_1.csv","1.1|921639"
"164","1.1","921640","2026-03-28 19:00","Qweta","VC Kittens","128580","AKS Volley Łódź","131002","3:1","3","1","87","80","baza_1_1.csv","1.1|921640"
"164","2.1","921873","2026-03-28 19:00","Hala 134","Libero Gorzków","128703","Velen Volleyball Club","128684","1:3","1","3","69","99","baza_2_1.csv","2.1|921873"
"164","2.1","921874","2026-03-28 19:00","Janów hall","Błyskawica Janów","131242","Hydra VT Gdańsk","128612","0:3","0","3","37","75","baza_2_1.csv","2.1|921874"
"164","2.1","921875","2026-03-28 19:00","Pogro Arena","Pogromcy Gdańsk","131205","Young Team","128708","1:3","1","3","78","100","baza_2_1.csv","2.1|921875"
"164","2.1","921876","2026-03-28 19:00","CYTRYNIEC","CYTRYNIEC CHIŃSKI","130809","CF Mleczne Olsztyn","128668","1:3","1","3","82","92","baza_2_1.csv","2.1|921876"
"164","2.1","921877","2026-03-28 19:00","Parkhead","Celtic VC","128735","Saracens","128615","1:3","1","3","91","103","baza_2_1.csv","2.1|921877"
"164","2.1","921878","2026-03-28 19:00","LukArena","LukTeam","131134","Silver Arsenal","130505","3:0","3","0","75","37","baza_2_1.csv","2.1|921878"
"164","2.1","921879","2026-03-28 19:00","Mleczne Arena","Sprzeda Mecz","128663","Najlepsi z Najlepszych","130520","1:3","1","3","98","104","baza_2_1.csv","2.1|921879"
"164","2.1","921880","2026-03-28 19:00","Field House","Miesiany Miesiany","128676","Smerfy z Rivii ⚔️⚔️🛡️","130934","3:2","3","2","113","87","baza_2_1.csv","2.1|921880"
"164","2.2","922113","2026-03-28 19:00","Zimorodek","Nosmeisy","128686","Zakład Karny w Strzelinie","128751","3:0","3","0","75","37","baza_2_2.csv","2.2|922113"
"164","2.2","922114","2026-03-28 19:00","Piasterdam Stadium","AJAX PIASTY","130797","Bydgoszcz Spartans","128726","0:3","0","3","56","77","baza_2_2.csv","2.2|922114"
"164","2.2","922115","2026-03-28 19:00","Millennium Arena","Millennium Siemianowice","130955","Silver Sharks Lublin 🦈","128674","3:2","3","2","108","95","baza_2_2.csv","2.2|922115"
"164","2.2","922116","2026-03-28 19:00","Hala im. Pawła Kozioła","Ranczo Wilkowyje","130915","RKS","128588","3:0","3","0","75","55","baza_2_2.csv","2.2|922116"
"164","2.2","922117","2026-03-28 19:00","Wild Hall","Thorn Lynxes","131219","CSKA Mielec","128613","0:3","0","3","50","75","baza_2_2.csv","2.2|922117"
"164","2.2","922118","2026-03-28 19:00","Siatkarskie Podlasie","SiatkarskiePodlasie.pl","130565","👽Strażnicy Cienia👽","128711","3:0","3","0","75","49","baza_2_2.csv","2.2|922118"
"164","2.2","922119","2026-03-28 19:00","Chausseestrasse arena","Rutz","130854","UKS Olimp Ostrołęka","128604","3:2","3","2","114","106","baza_2_2.csv","2.2|922119"
"164","2.2","922120","2026-03-28 19:00","LEGO Arena","Czorty Chorzów","130959","MAKDOM","128660","3:1","3","1","96","89","baza_2_2.csv","2.2|922120"
"164","2.3","922353","2026-03-28 19:00","Karakanówka","Skoczne Karakany","130767","Vikings","128756","2:3","2","3","111","114","baza_2_3.csv","2.3|922353"
"164","2.3","922354","2026-03-28 19:00","Hala Sportowa w Zabrzu","Zabrzański Górnik","128816","Stara Gwardia Nakło ⚔️","128688","3:0","3","0","78","65","baza_2_3.csv","2.3|922354"
"164","2.3","922355","2026-03-28 19:00","Hala Orbita","EnergiaPro Gwardia Wrocław","130757","Polonia Bytom","130871","3:0","3","0","75","48","baza_2_3.csv","2.3|922355"
"164","2.3","922356","2026-03-28 19:00","Torwar","Projekt Warszawa","128614","KKS Gryf Lębork","128809","0:3","0","3","53","77","baza_2_3.csv","2.3|922356"
"164","2.3","922357","2026-03-28 19:00","Radomskie Centrum Sportu","RCS Czarni Radom","128600","🦣 KS MAMUTY 🦣","130549","0:3","0","3","64","76","baza_2_3.csv","2.3|922357"
"164","2.3","922358","2026-03-28 19:00","Hala im. TW Bolka","Bolek i lolek 🤙","128586","Wściekłe Tygrysy","128782","3:1","3","1","101","78","baza_2_3.csv","2.3|922358"
"164","2.3","922359","2026-03-28 19:00","Ver","Vernixo","128679","Karasuno","128635","0:3","0","3","71","77","baza_2_3.csv","2.3|922359"
"164","2.3","922360","2026-03-28 19:00","Silver Pearl Stadium","KS Budowlani Kołacin 👷🏻","128629","Budowlani Nysa","130574","3:2","3","2","112","97","baza_2_3.csv","2.3|922360"
"164","2.4","922593","2026-03-28 19:00","QUEERTISONEK","QUEERTISONEK TEAM","131147","Unknown Team","128636","0:3","0","3","65","79","baza_2_4.csv","2.4|922593"
"164","2.4","922594","2026-03-28 19:00","Kentucky Coffee Roasters Arena","KS Kawoholicy","131724","Turbo Śpiochy","128578","3:0","3","0","75","54","baza_2_4.csv","2.4|922594"
"164","2.4","922595","2026-03-28 19:00","Olimp  Arena","Pioruny  i Grzmoty","130966","Alpha","131086","1:3","1","3","81","95","baza_2_4.csv","2.4|922595"
"164","2.4","922596","2026-03-28 19:00","Sportur Astro","Sivass-Pol De Mare","128794","BKS Białystok","128644","2:3","2","3","98","100","baza_2_4.csv","2.4|922596"
"164","2.4","922597","2026-03-28 19:00","Torwar","Vamos","128714","Ohana Gliwice","130945","0:3","0","3","64","75","baza_2_4.csv","2.4|922597"
"164","2.4","922598","2026-03-28 19:00","we no WHO U r","massive dongs","128592","BH STAL MIELEC","130769","3:0","3","0","75","52","baza_2_4.csv","2.4|922598"
"164","2.4","922599","2026-03-28 19:00","Może zagram","Fc MiSieNieChce","130908","kiczan team zduńska wola","128596","0:3","0","3","11","75","baza_2_4.csv","2.4|922599"
"164","2.4","922600","2026-03-28 19:00","Mozt","TEXańska Masakra Piłą Ręczną","131293","Bystra Bochotnica","128657","3:1","3","1","92","84","baza_2_4.csv","2.4|922600"
"164","3.1","922833","2026-03-28 17:00","Rohan","Drużyna Pierścienia","141064","Team Spiryt Chorzów","130958","0:3","0","3","54","75","baza_3_1.csv","3.1|922833"
"164","3.1","922834","2026-03-28 17:00","Volley Arena","Vollley Rybnik","137468","Renifers","128675","0:3","0","3","46","75","baza_3_1.csv","3.1|922834"
"164","3.1","922835","2026-03-28 17:00","Gniazdo","Orzeł Grzędzice","128728","Avengers","130920","0:3","0","3","20","75","baza_3_1.csv","3.1|922835"
"164","3.1","922836","2026-03-28 17:00","Hala Azoty","Zaksa Kędzierzyn - Koźle","131200","Cicely","128704","0:3","0","3","17","75","baza_3_1.csv","3.1|922836"
"164","3.1","922837","2026-03-28 17:00","Ownz Ya! :: Arena","Team :: Ownz Ya!","130572","PGE Bubisie Bździochy","130773","0:3","0","3","45","75","baza_3_1.csv","3.1|922837"
"164","3.1","922838","2026-03-28 17:00","Celtics Hall","Bochotnica Celtics","128639","SRS Katarina","137403","3:0","3","0","75","55","baza_3_1.csv","3.1|922838"
"164","3.1","922839","2026-03-28 17:00","Kamienieckie Doły","Cargo Kamieniec Ząbkowicki","151049","⭐ Nati ⭐ 1995 ⭐  ∞  ⭐","130585","0:3","0","3","35","75","baza_3_1.csv","3.1|922839"
"164","3.1","922840","2026-03-28 17:00","TU Arena","TaUrsy","130537","Korporacja Gwiazd Bezrobocia","128595","0:3","0","3","10","75","baza_3_1.csv","3.1|922840"
"164","3.2","923073","2026-03-28 17:00","ARENA KENTUCKY","GALACTICOS FC","131018","Maliniaczki","131020","0:3","0","3","19","75","baza_3_2.csv","3.2|923073"
"164","3.2","923074","2026-03-28 17:00","WKS Kielno Arena","Wiejski Klub Kielno","130498","CVB Barça","141012","0:3","0","3","33","75","baza_3_2.csv","3.2|923074"
"164","3.2","923075","2026-03-28 17:00","Lake Arena","Zegrze Nieporęt","131194","Siatka Krzemieniewo","128597","1:3","1","3","86","91","baza_3_2.csv","3.2|923075"
"164","3.2","923076","2026-03-28 17:00","PB Arena","Huragan Białobrzegi","131065","Fiorentina Nakło","130905","0:3","0","3","29","75","baza_3_2.csv","3.2|923076"
"164","3.2","923077","2026-03-28 17:00","Stodoła 97","VC  Ziębka Team","130503","Plas Kaźmierz","137421","0:3","0","3","54","75","baza_3_2.csv","3.2|923077"
"164","3.2","923078","2026-03-28 17:00","Arena Chłopów","ChlopkiTeam","128606","Nocne Potwory","128803","3:0","3","0","75","48","baza_3_2.csv","3.2|923078"
"164","3.2","923079","2026-03-28 17:00","Storm","WIPP Thunder","128672","JTCNW Łódź","131093","1:3","1","3","100","105","baza_3_2.csv","3.2|923079"
"164","3.2","923080","2026-03-28 17:00","Urania Olsztyn","ChudyTeam","130535","Czarne plamy","128655","0:3","0","3","53","75","baza_3_2.csv","3.2|923080"
"164","3.3","923313","2026-03-28 17:00","Misieniechce Radom Arena","FC Misieniechce Radom","130676","Phoenix Fire","128687","0:3","0","3","6","75","baza_3_3.csv","3.3|923313"
"164","3.3","923314","2026-03-28 17:00","Milenium MOSIR","Kotwica Kołobrzeg","128801","KS Zamienie","141062","3:0","3","0","75","25","baza_3_3.csv","3.3|923314"
"164","3.3","923315","2026-03-28 17:00","RINLZER ARENA","RINZLER","128627","!STAL NYSA","130728","1:3","1","3","89","90","baza_3_3.csv","3.3|923315"
"164","3.3","923316","2026-03-28 17:00","Wimbledon","Zduńska Wola Team","128640","RG Olsztyn","128652","0:3","0","3","15","75","baza_3_3.csv","3.3|923316"
"164","3.3","923317","2026-03-28 17:00","Drink Arena","Drink Team","141020","Ale co","128694","0:3","0","3","14","75","baza_3_3.csv","3.3|923317"
"164","3.3","923318","2026-03-28 17:00","Mazakowa hala sportowa","Mazaki VC","131006","NiuniuTeam","137395","3:0","3","0","75","55","baza_3_3.csv","3.3|923318"
"164","3.3","923319","2026-03-28 17:00","NWWALC Stadium","OFIME Targówek","131746","Jeżomyszy🦔z Marsa🪐","130972","0:3","0","3","57","75","baza_3_3.csv","3.3|923319"
"164","3.3","923320","2026-03-28 17:00","Urania","Bad Boys Team","128706","DragonGAYS Polska","130705","3:0","3","0","75","54","baza_3_3.csv","3.3|923320"
"164","3.4","923553","2026-03-28 17:00","Urania","Choroszcza Olsztyn","130774","Valiant Boys","130826","2:3","2","3","98","108","baza_3_4.csv","3.4|923553"
"164","3.4","923554","2026-03-28 17:00","Pod niebem u Henia","Potok city","140815","Asseco Resovia","131163","3:0","3","0","75","17","baza_3_4.csv","3.4|923554"
"164","3.4","923555","2026-03-28 17:00","Strzelce Opolskie Arena","PIAST Strzelce Opolskie","130555","toto","128731","3:0","3","0","75","13","baza_3_4.csv","3.4|923555"
"164","3.4","923556","2026-03-28 17:00","Niepodległości 11","KS Świt Baranowo","128589","Trefl Gdańsk Pomorze","130509","1:3","1","3","91","94","baza_3_4.csv","3.4|923556"
"164","3.4","923557","2026-03-28 17:00","GOKSiR Konstancin","IKS Konstancin - Jeziorna","131223","Trefl","131199","0:3","0","3","26","75","baza_3_4.csv","3.4|923557"
"164","3.4","923558","2026-03-28 17:00","Ultras1908","eŁKSa1908","130836","SST SPORTUR GMINA ŁAŃCUT","128795","3:0","3","0","75","38","baza_3_4.csv","3.4|923558"
"164","3.4","923559","2026-03-28 17:00","Leszczyny arena","Volley Leszczyny","137412","Sycylijskie Cytryniaki","130704","0:3","0","3","43","75","baza_3_4.csv","3.4|923559"
"164","3.4","923560","2026-03-28 17:00","Los Rakos arena","Los Rakos","137449","Smoczy Gród","131131","3:0","3","0","75","53","baza_3_4.csv","3.4|923560"
"164","3.5","923793","2026-03-28 17:00","ULTRAS ARENA","ULTRAS-PL","130527","KKS Kaszubia Kościerzyna","128786","0:3","0","3","16","75","baza_3_5.csv","3.5|923793"
"164","3.5","923794","2026-03-28 17:00","Hala Sportowa AKS","AKS Śliw@","128584","Kosmiczne Mandarynki","128609","0:3","0","3","56","75","baza_3_5.csv","3.5|923794"
"164","3.5","923795","2026-03-28 17:00","Thorn Hall","Bart Thorn","130726","RafaTeam Lipusz","130561","0:3","0","3","51","75","baza_3_5.csv","3.5|923795"
"164","3.5","923796","2026-03-28 17:00","Hala Dobra","AKS VOLLEY  DOBRA","141110","CAMORRA VC","130516","0:3","0","3","42","75","baza_3_5.csv","3.5|923796"
"164","3.5","923797","2026-03-28 17:00","Dwa słupki i sznurek azt","Aniołki Toruń","130820","VC BORDER","128622","0:3","0","3","26","75","baza_3_5.csv","3.5|923797"
"164","3.5","923798","2026-03-28 17:00","OPOLE_ARENA","OPOLE","130500","KSW7","140968","3:0","3","0","75","56","baza_3_5.csv","3.5|923798"
"164","3.5","923799","2026-03-28 17:00","Arena Krosno","Iskra Krosno","128667","S-Ninjas","130582","1:3","1","3","70","97","baza_3_5.csv","3.5|923799"
"164","3.5","923800","2026-03-28 17:00","Volley Arena","SKS Iłżanka Baranów","128715","PGE Skra Poznań","130781","1:3","1","3","91","95","baza_3_5.csv","3.5|923800"
"164","3.6","924033","2026-03-28 17:00","KCKiS","Kudowianka Kudowa-Zdrój","131235","Projekt Słomin","128700","0:3","0","3","31","75","baza_3_6.csv","3.6|924033"
"164","3.6","924034","2026-03-28 17:00","Puszcza","Pogoń Żubr","130564","Young Team Reaktywacja","140951","3:1","3","1","96","62","baza_3_6.csv","3.6|924034"
"164","3.6","924035","2026-03-28 17:00","Podpromie","SMS Rzeszów","137337","Ikjas Toruń","131062","0:3","0","3","15","75","baza_3_6.csv","3.6|924035"
"164","3.6","924036","2026-03-28 17:00","Są gorsze areny","Są Gorsi","130693","Browary Hills","130979","0:3","0","3","18","75","baza_3_6.csv","3.6|924036"
"164","3.6","924037","2026-03-28 17:00","Hala Limanowa","KS Limanowa","140814","KS Jastrzębie","130545","0:3","0","3","9","75","baza_3_6.csv","3.6|924037"
"164","3.6","924038","2026-03-28 17:00","The Others Arena","Black Smoke","137347","Twierdza Teodorówka","130591","3:0","3","0","75","42","baza_3_6.csv","3.6|924038"
"164","3.6","924039","2026-03-28 17:00","Strongman Arena","RTS.Strongman Małecz","130601","Victoria Wałbrzych","128774","0:3","0","3","57","75","baza_3_6.csv","3.6|924039"
"164","3.6","924040","2026-03-28 17:00","Arena Siemianowice","MKS Siemianowice","128799","Groszowice Soreide","130604","3:0","3","0","75","58","baza_3_6.csv","3.6|924040"
"164","3.7","924273","2026-03-28 17:00","Arena Wielkoludów","Błysk2","131225","Stocznia Gdańsk","130595","0:3","0","3","52","75","baza_3_7.csv","3.7|924273"
"164","3.7","924274","2026-03-28 17:00","Janów Darbaz","SDJ Janów","131251","Dąbrowskie Pioruny","140781","3:0","3","0","75","12","baza_3_7.csv","3.7|924274"
"164","3.7","924275","2026-03-28 17:00","FFP Arena","FFP Virtual Volley","130573","Orły","137486","0:3","0","3","20","75","baza_3_7.csv","3.7|924275"
"164","3.7","924276","2026-03-28 17:00","Estadio de Brzózka","Dyliżans Brzózka","137454","Latające Dżdżownice","140796","2:3","2","3","112","113","baza_3_7.csv","3.7|924276"
"164","3.7","924277","2026-03-28 17:00","Rotavia Arena","LKS Rotavia Nieporęt","128730","KZN","131229","3:1","3","1","104","92","baza_3_7.csv","3.7|924277"
"164","3.7","924278","2026-03-28 17:00","Hala PP Piotrowo","AZS Politechnika Poznańska","128759","Ghrum","130784","2:3","2","3","106","110","baza_3_7.csv","3.7|924278"
"164","3.7","924279","2026-03-28 17:00","Immobile Łuczniczka","BKS Visła Bydgoszcz","131284","Volania Jeleninhos","131141","0:3","0","3","45","75","baza_3_7.csv","3.7|924279"
"164","3.7","924280","2026-03-28 17:00","Meteora Arena","Linkin Park United","130617","Mighty Bears","130513","3:0","3","0","75","56","baza_3_7.csv","3.7|924280"
"164","3.8","924513","2026-03-28 17:00","zAKSA ARENA","ZAKSA ŚWINOUJŚCIE","130896","Stilon Gorzów","130891","0:3","0","3","19","75","baza_3_8.csv","3.8|924513"
"164","3.8","924514","2026-03-28 17:00","Fc","Fc Albatros","131276","MKS Dąbrowa Górnicza","128800","1:3","1","3","72","97","baza_3_8.csv","3.8|924514"
"164","3.8","924515","2026-03-28 17:00","Américain Airlines Center","Dallas Mavericks","128666","Anioły Toruń","130514","0:3","0","3","20","75","baza_3_8.csv","3.8|924515"
"164","3.8","924516","2026-03-28 17:00","Hala Urania","AZS PRIME Olsztyn","137361","Rockers Wrocław","128605","0:3","0","3","17","75","baza_3_8.csv","3.8|924516"
"164","3.8","924517","2026-03-28 17:00","KND Arena","KndSynu Cios","137411","Jang Tim","128677","0:3","0","3","39","75","baza_3_8.csv","3.8|924517"
"164","3.8","924518","2026-03-28 17:00","Hala Energia","PGE GIEK Skra Bełchatów","130721","Fc Kiciusie","140744","3:0","3","0","75","50","baza_3_8.csv","3.8|924518"
"164","3.8","924519","2026-03-28 17:00","Hell","Przebój Wolbrom","130621","Aptekarz Tylmanowa","128720","3:1","3","1","98","87","baza_3_8.csv","3.8|924519"
"164","3.8","924520","2026-03-28 17:00","Kolonia Arena","Volley Królewscy Jedlnia","130524","Budowlani Łódź","128736","3:1","3","1","97","75","baza_3_8.csv","3.8|924520"
"164","3.9","924753","2026-03-28 17:00","DORCAN","GSY","130525","Volley Team Piotrków Tryb.","128724","0:3","0","3","50","75","baza_3_9.csv","3.9|924753"
"164","3.9","924754","2026-03-28 17:00","Golasowice","Flying Spiders","140867","SGS Goleniów","137350","0:3","0","3","21","75","baza_3_9.csv","3.9|924754"
"164","3.9","924755","2026-03-28 17:00","Malinowa home","Czarni Piasek","128752","Galaxia Kwielice","130973","0:3","0","3","40","75","baza_3_9.csv","3.9|924755"
"164","3.9","924756","2026-03-28 17:00","Jaga","Jagiellonia Białystok","140856","Zamek Golub-Dobrzyń","131227","0:3","0","3","13","75","baza_3_9.csv","3.9|924756"
"164","3.9","924757","2026-03-28 17:00","Hala Brzeziny","SBX TEAM","140751","Zaksa Mszczonów","130593","0:3","0","3","43","75","baza_3_9.csv","3.9|924757"
"164","3.9","924758","2026-03-28 17:00","HalaAT","ActiVeTeam","128702","Sardegna Volley","137467","3:0","3","0","75","39","baza_3_9.csv","3.9|924758"
"164","3.9","924759","2026-03-28 17:00","Bonito Arena","Joga Bonito","137493","Volleyball Szubin Team","128579","0:3","0","3","42","75","baza_3_9.csv","3.9|924759"
"164","3.9","924760","2026-03-28 17:00","Volley Citadel","Spartans Volley","130930","ZYX","131059","0:3","0","3","53","75","baza_3_9.csv","3.9|924760"
"164","3.10","924993","2026-03-28 17:00","AWZAN 271","KK271","141054","JednakGramy","128768","0:3","0","3","15","75","baza_3_10.csv","3.10|924993"
"164","3.10","924994","2026-03-28 17:00","ŁOWICZ ARENA","UKS BŁYSKAWICA ŁOWICZ","130699","Indykpol AZS Olsztyn","128620","1:3","1","3","88","98","baza_3_10.csv","3.10|924994"
"164","3.10","924995","2026-03-28 17:00","Hala Widowiskowa BBOSiR","BBTS Bielsko-Biała","137383","Hot Volley Nysa","128630","0:3","0","3","40","75","baza_3_10.csv","3.10|924995"
"164","3.10","924996","2026-03-28 17:00","Sovia","Tigers","128634","Pancio","128750","0:3","0","3","21","75","baza_3_10.csv","3.10|924996"
"164","3.10","924997","2026-03-28 17:00","R22","TSW Wisła Kraków","151056","KS Strużanka Baranów","130994","2:3","2","3","80","112","baza_3_10.csv","3.10|924997"
"164","3.10","924998","2026-03-28 17:00","Hala sportowa w Paterku ul. Kcyńska 6A","TKS Jelenie Studzienki","130939","Kopernik Toruń","130739","3:0","3","0","75","50","baza_3_10.csv","3.10|924998"
"164","3.10","924999","2026-03-28 17:00","Osyra Stadion","GPT Mysłowice","128747","Bydgoszcz Baki","128616","0:3","0","3","36","75","baza_3_10.csv","3.10|924999"
"164","3.10","925000","2026-03-28 17:00","Stadion Złotych Orłów","Złote Orły","131740","Polish Wolves","131258","3:0","3","0","75","45","baza_3_10.csv","3.10|925000"
"164","3.11","925233","2026-03-28 17:00","Crusaders Hall","KS Crusaders","137439","Kolorowe Rumaki","131164","0:3","0","3","19","75","baza_3_11.csv","3.11|925233"
"164","3.11","925234","2026-03-28 17:00","Tujniczanka-Łosmanat","FC Łosarnia Tujsk","140910","Orzełki Team","137444","3:0","3","0","75","39","baza_3_11.csv","3.11|925234"
"164","3.11","925235","2026-03-28 17:00","Decha Arena","Gwoździe","140812","Kasztaniaki","131735","0:3","0","3","8","75","baza_3_11.csv","3.11|925235"
"164","3.11","925236","2026-03-28 17:00","ERGO ARENA","NIELOTY GDAŃSK","130946","Seniorzy Wieluń","130519","0:3","0","3","14","75","baza_3_11.csv","3.11|925236"
"164","3.11","925237","2026-03-28 17:00","hala MOSiR","Enea PTPS Piła","128646","PauPau","140825","0:3","0","3","25","75","baza_3_11.csv","3.11|925237"
"164","3.11","925238","2026-03-28 17:00","Pogoń Arena","Pogoń Portowcy","131768","Team WWW","131066","3:0","3","0","75","53","baza_3_11.csv","3.11|925238"
"164","3.11","925239","2026-03-28 17:00","Szklanka Wódki xD","ScorpioN","128617","Brute Force","130978","1:3","1","3","91","101","baza_3_11.csv","3.11|925239"
"164","3.11","925240","2026-03-28 17:00","Hala Chrupnięcia","AKS Andrut Kalisz 🧇","128789","Latające Imadła","131022","2:3","2","3","101","108","baza_3_11.csv","3.11|925240"
"164","3.12","925473","2026-03-28 17:00","Arena Zawiercie","Warta Zawiercie","130562","🌳Leśne Ludki🌳","131712","0:3","0","3","58","75","baza_3_12.csv","3.12|925473"
"164","3.12","925474","2026-03-28 17:00","Aciu Hall","Aciu Team","131157","Olimpia Kowary","137420","0:3","0","3","35","75","baza_3_12.csv","3.12|925474"
"164","3.12","925475","2026-03-28 17:00","Niebieskie Piekło","Lube Rzeszów","130863","ARM Volley","137419","0:3","0","3","28","75","baza_3_12.csv","3.12|925475"
"164","3.12","925476","2026-03-28 17:00","B4 Arena","Braniewo Volley","141119","300-stuSpartan","137376","0:3","0","3","31","75","baza_3_12.csv","3.12|925476"
"164","3.12","925477","2026-03-28 17:00","Prognozy dzisiaj nie będzie","Anię dopadła grypa","140870","Acapulco Stalion","128733","0:3","0","3","21","75","baza_3_12.csv","3.12|925477"
"164","3.12","925478","2026-03-28 17:00","Bagno","The Ops","131290","Yu-Gi-Oh!","131717","2:3","2","3","99","103","baza_3_12.csv","3.12|925478"
"164","3.12","925479","2026-03-28 17:00","Konarzewo Arena","KS Konarzewo","137342","Zawisza Olsztyn","128659","3:1","3","1","97","94","baza_3_12.csv","3.12|925479"
"164","3.12","925480","2026-03-28 17:00","Lesko Arena","Volley Master","130507","Ipsarion","140952","3:1","3","1","98","82","baza_3_12.csv","3.12|925480"
"164","3.13","925713","2026-03-28 17:00","Leszno Arena","Unia Leszno","131196","PolskieOrły","128769","0:3","0","3","47","75","baza_3_13.csv","3.13|925713"
"164","3.13","925714","2026-03-28 17:00","Olkop Arena","Trentino Młodzieszyn","128599","LKS  ASERTO Trześń","131723","0:3","0","3","13","75","baza_3_13.csv","3.13|925714"
"164","3.13","925715","2026-03-28 17:00","TwentyFive.pl","TwentyFive.pl","130518","Szmulki","140963","3:0","3","0","75","52","baza_3_13.csv","3.13|925715"
"164","3.13","925716","2026-03-28 17:00","Hala im. Sędziów","Sędziowie Bydgoszcz","140960","Spartakus Radom","131248","0:3","0","3","3","75","baza_3_13.csv","3.13|925716"
"164","3.13","925717","2026-03-28 17:00","RD Arena","Red Devils","128725","🐀Ratty Rattas🐀","128707","0:3","0","3","22","75","baza_3_13.csv","3.13|925717"
"164","3.13","925718","2026-03-28 17:00","TUR TUREK KOCIOŁ SILNIK PODKRĘCONY TEJ","☣️ MY TU TEGO BAGNO 💩💩    🔝","130911","MKS ŁĘCZYCA","128741","3:1","3","1","100","83","baza_3_13.csv","3.13|925718"
"164","3.13","925719","2026-03-28 17:00","Lokomotiv Plzen","Raven","140853","ProgressTeam","128806","1:3","1","3","84","97","baza_3_13.csv","3.13|925719"
"164","3.13","925720","2026-03-28 17:00","Im. Św. Qbiniego","Aleleble","128628","Brave Vikings","131709","3:2","3","2","114","108","baza_3_13.csv","3.13|925720"
"164","3.14","925953","2026-03-28 17:00","Energia","BT ENERGIA","137456","III Piastowskie","130858","0:3","0","3","23","75","baza_3_14.csv","3.14|925953"
"164","3.14","925954","2026-03-28 17:00","SANTIAGO BERNABEU","NTS NAKŁO NAD NOTECIĄ","128729","KS GRABÓW","130543","2:3","2","3","95","105","baza_3_14.csv","3.14|925954"
"164","3.14","925955","2026-03-28 17:00","Osir Trzemeszno","Skra Trzemeszno","131217","Kubiki","130510","2:3","2","3","99","109","baza_3_14.csv","3.14|925955"
"164","3.14","925956","2026-03-28 17:00","Foxx Volley Arena","Kanzas Foxx","137481","Shtosee volley team","128680","0:3","0","3","12","75","baza_3_14.csv","3.14|925956"
"164","3.14","925957","2026-03-28 17:00",".......","Zryw","141102","pONczek Team","130540","1:3","1","3","67","102","baza_3_14.csv","3.14|925957"
"164","3.14","925958","2026-03-28 17:00","Lions Stadium","Lajony Kingzz","131747","Farciarze FC","128734","3:0","3","0","75","49","baza_3_14.csv","3.14|925958"
"164","3.14","925959","2026-03-28 17:00","Mierzwice Arena","Mierzwicanka Mierzwice","130539","KS Brzeziny","128710","0:3","0","3","56","75","baza_3_14.csv","3.14|925959"
"164","3.14","925960","2026-03-28 17:00","Bebzol","Arbuzy i Kebaby","130611","Hit Happens","131734","3:2","3","2","106","108","baza_3_14.csv","3.14|925960"
"164","3.15","926193","2026-03-28 17:00","Ultras Hall","Fenix Siennica","130586","G.T.S. Unia Choceń","128749","0:3","0","3","16","75","baza_3_15.csv","3.15|926193"
"164","3.15","926194","2026-03-28 17:00","Sportowa","LTS Feniks Leżajsk","141106","Gumi-Misie","131244","0:3","0","3","49","75","baza_3_15.csv","3.15|926194"
"164","3.15","926195","2026-03-28 17:00","Urania","AZT Tytan Czestochowa","128743","KS Okalew","131073","3:2","3","2","108","85","baza_3_15.csv","3.15|926195"
"164","3.15","926196","2026-03-28 17:00","Wierzeje ARENA","Wierzeje","141108","Makosiki","128780","0:3","0","3","26","75","baza_3_15.csv","3.15|926196"
"164","3.15","926197","2026-03-28 17:00","KS arena","Ks Kedzierzyn","128713","JaqbTeam","128695","0:3","0","3","23","75","baza_3_15.csv","3.15|926197"
"164","3.15","926198","2026-03-28 17:00","MotoArena","FC Świętopełka 🔥","128802","Śląskie Burrito","131722","3:0","3","0","75","29","baza_3_15.csv","3.15|926198"
"164","3.15","926199","2026-03-28 17:00","Makalamabedi","W124","137366","Finlandia Opole Lubelskie","130910","3:0","3","0","75","35","baza_3_15.csv","3.15|926199"
"164","3.15","926200","2026-03-28 17:00","Dobrzynianka","Victoria Dobra","131261","Lech Sulechów","128625","3:0","3","0","75","62","baza_3_15.csv","3.15|926200"
"164","3.16","926433","2026-03-28 17:00","Knights Arena","🪿⎛⎝( ` ᢍ ´ )⎠⎞ᵐᵘʰᵃʰᵃ🦇","131021","Blackburn Toruń","128601","1:3","1","3","86","94","baza_3_16.csv","3.16|926433"
"164","3.16","926434","2026-03-28 17:00","Die Freie Stadt Danzig Sporthalle","Die Freie Stadt Danzig","130661","Juve","131236","3:1","3","1","96","78","baza_3_16.csv","3.16|926434"
"164","3.16","926435","2026-03-28 17:00","Spodek Głuchołazy","Zadar Głuchołazy","128664","GizoTeam","128693","0:3","0","3","30","75","baza_3_16.csv","3.16|926435"
"164","3.16","926436","2026-03-28 17:00","Hala Miejska","PKS Choszczno","140884","sanah","131179","0:3","0","3","18","75","baza_3_16.csv","3.16|926436"
"164","3.16","926437","2026-03-28 17:00","Sportowa","Gryf Policzna","140747","Lance Armstrong","131718","1:3","1","3","77","99","baza_3_16.csv","3.16|926437"
"164","3.16","926438","2026-03-28 17:00","DONUT","V-DRIFTERS","131254","La Vida Loca","131011","3:0","3","0","75","11","baza_3_16.csv","3.16|926438"
"164","3.16","926439","2026-03-28 17:00","PRAFIL ARENA","PGJ Azoty","130845","Złote Wilki","128790","1:3","1","3","68","91","baza_3_16.csv","3.16|926439"
"164","3.16","926440","2026-03-28 17:00","ZNhala","Znienacka team","130933","AquaSharks","128771","3:1","3","1","91","80","baza_3_16.csv","3.16|926440"
"164","1.1","921625","2026-03-26 19:00","Dano Arena!","Dano Dream Team","130607","VC Kittens","128580","0:3","0","3","70","77","baza_1_1.csv","1.1|921625"
"164","1.1","921626","2026-03-26 19:00","Wioska Smerfów","Smerfy","128764","AKS Volley Łódź","131002","1:3","1","3","70","89","baza_1_1.csv","1.1|921626"
"164","1.1","921627","2026-03-26 19:00","Kudahuvadhoo 🏝️","Carplife 🇵🇱","130954","Kuźnia Byków","130744","1:3","1","3","79","94","baza_1_1.csv","1.1|921627"
"164","1.1","921628","2026-03-26 19:00","Bugaj Arena","Pilica Koniecpol","130885","DHARMA Initiative","128577","3:2","3","2","104","105","baza_1_1.csv","1.1|921628"
"164","1.1","921629","2026-03-26 19:00","Kanciapa u Tumaxa","Dzikie Rumaxy","128638","ZAKSA Bochotnica","128722","0:3","0","3","71","78","baza_1_1.csv","1.1|921629"
"164","1.1","921630","2026-03-26 19:00","Arena of Rzeplin","Tsunami Rzeplin","128717","Incognito Volley","128619","0:3","0","3","47","75","baza_1_1.csv","1.1|921630"
"164","1.1","921631","2026-03-26 19:00","Hala sportowa w Zduńskiej Woli","Volleyball Team Zduńska Wola","128603","Go Tigers","128631","3:0","3","0","75","60","baza_1_1.csv","1.1|921631"
"164","1.1","921632","2026-03-26 19:00","Arena W-W","Wratislawia Wrocław","128772","Penguin Małomice","128781","0:3","0","3","55","75","baza_1_1.csv","1.1|921632"
"164","2.1","921865","2026-03-26 19:00","Krzywuchowe Moczary","Velen Volleyball Club","128684","Miesiany Miesiany","128676","1:3","1","3","79","91","baza_2_1.csv","2.1|921865"
"164","2.1","921866","2026-03-26 19:00","Ping Pong Arena","Najlepsi z Najlepszych","130520","Smerfy z Rivii ⚔️⚔️🛡️","130934","3:1","3","1","98","81","baza_2_1.csv","2.1|921866"
"164","2.1","921867","2026-03-26 19:00","LukArena","LukTeam","131134","Sprzeda Mecz","128663","3:1","3","1","98","92","baza_2_1.csv","2.1|921867"
"164","2.1","921868","2026-03-26 19:00","Piekło","Saracens","128615","Silver Arsenal","130505","3:2","3","2","104","89","baza_2_1.csv","2.1|921868"
"164","2.1","921869","2026-03-26 19:00","Urania","CF Mleczne Olsztyn","128668","Celtic VC","128735","3:1","3","1","90","75","baza_2_1.csv","2.1|921869"
"164","2.1","921870","2026-03-26 19:00","Szpil Plac u Gerusia","Young Team","128708","CYTRYNIEC CHIŃSKI","130809","3:0","3","0","76","65","baza_2_1.csv","2.1|921870"
"164","2.1","921871","2026-03-26 19:00","7l z Pepsi Arena","Hydra VT Gdańsk","128612","Pogromcy Gdańsk","131205","1:3","1","3","78","98","baza_2_1.csv","2.1|921871"
"164","2.1","921872","2026-03-26 19:00","Hala 134","Libero Gorzków","128703","Błyskawica Janów","131242","3:2","3","2","105","95","baza_2_1.csv","2.1|921872"
"164","2.2","922105","2026-03-26 19:00","Blok Centralny","Zakład Karny w Strzelinie","128751","Czorty Chorzów","130959","3:1","3","1","101","78","baza_2_2.csv","2.2|922105"
"164","2.2","922106","2026-03-26 19:00","Olimp Arena","UKS Olimp Ostrołęka","128604","MAKDOM","128660","3:0","3","0","75","66","baza_2_2.csv","2.2|922106"
"164","2.2","922107","2026-03-26 19:00","Siatkarskie Podlasie","SiatkarskiePodlasie.pl","130565","Rutz","130854","1:3","1","3","72","95","baza_2_2.csv","2.2|922107"
"164","2.2","922108","2026-03-26 19:00","CSKA Arena","CSKA Mielec","128613","👽Strażnicy Cienia👽","128711","3:0","3","0","76","55","baza_2_2.csv","2.2|922108"
"164","2.2","922109","2026-03-26 19:00","Ursus Arena","RKS","128588","Thorn Lynxes","131219","2:3","2","3","94","109","baza_2_2.csv","2.2|922109"
"164","2.2","922110","2026-03-26 19:00","UMCS Hala Sportowa","Silver Sharks Lublin 🦈","128674","Ranczo Wilkowyje","130915","2:3","2","3","111","106","baza_2_2.csv","2.2|922110"
"164","2.2","922111","2026-03-26 19:00","Sisu Arena","Bydgoszcz Spartans","128726","Millennium Siemianowice","130955","0:3","0","3","43","75","baza_2_2.csv","2.2|922111"
"164","2.2","922112","2026-03-26 19:00","Zimorodek","Nosmeisy","128686","AJAX PIASTY","130797","3:0","3","0","75","55","baza_2_2.csv","2.2|922112"
"164","2.3","922345","2026-03-26 19:00","Ragnarok","Vikings","128756","KS Budowlani Kołacin 👷🏻","128629","3:2","3","2","110","93","baza_2_3.csv","2.3|922345"
"164","2.3","922346","2026-03-26 19:00","カラスの巣","Karasuno","128635","Budowlani Nysa","130574","2:3","2","3","106","101","baza_2_3.csv","2.3|922346"
"164","2.3","922347","2026-03-26 19:00","Hala im. TW Bolka","Bolek i lolek 🤙","128586","Vernixo","128679","3:1","3","1","97","68","baza_2_3.csv","2.3|922347"
"164","2.3","922348","2026-03-26 19:00","🦣 Mamut Area 🦣","🦣 KS MAMUTY 🦣","130549","Wściekłe Tygrysy","128782","3:1","3","1","91","90","baza_2_3.csv","2.3|922348"
"164","2.3","922349","2026-03-26 19:00","Hala Gryfia","KKS Gryf Lębork","128809","RCS Czarni Radom","128600","3:1","3","1","95","73","baza_2_3.csv","2.3|922349"
"164","2.3","922350","2026-03-26 19:00","Polonijny młyn","Polonia Bytom","130871","Projekt Warszawa","128614","3:1","3","1","89","82","baza_2_3.csv","2.3|922350"
"164","2.3","922351","2026-03-26 19:00","Forteca Nakło","Stara Gwardia Nakło ⚔️","128688","EnergiaPro Gwardia Wrocław","130757","0:3","0","3","52","75","baza_2_3.csv","2.3|922351"
"164","2.3","922352","2026-03-26 19:00","Karakanówka","Skoczne Karakany","130767","Zabrzański Górnik","128816","0:3","0","3","56","75","baza_2_3.csv","2.3|922352"
"164","2.4","922585","2026-03-26 19:00","In the middle of nowhere","Unknown Team","128636","TEXańska Masakra Piłą Ręczną","131293","2:3","2","3","89","96","baza_2_4.csv","2.4|922585"
"164","2.4","922586","2026-03-26 19:00","kiczan arena","kiczan team zduńska wola","128596","Bystra Bochotnica","128657","3:0","3","0","75","43","baza_2_4.csv","2.4|922586"
"164","2.4","922587","2026-03-26 19:00","we no WHO U r","massive dongs","128592","Fc MiSieNieChce","130908","3:0","3","0","75","13","baza_2_4.csv","2.4|922587"
"164","2.4","922588","2026-03-26 19:00","Aloha Arena","Ohana Gliwice","130945","BH STAL MIELEC","130769","3:1","3","1","95","74","baza_2_4.csv","2.4|922588"
"164","2.4","922589","2026-03-26 19:00","BKS ARENA","BKS Białystok","128644","Vamos","128714","3:1","3","1","97","70","baza_2_4.csv","2.4|922589"
"164","2.4","922590","2026-03-26 19:00","Alpha Arena","Alpha","131086","Sivass-Pol De Mare","128794","0:3","0","3","54","75","baza_2_4.csv","2.4|922590"
"164","2.4","922591","2026-03-26 19:00","wyrko rodzinne","Turbo Śpiochy","128578","Pioruny  i Grzmoty","130966","2:3","2","3","112","108","baza_2_4.csv","2.4|922591"
"164","2.4","922592","2026-03-26 19:00","QUEERTISONEK","QUEERTISONEK TEAM","131147","KS Kawoholicy","131724","2:3","2","3","103","108","baza_2_4.csv","2.4|922592"
"164","3.1","922825","2026-03-26 17:00","Letalnica","Team Spiryt Chorzów","130958","TaUrsy","130537","3:0","3","0","75","7","baza_3_1.csv","3.1|922825"
"164","3.1","922826","2026-03-26 17:00","Nati Memorial Hall","⭐ Nati ⭐ 1995 ⭐  ∞  ⭐","130585","Korporacja Gwiazd Bezrobocia","128595","3:0","3","0","75","58","baza_3_1.csv","3.1|922826"
"164","3.1","922827","2026-03-26 17:00","Celtics Hall","Bochotnica Celtics","128639","Cargo Kamieniec Ząbkowicki","151049","3:0","3","0","75","47","baza_3_1.csv","3.1|922827"
"164","3.1","922828","2026-03-26 17:00","Bździochy Arena","PGE Bubisie Bździochy","130773","SRS Katarina","137403","3:1","3","1","92","89","baza_3_1.csv","3.1|922828"
"164","3.1","922829","2026-03-26 17:00","Cicely Arena","Cicely","128704","Team :: Ownz Ya!","130572","3:0","3","0","75","47","baza_3_1.csv","3.1|922829"
"164","3.1","922830","2026-03-26 17:00","Avengers Arena","Avengers","130920","Zaksa Kędzierzyn - Koźle","131200","3:0","3","0","75","10","baza_3_1.csv","3.1|922830"
"164","3.1","922831","2026-03-26 17:00","Renifers Hall","Renifers","128675","Orzeł Grzędzice","128728","3:0","3","0","75","36","baza_3_1.csv","3.1|922831"
"164","3.1","922832","2026-03-26 17:00","Rohan","Drużyna Pierścienia","141064","Vollley Rybnik","137468","3:2","3","2","106","93","baza_3_1.csv","3.1|922832"
"164","3.2","923065","2026-03-26 17:00","Malinowe marzenie","Maliniaczki","131020","ChudyTeam","130535","2:3","2","3","95","81","baza_3_2.csv","3.2|923065"
"164","3.2","923066","2026-03-26 17:00","DZIK ŁÓDŹ ARENA","JTCNW Łódź","131093","Czarne plamy","128655","1:3","1","3","90","99","baza_3_2.csv","3.2|923066"
"164","3.2","923067","2026-03-26 17:00","Arena Chłopów","ChlopkiTeam","128606","WIPP Thunder","128672","3:1","3","1","98","80","baza_3_2.csv","3.2|923067"
"164","3.2","923068","2026-03-26 17:00","Kaźmierzanka","Plas Kaźmierz","137421","Nocne Potwory","128803","3:0","3","0","76","47","baza_3_2.csv","3.2|923068"
"164","3.2","923069","2026-03-26 17:00","LZS ARENA","Fiorentina Nakło","130905","VC  Ziębka Team","130503","3:1","3","1","98","79","baza_3_2.csv","3.2|923069"
"164","3.2","923070","2026-03-26 17:00","Hala Sportowa","Siatka Krzemieniewo","128597","Huragan Białobrzegi","131065","3:0","3","0","75","46","baza_3_2.csv","3.2|923070"
"164","3.2","923071","2026-03-26 17:00","Palau Blaugrana","CVB Barça","141012","Zegrze Nieporęt","131194","0:3","0","3","30","75","baza_3_2.csv","3.2|923071"
"164","3.2","923072","2026-03-26 17:00","ARENA KENTUCKY","GALACTICOS FC","131018","Wiejski Klub Kielno","130498","3:0","3","0","75","36","baza_3_2.csv","3.2|923072"
"164","3.3","923305","2026-03-26 17:00","Phoenix Scene","Phoenix Fire","128687","Bad Boys Team","128706","3:1","3","1","96","80","baza_3_3.csv","3.3|923305"
"164","3.3","923306","2026-03-26 17:00","Jeżodrom","Jeżomyszy🦔z Marsa🪐","130972","DragonGAYS Polska","130705","3:0","3","0","75","52","baza_3_3.csv","3.3|923306"
"164","3.3","923307","2026-03-26 17:00","Mazakowa hala sportowa","Mazaki VC","131006","OFIME Targówek","131746","3:0","3","0","75","42","baza_3_3.csv","3.3|923307"
"164","3.3","923308","2026-03-26 17:00","Ale co","Ale co","128694","NiuniuTeam","137395","3:1","3","1","96","74","baza_3_3.csv","3.3|923308"
"164","3.3","923309","2026-03-26 17:00","RG Arena","RG Olsztyn","128652","Drink Team","141020","3:0","3","0","75","17","baza_3_3.csv","3.3|923309"
"164","3.3","923310","2026-03-26 17:00","KOCIOŁ","!STAL NYSA","130728","Zduńska Wola Team","128640","3:0","3","0","75","14","baza_3_3.csv","3.3|923310"
"164","3.3","923311","2026-03-26 17:00","Meduza","KS Zamienie","141062","RINZLER","128627","0:3","0","3","39","75","baza_3_3.csv","3.3|923311"
"164","3.3","923312","2026-03-26 17:00","Misieniechce Radom Arena","FC Misieniechce Radom","130676","Kotwica Kołobrzeg","128801","0:3","0","3","9","75","baza_3_3.csv","3.3|923312"
"164","3.4","923545","2026-03-26 17:00","Valiant Boys","Valiant Boys","130826","Los Rakos","137449","0:3","0","3","54","75","baza_3_4.csv","3.4|923545"
"164","3.4","923546","2026-03-26 17:00","Cytrynowe Pandemonium","Sycylijskie Cytryniaki","130704","Smoczy Gród","131131","2:3","2","3","103","109","baza_3_4.csv","3.4|923546"
"164","3.4","923547","2026-03-26 17:00","Ultras1908","eŁKSa1908","130836","Volley Leszczyny","137412","3:1","3","1","98","66","baza_3_4.csv","3.4|923547"
"164","3.4","923548","2026-03-26 17:00","Trefl Arena","Trefl","131199","SST SPORTUR GMINA ŁAŃCUT","128795","3:0","3","0","75","32","baza_3_4.csv","3.4|923548"
"164","3.4","923549","2026-03-26 17:00","Aqua Baltic Arena","Trefl Gdańsk Pomorze","130509","IKS Konstancin - Jeziorna","131223","3:0","3","0","75","20","baza_3_4.csv","3.4|923549"
"164","3.4","923550","2026-03-26 17:00","toto","toto","128731","KS Świt Baranowo","128589","0:3","0","3","6","75","baza_3_4.csv","3.4|923550"
"164","3.4","923551","2026-03-26 17:00","Podpromie","Asseco Resovia","131163","PIAST Strzelce Opolskie","130555","0:3","0","3","42","75","baza_3_4.csv","3.4|923551"
"164","3.4","923552","2026-03-26 17:00","Urania","Choroszcza Olsztyn","130774","Potok city","140815","0:3","0","3","57","75","baza_3_4.csv","3.4|923552"
"164","3.5","923785","2026-03-26 17:00","Baltic Arena","KKS Kaszubia Kościerzyna","128786","SKS Iłżanka Baranów","128715","3:1","3","1","97","75","baza_3_5.csv","3.5|923785"
"164","3.5","923786","2026-03-26 17:00","Ninjutsu Arena 2024","S-Ninjas","130582","PGE Skra Poznań","130781","2:3","2","3","106","108","baza_3_5.csv","3.5|923786"
"164","3.5","923787","2026-03-26 17:00","OPOLE_ARENA","OPOLE","130500","Iskra Krosno","128667","3:0","3","0","76","61","baza_3_5.csv","3.5|923787"
"164","3.5","923788","2026-03-26 17:00","H69","VC BORDER","128622","KSW7","140968","0:3","0","3","52","75","baza_3_5.csv","3.5|923788"
"164","3.5","923789","2026-03-26 17:00","Halaaa","CAMORRA VC","130516","Aniołki Toruń","130820","3:0","3","0","75","18","baza_3_5.csv","3.5|923789"
"164","3.5","923790","2026-03-26 17:00","MOSiR LIPUSZ","RafaTeam Lipusz","130561","AKS VOLLEY  DOBRA","141110","3:0","3","0","75","37","baza_3_5.csv","3.5|923790"
"164","3.5","923791","2026-03-26 17:00","Public Enemies","Kosmiczne Mandarynki","128609","Bart Thorn","130726","3:1","3","1","94","88","baza_3_5.csv","3.5|923791"
"164","3.5","923792","2026-03-26 17:00","ULTRAS ARENA","ULTRAS-PL","130527","AKS Śliw@","128584","0:3","0","3","27","75","baza_3_5.csv","3.5|923792"
"164","3.6","924025","2026-03-26 17:00","Słomin centre","Projekt Słomin","128700","MKS Siemianowice","128799","0:3","0","3","57","75","baza_3_6.csv","3.6|924025"
"164","3.6","924026","2026-03-26 17:00","Olle hall","Victoria Wałbrzych","128774","Groszowice Soreide","130604","3:2","3","2","98","92","baza_3_6.csv","3.6|924026"
"164","3.6","924027","2026-03-26 17:00","The Others Arena","Black Smoke","137347","RTS.Strongman Małecz","130601","3:2","3","2","109","84","baza_3_6.csv","3.6|924027"
"164","3.6","924028","2026-03-26 17:00","HSW Jastrzębie Zdrój","KS Jastrzębie","130545","Twierdza Teodorówka","130591","0:3","0","3","69","82","baza_3_6.csv","3.6|924028"
"164","3.6","924029","2026-03-26 17:00","Browar","Browary Hills","130979","KS Limanowa","140814","3:0","3","0","75","10","baza_3_6.csv","3.6|924029"
"164","3.6","924030","2026-03-26 17:00","Ikjas Arena","Ikjas Toruń","131062","Są Gorsi","130693","3:0","3","0","75","22","baza_3_6.csv","3.6|924030"
"164","3.6","924031","2026-03-26 17:00","Boisko na polu","Young Team Reaktywacja","140951","SMS Rzeszów","137337","3:0","3","0","75","27","baza_3_6.csv","3.6|924031"
"164","3.6","924032","2026-03-26 17:00","KCKiS","Kudowianka Kudowa-Zdrój","131235","Pogoń Żubr","130564","3:0","3","0","75","61","baza_3_6.csv","3.6|924032"
"164","3.7","924265","2026-03-26 17:00","San Siro","Stocznia Gdańsk","130595","Linkin Park United","130617","1:3","1","3","96","95","baza_3_7.csv","3.7|924265"
"164","3.7","924266","2026-03-26 17:00","Spodek Viadukt","Volania Jeleninhos","131141","Mighty Bears","130513","3:0","3","0","75","51","baza_3_7.csv","3.7|924266"
"164","3.7","924267","2026-03-26 17:00","Hala PP Piotrowo","AZS Politechnika Poznańska","128759","BKS Visła Bydgoszcz","131284","1:3","1","3","76","99","baza_3_7.csv","3.7|924267"
"164","3.7","924268","2026-03-26 17:00","KZN","KZN","131229","Ghrum","130784","0:3","0","3","58","75","baza_3_7.csv","3.7|924268"
"164","3.7","924269","2026-03-26 17:00","Spulchniona Ziemia","Latające Dżdżownice","140796","LKS Rotavia Nieporęt","128730","3:2","3","2","106","93","baza_3_7.csv","3.7|924269"
"164","3.7","924270","2026-03-26 17:00","Hala Orłów","Orły","137486","Dyliżans Brzózka","137454","0:3","0","3","63","75","baza_3_7.csv","3.7|924270"
"164","3.7","924271","2026-03-26 17:00","GROZA","Dąbrowskie Pioruny","140781","FFP Virtual Volley","130573","3:0","3","0","75","57","baza_3_7.csv","3.7|924271"
"164","3.7","924272","2026-03-26 17:00","Arena Wielkoludów","Błysk2","131225","SDJ Janów","131251","3:0","3","0","75","54","baza_3_7.csv","3.7|924272"
"164","3.8","924505","2026-03-26 17:00","Stilon Arena","Stilon Gorzów","130891","Volley Królewscy Jedlnia","130524","3:1","3","1","95","91","baza_3_8.csv","3.8|924505"
"164","3.8","924506","2026-03-26 17:00","Tylmanowa Arena","Aptekarz Tylmanowa","128720","Budowlani Łódź","128736","3:2","3","2","107","104","baza_3_8.csv","3.8|924506"
"164","3.8","924507","2026-03-26 17:00","Hala Energia","PGE GIEK Skra Bełchatów","130721","Przebój Wolbrom","130621","3:1","3","1","98","80","baza_3_8.csv","3.8|924507"
"164","3.8","924508","2026-03-26 17:00","Na Hasioku","Jang Tim","128677","Fc Kiciusie","140744","3:0","3","0","75","47","baza_3_8.csv","3.8|924508"
"164","3.8","924509","2026-03-26 17:00","Rock Arena","Rockers Wrocław","128605","KndSynu Cios","137411","3:0","3","0","75","40","baza_3_8.csv","3.8|924509"
"164","3.8","924510","2026-03-26 17:00","Arena Toruń","Anioły Toruń","130514","AZS PRIME Olsztyn","137361","3:0","3","0","75","52","baza_3_8.csv","3.8|924510"
"164","3.8","924511","2026-03-26 17:00","HALA CENTRUM","MKS Dąbrowa Górnicza","128800","Dallas Mavericks","128666","3:0","3","0","75","15","baza_3_8.csv","3.8|924511"
"164","3.8","924512","2026-03-26 17:00","zAKSA ARENA","ZAKSA ŚWINOUJŚCIE","130896","Fc Albatros","131276","3:1","3","1","88","84","baza_3_8.csv","3.8|924512"
"164","3.9","924745","2026-03-26 17:00","Hala Relax","Volley Team Piotrków Tryb.","128724","Spartans Volley","130930","0:3","0","3","53","75","baza_3_9.csv","3.9|924745"
"164","3.9","924746","2026-03-26 17:00","VST Hala Sportowa","Volleyball Szubin Team","128579","ZYX","131059","3:0","3","0","76","59","baza_3_9.csv","3.9|924746"
"164","3.9","924747","2026-03-26 17:00","HalaAT","ActiVeTeam","128702","Joga Bonito","137493","3:0","3","0","75","41","baza_3_9.csv","3.9|924747"
"164","3.9","924748","2026-03-26 17:00","OSiR","Zaksa Mszczonów","130593","Sardegna Volley","137467","3:0","3","0","75","54","baza_3_9.csv","3.9|924748"
"164","3.9","924749","2026-03-26 17:00","OSiR Golub-Dobrzyń","Zamek Golub-Dobrzyń","131227","SBX TEAM","140751","3:0","3","0","75","29","baza_3_9.csv","3.9|924749"
"164","3.9","924750","2026-03-26 17:00","Hall of Glory","Galaxia Kwielice","130973","Jagiellonia Białystok","140856","3:0","3","0","75","34","baza_3_9.csv","3.9|924750"
"164","3.9","924751","2026-03-26 17:00","SGS Arena","SGS Goleniów","137350","Czarni Piasek","128752","3:0","3","0","75","33","baza_3_9.csv","3.9|924751"
"164","3.9","924752","2026-03-26 17:00","DORCAN","GSY","130525","Flying Spiders","140867","3:0","3","0","75","39","baza_3_9.csv","3.9|924752"
"164","3.10","924985","2026-03-26 17:00","JednakGramy Arena","JednakGramy","128768","Złote Orły","131740","2:3","2","3","97","100","baza_3_10.csv","3.10|924985"
"164","3.10","924986","2026-03-26 17:00","Crucible","Bydgoszcz Baki","128616","Polish Wolves","131258","0:3","0","3","66","79","baza_3_10.csv","3.10|924986"
"164","3.10","924987","2026-03-26 17:00","Hala sportowa w Paterku ul. Kcyńska 6A","TKS Jelenie Studzienki","130939","GPT Mysłowice","128747","3:0","3","0","75","46","baza_3_10.csv","3.10|924987"
"164","3.10","924988","2026-03-26 17:00","Arena Baranów","KS Strużanka Baranów","130994","Kopernik Toruń","130739","3:0","3","0","75","54","baza_3_10.csv","3.10|924988"
"164","3.10","924989","2026-03-26 17:00","Osir","Pancio","128750","TSW Wisła Kraków","151056","3:0","3","0","75","39","baza_3_10.csv","3.10|924989"
"164","3.10","924990","2026-03-26 17:00","Fire Ball Arena","Hot Volley Nysa","128630","Tigers","128634","3:0","3","0","75","16","baza_3_10.csv","3.10|924990"
"164","3.10","924991","2026-03-26 17:00","Hala Urania","Indykpol AZS Olsztyn","128620","BBTS Bielsko-Biała","137383","3:0","3","0","75","29","baza_3_10.csv","3.10|924991"
"164","3.10","924992","2026-03-26 17:00","AWZAN 271","KK271","141054","UKS BŁYSKAWICA ŁOWICZ","130699","0:3","0","3","43","75","baza_3_10.csv","3.10|924992"
"164","3.11","925225","2026-03-26 17:00","Stajnia Jednorożców","Kolorowe Rumaki","131164","AKS Andrut Kalisz 🧇","128789","3:1","3","1","98","86","baza_3_11.csv","3.11|925225"
"164","3.11","925226","2026-03-26 17:00","Brute Force Arena","Brute Force","130978","Latające Imadła","131022","3:0","3","0","75","55","baza_3_11.csv","3.11|925226"
"164","3.11","925227","2026-03-26 17:00","Pogoń Arena","Pogoń Portowcy","131768","ScorpioN","128617","3:0","3","0","75","51","baza_3_11.csv","3.11|925227"
"164","3.11","925228","2026-03-26 17:00","PauPau Arena","PauPau","140825","Team WWW","131066","3:1","3","1","99","92","baza_3_11.csv","3.11|925228"
"164","3.11","925229","2026-03-26 17:00","Arena Wieluń","Seniorzy Wieluń","130519","Enea PTPS Piła","128646","3:0","3","0","75","35","baza_3_11.csv","3.11|925229"
"164","3.11","925230","2026-03-26 17:00","Kasztan","Kasztaniaki","131735","NIELOTY GDAŃSK","130946","3:0","3","0","75","14","baza_3_11.csv","3.11|925230"
"164","3.11","925231","2026-03-26 17:00","Hala Orzełek","Orzełki Team","137444","Gwoździe","140812","3:0","3","0","75","36","baza_3_11.csv","3.11|925231"
"164","3.11","925232","2026-03-26 17:00","Crusaders Hall","KS Crusaders","137439","FC Łosarnia Tujsk","140910","0:3","0","3","32","75","baza_3_11.csv","3.11|925232"
"164","3.12","925465","2026-03-26 17:00","Sparbanken Skåne Arena","🌳Leśne Ludki🌳","131712","Volley Master","130507","1:3","1","3","89","95","baza_3_12.csv","3.12|925465"
"164","3.12","925466","2026-03-26 17:00","Hala Urania of City Olsztyn","Zawisza Olsztyn","128659","Ipsarion","140952","3:1","3","1","96","72","baza_3_12.csv","3.12|925466"
"164","3.12","925467","2026-03-26 17:00","Bagno","The Ops","131290","KS Konarzewo","137342","3:0","3","0","75","64","baza_3_12.csv","3.12|925467"
"164","3.12","925468","2026-03-26 17:00","Losir Luboń","Acapulco Stalion","128733","Yu-Gi-Oh!","131717","0:3","0","3","48","75","baza_3_12.csv","3.12|925468"
"164","3.12","925469","2026-03-26 17:00","Sparta","300-stuSpartan","137376","Anię dopadła grypa","140870","3:0","3","0","75","8","baza_3_12.csv","3.12|925469"
"164","3.12","925470","2026-03-26 17:00","Masuria Palace","ARM Volley","137419","Braniewo Volley","141119","3:0","3","0","75","46","baza_3_12.csv","3.12|925470"
"164","3.12","925471","2026-03-26 17:00","Immobile Kowary","Olimpia Kowary","137420","Lube Rzeszów","130863","0:3","0","3","47","75","baza_3_12.csv","3.12|925471"
"164","3.12","925472","2026-03-26 17:00","Arena Zawiercie","Warta Zawiercie","130562","Aciu Team","131157","3:0","3","0","75","17","baza_3_12.csv","3.12|925472"
"164","3.13","925705","2026-03-26 17:00","Orły hall","PolskieOrły","128769","Aleleble","128628","2:3","2","3","109","110","baza_3_13.csv","3.13|925705"
"164","3.13","925706","2026-03-26 17:00","Progress Arena","ProgressTeam","128806","Brave Vikings","131709","0:3","0","3","38","75","baza_3_13.csv","3.13|925706"
"164","3.13","925707","2026-03-26 17:00","TUR TUREK KOCIOŁ SILNIK PODKRĘCONY TEJ","☣️ MY TU TEGO BAGNO 💩💩    🔝","130911","Raven","140853","3:0","3","0","75","54","baza_3_13.csv","3.13|925707"
"164","3.13","925708","2026-03-26 17:00","Rat Arena","🐀Ratty Rattas🐀","128707","MKS ŁĘCZYCA","128741","3:0","3","0","75","47","baza_3_13.csv","3.13|925708"
"164","3.13","925709","2026-03-26 17:00","Szczoty","Spartakus Radom","131248","Red Devils","128725","3:0","3","0","75","49","baza_3_13.csv","3.13|925709"
"164","3.13","925710","2026-03-26 17:00","Szmulki","Szmulki","140963","Sędziowie Bydgoszcz","140960","3:0","3","0","75","16","baza_3_13.csv","3.13|925710"
"164","3.13","925711","2026-03-26 17:00","Hala Cześniosko","LKS  ASERTO Trześń","131723","TwentyFive.pl","130518","0:3","0","3","62","75","baza_3_13.csv","3.13|925711"
"164","3.13","925712","2026-03-26 17:00","Leszno Arena","Unia Leszno","131196","Trentino Młodzieszyn","128599","3:0","3","0","75","13","baza_3_13.csv","3.13|925712"
"164","3.14","925945","2026-03-26 17:00","Dąbrówka Arena","III Piastowskie","130858","Arbuzy i Kebaby","130611","1:3","1","3","69","96","baza_3_14.csv","3.14|925945"
"164","3.14","925946","2026-03-26 17:00","Old Trafford","KS Brzeziny","128710","Hit Happens","131734","2:3","2","3","102","106","baza_3_14.csv","3.14|925946"
"164","3.14","925947","2026-03-26 17:00","Lions Stadium","Lajony Kingzz","131747","Mierzwicanka Mierzwice","130539","3:0","3","0","75","49","baza_3_14.csv","3.14|925947"
"164","3.14","925948","2026-03-26 17:00","pONczek Arena","pONczek Team","130540","Farciarze FC","128734","3:1","3","1","99","86","baza_3_14.csv","3.14|925948"
"164","3.14","925949","2026-03-26 17:00","Shtosee Sky arena","Shtosee volley team","128680","Zryw","141102","3:0","3","0","79","62","baza_3_14.csv","3.14|925949"
"164","3.14","925950","2026-03-26 17:00","Kubikownia","Kubiki","130510","Kanzas Foxx","137481","3:0","3","0","75","18","baza_3_14.csv","3.14|925950"
"164","3.14","925951","2026-03-26 17:00","Hala Grabów Stadium","KS GRABÓW","130543","Skra Trzemeszno","131217","0:3","0","3","53","75","baza_3_14.csv","3.14|925951"
"164","3.14","925952","2026-03-26 17:00","Energia","BT ENERGIA","137456","NTS NAKŁO NAD NOTECIĄ","128729","0:3","0","3","35","75","baza_3_14.csv","3.14|925952"
"164","3.15","926185","2026-03-26 17:00","OSIR ARENA","G.T.S. Unia Choceń","128749","Victoria Dobra","131261","3:0","3","0","75","42","baza_3_15.csv","3.15|926185"
"164","3.15","926186","2026-03-26 17:00","Kabako Arena","Finlandia Opole Lubelskie","130910","Lech Sulechów","128625","0:3","0","3","17","75","baza_3_15.csv","3.15|926186"
"164","3.15","926187","2026-03-26 17:00","MotoArena","FC Świętopełka 🔥","128802","W124","137366","3:0","3","0","75","34","baza_3_15.csv","3.15|926187"
"164","3.15","926188","2026-03-26 17:00","JaqbArena","JaqbTeam","128695","Śląskie Burrito","131722","3:0","3","0","75","49","baza_3_15.csv","3.15|926188"
"164","3.15","926189","2026-03-26 17:00","MakosHall","Makosiki","128780","Ks Kedzierzyn","128713","3:0","3","0","75","42","baza_3_15.csv","3.15|926189"
"164","3.15","926190","2026-03-26 17:00","Hala Sportowa Okalew","KS Okalew","131073","Wierzeje","141108","3:0","3","0","75","44","baza_3_15.csv","3.15|926190"
"164","3.15","926191","2026-03-26 17:00","Misiakowo","Gumi-Misie","131244","AZT Tytan Czestochowa","128743","1:3","1","3","91","102","baza_3_15.csv","3.15|926191"
"164","3.15","926192","2026-03-26 17:00","Ultras Hall","Fenix Siennica","130586","LTS Feniks Leżajsk","141106","3:1","3","1","93","76","baza_3_15.csv","3.15|926192"
"164","3.16","926425","2026-03-26 17:00","Spożywczak","Blackburn Toruń","128601","Znienacka team","130933","3:1","3","1","94","73","baza_3_16.csv","3.16|926425"
"164","3.16","926426","2026-03-26 17:00","Arena wilków","Złote Wilki","128790","AquaSharks","128771","1:3","1","3","93","97","baza_3_16.csv","3.16|926426"
"164","3.16","926427","2026-03-26 17:00","DONUT","V-DRIFTERS","131254","PGJ Azoty","130845","3:0","3","0","75","42","baza_3_16.csv","3.16|926427"
"164","3.16","926428","2026-03-26 17:00","Camp Nou","Lance Armstrong","131718","La Vida Loca","131011","3:0","3","0","75","25","baza_3_16.csv","3.16|926428"
"164","3.16","926429","2026-03-26 17:00","poezyje","sanah","131179","Gryf Policzna","140747","3:0","3","0","75","32","baza_3_16.csv","3.16|926429"
"164","3.16","926430","2026-03-26 17:00","HalaGT","GizoTeam","128693","PKS Choszczno","140884","3:0","3","0","75","35","baza_3_16.csv","3.16|926430"
"164","3.16","926431","2026-03-26 17:00","San","Juve","131236","Zadar Głuchołazy","128664","3:2","3","2","98","103","baza_3_16.csv","3.16|926431"
"164","3.16","926432","2026-03-26 17:00","Knights Arena","🪿⎛⎝( ` ᢍ ´ )⎠⎞ᵐᵘʰᵃʰᵃ🦇","131021","Die Freie Stadt Danzig","130661","3:0","3","0","75","36","baza_3_16.csv","3.16|926432"
"164","1.1","921617","2026-03-24 19:00","Dano Arena!","Dano Dream Team","130607","Penguin Małomice","128781","3:1","3","1","95","82","baza_1_1.csv","1.1|921617"
"164","1.1","921618","2026-03-24 19:00","Hala Polonia","Go Tigers","128631","Wratislawia Wrocław","128772","3:0","3","0","75","52","baza_1_1.csv","1.1|921618"
"164","1.1","921619","2026-03-24 19:00","SMA","Incognito Volley","128619","Volleyball Team Zduńska Wola","128603","3:2","3","2","108","98","baza_1_1.csv","1.1|921619"
"164","1.1","921620","2026-03-24 19:00","Hala Widowiskowo-Sportowa \""AZOTY\""","ZAKSA Bochotnica","128722","Tsunami Rzeplin","128717","3:1","3","1","99","78","baza_1_1.csv","1.1|921620"
"164","1.1","921621","2026-03-24 19:00","The Orchid","DHARMA Initiative","128577","Dzikie Rumaxy","128638","1:3","1","3","82","98","baza_1_1.csv","1.1|921621"
"164","1.1","921622","2026-03-24 19:00","Mordor","Kuźnia Byków","130744","Pilica Koniecpol","130885","3:2","3","2","114","104","baza_1_1.csv","1.1|921622"
"164","1.1","921623","2026-03-24 19:00","GOSTiR Rzgów","AKS Volley Łódź","131002","Carplife 🇵🇱","130954","3:0","3","0","75","61","baza_1_1.csv","1.1|921623"
"164","1.1","921624","2026-03-24 19:00","Wioska Smerfów","Smerfy","128764","VC Kittens","128580","0:3","0","3","43","75","baza_1_1.csv","1.1|921624"
"164","2.1","921857","2026-03-24 19:00","Krzywuchowe Moczary","Velen Volleyball Club","128684","Błyskawica Janów","131242","3:0","3","0","75","55","baza_2_1.csv","2.1|921857"
"164","2.1","921858","2026-03-24 19:00","Pogro Arena","Pogromcy Gdańsk","131205","Libero Gorzków","128703","1:3","1","3","88","89","baza_2_1.csv","2.1|921858"
"164","2.1","921859","2026-03-24 19:00","CYTRYNIEC","CYTRYNIEC CHIŃSKI","130809","Hydra VT Gdańsk","128612","0:3","0","3","55","75","baza_2_1.csv","2.1|921859"
"164","2.1","921860","2026-03-24 19:00","Parkhead","Celtic VC","128735","Young Team","128708","3:1","3","1","99","84","baza_2_1.csv","2.1|921860"
"164","2.1","921861","2026-03-24 19:00","Silver Hall","Silver Arsenal","130505","CF Mleczne Olsztyn","128668","1:3","1","3","82","96","baza_2_1.csv","2.1|921861"
"164","2.1","921862","2026-03-24 19:00","Mleczne Arena","Sprzeda Mecz","128663","Saracens","128615","3:1","3","1","95","83","baza_2_1.csv","2.1|921862"
"164","2.1","921863","2026-03-24 19:00","Ośrodek Karny Rivii Arena 🎯","Smerfy z Rivii ⚔️⚔️🛡️","130934","LukTeam","131134","1:3","1","3","82","95","baza_2_1.csv","2.1|921863"
"164","2.1","921864","2026-03-24 19:00","Ping Pong Arena","Najlepsi z Najlepszych","130520","Miesiany Miesiany","128676","3:0","3","0","75","63","baza_2_1.csv","2.1|921864"
"164","2.2","922097","2026-03-24 19:00","Blok Centralny","Zakład Karny w Strzelinie","128751","AJAX PIASTY","130797","3:0","3","0","77","66","baza_2_2.csv","2.2|922097"
"164","2.2","922098","2026-03-24 19:00","Millennium Arena","Millennium Siemianowice","130955","Nosmeisy","128686","3:0","3","0","75","57","baza_2_2.csv","2.2|922098"
"164","2.2","922099","2026-03-24 19:00","Hala im. Pawła Kozioła","Ranczo Wilkowyje","130915","Bydgoszcz Spartans","128726","3:0","3","0","75","50","baza_2_2.csv","2.2|922099"
"164","2.2","922100","2026-03-24 19:00","Wild Hall","Thorn Lynxes","131219","Silver Sharks Lublin 🦈","128674","3:2","3","2","98","91","baza_2_2.csv","2.2|922100"
"164","2.2","922101","2026-03-24 19:00","Mroczna Arena","👽Strażnicy Cienia👽","128711","RKS","128588","0:3","0","3","45","75","baza_2_2.csv","2.2|922101"
"164","2.2","922102","2026-03-24 19:00","Chausseestrasse arena","Rutz","130854","CSKA Mielec","128613","3:0","3","0","75","66","baza_2_2.csv","2.2|922102"
"164","2.2","922103","2026-03-24 19:00","MAKDOM ARENA","MAKDOM","128660","SiatkarskiePodlasie.pl","130565","2:3","2","3","104","109","baza_2_2.csv","2.2|922103"
"164","2.2","922104","2026-03-24 19:00","Olimp Arena","UKS Olimp Ostrołęka","128604","Czorty Chorzów","130959","3:2","3","2","109","91","baza_2_2.csv","2.2|922104"
"164","2.3","922337","2026-03-24 19:00","Ragnarok","Vikings","128756","Zabrzański Górnik","128816","3:1","3","1","92","69","baza_2_3.csv","2.3|922337"
"164","2.3","922338","2026-03-24 19:00","Hala Orbita","EnergiaPro Gwardia Wrocław","130757","Skoczne Karakany","130767","3:1","3","1","98","92","baza_2_3.csv","2.3|922338"
"164","2.3","922339","2026-03-24 19:00","Torwar","Projekt Warszawa","128614","Stara Gwardia Nakło ⚔️","128688","1:3","1","3","82","96","baza_2_3.csv","2.3|922339"
"164","2.3","922340","2026-03-24 19:00","Radomskie Centrum Sportu","RCS Czarni Radom","128600","Polonia Bytom","130871","1:3","1","3","82","87","baza_2_3.csv","2.3|922340"
"164","2.3","922341","2026-03-24 19:00","Zoo","Wściekłe Tygrysy","128782","KKS Gryf Lębork","128809","1:3","1","3","67","94","baza_2_3.csv","2.3|922341"
"164","2.3","922342","2026-03-24 19:00","Ver","Vernixo","128679","🦣 KS MAMUTY 🦣","130549","0:3","0","3","62","75","baza_2_3.csv","2.3|922342"
"164","2.3","922343","2026-03-24 19:00","Kocioł","Budowlani Nysa","130574","Bolek i lolek 🤙","128586","0:3","0","3","59","75","baza_2_3.csv","2.3|922343"
"164","2.3","922344","2026-03-24 19:00","カラスの巣","Karasuno","128635","KS Budowlani Kołacin 👷🏻","128629","3:1","3","1","97","75","baza_2_3.csv","2.3|922344"
"164","2.4","922577","2026-03-24 19:00","In the middle of nowhere","Unknown Team","128636","KS Kawoholicy","131724","3:0","3","0","75","48","baza_2_4.csv","2.4|922577"
"164","2.4","922578","2026-03-24 19:00","Olimp  Arena","Pioruny  i Grzmoty","130966","QUEERTISONEK TEAM","131147","1:3","1","3","85","97","baza_2_4.csv","2.4|922578"
"164","2.4","922579","2026-03-24 19:00","Sportur Astro","Sivass-Pol De Mare","128794","Turbo Śpiochy","128578","3:2","3","2","107","100","baza_2_4.csv","2.4|922579"
"164","2.4","922580","2026-03-24 19:00","Torwar","Vamos","128714","Alpha","131086","3:1","3","1","100","96","baza_2_4.csv","2.4|922580"
"164","2.4","922581","2026-03-24 19:00","Aviator arena","BH STAL MIELEC","130769","BKS Białystok","128644","0:3","0","3","52","75","baza_2_4.csv","2.4|922581"
"164","2.4","922582","2026-03-24 19:00","Może zagram","Fc MiSieNieChce","130908","Ohana Gliwice","130945","0:3","0","3","28","75","baza_2_4.csv","2.4|922582"
"164","2.4","922583","2026-03-24 19:00","Bystra Bochotnica Arena","Bystra Bochotnica","128657","massive dongs","128592","1:3","1","3","71","95","baza_2_4.csv","2.4|922583"
"164","2.4","922584","2026-03-24 19:00","kiczan arena","kiczan team zduńska wola","128596","TEXańska Masakra Piłą Ręczną","131293","3:0","3","0","75","47","baza_2_4.csv","2.4|922584"
"164","3.1","922817","2026-03-24 17:00","Letalnica","Team Spiryt Chorzów","130958","Vollley Rybnik","137468","3:0","3","0","75","38","baza_3_1.csv","3.1|922817"
"164","3.1","922818","2026-03-24 17:00","Gniazdo","Orzeł Grzędzice","128728","Drużyna Pierścienia","141064","0:3","0","3","43","75","baza_3_1.csv","3.1|922818"
"164","3.1","922819","2026-03-24 17:00","Hala Azoty","Zaksa Kędzierzyn - Koźle","131200","Renifers","128675","0:3","0","3","15","75","baza_3_1.csv","3.1|922819"
"164","3.1","922820","2026-03-24 17:00","Ownz Ya! :: Arena","Team :: Ownz Ya!","130572","Avengers","130920","0:3","0","3","33","75","baza_3_1.csv","3.1|922820"
"164","3.1","922821","2026-03-24 17:00","SRS Bernabeu","SRS Katarina","137403","Cicely","128704","3:0","3","0","75","50","baza_3_1.csv","3.1|922821"
"164","3.1","922822","2026-03-24 17:00","Kamienieckie Doły","Cargo Kamieniec Ząbkowicki","151049","PGE Bubisie Bździochy","130773","3:0","3","0","75","55","baza_3_1.csv","3.1|922822"
"164","3.1","922823","2026-03-24 17:00","KorpoArena","Korporacja Gwiazd Bezrobocia","128595","Bochotnica Celtics","128639","2:3","2","3","99","104","baza_3_1.csv","3.1|922823"
"164","3.1","922824","2026-03-24 17:00","Nati Memorial Hall","⭐ Nati ⭐ 1995 ⭐  ∞  ⭐","130585","TaUrsy","130537","3:0","3","0","75","3","baza_3_1.csv","3.1|922824"
"164","3.2","923057","2026-03-24 17:00","Malinowe marzenie","Maliniaczki","131020","Wiejski Klub Kielno","130498","3:0","3","0","75","10","baza_3_2.csv","3.2|923057"
"164","3.2","923058","2026-03-24 17:00","Lake Arena","Zegrze Nieporęt","131194","GALACTICOS FC","131018","3:0","3","0","75","40","baza_3_2.csv","3.2|923058"
"164","3.2","923059","2026-03-24 17:00","PB Arena","Huragan Białobrzegi","131065","CVB Barça","141012","3:0","3","0","75","43","baza_3_2.csv","3.2|923059"
"164","3.2","923060","2026-03-24 17:00","Stodoła 97","VC  Ziębka Team","130503","Siatka Krzemieniewo","128597","0:3","0","3","59","77","baza_3_2.csv","3.2|923060"
"164","3.2","923061","2026-03-24 17:00","Wylęgarnia Potworów","Nocne Potwory","128803","Fiorentina Nakło","130905","1:3","1","3","67","98","baza_3_2.csv","3.2|923061"
"164","3.2","923062","2026-03-24 17:00","Storm","WIPP Thunder","128672","Plas Kaźmierz","137421","0:3","0","3","42","75","baza_3_2.csv","3.2|923062"
"164","3.2","923063","2026-03-24 17:00","Grota tajemnic","Czarne plamy","128655","ChlopkiTeam","128606","1:3","1","3","80","96","baza_3_2.csv","3.2|923063"
"164","3.2","923064","2026-03-24 17:00","DZIK ŁÓDŹ ARENA","JTCNW Łódź","131093","ChudyTeam","130535","3:1","3","1","96","83","baza_3_2.csv","3.2|923064"
"164","3.3","923297","2026-03-24 17:00","Phoenix Scene","Phoenix Fire","128687","Kotwica Kołobrzeg","128801","3:1","3","1","96","74","baza_3_3.csv","3.3|923297"
"164","3.3","923298","2026-03-24 17:00","RINLZER ARENA","RINZLER","128627","FC Misieniechce Radom","130676","3:0","3","0","75","23","baza_3_3.csv","3.3|923298"
"164","3.3","923299","2026-03-24 17:00","Wimbledon","Zduńska Wola Team","128640","KS Zamienie","141062","1:3","1","3","67","96","baza_3_3.csv","3.3|923299"
"164","3.3","923300","2026-03-24 17:00","Drink Arena","Drink Team","141020","!STAL NYSA","130728","0:3","0","3","41","75","baza_3_3.csv","3.3|923300"
"164","3.3","923301","2026-03-24 17:00","NiuniuCamp","NiuniuTeam","137395","RG Olsztyn","128652","3:1","3","1","99","94","baza_3_3.csv","3.3|923301"
"164","3.3","923302","2026-03-24 17:00","NWWALC Stadium","OFIME Targówek","131746","Ale co","128694","0:3","0","3","47","75","baza_3_3.csv","3.3|923302"
"164","3.3","923303","2026-03-24 17:00","Dytto","DragonGAYS Polska","130705","Mazaki VC","131006","0:3","0","3","63","75","baza_3_3.csv","3.3|923303"
"164","3.3","923304","2026-03-24 17:00","Jeżodrom","Jeżomyszy🦔z Marsa🪐","130972","Bad Boys Team","128706","3:0","3","0","75","50","baza_3_3.csv","3.3|923304"
"164","3.4","923537","2026-03-24 17:00","Valiant Boys","Valiant Boys","130826","Potok city","140815","3:0","3","0","79","47","baza_3_4.csv","3.4|923537"
"164","3.4","923538","2026-03-24 17:00","Strzelce Opolskie Arena","PIAST Strzelce Opolskie","130555","Choroszcza Olsztyn","130774","0:3","0","3","66","75","baza_3_4.csv","3.4|923538"
"164","3.4","923539","2026-03-24 17:00","Niepodległości 11","KS Świt Baranowo","128589","Asseco Resovia","131163","3:0","3","0","75","26","baza_3_4.csv","3.4|923539"
"164","3.4","923540","2026-03-24 17:00","GOKSiR Konstancin","IKS Konstancin - Jeziorna","131223","toto","128731","3:0","3","0","75","14","baza_3_4.csv","3.4|923540"
"164","3.4","923541","2026-03-24 17:00","Arena Albigowa","SST SPORTUR GMINA ŁAŃCUT","128795","Trefl Gdańsk Pomorze","130509","1:3","1","3","70","101","baza_3_4.csv","3.4|923541"
"164","3.4","923542","2026-03-24 17:00","Leszczyny arena","Volley Leszczyny","137412","Trefl","131199","0:3","0","3","53","75","baza_3_4.csv","3.4|923542"
"164","3.4","923543","2026-03-24 17:00","Smocza Jama","Smoczy Gród","131131","eŁKSa1908","130836","3:0","3","0","75","53","baza_3_4.csv","3.4|923543"
"164","3.4","923544","2026-03-24 17:00","Cytrynowe Pandemonium","Sycylijskie Cytryniaki","130704","Los Rakos","137449","0:3","0","3","61","75","baza_3_4.csv","3.4|923544"
"164","3.5","923777","2026-03-24 17:00","Baltic Arena","KKS Kaszubia Kościerzyna","128786","AKS Śliw@","128584","3:0","3","0","75","28","baza_3_5.csv","3.5|923777"
"164","3.5","923778","2026-03-24 17:00","Thorn Hall","Bart Thorn","130726","ULTRAS-PL","130527","3:0","3","0","75","41","baza_3_5.csv","3.5|923778"
"164","3.5","923779","2026-03-24 17:00","Hala Dobra","AKS VOLLEY  DOBRA","141110","Kosmiczne Mandarynki","128609","1:3","1","3","85","91","baza_3_5.csv","3.5|923779"
"164","3.5","923780","2026-03-24 17:00","Dwa słupki i sznurek azt","Aniołki Toruń","130820","RafaTeam Lipusz","130561","0:3","0","3","20","75","baza_3_5.csv","3.5|923780"
"164","3.5","923781","2026-03-24 17:00","KSW ARENA","KSW7","140968","CAMORRA VC","130516","0:3","0","3","47","75","baza_3_5.csv","3.5|923781"
"164","3.5","923782","2026-03-24 17:00","Arena Krosno","Iskra Krosno","128667","VC BORDER","128622","3:1","3","1","102","93","baza_3_5.csv","3.5|923782"
"164","3.5","923783","2026-03-24 17:00","Arena Poznań","PGE Skra Poznań","130781","OPOLE","130500","0:3","0","3","59","75","baza_3_5.csv","3.5|923783"
"164","3.5","923784","2026-03-24 17:00","Ninjutsu Arena 2024","S-Ninjas","130582","SKS Iłżanka Baranów","128715","2:3","2","3","105","106","baza_3_5.csv","3.5|923784"
"164","3.6","924017","2026-03-24 17:00","Słomin centre","Projekt Słomin","128700","Pogoń Żubr","130564","3:0","3","0","75","30","baza_3_6.csv","3.6|924017"
"164","3.6","924018","2026-03-24 17:00","Podpromie","SMS Rzeszów","137337","Kudowianka Kudowa-Zdrój","131235","0:3","0","3","22","75","baza_3_6.csv","3.6|924018"
"164","3.6","924019","2026-03-24 17:00","Są gorsze areny","Są Gorsi","130693","Young Team Reaktywacja","140951","0:3","0","3","28","75","baza_3_6.csv","3.6|924019"
"164","3.6","924020","2026-03-24 17:00","Hala Limanowa","KS Limanowa","140814","Ikjas Toruń","131062","0:3","0","3","9","75","baza_3_6.csv","3.6|924020"
"164","3.6","924021","2026-03-24 17:00","Arena Twierdza","Twierdza Teodorówka","130591","Browary Hills","130979","2:3","2","3","112","113","baza_3_6.csv","3.6|924021"
"164","3.6","924022","2026-03-24 17:00","Strongman Arena","RTS.Strongman Małecz","130601","KS Jastrzębie","130545","0:3","0","3","57","75","baza_3_6.csv","3.6|924022"
"164","3.6","924023","2026-03-24 17:00","Ceremony Place Soreide","Groszowice Soreide","130604","Black Smoke","137347","1:3","1","3","88","92","baza_3_6.csv","3.6|924023"
"164","3.6","924024","2026-03-24 17:00","Olle hall","Victoria Wałbrzych","128774","MKS Siemianowice","128799","2:3","2","3","99","110","baza_3_6.csv","3.6|924024"
"164","3.7","924257","2026-03-24 17:00","San Siro","Stocznia Gdańsk","130595","SDJ Janów","131251","3:0","3","0","75","57","baza_3_7.csv","3.7|924257"
"164","3.7","924258","2026-03-24 17:00","FFP Arena","FFP Virtual Volley","130573","Błysk2","131225","0:3","0","3","22","75","baza_3_7.csv","3.7|924258"
"164","3.7","924259","2026-03-24 17:00","Estadio de Brzózka","Dyliżans Brzózka","137454","Dąbrowskie Pioruny","140781","3:0","3","0","75","24","baza_3_7.csv","3.7|924259"
"164","3.7","924260","2026-03-24 17:00","Rotavia Arena","LKS Rotavia Nieporęt","128730","Orły","137486","3:0","3","0","80","55","baza_3_7.csv","3.7|924260"
"164","3.7","924261","2026-03-24 17:00","Haba","Ghrum","130784","Latające Dżdżownice","140796","2:3","2","3","108","113","baza_3_7.csv","3.7|924261"
"164","3.7","924262","2026-03-24 17:00","Immobile Łuczniczka","BKS Visła Bydgoszcz","131284","KZN","131229","3:0","3","0","75","41","baza_3_7.csv","3.7|924262"
"164","3.7","924263","2026-03-24 17:00","Reksio Arena","Mighty Bears","130513","AZS Politechnika Poznańska","128759","3:0","3","0","75","51","baza_3_7.csv","3.7|924263"
"164","3.7","924264","2026-03-24 17:00","Spodek Viadukt","Volania Jeleninhos","131141","Linkin Park United","130617","3:1","3","1","101","92","baza_3_7.csv","3.7|924264"
"164","3.8","924497","2026-03-24 17:00","Stilon Arena","Stilon Gorzów","130891","Fc Albatros","131276","3:0","3","0","75","18","baza_3_8.csv","3.8|924497"
"164","3.8","924498","2026-03-24 17:00","Américain Airlines Center","Dallas Mavericks","128666","ZAKSA ŚWINOUJŚCIE","130896","0:3","0","3","31","75","baza_3_8.csv","3.8|924498"
"164","3.8","924499","2026-03-24 17:00","Hala Urania","AZS PRIME Olsztyn","137361","MKS Dąbrowa Górnicza","128800","0:3","0","3","53","75","baza_3_8.csv","3.8|924499"
"164","3.8","924500","2026-03-24 17:00","KND Arena","KndSynu Cios","137411","Anioły Toruń","130514","3:0","3","0","75","35","baza_3_8.csv","3.8|924500"
"164","3.8","924501","2026-03-24 17:00","Kiciniowo","Fc Kiciusie","140744","Rockers Wrocław","128605","0:3","0","3","24","75","baza_3_8.csv","3.8|924501"
"164","3.8","924502","2026-03-24 17:00","Hell","Przebój Wolbrom","130621","Jang Tim","128677","3:0","3","0","77","63","baza_3_8.csv","3.8|924502"
"164","3.8","924503","2026-03-24 17:00","Fabryczna Union Arena","Budowlani Łódź","128736","PGE GIEK Skra Bełchatów","130721","3:0","3","0","75","65","baza_3_8.csv","3.8|924503"
"164","3.8","924504","2026-03-24 17:00","Tylmanowa Arena","Aptekarz Tylmanowa","128720","Volley Królewscy Jedlnia","130524","3:0","3","0","75","57","baza_3_8.csv","3.8|924504"
"164","3.9","924737","2026-03-24 17:00","Hala Relax","Volley Team Piotrków Tryb.","128724","Flying Spiders","140867","3:0","3","0","75","18","baza_3_9.csv","3.9|924737"
"164","3.9","924738","2026-03-24 17:00","Malinowa home","Czarni Piasek","128752","GSY","130525","1:3","1","3","79","94","baza_3_9.csv","3.9|924738"
"164","3.9","924739","2026-03-24 17:00","Jaga","Jagiellonia Białystok","140856","SGS Goleniów","137350","0:3","0","3","18","75","baza_3_9.csv","3.9|924739"
"164","3.9","924740","2026-03-24 17:00","Hala Brzeziny","SBX TEAM","140751","Galaxia Kwielice","130973","0:3","0","3","42","75","baza_3_9.csv","3.9|924740"
"164","3.9","924741","2026-03-24 17:00","Sardegna Hall","Sardegna Volley","137467","Zamek Golub-Dobrzyń","131227","0:3","0","3","35","75","baza_3_9.csv","3.9|924741"
"164","3.9","924742","2026-03-24 17:00","Bonito Arena","Joga Bonito","137493","Zaksa Mszczonów","130593","0:3","0","3","35","75","baza_3_9.csv","3.9|924742"
"164","3.9","924743","2026-03-24 17:00","XYZ","ZYX","131059","ActiVeTeam","128702","3:1","3","1","96","85","baza_3_9.csv","3.9|924743"
"164","3.9","924744","2026-03-24 17:00","VST Hala Sportowa","Volleyball Szubin Team","128579","Spartans Volley","130930","3:0","3","0","75","46","baza_3_9.csv","3.9|924744"
"164","3.10","924977","2026-03-24 17:00","JednakGramy Arena","JednakGramy","128768","UKS BŁYSKAWICA ŁOWICZ","130699","3:0","3","0","75","39","baza_3_10.csv","3.10|924977"
"164","3.10","924978","2026-03-24 17:00","Hala Widowiskowa BBOSiR","BBTS Bielsko-Biała","137383","KK271","141054","3:0","3","0","75","60","baza_3_10.csv","3.10|924978"
"164","3.10","924979","2026-03-24 17:00","Sovia","Tigers","128634","Indykpol AZS Olsztyn","128620","0:3","0","3","10","75","baza_3_10.csv","3.10|924979"
"164","3.10","924980","2026-03-24 17:00","R22","TSW Wisła Kraków","151056","Hot Volley Nysa","128630","1:3","1","3","69","98","baza_3_10.csv","3.10|924980"
"164","3.10","924981","2026-03-24 17:00","Piernik Arena","Kopernik Toruń","130739","Pancio","128750","0:3","0","3","54","75","baza_3_10.csv","3.10|924981"
"164","3.10","924982","2026-03-24 17:00","Osyra Stadion","GPT Mysłowice","128747","KS Strużanka Baranów","130994","3:1","3","1","98","90","baza_3_10.csv","3.10|924982"
"164","3.10","924983","2026-03-24 17:00","Wataha","Polish Wolves","131258","TKS Jelenie Studzienki","130939","0:3","0","3","58","75","baza_3_10.csv","3.10|924983"
"164","3.10","924984","2026-03-24 17:00","Crucible","Bydgoszcz Baki","128616","Złote Orły","131740","2:3","2","3","113","103","baza_3_10.csv","3.10|924984"
"164","3.11","925217","2026-03-24 17:00","Stajnia Jednorożców","Kolorowe Rumaki","131164","FC Łosarnia Tujsk","140910","3:0","3","0","75","31","baza_3_11.csv","3.11|925217"
"164","3.11","925218","2026-03-24 17:00","Decha Arena","Gwoździe","140812","KS Crusaders","137439","0:3","0","3","25","75","baza_3_11.csv","3.11|925218"
"164","3.11","925219","2026-03-24 17:00","ERGO ARENA","NIELOTY GDAŃSK","130946","Orzełki Team","137444","0:3","0","3","30","75","baza_3_11.csv","3.11|925219"
"164","3.11","925220","2026-03-24 17:00","hala MOSiR","Enea PTPS Piła","128646","Kasztaniaki","131735","0:3","0","3","16","75","baza_3_11.csv","3.11|925220"
"164","3.11","925221","2026-03-24 17:00","Arena W","Team WWW","131066","Seniorzy Wieluń","130519","1:3","1","3","64","97","baza_3_11.csv","3.11|925221"
"164","3.11","925222","2026-03-24 17:00","Szklanka Wódki xD","ScorpioN","128617","PauPau","140825","3:1","3","1","103","98","baza_3_11.csv","3.11|925222"
"164","3.11","925223","2026-03-24 17:00","Upadła Arena","Latające Imadła","131022","Pogoń Portowcy","131768","1:3","1","3","80","96","baza_3_11.csv","3.11|925223"
"164","3.11","925224","2026-03-24 17:00","Brute Force Arena","Brute Force","130978","AKS Andrut Kalisz 🧇","128789","3:1","3","1","90","74","baza_3_11.csv","3.11|925224"
"164","3.12","925457","2026-03-24 17:00","Sparbanken Skåne Arena","🌳Leśne Ludki🌳","131712","Aciu Team","131157","3:0","3","0","75","10","baza_3_12.csv","3.12|925457"
"164","3.12","925458","2026-03-24 17:00","Niebieskie Piekło","Lube Rzeszów","130863","Warta Zawiercie","130562","1:3","1","3","56","97","baza_3_12.csv","3.12|925458"
"164","3.12","925459","2026-03-24 17:00","B4 Arena","Braniewo Volley","141119","Olimpia Kowary","137420","3:0","3","0","75","32","baza_3_12.csv","3.12|925459"
"164","3.12","925460","2026-03-24 17:00","Prognozy dzisiaj nie będzie","Anię dopadła grypa","140870","ARM Volley","137419","0:3","0","3","11","75","baza_3_12.csv","3.12|925460"
"164","3.12","925461","2026-03-24 17:00","Match Of The Millennium","Yu-Gi-Oh!","131717","300-stuSpartan","137376","3:2","3","2","108","92","baza_3_12.csv","3.12|925461"
"164","3.12","925462","2026-03-24 17:00","Konarzewo Arena","KS Konarzewo","137342","Acapulco Stalion","128733","3:0","3","0","75","41","baza_3_12.csv","3.12|925462"
"164","3.12","925463","2026-03-24 17:00","Ipsarion","Ipsarion","140952","The Ops","131290","1:3","1","3","82","95","baza_3_12.csv","3.12|925463"
"164","3.12","925464","2026-03-24 17:00","Hala Urania of City Olsztyn","Zawisza Olsztyn","128659","Volley Master","130507","2:3","2","3","107","107","baza_3_12.csv","3.12|925464"
"164","3.13","925697","2026-03-24 17:00","Orły hall","PolskieOrły","128769","Trentino Młodzieszyn","128599","3:0","3","0","75","13","baza_3_13.csv","3.13|925697"
"164","3.13","925698","2026-03-24 17:00","TwentyFive.pl","TwentyFive.pl","130518","Unia Leszno","131196","1:3","1","3","73","96","baza_3_13.csv","3.13|925698"
"164","3.13","925699","2026-03-24 17:00","Hala im. Sędziów","Sędziowie Bydgoszcz","140960","LKS  ASERTO Trześń","131723","0:3","0","3","9","75","baza_3_13.csv","3.13|925699"
"164","3.13","925700","2026-03-24 17:00","RD Arena","Red Devils","128725","Szmulki","140963","3:0","3","0","75","59","baza_3_13.csv","3.13|925700"
"164","3.13","925701","2026-03-24 17:00","MKS1956","MKS ŁĘCZYCA","128741","Spartakus Radom","131248","1:3","1","3","67","99","baza_3_13.csv","3.13|925701"
"164","3.13","925702","2026-03-24 17:00","Lokomotiv Plzen","Raven","140853","🐀Ratty Rattas🐀","128707","1:3","1","3","74","97","baza_3_13.csv","3.13|925702"
"164","3.13","925703","2026-03-24 17:00","Valhalla","Brave Vikings","131709","☣️ MY TU TEGO BAGNO 💩💩    🔝","130911","2:3","2","3","101","106","baza_3_13.csv","3.13|925703"
"164","3.13","925704","2026-03-24 17:00","Progress Arena","ProgressTeam","128806","Aleleble","128628","0:3","0","3","36","75","baza_3_13.csv","3.13|925704"
"164","3.14","925937","2026-03-24 17:00","Dąbrówka Arena","III Piastowskie","130858","NTS NAKŁO NAD NOTECIĄ","128729","3:0","3","0","75","52","baza_3_14.csv","3.14|925937"
"164","3.14","925938","2026-03-24 17:00","Osir Trzemeszno","Skra Trzemeszno","131217","BT ENERGIA","137456","3:0","3","0","75","25","baza_3_14.csv","3.14|925938"
"164","3.14","925939","2026-03-24 17:00","Foxx Volley Arena","Kanzas Foxx","137481","KS GRABÓW","130543","0:3","0","3","24","75","baza_3_14.csv","3.14|925939"
"164","3.14","925940","2026-03-24 17:00",".......","Zryw","141102","Kubiki","130510","3:0","3","0","75","55","baza_3_14.csv","3.14|925940"
"164","3.14","925941","2026-03-24 17:00","Hala FC","Farciarze FC","128734","Shtosee volley team","128680","3:1","3","1","102","93","baza_3_14.csv","3.14|925941"
"164","3.14","925942","2026-03-24 17:00","Mierzwice Arena","Mierzwicanka Mierzwice","130539","pONczek Team","130540","3:0","3","0","75","63","baza_3_14.csv","3.14|925942"
"164","3.14","925943","2026-03-24 17:00","Hit Dome","Hit Happens","131734","Lajony Kingzz","131747","0:3","0","3","65","76","baza_3_14.csv","3.14|925943"
"164","3.14","925944","2026-03-24 17:00","Old Trafford","KS Brzeziny","128710","Arbuzy i Kebaby","130611","1:3","1","3","89","91","baza_3_14.csv","3.14|925944"
"164","3.15","926177","2026-03-24 17:00","OSIR ARENA","G.T.S. Unia Choceń","128749","LTS Feniks Leżajsk","141106","3:0","3","0","75","23","baza_3_15.csv","3.15|926177"
"164","3.15","926178","2026-03-24 17:00","Urania","AZT Tytan Czestochowa","128743","Fenix Siennica","130586","3:0","3","0","75","28","baza_3_15.csv","3.15|926178"
"164","3.15","926179","2026-03-24 17:00","Wierzeje ARENA","Wierzeje","141108","Gumi-Misie","131244","0:3","0","3","33","75","baza_3_15.csv","3.15|926179"
"164","3.15","926180","2026-03-24 17:00","KS arena","Ks Kedzierzyn","128713","KS Okalew","131073","0:3","0","3","30","75","baza_3_15.csv","3.15|926180"
"164","3.15","926181","2026-03-24 17:00","Hala Mostowa","Śląskie Burrito","131722","Makosiki","128780","0:3","0","3","47","76","baza_3_15.csv","3.15|926181"
"164","3.15","926182","2026-03-24 17:00","Makalamabedi","W124","137366","JaqbTeam","128695","0:3","0","3","40","75","baza_3_15.csv","3.15|926182"
"164","3.15","926183","2026-03-24 17:00","Estadio zulito","Lech Sulechów","128625","FC Świętopełka 🔥","128802","0:3","0","3","36","75","baza_3_15.csv","3.15|926183"
"164","3.15","926184","2026-03-24 17:00","Kabako Arena","Finlandia Opole Lubelskie","130910","Victoria Dobra","131261","0:3","0","3","7","75","baza_3_15.csv","3.15|926184"
"164","3.16","926417","2026-03-24 17:00","Spożywczak","Blackburn Toruń","128601","Die Freie Stadt Danzig","130661","3:0","3","0","75","24","baza_3_16.csv","3.16|926417"
"164","3.16","926418","2026-03-24 17:00","Spodek Głuchołazy","Zadar Głuchołazy","128664","🪿⎛⎝( ` ᢍ ´ )⎠⎞ᵐᵘʰᵃʰᵃ🦇","131021","0:3","0","3","40","75","baza_3_16.csv","3.16|926418"
"164","3.16","926419","2026-03-24 17:00","Hala Miejska","PKS Choszczno","140884","Juve","131236","3:0","3","0","75","47","baza_3_16.csv","3.16|926419"
"164","3.16","926420","2026-03-24 17:00","Sportowa","Gryf Policzna","140747","GizoTeam","128693","2:3","2","3","100","109","baza_3_16.csv","3.16|926420"
"164","3.16","926421","2026-03-24 17:00","Łu tu tu tu","La Vida Loca","131011","sanah","131179","0:3","0","3","9","75","baza_3_16.csv","3.16|926421"
"164","3.16","926422","2026-03-24 17:00","PRAFIL ARENA","PGJ Azoty","130845","Lance Armstrong","131718","0:3","0","3","52","75","baza_3_16.csv","3.16|926422"
"164","3.16","926423","2026-03-24 17:00","Arena Łódź Podwodna","AquaSharks","128771","V-DRIFTERS","131254","3:0","3","0","75","46","baza_3_16.csv","3.16|926423"
"164","3.16","926424","2026-03-24 17:00","Arena wilków","Złote Wilki","128790","Znienacka team","130933","1:3","1","3","87","81","baza_3_16.csv","3.16|926424"
"164","1.1","921609","2026-03-22 19:00","Wioska Smerfów","Smerfy","128764","Dano Dream Team","130607","0:3","0","3","36","75","baza_1_1.csv","1.1|921609"
"164","1.1","921610","2026-03-22 19:00","Qweta","VC Kittens","128580","Carplife 🇵🇱","130954","3:2","3","2","116","113","baza_1_1.csv","1.1|921610"
"164","1.1","921611","2026-03-22 19:00","Bugaj Arena","Pilica Koniecpol","130885","AKS Volley Łódź","131002","2:3","2","3","95","94","baza_1_1.csv","1.1|921611"
"164","1.1","921612","2026-03-22 19:00","Mordor","Kuźnia Byków","130744","Dzikie Rumaxy","128638","3:1","3","1","93","84","baza_1_1.csv","1.1|921612"
"164","1.1","921613","2026-03-22 19:00","Arena of Rzeplin","Tsunami Rzeplin","128717","DHARMA Initiative","128577","1:3","1","3","97","107","baza_1_1.csv","1.1|921613"
"164","1.1","921614","2026-03-22 19:00","Hala sportowa w Zduńskiej Woli","Volleyball Team Zduńska Wola","128603","ZAKSA Bochotnica","128722","2:3","2","3","109","105","baza_1_1.csv","1.1|921614"
"164","1.1","921615","2026-03-22 19:00","Arena W-W","Wratislawia Wrocław","128772","Incognito Volley","128619","0:3","0","3","53","75","baza_1_1.csv","1.1|921615"
"164","1.1","921616","2026-03-22 19:00","Ergo Małomice","Penguin Małomice","128781","Go Tigers","128631","3:1","3","1","97","71","baza_1_1.csv","1.1|921616"
"164","2.1","921849","2026-03-22 19:00","Ping Pong Arena","Najlepsi z Najlepszych","130520","Velen Volleyball Club","128684","3:1","3","1","98","83","baza_2_1.csv","2.1|921849"
"164","2.1","921850","2026-03-22 19:00","Field House","Miesiany Miesiany","128676","LukTeam","131134","3:1","3","1","90","89","baza_2_1.csv","2.1|921850"
"164","2.1","921851","2026-03-22 19:00","Piekło","Saracens","128615","Smerfy z Rivii ⚔️⚔️🛡️","130934","3:1","3","1","94","74","baza_2_1.csv","2.1|921851"
"164","2.1","921852","2026-03-22 19:00","Mleczne Arena","Sprzeda Mecz","128663","CF Mleczne Olsztyn","128668","1:3","1","3","91","97","baza_2_1.csv","2.1|921852"
"164","2.1","921853","2026-03-22 19:00","Szpil Plac u Gerusia","Young Team","128708","Silver Arsenal","130505","3:2","3","2","109","93","baza_2_1.csv","2.1|921853"
"164","2.1","921854","2026-03-22 19:00","7l z Pepsi Arena","Hydra VT Gdańsk","128612","Celtic VC","128735","2:3","2","3","108","107","baza_2_1.csv","2.1|921854"
"164","2.1","921855","2026-03-22 19:00","Hala 134","Libero Gorzków","128703","CYTRYNIEC CHIŃSKI","130809","1:3","1","3","93","103","baza_2_1.csv","2.1|921855"
"164","2.1","921856","2026-03-22 19:00","Janów hall","Błyskawica Janów","131242","Pogromcy Gdańsk","131205","0:3","0","3","41","75","baza_2_1.csv","2.1|921856"
"164","2.2","922089","2026-03-22 19:00","Olimp Arena","UKS Olimp Ostrołęka","128604","Zakład Karny w Strzelinie","128751","2:3","2","3","105","109","baza_2_2.csv","2.2|922089"
"164","2.2","922090","2026-03-22 19:00","LEGO Arena","Czorty Chorzów","130959","SiatkarskiePodlasie.pl","130565","0:3","0","3","48","75","baza_2_2.csv","2.2|922090"
"164","2.2","922091","2026-03-22 19:00","CSKA Arena","CSKA Mielec","128613","MAKDOM","128660","3:1","3","1","94","92","baza_2_2.csv","2.2|922091"
"164","2.2","922092","2026-03-22 19:00","Chausseestrasse arena","Rutz","130854","RKS","128588","3:0","3","0","80","71","baza_2_2.csv","2.2|922092"
"164","2.2","922093","2026-03-22 19:00","UMCS Hala Sportowa","Silver Sharks Lublin 🦈","128674","👽Strażnicy Cienia👽","128711","3:1","3","1","95","58","baza_2_2.csv","2.2|922093"
"164","2.2","922094","2026-03-22 19:00","Sisu Arena","Bydgoszcz Spartans","128726","Thorn Lynxes","131219","2:3","2","3","96","107","baza_2_2.csv","2.2|922094"
"164","2.2","922095","2026-03-22 19:00","Zimorodek","Nosmeisy","128686","Ranczo Wilkowyje","130915","3:0","3","0","79","66","baza_2_2.csv","2.2|922095"
"164","2.2","922096","2026-03-22 19:00","Piasterdam Stadium","AJAX PIASTY","130797","Millennium Siemianowice","130955","0:3","0","3","43","75","baza_2_2.csv","2.2|922096"
"164","2.3","922329","2026-03-22 19:00","カラスの巣","Karasuno","128635","Vikings","128756","3:1","3","1","95","82","baza_2_3.csv","2.3|922329"
"164","2.3","922330","2026-03-22 19:00","Silver Pearl Stadium","KS Budowlani Kołacin 👷🏻","128629","Bolek i lolek 🤙","128586","2:3","2","3","99","111","baza_2_3.csv","2.3|922330"
"164","2.3","922331","2026-03-22 19:00","🦣 Mamut Area 🦣","🦣 KS MAMUTY 🦣","130549","Budowlani Nysa","130574","1:3","1","3","89","93","baza_2_3.csv","2.3|922331"
"164","2.3","922332","2026-03-22 19:00","Ver","Vernixo","128679","KKS Gryf Lębork","128809","0:3","0","3","61","75","baza_2_3.csv","2.3|922332"
"164","2.3","922333","2026-03-22 19:00","Polonijny młyn","Polonia Bytom","130871","Wściekłe Tygrysy","128782","3:1","3","1","89","67","baza_2_3.csv","2.3|922333"
"164","2.3","922334","2026-03-22 19:00","Forteca Nakło","Stara Gwardia Nakło ⚔️","128688","RCS Czarni Radom","128600","2:3","2","3","83","100","baza_2_3.csv","2.3|922334"
"164","2.3","922335","2026-03-22 19:00","Karakanówka","Skoczne Karakany","130767","Projekt Warszawa","128614","1:3","1","3","90","95","baza_2_3.csv","2.3|922335"
"164","2.3","922336","2026-03-22 19:00","Hala Sportowa w Zabrzu","Zabrzański Górnik","128816","EnergiaPro Gwardia Wrocław","130757","1:3","1","3","74","90","baza_2_3.csv","2.3|922336"
"164","2.4","922569","2026-03-22 19:00","kiczan arena","kiczan team zduńska wola","128596","Unknown Team","128636","3:1","3","1","98","89","baza_2_4.csv","2.4|922569"
"164","2.4","922570","2026-03-22 19:00","Mozt","TEXańska Masakra Piłą Ręczną","131293","massive dongs","128592","1:3","1","3","75","93","baza_2_4.csv","2.4|922570"
"164","2.4","922571","2026-03-22 19:00","Aloha Arena","Ohana Gliwice","130945","Bystra Bochotnica","128657","3:2","3","2","102","102","baza_2_4.csv","2.4|922571"
"164","2.4","922572","2026-03-22 19:00","Może zagram","Fc MiSieNieChce","130908","BKS Białystok","128644","0:3","0","3","34","75","baza_2_4.csv","2.4|922572"
"164","2.4","922573","2026-03-22 19:00","Alpha Arena","Alpha","131086","BH STAL MIELEC","130769","3:1","3","1","99","69","baza_2_4.csv","2.4|922573"
"164","2.4","922574","2026-03-22 19:00","wyrko rodzinne","Turbo Śpiochy","128578","Vamos","128714","3:2","3","2","117","113","baza_2_4.csv","2.4|922574"
"164","2.4","922575","2026-03-22 19:00","QUEERTISONEK","QUEERTISONEK TEAM","131147","Sivass-Pol De Mare","128794","0:3","0","3","56","75","baza_2_4.csv","2.4|922575"
"164","2.4","922576","2026-03-22 19:00","Kentucky Coffee Roasters Arena","KS Kawoholicy","131724","Pioruny  i Grzmoty","130966","1:3","1","3","91","98","baza_2_4.csv","2.4|922576"
"164","3.1","922809","2026-03-22 17:00","Nati Memorial Hall","⭐ Nati ⭐ 1995 ⭐  ∞  ⭐","130585","Team Spiryt Chorzów","130958","2:3","2","3","98","96","baza_3_1.csv","3.1|922809"
"164","3.1","922810","2026-03-22 17:00","TU Arena","TaUrsy","130537","Bochotnica Celtics","128639","0:3","0","3","3","75","baza_3_1.csv","3.1|922810"
"164","3.1","922811","2026-03-22 17:00","Bździochy Arena","PGE Bubisie Bździochy","130773","Korporacja Gwiazd Bezrobocia","128595","3:2","3","2","106","106","baza_3_1.csv","3.1|922811"
"164","3.1","922812","2026-03-22 17:00","Kamienieckie Doły","Cargo Kamieniec Ząbkowicki","151049","Cicely","128704","3:0","3","0","75","43","baza_3_1.csv","3.1|922812"
"164","3.1","922813","2026-03-22 17:00","Avengers Arena","Avengers","130920","SRS Katarina","137403","0:3","0","3","62","76","baza_3_1.csv","3.1|922813"
"164","3.1","922814","2026-03-22 17:00","Renifers Hall","Renifers","128675","Team :: Ownz Ya!","130572","3:0","3","0","75","53","baza_3_1.csv","3.1|922814"
"164","3.1","922815","2026-03-22 17:00","Rohan","Drużyna Pierścienia","141064","Zaksa Kędzierzyn - Koźle","131200","3:0","3","0","75","16","baza_3_1.csv","3.1|922815"
"164","3.1","922816","2026-03-22 17:00","Volley Arena","Vollley Rybnik","137468","Orzeł Grzędzice","128728","3:1","3","1","99","70","baza_3_1.csv","3.1|922816"
"164","3.2","923049","2026-03-22 17:00","DZIK ŁÓDŹ ARENA","JTCNW Łódź","131093","Maliniaczki","131020","0:3","0","3","64","76","baza_3_2.csv","3.2|923049"
"164","3.2","923050","2026-03-22 17:00","Urania Olsztyn","ChudyTeam","130535","ChlopkiTeam","128606","3:1","3","1","86","81","baza_3_2.csv","3.2|923050"
"164","3.2","923051","2026-03-22 17:00","Kaźmierzanka","Plas Kaźmierz","137421","Czarne plamy","128655","0:3","0","3","43","75","baza_3_2.csv","3.2|923051"
"164","3.2","923052","2026-03-22 17:00","Storm","WIPP Thunder","128672","Fiorentina Nakło","130905","0:3","0","3","44","75","baza_3_2.csv","3.2|923052"
"164","3.2","923053","2026-03-22 17:00","Hala Sportowa","Siatka Krzemieniewo","128597","Nocne Potwory","128803","1:3","1","3","98","102","baza_3_2.csv","3.2|923053"
"164","3.2","923054","2026-03-22 17:00","Palau Blaugrana","CVB Barça","141012","VC  Ziębka Team","130503","0:3","0","3","16","75","baza_3_2.csv","3.2|923054"
"164","3.2","923055","2026-03-22 17:00","ARENA KENTUCKY","GALACTICOS FC","131018","Huragan Białobrzegi","131065","1:3","1","3","76","96","baza_3_2.csv","3.2|923055"
"164","3.2","923056","2026-03-22 17:00","WKS Kielno Arena","Wiejski Klub Kielno","130498","Zegrze Nieporęt","131194","0:3","0","3","11","75","baza_3_2.csv","3.2|923056"
"164","3.3","923289","2026-03-22 17:00","Jeżodrom","Jeżomyszy🦔z Marsa🪐","130972","Phoenix Fire","128687","2:3","2","3","108","105","baza_3_3.csv","3.3|923289"
"164","3.3","923290","2026-03-22 17:00","Urania","Bad Boys Team","128706","Mazaki VC","131006","0:3","0","3","53","75","baza_3_3.csv","3.3|923290"
"164","3.3","923291","2026-03-22 17:00","Ale co","Ale co","128694","DragonGAYS Polska","130705","2:3","2","3","103","98","baza_3_3.csv","3.3|923291"
"164","3.3","923292","2026-03-22 17:00","NWWALC Stadium","OFIME Targówek","131746","RG Olsztyn","128652","3:1","3","1","85","76","baza_3_3.csv","3.3|923292"
"164","3.3","923293","2026-03-22 17:00","KOCIOŁ","!STAL NYSA","130728","NiuniuTeam","137395","0:3","0","3","59","75","baza_3_3.csv","3.3|923293"
"164","3.3","923294","2026-03-22 17:00","Meduza","KS Zamienie","141062","Drink Team","141020","3:0","3","0","75","38","baza_3_3.csv","3.3|923294"
"164","3.3","923295","2026-03-22 17:00","Misieniechce Radom Arena","FC Misieniechce Radom","130676","Zduńska Wola Team","128640","0:3","0","3","30","75","baza_3_3.csv","3.3|923295"
"164","3.3","923296","2026-03-22 17:00","Milenium MOSIR","Kotwica Kołobrzeg","128801","RINZLER","128627","3:0","3","0","75","48","baza_3_3.csv","3.3|923296"
"164","3.4","923529","2026-03-22 17:00","Cytrynowe Pandemonium","Sycylijskie Cytryniaki","130704","Valiant Boys","130826","3:0","3","0","75","37","baza_3_4.csv","3.4|923529"
"164","3.4","923530","2026-03-22 17:00","Los Rakos arena","Los Rakos","137449","eŁKSa1908","130836","2:3","2","3","103","104","baza_3_4.csv","3.4|923530"
"164","3.4","923531","2026-03-22 17:00","Trefl Arena","Trefl","131199","Smoczy Gród","131131","0:3","0","3","60","75","baza_3_4.csv","3.4|923531"
"164","3.4","923532","2026-03-22 17:00","Leszczyny arena","Volley Leszczyny","137412","Trefl Gdańsk Pomorze","130509","0:3","0","3","62","76","baza_3_4.csv","3.4|923532"
"164","3.4","923533","2026-03-22 17:00","toto","toto","128731","SST SPORTUR GMINA ŁAŃCUT","128795","0:3","0","3","7","75","baza_3_4.csv","3.4|923533"
"164","3.4","923534","2026-03-22 17:00","Podpromie","Asseco Resovia","131163","IKS Konstancin - Jeziorna","131223","0:3","0","3","48","75","baza_3_4.csv","3.4|923534"
"164","3.4","923535","2026-03-22 17:00","Urania","Choroszcza Olsztyn","130774","KS Świt Baranowo","128589","1:3","1","3","84","93","baza_3_4.csv","3.4|923535"
"164","3.4","923536","2026-03-22 17:00","Pod niebem u Henia","Potok city","140815","PIAST Strzelce Opolskie","130555","3:0","3","0","78","68","baza_3_4.csv","3.4|923536"
"164","3.5","923769","2026-03-22 17:00","Ninjutsu Arena 2024","S-Ninjas","130582","KKS Kaszubia Kościerzyna","128786","1:3","1","3","87","94","baza_3_5.csv","3.5|923769"
"164","3.5","923770","2026-03-22 17:00","Volley Arena","SKS Iłżanka Baranów","128715","OPOLE","130500","2:3","2","3","109","113","baza_3_5.csv","3.5|923770"
"164","3.5","923771","2026-03-22 17:00","H69","VC BORDER","128622","PGE Skra Poznań","130781","1:3","1","3","73","95","baza_3_5.csv","3.5|923771"
"164","3.5","923772","2026-03-22 17:00","Arena Krosno","Iskra Krosno","128667","CAMORRA VC","130516","0:3","0","3","53","75","baza_3_5.csv","3.5|923772"
"164","3.5","923773","2026-03-22 17:00","MOSiR LIPUSZ","RafaTeam Lipusz","130561","KSW7","140968","2:3","2","3","105","106","baza_3_5.csv","3.5|923773"
"164","3.5","923774","2026-03-22 17:00","Public Enemies","Kosmiczne Mandarynki","128609","Aniołki Toruń","130820","3:1","3","1","96","54","baza_3_5.csv","3.5|923774"
"164","3.5","923775","2026-03-22 17:00","ULTRAS ARENA","ULTRAS-PL","130527","AKS VOLLEY  DOBRA","141110","0:3","0","3","30","75","baza_3_5.csv","3.5|923775"
"164","3.5","923776","2026-03-22 17:00","Hala Sportowa AKS","AKS Śliw@","128584","Bart Thorn","130726","3:2","3","2","101","89","baza_3_5.csv","3.5|923776"
"164","3.6","924009","2026-03-22 17:00","Olle hall","Victoria Wałbrzych","128774","Projekt Słomin","128700","3:2","3","2","107","105","baza_3_6.csv","3.6|924009"
"164","3.6","924010","2026-03-22 17:00","Arena Siemianowice","MKS Siemianowice","128799","Black Smoke","137347","3:1","3","1","92","80","baza_3_6.csv","3.6|924010"
"164","3.6","924011","2026-03-22 17:00","HSW Jastrzębie Zdrój","KS Jastrzębie","130545","Groszowice Soreide","130604","0:3","0","3","49","75","baza_3_6.csv","3.6|924011"
"164","3.6","924012","2026-03-22 17:00","Strongman Arena","RTS.Strongman Małecz","130601","Browary Hills","130979","1:3","1","3","79","98","baza_3_6.csv","3.6|924012"
"164","3.6","924013","2026-03-22 17:00","Ikjas Arena","Ikjas Toruń","131062","Twierdza Teodorówka","130591","1:3","1","3","72","98","baza_3_6.csv","3.6|924013"
"164","3.6","924014","2026-03-22 17:00","Boisko na polu","Young Team Reaktywacja","140951","KS Limanowa","140814","3:0","3","0","75","14","baza_3_6.csv","3.6|924014"
"164","3.6","924015","2026-03-22 17:00","KCKiS","Kudowianka Kudowa-Zdrój","131235","Są Gorsi","130693","3:0","3","0","75","28","baza_3_6.csv","3.6|924015"
"164","3.6","924016","2026-03-22 17:00","Puszcza","Pogoń Żubr","130564","SMS Rzeszów","137337","3:0","3","0","75","23","baza_3_6.csv","3.6|924016"
"164","3.7","924249","2026-03-22 17:00","Spodek Viadukt","Volania Jeleninhos","131141","Stocznia Gdańsk","130595","0:3","0","3","55","75","baza_3_7.csv","3.7|924249"
"164","3.7","924250","2026-03-22 17:00","Meteora Arena","Linkin Park United","130617","AZS Politechnika Poznańska","128759","3:0","3","0","79","64","baza_3_7.csv","3.7|924250"
"164","3.7","924251","2026-03-22 17:00","KZN","KZN","131229","Mighty Bears","130513","3:0","3","0","75","60","baza_3_7.csv","3.7|924251"
"164","3.7","924252","2026-03-22 17:00","Immobile Łuczniczka","BKS Visła Bydgoszcz","131284","Latające Dżdżownice","140796","2:3","2","3","93","101","baza_3_7.csv","3.7|924252"
"164","3.7","924253","2026-03-22 17:00","Hala Orłów","Orły","137486","Ghrum","130784","3:2","3","2","111","91","baza_3_7.csv","3.7|924253"
"164","3.7","924254","2026-03-22 17:00","GROZA","Dąbrowskie Pioruny","140781","LKS Rotavia Nieporęt","128730","0:3","0","3","15","75","baza_3_7.csv","3.7|924254"
"164","3.7","924255","2026-03-22 17:00","Arena Wielkoludów","Błysk2","131225","Dyliżans Brzózka","137454","0:3","0","3","58","75","baza_3_7.csv","3.7|924255"
"164","3.7","924256","2026-03-22 17:00","Janów Darbaz","SDJ Janów","131251","FFP Virtual Volley","130573","3:0","3","0","75","15","baza_3_7.csv","3.7|924256"
"164","3.8","924489","2026-03-22 17:00","Tylmanowa Arena","Aptekarz Tylmanowa","128720","Stilon Gorzów","130891","0:3","0","3","60","79","baza_3_8.csv","3.8|924489"
"164","3.8","924490","2026-03-22 17:00","Kolonia Arena","Volley Królewscy Jedlnia","130524","PGE GIEK Skra Bełchatów","130721","3:0","3","0","75","49","baza_3_8.csv","3.8|924490"
"164","3.8","924491","2026-03-22 17:00","Na Hasioku","Jang Tim","128677","Budowlani Łódź","128736","0:3","0","3","50","75","baza_3_8.csv","3.8|924491"
"164","3.8","924492","2026-03-22 17:00","Hell","Przebój Wolbrom","130621","Rockers Wrocław","128605","2:3","2","3","95","94","baza_3_8.csv","3.8|924492"
"164","3.8","924493","2026-03-22 17:00","Arena Toruń","Anioły Toruń","130514","Fc Kiciusie","140744","2:3","2","3","98","96","baza_3_8.csv","3.8|924493"
"164","3.8","924494","2026-03-22 17:00","HALA CENTRUM","MKS Dąbrowa Górnicza","128800","KndSynu Cios","137411","1:3","1","3","90","103","baza_3_8.csv","3.8|924494"
"164","3.8","924495","2026-03-22 17:00","zAKSA ARENA","ZAKSA ŚWINOUJŚCIE","130896","AZS PRIME Olsztyn","137361","3:2","3","2","115","85","baza_3_8.csv","3.8|924495"
"164","3.8","924496","2026-03-22 17:00","Fc","Fc Albatros","131276","Dallas Mavericks","128666","3:0","3","0","75","26","baza_3_8.csv","3.8|924496"
"164","3.9","924729","2026-03-22 17:00","VST Hala Sportowa","Volleyball Szubin Team","128579","Volley Team Piotrków Tryb.","128724","3:0","3","0","75","43","baza_3_9.csv","3.9|924729"
"164","3.9","924730","2026-03-22 17:00","Volley Citadel","Spartans Volley","130930","ActiVeTeam","128702","0:3","0","3","68","75","baza_3_9.csv","3.9|924730"
"164","3.9","924731","2026-03-22 17:00","OSiR","Zaksa Mszczonów","130593","ZYX","131059","1:3","1","3","78","97","baza_3_9.csv","3.9|924731"
"164","3.9","924732","2026-03-22 17:00","Bonito Arena","Joga Bonito","137493","Zamek Golub-Dobrzyń","131227","1:3","1","3","74","79","baza_3_9.csv","3.9|924732"
"164","3.9","924733","2026-03-22 17:00","Hall of Glory","Galaxia Kwielice","130973","Sardegna Volley","137467","2:3","2","3","96","107","baza_3_9.csv","3.9|924733"
"164","3.9","924734","2026-03-22 17:00","SGS Arena","SGS Goleniów","137350","SBX TEAM","140751","3:0","3","0","75","38","baza_3_9.csv","3.9|924734"
"164","3.9","924735","2026-03-22 17:00","DORCAN","GSY","130525","Jagiellonia Białystok","140856","3:0","3","0","75","46","baza_3_9.csv","3.9|924735"
"164","3.9","924736","2026-03-22 17:00","Golasowice","Flying Spiders","140867","Czarni Piasek","128752","2:3","2","3","103","113","baza_3_9.csv","3.9|924736"
"164","3.10","924969","2026-03-22 17:00","Crucible","Bydgoszcz Baki","128616","JednakGramy","128768","3:1","3","1","99","79","baza_3_10.csv","3.10|924969"
"164","3.10","924970","2026-03-22 17:00","Stadion Złotych Orłów","Złote Orły","131740","TKS Jelenie Studzienki","130939","1:3","1","3","82","95","baza_3_10.csv","3.10|924970"
"164","3.10","924971","2026-03-22 17:00","Arena Baranów","KS Strużanka Baranów","130994","Polish Wolves","131258","3:1","3","1","96","94","baza_3_10.csv","3.10|924971"
"164","3.10","924972","2026-03-22 17:00","Osyra Stadion","GPT Mysłowice","128747","Pancio","128750","0:3","0","3","52","75","baza_3_10.csv","3.10|924972"
"164","3.10","924973","2026-03-22 17:00","Fire Ball Arena","Hot Volley Nysa","128630","Kopernik Toruń","130739","3:0","3","0","75","60","baza_3_10.csv","3.10|924973"
"164","3.10","924974","2026-03-22 17:00","Hala Urania","Indykpol AZS Olsztyn","128620","TSW Wisła Kraków","151056","0:3","0","3","63","77","baza_3_10.csv","3.10|924974"
"164","3.10","924975","2026-03-22 17:00","AWZAN 271","KK271","141054","Tigers","128634","3:0","3","0","75","31","baza_3_10.csv","3.10|924975"
"164","3.10","924976","2026-03-22 17:00","ŁOWICZ ARENA","UKS BŁYSKAWICA ŁOWICZ","130699","BBTS Bielsko-Biała","137383","3:0","3","0","75","53","baza_3_10.csv","3.10|924976"
"164","3.11","925209","2026-03-22 17:00","Brute Force Arena","Brute Force","130978","Kolorowe Rumaki","131164","0:3","0","3","63","76","baza_3_11.csv","3.11|925209"
"164","3.11","925210","2026-03-22 17:00","Hala Chrupnięcia","AKS Andrut Kalisz 🧇","128789","Pogoń Portowcy","131768","1:3","1","3","75","96","baza_3_11.csv","3.11|925210"
"164","3.11","925211","2026-03-22 17:00","PauPau Arena","PauPau","140825","Latające Imadła","131022","3:2","3","2","107","109","baza_3_11.csv","3.11|925211"
"164","3.11","925212","2026-03-22 17:00","Szklanka Wódki xD","ScorpioN","128617","Seniorzy Wieluń","130519","1:3","1","3","86","97","baza_3_11.csv","3.11|925212"
"164","3.11","925213","2026-03-22 17:00","Kasztan","Kasztaniaki","131735","Team WWW","131066","3:0","3","0","76","61","baza_3_11.csv","3.11|925213"
"164","3.11","925214","2026-03-22 17:00","Hala Orzełek","Orzełki Team","137444","Enea PTPS Piła","128646","3:0","3","0","75","39","baza_3_11.csv","3.11|925214"
"164","3.11","925215","2026-03-22 17:00","Crusaders Hall","KS Crusaders","137439","NIELOTY GDAŃSK","130946","3:0","3","0","75","24","baza_3_11.csv","3.11|925215"
"164","3.11","925216","2026-03-22 17:00","Tujniczanka-Łosmanat","FC Łosarnia Tujsk","140910","Gwoździe","140812","3:0","3","0","75","18","baza_3_11.csv","3.11|925216"
"164","3.12","925449","2026-03-22 17:00","Hala Urania of City Olsztyn","Zawisza Olsztyn","128659","🌳Leśne Ludki🌳","131712","2:3","2","3","102","107","baza_3_12.csv","3.12|925449"
"164","3.12","925450","2026-03-22 17:00","Lesko Arena","Volley Master","130507","The Ops","131290","3:2","3","2","103","93","baza_3_12.csv","3.12|925450"
"164","3.12","925451","2026-03-22 17:00","Losir Luboń","Acapulco Stalion","128733","Ipsarion","140952","3:1","3","1","98","63","baza_3_12.csv","3.12|925451"
"164","3.12","925452","2026-03-22 17:00","Konarzewo Arena","KS Konarzewo","137342","300-stuSpartan","137376","3:1","3","1","90","80","baza_3_12.csv","3.12|925452"
"164","3.12","925453","2026-03-22 17:00","Masuria Palace","ARM Volley","137419","Yu-Gi-Oh!","131717","0:3","0","3","36","75","baza_3_12.csv","3.12|925453"
"164","3.12","925454","2026-03-22 17:00","Immobile Kowary","Olimpia Kowary","137420","Anię dopadła grypa","140870","3:0","3","0","75","40","baza_3_12.csv","3.12|925454"
"164","3.12","925455","2026-03-22 17:00","Arena Zawiercie","Warta Zawiercie","130562","Braniewo Volley","141119","3:0","3","0","75","43","baza_3_12.csv","3.12|925455"
"164","3.12","925456","2026-03-22 17:00","Aciu Hall","Aciu Team","131157","Lube Rzeszów","130863","0:3","0","3","24","75","baza_3_12.csv","3.12|925456"
"164","3.13","925689","2026-03-22 17:00","Progress Arena","ProgressTeam","128806","PolskieOrły","128769","0:3","0","3","29","75","baza_3_13.csv","3.13|925689"
"164","3.13","925690","2026-03-22 17:00","Im. Św. Qbiniego","Aleleble","128628","☣️ MY TU TEGO BAGNO 💩💩    🔝","130911","1:3","1","3","83","97","baza_3_13.csv","3.13|925690"
"164","3.13","925691","2026-03-22 17:00","Rat Arena","🐀Ratty Rattas🐀","128707","Brave Vikings","131709","1:3","1","3","84","96","baza_3_13.csv","3.13|925691"
"164","3.13","925692","2026-03-22 17:00","Lokomotiv Plzen","Raven","140853","Spartakus Radom","131248","0:3","0","3","57","75","baza_3_13.csv","3.13|925692"
"164","3.13","925693","2026-03-22 17:00","Szmulki","Szmulki","140963","MKS ŁĘCZYCA","128741","0:3","0","3","34","75","baza_3_13.csv","3.13|925693"
"164","3.13","925694","2026-03-22 17:00","Hala Cześniosko","LKS  ASERTO Trześń","131723","Red Devils","128725","3:0","3","0","77","60","baza_3_13.csv","3.13|925694"
"164","3.13","925695","2026-03-22 17:00","Leszno Arena","Unia Leszno","131196","Sędziowie Bydgoszcz","140960","3:0","3","0","75","6","baza_3_13.csv","3.13|925695"
"164","3.13","925696","2026-03-22 17:00","Olkop Arena","Trentino Młodzieszyn","128599","TwentyFive.pl","130518","0:3","0","3","9","75","baza_3_13.csv","3.13|925696"
"164","3.14","925929","2026-03-22 17:00","Old Trafford","KS Brzeziny","128710","III Piastowskie","130858","3:0","3","0","75","43","baza_3_14.csv","3.14|925929"
"164","3.14","925930","2026-03-22 17:00","Bebzol","Arbuzy i Kebaby","130611","Lajony Kingzz","131747","3:2","3","2","102","103","baza_3_14.csv","3.14|925930"
"164","3.14","925931","2026-03-22 17:00","pONczek Arena","pONczek Team","130540","Hit Happens","131734","0:3","0","3","50","75","baza_3_14.csv","3.14|925931"
"164","3.14","925932","2026-03-22 17:00","Mierzwice Arena","Mierzwicanka Mierzwice","130539","Shtosee volley team","128680","3:1","3","1","98","73","baza_3_14.csv","3.14|925932"
"164","3.14","925933","2026-03-22 17:00","Kubikownia","Kubiki","130510","Farciarze FC","128734","1:3","1","3","89","96","baza_3_14.csv","3.14|925933"
"164","3.14","925934","2026-03-22 17:00","Hala Grabów Stadium","KS GRABÓW","130543","Zryw","141102","0:3","0","3","38","75","baza_3_14.csv","3.14|925934"
"164","3.14","925935","2026-03-22 17:00","Energia","BT ENERGIA","137456","Kanzas Foxx","137481","3:0","3","0","75","35","baza_3_14.csv","3.14|925935"
"164","3.14","925936","2026-03-22 17:00","SANTIAGO BERNABEU","NTS NAKŁO NAD NOTECIĄ","128729","Skra Trzemeszno","131217","0:3","0","3","40","75","baza_3_14.csv","3.14|925936"
"164","3.15","926169","2026-03-22 17:00","Kabako Arena","Finlandia Opole Lubelskie","130910","G.T.S. Unia Choceń","128749","3:0","3","0","75","53","baza_3_15.csv","3.15|926169"
"164","3.15","926170","2026-03-22 17:00","Dobrzynianka","Victoria Dobra","131261","FC Świętopełka 🔥","128802","0:3","0","3","64","76","baza_3_15.csv","3.15|926170"
"164","3.15","926171","2026-03-22 17:00","JaqbArena","JaqbTeam","128695","Lech Sulechów","128625","3:2","3","2","108","88","baza_3_15.csv","3.15|926171"
"164","3.15","926172","2026-03-22 17:00","Makalamabedi","W124","137366","Makosiki","128780","0:3","0","3","42","75","baza_3_15.csv","3.15|926172"
"164","3.15","926173","2026-03-22 17:00","Hala Sportowa Okalew","KS Okalew","131073","Śląskie Burrito","131722","2:3","2","3","95","100","baza_3_15.csv","3.15|926173"
"164","3.15","926174","2026-03-22 17:00","Misiakowo","Gumi-Misie","131244","Ks Kedzierzyn","128713","3:1","3","1","98","89","baza_3_15.csv","3.15|926174"
"164","3.15","926175","2026-03-22 17:00","Ultras Hall","Fenix Siennica","130586","Wierzeje","141108","0:3","0","3","38","75","baza_3_15.csv","3.15|926175"
"164","3.15","926176","2026-03-22 17:00","Sportowa","LTS Feniks Leżajsk","141106","AZT Tytan Czestochowa","128743","0:3","0","3","28","75","baza_3_15.csv","3.15|926176"
"164","3.16","926409","2026-03-22 17:00","Arena wilków","Złote Wilki","128790","Blackburn Toruń","128601","0:3","0","3","50","75","baza_3_16.csv","3.16|926409"
"164","3.16","926410","2026-03-22 17:00","ZNhala","Znienacka team","130933","V-DRIFTERS","131254","3:0","3","0","75","47","baza_3_16.csv","3.16|926410"
"164","3.16","926411","2026-03-22 17:00","Camp Nou","Lance Armstrong","131718","AquaSharks","128771","2:3","2","3","106","105","baza_3_16.csv","3.16|926411"
"164","3.16","926412","2026-03-22 17:00","PRAFIL ARENA","PGJ Azoty","130845","sanah","131179","0:3","0","3","24","75","baza_3_16.csv","3.16|926412"
"164","3.16","926413","2026-03-22 17:00","HalaGT","GizoTeam","128693","La Vida Loca","131011","3:0","3","0","75","13","baza_3_16.csv","3.16|926413"
"164","3.16","926414","2026-03-22 17:00","San","Juve","131236","Gryf Policzna","140747","0:3","0","3","35","75","baza_3_16.csv","3.16|926414"
"164","3.16","926415","2026-03-22 17:00","Knights Arena","🪿⎛⎝( ` ᢍ ´ )⎠⎞ᵐᵘʰᵃʰᵃ🦇","131021","PKS Choszczno","140884","3:0","3","0","75","35","baza_3_16.csv","3.16|926415"
"164","3.16","926416","2026-03-22 17:00","Die Freie Stadt Danzig Sporthalle","Die Freie Stadt Danzig","130661","Zadar Głuchołazy","128664","3:0","3","0","75","42","baza_3_16.csv","3.16|926416"
"164","1.1","921601","2026-03-21 19:00","Hala Polonia","Go Tigers","128631","Dano Dream Team","130607","0:3","0","3","37","75","baza_1_1.csv","1.1|921601"
"164","1.1","921602","2026-03-21 19:00","Ergo Małomice","Penguin Małomice","128781","Incognito Volley","128619","1:3","1","3","86","97","baza_1_1.csv","1.1|921602"
"164","1.1","921603","2026-03-21 19:00","Arena W-W","Wratislawia Wrocław","128772","ZAKSA Bochotnica","128722","1:3","1","3","73","97","baza_1_1.csv","1.1|921603"
"164","1.1","921604","2026-03-21 19:00","Hala sportowa w Zduńskiej Woli","Volleyball Team Zduńska Wola","128603","DHARMA Initiative","128577","0:3","0","3","72","83","baza_1_1.csv","1.1|921604"
"164","1.1","921605","2026-03-21 19:00","Arena of Rzeplin","Tsunami Rzeplin","128717","Kuźnia Byków","130744","0:3","0","3","56","75","baza_1_1.csv","1.1|921605"
"164","1.1","921606","2026-03-21 19:00","Kanciapa u Tumaxa","Dzikie Rumaxy","128638","AKS Volley Łódź","131002","1:3","1","3","94","100","baza_1_1.csv","1.1|921606"
"164","1.1","921607","2026-03-21 19:00","Qweta","VC Kittens","128580","Pilica Koniecpol","130885","3:0","3","0","76","57","baza_1_1.csv","1.1|921607"
"164","1.1","921608","2026-03-21 19:00","Kudahuvadhoo 🏝️","Carplife 🇵🇱","130954","Smerfy","128764","3:0","3","0","75","59","baza_1_1.csv","1.1|921608"
"164","2.1","921841","2026-03-21 19:00","Pogro Arena","Pogromcy Gdańsk","131205","Velen Volleyball Club","128684","1:3","1","3","89","103","baza_2_1.csv","2.1|921841"
"164","2.1","921842","2026-03-21 19:00","Janów hall","Błyskawica Janów","131242","CYTRYNIEC CHIŃSKI","130809","3:1","3","1","89","85","baza_2_1.csv","2.1|921842"
"164","2.1","921843","2026-03-21 19:00","Hala 134","Libero Gorzków","128703","Celtic VC","128735","1:3","1","3","89","95","baza_2_1.csv","2.1|921843"
"164","2.1","921844","2026-03-21 19:00","7l z Pepsi Arena","Hydra VT Gdańsk","128612","Silver Arsenal","130505","3:0","3","0","75","55","baza_2_1.csv","2.1|921844"
"164","2.1","921845","2026-03-21 19:00","Szpil Plac u Gerusia","Young Team","128708","Sprzeda Mecz","128663","0:3","0","3","70","84","baza_2_1.csv","2.1|921845"
"164","2.1","921846","2026-03-21 19:00","Urania","CF Mleczne Olsztyn","128668","Smerfy z Rivii ⚔️⚔️🛡️","130934","3:1","3","1","88","78","baza_2_1.csv","2.1|921846"
"164","2.1","921847","2026-03-21 19:00","Field House","Miesiany Miesiany","128676","Saracens","128615","3:0","3","0","75","43","baza_2_1.csv","2.1|921847"
"164","2.1","921848","2026-03-21 19:00","LukArena","LukTeam","131134","Najlepsi z Najlepszych","130520","2:3","2","3","107","107","baza_2_1.csv","2.1|921848"
"164","2.2","922081","2026-03-21 19:00","Millennium Arena","Millennium Siemianowice","130955","Zakład Karny w Strzelinie","128751","2:3","2","3","109","97","baza_2_2.csv","2.2|922081"
"164","2.2","922082","2026-03-21 19:00","Piasterdam Stadium","AJAX PIASTY","130797","Ranczo Wilkowyje","130915","0:3","0","3","68","76","baza_2_2.csv","2.2|922082"
"164","2.2","922083","2026-03-21 19:00","Zimorodek","Nosmeisy","128686","Thorn Lynxes","131219","3:1","3","1","91","88","baza_2_2.csv","2.2|922083"
"164","2.2","922084","2026-03-21 19:00","Sisu Arena","Bydgoszcz Spartans","128726","👽Strażnicy Cienia👽","128711","3:2","3","2","108","97","baza_2_2.csv","2.2|922084"
"164","2.2","922085","2026-03-21 19:00","UMCS Hala Sportowa","Silver Sharks Lublin 🦈","128674","Rutz","130854","3:2","3","2","98","101","baza_2_2.csv","2.2|922085"
"164","2.2","922086","2026-03-21 19:00","Ursus Arena","RKS","128588","MAKDOM","128660","0:3","0","3","62","75","baza_2_2.csv","2.2|922086"
"164","2.2","922087","2026-03-21 19:00","LEGO Arena","Czorty Chorzów","130959","CSKA Mielec","128613","0:3","0","3","63","75","baza_2_2.csv","2.2|922087"
"164","2.2","922088","2026-03-21 19:00","Siatkarskie Podlasie","SiatkarskiePodlasie.pl","130565","UKS Olimp Ostrołęka","128604","1:3","1","3","80","97","baza_2_2.csv","2.2|922088"
"164","2.3","922321","2026-03-21 19:00","Hala Orbita","EnergiaPro Gwardia Wrocław","130757","Vikings","128756","2:3","2","3","104","105","baza_2_3.csv","2.3|922321"
"164","2.3","922322","2026-03-21 19:00","Hala Sportowa w Zabrzu","Zabrzański Górnik","128816","Projekt Warszawa","128614","3:0","3","0","75","56","baza_2_3.csv","2.3|922322"
"164","2.3","922323","2026-03-21 19:00","Karakanówka","Skoczne Karakany","130767","RCS Czarni Radom","128600","3:0","3","0","75","62","baza_2_3.csv","2.3|922323"
"164","2.3","922324","2026-03-21 19:00","Forteca Nakło","Stara Gwardia Nakło ⚔️","128688","Wściekłe Tygrysy","128782","0:3","0","3","60","75","baza_2_3.csv","2.3|922324"
"164","2.3","922325","2026-03-21 19:00","Polonijny młyn","Polonia Bytom","130871","Vernixo","128679","3:1","3","1","98","89","baza_2_3.csv","2.3|922325"
"164","2.3","922326","2026-03-21 19:00","Hala Gryfia","KKS Gryf Lębork","128809","Budowlani Nysa","130574","3:0","3","0","75","57","baza_2_3.csv","2.3|922326"
"164","2.3","922327","2026-03-21 19:00","Silver Pearl Stadium","KS Budowlani Kołacin 👷🏻","128629","🦣 KS MAMUTY 🦣","130549","3:1","3","1","98","80","baza_2_3.csv","2.3|922327"
"164","2.3","922328","2026-03-21 19:00","Hala im. TW Bolka","Bolek i lolek 🤙","128586","Karasuno","128635","3:1","3","1","97","88","baza_2_3.csv","2.3|922328"
"164","2.4","922561","2026-03-21 19:00","Olimp  Arena","Pioruny  i Grzmoty","130966","Unknown Team","128636","3:2","3","2","114","109","baza_2_4.csv","2.4|922561"
"164","2.4","922562","2026-03-21 19:00","Kentucky Coffee Roasters Arena","KS Kawoholicy","131724","Sivass-Pol De Mare","128794","1:3","1","3","81","98","baza_2_4.csv","2.4|922562"
"164","2.4","922563","2026-03-21 19:00","QUEERTISONEK","QUEERTISONEK TEAM","131147","Vamos","128714","3:2","3","2","115","100","baza_2_4.csv","2.4|922563"
"164","2.4","922564","2026-03-21 19:00","wyrko rodzinne","Turbo Śpiochy","128578","BH STAL MIELEC","130769","2:3","2","3","101","105","baza_2_4.csv","2.4|922564"
"164","2.4","922565","2026-03-21 19:00","Alpha Arena","Alpha","131086","Fc MiSieNieChce","130908","3:0","3","0","75","32","baza_2_4.csv","2.4|922565"
"164","2.4","922566","2026-03-21 19:00","BKS ARENA","BKS Białystok","128644","Bystra Bochotnica","128657","3:1","3","1","91","80","baza_2_4.csv","2.4|922566"
"164","2.4","922567","2026-03-21 19:00","Mozt","TEXańska Masakra Piłą Ręczną","131293","Ohana Gliwice","130945","3:1","3","1","108","100","baza_2_4.csv","2.4|922567"
"164","2.4","922568","2026-03-21 19:00","we no WHO U r","massive dongs","128592","kiczan team zduńska wola","128596","0:3","0","3","57","77","baza_2_4.csv","2.4|922568"
"164","3.1","922801","2026-03-21 17:00","Gniazdo","Orzeł Grzędzice","128728","Team Spiryt Chorzów","130958","0:3","0","3","29","75","baza_3_1.csv","3.1|922801"
"164","3.1","922802","2026-03-21 17:00","Volley Arena","Vollley Rybnik","137468","Zaksa Kędzierzyn - Koźle","131200","3:0","3","0","75","24","baza_3_1.csv","3.1|922802"
"164","3.1","922803","2026-03-21 17:00","Rohan","Drużyna Pierścienia","141064","Team :: Ownz Ya!","130572","2:3","2","3","109","91","baza_3_1.csv","3.1|922803"
"164","3.1","922804","2026-03-21 17:00","Renifers Hall","Renifers","128675","SRS Katarina","137403","1:3","1","3","76","95","baza_3_1.csv","3.1|922804"
"164","3.1","922805","2026-03-21 17:00","Avengers Arena","Avengers","130920","Cargo Kamieniec Ząbkowicki","151049","0:3","0","3","57","77","baza_3_1.csv","3.1|922805"
"164","3.1","922806","2026-03-21 17:00","Cicely Arena","Cicely","128704","Korporacja Gwiazd Bezrobocia","128595","1:3","1","3","68","93","baza_3_1.csv","3.1|922806"
"164","3.1","922807","2026-03-21 17:00","TU Arena","TaUrsy","130537","PGE Bubisie Bździochy","130773","0:3","0","3","9","75","baza_3_1.csv","3.1|922807"
"164","3.1","922808","2026-03-21 17:00","Celtics Hall","Bochotnica Celtics","128639","⭐ Nati ⭐ 1995 ⭐  ∞  ⭐","130585","0:3","0","3","68","78","baza_3_1.csv","3.1|922808"
"164","3.2","923041","2026-03-21 17:00","Lake Arena","Zegrze Nieporęt","131194","Maliniaczki","131020","0:3","0","3","53","77","baza_3_2.csv","3.2|923041"
"164","3.2","923042","2026-03-21 17:00","WKS Kielno Arena","Wiejski Klub Kielno","130498","Huragan Białobrzegi","131065","0:3","0","3","33","75","baza_3_2.csv","3.2|923042"
"164","3.2","923043","2026-03-21 17:00","ARENA KENTUCKY","GALACTICOS FC","131018","VC  Ziębka Team","130503","0:3","0","3","25","75","baza_3_2.csv","3.2|923043"
"164","3.2","923044","2026-03-21 17:00","Palau Blaugrana","CVB Barça","141012","Nocne Potwory","128803","0:3","0","3","19","75","baza_3_2.csv","3.2|923044"
"164","3.2","923045","2026-03-21 17:00","Hala Sportowa","Siatka Krzemieniewo","128597","WIPP Thunder","128672","2:3","2","3","107","111","baza_3_2.csv","3.2|923045"
"164","3.2","923046","2026-03-21 17:00","LZS ARENA","Fiorentina Nakło","130905","Czarne plamy","128655","0:3","0","3","58","75","baza_3_2.csv","3.2|923046"
"164","3.2","923047","2026-03-21 17:00","Urania Olsztyn","ChudyTeam","130535","Plas Kaźmierz","137421","3:0","3","0","75","49","baza_3_2.csv","3.2|923047"
"164","3.2","923048","2026-03-21 17:00","Arena Chłopów","ChlopkiTeam","128606","JTCNW Łódź","131093","3:0","3","0","75","54","baza_3_2.csv","3.2|923048"
"164","3.3","923281","2026-03-21 17:00","RINLZER ARENA","RINZLER","128627","Phoenix Fire","128687","0:3","0","3","25","75","baza_3_3.csv","3.3|923281"
"164","3.3","923282","2026-03-21 17:00","Milenium MOSIR","Kotwica Kołobrzeg","128801","Zduńska Wola Team","128640","3:0","3","0","75","15","baza_3_3.csv","3.3|923282"
"164","3.3","923283","2026-03-21 17:00","Misieniechce Radom Arena","FC Misieniechce Radom","130676","Drink Team","141020","0:3","0","3","38","75","baza_3_3.csv","3.3|923283"
"164","3.3","923284","2026-03-21 17:00","Meduza","KS Zamienie","141062","NiuniuTeam","137395","0:3","0","3","24","75","baza_3_3.csv","3.3|923284"
"164","3.3","923285","2026-03-21 17:00","KOCIOŁ","!STAL NYSA","130728","OFIME Targówek","131746","3:1","3","1","92","72","baza_3_3.csv","3.3|923285"
"164","3.3","923286","2026-03-21 17:00","RG Arena","RG Olsztyn","128652","DragonGAYS Polska","130705","1:3","1","3","85","93","baza_3_3.csv","3.3|923286"
"164","3.3","923287","2026-03-21 17:00","Urania","Bad Boys Team","128706","Ale co","128694","0:3","0","3","62","80","baza_3_3.csv","3.3|923287"
"164","3.3","923288","2026-03-21 17:00","Mazakowa hala sportowa","Mazaki VC","131006","Jeżomyszy🦔z Marsa🪐","130972","1:3","1","3","69","95","baza_3_3.csv","3.3|923288"
"164","3.4","923521","2026-03-21 17:00","Strzelce Opolskie Arena","PIAST Strzelce Opolskie","130555","Valiant Boys","130826","0:3","0","3","50","75","baza_3_4.csv","3.4|923521"
"164","3.4","923522","2026-03-21 17:00","Pod niebem u Henia","Potok city","140815","KS Świt Baranowo","128589","1:3","1","3","68","96","baza_3_4.csv","3.4|923522"
"164","3.4","923523","2026-03-21 17:00","Urania","Choroszcza Olsztyn","130774","IKS Konstancin - Jeziorna","131223","3:0","3","0","75","34","baza_3_4.csv","3.4|923523"
"164","3.4","923524","2026-03-21 17:00","Podpromie","Asseco Resovia","131163","SST SPORTUR GMINA ŁAŃCUT","128795","0:3","0","3","12","75","baza_3_4.csv","3.4|923524"
"164","3.4","923525","2026-03-21 17:00","toto","toto","128731","Volley Leszczyny","137412","0:3","0","3","14","75","baza_3_4.csv","3.4|923525"
"164","3.4","923526","2026-03-21 17:00","Aqua Baltic Arena","Trefl Gdańsk Pomorze","130509","Smoczy Gród","131131","0:3","0","3","60","76","baza_3_4.csv","3.4|923526"
"164","3.4","923527","2026-03-21 17:00","Los Rakos arena","Los Rakos","137449","Trefl","131199","3:0","3","0","75","45","baza_3_4.csv","3.4|923527"
"164","3.4","923528","2026-03-21 17:00","Ultras1908","eŁKSa1908","130836","Sycylijskie Cytryniaki","130704","3:1","3","1","101","85","baza_3_4.csv","3.4|923528"
"164","3.5","923761","2026-03-21 17:00","Thorn Hall","Bart Thorn","130726","KKS Kaszubia Kościerzyna","128786","0:3","0","3","38","75","baza_3_5.csv","3.5|923761"
"164","3.5","923762","2026-03-21 17:00","Hala Sportowa AKS","AKS Śliw@","128584","AKS VOLLEY  DOBRA","141110","3:0","3","0","75","53","baza_3_5.csv","3.5|923762"
"164","3.5","923763","2026-03-21 17:00","ULTRAS ARENA","ULTRAS-PL","130527","Aniołki Toruń","130820","3:2","3","2","98","100","baza_3_5.csv","3.5|923763"
"164","3.5","923764","2026-03-21 17:00","Public Enemies","Kosmiczne Mandarynki","128609","KSW7","140968","0:3","0","3","43","75","baza_3_5.csv","3.5|923764"
"164","3.5","923765","2026-03-21 17:00","MOSiR LIPUSZ","RafaTeam Lipusz","130561","Iskra Krosno","128667","1:3","1","3","66","91","baza_3_5.csv","3.5|923765"
"164","3.5","923766","2026-03-21 17:00","Halaaa","CAMORRA VC","130516","PGE Skra Poznań","130781","0:3","0","3","57","75","baza_3_5.csv","3.5|923766"
"164","3.5","923767","2026-03-21 17:00","Volley Arena","SKS Iłżanka Baranów","128715","VC BORDER","128622","3:0","3","0","75","46","baza_3_5.csv","3.5|923767"
"164","3.5","923768","2026-03-21 17:00","OPOLE_ARENA","OPOLE","130500","S-Ninjas","130582","0:3","0","3","73","82","baza_3_5.csv","3.5|923768"
"164","3.6","924001","2026-03-21 17:00","Podpromie","SMS Rzeszów","137337","Projekt Słomin","128700","0:3","0","3","13","75","baza_3_6.csv","3.6|924001"
"164","3.6","924002","2026-03-21 17:00","Puszcza","Pogoń Żubr","130564","Są Gorsi","130693","3:0","3","0","75","33","baza_3_6.csv","3.6|924002"
"164","3.6","924003","2026-03-21 17:00","KCKiS","Kudowianka Kudowa-Zdrój","131235","KS Limanowa","140814","3:0","3","0","75","13","baza_3_6.csv","3.6|924003"
"164","3.6","924004","2026-03-21 17:00","Boisko na polu","Young Team Reaktywacja","140951","Twierdza Teodorówka","130591","1:3","1","3","61","90","baza_3_6.csv","3.6|924004"
"164","3.6","924005","2026-03-21 17:00","Ikjas Arena","Ikjas Toruń","131062","RTS.Strongman Małecz","130601","2:3","2","3","100","108","baza_3_6.csv","3.6|924005"
"164","3.6","924006","2026-03-21 17:00","Browar","Browary Hills","130979","Groszowice Soreide","130604","0:3","0","3","43","75","baza_3_6.csv","3.6|924006"
"164","3.6","924007","2026-03-21 17:00","Arena Siemianowice","MKS Siemianowice","128799","KS Jastrzębie","130545","3:0","3","0","75","50","baza_3_6.csv","3.6|924007"
"164","3.6","924008","2026-03-21 17:00","The Others Arena","Black Smoke","137347","Victoria Wałbrzych","128774","1:3","1","3","79","91","baza_3_6.csv","3.6|924008"
"164","3.7","924241","2026-03-21 17:00","FFP Arena","FFP Virtual Volley","130573","Stocznia Gdańsk","130595","0:3","0","3","22","75","baza_3_7.csv","3.7|924241"
"164","3.7","924242","2026-03-21 17:00","Janów Darbaz","SDJ Janów","131251","Dyliżans Brzózka","137454","0:3","0","3","57","75","baza_3_7.csv","3.7|924242"
"164","3.7","924243","2026-03-21 17:00","Arena Wielkoludów","Błysk2","131225","LKS Rotavia Nieporęt","128730","3:1","3","1","96","74","baza_3_7.csv","3.7|924243"
"164","3.7","924244","2026-03-21 17:00","GROZA","Dąbrowskie Pioruny","140781","Ghrum","130784","0:3","0","3","33","75","baza_3_7.csv","3.7|924244"
"164","3.7","924245","2026-03-21 17:00","Hala Orłów","Orły","137486","BKS Visła Bydgoszcz","131284","0:3","0","3","55","80","baza_3_7.csv","3.7|924245"
"164","3.7","924246","2026-03-21 17:00","Spulchniona Ziemia","Latające Dżdżownice","140796","Mighty Bears","130513","3:0","3","0","75","37","baza_3_7.csv","3.7|924246"
"164","3.7","924247","2026-03-21 17:00","Meteora Arena","Linkin Park United","130617","KZN","131229","3:1","3","1","94","81","baza_3_7.csv","3.7|924247"
"164","3.7","924248","2026-03-21 17:00","Hala PP Piotrowo","AZS Politechnika Poznańska","128759","Volania Jeleninhos","131141","2:3","2","3","101","102","baza_3_7.csv","3.7|924248"
"164","3.8","924481","2026-03-21 17:00","Américain Airlines Center","Dallas Mavericks","128666","Stilon Gorzów","130891","0:3","0","3","17","75","baza_3_8.csv","3.8|924481"
"164","3.8","924482","2026-03-21 17:00","Fc","Fc Albatros","131276","AZS PRIME Olsztyn","137361","3:0","3","0","75","36","baza_3_8.csv","3.8|924482"
"164","3.8","924483","2026-03-21 17:00","zAKSA ARENA","ZAKSA ŚWINOUJŚCIE","130896","KndSynu Cios","137411","0:3","0","3","34","75","baza_3_8.csv","3.8|924483"
"164","3.8","924484","2026-03-21 17:00","HALA CENTRUM","MKS Dąbrowa Górnicza","128800","Fc Kiciusie","140744","3:0","3","0","76","58","baza_3_8.csv","3.8|924484"
"164","3.8","924485","2026-03-21 17:00","Arena Toruń","Anioły Toruń","130514","Przebój Wolbrom","130621","0:3","0","3","23","75","baza_3_8.csv","3.8|924485"
"164","3.8","924486","2026-03-21 17:00","Rock Arena","Rockers Wrocław","128605","Budowlani Łódź","128736","0:3","0","3","50","75","baza_3_8.csv","3.8|924486"
"164","3.8","924487","2026-03-21 17:00","Kolonia Arena","Volley Królewscy Jedlnia","130524","Jang Tim","128677","3:0","3","0","75","42","baza_3_8.csv","3.8|924487"
"164","3.8","924488","2026-03-21 17:00","Hala Energia","PGE GIEK Skra Bełchatów","130721","Aptekarz Tylmanowa","128720","1:3","1","3","77","85","baza_3_8.csv","3.8|924488"
"164","3.9","924721","2026-03-21 17:00","Malinowa home","Czarni Piasek","128752","Volley Team Piotrków Tryb.","128724","0:3","0","3","19","75","baza_3_9.csv","3.9|924721"
"164","3.9","924722","2026-03-21 17:00","Golasowice","Flying Spiders","140867","Jagiellonia Białystok","140856","1:3","1","3","84","96","baza_3_9.csv","3.9|924722"
"164","3.9","924723","2026-03-21 17:00","DORCAN","GSY","130525","SBX TEAM","140751","0:3","0","3","54","76","baza_3_9.csv","3.9|924723"
"164","3.9","924724","2026-03-21 17:00","SGS Arena","SGS Goleniów","137350","Sardegna Volley","137467","3:0","3","0","75","53","baza_3_9.csv","3.9|924724"
"164","3.9","924725","2026-03-21 17:00","Hall of Glory","Galaxia Kwielice","130973","Joga Bonito","137493","3:2","3","2","91","101","baza_3_9.csv","3.9|924725"
"164","3.9","924726","2026-03-21 17:00","OSiR Golub-Dobrzyń","Zamek Golub-Dobrzyń","131227","ZYX","131059","2:3","2","3","91","112","baza_3_9.csv","3.9|924726"
"164","3.9","924727","2026-03-21 17:00","Volley Citadel","Spartans Volley","130930","Zaksa Mszczonów","130593","3:1","3","1","100","74","baza_3_9.csv","3.9|924727"
"164","3.9","924728","2026-03-21 17:00","HalaAT","ActiVeTeam","128702","Volleyball Szubin Team","128579","3:2","3","2","105","108","baza_3_9.csv","3.9|924728"
"164","3.10","924961","2026-03-21 17:00","Hala Widowiskowa BBOSiR","BBTS Bielsko-Biała","137383","JednakGramy","128768","0:3","0","3","23","75","baza_3_10.csv","3.10|924961"
"164","3.10","924962","2026-03-21 17:00","ŁOWICZ ARENA","UKS BŁYSKAWICA ŁOWICZ","130699","Tigers","128634","3:0","3","0","75","29","baza_3_10.csv","3.10|924962"
"164","3.10","924963","2026-03-21 17:00","AWZAN 271","KK271","141054","TSW Wisła Kraków","151056","0:3","0","3","33","75","baza_3_10.csv","3.10|924963"
"164","3.10","924964","2026-03-21 17:00","Hala Urania","Indykpol AZS Olsztyn","128620","Kopernik Toruń","130739","0:3","0","3","48","75","baza_3_10.csv","3.10|924964"
"164","3.10","924965","2026-03-21 17:00","Fire Ball Arena","Hot Volley Nysa","128630","GPT Mysłowice","128747","3:1","3","1","103","83","baza_3_10.csv","3.10|924965"
"164","3.10","924966","2026-03-21 17:00","Osir","Pancio","128750","Polish Wolves","131258","0:3","0","3","51","76","baza_3_10.csv","3.10|924966"
"164","3.10","924967","2026-03-21 17:00","Stadion Złotych Orłów","Złote Orły","131740","KS Strużanka Baranów","130994","3:0","3","0","75","55","baza_3_10.csv","3.10|924967"
"164","3.10","924968","2026-03-21 17:00","Hala sportowa w Paterku ul. Kcyńska 6A","TKS Jelenie Studzienki","130939","Bydgoszcz Baki","128616","2:3","2","3","96","103","baza_3_10.csv","3.10|924968"
"164","3.11","925201","2026-03-21 17:00","Decha Arena","Gwoździe","140812","Kolorowe Rumaki","131164","0:3","0","3","11","75","baza_3_11.csv","3.11|925201"
"164","3.11","925202","2026-03-21 17:00","Tujniczanka-Łosmanat","FC Łosarnia Tujsk","140910","NIELOTY GDAŃSK","130946","3:0","3","0","75","23","baza_3_11.csv","3.11|925202"
"164","3.11","925203","2026-03-21 17:00","Crusaders Hall","KS Crusaders","137439","Enea PTPS Piła","128646","3:0","3","0","75","47","baza_3_11.csv","3.11|925203"
"164","3.11","925204","2026-03-21 17:00","Hala Orzełek","Orzełki Team","137444","Team WWW","131066","3:2","3","2","91","104","baza_3_11.csv","3.11|925204"
"164","3.11","925205","2026-03-21 17:00","Kasztan","Kasztaniaki","131735","ScorpioN","128617","0:3","0","3","47","75","baza_3_11.csv","3.11|925205"
"164","3.11","925206","2026-03-21 17:00","Arena Wieluń","Seniorzy Wieluń","130519","Latające Imadła","131022","1:3","1","3","84","95","baza_3_11.csv","3.11|925206"
"164","3.11","925207","2026-03-21 17:00","Hala Chrupnięcia","AKS Andrut Kalisz 🧇","128789","PauPau","140825","1:3","1","3","86","98","baza_3_11.csv","3.11|925207"
"164","3.11","925208","2026-03-21 17:00","Pogoń Arena","Pogoń Portowcy","131768","Brute Force","130978","3:0","3","0","75","48","baza_3_11.csv","3.11|925208"
"164","3.12","925441","2026-03-21 17:00","Niebieskie Piekło","Lube Rzeszów","130863","🌳Leśne Ludki🌳","131712","0:3","0","3","62","80","baza_3_12.csv","3.12|925441"
"164","3.12","925442","2026-03-21 17:00","Aciu Hall","Aciu Team","131157","Braniewo Volley","141119","0:3","0","3","27","75","baza_3_12.csv","3.12|925442"
"164","3.12","925443","2026-03-21 17:00","Arena Zawiercie","Warta Zawiercie","130562","Anię dopadła grypa","140870","3:0","3","0","75","27","baza_3_12.csv","3.12|925443"
"164","3.12","925444","2026-03-21 17:00","Immobile Kowary","Olimpia Kowary","137420","Yu-Gi-Oh!","131717","0:3","0","3","17","75","baza_3_12.csv","3.12|925444"
"164","3.12","925445","2026-03-21 17:00","Masuria Palace","ARM Volley","137419","KS Konarzewo","137342","1:3","1","3","78","102","baza_3_12.csv","3.12|925445"
"164","3.12","925446","2026-03-21 17:00","Sparta","300-stuSpartan","137376","Ipsarion","140952","1:3","1","3","87","99","baza_3_12.csv","3.12|925446"
"164","3.12","925447","2026-03-21 17:00","Lesko Arena","Volley Master","130507","Acapulco Stalion","128733","3:0","3","0","79","62","baza_3_12.csv","3.12|925447"
"164","3.12","925448","2026-03-21 17:00","Bagno","The Ops","131290","Zawisza Olsztyn","128659","2:3","2","3","107","105","baza_3_12.csv","3.12|925448"
"164","3.13","925681","2026-03-21 17:00","TwentyFive.pl","TwentyFive.pl","130518","PolskieOrły","128769","0:3","0","3","36","75","baza_3_13.csv","3.13|925681"
"164","3.13","925682","2026-03-21 17:00","Olkop Arena","Trentino Młodzieszyn","128599","Sędziowie Bydgoszcz","140960","3:0","3","0","75","27","baza_3_13.csv","3.13|925682"
"164","3.13","925683","2026-03-21 17:00","Leszno Arena","Unia Leszno","131196","Red Devils","128725","3:0","3","0","75","31","baza_3_13.csv","3.13|925683"
"164","3.13","925684","2026-03-21 17:00","Hala Cześniosko","LKS  ASERTO Trześń","131723","MKS ŁĘCZYCA","128741","0:3","0","3","22","75","baza_3_13.csv","3.13|925684"
"164","3.13","925685","2026-03-21 17:00","Szmulki","Szmulki","140963","Raven","140853","0:3","0","3","46","75","baza_3_13.csv","3.13|925685"
"164","3.13","925686","2026-03-21 17:00","Szczoty","Spartakus Radom","131248","Brave Vikings","131709","0:3","0","3","48","75","baza_3_13.csv","3.13|925686"
"164","3.13","925687","2026-03-21 17:00","Im. Św. Qbiniego","Aleleble","128628","🐀Ratty Rattas🐀","128707","3:2","3","2","108","98","baza_3_13.csv","3.13|925687"
"164","3.13","925688","2026-03-21 17:00","TUR TUREK KOCIOŁ SILNIK PODKRĘCONY TEJ","☣️ MY TU TEGO BAGNO 💩💩    🔝","130911","ProgressTeam","128806","3:0","3","0","75","34","baza_3_13.csv","3.13|925688"
"164","3.14","925921","2026-03-21 17:00","Osir Trzemeszno","Skra Trzemeszno","131217","III Piastowskie","130858","1:3","1","3","87","93","baza_3_14.csv","3.14|925921"
"164","3.14","925922","2026-03-21 17:00","SANTIAGO BERNABEU","NTS NAKŁO NAD NOTECIĄ","128729","Kanzas Foxx","137481","3:0","3","0","75","14","baza_3_14.csv","3.14|925922"
"164","3.14","925923","2026-03-21 17:00","Energia","BT ENERGIA","137456","Zryw","141102","0:3","0","3","36","75","baza_3_14.csv","3.14|925923"
"164","3.14","925924","2026-03-21 17:00","Hala Grabów Stadium","KS GRABÓW","130543","Farciarze FC","128734","0:3","0","3","40","75","baza_3_14.csv","3.14|925924"
"164","3.14","925925","2026-03-21 17:00","Kubikownia","Kubiki","130510","Mierzwicanka Mierzwice","130539","1:3","1","3","71","98","baza_3_14.csv","3.14|925925"
"164","3.14","925926","2026-03-21 17:00","Shtosee Sky arena","Shtosee volley team","128680","Hit Happens","131734","3:2","3","2","102","108","baza_3_14.csv","3.14|925926"
"164","3.14","925927","2026-03-21 17:00","Bebzol","Arbuzy i Kebaby","130611","pONczek Team","130540","3:1","3","1","96","90","baza_3_14.csv","3.14|925927"
"164","3.14","925928","2026-03-21 17:00","Lions Stadium","Lajony Kingzz","131747","KS Brzeziny","128710","2:3","2","3","100","103","baza_3_14.csv","3.14|925928"
"164","3.15","926161","2026-03-21 17:00","Urania","AZT Tytan Czestochowa","128743","G.T.S. Unia Choceń","128749","0:3","0","3","36","75","baza_3_15.csv","3.15|926161"
"164","3.15","926162","2026-03-21 17:00","Sportowa","LTS Feniks Leżajsk","141106","Wierzeje","141108","2:3","2","3","96","111","baza_3_15.csv","3.15|926162"
"164","3.15","926163","2026-03-21 17:00","Ultras Hall","Fenix Siennica","130586","Ks Kedzierzyn","128713","0:3","0","3","37","75","baza_3_15.csv","3.15|926163"
"164","3.15","926164","2026-03-21 17:00","Misiakowo","Gumi-Misie","131244","Śląskie Burrito","131722","3:1","3","1","96","76","baza_3_15.csv","3.15|926164"
"164","3.15","926165","2026-03-21 17:00","Hala Sportowa Okalew","KS Okalew","131073","W124","137366","1:3","1","3","89","100","baza_3_15.csv","3.15|926165"
"164","3.15","926166","2026-03-21 17:00","MakosHall","Makosiki","128780","Lech Sulechów","128625","3:0","3","0","75","53","baza_3_15.csv","3.15|926166"
"164","3.15","926167","2026-03-21 17:00","Dobrzynianka","Victoria Dobra","131261","JaqbTeam","128695","2:3","2","3","105","109","baza_3_15.csv","3.15|926167"
"164","3.15","926168","2026-03-21 17:00","MotoArena","FC Świętopełka 🔥","128802","Finlandia Opole Lubelskie","130910","3:0","3","0","75","58","baza_3_15.csv","3.15|926168"
"164","3.16","926401","2026-03-21 17:00","Spodek Głuchołazy","Zadar Głuchołazy","128664","Blackburn Toruń","128601","0:3","0","3","22","75","baza_3_16.csv","3.16|926401"
"164","3.16","926402","2026-03-21 17:00","Die Freie Stadt Danzig Sporthalle","Die Freie Stadt Danzig","130661","PKS Choszczno","140884","3:0","3","0","80","67","baza_3_16.csv","3.16|926402"
"164","3.16","926403","2026-03-21 17:00","Knights Arena","🪿⎛⎝( ` ᢍ ´ )⎠⎞ᵐᵘʰᵃʰᵃ🦇","131021","Gryf Policzna","140747","3:0","3","0","75","49","baza_3_16.csv","3.16|926403"
"164","3.16","926404","2026-03-21 17:00","San","Juve","131236","La Vida Loca","131011","3:0","3","0","75","24","baza_3_16.csv","3.16|926404"
"164","3.16","926405","2026-03-21 17:00","HalaGT","GizoTeam","128693","PGJ Azoty","130845","3:0","3","0","76","54","baza_3_16.csv","3.16|926405"
"164","3.16","926406","2026-03-21 17:00","poezyje","sanah","131179","AquaSharks","128771","3:0","3","0","75","53","baza_3_16.csv","3.16|926406"
"164","3.16","926407","2026-03-21 17:00","ZNhala","Znienacka team","130933","Lance Armstrong","131718","3:0","3","0","75","52","baza_3_16.csv","3.16|926407"
"164","3.16","926408","2026-03-21 17:00","DONUT","V-DRIFTERS","131254","Złote Wilki","128790","1:3","1","3","92","90","baza_3_16.csv","3.16|926408"
"164","1.1","921593","2026-03-19 19:00","Dano Arena!","Dano Dream Team","130607","Carplife 🇵🇱","130954","3:1","3","1","93","85","baza_1_1.csv","1.1|921593"
"164","1.1","921594","2026-03-19 19:00","Wioska Smerfów","Smerfy","128764","Pilica Koniecpol","130885","0:3","0","3","55","75","baza_1_1.csv","1.1|921594"
"164","1.1","921595","2026-03-19 19:00","Qweta","VC Kittens","128580","Dzikie Rumaxy","128638","3:2","3","2","103","92","baza_1_1.csv","1.1|921595"
"164","1.1","921596","2026-03-19 19:00","GOSTiR Rzgów","AKS Volley Łódź","131002","Tsunami Rzeplin","128717","3:1","3","1","98","68","baza_1_1.csv","1.1|921596"
"164","1.1","921597","2026-03-19 19:00","Mordor","Kuźnia Byków","130744","Volleyball Team Zduńska Wola","128603","2:3","2","3","101","107","baza_1_1.csv","1.1|921597"
"164","1.1","921598","2026-03-19 19:00","The Orchid","DHARMA Initiative","128577","Wratislawia Wrocław","128772","3:0","3","0","77","52","baza_1_1.csv","1.1|921598"
"164","1.1","921599","2026-03-19 19:00","Hala Widowiskowo-Sportowa \""AZOTY\""","ZAKSA Bochotnica","128722","Penguin Małomice","128781","3:1","3","1","96","79","baza_1_1.csv","1.1|921599"
"164","1.1","921600","2026-03-19 19:00","SMA","Incognito Volley","128619","Go Tigers","128631","3:0","3","0","75","49","baza_1_1.csv","1.1|921600"
"164","2.1","921833","2026-03-19 19:00","Krzywuchowe Moczary","Velen Volleyball Club","128684","LukTeam","131134","0:3","0","3","48","75","baza_2_1.csv","2.1|921833"
"164","2.1","921834","2026-03-19 19:00","Ping Pong Arena","Najlepsi z Najlepszych","130520","Saracens","128615","3:0","3","0","75","59","baza_2_1.csv","2.1|921834"
"164","2.1","921835","2026-03-19 19:00","Field House","Miesiany Miesiany","128676","CF Mleczne Olsztyn","128668","3:1","3","1","100","84","baza_2_1.csv","2.1|921835"
"164","2.1","921836","2026-03-19 19:00","Ośrodek Karny Rivii Arena 🎯","Smerfy z Rivii ⚔️⚔️🛡️","130934","Young Team","128708","3:2","3","2","107","99","baza_2_1.csv","2.1|921836"
"164","2.1","921837","2026-03-19 19:00","Mleczne Arena","Sprzeda Mecz","128663","Hydra VT Gdańsk","128612","0:3","0","3","50","75","baza_2_1.csv","2.1|921837"
"164","2.1","921838","2026-03-19 19:00","Silver Hall","Silver Arsenal","130505","Libero Gorzków","128703","0:3","0","3","56","75","baza_2_1.csv","2.1|921838"
"164","2.1","921839","2026-03-19 19:00","Parkhead","Celtic VC","128735","Błyskawica Janów","131242","3:0","3","0","75","52","baza_2_1.csv","2.1|921839"
"164","2.1","921840","2026-03-19 19:00","CYTRYNIEC","CYTRYNIEC CHIŃSKI","130809","Pogromcy Gdańsk","131205","1:3","1","3","79","98","baza_2_1.csv","2.1|921840"
"164","2.2","922073","2026-03-19 19:00","Blok Centralny","Zakład Karny w Strzelinie","128751","SiatkarskiePodlasie.pl","130565","3:0","3","0","75","63","baza_2_2.csv","2.2|922073"
"164","2.2","922074","2026-03-19 19:00","Olimp Arena","UKS Olimp Ostrołęka","128604","CSKA Mielec","128613","3:0","3","0","75","58","baza_2_2.csv","2.2|922074"
"164","2.2","922075","2026-03-19 19:00","LEGO Arena","Czorty Chorzów","130959","RKS","128588","2:3","2","3","99","109","baza_2_2.csv","2.2|922075"
"164","2.2","922076","2026-03-19 19:00","MAKDOM ARENA","MAKDOM","128660","Silver Sharks Lublin 🦈","128674","3:2","3","2","106","89","baza_2_2.csv","2.2|922076"
"164","2.2","922077","2026-03-19 19:00","Chausseestrasse arena","Rutz","130854","Bydgoszcz Spartans","128726","3:0","3","0","75","54","baza_2_2.csv","2.2|922077"
"164","2.2","922078","2026-03-19 19:00","Mroczna Arena","👽Strażnicy Cienia👽","128711","Nosmeisy","128686","0:3","0","3","47","75","baza_2_2.csv","2.2|922078"
"164","2.2","922079","2026-03-19 19:00","Wild Hall","Thorn Lynxes","131219","AJAX PIASTY","130797","3:1","3","1","103","93","baza_2_2.csv","2.2|922079"
"164","2.2","922080","2026-03-19 19:00","Hala im. Pawła Kozioła","Ranczo Wilkowyje","130915","Millennium Siemianowice","130955","0:3","0","3","55","75","baza_2_2.csv","2.2|922080"
"164","2.3","922313","2026-03-19 19:00","Ragnarok","Vikings","128756","Bolek i lolek 🤙","128586","3:1","3","1","82","88","baza_2_3.csv","2.3|922313"
"164","2.3","922314","2026-03-19 19:00","カラスの巣","Karasuno","128635","🦣 KS MAMUTY 🦣","130549","3:2","3","2","109","87","baza_2_3.csv","2.3|922314"
"164","2.3","922315","2026-03-19 19:00","Silver Pearl Stadium","KS Budowlani Kołacin 👷🏻","128629","KKS Gryf Lębork","128809","0:3","0","3","66","75","baza_2_3.csv","2.3|922315"
"164","2.3","922316","2026-03-19 19:00","Kocioł","Budowlani Nysa","130574","Polonia Bytom","130871","3:2","3","2","113","105","baza_2_3.csv","2.3|922316"
"164","2.3","922317","2026-03-19 19:00","Ver","Vernixo","128679","Stara Gwardia Nakło ⚔️","128688","3:2","3","2","103","100","baza_2_3.csv","2.3|922317"
"164","2.3","922318","2026-03-19 19:00","Zoo","Wściekłe Tygrysy","128782","Skoczne Karakany","130767","3:2","3","2","108","92","baza_2_3.csv","2.3|922318"
"164","2.3","922319","2026-03-19 19:00","Radomskie Centrum Sportu","RCS Czarni Radom","128600","Zabrzański Górnik","128816","0:3","0","3","50","75","baza_2_3.csv","2.3|922319"
"164","2.3","922320","2026-03-19 19:00","Torwar","Projekt Warszawa","128614","EnergiaPro Gwardia Wrocław","130757","0:3","0","3","45","75","baza_2_3.csv","2.3|922320"
"164","2.4","922553","2026-03-19 19:00","In the middle of nowhere","Unknown Team","128636","massive dongs","128592","1:3","1","3","90","96","baza_2_4.csv","2.4|922553"
"164","2.4","922554","2026-03-19 19:00","kiczan arena","kiczan team zduńska wola","128596","Ohana Gliwice","130945","3:1","3","1","97","82","baza_2_4.csv","2.4|922554"
"164","2.4","922555","2026-03-19 19:00","Mozt","TEXańska Masakra Piłą Ręczną","131293","BKS Białystok","128644","3:1","3","1","97","65","baza_2_4.csv","2.4|922555"
"164","2.4","922556","2026-03-19 19:00","Bystra Bochotnica Arena","Bystra Bochotnica","128657","Alpha","131086","0:3","0","3","54","75","baza_2_4.csv","2.4|922556"
"164","2.4","922557","2026-03-19 19:00","Może zagram","Fc MiSieNieChce","130908","Turbo Śpiochy","128578","0:3","0","3","34","75","baza_2_4.csv","2.4|922557"
"164","2.4","922558","2026-03-19 19:00","Aviator arena","BH STAL MIELEC","130769","QUEERTISONEK TEAM","131147","0:3","0","3","63","77","baza_2_4.csv","2.4|922558"
"164","2.4","922559","2026-03-19 19:00","Torwar","Vamos","128714","KS Kawoholicy","131724","2:3","2","3","108","114","baza_2_4.csv","2.4|922559"
"164","2.4","922560","2026-03-19 19:00","Sportur Astro","Sivass-Pol De Mare","128794","Pioruny  i Grzmoty","130966","3:2","3","2","114","102","baza_2_4.csv","2.4|922560"
"164","3.1","922793","2026-03-19 17:00","Letalnica","Team Spiryt Chorzów","130958","Bochotnica Celtics","128639","0:3","0","3","56","75","baza_3_1.csv","3.1|922793"
"164","3.1","922794","2026-03-19 17:00","Nati Memorial Hall","⭐ Nati ⭐ 1995 ⭐  ∞  ⭐","130585","PGE Bubisie Bździochy","130773","3:0","3","0","75","58","baza_3_1.csv","3.1|922794"
"164","3.1","922795","2026-03-19 17:00","TU Arena","TaUrsy","130537","Cicely","128704","0:3","0","3","11","75","baza_3_1.csv","3.1|922795"
"164","3.1","922796","2026-03-19 17:00","KorpoArena","Korporacja Gwiazd Bezrobocia","128595","Avengers","130920","0:3","0","3","55","75","baza_3_1.csv","3.1|922796"
"164","3.1","922797","2026-03-19 17:00","Kamienieckie Doły","Cargo Kamieniec Ząbkowicki","151049","Renifers","128675","3:0","3","0","75","38","baza_3_1.csv","3.1|922797"
"164","3.1","922798","2026-03-19 17:00","SRS Bernabeu","SRS Katarina","137403","Drużyna Pierścienia","141064","3:1","3","1","92","75","baza_3_1.csv","3.1|922798"
"164","3.1","922799","2026-03-19 17:00","Ownz Ya! :: Arena","Team :: Ownz Ya!","130572","Vollley Rybnik","137468","3:1","3","1","97","74","baza_3_1.csv","3.1|922799"
"164","3.1","922800","2026-03-19 17:00","Hala Azoty","Zaksa Kędzierzyn - Koźle","131200","Orzeł Grzędzice","128728","0:3","0","3","28","75","baza_3_1.csv","3.1|922800"
"164","3.2","923033","2026-03-19 17:00","Malinowe marzenie","Maliniaczki","131020","ChlopkiTeam","128606","1:3","1","3","97","92","baza_3_2.csv","3.2|923033"
"164","3.2","923034","2026-03-19 17:00","DZIK ŁÓDŹ ARENA","JTCNW Łódź","131093","Plas Kaźmierz","137421","3:1","3","1","92","73","baza_3_2.csv","3.2|923034"
"164","3.2","923035","2026-03-19 17:00","Urania Olsztyn","ChudyTeam","130535","Fiorentina Nakło","130905","3:0","3","0","75","30","baza_3_2.csv","3.2|923035"
"164","3.2","923036","2026-03-19 17:00","Grota tajemnic","Czarne plamy","128655","Siatka Krzemieniewo","128597","3:1","3","1","98","78","baza_3_2.csv","3.2|923036"
"164","3.2","923037","2026-03-19 17:00","Storm","WIPP Thunder","128672","CVB Barça","141012","3:0","3","0","75","11","baza_3_2.csv","3.2|923037"
"164","3.2","923038","2026-03-19 17:00","Wylęgarnia Potworów","Nocne Potwory","128803","GALACTICOS FC","131018","3:0","3","0","75","30","baza_3_2.csv","3.2|923038"
"164","3.2","923039","2026-03-19 17:00","Stodoła 97","VC  Ziębka Team","130503","Wiejski Klub Kielno","130498","3:0","3","0","75","22","baza_3_2.csv","3.2|923039"
"164","3.2","923040","2026-03-19 17:00","PB Arena","Huragan Białobrzegi","131065","Zegrze Nieporęt","131194","0:3","0","3","31","75","baza_3_2.csv","3.2|923040"
"164","3.3","923273","2026-03-19 17:00","Phoenix Scene","Phoenix Fire","128687","Mazaki VC","131006","2:3","2","3","101","102","baza_3_3.csv","3.3|923273"
"164","3.3","923274","2026-03-19 17:00","Jeżodrom","Jeżomyszy🦔z Marsa🪐","130972","Ale co","128694","3:1","3","1","92","74","baza_3_3.csv","3.3|923274"
"164","3.3","923275","2026-03-19 17:00","Urania","Bad Boys Team","128706","RG Olsztyn","128652","3:0","3","0","75","53","baza_3_3.csv","3.3|923275"
"164","3.3","923276","2026-03-19 17:00","Dytto","DragonGAYS Polska","130705","!STAL NYSA","130728","3:0","3","0","76","69","baza_3_3.csv","3.3|923276"
"164","3.3","923277","2026-03-19 17:00","NWWALC Stadium","OFIME Targówek","131746","KS Zamienie","141062","3:0","3","0","75","33","baza_3_3.csv","3.3|923277"
"164","3.3","923278","2026-03-19 17:00","NiuniuCamp","NiuniuTeam","137395","FC Misieniechce Radom","130676","3:0","3","0","75","12","baza_3_3.csv","3.3|923278"
"164","3.3","923279","2026-03-19 17:00","Drink Arena","Drink Team","141020","Kotwica Kołobrzeg","128801","0:3","0","3","15","75","baza_3_3.csv","3.3|923279"
"164","3.3","923280","2026-03-19 17:00","Wimbledon","Zduńska Wola Team","128640","RINZLER","128627","0:3","0","3","20","75","baza_3_3.csv","3.3|923280"
"164","3.4","923513","2026-03-19 17:00","Valiant Boys","Valiant Boys","130826","eŁKSa1908","130836","0:3","0","3","32","75","baza_3_4.csv","3.4|923513"
"164","3.4","923514","2026-03-19 17:00","Cytrynowe Pandemonium","Sycylijskie Cytryniaki","130704","Trefl","131199","3:0","3","0","75","40","baza_3_4.csv","3.4|923514"
"164","3.4","923515","2026-03-19 17:00","Los Rakos arena","Los Rakos","137449","Trefl Gdańsk Pomorze","130509","3:1","3","1","98","77","baza_3_4.csv","3.4|923515"
"164","3.4","923516","2026-03-19 17:00","Smocza Jama","Smoczy Gród","131131","toto","128731","3:0","3","0","75","6","baza_3_4.csv","3.4|923516"
"164","3.4","923517","2026-03-19 17:00","Leszczyny arena","Volley Leszczyny","137412","Asseco Resovia","131163","3:0","3","0","75","12","baza_3_4.csv","3.4|923517"
"164","3.4","923518","2026-03-19 17:00","Arena Albigowa","SST SPORTUR GMINA ŁAŃCUT","128795","Choroszcza Olsztyn","130774","3:0","3","0","87","80","baza_3_4.csv","3.4|923518"
"164","3.4","923519","2026-03-19 17:00","GOKSiR Konstancin","IKS Konstancin - Jeziorna","131223","Potok city","140815","0:3","0","3","38","75","baza_3_4.csv","3.4|923519"
"164","3.4","923520","2026-03-19 17:00","Niepodległości 11","KS Świt Baranowo","128589","PIAST Strzelce Opolskie","130555","3:0","3","0","75","50","baza_3_4.csv","3.4|923520"
"164","3.5","923753","2026-03-19 17:00","Baltic Arena","KKS Kaszubia Kościerzyna","128786","OPOLE","130500","2:3","2","3","122","120","baza_3_5.csv","3.5|923753"
"164","3.5","923754","2026-03-19 17:00","Ninjutsu Arena 2024","S-Ninjas","130582","VC BORDER","128622","3:1","3","1","92","71","baza_3_5.csv","3.5|923754"
"164","3.5","923755","2026-03-19 17:00","Volley Arena","SKS Iłżanka Baranów","128715","CAMORRA VC","130516","3:1","3","1","89","77","baza_3_5.csv","3.5|923755"
"164","3.5","923756","2026-03-19 17:00","Arena Poznań","PGE Skra Poznań","130781","RafaTeam Lipusz","130561","3:0","3","0","75","41","baza_3_5.csv","3.5|923756"
"164","3.5","923757","2026-03-19 17:00","Arena Krosno","Iskra Krosno","128667","Kosmiczne Mandarynki","128609","3:0","3","0","75","34","baza_3_5.csv","3.5|923757"
"164","3.5","923758","2026-03-19 17:00","KSW ARENA","KSW7","140968","ULTRAS-PL","130527","3:0","3","0","75","25","baza_3_5.csv","3.5|923758"
"164","3.5","923759","2026-03-19 17:00","Dwa słupki i sznurek azt","Aniołki Toruń","130820","AKS Śliw@","128584","0:3","0","3","38","75","baza_3_5.csv","3.5|923759"
"164","3.5","923760","2026-03-19 17:00","Hala Dobra","AKS VOLLEY  DOBRA","141110","Bart Thorn","130726","2:3","2","3","91","105","baza_3_5.csv","3.5|923760"
"164","3.6","923993","2026-03-19 17:00","Słomin centre","Projekt Słomin","128700","Black Smoke","137347","1:3","1","3","72","95","baza_3_6.csv","3.6|923993"
"164","3.6","923994","2026-03-19 17:00","Olle hall","Victoria Wałbrzych","128774","KS Jastrzębie","130545","3:1","3","1","97","79","baza_3_6.csv","3.6|923994"
"164","3.6","923995","2026-03-19 17:00","Arena Siemianowice","MKS Siemianowice","128799","Browary Hills","130979","3:0","3","0","75","37","baza_3_6.csv","3.6|923995"
"164","3.6","923996","2026-03-19 17:00","Ceremony Place Soreide","Groszowice Soreide","130604","Ikjas Toruń","131062","3:1","3","1","95","85","baza_3_6.csv","3.6|923996"
"164","3.6","923997","2026-03-19 17:00","Strongman Arena","RTS.Strongman Małecz","130601","Young Team Reaktywacja","140951","3:0","3","0","75","46","baza_3_6.csv","3.6|923997"
"164","3.6","923998","2026-03-19 17:00","Arena Twierdza","Twierdza Teodorówka","130591","Kudowianka Kudowa-Zdrój","131235","3:0","3","0","75","39","baza_3_6.csv","3.6|923998"
"164","3.6","923999","2026-03-19 17:00","Hala Limanowa","KS Limanowa","140814","Pogoń Żubr","130564","0:3","0","3","20","75","baza_3_6.csv","3.6|923999"
"164","3.6","924000","2026-03-19 17:00","Są gorsze areny","Są Gorsi","130693","SMS Rzeszów","137337","3:0","3","0","75","55","baza_3_6.csv","3.6|924000"
"164","3.7","924233","2026-03-19 17:00","San Siro","Stocznia Gdańsk","130595","AZS Politechnika Poznańska","128759","3:1","3","1","98","83","baza_3_7.csv","3.7|924233"
"164","3.7","924234","2026-03-19 17:00","Spodek Viadukt","Volania Jeleninhos","131141","KZN","131229","3:0","3","0","75","52","baza_3_7.csv","3.7|924234"
"164","3.7","924235","2026-03-19 17:00","Meteora Arena","Linkin Park United","130617","Latające Dżdżownice","140796","1:3","1","3","90","98","baza_3_7.csv","3.7|924235"
"164","3.7","924236","2026-03-19 17:00","Reksio Arena","Mighty Bears","130513","Orły","137486","3:2","3","2","101","103","baza_3_7.csv","3.7|924236"
"164","3.7","924237","2026-03-19 17:00","Immobile Łuczniczka","BKS Visła Bydgoszcz","131284","Dąbrowskie Pioruny","140781","3:0","3","0","75","9","baza_3_7.csv","3.7|924237"
"164","3.7","924238","2026-03-19 17:00","Haba","Ghrum","130784","Błysk2","131225","2:3","2","3","93","113","baza_3_7.csv","3.7|924238"
"164","3.7","924239","2026-03-19 17:00","Rotavia Arena","LKS Rotavia Nieporęt","128730","SDJ Janów","131251","3:0","3","0","77","68","baza_3_7.csv","3.7|924239"
"164","3.7","924240","2026-03-19 17:00","Estadio de Brzózka","Dyliżans Brzózka","137454","FFP Virtual Volley","130573","3:0","3","0","75","19","baza_3_7.csv","3.7|924240"
"164","3.8","924473","2026-03-19 17:00","Stilon Arena","Stilon Gorzów","130891","PGE GIEK Skra Bełchatów","130721","3:0","3","0","75","59","baza_3_8.csv","3.8|924473"
"164","3.8","924474","2026-03-19 17:00","Tylmanowa Arena","Aptekarz Tylmanowa","128720","Jang Tim","128677","2:3","2","3","92","98","baza_3_8.csv","3.8|924474"
"164","3.8","924475","2026-03-19 17:00","Kolonia Arena","Volley Królewscy Jedlnia","130524","Rockers Wrocław","128605","3:2","3","2","102","99","baza_3_8.csv","3.8|924475"
"164","3.8","924476","2026-03-19 17:00","Fabryczna Union Arena","Budowlani Łódź","128736","Anioły Toruń","130514","3:0","3","0","75","24","baza_3_8.csv","3.8|924476"
"164","3.8","924477","2026-03-19 17:00","Hell","Przebój Wolbrom","130621","MKS Dąbrowa Górnicza","128800","3:0","3","0","75","39","baza_3_8.csv","3.8|924477"
"164","3.8","924478","2026-03-19 17:00","Kiciniowo","Fc Kiciusie","140744","ZAKSA ŚWINOUJŚCIE","130896","2:3","2","3","97","110","baza_3_8.csv","3.8|924478"
"164","3.8","924479","2026-03-19 17:00","KND Arena","KndSynu Cios","137411","Fc Albatros","131276","3:1","3","1","97","63","baza_3_8.csv","3.8|924479"
"164","3.8","924480","2026-03-19 17:00","Hala Urania","AZS PRIME Olsztyn","137361","Dallas Mavericks","128666","3:0","3","0","75","34","baza_3_8.csv","3.8|924480"
"164","3.9","924713","2026-03-19 17:00","Hala Relax","Volley Team Piotrków Tryb.","128724","ActiVeTeam","128702","0:3","0","3","51","75","baza_3_9.csv","3.9|924713"
"164","3.9","924714","2026-03-19 17:00","VST Hala Sportowa","Volleyball Szubin Team","128579","Zaksa Mszczonów","130593","3:0","3","0","75","49","baza_3_9.csv","3.9|924714"
"164","3.9","924715","2026-03-19 17:00","Volley Citadel","Spartans Volley","130930","Zamek Golub-Dobrzyń","131227","0:3","0","3","70","77","baza_3_9.csv","3.9|924715"
"164","3.9","924716","2026-03-19 17:00","XYZ","ZYX","131059","Galaxia Kwielice","130973","3:1","3","1","92","56","baza_3_9.csv","3.9|924716"
"164","3.9","924717","2026-03-19 17:00","Bonito Arena","Joga Bonito","137493","SGS Goleniów","137350","3:2","3","2","99","105","baza_3_9.csv","3.9|924717"
"164","3.9","924718","2026-03-19 17:00","Sardegna Hall","Sardegna Volley","137467","GSY","130525","3:0","3","0","76","50","baza_3_9.csv","3.9|924718"
"164","3.9","924719","2026-03-19 17:00","Hala Brzeziny","SBX TEAM","140751","Flying Spiders","140867","3:0","3","0","75","29","baza_3_9.csv","3.9|924719"
"164","3.9","924720","2026-03-19 17:00","Jaga","Jagiellonia Białystok","140856","Czarni Piasek","128752","0:3","0","3","46","75","baza_3_9.csv","3.9|924720"
"164","3.10","924953","2026-03-19 17:00","JednakGramy Arena","JednakGramy","128768","TKS Jelenie Studzienki","130939","3:1","3","1","92","91","baza_3_10.csv","3.10|924953"
"164","3.10","924954","2026-03-19 17:00","Crucible","Bydgoszcz Baki","128616","KS Strużanka Baranów","130994","3:0","3","0","75","43","baza_3_10.csv","3.10|924954"
"164","3.10","924955","2026-03-19 17:00","Stadion Złotych Orłów","Złote Orły","131740","Pancio","128750","3:0","3","0","75","55","baza_3_10.csv","3.10|924955"
"164","3.10","924956","2026-03-19 17:00","Wataha","Polish Wolves","131258","Hot Volley Nysa","128630","3:0","3","0","75","54","baza_3_10.csv","3.10|924956"
"164","3.10","924957","2026-03-19 17:00","Osyra Stadion","GPT Mysłowice","128747","Indykpol AZS Olsztyn","128620","3:0","3","0","75","57","baza_3_10.csv","3.10|924957"
"164","3.10","924958","2026-03-19 17:00","Piernik Arena","Kopernik Toruń","130739","KK271","141054","3:0","3","0","75","46","baza_3_10.csv","3.10|924958"
"164","3.10","924959","2026-03-19 17:00","R22","TSW Wisła Kraków","151056","UKS BŁYSKAWICA ŁOWICZ","130699","3:2","3","2","110","100","baza_3_10.csv","3.10|924959"
"164","3.10","924960","2026-03-19 17:00","Sovia","Tigers","128634","BBTS Bielsko-Biała","137383","0:3","0","3","10","75","baza_3_10.csv","3.10|924960"
"164","3.11","925193","2026-03-19 17:00","Stajnia Jednorożców","Kolorowe Rumaki","131164","Pogoń Portowcy","131768","2:3","2","3","103","109","baza_3_11.csv","3.11|925193"
"164","3.11","925194","2026-03-19 17:00","Brute Force Arena","Brute Force","130978","PauPau","140825","0:3","0","3","40","75","baza_3_11.csv","3.11|925194"
"164","3.11","925195","2026-03-19 17:00","Hala Chrupnięcia","AKS Andrut Kalisz 🧇","128789","Seniorzy Wieluń","130519","0:3","0","3","55","75","baza_3_11.csv","3.11|925195"
"164","3.11","925196","2026-03-19 17:00","Upadła Arena","Latające Imadła","131022","Kasztaniaki","131735","3:1","3","1","98","70","baza_3_11.csv","3.11|925196"
"164","3.11","925197","2026-03-19 17:00","Szklanka Wódki xD","ScorpioN","128617","Orzełki Team","137444","3:0","3","0","75","36","baza_3_11.csv","3.11|925197"
"164","3.11","925198","2026-03-19 17:00","Arena W","Team WWW","131066","KS Crusaders","137439","3:0","3","0","75","31","baza_3_11.csv","3.11|925198"
"164","3.11","925199","2026-03-19 17:00","hala MOSiR","Enea PTPS Piła","128646","FC Łosarnia Tujsk","140910","0:3","0","3","28","75","baza_3_11.csv","3.11|925199"
"164","3.11","925200","2026-03-19 17:00","ERGO ARENA","NIELOTY GDAŃSK","130946","Gwoździe","140812","0:3","0","3","53","80","baza_3_11.csv","3.11|925200"
"164","3.12","925433","2026-03-19 17:00","Sparbanken Skåne Arena","🌳Leśne Ludki🌳","131712","The Ops","131290","1:3","1","3","68","98","baza_3_12.csv","3.12|925433"
"164","3.12","925434","2026-03-19 17:00","Hala Urania of City Olsztyn","Zawisza Olsztyn","128659","Acapulco Stalion","128733","3:2","3","2","101","99","baza_3_12.csv","3.12|925434"
"164","3.12","925435","2026-03-19 17:00","Lesko Arena","Volley Master","130507","300-stuSpartan","137376","3:0","3","0","77","54","baza_3_12.csv","3.12|925435"
"164","3.12","925436","2026-03-19 17:00","Ipsarion","Ipsarion","140952","ARM Volley","137419","3:2","3","2","110","87","baza_3_12.csv","3.12|925436"
"164","3.12","925437","2026-03-19 17:00","Konarzewo Arena","KS Konarzewo","137342","Olimpia Kowary","137420","3:0","3","0","75","35","baza_3_12.csv","3.12|925437"
"164","3.12","925438","2026-03-19 17:00","Match Of The Millennium","Yu-Gi-Oh!","131717","Warta Zawiercie","130562","3:0","3","0","75","41","baza_3_12.csv","3.12|925438"
"164","3.12","925439","2026-03-19 17:00","Prognozy dzisiaj nie będzie","Anię dopadła grypa","140870","Aciu Team","131157","3:0","3","0","75","42","baza_3_12.csv","3.12|925439"
"164","3.12","925440","2026-03-19 17:00","B4 Arena","Braniewo Volley","141119","Lube Rzeszów","130863","3:2","3","2","105","108","baza_3_12.csv","3.12|925440"
"164","3.13","925673","2026-03-19 17:00","Orły hall","PolskieOrły","128769","☣️ MY TU TEGO BAGNO 💩💩    🔝","130911","3:2","3","2","112","104","baza_3_13.csv","3.13|925673"
"164","3.13","925674","2026-03-19 17:00","Progress Arena","ProgressTeam","128806","🐀Ratty Rattas🐀","128707","0:3","0","3","29","75","baza_3_13.csv","3.13|925674"
"164","3.13","925675","2026-03-19 17:00","Im. Św. Qbiniego","Aleleble","128628","Spartakus Radom","131248","3:0","3","0","75","46","baza_3_13.csv","3.13|925675"
"164","3.13","925676","2026-03-19 17:00","Valhalla","Brave Vikings","131709","Szmulki","140963","3:0","3","0","75","20","baza_3_13.csv","3.13|925676"
"164","3.13","925677","2026-03-19 17:00","Lokomotiv Plzen","Raven","140853","LKS  ASERTO Trześń","131723","3:0","3","0","75","35","baza_3_13.csv","3.13|925677"
"164","3.13","925678","2026-03-19 17:00","MKS1956","MKS ŁĘCZYCA","128741","Unia Leszno","131196","3:1","3","1","97","61","baza_3_13.csv","3.13|925678"
"164","3.13","925679","2026-03-19 17:00","RD Arena","Red Devils","128725","Trentino Młodzieszyn","128599","3:0","3","0","75","38","baza_3_13.csv","3.13|925679"
"164","3.13","925680","2026-03-19 17:00","Hala im. Sędziów","Sędziowie Bydgoszcz","140960","TwentyFive.pl","130518","0:3","0","3","7","75","baza_3_13.csv","3.13|925680"
"164","3.14","925913","2026-03-19 17:00","Dąbrówka Arena","III Piastowskie","130858","Lajony Kingzz","131747","0:3","0","3","34","75","baza_3_14.csv","3.14|925913"
"164","3.14","925914","2026-03-19 17:00","Old Trafford","KS Brzeziny","128710","pONczek Team","130540","3:0","3","0","75","47","baza_3_14.csv","3.14|925914"
"164","3.14","925915","2026-03-19 17:00","Bebzol","Arbuzy i Kebaby","130611","Shtosee volley team","128680","3:2","3","2","105","96","baza_3_14.csv","3.14|925915"
"164","3.14","925916","2026-03-19 17:00","Hit Dome","Hit Happens","131734","Kubiki","130510","3:2","3","2","107","96","baza_3_14.csv","3.14|925916"
"164","3.14","925917","2026-03-19 17:00","Mierzwice Arena","Mierzwicanka Mierzwice","130539","KS GRABÓW","130543","3:0","3","0","75","45","baza_3_14.csv","3.14|925917"
"164","3.14","925918","2026-03-19 17:00","Hala FC","Farciarze FC","128734","BT ENERGIA","137456","3:0","3","0","75","25","baza_3_14.csv","3.14|925918"
"164","3.14","925919","2026-03-19 17:00",".......","Zryw","141102","NTS NAKŁO NAD NOTECIĄ","128729","3:0","3","0","75","50","baza_3_14.csv","3.14|925919"
"164","3.14","925920","2026-03-19 17:00","Foxx Volley Arena","Kanzas Foxx","137481","Skra Trzemeszno","131217","0:3","0","3","16","75","baza_3_14.csv","3.14|925920"
"164","3.15","926153","2026-03-19 17:00","OSIR ARENA","G.T.S. Unia Choceń","128749","FC Świętopełka 🔥","128802","1:3","1","3","72","88","baza_3_15.csv","3.15|926153"
"164","3.15","926154","2026-03-19 17:00","Kabako Arena","Finlandia Opole Lubelskie","130910","JaqbTeam","128695","3:0","3","0","75","59","baza_3_15.csv","3.15|926154"
"164","3.15","926155","2026-03-19 17:00","Dobrzynianka","Victoria Dobra","131261","Makosiki","128780","1:3","1","3","86","85","baza_3_15.csv","3.15|926155"
"164","3.15","926156","2026-03-19 17:00","Estadio zulito","Lech Sulechów","128625","KS Okalew","131073","3:0","3","0","75","57","baza_3_15.csv","3.15|926156"
"164","3.15","926157","2026-03-19 17:00","Makalamabedi","W124","137366","Gumi-Misie","131244","0:3","0","3","64","76","baza_3_15.csv","3.15|926157"
"164","3.15","926158","2026-03-19 17:00","Hala Mostowa","Śląskie Burrito","131722","Fenix Siennica","130586","3:0","3","0","75","44","baza_3_15.csv","3.15|926158"
"164","3.15","926159","2026-03-19 17:00","KS arena","Ks Kedzierzyn","128713","LTS Feniks Leżajsk","141106","3:1","3","1","88","71","baza_3_15.csv","3.15|926159"
"164","3.15","926160","2026-03-19 17:00","Wierzeje ARENA","Wierzeje","141108","AZT Tytan Czestochowa","128743","1:3","1","3","80","102","baza_3_15.csv","3.15|926160"
"164","3.16","926393","2026-03-19 17:00","Spożywczak","Blackburn Toruń","128601","V-DRIFTERS","131254","3:0","3","0","75","37","baza_3_16.csv","3.16|926393"
"164","3.16","926394","2026-03-19 17:00","Arena wilków","Złote Wilki","128790","Lance Armstrong","131718","3:2","3","2","103","96","baza_3_16.csv","3.16|926394"
"164","3.16","926395","2026-03-19 17:00","ZNhala","Znienacka team","130933","sanah","131179","1:3","1","3","70","95","baza_3_16.csv","3.16|926395"
"164","3.16","926396","2026-03-19 17:00","Arena Łódź Podwodna","AquaSharks","128771","GizoTeam","128693","3:0","3","0","75","54","baza_3_16.csv","3.16|926396"
"164","3.16","926397","2026-03-19 17:00","PRAFIL ARENA","PGJ Azoty","130845","Juve","131236","3:0","3","0","75","49","baza_3_16.csv","3.16|926397"
"164","3.16","926398","2026-03-19 17:00","Łu tu tu tu","La Vida Loca","131011","🪿⎛⎝( ` ᢍ ´ )⎠⎞ᵐᵘʰᵃʰᵃ🦇","131021","0:3","0","3","17","75","baza_3_16.csv","3.16|926398"
"164","3.16","926399","2026-03-19 17:00","Sportowa","Gryf Policzna","140747","Die Freie Stadt Danzig","130661","1:3","1","3","97","96","baza_3_16.csv","3.16|926399"
"164","3.16","926400","2026-03-19 17:00","Hala Miejska","PKS Choszczno","140884","Zadar Głuchołazy","128664","2:3","2","3","104","100","baza_3_16.csv","3.16|926400"
"164","1.1","921585","2026-03-17 19:00","SMA","Incognito Volley","128619","Dano Dream Team","130607","3:2","3","2","115","114","baza_1_1.csv","1.1|921585"
"164","1.1","921586","2026-03-17 19:00","Hala Polonia","Go Tigers","128631","ZAKSA Bochotnica","128722","2:3","2","3","100","96","baza_1_1.csv","1.1|921586"
"164","1.1","921587","2026-03-17 19:00","Ergo Małomice","Penguin Małomice","128781","DHARMA Initiative","128577","2:3","2","3","103","109","baza_1_1.csv","1.1|921587"
"164","1.1","921588","2026-03-17 19:00","Arena W-W","Wratislawia Wrocław","128772","Kuźnia Byków","130744","1:3","1","3","81","98","baza_1_1.csv","1.1|921588"
"164","1.1","921589","2026-03-17 19:00","Hala sportowa w Zduńskiej Woli","Volleyball Team Zduńska Wola","128603","AKS Volley Łódź","131002","3:0","3","0","75","68","baza_1_1.csv","1.1|921589"
"164","1.1","921590","2026-03-17 19:00","Arena of Rzeplin","Tsunami Rzeplin","128717","VC Kittens","128580","1:3","1","3","89","109","baza_1_1.csv","1.1|921590"
"164","1.1","921591","2026-03-17 19:00","Kanciapa u Tumaxa","Dzikie Rumaxy","128638","Smerfy","128764","3:0","3","0","75","58","baza_1_1.csv","1.1|921591"
"164","1.1","921592","2026-03-17 19:00","Bugaj Arena","Pilica Koniecpol","130885","Carplife 🇵🇱","130954","1:3","1","3","78","94","baza_1_1.csv","1.1|921592"
"164","2.1","921825","2026-03-17 19:00","CYTRYNIEC","CYTRYNIEC CHIŃSKI","130809","Velen Volleyball Club","128684","0:3","0","3","61","75","baza_2_1.csv","2.1|921825"
"164","2.1","921826","2026-03-17 19:00","Pogro Arena","Pogromcy Gdańsk","131205","Celtic VC","128735","3:2","3","2","106","101","baza_2_1.csv","2.1|921826"
"164","2.1","921827","2026-03-17 19:00","Janów hall","Błyskawica Janów","131242","Silver Arsenal","130505","3:0","3","0","81","73","baza_2_1.csv","2.1|921827"
"164","2.1","921828","2026-03-17 19:00","Hala 134","Libero Gorzków","128703","Sprzeda Mecz","128663","0:3","0","3","53","75","baza_2_1.csv","2.1|921828"
"164","2.1","921829","2026-03-17 19:00","7l z Pepsi Arena","Hydra VT Gdańsk","128612","Smerfy z Rivii ⚔️⚔️🛡️","130934","2:3","2","3","103","109","baza_2_1.csv","2.1|921829"
"164","2.1","921830","2026-03-17 19:00","Szpil Plac u Gerusia","Young Team","128708","Miesiany Miesiany","128676","3:2","3","2","106","105","baza_2_1.csv","2.1|921830"
"164","2.1","921831","2026-03-17 19:00","Urania","CF Mleczne Olsztyn","128668","Najlepsi z Najlepszych","130520","0:3","0","3","58","75","baza_2_1.csv","2.1|921831"
"164","2.1","921832","2026-03-17 19:00","Piekło","Saracens","128615","LukTeam","131134","3:0","3","0","75","59","baza_2_1.csv","2.1|921832"
"164","2.2","922065","2026-03-17 19:00","Hala im. Pawła Kozioła","Ranczo Wilkowyje","130915","Zakład Karny w Strzelinie","128751","3:1","3","1","93","93","baza_2_2.csv","2.2|922065"
"164","2.2","922066","2026-03-17 19:00","Millennium Arena","Millennium Siemianowice","130955","Thorn Lynxes","131219","3:0","3","0","77","60","baza_2_2.csv","2.2|922066"
"164","2.2","922067","2026-03-17 19:00","Piasterdam Stadium","AJAX PIASTY","130797","👽Strażnicy Cienia👽","128711","3:1","3","1","100","85","baza_2_2.csv","2.2|922067"
"164","2.2","922068","2026-03-17 19:00","Zimorodek","Nosmeisy","128686","Rutz","130854","3:2","3","2","105","103","baza_2_2.csv","2.2|922068"
"164","2.2","922069","2026-03-17 19:00","Sisu Arena","Bydgoszcz Spartans","128726","MAKDOM","128660","0:3","0","3","51","75","baza_2_2.csv","2.2|922069"
"164","2.2","922070","2026-03-17 19:00","UMCS Hala Sportowa","Silver Sharks Lublin 🦈","128674","Czorty Chorzów","130959","3:0","3","0","75","60","baza_2_2.csv","2.2|922070"
"164","2.2","922071","2026-03-17 19:00","Ursus Arena","RKS","128588","UKS Olimp Ostrołęka","128604","0:3","0","3","54","75","baza_2_2.csv","2.2|922071"
"164","2.2","922072","2026-03-17 19:00","CSKA Arena","CSKA Mielec","128613","SiatkarskiePodlasie.pl","130565","3:1","3","1","91","90","baza_2_2.csv","2.2|922072"
"164","2.3","922305","2026-03-17 19:00","Torwar","Projekt Warszawa","128614","Vikings","128756","1:3","1","3","73","102","baza_2_3.csv","2.3|922305"
"164","2.3","922306","2026-03-17 19:00","Hala Orbita","EnergiaPro Gwardia Wrocław","130757","RCS Czarni Radom","128600","3:0","3","0","75","53","baza_2_3.csv","2.3|922306"
"164","2.3","922307","2026-03-17 19:00","Hala Sportowa w Zabrzu","Zabrzański Górnik","128816","Wściekłe Tygrysy","128782","1:3","1","3","87","99","baza_2_3.csv","2.3|922307"
"164","2.3","922308","2026-03-17 19:00","Karakanówka","Skoczne Karakany","130767","Vernixo","128679","3:1","3","1","91","80","baza_2_3.csv","2.3|922308"
"164","2.3","922309","2026-03-17 19:00","Forteca Nakło","Stara Gwardia Nakło ⚔️","128688","Budowlani Nysa","130574","0:3","0","3","49","75","baza_2_3.csv","2.3|922309"
"164","2.3","922310","2026-03-17 19:00","Polonijny młyn","Polonia Bytom","130871","KS Budowlani Kołacin 👷🏻","128629","2:3","2","3","98","101","baza_2_3.csv","2.3|922310"
"164","2.3","922311","2026-03-17 19:00","Hala Gryfia","KKS Gryf Lębork","128809","Karasuno","128635","1:3","1","3","83","94","baza_2_3.csv","2.3|922311"
"164","2.3","922312","2026-03-17 19:00","🦣 Mamut Area 🦣","🦣 KS MAMUTY 🦣","130549","Bolek i lolek 🤙","128586","3:2","3","2","102","110","baza_2_3.csv","2.3|922312"
"164","2.4","922545","2026-03-17 19:00","Sportur Astro","Sivass-Pol De Mare","128794","Unknown Team","128636","2:3","2","3","99","107","baza_2_4.csv","2.4|922545"
"164","2.4","922546","2026-03-17 19:00","Olimp  Arena","Pioruny  i Grzmoty","130966","Vamos","128714","3:2","3","2","105","100","baza_2_4.csv","2.4|922546"
"164","2.4","922547","2026-03-17 19:00","Kentucky Coffee Roasters Arena","KS Kawoholicy","131724","BH STAL MIELEC","130769","3:2","3","2","109","103","baza_2_4.csv","2.4|922547"
"164","2.4","922548","2026-03-17 19:00","QUEERTISONEK","QUEERTISONEK TEAM","131147","Fc MiSieNieChce","130908","3:0","3","0","75","30","baza_2_4.csv","2.4|922548"
"164","2.4","922549","2026-03-17 19:00","wyrko rodzinne","Turbo Śpiochy","128578","Bystra Bochotnica","128657","1:3","1","3","94","107","baza_2_4.csv","2.4|922549"
"164","2.4","922550","2026-03-17 19:00","Alpha Arena","Alpha","131086","TEXańska Masakra Piłą Ręczną","131293","0:3","0","3","50","75","baza_2_4.csv","2.4|922550"
"164","2.4","922551","2026-03-17 19:00","BKS ARENA","BKS Białystok","128644","kiczan team zduńska wola","128596","0:3","0","3","49","75","baza_2_4.csv","2.4|922551"
"164","2.4","922552","2026-03-17 19:00","Aloha Arena","Ohana Gliwice","130945","massive dongs","128592","3:2","3","2","98","107","baza_2_4.csv","2.4|922552"
"164","3.1","922785","2026-03-17 17:00","Hala Azoty","Zaksa Kędzierzyn - Koźle","131200","Team Spiryt Chorzów","130958","0:3","0","3","14","75","baza_3_1.csv","3.1|922785"
"164","3.1","922786","2026-03-17 17:00","Gniazdo","Orzeł Grzędzice","128728","Team :: Ownz Ya!","130572","0:3","0","3","48","75","baza_3_1.csv","3.1|922786"
"164","3.1","922787","2026-03-17 17:00","Volley Arena","Vollley Rybnik","137468","SRS Katarina","137403","0:3","0","3","25","75","baza_3_1.csv","3.1|922787"
"164","3.1","922788","2026-03-17 17:00","Rohan","Drużyna Pierścienia","141064","Cargo Kamieniec Ząbkowicki","151049","0:3","0","3","43","75","baza_3_1.csv","3.1|922788"
"164","3.1","922789","2026-03-17 17:00","Renifers Hall","Renifers","128675","Korporacja Gwiazd Bezrobocia","128595","1:3","1","3","82","95","baza_3_1.csv","3.1|922789"
"164","3.1","922790","2026-03-17 17:00","Avengers Arena","Avengers","130920","TaUrsy","130537","3:0","3","0","75","6","baza_3_1.csv","3.1|922790"
"164","3.1","922791","2026-03-17 17:00","Cicely Arena","Cicely","128704","⭐ Nati ⭐ 1995 ⭐  ∞  ⭐","130585","0:3","0","3","47","75","baza_3_1.csv","3.1|922791"
"164","3.1","922792","2026-03-17 17:00","Bździochy Arena","PGE Bubisie Bździochy","130773","Bochotnica Celtics","128639","0:3","0","3","52","75","baza_3_1.csv","3.1|922792"
"164","3.2","923025","2026-03-17 17:00","PB Arena","Huragan Białobrzegi","131065","Maliniaczki","131020","0:3","0","3","26","75","baza_3_2.csv","3.2|923025"
"164","3.2","923026","2026-03-17 17:00","Lake Arena","Zegrze Nieporęt","131194","VC  Ziębka Team","130503","0:3","0","3","66","78","baza_3_2.csv","3.2|923026"
"164","3.2","923027","2026-03-17 17:00","WKS Kielno Arena","Wiejski Klub Kielno","130498","Nocne Potwory","128803","0:3","0","3","12","75","baza_3_2.csv","3.2|923027"
"164","3.2","923028","2026-03-17 17:00","ARENA KENTUCKY","GALACTICOS FC","131018","WIPP Thunder","128672","0:3","0","3","27","75","baza_3_2.csv","3.2|923028"
"164","3.2","923029","2026-03-17 17:00","Palau Blaugrana","CVB Barça","141012","Czarne plamy","128655","0:3","0","3","9","75","baza_3_2.csv","3.2|923029"
"164","3.2","923030","2026-03-17 17:00","Hala Sportowa","Siatka Krzemieniewo","128597","ChudyTeam","130535","0:3","0","3","50","75","baza_3_2.csv","3.2|923030"
"164","3.2","923031","2026-03-17 17:00","LZS ARENA","Fiorentina Nakło","130905","JTCNW Łódź","131093","0:3","0","3","39","75","baza_3_2.csv","3.2|923031"
"164","3.2","923032","2026-03-17 17:00","Kaźmierzanka","Plas Kaźmierz","137421","ChlopkiTeam","128606","0:3","0","3","52","75","baza_3_2.csv","3.2|923032"
"164","3.3","923265","2026-03-17 17:00","Wimbledon","Zduńska Wola Team","128640","Phoenix Fire","128687","0:3","0","3","27","75","baza_3_3.csv","3.3|923265"
"164","3.3","923266","2026-03-17 17:00","RINLZER ARENA","RINZLER","128627","Drink Team","141020","3:0","3","0","75","24","baza_3_3.csv","3.3|923266"
"164","3.3","923267","2026-03-17 17:00","Milenium MOSIR","Kotwica Kołobrzeg","128801","NiuniuTeam","137395","2:3","2","3","97","105","baza_3_3.csv","3.3|923267"
"164","3.3","923268","2026-03-17 17:00","Misieniechce Radom Arena","FC Misieniechce Radom","130676","OFIME Targówek","131746","0:3","0","3","11","75","baza_3_3.csv","3.3|923268"
"164","3.3","923269","2026-03-17 17:00","Meduza","KS Zamienie","141062","DragonGAYS Polska","130705","0:3","0","3","14","75","baza_3_3.csv","3.3|923269"
"164","3.3","923270","2026-03-17 17:00","KOCIOŁ","!STAL NYSA","130728","Bad Boys Team","128706","3:0","3","0","75","44","baza_3_3.csv","3.3|923270"
"164","3.3","923271","2026-03-17 17:00","RG Arena","RG Olsztyn","128652","Jeżomyszy🦔z Marsa🪐","130972","0:3","0","3","44","75","baza_3_3.csv","3.3|923271"
"164","3.3","923272","2026-03-17 17:00","Ale co","Ale co","128694","Mazaki VC","131006","1:3","1","3","96","90","baza_3_3.csv","3.3|923272"
"164","3.4","923505","2026-03-17 17:00","Niepodległości 11","KS Świt Baranowo","128589","Valiant Boys","130826","3:0","3","0","75","50","baza_3_4.csv","3.4|923505"
"164","3.4","923506","2026-03-17 17:00","Strzelce Opolskie Arena","PIAST Strzelce Opolskie","130555","IKS Konstancin - Jeziorna","131223","3:2","3","2","102","81","baza_3_4.csv","3.4|923506"
"164","3.4","923507","2026-03-17 17:00","Pod niebem u Henia","Potok city","140815","SST SPORTUR GMINA ŁAŃCUT","128795","3:1","3","1","89","75","baza_3_4.csv","3.4|923507"
"164","3.4","923508","2026-03-17 17:00","Urania","Choroszcza Olsztyn","130774","Volley Leszczyny","137412","1:3","1","3","74","94","baza_3_4.csv","3.4|923508"
"164","3.4","923509","2026-03-17 17:00","Podpromie","Asseco Resovia","131163","Smoczy Gród","131131","0:3","0","3","12","75","baza_3_4.csv","3.4|923509"
"164","3.4","923510","2026-03-17 17:00","toto","toto","128731","Los Rakos","137449","0:3","0","3","5","75","baza_3_4.csv","3.4|923510"
"164","3.4","923511","2026-03-17 17:00","Aqua Baltic Arena","Trefl Gdańsk Pomorze","130509","Sycylijskie Cytryniaki","130704","0:3","0","3","67","80","baza_3_4.csv","3.4|923511"
"164","3.4","923512","2026-03-17 17:00","Trefl Arena","Trefl","131199","eŁKSa1908","130836","0:3","0","3","40","75","baza_3_4.csv","3.4|923512"
"164","3.5","923745","2026-03-17 17:00","Hala Dobra","AKS VOLLEY  DOBRA","141110","KKS Kaszubia Kościerzyna","128786","0:3","0","3","19","75","baza_3_5.csv","3.5|923745"
"164","3.5","923746","2026-03-17 17:00","Thorn Hall","Bart Thorn","130726","Aniołki Toruń","130820","3:0","3","0","75","27","baza_3_5.csv","3.5|923746"
"164","3.5","923747","2026-03-17 17:00","Hala Sportowa AKS","AKS Śliw@","128584","KSW7","140968","1:3","1","3","74","100","baza_3_5.csv","3.5|923747"
"164","3.5","923748","2026-03-17 17:00","ULTRAS ARENA","ULTRAS-PL","130527","Iskra Krosno","128667","0:3","0","3","16","75","baza_3_5.csv","3.5|923748"
"164","3.5","923749","2026-03-17 17:00","Public Enemies","Kosmiczne Mandarynki","128609","PGE Skra Poznań","130781","0:3","0","3","53","76","baza_3_5.csv","3.5|923749"
"164","3.5","923750","2026-03-17 17:00","MOSiR LIPUSZ","RafaTeam Lipusz","130561","SKS Iłżanka Baranów","128715","0:3","0","3","49","75","baza_3_5.csv","3.5|923750"
"164","3.5","923751","2026-03-17 17:00","Halaaa","CAMORRA VC","130516","S-Ninjas","130582","0:3","0","3","57","75","baza_3_5.csv","3.5|923751"
"164","3.5","923752","2026-03-17 17:00","H69","VC BORDER","128622","OPOLE","130500","2:3","2","3","84","105","baza_3_5.csv","3.5|923752"
"164","3.6","923985","2026-03-17 17:00","Są gorsze areny","Są Gorsi","130693","Projekt Słomin","128700","0:3","0","3","28","75","baza_3_6.csv","3.6|923985"
"164","3.6","923986","2026-03-17 17:00","Podpromie","SMS Rzeszów","137337","KS Limanowa","140814","3:0","3","0","75","34","baza_3_6.csv","3.6|923986"
"164","3.6","923987","2026-03-17 17:00","Puszcza","Pogoń Żubr","130564","Twierdza Teodorówka","130591","0:3","0","3","47","75","baza_3_6.csv","3.6|923987"
"164","3.6","923988","2026-03-17 17:00","KCKiS","Kudowianka Kudowa-Zdrój","131235","RTS.Strongman Małecz","130601","0:3","0","3","39","75","baza_3_6.csv","3.6|923988"
"164","3.6","923989","2026-03-17 17:00","Boisko na polu","Young Team Reaktywacja","140951","Groszowice Soreide","130604","0:3","0","3","37","75","baza_3_6.csv","3.6|923989"
"164","3.6","923990","2026-03-17 17:00","Ikjas Arena","Ikjas Toruń","131062","MKS Siemianowice","128799","0:3","0","3","40","75","baza_3_6.csv","3.6|923990"
"164","3.6","923991","2026-03-17 17:00","Browar","Browary Hills","130979","Victoria Wałbrzych","128774","1:3","1","3","73","98","baza_3_6.csv","3.6|923991"
"164","3.6","923992","2026-03-17 17:00","HSW Jastrzębie Zdrój","KS Jastrzębie","130545","Black Smoke","137347","3:1","3","1","97","93","baza_3_6.csv","3.6|923992"
"164","3.7","924225","2026-03-17 17:00","Estadio de Brzózka","Dyliżans Brzózka","137454","Stocznia Gdańsk","130595","0:3","0","3","45","75","baza_3_7.csv","3.7|924225"
"164","3.7","924226","2026-03-17 17:00","FFP Arena","FFP Virtual Volley","130573","LKS Rotavia Nieporęt","128730","0:3","0","3","21","75","baza_3_7.csv","3.7|924226"
"164","3.7","924227","2026-03-17 17:00","Janów Darbaz","SDJ Janów","131251","Ghrum","130784","1:3","1","3","79","97","baza_3_7.csv","3.7|924227"
"164","3.7","924228","2026-03-17 17:00","Arena Wielkoludów","Błysk2","131225","BKS Visła Bydgoszcz","131284","0:3","0","3","56","75","baza_3_7.csv","3.7|924228"
"164","3.7","924229","2026-03-17 17:00","GROZA","Dąbrowskie Pioruny","140781","Mighty Bears","130513","0:3","0","3","25","75","baza_3_7.csv","3.7|924229"
"164","3.7","924230","2026-03-17 17:00","Hala Orłów","Orły","137486","Linkin Park United","130617","1:3","1","3","77","99","baza_3_7.csv","3.7|924230"
"164","3.7","924231","2026-03-17 17:00","Spulchniona Ziemia","Latające Dżdżownice","140796","Volania Jeleninhos","131141","3:2","3","2","101","104","baza_3_7.csv","3.7|924231"
"164","3.7","924232","2026-03-17 17:00","KZN","KZN","131229","AZS Politechnika Poznańska","128759","3:0","3","0","75","57","baza_3_7.csv","3.7|924232"
"164","3.8","924465","2026-03-17 17:00","Hala Urania","AZS PRIME Olsztyn","137361","Stilon Gorzów","130891","0:3","0","3","16","75","baza_3_8.csv","3.8|924465"
"164","3.8","924466","2026-03-17 17:00","Américain Airlines Center","Dallas Mavericks","128666","KndSynu Cios","137411","0:3","0","3","17","75","baza_3_8.csv","3.8|924466"
"164","3.8","924467","2026-03-17 17:00","Fc","Fc Albatros","131276","Fc Kiciusie","140744","2:3","2","3","103","109","baza_3_8.csv","3.8|924467"
"164","3.8","924468","2026-03-17 17:00","zAKSA ARENA","ZAKSA ŚWINOUJŚCIE","130896","Przebój Wolbrom","130621","0:3","0","3","38","75","baza_3_8.csv","3.8|924468"
"164","3.8","924469","2026-03-17 17:00","HALA CENTRUM","MKS Dąbrowa Górnicza","128800","Budowlani Łódź","128736","0:3","0","3","45","75","baza_3_8.csv","3.8|924469"
"164","3.8","924470","2026-03-17 17:00","Arena Toruń","Anioły Toruń","130514","Volley Królewscy Jedlnia","130524","0:3","0","3","24","75","baza_3_8.csv","3.8|924470"
"164","3.8","924471","2026-03-17 17:00","Rock Arena","Rockers Wrocław","128605","Aptekarz Tylmanowa","128720","2:3","2","3","110","114","baza_3_8.csv","3.8|924471"
"164","3.8","924472","2026-03-17 17:00","Na Hasioku","Jang Tim","128677","PGE GIEK Skra Bełchatów","130721","3:0","3","0","75","59","baza_3_8.csv","3.8|924472"
"164","3.9","924705","2026-03-17 17:00","Jaga","Jagiellonia Białystok","140856","Volley Team Piotrków Tryb.","128724","0:3","0","3","21","75","baza_3_9.csv","3.9|924705"
"164","3.9","924706","2026-03-17 17:00","Malinowa home","Czarni Piasek","128752","SBX TEAM","140751","0:3","0","3","39","75","baza_3_9.csv","3.9|924706"
"164","3.9","924707","2026-03-17 17:00","Golasowice","Flying Spiders","140867","Sardegna Volley","137467","0:3","0","3","27","75","baza_3_9.csv","3.9|924707"
"164","3.9","924708","2026-03-17 17:00","DORCAN","GSY","130525","Joga Bonito","137493","0:3","0","3","58","75","baza_3_9.csv","3.9|924708"
"164","3.9","924709","2026-03-17 17:00","SGS Arena","SGS Goleniów","137350","ZYX","131059","1:3","1","3","91","91","baza_3_9.csv","3.9|924709"
"164","3.9","924710","2026-03-17 17:00","Hall of Glory","Galaxia Kwielice","130973","Spartans Volley","130930","0:3","0","3","56","75","baza_3_9.csv","3.9|924710"
"164","3.9","924711","2026-03-17 17:00","OSiR Golub-Dobrzyń","Zamek Golub-Dobrzyń","131227","Volleyball Szubin Team","128579","0:3","0","3","55","75","baza_3_9.csv","3.9|924711"
"164","3.9","924712","2026-03-17 17:00","OSiR","Zaksa Mszczonów","130593","ActiVeTeam","128702","0:3","0","3","63","78","baza_3_9.csv","3.9|924712"
"164","3.10","924945","2026-03-17 17:00","Sovia","Tigers","128634","JednakGramy","128768","0:3","0","3","7","75","baza_3_10.csv","3.10|924945"
"164","3.10","924946","2026-03-17 17:00","Hala Widowiskowa BBOSiR","BBTS Bielsko-Biała","137383","TSW Wisła Kraków","151056","0:3","0","3","23","75","baza_3_10.csv","3.10|924946"
"164","3.10","924947","2026-03-17 17:00","ŁOWICZ ARENA","UKS BŁYSKAWICA ŁOWICZ","130699","Kopernik Toruń","130739","0:3","0","3","60","77","baza_3_10.csv","3.10|924947"
"164","3.10","924948","2026-03-17 17:00","AWZAN 271","KK271","141054","GPT Mysłowice","128747","0:3","0","3","29","75","baza_3_10.csv","3.10|924948"
"164","3.10","924949","2026-03-17 17:00","Hala Urania","Indykpol AZS Olsztyn","128620","Polish Wolves","131258","0:3","0","3","31","75","baza_3_10.csv","3.10|924949"
"164","3.10","924950","2026-03-17 17:00","Fire Ball Arena","Hot Volley Nysa","128630","Złote Orły","131740","0:3","0","3","55","75","baza_3_10.csv","3.10|924950"
"164","3.10","924951","2026-03-17 17:00","Osir","Pancio","128750","Bydgoszcz Baki","128616","1:3","1","3","82","99","baza_3_10.csv","3.10|924951"
"164","3.10","924952","2026-03-17 17:00","Arena Baranów","KS Strużanka Baranów","130994","TKS Jelenie Studzienki","130939","0:3","0","3","56","75","baza_3_10.csv","3.10|924952"
"164","3.11","925185","2026-03-17 17:00","ERGO ARENA","NIELOTY GDAŃSK","130946","Kolorowe Rumaki","131164","0:3","0","3","20","75","baza_3_11.csv","3.11|925185"
"164","3.11","925186","2026-03-17 17:00","Decha Arena","Gwoździe","140812","Enea PTPS Piła","128646","3:2","3","2","114","102","baza_3_11.csv","3.11|925186"
"164","3.11","925187","2026-03-17 17:00","Tujniczanka-Łosmanat","FC Łosarnia Tujsk","140910","Team WWW","131066","0:3","0","3","56","75","baza_3_11.csv","3.11|925187"
"164","3.11","925188","2026-03-17 17:00","Crusaders Hall","KS Crusaders","137439","ScorpioN","128617","0:3","0","3","27","75","baza_3_11.csv","3.11|925188"
"164","3.11","925189","2026-03-17 17:00","Hala Orzełek","Orzełki Team","137444","Latające Imadła","131022","0:3","0","3","33","75","baza_3_11.csv","3.11|925189"
"164","3.11","925190","2026-03-17 17:00","Kasztan","Kasztaniaki","131735","AKS Andrut Kalisz 🧇","128789","0:3","0","3","33","75","baza_3_11.csv","3.11|925190"
"164","3.11","925191","2026-03-17 17:00","Arena Wieluń","Seniorzy Wieluń","130519","Brute Force","130978","3:1","3","1","97","90","baza_3_11.csv","3.11|925191"
"164","3.11","925192","2026-03-17 17:00","PauPau Arena","PauPau","140825","Pogoń Portowcy","131768","1:3","1","3","89","97","baza_3_11.csv","3.11|925192"
"164","3.12","925425","2026-03-17 17:00","B4 Arena","Braniewo Volley","141119","🌳Leśne Ludki🌳","131712","0:3","0","3","32","75","baza_3_12.csv","3.12|925425"
"164","3.12","925426","2026-03-17 17:00","Niebieskie Piekło","Lube Rzeszów","130863","Anię dopadła grypa","140870","3:0","3","0","75","31","baza_3_12.csv","3.12|925426"
"164","3.12","925427","2026-03-17 17:00","Aciu Hall","Aciu Team","131157","Yu-Gi-Oh!","131717","0:3","0","3","12","75","baza_3_12.csv","3.12|925427"
"164","3.12","925428","2026-03-17 17:00","Arena Zawiercie","Warta Zawiercie","130562","KS Konarzewo","137342","0:3","0","3","47","75","baza_3_12.csv","3.12|925428"
"164","3.12","925429","2026-03-17 17:00","Immobile Kowary","Olimpia Kowary","137420","Ipsarion","140952","0:3","0","3","15","75","baza_3_12.csv","3.12|925429"
"164","3.12","925430","2026-03-17 17:00","Masuria Palace","ARM Volley","137419","Volley Master","130507","0:3","0","3","25","75","baza_3_12.csv","3.12|925430"
"164","3.12","925431","2026-03-17 17:00","Sparta","300-stuSpartan","137376","Zawisza Olsztyn","128659","3:0","3","0","76","67","baza_3_12.csv","3.12|925431"
"164","3.12","925432","2026-03-17 17:00","Losir Luboń","Acapulco Stalion","128733","The Ops","131290","3:1","3","1","92","88","baza_3_12.csv","3.12|925432"
"164","3.13","925665","2026-03-17 17:00","Hala im. Sędziów","Sędziowie Bydgoszcz","140960","PolskieOrły","128769","0:3","0","3","9","75","baza_3_13.csv","3.13|925665"
"164","3.13","925666","2026-03-17 17:00","TwentyFive.pl","TwentyFive.pl","130518","Red Devils","128725","3:0","3","0","75","38","baza_3_13.csv","3.13|925666"
"164","3.13","925667","2026-03-17 17:00","Olkop Arena","Trentino Młodzieszyn","128599","MKS ŁĘCZYCA","128741","0:3","0","3","19","75","baza_3_13.csv","3.13|925667"
"164","3.13","925668","2026-03-17 17:00","Leszno Arena","Unia Leszno","131196","Raven","140853","0:3","0","3","55","75","baza_3_13.csv","3.13|925668"
"164","3.13","925669","2026-03-17 17:00","Hala Cześniosko","LKS  ASERTO Trześń","131723","Brave Vikings","131709","0:3","0","3","24","75","baza_3_13.csv","3.13|925669"
"164","3.13","925670","2026-03-17 17:00","Szmulki","Szmulki","140963","Aleleble","128628","0:3","0","3","40","75","baza_3_13.csv","3.13|925670"
"164","3.13","925671","2026-03-17 17:00","Szczoty","Spartakus Radom","131248","ProgressTeam","128806","3:1","3","1","98","78","baza_3_13.csv","3.13|925671"
"164","3.13","925672","2026-03-17 17:00","Rat Arena","🐀Ratty Rattas🐀","128707","☣️ MY TU TEGO BAGNO 💩💩    🔝","130911","1:3","1","3","77","96","baza_3_13.csv","3.13|925672"
"164","3.14","925905","2026-03-17 17:00","Foxx Volley Arena","Kanzas Foxx","137481","III Piastowskie","130858","0:3","0","3","13","75","baza_3_14.csv","3.14|925905"
"164","3.14","925906","2026-03-17 17:00","Osir Trzemeszno","Skra Trzemeszno","131217","Zryw","141102","3:2","3","2","93","97","baza_3_14.csv","3.14|925906"
"164","3.14","925907","2026-03-17 17:00","SANTIAGO BERNABEU","NTS NAKŁO NAD NOTECIĄ","128729","Farciarze FC","128734","0:3","0","3","43","75","baza_3_14.csv","3.14|925907"
"164","3.14","925908","2026-03-17 17:00","Energia","BT ENERGIA","137456","Mierzwicanka Mierzwice","130539","0:3","0","3","27","75","baza_3_14.csv","3.14|925908"
"164","3.14","925909","2026-03-17 17:00","Hala Grabów Stadium","KS GRABÓW","130543","Hit Happens","131734","0:3","0","3","45","75","baza_3_14.csv","3.14|925909"
"164","3.14","925910","2026-03-17 17:00","Kubikownia","Kubiki","130510","Arbuzy i Kebaby","130611","1:3","1","3","72","101","baza_3_14.csv","3.14|925910"
"164","3.14","925911","2026-03-17 17:00","Shtosee Sky arena","Shtosee volley team","128680","KS Brzeziny","128710","2:3","2","3","102","106","baza_3_14.csv","3.14|925911"
"164","3.14","925912","2026-03-17 17:00","pONczek Arena","pONczek Team","130540","Lajony Kingzz","131747","0:3","0","3","55","75","baza_3_14.csv","3.14|925912"
"164","3.15","926145","2026-03-17 17:00","Wierzeje ARENA","Wierzeje","141108","G.T.S. Unia Choceń","128749","0:3","0","3","21","75","baza_3_15.csv","3.15|926145"
"164","3.15","926146","2026-03-17 17:00","Urania","AZT Tytan Czestochowa","128743","Ks Kedzierzyn","128713","3:0","3","0","75","48","baza_3_15.csv","3.15|926146"
"164","3.15","926147","2026-03-17 17:00","Sportowa","LTS Feniks Leżajsk","141106","Śląskie Burrito","131722","0:3","0","3","42","75","baza_3_15.csv","3.15|926147"
"164","3.15","926148","2026-03-17 17:00","Ultras Hall","Fenix Siennica","130586","W124","137366","0:3","0","3","38","75","baza_3_15.csv","3.15|926148"
"164","3.15","926149","2026-03-17 17:00","Misiakowo","Gumi-Misie","131244","Lech Sulechów","128625","2:3","2","3","99","110","baza_3_15.csv","3.15|926149"
"164","3.15","926150","2026-03-17 17:00","Hala Sportowa Okalew","KS Okalew","131073","Victoria Dobra","131261","0:3","0","3","24","75","baza_3_15.csv","3.15|926150"
"164","3.15","926151","2026-03-17 17:00","MakosHall","Makosiki","128780","Finlandia Opole Lubelskie","130910","0:3","0","3","34","75","baza_3_15.csv","3.15|926151"
"164","3.15","926152","2026-03-17 17:00","JaqbArena","JaqbTeam","128695","FC Świętopełka 🔥","128802","2:3","2","3","103","105","baza_3_15.csv","3.15|926152"
"164","3.16","926385","2026-03-17 17:00","Hala Miejska","PKS Choszczno","140884","Blackburn Toruń","128601","0:3","0","3","25","75","baza_3_16.csv","3.16|926385"
"164","3.16","926386","2026-03-17 17:00","Spodek Głuchołazy","Zadar Głuchołazy","128664","Gryf Policzna","140747","0:3","0","3","29","75","baza_3_16.csv","3.16|926386"
"164","3.16","926387","2026-03-17 17:00","Die Freie Stadt Danzig Sporthalle","Die Freie Stadt Danzig","130661","La Vida Loca","131011","3:0","3","0","75","34","baza_3_16.csv","3.16|926387"
"164","3.16","926388","2026-03-17 17:00","Knights Arena","🪿⎛⎝( ` ᢍ ´ )⎠⎞ᵐᵘʰᵃʰᵃ🦇","131021","PGJ Azoty","130845","3:0","3","0","75","48","baza_3_16.csv","3.16|926388"
"164","3.16","926389","2026-03-17 17:00","San","Juve","131236","AquaSharks","128771","0:3","0","3","26","75","baza_3_16.csv","3.16|926389"
"164","3.16","926390","2026-03-17 17:00","HalaGT","GizoTeam","128693","Znienacka team","130933","0:3","0","3","46","75","baza_3_16.csv","3.16|926390"
"164","3.16","926391","2026-03-17 17:00","poezyje","sanah","131179","Złote Wilki","128790","3:2","3","2","108","93","baza_3_16.csv","3.16|926391"
"164","3.16","926392","2026-03-17 17:00","Camp Nou","Lance Armstrong","131718","V-DRIFTERS","131254","3:2","3","2","103","86","baza_3_16.csv","3.16|926392"
"164","1.1","921577","2026-03-15 19:00","Dano Arena!","Dano Dream Team","130607","Pilica Koniecpol","130885","3:1","3","1","93","95","baza_1_1.csv","1.1|921577"
"164","1.1","921578","2026-03-15 19:00","Kudahuvadhoo 🏝️","Carplife 🇵🇱","130954","Dzikie Rumaxy","128638","3:2","3","2","107","102","baza_1_1.csv","1.1|921578"
"164","1.1","921579","2026-03-15 19:00","Wioska Smerfów","Smerfy","128764","Tsunami Rzeplin","128717","0:3","0","3","46","75","baza_1_1.csv","1.1|921579"
"164","1.1","921580","2026-03-15 19:00","Qweta","VC Kittens","128580","Volleyball Team Zduńska Wola","128603","3:1","3","1","97","84","baza_1_1.csv","1.1|921580"
"164","1.1","921581","2026-03-15 19:00","GOSTiR Rzgów","AKS Volley Łódź","131002","Wratislawia Wrocław","128772","3:0","3","0","75","60","baza_1_1.csv","1.1|921581"
"164","1.1","921582","2026-03-15 19:00","Mordor","Kuźnia Byków","130744","Penguin Małomice","128781","2:3","2","3","102","99","baza_1_1.csv","1.1|921582"
"164","1.1","921583","2026-03-15 19:00","The Orchid","DHARMA Initiative","128577","Go Tigers","128631","3:0","3","0","75","54","baza_1_1.csv","1.1|921583"
"164","1.1","921584","2026-03-15 19:00","Hala Widowiskowo-Sportowa \""AZOTY\""","ZAKSA Bochotnica","128722","Incognito Volley","128619","3:0","3","0","76","66","baza_1_1.csv","1.1|921584"
"164","2.1","921817","2026-03-15 19:00","Krzywuchowe Moczary","Velen Volleyball Club","128684","Saracens","128615","1:3","1","3","84","91","baza_2_1.csv","2.1|921817"
"164","2.1","921818","2026-03-15 19:00","LukArena","LukTeam","131134","CF Mleczne Olsztyn","128668","3:0","3","0","79","70","baza_2_1.csv","2.1|921818"
"164","2.1","921819","2026-03-15 19:00","Ping Pong Arena","Najlepsi z Najlepszych","130520","Young Team","128708","3:0","3","0","75","56","baza_2_1.csv","2.1|921819"
"164","2.1","921820","2026-03-15 19:00","Field House","Miesiany Miesiany","128676","Hydra VT Gdańsk","128612","3:2","3","2","115","108","baza_2_1.csv","2.1|921820"
"164","2.1","921821","2026-03-15 19:00","Ośrodek Karny Rivii Arena 🎯","Smerfy z Rivii ⚔️⚔️🛡️","130934","Libero Gorzków","128703","3:0","3","0","75","49","baza_2_1.csv","2.1|921821"
"164","2.1","921822","2026-03-15 19:00","Mleczne Arena","Sprzeda Mecz","128663","Błyskawica Janów","131242","3:1","3","1","98","77","baza_2_1.csv","2.1|921822"
"164","2.1","921823","2026-03-15 19:00","Silver Hall","Silver Arsenal","130505","Pogromcy Gdańsk","131205","1:3","1","3","86","98","baza_2_1.csv","2.1|921823"
"164","2.1","921824","2026-03-15 19:00","Parkhead","Celtic VC","128735","CYTRYNIEC CHIŃSKI","130809","3:0","3","0","75","59","baza_2_1.csv","2.1|921824"
"164","2.2","922057","2026-03-15 19:00","Blok Centralny","Zakład Karny w Strzelinie","128751","CSKA Mielec","128613","1:3","1","3","95","105","baza_2_2.csv","2.2|922057"
"164","2.2","922058","2026-03-15 19:00","Siatkarskie Podlasie","SiatkarskiePodlasie.pl","130565","RKS","128588","2:3","2","3","91","110","baza_2_2.csv","2.2|922058"
"164","2.2","922059","2026-03-15 19:00","Olimp Arena","UKS Olimp Ostrołęka","128604","Silver Sharks Lublin 🦈","128674","3:1","3","1","98","77","baza_2_2.csv","2.2|922059"
"164","2.2","922060","2026-03-15 19:00","LEGO Arena","Czorty Chorzów","130959","Bydgoszcz Spartans","128726","0:3","0","3","54","75","baza_2_2.csv","2.2|922060"
"164","2.2","922061","2026-03-15 19:00","MAKDOM ARENA","MAKDOM","128660","Nosmeisy","128686","1:3","1","3","84","93","baza_2_2.csv","2.2|922061"
"164","2.2","922062","2026-03-15 19:00","Chausseestrasse arena","Rutz","130854","AJAX PIASTY","130797","3:0","3","0","75","57","baza_2_2.csv","2.2|922062"
"164","2.2","922063","2026-03-15 19:00","Mroczna Arena","👽Strażnicy Cienia👽","128711","Millennium Siemianowice","130955","0:3","0","3","42","75","baza_2_2.csv","2.2|922063"
"164","2.2","922064","2026-03-15 19:00","Wild Hall","Thorn Lynxes","131219","Ranczo Wilkowyje","130915","3:2","3","2","110","96","baza_2_2.csv","2.2|922064"
"164","2.3","922297","2026-03-15 19:00","Ragnarok","Vikings","128756","🦣 KS MAMUTY 🦣","130549","3:0","3","0","75","50","baza_2_3.csv","2.3|922297"
"164","2.3","922298","2026-03-15 19:00","Hala im. TW Bolka","Bolek i lolek 🤙","128586","KKS Gryf Lębork","128809","3:2","3","2","97","109","baza_2_3.csv","2.3|922298"
"164","2.3","922299","2026-03-15 19:00","カラスの巣","Karasuno","128635","Polonia Bytom","130871","3:0","3","0","75","57","baza_2_3.csv","2.3|922299"
"164","2.3","922300","2026-03-15 19:00","Silver Pearl Stadium","KS Budowlani Kołacin 👷🏻","128629","Stara Gwardia Nakło ⚔️","128688","3:0","3","0","75","46","baza_2_3.csv","2.3|922300"
"164","2.3","922301","2026-03-15 19:00","Kocioł","Budowlani Nysa","130574","Skoczne Karakany","130767","3:1","3","1","98","85","baza_2_3.csv","2.3|922301"
"164","2.3","922302","2026-03-15 19:00","Ver","Vernixo","128679","Zabrzański Górnik","128816","3:1","3","1","97","83","baza_2_3.csv","2.3|922302"
"164","2.3","922303","2026-03-15 19:00","Zoo","Wściekłe Tygrysy","128782","EnergiaPro Gwardia Wrocław","130757","0:3","0","3","57","75","baza_2_3.csv","2.3|922303"
"164","2.3","922304","2026-03-15 19:00","Radomskie Centrum Sportu","RCS Czarni Radom","128600","Projekt Warszawa","128614","3:2","3","2","100","97","baza_2_3.csv","2.3|922304"
"164","2.4","922537","2026-03-15 19:00","In the middle of nowhere","Unknown Team","128636","Ohana Gliwice","130945","1:3","1","3","76","97","baza_2_4.csv","2.4|922537"
"164","2.4","922538","2026-03-15 19:00","we no WHO U r","massive dongs","128592","BKS Białystok","128644","3:2","3","2","107","88","baza_2_4.csv","2.4|922538"
"164","2.4","922539","2026-03-15 19:00","kiczan arena","kiczan team zduńska wola","128596","Alpha","131086","3:0","3","0","75","50","baza_2_4.csv","2.4|922539"
"164","2.4","922540","2026-03-15 19:00","Mozt","TEXańska Masakra Piłą Ręczną","131293","Turbo Śpiochy","128578","3:1","3","1","99","89","baza_2_4.csv","2.4|922540"
"164","2.4","922541","2026-03-15 19:00","Bystra Bochotnica Arena","Bystra Bochotnica","128657","QUEERTISONEK TEAM","131147","3:0","3","0","75","53","baza_2_4.csv","2.4|922541"
"164","2.4","922542","2026-03-15 19:00","Może zagram","Fc MiSieNieChce","130908","KS Kawoholicy","131724","0:3","0","3","41","75","baza_2_4.csv","2.4|922542"
"164","2.4","922543","2026-03-15 19:00","Aviator arena","BH STAL MIELEC","130769","Pioruny  i Grzmoty","130966","2:3","2","3","94","103","baza_2_4.csv","2.4|922543"
"164","2.4","922544","2026-03-15 19:00","Torwar","Vamos","128714","Sivass-Pol De Mare","128794","0:3","0","3","65","75","baza_2_4.csv","2.4|922544"
"164","3.1","922777","2026-03-15 17:00","Letalnica","Team Spiryt Chorzów","130958","PGE Bubisie Bździochy","130773","3:0","3","0","75","59","baza_3_1.csv","3.1|922777"
"164","3.1","922778","2026-03-15 17:00","Celtics Hall","Bochotnica Celtics","128639","Cicely","128704","3:0","3","0","75","49","baza_3_1.csv","3.1|922778"
"164","3.1","922779","2026-03-15 17:00","Nati Memorial Hall","⭐ Nati ⭐ 1995 ⭐  ∞  ⭐","130585","Avengers","130920","1:3","1","3","91","88","baza_3_1.csv","3.1|922779"
"164","3.1","922780","2026-03-15 17:00","TU Arena","TaUrsy","130537","Renifers","128675","0:3","0","3","5","75","baza_3_1.csv","3.1|922780"
"164","3.1","922781","2026-03-15 17:00","KorpoArena","Korporacja Gwiazd Bezrobocia","128595","Drużyna Pierścienia","141064","3:0","3","0","75","44","baza_3_1.csv","3.1|922781"
"164","3.1","922782","2026-03-15 17:00","Kamienieckie Doły","Cargo Kamieniec Ząbkowicki","151049","Vollley Rybnik","137468","3:0","3","0","75","34","baza_3_1.csv","3.1|922782"
"164","3.1","922783","2026-03-15 17:00","SRS Bernabeu","SRS Katarina","137403","Orzeł Grzędzice","128728","3:0","3","0","75","25","baza_3_1.csv","3.1|922783"
"164","3.1","922784","2026-03-15 17:00","Ownz Ya! :: Arena","Team :: Ownz Ya!","130572","Zaksa Kędzierzyn - Koźle","131200","3:0","3","0","75","30","baza_3_1.csv","3.1|922784"
"164","3.2","923017","2026-03-15 17:00","Malinowe marzenie","Maliniaczki","131020","Plas Kaźmierz","137421","3:0","3","0","75","64","baza_3_2.csv","3.2|923017"
"164","3.2","923018","2026-03-15 17:00","Arena Chłopów","ChlopkiTeam","128606","Fiorentina Nakło","130905","3:0","3","0","77","64","baza_3_2.csv","3.2|923018"
"164","3.2","923019","2026-03-15 17:00","DZIK ŁÓDŹ ARENA","JTCNW Łódź","131093","Siatka Krzemieniewo","128597","3:0","3","0","75","60","baza_3_2.csv","3.2|923019"
"164","3.2","923020","2026-03-15 17:00","Urania Olsztyn","ChudyTeam","130535","CVB Barça","141012","3:0","3","0","75","13","baza_3_2.csv","3.2|923020"
"164","3.2","923021","2026-03-15 17:00","Grota tajemnic","Czarne plamy","128655","GALACTICOS FC","131018","3:0","3","0","75","26","baza_3_2.csv","3.2|923021"
"164","3.2","923022","2026-03-15 17:00","Storm","WIPP Thunder","128672","Wiejski Klub Kielno","130498","3:0","3","0","75","17","baza_3_2.csv","3.2|923022"
"164","3.2","923023","2026-03-15 17:00","Wylęgarnia Potworów","Nocne Potwory","128803","Zegrze Nieporęt","131194","3:1","3","1","100","81","baza_3_2.csv","3.2|923023"
"164","3.2","923024","2026-03-15 17:00","Stodoła 97","VC  Ziębka Team","130503","Huragan Białobrzegi","131065","3:0","3","0","75","39","baza_3_2.csv","3.2|923024"
"164","3.3","923257","2026-03-15 17:00","Phoenix Scene","Phoenix Fire","128687","Ale co","128694","3:2","3","2","99","98","baza_3_3.csv","3.3|923257"
"164","3.3","923258","2026-03-15 17:00","Mazakowa hala sportowa","Mazaki VC","131006","RG Olsztyn","128652","3:0","3","0","75","44","baza_3_3.csv","3.3|923258"
"164","3.3","923259","2026-03-15 17:00","Jeżodrom","Jeżomyszy🦔z Marsa🪐","130972","!STAL NYSA","130728","3:0","3","0","75","47","baza_3_3.csv","3.3|923259"
"164","3.3","923260","2026-03-15 17:00","Urania","Bad Boys Team","128706","KS Zamienie","141062","3:0","3","0","75","21","baza_3_3.csv","3.3|923260"
"164","3.3","923261","2026-03-15 17:00","Dytto","DragonGAYS Polska","130705","FC Misieniechce Radom","130676","3:0","3","0","75","6","baza_3_3.csv","3.3|923261"
"164","3.3","923262","2026-03-15 17:00","NWWALC Stadium","OFIME Targówek","131746","Kotwica Kołobrzeg","128801","3:1","3","1","101","90","baza_3_3.csv","3.3|923262"
"164","3.3","923263","2026-03-15 17:00","NiuniuCamp","NiuniuTeam","137395","RINZLER","128627","3:2","3","2","108","95","baza_3_3.csv","3.3|923263"
"164","3.3","923264","2026-03-15 17:00","Drink Arena","Drink Team","141020","Zduńska Wola Team","128640","2:3","2","3","104","93","baza_3_3.csv","3.3|923264"
"164","3.4","923497","2026-03-15 17:00","Valiant Boys","Valiant Boys","130826","Trefl","131199","1:3","1","3","69","95","baza_3_4.csv","3.4|923497"
"164","3.4","923498","2026-03-15 17:00","Ultras1908","eŁKSa1908","130836","Trefl Gdańsk Pomorze","130509","3:1","3","1","97","74","baza_3_4.csv","3.4|923498"
"164","3.4","923499","2026-03-15 17:00","Cytrynowe Pandemonium","Sycylijskie Cytryniaki","130704","toto","128731","3:0","3","0","75","4","baza_3_4.csv","3.4|923499"
"164","3.4","923500","2026-03-15 17:00","Los Rakos arena","Los Rakos","137449","Asseco Resovia","131163","3:0","3","0","75","17","baza_3_4.csv","3.4|923500"
"164","3.4","923501","2026-03-15 17:00","Smocza Jama","Smoczy Gród","131131","Choroszcza Olsztyn","130774","3:0","3","0","75","39","baza_3_4.csv","3.4|923501"
"164","3.4","923502","2026-03-15 17:00","Leszczyny arena","Volley Leszczyny","137412","Potok city","140815","3:1","3","1","96","65","baza_3_4.csv","3.4|923502"
"164","3.4","923503","2026-03-15 17:00","Arena Albigowa","SST SPORTUR GMINA ŁAŃCUT","128795","PIAST Strzelce Opolskie","130555","3:0","3","0","75","42","baza_3_4.csv","3.4|923503"
"164","3.4","923504","2026-03-15 17:00","GOKSiR Konstancin","IKS Konstancin - Jeziorna","131223","KS Świt Baranowo","128589","0:3","0","3","37","75","baza_3_4.csv","3.4|923504"
"164","3.5","923737","2026-03-15 17:00","Baltic Arena","KKS Kaszubia Kościerzyna","128786","VC BORDER","128622","3:0","3","0","75","49","baza_3_5.csv","3.5|923737"
"164","3.5","923738","2026-03-15 17:00","OPOLE_ARENA","OPOLE","130500","CAMORRA VC","130516","3:2","3","2","107","99","baza_3_5.csv","3.5|923738"
"164","3.5","923739","2026-03-15 17:00","Ninjutsu Arena 2024","S-Ninjas","130582","RafaTeam Lipusz","130561","3:0","3","0","75","44","baza_3_5.csv","3.5|923739"
"164","3.5","923740","2026-03-15 17:00","Volley Arena","SKS Iłżanka Baranów","128715","Kosmiczne Mandarynki","128609","3:0","3","0","75","37","baza_3_5.csv","3.5|923740"
"164","3.5","923741","2026-03-15 17:00","Arena Poznań","PGE Skra Poznań","130781","ULTRAS-PL","130527","3:0","3","0","75","34","baza_3_5.csv","3.5|923741"
"164","3.5","923742","2026-03-15 17:00","Arena Krosno","Iskra Krosno","128667","AKS Śliw@","128584","3:0","3","0","75","32","baza_3_5.csv","3.5|923742"
"164","3.5","923743","2026-03-15 17:00","KSW ARENA","KSW7","140968","Bart Thorn","130726","3:0","3","0","75","40","baza_3_5.csv","3.5|923743"
"164","3.5","923744","2026-03-15 17:00","Dwa słupki i sznurek azt","Aniołki Toruń","130820","AKS VOLLEY  DOBRA","141110","0:3","0","3","31","75","baza_3_5.csv","3.5|923744"
"164","3.6","923977","2026-03-15 17:00","Słomin centre","Projekt Słomin","128700","KS Jastrzębie","130545","3:1","3","1","88","84","baza_3_6.csv","3.6|923977"
"164","3.6","923978","2026-03-15 17:00","The Others Arena","Black Smoke","137347","Browary Hills","130979","3:2","3","2","112","97","baza_3_6.csv","3.6|923978"
"164","3.6","923979","2026-03-15 17:00","Olle hall","Victoria Wałbrzych","128774","Ikjas Toruń","131062","3:0","3","0","75","31","baza_3_6.csv","3.6|923979"
"164","3.6","923980","2026-03-15 17:00","Arena Siemianowice","MKS Siemianowice","128799","Young Team Reaktywacja","140951","3:0","3","0","75","30","baza_3_6.csv","3.6|923980"
"164","3.6","923981","2026-03-15 17:00","Ceremony Place Soreide","Groszowice Soreide","130604","Kudowianka Kudowa-Zdrój","131235","3:0","3","0","75","24","baza_3_6.csv","3.6|923981"
"164","3.6","923982","2026-03-15 17:00","Strongman Arena","RTS.Strongman Małecz","130601","Pogoń Żubr","130564","3:0","3","0","75","46","baza_3_6.csv","3.6|923982"
"164","3.6","923983","2026-03-15 17:00","Arena Twierdza","Twierdza Teodorówka","130591","SMS Rzeszów","137337","3:0","3","0","75","16","baza_3_6.csv","3.6|923983"
"164","3.6","923984","2026-03-15 17:00","Hala Limanowa","KS Limanowa","140814","Są Gorsi","130693","0:3","0","3","28","75","baza_3_6.csv","3.6|923984"
"164","3.7","924217","2026-03-15 17:00","San Siro","Stocznia Gdańsk","130595","KZN","131229","3:0","3","0","75","43","baza_3_7.csv","3.7|924217"
"164","3.7","924218","2026-03-15 17:00","Hala PP Piotrowo","AZS Politechnika Poznańska","128759","Latające Dżdżownice","140796","1:3","1","3","80","97","baza_3_7.csv","3.7|924218"
"164","3.7","924219","2026-03-15 17:00","Spodek Viadukt","Volania Jeleninhos","131141","Orły","137486","3:0","3","0","75","52","baza_3_7.csv","3.7|924219"
"164","3.7","924220","2026-03-15 17:00","Meteora Arena","Linkin Park United","130617","Dąbrowskie Pioruny","140781","3:0","3","0","75","21","baza_3_7.csv","3.7|924220"
"164","3.7","924221","2026-03-15 17:00","Reksio Arena","Mighty Bears","130513","Błysk2","131225","3:1","3","1","97","77","baza_3_7.csv","3.7|924221"
"164","3.7","924222","2026-03-15 17:00","Immobile Łuczniczka","BKS Visła Bydgoszcz","131284","SDJ Janów","131251","3:0","3","0","75","48","baza_3_7.csv","3.7|924222"
"164","3.7","924223","2026-03-15 17:00","Haba","Ghrum","130784","FFP Virtual Volley","130573","3:0","3","0","75","35","baza_3_7.csv","3.7|924223"
"164","3.7","924224","2026-03-15 17:00","Rotavia Arena","LKS Rotavia Nieporęt","128730","Dyliżans Brzózka","137454","3:2","3","2","105","104","baza_3_7.csv","3.7|924224"
"164","3.8","924457","2026-03-15 17:00","Stilon Arena","Stilon Gorzów","130891","Jang Tim","128677","3:0","3","0","75","50","baza_3_8.csv","3.8|924457"
"164","3.8","924458","2026-03-15 17:00","Hala Energia","PGE GIEK Skra Bełchatów","130721","Rockers Wrocław","128605","1:3","1","3","86","97","baza_3_8.csv","3.8|924458"
"164","3.8","924459","2026-03-15 17:00","Tylmanowa Arena","Aptekarz Tylmanowa","128720","Anioły Toruń","130514","3:0","3","0","75","27","baza_3_8.csv","3.8|924459"
"164","3.8","924460","2026-03-15 17:00","Kolonia Arena","Volley Królewscy Jedlnia","130524","MKS Dąbrowa Górnicza","128800","3:0","3","0","75","48","baza_3_8.csv","3.8|924460"
"164","3.8","924461","2026-03-15 17:00","Fabryczna Union Arena","Budowlani Łódź","128736","ZAKSA ŚWINOUJŚCIE","130896","3:0","3","0","75","19","baza_3_8.csv","3.8|924461"
"164","3.8","924462","2026-03-15 17:00","Hell","Przebój Wolbrom","130621","Fc Albatros","131276","3:0","3","0","75","23","baza_3_8.csv","3.8|924462"
"164","3.8","924463","2026-03-15 17:00","Kiciniowo","Fc Kiciusie","140744","Dallas Mavericks","128666","3:0","3","0","75","28","baza_3_8.csv","3.8|924463"
"164","3.8","924464","2026-03-15 17:00","KND Arena","KndSynu Cios","137411","AZS PRIME Olsztyn","137361","3:0","3","0","75","26","baza_3_8.csv","3.8|924464"
"164","3.9","924697","2026-03-15 17:00","Hala Relax","Volley Team Piotrków Tryb.","128724","Zaksa Mszczonów","130593","0:3","0","3","51","75","baza_3_9.csv","3.9|924697"
"164","3.9","924698","2026-03-15 17:00","HalaAT","ActiVeTeam","128702","Zamek Golub-Dobrzyń","131227","3:1","3","1","103","91","baza_3_9.csv","3.9|924698"
"164","3.9","924699","2026-03-15 17:00","VST Hala Sportowa","Volleyball Szubin Team","128579","Galaxia Kwielice","130973","3:0","3","0","75","27","baza_3_9.csv","3.9|924699"
"164","3.9","924700","2026-03-15 17:00","Volley Citadel","Spartans Volley","130930","SGS Goleniów","137350","3:0","3","0","78","60","baza_3_9.csv","3.9|924700"
"164","3.9","924701","2026-03-15 17:00","XYZ","ZYX","131059","GSY","130525","3:1","3","1","92","75","baza_3_9.csv","3.9|924701"
"164","3.9","924702","2026-03-15 17:00","Bonito Arena","Joga Bonito","137493","Flying Spiders","140867","3:0","3","0","75","24","baza_3_9.csv","3.9|924702"
"164","3.9","924703","2026-03-15 17:00","Sardegna Hall","Sardegna Volley","137467","Czarni Piasek","128752","3:0","3","0","75","43","baza_3_9.csv","3.9|924703"
"164","3.9","924704","2026-03-15 17:00","Hala Brzeziny","SBX TEAM","140751","Jagiellonia Białystok","140856","3:0","3","0","75","30","baza_3_9.csv","3.9|924704"
"164","3.10","924937","2026-03-15 17:00","JednakGramy Arena","JednakGramy","128768","KS Strużanka Baranów","130994","3:1","3","1","100","96","baza_3_10.csv","3.10|924937"
"164","3.10","924938","2026-03-15 17:00","Hala sportowa w Paterku ul. Kcyńska 6A","TKS Jelenie Studzienki","130939","Pancio","128750","3:0","3","0","77","65","baza_3_10.csv","3.10|924938"
"164","3.10","924939","2026-03-15 17:00","Crucible","Bydgoszcz Baki","128616","Hot Volley Nysa","128630","3:0","3","0","76","63","baza_3_10.csv","3.10|924939"
"164","3.10","924940","2026-03-15 17:00","Stadion Złotych Orłów","Złote Orły","131740","Indykpol AZS Olsztyn","128620","3:0","3","0","75","41","baza_3_10.csv","3.10|924940"
"164","3.10","924941","2026-03-15 17:00","Wataha","Polish Wolves","131258","KK271","141054","3:0","3","0","75","15","baza_3_10.csv","3.10|924941"
"164","3.10","924942","2026-03-15 17:00","Osyra Stadion","GPT Mysłowice","128747","UKS BŁYSKAWICA ŁOWICZ","130699","3:1","3","1","98","74","baza_3_10.csv","3.10|924942"
"164","3.10","924943","2026-03-15 17:00","Piernik Arena","Kopernik Toruń","130739","BBTS Bielsko-Biała","137383","2:3","2","3","109","102","baza_3_10.csv","3.10|924943"
"164","3.10","924944","2026-03-15 17:00","R22","TSW Wisła Kraków","151056","Tigers","128634","3:0","3","0","75","18","baza_3_10.csv","3.10|924944"
"164","3.11","925177","2026-03-15 17:00","Stajnia Jednorożców","Kolorowe Rumaki","131164","PauPau","140825","3:1","3","1","86","64","baza_3_11.csv","3.11|925177"
"164","3.11","925178","2026-03-15 17:00","Pogoń Arena","Pogoń Portowcy","131768","Seniorzy Wieluń","130519","3:2","3","2","103","108","baza_3_11.csv","3.11|925178"
"164","3.11","925179","2026-03-15 17:00","Brute Force Arena","Brute Force","130978","Kasztaniaki","131735","3:1","3","1","96","69","baza_3_11.csv","3.11|925179"
"164","3.11","925180","2026-03-15 17:00","Hala Chrupnięcia","AKS Andrut Kalisz 🧇","128789","Orzełki Team","137444","3:0","3","0","75","23","baza_3_11.csv","3.11|925180"
"164","3.11","925181","2026-03-15 17:00","Upadła Arena","Latające Imadła","131022","KS Crusaders","137439","3:0","3","0","75","20","baza_3_11.csv","3.11|925181"
"164","3.11","925182","2026-03-15 17:00","Szklanka Wódki xD","ScorpioN","128617","FC Łosarnia Tujsk","140910","3:0","3","0","75","55","baza_3_11.csv","3.11|925182"
"164","3.11","925183","2026-03-15 17:00","Arena W","Team WWW","131066","Gwoździe","140812","3:0","3","0","75","17","baza_3_11.csv","3.11|925183"
"164","3.11","925184","2026-03-15 17:00","hala MOSiR","Enea PTPS Piła","128646","NIELOTY GDAŃSK","130946","3:0","3","0","75","25","baza_3_11.csv","3.11|925184"
"164","3.12","925417","2026-03-15 17:00","Sparbanken Skåne Arena","🌳Leśne Ludki🌳","131712","Acapulco Stalion","128733","0:3","0","3","51","75","baza_3_12.csv","3.12|925417"
"164","3.12","925418","2026-03-15 17:00","Bagno","The Ops","131290","300-stuSpartan","137376","3:1","3","1","93","73","baza_3_12.csv","3.12|925418"
"164","3.12","925419","2026-03-15 17:00","Hala Urania of City Olsztyn","Zawisza Olsztyn","128659","ARM Volley","137419","3:0","3","0","75","28","baza_3_12.csv","3.12|925419"
"164","3.12","925420","2026-03-15 17:00","Lesko Arena","Volley Master","130507","Olimpia Kowary","137420","3:0","3","0","75","16","baza_3_12.csv","3.12|925420"
"164","3.12","925421","2026-03-15 17:00","Ipsarion","Ipsarion","140952","Warta Zawiercie","130562","3:1","3","1","85","76","baza_3_12.csv","3.12|925421"
"164","3.12","925422","2026-03-15 17:00","Konarzewo Arena","KS Konarzewo","137342","Aciu Team","131157","3:0","3","0","75","5","baza_3_12.csv","3.12|925422"
"164","3.12","925423","2026-03-15 17:00","Match Of The Millennium","Yu-Gi-Oh!","131717","Lube Rzeszów","130863","3:0","3","0","75","28","baza_3_12.csv","3.12|925423"
"164","3.12","925424","2026-03-15 17:00","Prognozy dzisiaj nie będzie","Anię dopadła grypa","140870","Braniewo Volley","141119","0:3","0","3","24","75","baza_3_12.csv","3.12|925424"
"164","3.13","925657","2026-03-15 17:00","Orły hall","PolskieOrły","128769","🐀Ratty Rattas🐀","128707","3:1","3","1","98","74","baza_3_13.csv","3.13|925657"
"164","3.13","925658","2026-03-15 17:00","TUR TUREK KOCIOŁ SILNIK PODKRĘCONY TEJ","☣️ MY TU TEGO BAGNO 💩💩    🔝","130911","Spartakus Radom","131248","2:3","2","3","105","106","baza_3_13.csv","3.13|925658"
"164","3.13","925659","2026-03-15 17:00","Progress Arena","ProgressTeam","128806","Szmulki","140963","3:0","3","0","75","32","baza_3_13.csv","3.13|925659"
"164","3.13","925660","2026-03-15 17:00","Im. Św. Qbiniego","Aleleble","128628","LKS  ASERTO Trześń","131723","3:0","3","0","75","28","baza_3_13.csv","3.13|925660"
"164","3.13","925661","2026-03-15 17:00","Valhalla","Brave Vikings","131709","Unia Leszno","131196","3:0","3","0","75","45","baza_3_13.csv","3.13|925661"
"164","3.13","925662","2026-03-15 17:00","Lokomotiv Plzen","Raven","140853","Trentino Młodzieszyn","128599","3:0","3","0","75","17","baza_3_13.csv","3.13|925662"
"164","3.13","925663","2026-03-15 17:00","MKS1956","MKS ŁĘCZYCA","128741","TwentyFive.pl","130518","3:0","3","0","76","57","baza_3_13.csv","3.13|925663"
"164","3.13","925664","2026-03-15 17:00","RD Arena","Red Devils","128725","Sędziowie Bydgoszcz","140960","3:0","3","0","75","11","baza_3_13.csv","3.13|925664"
"164","3.14","925897","2026-03-15 17:00","Dąbrówka Arena","III Piastowskie","130858","pONczek Team","130540","0:3","0","3","41","75","baza_3_14.csv","3.14|925897"
"164","3.14","925898","2026-03-15 17:00","Lions Stadium","Lajony Kingzz","131747","Shtosee volley team","128680","3:0","3","0","75","56","baza_3_14.csv","3.14|925898"
"164","3.14","925899","2026-03-15 17:00","Old Trafford","KS Brzeziny","128710","Kubiki","130510","3:0","3","0","75","55","baza_3_14.csv","3.14|925899"
"164","3.14","925900","2026-03-15 17:00","Bebzol","Arbuzy i Kebaby","130611","KS GRABÓW","130543","3:0","3","0","75","30","baza_3_14.csv","3.14|925900"
"164","3.14","925901","2026-03-15 17:00","Hit Dome","Hit Happens","131734","BT ENERGIA","137456","3:0","3","0","75","16","baza_3_14.csv","3.14|925901"
"164","3.14","925902","2026-03-15 17:00","Mierzwice Arena","Mierzwicanka Mierzwice","130539","NTS NAKŁO NAD NOTECIĄ","128729","3:0","3","0","75","39","baza_3_14.csv","3.14|925902"
"164","3.14","925903","2026-03-15 17:00","Hala FC","Farciarze FC","128734","Skra Trzemeszno","131217","3:0","3","0","75","64","baza_3_14.csv","3.14|925903"
"164","3.14","925904","2026-03-15 17:00",".......","Zryw","141102","Kanzas Foxx","137481","3:0","3","0","75","25","baza_3_14.csv","3.14|925904"
"164","3.15","926137","2026-03-15 17:00","OSIR ARENA","G.T.S. Unia Choceń","128749","JaqbTeam","128695","3:2","3","2","105","98","baza_3_15.csv","3.15|926137"
"164","3.15","926138","2026-03-15 17:00","MotoArena","FC Świętopełka 🔥","128802","Makosiki","128780","3:0","3","0","75","49","baza_3_15.csv","3.15|926138"
"164","3.15","926139","2026-03-15 17:00","Kabako Arena","Finlandia Opole Lubelskie","130910","KS Okalew","131073","3:0","3","0","75","24","baza_3_15.csv","3.15|926139"
"164","3.15","926140","2026-03-15 17:00","Dobrzynianka","Victoria Dobra","131261","Gumi-Misie","131244","3:1","3","1","92","79","baza_3_15.csv","3.15|926140"
"164","3.15","926141","2026-03-15 17:00","Estadio zulito","Lech Sulechów","128625","Fenix Siennica","130586","3:0","3","0","75","35","baza_3_15.csv","3.15|926141"
"164","3.15","926142","2026-03-15 17:00","Makalamabedi","W124","137366","LTS Feniks Leżajsk","141106","3:0","3","0","75","42","baza_3_15.csv","3.15|926142"
"164","3.15","926143","2026-03-15 17:00","Hala Mostowa","Śląskie Burrito","131722","AZT Tytan Czestochowa","128743","1:3","1","3","84","91","baza_3_15.csv","3.15|926143"
"164","3.15","926144","2026-03-15 17:00","KS arena","Ks Kedzierzyn","128713","Wierzeje","141108","1:3","1","3","78","94","baza_3_15.csv","3.15|926144"
"164","3.16","926377","2026-03-15 17:00","Spożywczak","Blackburn Toruń","128601","Lance Armstrong","131718","3:1","3","1","94","94","baza_3_16.csv","3.16|926377"
"164","3.16","926378","2026-03-15 17:00","DONUT","V-DRIFTERS","131254","sanah","131179","0:3","0","3","34","75","baza_3_16.csv","3.16|926378"
"164","3.16","926379","2026-03-15 17:00","Arena wilków","Złote Wilki","128790","GizoTeam","128693","3:0","3","0","76","54","baza_3_16.csv","3.16|926379"
"164","3.16","926380","2026-03-15 17:00","ZNhala","Znienacka team","130933","Juve","131236","3:0","3","0","75","34","baza_3_16.csv","3.16|926380"
"164","3.16","926381","2026-03-15 17:00","Arena Łódź Podwodna","AquaSharks","128771","🪿⎛⎝( ` ᢍ ´ )⎠⎞ᵐᵘʰᵃʰᵃ🦇","131021","3:0","3","0","75","56","baza_3_16.csv","3.16|926381"
"164","3.16","926382","2026-03-15 17:00","PRAFIL ARENA","PGJ Azoty","130845","Die Freie Stadt Danzig","130661","2:3","2","3","87","102","baza_3_16.csv","3.16|926382"
"164","3.16","926383","2026-03-15 17:00","Łu tu tu tu","La Vida Loca","131011","Zadar Głuchołazy","128664","0:3","0","3","25","75","baza_3_16.csv","3.16|926383"
"164","3.16","926384","2026-03-15 17:00","Sportowa","Gryf Policzna","140747","PKS Choszczno","140884","3:1","3","1","101","86","baza_3_16.csv","3.16|926384"
"164","1.1","921569","2026-03-14 19:00","Hala Widowiskowo-Sportowa \""AZOTY\""","ZAKSA Bochotnica","128722","Dano Dream Team","130607","3:2","3","2","107","102","baza_1_1.csv","1.1|921569"
"164","1.1","921570","2026-03-14 19:00","SMA","Incognito Volley","128619","DHARMA Initiative","128577","3:2","3","2","106","108","baza_1_1.csv","1.1|921570"
"164","1.1","921571","2026-03-14 19:00","Hala Polonia","Go Tigers","128631","Kuźnia Byków","130744","0:3","0","3","65","75","baza_1_1.csv","1.1|921571"
"164","1.1","921572","2026-03-14 19:00","Ergo Małomice","Penguin Małomice","128781","AKS Volley Łódź","131002","3:2","3","2","95","99","baza_1_1.csv","1.1|921572"
"164","1.1","921573","2026-03-14 19:00","Arena W-W","Wratislawia Wrocław","128772","VC Kittens","128580","0:3","0","3","49","75","baza_1_1.csv","1.1|921573"
"164","1.1","921574","2026-03-14 19:00","Hala sportowa w Zduńskiej Woli","Volleyball Team Zduńska Wola","128603","Smerfy","128764","3:0","3","0","75","37","baza_1_1.csv","1.1|921574"
"164","1.1","921575","2026-03-14 19:00","Arena of Rzeplin","Tsunami Rzeplin","128717","Carplife 🇵🇱","130954","1:3","1","3","81","93","baza_1_1.csv","1.1|921575"
"164","1.1","921576","2026-03-14 19:00","Kanciapa u Tumaxa","Dzikie Rumaxy","128638","Pilica Koniecpol","130885","3:1","3","1","103","96","baza_1_1.csv","1.1|921576"
"164","2.1","921809","2026-03-14 19:00","Parkhead","Celtic VC","128735","Velen Volleyball Club","128684","0:3","0","3","58","75","baza_2_1.csv","2.1|921809"
"164","2.1","921810","2026-03-14 19:00","CYTRYNIEC","CYTRYNIEC CHIŃSKI","130809","Silver Arsenal","130505","3:2","3","2","110","104","baza_2_1.csv","2.1|921810"
"164","2.1","921811","2026-03-14 19:00","Pogro Arena","Pogromcy Gdańsk","131205","Sprzeda Mecz","128663","0:3","0","3","46","75","baza_2_1.csv","2.1|921811"
"164","2.1","921812","2026-03-14 19:00","Janów hall","Błyskawica Janów","131242","Smerfy z Rivii ⚔️⚔️🛡️","130934","1:3","1","3","71","95","baza_2_1.csv","2.1|921812"
"164","2.1","921813","2026-03-14 19:00","Hala 134","Libero Gorzków","128703","Miesiany Miesiany","128676","0:3","0","3","51","75","baza_2_1.csv","2.1|921813"
"164","2.1","921814","2026-03-14 19:00","7l z Pepsi Arena","Hydra VT Gdańsk","128612","Najlepsi z Najlepszych","130520","1:3","1","3","77","100","baza_2_1.csv","2.1|921814"
"164","2.1","921815","2026-03-14 19:00","Szpil Plac u Gerusia","Young Team","128708","LukTeam","131134","0:3","0","3","55","75","baza_2_1.csv","2.1|921815"
"164","2.1","921816","2026-03-14 19:00","Urania","CF Mleczne Olsztyn","128668","Saracens","128615","3:0","3","0","75","52","baza_2_1.csv","2.1|921816"
"164","2.2","922049","2026-03-14 19:00","Wild Hall","Thorn Lynxes","131219","Zakład Karny w Strzelinie","128751","3:1","3","1","95","86","baza_2_2.csv","2.2|922049"
"164","2.2","922050","2026-03-14 19:00","Hala im. Pawła Kozioła","Ranczo Wilkowyje","130915","👽Strażnicy Cienia👽","128711","3:0","3","0","75","61","baza_2_2.csv","2.2|922050"
"164","2.2","922051","2026-03-14 19:00","Millennium Arena","Millennium Siemianowice","130955","Rutz","130854","2:3","2","3","111","110","baza_2_2.csv","2.2|922051"
"164","2.2","922052","2026-03-14 19:00","Piasterdam Stadium","AJAX PIASTY","130797","MAKDOM","128660","3:2","3","2","104","113","baza_2_2.csv","2.2|922052"
"164","2.2","922053","2026-03-14 19:00","Zimorodek","Nosmeisy","128686","Czorty Chorzów","130959","3:1","3","1","99","89","baza_2_2.csv","2.2|922053"
"164","2.2","922054","2026-03-14 19:00","Sisu Arena","Bydgoszcz Spartans","128726","UKS Olimp Ostrołęka","128604","1:3","1","3","76","94","baza_2_2.csv","2.2|922054"
"164","2.2","922055","2026-03-14 19:00","UMCS Hala Sportowa","Silver Sharks Lublin 🦈","128674","SiatkarskiePodlasie.pl","130565","3:0","3","0","75","59","baza_2_2.csv","2.2|922055"
"164","2.2","922056","2026-03-14 19:00","Ursus Arena","RKS","128588","CSKA Mielec","128613","1:3","1","3","79","94","baza_2_2.csv","2.2|922056"
"164","2.3","922289","2026-03-14 19:00","Radomskie Centrum Sportu","RCS Czarni Radom","128600","Vikings","128756","0:3","0","3","52","75","baza_2_3.csv","2.3|922289"
"164","2.3","922290","2026-03-14 19:00","Torwar","Projekt Warszawa","128614","Wściekłe Tygrysy","128782","3:2","3","2","104","101","baza_2_3.csv","2.3|922290"
"164","2.3","922291","2026-03-14 19:00","Hala Orbita","EnergiaPro Gwardia Wrocław","130757","Vernixo","128679","3:0","3","0","76","64","baza_2_3.csv","2.3|922291"
"164","2.3","922292","2026-03-14 19:00","Hala Sportowa w Zabrzu","Zabrzański Górnik","128816","Budowlani Nysa","130574","1:3","1","3","77","101","baza_2_3.csv","2.3|922292"
"164","2.3","922293","2026-03-14 19:00","Karakanówka","Skoczne Karakany","130767","KS Budowlani Kołacin 👷🏻","128629","1:3","1","3","78","97","baza_2_3.csv","2.3|922293"
"164","2.3","922294","2026-03-14 19:00","Forteca Nakło","Stara Gwardia Nakło ⚔️","128688","Karasuno","128635","0:3","0","3","70","76","baza_2_3.csv","2.3|922294"
"164","2.3","922295","2026-03-14 19:00","Polonijny młyn","Polonia Bytom","130871","Bolek i lolek 🤙","128586","1:3","1","3","78","97","baza_2_3.csv","2.3|922295"
"164","2.3","922296","2026-03-14 19:00","Hala Gryfia","KKS Gryf Lębork","128809","🦣 KS MAMUTY 🦣","130549","1:3","1","3","89","99","baza_2_3.csv","2.3|922296"
"164","2.4","922529","2026-03-14 19:00","Torwar","Vamos","128714","Unknown Team","128636","0:3","0","3","67","76","baza_2_4.csv","2.4|922529"
"164","2.4","922530","2026-03-14 19:00","Sportur Astro","Sivass-Pol De Mare","128794","BH STAL MIELEC","130769","3:0","3","0","75","56","baza_2_4.csv","2.4|922530"
"164","2.4","922531","2026-03-14 19:00","Olimp  Arena","Pioruny  i Grzmoty","130966","Fc MiSieNieChce","130908","3:0","3","0","75","43","baza_2_4.csv","2.4|922531"
"164","2.4","922532","2026-03-14 19:00","Kentucky Coffee Roasters Arena","KS Kawoholicy","131724","Bystra Bochotnica","128657","0:3","0","3","48","75","baza_2_4.csv","2.4|922532"
"164","2.4","922533","2026-03-14 19:00","QUEERTISONEK","QUEERTISONEK TEAM","131147","TEXańska Masakra Piłą Ręczną","131293","1:3","1","3","78","96","baza_2_4.csv","2.4|922533"
"164","2.4","922534","2026-03-14 19:00","wyrko rodzinne","Turbo Śpiochy","128578","kiczan team zduńska wola","128596","0:3","0","3","45","75","baza_2_4.csv","2.4|922534"
"164","2.4","922535","2026-03-14 19:00","Alpha Arena","Alpha","131086","massive dongs","128592","1:3","1","3","64","95","baza_2_4.csv","2.4|922535"
"164","2.4","922536","2026-03-14 19:00","BKS ARENA","BKS Białystok","128644","Ohana Gliwice","130945","1:3","1","3","86","98","baza_2_4.csv","2.4|922536"
"164","3.1","922769","2026-03-14 17:00","Ownz Ya! :: Arena","Team :: Ownz Ya!","130572","Team Spiryt Chorzów","130958","0:3","0","3","28","75","baza_3_1.csv","3.1|922769"
"164","3.1","922770","2026-03-14 17:00","Hala Azoty","Zaksa Kędzierzyn - Koźle","131200","SRS Katarina","137403","0:3","0","3","19","75","baza_3_1.csv","3.1|922770"
"164","3.1","922771","2026-03-14 17:00","Gniazdo","Orzeł Grzędzice","128728","Cargo Kamieniec Ząbkowicki","151049","0:3","0","3","23","75","baza_3_1.csv","3.1|922771"
"164","3.1","922772","2026-03-14 17:00","Volley Arena","Vollley Rybnik","137468","Korporacja Gwiazd Bezrobocia","128595","0:3","0","3","39","75","baza_3_1.csv","3.1|922772"
"164","3.1","922773","2026-03-14 17:00","Rohan","Drużyna Pierścienia","141064","TaUrsy","130537","3:0","3","0","75","5","baza_3_1.csv","3.1|922773"
"164","3.1","922774","2026-03-14 17:00","Renifers Hall","Renifers","128675","⭐ Nati ⭐ 1995 ⭐  ∞  ⭐","130585","0:3","0","3","60","75","baza_3_1.csv","3.1|922774"
"164","3.1","922775","2026-03-14 17:00","Avengers Arena","Avengers","130920","Bochotnica Celtics","128639","0:3","0","3","55","75","baza_3_1.csv","3.1|922775"
"164","3.1","922776","2026-03-14 17:00","Cicely Arena","Cicely","128704","PGE Bubisie Bździochy","130773","1:3","1","3","73","97","baza_3_1.csv","3.1|922776"
"164","3.2","923009","2026-03-14 17:00","Stodoła 97","VC  Ziębka Team","130503","Maliniaczki","131020","0:3","0","3","59","75","baza_3_2.csv","3.2|923009"
"164","3.2","923010","2026-03-14 17:00","PB Arena","Huragan Białobrzegi","131065","Nocne Potwory","128803","0:3","0","3","29","75","baza_3_2.csv","3.2|923010"
"164","3.2","923011","2026-03-14 17:00","Lake Arena","Zegrze Nieporęt","131194","WIPP Thunder","128672","0:3","0","3","51","75","baza_3_2.csv","3.2|923011"
"164","3.2","923012","2026-03-14 17:00","WKS Kielno Arena","Wiejski Klub Kielno","130498","Czarne plamy","128655","0:3","0","3","16","75","baza_3_2.csv","3.2|923012"
"164","3.2","923013","2026-03-14 17:00","ARENA KENTUCKY","GALACTICOS FC","131018","ChudyTeam","130535","0:3","0","3","25","75","baza_3_2.csv","3.2|923013"
"164","3.2","923014","2026-03-14 17:00","Palau Blaugrana","CVB Barça","141012","JTCNW Łódź","131093","0:3","0","3","23","75","baza_3_2.csv","3.2|923014"
"164","3.2","923015","2026-03-14 17:00","Hala Sportowa","Siatka Krzemieniewo","128597","ChlopkiTeam","128606","0:3","0","3","42","75","baza_3_2.csv","3.2|923015"
"164","3.2","923016","2026-03-14 17:00","LZS ARENA","Fiorentina Nakło","130905","Plas Kaźmierz","137421","2:3","2","3","102","101","baza_3_2.csv","3.2|923016"
"164","3.3","923249","2026-03-14 17:00","Drink Arena","Drink Team","141020","Phoenix Fire","128687","0:3","0","3","13","75","baza_3_3.csv","3.3|923249"
"164","3.3","923250","2026-03-14 17:00","Wimbledon","Zduńska Wola Team","128640","NiuniuTeam","137395","0:3","0","3","13","75","baza_3_3.csv","3.3|923250"
"164","3.3","923251","2026-03-14 17:00","RINLZER ARENA","RINZLER","128627","OFIME Targówek","131746","0:3","0","3","56","75","baza_3_3.csv","3.3|923251"
"164","3.3","923252","2026-03-14 17:00","Milenium MOSIR","Kotwica Kołobrzeg","128801","DragonGAYS Polska","130705","0:3","0","3","64","77","baza_3_3.csv","3.3|923252"
"164","3.3","923253","2026-03-14 17:00","Misieniechce Radom Arena","FC Misieniechce Radom","130676","Bad Boys Team","128706","0:3","0","3","7","75","baza_3_3.csv","3.3|923253"
"164","3.3","923254","2026-03-14 17:00","Meduza","KS Zamienie","141062","Jeżomyszy🦔z Marsa🪐","130972","0:3","0","3","22","75","baza_3_3.csv","3.3|923254"
"164","3.3","923255","2026-03-14 17:00","KOCIOŁ","!STAL NYSA","130728","Mazaki VC","131006","0:3","0","3","45","75","baza_3_3.csv","3.3|923255"
"164","3.3","923256","2026-03-14 17:00","RG Arena","RG Olsztyn","128652","Ale co","128694","0:3","0","3","46","75","baza_3_3.csv","3.3|923256"
"164","3.4","923489","2026-03-14 17:00","GOKSiR Konstancin","IKS Konstancin - Jeziorna","131223","Valiant Boys","130826","0:3","0","3","27","75","baza_3_4.csv","3.4|923489"
"164","3.4","923490","2026-03-14 17:00","Niepodległości 11","KS Świt Baranowo","128589","SST SPORTUR GMINA ŁAŃCUT","128795","0:3","0","3","51","75","baza_3_4.csv","3.4|923490"
"164","3.4","923491","2026-03-14 17:00","Strzelce Opolskie Arena","PIAST Strzelce Opolskie","130555","Volley Leszczyny","137412","2:3","2","3","101","111","baza_3_4.csv","3.4|923491"
"164","3.4","923492","2026-03-14 17:00","Pod niebem u Henia","Potok city","140815","Smoczy Gród","131131","0:3","0","3","38","75","baza_3_4.csv","3.4|923492"
"164","3.4","923493","2026-03-14 17:00","Urania","Choroszcza Olsztyn","130774","Los Rakos","137449","0:3","0","3","37","75","baza_3_4.csv","3.4|923493"
"164","3.4","923494","2026-03-14 17:00","Podpromie","Asseco Resovia","131163","Sycylijskie Cytryniaki","130704","0:3","0","3","29","75","baza_3_4.csv","3.4|923494"
"164","3.4","923495","2026-03-14 17:00","toto","toto","128731","eŁKSa1908","130836","0:3","0","3","4","75","baza_3_4.csv","3.4|923495"
"164","3.4","923496","2026-03-14 17:00","Aqua Baltic Arena","Trefl Gdańsk Pomorze","130509","Trefl","131199","3:1","3","1","96","82","baza_3_4.csv","3.4|923496"
"164","3.5","923729","2026-03-14 17:00","Dwa słupki i sznurek azt","Aniołki Toruń","130820","KKS Kaszubia Kościerzyna","128786","0:3","0","3","9","75","baza_3_5.csv","3.5|923729"
"164","3.5","923730","2026-03-14 17:00","Hala Dobra","AKS VOLLEY  DOBRA","141110","KSW7","140968","2:3","2","3","109","124","baza_3_5.csv","3.5|923730"
"164","3.5","923731","2026-03-14 17:00","Thorn Hall","Bart Thorn","130726","Iskra Krosno","128667","0:3","0","3","38","75","baza_3_5.csv","3.5|923731"
"164","3.5","923732","2026-03-14 17:00","Hala Sportowa AKS","AKS Śliw@","128584","PGE Skra Poznań","130781","0:3","0","3","21","75","baza_3_5.csv","3.5|923732"
"164","3.5","923733","2026-03-14 17:00","ULTRAS ARENA","ULTRAS-PL","130527","SKS Iłżanka Baranów","128715","0:3","0","3","13","75","baza_3_5.csv","3.5|923733"
"164","3.5","923734","2026-03-14 17:00","Public Enemies","Kosmiczne Mandarynki","128609","S-Ninjas","130582","0:3","0","3","29","75","baza_3_5.csv","3.5|923734"
"164","3.5","923735","2026-03-14 17:00","MOSiR LIPUSZ","RafaTeam Lipusz","130561","OPOLE","130500","0:3","0","3","48","75","baza_3_5.csv","3.5|923735"
"164","3.5","923736","2026-03-14 17:00","Halaaa","CAMORRA VC","130516","VC BORDER","128622","3:1","3","1","101","77","baza_3_5.csv","3.5|923736"
"164","3.6","923969","2026-03-14 17:00","Hala Limanowa","KS Limanowa","140814","Projekt Słomin","128700","0:3","0","3","9","75","baza_3_6.csv","3.6|923969"
"164","3.6","923970","2026-03-14 17:00","Są gorsze areny","Są Gorsi","130693","Twierdza Teodorówka","130591","0:3","0","3","21","75","baza_3_6.csv","3.6|923970"
"164","3.6","923971","2026-03-14 17:00","Podpromie","SMS Rzeszów","137337","RTS.Strongman Małecz","130601","0:3","0","3","18","75","baza_3_6.csv","3.6|923971"
"164","3.6","923972","2026-03-14 17:00","Puszcza","Pogoń Żubr","130564","Groszowice Soreide","130604","0:3","0","3","41","75","baza_3_6.csv","3.6|923972"
"164","3.6","923973","2026-03-14 17:00","KCKiS","Kudowianka Kudowa-Zdrój","131235","MKS Siemianowice","128799","0:3","0","3","16","75","baza_3_6.csv","3.6|923973"
"164","3.6","923974","2026-03-14 17:00","Boisko na polu","Young Team Reaktywacja","140951","Victoria Wałbrzych","128774","0:3","0","3","31","75","baza_3_6.csv","3.6|923974"
"164","3.6","923975","2026-03-14 17:00","Ikjas Arena","Ikjas Toruń","131062","Black Smoke","137347","0:3","0","3","46","75","baza_3_6.csv","3.6|923975"
"164","3.6","923976","2026-03-14 17:00","Browar","Browary Hills","130979","KS Jastrzębie","130545","1:3","1","3","86","98","baza_3_6.csv","3.6|923976"
"164","3.7","924209","2026-03-14 17:00","Rotavia Arena","LKS Rotavia Nieporęt","128730","Stocznia Gdańsk","130595","0:3","0","3","48","75","baza_3_7.csv","3.7|924209"
"164","3.7","924211","2026-03-14 17:00","FFP Arena","FFP Virtual Volley","130573","BKS Visła Bydgoszcz","131284","0:3","0","3","15","75","baza_3_7.csv","3.7|924211"
"164","3.7","924212","2026-03-14 17:00","Janów Darbaz","SDJ Janów","131251","Mighty Bears","130513","1:3","1","3","65","97","baza_3_7.csv","3.7|924212"
"164","3.7","924213","2026-03-14 17:00","Arena Wielkoludów","Błysk2","131225","Linkin Park United","130617","1:3","1","3","68","95","baza_3_7.csv","3.7|924213"
"164","3.7","924214","2026-03-14 17:00","GROZA","Dąbrowskie Pioruny","140781","Volania Jeleninhos","131141","0:3","0","3","17","75","baza_3_7.csv","3.7|924214"
"164","3.7","924215","2026-03-14 17:00","Hala Orłów","Orły","137486","AZS Politechnika Poznańska","128759","2:3","2","3","107","120","baza_3_7.csv","3.7|924215"
"164","3.7","924216","2026-03-14 17:00","Spulchniona Ziemia","Latające Dżdżownice","140796","KZN","131229","3:1","3","1","104","86","baza_3_7.csv","3.7|924216"
"164","3.8","924449","2026-03-14 17:00","KND Arena","KndSynu Cios","137411","Stilon Gorzów","130891","0:3","0","3","43","75","baza_3_8.csv","3.8|924449"
"164","3.8","924450","2026-03-14 17:00","Hala Urania","AZS PRIME Olsztyn","137361","Fc Kiciusie","140744","3:2","3","2","102","105","baza_3_8.csv","3.8|924450"
"164","3.8","924451","2026-03-14 17:00","Américain Airlines Center","Dallas Mavericks","128666","Przebój Wolbrom","130621","0:3","0","3","10","75","baza_3_8.csv","3.8|924451"
"164","3.8","924452","2026-03-14 17:00","Fc","Fc Albatros","131276","Budowlani Łódź","128736","0:3","0","3","31","75","baza_3_8.csv","3.8|924452"
"164","3.8","924453","2026-03-14 17:00","zAKSA ARENA","ZAKSA ŚWINOUJŚCIE","130896","Volley Królewscy Jedlnia","130524","0:3","0","3","36","75","baza_3_8.csv","3.8|924453"
"164","3.8","924454","2026-03-14 17:00","HALA CENTRUM","MKS Dąbrowa Górnicza","128800","Aptekarz Tylmanowa","128720","0:3","0","3","28","75","baza_3_8.csv","3.8|924454"
"164","3.8","924455","2026-03-14 17:00","Arena Toruń","Anioły Toruń","130514","PGE GIEK Skra Bełchatów","130721","0:3","0","3","38","75","baza_3_8.csv","3.8|924455"
"164","3.8","924456","2026-03-14 17:00","Rock Arena","Rockers Wrocław","128605","Jang Tim","128677","1:3","1","3","82","93","baza_3_8.csv","3.8|924456"
"164","3.9","924689","2026-03-14 17:00","Hala Brzeziny","SBX TEAM","140751","Volley Team Piotrków Tryb.","128724","0:3","0","3","32","75","baza_3_9.csv","3.9|924689"
"164","3.9","924690","2026-03-14 17:00","Jaga","Jagiellonia Białystok","140856","Sardegna Volley","137467","0:3","0","3","28","75","baza_3_9.csv","3.9|924690"
"164","3.9","924691","2026-03-14 17:00","Malinowa home","Czarni Piasek","128752","Joga Bonito","137493","0:3","0","3","44","75","baza_3_9.csv","3.9|924691"
"164","3.9","924692","2026-03-14 17:00","Golasowice","Flying Spiders","140867","ZYX","131059","0:3","0","3","33","75","baza_3_9.csv","3.9|924692"
"164","3.9","924693","2026-03-14 17:00","DORCAN","GSY","130525","Spartans Volley","130930","0:3","0","3","45","75","baza_3_9.csv","3.9|924693"
"164","3.9","924694","2026-03-14 17:00","SGS Arena","SGS Goleniów","137350","Volleyball Szubin Team","128579","0:3","0","3","50","75","baza_3_9.csv","3.9|924694"
"164","3.9","924695","2026-03-14 17:00","Hall of Glory","Galaxia Kwielice","130973","ActiVeTeam","128702","1:3","1","3","92","97","baza_3_9.csv","3.9|924695"
"164","3.9","924696","2026-03-14 17:00","OSiR Golub-Dobrzyń","Zamek Golub-Dobrzyń","131227","Zaksa Mszczonów","130593","3:0","3","0","75","53","baza_3_9.csv","3.9|924696"
"164","3.10","924929","2026-03-14 17:00","R22","TSW Wisła Kraków","151056","JednakGramy","128768","0:3","0","3","47","75","baza_3_10.csv","3.10|924929"
"164","3.10","924930","2026-03-14 17:00","Sovia","Tigers","128634","Kopernik Toruń","130739","0:3","0","3","26","75","baza_3_10.csv","3.10|924930"
"164","3.10","924931","2026-03-14 17:00","Hala Widowiskowa BBOSiR","BBTS Bielsko-Biała","137383","GPT Mysłowice","128747","0:3","0","3","45","75","baza_3_10.csv","3.10|924931"
"164","3.10","924932","2026-03-14 17:00","ŁOWICZ ARENA","UKS BŁYSKAWICA ŁOWICZ","130699","Polish Wolves","131258","0:3","0","3","51","75","baza_3_10.csv","3.10|924932"
"164","3.10","924933","2026-03-14 17:00","AWZAN 271","KK271","141054","Złote Orły","131740","0:3","0","3","13","75","baza_3_10.csv","3.10|924933"
"164","3.10","924934","2026-03-14 17:00","Hala Urania","Indykpol AZS Olsztyn","128620","Bydgoszcz Baki","128616","1:3","1","3","58","90","baza_3_10.csv","3.10|924934"
"164","3.10","924935","2026-03-14 17:00","Fire Ball Arena","Hot Volley Nysa","128630","TKS Jelenie Studzienki","130939","0:3","0","3","46","75","baza_3_10.csv","3.10|924935"
"164","3.10","924936","2026-03-14 17:00","Osir","Pancio","128750","KS Strużanka Baranów","130994","0:3","0","3","64","75","baza_3_10.csv","3.10|924936"
"164","3.11","925169","2026-03-14 17:00","hala MOSiR","Enea PTPS Piła","128646","Kolorowe Rumaki","131164","0:3","0","3","18","75","baza_3_11.csv","3.11|925169"
"164","3.11","925170","2026-03-14 17:00","ERGO ARENA","NIELOTY GDAŃSK","130946","Team WWW","131066","0:3","0","3","18","75","baza_3_11.csv","3.11|925170"
"164","3.11","925171","2026-03-14 17:00","Decha Arena","Gwoździe","140812","ScorpioN","128617","0:3","0","3","26","75","baza_3_11.csv","3.11|925171"
"164","3.11","925172","2026-03-14 17:00","Tujniczanka-Łosmanat","FC Łosarnia Tujsk","140910","Latające Imadła","131022","0:3","0","3","38","75","baza_3_11.csv","3.11|925172"
"164","3.11","925173","2026-03-14 17:00","Crusaders Hall","KS Crusaders","137439","AKS Andrut Kalisz 🧇","128789","0:3","0","3","15","75","baza_3_11.csv","3.11|925173"
"164","3.11","925174","2026-03-14 17:00","Hala Orzełek","Orzełki Team","137444","Brute Force","130978","0:3","0","3","27","75","baza_3_11.csv","3.11|925174"
"164","3.11","925175","2026-03-14 17:00","Kasztan","Kasztaniaki","131735","Pogoń Portowcy","131768","0:3","0","3","60","75","baza_3_11.csv","3.11|925175"
"164","3.11","925176","2026-03-14 17:00","Arena Wieluń","Seniorzy Wieluń","130519","PauPau","140825","3:0","3","0","76","67","baza_3_11.csv","3.11|925176"
"164","3.12","925409","2026-03-14 17:00","Prognozy dzisiaj nie będzie","Anię dopadła grypa","140870","🌳Leśne Ludki🌳","131712","0:3","0","3","23","75","baza_3_12.csv","3.12|925409"
"164","3.12","925410","2026-03-14 17:00","B4 Arena","Braniewo Volley","141119","Yu-Gi-Oh!","131717","0:3","0","3","26","75","baza_3_12.csv","3.12|925410"
"164","3.12","925411","2026-03-14 17:00","Niebieskie Piekło","Lube Rzeszów","130863","KS Konarzewo","137342","0:3","0","3","47","75","baza_3_12.csv","3.12|925411"
"164","3.12","925412","2026-03-14 17:00","Aciu Hall","Aciu Team","131157","Ipsarion","140952","0:3","0","3","8","75","baza_3_12.csv","3.12|925412"
"164","3.12","925413","2026-03-14 17:00","Arena Zawiercie","Warta Zawiercie","130562","Volley Master","130507","0:3","0","3","45","75","baza_3_12.csv","3.12|925413"
"164","3.12","925414","2026-03-14 17:00","Immobile Kowary","Olimpia Kowary","137420","Zawisza Olsztyn","128659","0:3","0","3","23","75","baza_3_12.csv","3.12|925414"
"164","3.12","925415","2026-03-14 17:00","Masuria Palace","ARM Volley","137419","The Ops","131290","0:3","0","3","51","78","baza_3_12.csv","3.12|925415"
"164","3.12","925416","2026-03-14 17:00","Sparta","300-stuSpartan","137376","Acapulco Stalion","128733","0:3","0","3","74","80","baza_3_12.csv","3.12|925416"
"164","3.13","925649","2026-03-14 17:00","RD Arena","Red Devils","128725","PolskieOrły","128769","0:3","0","3","16","75","baza_3_13.csv","3.13|925649"
"164","3.13","925650","2026-03-14 17:00","Hala im. Sędziów","Sędziowie Bydgoszcz","140960","MKS ŁĘCZYCA","128741","0:3","0","3","6","75","baza_3_13.csv","3.13|925650"
"164","3.13","925651","2026-03-14 17:00","TwentyFive.pl","TwentyFive.pl","130518","Raven","140853","0:3","0","3","29","75","baza_3_13.csv","3.13|925651"
"164","3.13","925652","2026-03-14 17:00","Olkop Arena","Trentino Młodzieszyn","128599","Brave Vikings","131709","0:3","0","3","10","75","baza_3_13.csv","3.13|925652"
"164","3.13","925653","2026-03-14 17:00","Leszno Arena","Unia Leszno","131196","Aleleble","128628","0:3","0","3","46","75","baza_3_13.csv","3.13|925653"
"164","3.13","925654","2026-03-14 17:00","Hala Cześniosko","LKS  ASERTO Trześń","131723","ProgressTeam","128806","0:3","0","3","36","75","baza_3_13.csv","3.13|925654"
"164","3.13","925655","2026-03-14 17:00","Szmulki","Szmulki","140963","☣️ MY TU TEGO BAGNO 💩💩    🔝","130911","0:3","0","3","18","75","baza_3_13.csv","3.13|925655"
"164","3.13","925656","2026-03-14 17:00","Szczoty","Spartakus Radom","131248","🐀Ratty Rattas🐀","128707","0:3","0","3","39","75","baza_3_13.csv","3.13|925656"
"164","3.14","925889","2026-03-14 17:00",".......","Zryw","141102","III Piastowskie","130858","3:0","3","0","75","35","baza_3_14.csv","3.14|925889"
"164","3.14","925890","2026-03-14 17:00","Foxx Volley Arena","Kanzas Foxx","137481","Farciarze FC","128734","0:3","0","3","24","75","baza_3_14.csv","3.14|925890"
"164","3.14","925891","2026-03-14 17:00","Osir Trzemeszno","Skra Trzemeszno","131217","Mierzwicanka Mierzwice","130539","0:3","0","3","51","75","baza_3_14.csv","3.14|925891"
"164","3.14","925892","2026-03-14 17:00","SANTIAGO BERNABEU","NTS NAKŁO NAD NOTECIĄ","128729","Hit Happens","131734","0:3","0","3","38","75","baza_3_14.csv","3.14|925892"
"164","3.14","925893","2026-03-14 17:00","Energia","BT ENERGIA","137456","Arbuzy i Kebaby","130611","0:3","0","3","35","75","baza_3_14.csv","3.14|925893"
"164","3.14","925894","2026-03-14 17:00","Hala Grabów Stadium","KS GRABÓW","130543","KS Brzeziny","128710","0:3","0","3","46","75","baza_3_14.csv","3.14|925894"
"164","3.14","925895","2026-03-14 17:00","Kubikownia","Kubiki","130510","Lajony Kingzz","131747","0:3","0","3","59","75","baza_3_14.csv","3.14|925895"
"164","3.14","925896","2026-03-14 17:00","Shtosee Sky arena","Shtosee volley team","128680","pONczek Team","130540","1:3","1","3","81","101","baza_3_14.csv","3.14|925896"
"164","3.15","926129","2026-03-14 17:00","KS arena","Ks Kedzierzyn","128713","G.T.S. Unia Choceń","128749","0:3","0","3","18","75","baza_3_15.csv","3.15|926129"
"164","3.15","926130","2026-03-14 17:00","Wierzeje ARENA","Wierzeje","141108","Śląskie Burrito","131722","0:3","0","3","63","75","baza_3_15.csv","3.15|926130"
"164","3.15","926131","2026-03-14 17:00","Urania","AZT Tytan Czestochowa","128743","W124","137366","3:0","3","0","76","64","baza_3_15.csv","3.15|926131"
"164","3.15","926132","2026-03-14 17:00","Sportowa","LTS Feniks Leżajsk","141106","Lech Sulechów","128625","1:3","1","3","63","96","baza_3_15.csv","3.15|926132"
"164","3.15","926133","2026-03-14 17:00","Ultras Hall","Fenix Siennica","130586","Victoria Dobra","131261","0:3","0","3","25","75","baza_3_15.csv","3.15|926133"
"164","3.15","926134","2026-03-14 17:00","Misiakowo","Gumi-Misie","131244","Finlandia Opole Lubelskie","130910","0:3","0","3","36","75","baza_3_15.csv","3.15|926134"
"164","3.15","926135","2026-03-14 17:00","Hala Sportowa Okalew","KS Okalew","131073","FC Świętopełka 🔥","128802","0:3","0","3","33","75","baza_3_15.csv","3.15|926135"
"164","3.15","926136","2026-03-14 17:00","MakosHall","Makosiki","128780","JaqbTeam","128695","1:3","1","3","89","95","baza_3_15.csv","3.15|926136"
"164","3.16","926369","2026-03-14 17:00","Sportowa","Gryf Policzna","140747","Blackburn Toruń","128601","1:3","1","3","72","95","baza_3_16.csv","3.16|926369"
"164","3.16","926370","2026-03-14 17:00","Hala Miejska","PKS Choszczno","140884","La Vida Loca","131011","3:0","3","0","75","25","baza_3_16.csv","3.16|926370"
"164","3.16","926371","2026-03-14 17:00","Spodek Głuchołazy","Zadar Głuchołazy","128664","PGJ Azoty","130845","0:3","0","3","42","75","baza_3_16.csv","3.16|926371"
"164","3.16","926372","2026-03-14 17:00","Die Freie Stadt Danzig Sporthalle","Die Freie Stadt Danzig","130661","AquaSharks","128771","0:3","0","3","48","75","baza_3_16.csv","3.16|926372"
"164","3.16","926373","2026-03-14 17:00","Knights Arena","🪿⎛⎝( ` ᢍ ´ )⎠⎞ᵐᵘʰᵃʰᵃ🦇","131021","Znienacka team","130933","0:3","0","3","38","75","baza_3_16.csv","3.16|926373"
"164","3.16","926374","2026-03-14 17:00","San","Juve","131236","Złote Wilki","128790","0:3","0","3","18","75","baza_3_16.csv","3.16|926374"
"164","3.16","926375","2026-03-14 17:00","HalaGT","GizoTeam","128693","V-DRIFTERS","131254","0:3","0","3","60","75","baza_3_16.csv","3.16|926375"
"164","3.16","926376","2026-03-14 17:00","poezyje","sanah","131179","Lance Armstrong","131718","3:0","3","0","75","36","baza_3_16.csv","3.16|926376"
"164","1.1","921561","2026-03-12 19:00","Dano Arena!","Dano Dream Team","130607","Dzikie Rumaxy","128638","3:1","3","1","97","79","baza_1_1.csv","1.1|921561"
"164","1.1","921562","2026-03-12 19:00","Bugaj Arena","Pilica Koniecpol","130885","Tsunami Rzeplin","128717","2:3","2","3","99","105","baza_1_1.csv","1.1|921562"
"164","1.1","921563","2026-03-12 19:00","Kudahuvadhoo 🏝️","Carplife 🇵🇱","130954","Volleyball Team Zduńska Wola","128603","2:3","2","3","105","102","baza_1_1.csv","1.1|921563"
"164","1.1","921564","2026-03-12 19:00","Wioska Smerfów","Smerfy","128764","Wratislawia Wrocław","128772","3:1","3","1","99","88","baza_1_1.csv","1.1|921564"
"164","1.1","921565","2026-03-12 19:00","Qweta","VC Kittens","128580","Penguin Małomice","128781","3:0","3","0","75","61","baza_1_1.csv","1.1|921565"
"164","1.1","921566","2026-03-12 19:00","GOSTiR Rzgów","AKS Volley Łódź","131002","Go Tigers","128631","3:0","3","0","75","47","baza_1_1.csv","1.1|921566"
"164","1.1","921567","2026-03-12 19:00","Mordor","Kuźnia Byków","130744","Incognito Volley","128619","3:1","3","1","96","86","baza_1_1.csv","1.1|921567"
"164","1.1","921568","2026-03-12 19:00","The Orchid","DHARMA Initiative","128577","ZAKSA Bochotnica","128722","1:3","1","3","82","93","baza_1_1.csv","1.1|921568"
"164","2.1","921801","2026-03-12 19:00","Krzywuchowe Moczary","Velen Volleyball Club","128684","CF Mleczne Olsztyn","128668","3:2","3","2","107","94","baza_2_1.csv","2.1|921801"
"164","2.1","921802","2026-03-12 19:00","Piekło","Saracens","128615","Young Team","128708","3:2","3","2","100","106","baza_2_1.csv","2.1|921802"
"164","2.1","921803","2026-03-12 19:00","LukArena","LukTeam","131134","Hydra VT Gdańsk","128612","1:3","1","3","94","99","baza_2_1.csv","2.1|921803"
"164","2.1","921804","2026-03-12 19:00","Ping Pong Arena","Najlepsi z Najlepszych","130520","Libero Gorzków","128703","3:1","3","1","99","89","baza_2_1.csv","2.1|921804"
"164","2.1","921805","2026-03-12 19:00","Field House","Miesiany Miesiany","128676","Błyskawica Janów","131242","3:1","3","1","97","68","baza_2_1.csv","2.1|921805"
"164","2.1","921806","2026-03-12 19:00","Ośrodek Karny Rivii Arena 🎯","Smerfy z Rivii ⚔️⚔️🛡️","130934","Pogromcy Gdańsk","131205","3:0","3","0","75","39","baza_2_1.csv","2.1|921806"
"164","2.1","921807","2026-03-12 19:00","Mleczne Arena","Sprzeda Mecz","128663","CYTRYNIEC CHIŃSKI","130809","3:0","3","0","75","50","baza_2_1.csv","2.1|921807"
"164","2.1","921808","2026-03-12 19:00","Silver Hall","Silver Arsenal","130505","Celtic VC","128735","0:3","0","3","43","75","baza_2_1.csv","2.1|921808"
"164","2.2","922041","2026-03-12 19:00","Blok Centralny","Zakład Karny w Strzelinie","128751","RKS","128588","1:3","1","3","70","99","baza_2_2.csv","2.2|922041"
"164","2.2","922042","2026-03-12 19:00","CSKA Arena","CSKA Mielec","128613","Silver Sharks Lublin 🦈","128674","3:0","3","0","75","63","baza_2_2.csv","2.2|922042"
"164","2.2","922043","2026-03-12 19:00","Siatkarskie Podlasie","SiatkarskiePodlasie.pl","130565","Bydgoszcz Spartans","128726","0:3","0","3","35","75","baza_2_2.csv","2.2|922043"
"164","2.2","922044","2026-03-12 19:00","Olimp Arena","UKS Olimp Ostrołęka","128604","Nosmeisy","128686","3:0","3","0","75","51","baza_2_2.csv","2.2|922044"
"164","2.2","922045","2026-03-12 19:00","LEGO Arena","Czorty Chorzów","130959","AJAX PIASTY","130797","3:0","3","0","75","45","baza_2_2.csv","2.2|922045"
"164","2.2","922046","2026-03-12 19:00","MAKDOM ARENA","MAKDOM","128660","Millennium Siemianowice","130955","2:3","2","3","109","106","baza_2_2.csv","2.2|922046"
"164","2.2","922047","2026-03-12 19:00","Chausseestrasse arena","Rutz","130854","Ranczo Wilkowyje","130915","3:0","3","0","75","52","baza_2_2.csv","2.2|922047"
"164","2.2","922048","2026-03-12 19:00","Mroczna Arena","👽Strażnicy Cienia👽","128711","Thorn Lynxes","131219","2:3","2","3","96","103","baza_2_2.csv","2.2|922048"
"164","2.3","922281","2026-03-12 19:00","Ragnarok","Vikings","128756","KKS Gryf Lębork","128809","3:2","3","2","104","105","baza_2_3.csv","2.3|922281"
"164","2.3","922282","2026-03-12 19:00","🦣 Mamut Area 🦣","🦣 KS MAMUTY 🦣","130549","Polonia Bytom","130871","2:3","2","3","92","114","baza_2_3.csv","2.3|922282"
"164","2.3","922283","2026-03-12 19:00","Hala im. TW Bolka","Bolek i lolek 🤙","128586","Stara Gwardia Nakło ⚔️","128688","3:1","3","1","96","76","baza_2_3.csv","2.3|922283"
"164","2.3","922284","2026-03-12 19:00","カラスの巣","Karasuno","128635","Skoczne Karakany","130767","3:0","3","0","75","58","baza_2_3.csv","2.3|922284"
"164","2.3","922285","2026-03-12 19:00","Silver Pearl Stadium","KS Budowlani Kołacin 👷🏻","128629","Zabrzański Górnik","128816","3:1","3","1","92","80","baza_2_3.csv","2.3|922285"
"164","2.3","922286","2026-03-12 19:00","Kocioł","Budowlani Nysa","130574","EnergiaPro Gwardia Wrocław","130757","0:3","0","3","59","75","baza_2_3.csv","2.3|922286"
"164","2.3","922287","2026-03-12 19:00","Ver","Vernixo","128679","Projekt Warszawa","128614","3:0","3","0","75","52","baza_2_3.csv","2.3|922287"
"164","2.3","922288","2026-03-12 19:00","Zoo","Wściekłe Tygrysy","128782","RCS Czarni Radom","128600","0:3","0","3","43","75","baza_2_3.csv","2.3|922288"
"164","2.4","922521","2026-03-12 19:00","In the middle of nowhere","Unknown Team","128636","BKS Białystok","128644","3:0","3","0","75","50","baza_2_4.csv","2.4|922521"
"164","2.4","922522","2026-03-12 19:00","Aloha Arena","Ohana Gliwice","130945","Alpha","131086","3:1","3","1","95","80","baza_2_4.csv","2.4|922522"
"164","2.4","922523","2026-03-12 19:00","we no WHO U r","massive dongs","128592","Turbo Śpiochy","128578","3:0","3","0","75","54","baza_2_4.csv","2.4|922523"
"164","2.4","922524","2026-03-12 19:00","kiczan arena","kiczan team zduńska wola","128596","QUEERTISONEK TEAM","131147","3:0","3","0","75","45","baza_2_4.csv","2.4|922524"
"164","2.4","922525","2026-03-12 19:00","Mozt","TEXańska Masakra Piłą Ręczną","131293","KS Kawoholicy","131724","3:1","3","1","99","71","baza_2_4.csv","2.4|922525"
"164","2.4","922526","2026-03-12 19:00","Bystra Bochotnica Arena","Bystra Bochotnica","128657","Pioruny  i Grzmoty","130966","3:1","3","1","96","92","baza_2_4.csv","2.4|922526"
"164","2.4","922527","2026-03-12 19:00","Może zagram","Fc MiSieNieChce","130908","Sivass-Pol De Mare","128794","0:3","0","3","42","75","baza_2_4.csv","2.4|922527"
"164","2.4","922528","2026-03-12 19:00","Aviator arena","BH STAL MIELEC","130769","Vamos","128714","1:3","1","3","78","92","baza_2_4.csv","2.4|922528"
"164","3.1","922761","2026-03-12 17:00","Letalnica","Team Spiryt Chorzów","130958","Cicely","128704","3:0","3","0","75","52","baza_3_1.csv","3.1|922761"
"164","3.1","922762","2026-03-12 17:00","Bździochy Arena","PGE Bubisie Bździochy","130773","Avengers","130920","3:1","3","1","98","79","baza_3_1.csv","3.1|922762"
"164","3.1","922763","2026-03-12 17:00","Celtics Hall","Bochotnica Celtics","128639","Renifers","128675","3:0","3","0","75","49","baza_3_1.csv","3.1|922763"
"164","3.1","922764","2026-03-12 17:00","Nati Memorial Hall","⭐ Nati ⭐ 1995 ⭐  ∞  ⭐","130585","Drużyna Pierścienia","141064","3:0","3","0","75","42","baza_3_1.csv","3.1|922764"
"164","3.1","922765","2026-03-12 17:00","TU Arena","TaUrsy","130537","Vollley Rybnik","137468","0:3","0","3","22","75","baza_3_1.csv","3.1|922765"
"164","3.1","922766","2026-03-12 17:00","KorpoArena","Korporacja Gwiazd Bezrobocia","128595","Orzeł Grzędzice","128728","3:0","3","0","75","25","baza_3_1.csv","3.1|922766"
"164","3.1","922767","2026-03-12 17:00","Kamienieckie Doły","Cargo Kamieniec Ząbkowicki","151049","Zaksa Kędzierzyn - Koźle","131200","3:0","3","0","75","11","baza_3_1.csv","3.1|922767"
"164","3.1","922768","2026-03-12 17:00","SRS Bernabeu","SRS Katarina","137403","Team :: Ownz Ya!","130572","3:0","3","0","75","29","baza_3_1.csv","3.1|922768"
"164","3.2","923001","2026-03-12 17:00","Malinowe marzenie","Maliniaczki","131020","Fiorentina Nakło","130905","2:3","2","3","112","100","baza_3_2.csv","3.2|923001"
"164","3.2","923002","2026-03-12 17:00","Kaźmierzanka","Plas Kaźmierz","137421","Siatka Krzemieniewo","128597","3:2","3","2","108","100","baza_3_2.csv","3.2|923002"
"164","3.2","923003","2026-03-12 17:00","Arena Chłopów","ChlopkiTeam","128606","CVB Barça","141012","3:0","3","0","75","20","baza_3_2.csv","3.2|923003"
"164","3.2","923004","2026-03-12 17:00","DZIK ŁÓDŹ ARENA","JTCNW Łódź","131093","GALACTICOS FC","131018","3:0","3","0","75","34","baza_3_2.csv","3.2|923004"
"164","3.2","923005","2026-03-12 17:00","Urania Olsztyn","ChudyTeam","130535","Wiejski Klub Kielno","130498","3:0","3","0","75","9","baza_3_2.csv","3.2|923005"
"164","3.2","923006","2026-03-12 17:00","Grota tajemnic","Czarne plamy","128655","Zegrze Nieporęt","131194","3:0","3","0","75","42","baza_3_2.csv","3.2|923006"
"164","3.2","923007","2026-03-12 17:00","Storm","WIPP Thunder","128672","Huragan Białobrzegi","131065","3:0","3","0","75","28","baza_3_2.csv","3.2|923007"
"164","3.2","923008","2026-03-12 17:00","Wylęgarnia Potworów","Nocne Potwory","128803","VC  Ziębka Team","130503","1:3","1","3","103","109","baza_3_2.csv","3.2|923008"
"164","3.3","923241","2026-03-12 17:00","Phoenix Scene","Phoenix Fire","128687","RG Olsztyn","128652","3:0","3","0","75","48","baza_3_3.csv","3.3|923241"
"164","3.3","923242","2026-03-12 17:00","Ale co","Ale co","128694","!STAL NYSA","130728","3:0","3","0","75","51","baza_3_3.csv","3.3|923242"
"164","3.3","923243","2026-03-12 17:00","Mazakowa hala sportowa","Mazaki VC","131006","KS Zamienie","141062","3:0","3","0","75","13","baza_3_3.csv","3.3|923243"
"164","3.3","923244","2026-03-12 17:00","Jeżodrom","Jeżomyszy🦔z Marsa🪐","130972","FC Misieniechce Radom","130676","3:0","3","0","75","8","baza_3_3.csv","3.3|923244"
"164","3.3","923245","2026-03-12 17:00","Urania","Bad Boys Team","128706","Kotwica Kołobrzeg","128801","3:0","3","0","75","65","baza_3_3.csv","3.3|923245"
"164","3.3","923246","2026-03-12 17:00","Dytto","DragonGAYS Polska","130705","RINZLER","128627","3:0","3","0","75","30","baza_3_3.csv","3.3|923246"
"164","3.3","923247","2026-03-12 17:00","NWWALC Stadium","OFIME Targówek","131746","Zduńska Wola Team","128640","3:0","3","0","75","26","baza_3_3.csv","3.3|923247"
"164","3.3","923248","2026-03-12 17:00","NiuniuCamp","NiuniuTeam","137395","Drink Team","141020","3:0","3","0","75","27","baza_3_3.csv","3.3|923248"
"164","3.4","923481","2026-03-12 17:00","Valiant Boys","Valiant Boys","130826","Trefl Gdańsk Pomorze","130509","0:3","0","3","63","81","baza_3_4.csv","3.4|923481"
"164","3.4","923482","2026-03-12 17:00","Trefl Arena","Trefl","131199","toto","128731","3:0","3","0","75","11","baza_3_4.csv","3.4|923482"
"164","3.4","923483","2026-03-12 17:00","Ultras1908","eŁKSa1908","130836","Asseco Resovia","131163","3:0","3","0","75","16","baza_3_4.csv","3.4|923483"
"164","3.4","923484","2026-03-12 17:00","Cytrynowe Pandemonium","Sycylijskie Cytryniaki","130704","Choroszcza Olsztyn","130774","3:0","3","0","75","45","baza_3_4.csv","3.4|923484"
"164","3.4","923485","2026-03-12 17:00","Los Rakos arena","Los Rakos","137449","Potok city","140815","3:0","3","0","75","40","baza_3_4.csv","3.4|923485"
"164","3.4","923486","2026-03-12 17:00","Smocza Jama","Smoczy Gród","131131","PIAST Strzelce Opolskie","130555","3:0","3","0","75","31","baza_3_4.csv","3.4|923486"
"164","3.4","923487","2026-03-12 17:00","Leszczyny arena","Volley Leszczyny","137412","KS Świt Baranowo","128589","3:0","3","0","75","61","baza_3_4.csv","3.4|923487"
"164","3.4","923488","2026-03-12 17:00","Arena Albigowa","SST SPORTUR GMINA ŁAŃCUT","128795","IKS Konstancin - Jeziorna","131223","3:0","3","0","76","64","baza_3_4.csv","3.4|923488"
"164","3.5","923721","2026-03-12 17:00","Baltic Arena","KKS Kaszubia Kościerzyna","128786","CAMORRA VC","130516","3:0","3","0","75","57","baza_3_5.csv","3.5|923721"
"164","3.5","923722","2026-03-12 17:00","H69","VC BORDER","128622","RafaTeam Lipusz","130561","3:0","3","0","75","49","baza_3_5.csv","3.5|923722"
"164","3.5","923723","2026-03-12 17:00","OPOLE_ARENA","OPOLE","130500","Kosmiczne Mandarynki","128609","3:0","3","0","75","38","baza_3_5.csv","3.5|923723"
"164","3.5","923724","2026-03-12 17:00","Ninjutsu Arena 2024","S-Ninjas","130582","ULTRAS-PL","130527","3:0","3","0","75","16","baza_3_5.csv","3.5|923724"
"164","3.5","923725","2026-03-12 17:00","Volley Arena","SKS Iłżanka Baranów","128715","AKS Śliw@","128584","3:0","3","0","75","30","baza_3_5.csv","3.5|923725"
"164","3.5","923726","2026-03-12 17:00","Arena Poznań","PGE Skra Poznań","130781","Bart Thorn","130726","3:0","3","0","75","32","baza_3_5.csv","3.5|923726"
"164","3.5","923727","2026-03-12 17:00","Arena Krosno","Iskra Krosno","128667","AKS VOLLEY  DOBRA","141110","3:0","3","0","75","50","baza_3_5.csv","3.5|923727"
"164","3.5","923728","2026-03-12 17:00","KSW ARENA","KSW7","140968","Aniołki Toruń","130820","3:0","3","0","75","30","baza_3_5.csv","3.5|923728"
"164","3.6","923961","2026-03-12 17:00","Słomin centre","Projekt Słomin","128700","Browary Hills","130979","3:2","3","2","116","112","baza_3_6.csv","3.6|923961"
"164","3.6","923962","2026-03-12 17:00","HSW Jastrzębie Zdrój","KS Jastrzębie","130545","Ikjas Toruń","131062","3:0","3","0","75","44","baza_3_6.csv","3.6|923962"
"164","3.6","923963","2026-03-12 17:00","The Others Arena","Black Smoke","137347","Young Team Reaktywacja","140951","3:1","3","1","97","66","baza_3_6.csv","3.6|923963"
"164","3.6","923964","2026-03-12 17:00","Olle hall","Victoria Wałbrzych","128774","Kudowianka Kudowa-Zdrój","131235","3:0","3","0","75","29","baza_3_6.csv","3.6|923964"
"164","3.6","923965","2026-03-12 17:00","Arena Siemianowice","MKS Siemianowice","128799","Pogoń Żubr","130564","3:0","3","0","75","23","baza_3_6.csv","3.6|923965"
"164","3.6","923966","2026-03-12 17:00","Ceremony Place Soreide","Groszowice Soreide","130604","SMS Rzeszów","137337","3:0","3","0","75","14","baza_3_6.csv","3.6|923966"
"164","3.6","923967","2026-03-12 17:00","Strongman Arena","RTS.Strongman Małecz","130601","Są Gorsi","130693","3:0","3","0","75","25","baza_3_6.csv","3.6|923967"
"164","3.6","923968","2026-03-12 17:00","Arena Twierdza","Twierdza Teodorówka","130591","KS Limanowa","140814","3:0","3","0","75","13","baza_3_6.csv","3.6|923968"
"164","3.7","924201","2026-03-12 17:00","San Siro","Stocznia Gdańsk","130595","Latające Dżdżownice","140796","3:2","3","2","115","106","baza_3_7.csv","3.7|924201"
"164","3.7","924202","2026-03-12 17:00","KZN","KZN","131229","Orły","137486","3:0","3","0","75","63","baza_3_7.csv","3.7|924202"
"164","3.7","924203","2026-03-12 17:00","Hala PP Piotrowo","AZS Politechnika Poznańska","128759","Dąbrowskie Pioruny","140781","3:0","3","0","75","26","baza_3_7.csv","3.7|924203"
"164","3.7","924204","2026-03-12 17:00","Spodek Viadukt","Volania Jeleninhos","131141","Błysk2","131225","3:1","3","1","96","70","baza_3_7.csv","3.7|924204"
"164","3.7","924205","2026-03-12 17:00","Meteora Arena","Linkin Park United","130617","SDJ Janów","131251","3:1","3","1","100","86","baza_3_7.csv","3.7|924205"
"164","3.7","924206","2026-03-12 17:00","Reksio Arena","Mighty Bears","130513","FFP Virtual Volley","130573","3:0","3","0","75","27","baza_3_7.csv","3.7|924206"
"164","3.7","924207","2026-03-12 17:00","Immobile Łuczniczka","BKS Visła Bydgoszcz","131284","Dyliżans Brzózka","137454","3:0","3","0","75","57","baza_3_7.csv","3.7|924207"
"164","3.7","924208","2026-03-12 17:00","Haba","Ghrum","130784","LKS Rotavia Nieporęt","128730","0:3","0","3","55","76","baza_3_7.csv","3.7|924208"
"164","3.8","924441","2026-03-12 17:00","Stilon Arena","Stilon Gorzów","130891","Rockers Wrocław","128605","3:0","3","0","77","60","baza_3_8.csv","3.8|924441"
"164","3.8","924442","2026-03-12 17:00","Na Hasioku","Jang Tim","128677","Anioły Toruń","130514","3:2","3","2","106","89","baza_3_8.csv","3.8|924442"
"164","3.8","924443","2026-03-12 17:00","Hala Energia","PGE GIEK Skra Bełchatów","130721","MKS Dąbrowa Górnicza","128800","3:0","3","0","75","43","baza_3_8.csv","3.8|924443"
"164","3.8","924444","2026-03-12 17:00","Tylmanowa Arena","Aptekarz Tylmanowa","128720","ZAKSA ŚWINOUJŚCIE","130896","3:0","3","0","75","27","baza_3_8.csv","3.8|924444"
"164","3.8","924445","2026-03-12 17:00","Kolonia Arena","Volley Królewscy Jedlnia","130524","Fc Albatros","131276","3:0","3","0","75","26","baza_3_8.csv","3.8|924445"
"164","3.8","924446","2026-03-12 17:00","Fabryczna Union Arena","Budowlani Łódź","128736","Dallas Mavericks","128666","3:0","3","0","75","16","baza_3_8.csv","3.8|924446"
"164","3.8","924447","2026-03-12 17:00","Hell","Przebój Wolbrom","130621","AZS PRIME Olsztyn","137361","3:0","3","0","75","12","baza_3_8.csv","3.8|924447"
"164","3.8","924448","2026-03-12 17:00","Kiciniowo","Fc Kiciusie","140744","KndSynu Cios","137411","0:3","0","3","55","75","baza_3_8.csv","3.8|924448"
"164","3.9","924681","2026-03-12 17:00","Hala Relax","Volley Team Piotrków Tryb.","128724","Zamek Golub-Dobrzyń","131227","0:3","0","3","43","75","baza_3_9.csv","3.9|924681"
"164","3.9","924682","2026-03-12 17:00","OSiR","Zaksa Mszczonów","130593","Galaxia Kwielice","130973","3:1","3","1","96","89","baza_3_9.csv","3.9|924682"
"164","3.9","924683","2026-03-12 17:00","HalaAT","ActiVeTeam","128702","SGS Goleniów","137350","3:0","3","0","76","60","baza_3_9.csv","3.9|924683"
"164","3.9","924684","2026-03-12 17:00","VST Hala Sportowa","Volleyball Szubin Team","128579","GSY","130525","3:0","3","0","75","27","baza_3_9.csv","3.9|924684"
"164","3.9","924685","2026-03-12 17:00","Volley Citadel","Spartans Volley","130930","Flying Spiders","140867","3:0","3","0","75","15","baza_3_9.csv","3.9|924685"
"164","3.9","924686","2026-03-12 17:00","XYZ","ZYX","131059","Czarni Piasek","128752","3:1","3","1","95","75","baza_3_9.csv","3.9|924686"
"164","3.9","924687","2026-03-12 17:00","Bonito Arena","Joga Bonito","137493","Jagiellonia Białystok","140856","3:0","3","0","75","19","baza_3_9.csv","3.9|924687"
"164","3.9","924688","2026-03-12 17:00","Sardegna Hall","Sardegna Volley","137467","SBX TEAM","140751","3:0","3","0","75","68","baza_3_9.csv","3.9|924688"
"164","3.10","924921","2026-03-12 17:00","JednakGramy Arena","JednakGramy","128768","Pancio","128750","3:0","3","0","75","63","baza_3_10.csv","3.10|924921"
"164","3.10","924922","2026-03-12 17:00","Arena Baranów","KS Strużanka Baranów","130994","Hot Volley Nysa","128630","1:3","1","3","77","96","baza_3_10.csv","3.10|924922"
"164","3.10","924923","2026-03-12 17:00","Hala sportowa w Paterku ul. Kcyńska 6A","TKS Jelenie Studzienki","130939","Indykpol AZS Olsztyn","128620","3:0","3","0","75","44","baza_3_10.csv","3.10|924923"
"164","3.10","924924","2026-03-12 17:00","Crucible","Bydgoszcz Baki","128616","KK271","141054","3:0","3","0","75","11","baza_3_10.csv","3.10|924924"
"164","3.10","924925","2026-03-12 17:00","Stadion Złotych Orłów","Złote Orły","131740","UKS BŁYSKAWICA ŁOWICZ","130699","3:0","3","0","75","31","baza_3_10.csv","3.10|924925"
"164","3.10","924926","2026-03-12 17:00","Wataha","Polish Wolves","131258","BBTS Bielsko-Biała","137383","3:0","3","0","75","21","baza_3_10.csv","3.10|924926"
"164","3.10","924927","2026-03-12 17:00","Osyra Stadion","GPT Mysłowice","128747","Tigers","128634","3:0","3","0","75","12","baza_3_10.csv","3.10|924927"
"164","3.10","924928","2026-03-12 17:00","Piernik Arena","Kopernik Toruń","130739","TSW Wisła Kraków","151056","3:0","3","0","75","60","baza_3_10.csv","3.10|924928"
"164","3.11","925161","2026-03-12 17:00","Stajnia Jednorożców","Kolorowe Rumaki","131164","Seniorzy Wieluń","130519","3:1","3","1","99","80","baza_3_11.csv","3.11|925161"
"164","3.11","925162","2026-03-12 17:00","PauPau Arena","PauPau","140825","Kasztaniaki","131735","3:1","3","1","96","82","baza_3_11.csv","3.11|925162"
"164","3.11","925163","2026-03-12 17:00","Pogoń Arena","Pogoń Portowcy","131768","Orzełki Team","137444","3:0","3","0","75","46","baza_3_11.csv","3.11|925163"
"164","3.11","925164","2026-03-12 17:00","Brute Force Arena","Brute Force","130978","KS Crusaders","137439","3:0","3","0","75","22","baza_3_11.csv","3.11|925164"
"164","3.11","925165","2026-03-12 17:00","Hala Chrupnięcia","AKS Andrut Kalisz 🧇","128789","FC Łosarnia Tujsk","140910","3:2","3","2","106","93","baza_3_11.csv","3.11|925165"
"164","3.11","925166","2026-03-12 17:00","Upadła Arena","Latające Imadła","131022","Gwoździe","140812","3:0","3","0","75","9","baza_3_11.csv","3.11|925166"
"164","3.11","925167","2026-03-12 17:00","Szklanka Wódki xD","ScorpioN","128617","NIELOTY GDAŃSK","130946","3:0","3","0","75","10","baza_3_11.csv","3.11|925167"
"164","3.11","925168","2026-03-12 17:00","Arena W","Team WWW","131066","Enea PTPS Piła","128646","3:0","3","0","75","23","baza_3_11.csv","3.11|925168"
"164","3.12","925401","2026-03-12 17:00","Sparbanken Skåne Arena","🌳Leśne Ludki🌳","131712","300-stuSpartan","137376","1:3","1","3","78","94","baza_3_12.csv","3.12|925401"
"164","3.12","925402","2026-03-12 17:00","Losir Luboń","Acapulco Stalion","128733","ARM Volley","137419","3:1","3","1","99","88","baza_3_12.csv","3.12|925402"
"164","3.12","925403","2026-03-12 17:00","Bagno","The Ops","131290","Olimpia Kowary","137420","3:0","3","0","75","21","baza_3_12.csv","3.12|925403"
"164","3.12","925404","2026-03-12 17:00","Hala Urania of City Olsztyn","Zawisza Olsztyn","128659","Warta Zawiercie","130562","3:0","3","0","75","44","baza_3_12.csv","3.12|925404"
"164","3.12","925405","2026-03-12 17:00","Lesko Arena","Volley Master","130507","Aciu Team","131157","3:0","3","0","75","13","baza_3_12.csv","3.12|925405"
"164","3.12","925406","2026-03-12 17:00","Ipsarion","Ipsarion","140952","Lube Rzeszów","130863","3:0","3","0","75","44","baza_3_12.csv","3.12|925406"
"164","3.12","925407","2026-03-12 17:00","Konarzewo Arena","KS Konarzewo","137342","Braniewo Volley","141119","3:0","3","0","75","29","baza_3_12.csv","3.12|925407"
"164","3.12","925408","2026-03-12 17:00","Match Of The Millennium","Yu-Gi-Oh!","131717","Anię dopadła grypa","140870","3:0","3","0","75","25","baza_3_12.csv","3.12|925408"
"164","3.13","925641","2026-03-12 17:00","Orły hall","PolskieOrły","128769","Spartakus Radom","131248","3:0","3","0","75","23","baza_3_13.csv","3.13|925641"
"164","3.13","925642","2026-03-12 17:00","Rat Arena","🐀Ratty Rattas🐀","128707","Szmulki","140963","3:0","3","0","75","24","baza_3_13.csv","3.13|925642"
"164","3.13","925643","2026-03-12 17:00","TUR TUREK KOCIOŁ SILNIK PODKRĘCONY TEJ","☣️ MY TU TEGO BAGNO 💩💩    🔝","130911","LKS  ASERTO Trześń","131723","3:1","3","1","96","68","baza_3_13.csv","3.13|925643"
"164","3.13","925644","2026-03-12 17:00","Progress Arena","ProgressTeam","128806","Unia Leszno","131196","3:2","3","2","111","98","baza_3_13.csv","3.13|925644"
"164","3.13","925645","2026-03-12 17:00","Im. Św. Qbiniego","Aleleble","128628","Trentino Młodzieszyn","128599","3:0","3","0","75","20","baza_3_13.csv","3.13|925645"
"164","3.13","925646","2026-03-12 17:00","Valhalla","Brave Vikings","131709","TwentyFive.pl","130518","3:0","3","0","75","34","baza_3_13.csv","3.13|925646"
"164","3.13","925647","2026-03-12 17:00","Lokomotiv Plzen","Raven","140853","Sędziowie Bydgoszcz","140960","3:0","3","0","75","12","baza_3_13.csv","3.13|925647"
"164","3.13","925648","2026-03-12 17:00","MKS1956","MKS ŁĘCZYCA","128741","Red Devils","128725","3:0","3","0","75","24","baza_3_13.csv","3.13|925648"
"164","3.14","925881","2026-03-12 17:00","Dąbrówka Arena","III Piastowskie","130858","Shtosee volley team","128680","2:3","2","3","98","111","baza_3_14.csv","3.14|925881"
"164","3.14","925882","2026-03-12 17:00","pONczek Arena","pONczek Team","130540","Kubiki","130510","3:0","3","0","77","64","baza_3_14.csv","3.14|925882"
"164","3.14","925883","2026-03-12 17:00","Lions Stadium","Lajony Kingzz","131747","KS GRABÓW","130543","3:0","3","0","75","47","baza_3_14.csv","3.14|925883"
"164","3.14","925884","2026-03-12 17:00","Old Trafford","KS Brzeziny","128710","BT ENERGIA","137456","3:0","3","0","75","15","baza_3_14.csv","3.14|925884"
"164","3.14","925885","2026-03-12 17:00","Bebzol","Arbuzy i Kebaby","130611","NTS NAKŁO NAD NOTECIĄ","128729","3:0","3","0","75","53","baza_3_14.csv","3.14|925885"
"164","3.14","925886","2026-03-12 17:00","Hit Dome","Hit Happens","131734","Skra Trzemeszno","131217","3:0","3","0","75","51","baza_3_14.csv","3.14|925886"
"164","3.14","925887","2026-03-12 17:00","Mierzwice Arena","Mierzwicanka Mierzwice","130539","Kanzas Foxx","137481","3:0","3","0","75","42","baza_3_14.csv","3.14|925887"
"164","3.14","925888","2026-03-12 17:00","Hala FC","Farciarze FC","128734","Zryw","141102","2:3","2","3","102","110","baza_3_14.csv","3.14|925888"
"164","3.15","926121","2026-03-12 17:00","OSIR ARENA","G.T.S. Unia Choceń","128749","Makosiki","128780","3:2","3","2","111","116","baza_3_15.csv","3.15|926121"
"164","3.15","926122","2026-03-12 17:00","JaqbArena","JaqbTeam","128695","KS Okalew","131073","3:0","3","0","75","32","baza_3_15.csv","3.15|926122"
"164","3.15","926123","2026-03-12 17:00","MotoArena","FC Świętopełka 🔥","128802","Gumi-Misie","131244","3:1","3","1","97","81","baza_3_15.csv","3.15|926123"
"164","3.15","926124","2026-03-12 17:00","Kabako Arena","Finlandia Opole Lubelskie","130910","Fenix Siennica","130586","3:0","3","0","75","26","baza_3_15.csv","3.15|926124"
"164","3.15","926125","2026-03-12 17:00","Dobrzynianka","Victoria Dobra","131261","LTS Feniks Leżajsk","141106","3:0","3","0","75","32","baza_3_15.csv","3.15|926125"
"164","3.15","926126","2026-03-12 17:00","Estadio zulito","Lech Sulechów","128625","AZT Tytan Czestochowa","128743","1:3","1","3","81","92","baza_3_15.csv","3.15|926126"
"164","3.15","926127","2026-03-12 17:00","Makalamabedi","W124","137366","Wierzeje","141108","3:1","3","1","99","80","baza_3_15.csv","3.15|926127"
"164","3.15","926128","2026-03-12 17:00","Hala Mostowa","Śląskie Burrito","131722","Ks Kedzierzyn","128713","3:0","3","0","75","40","baza_3_15.csv","3.15|926128"
"164","3.16","926361","2026-03-12 17:00","Spożywczak","Blackburn Toruń","128601","sanah","131179","3:1","3","1","98","60","baza_3_16.csv","3.16|926361"
"164","3.16","926362","2026-03-12 17:00","Camp Nou","Lance Armstrong","131718","GizoTeam","128693","3:1","3","1","97","82","baza_3_16.csv","3.16|926362"
"164","3.16","926363","2026-03-12 17:00","DONUT","V-DRIFTERS","131254","Juve","131236","3:0","3","0","75","34","baza_3_16.csv","3.16|926363"
"164","3.16","926364","2026-03-12 17:00","Arena wilków","Złote Wilki","128790","🪿⎛⎝( ` ᢍ ´ )⎠⎞ᵐᵘʰᵃʰᵃ🦇","131021","3:0","3","0","75","31","baza_3_16.csv","3.16|926364"
"164","3.16","926365","2026-03-12 17:00","ZNhala","Znienacka team","130933","Die Freie Stadt Danzig","130661","3:0","3","0","75","28","baza_3_16.csv","3.16|926365"
"164","3.16","926366","2026-03-12 17:00","Arena Łódź Podwodna","AquaSharks","128771","Zadar Głuchołazy","128664","3:0","3","0","75","51","baza_3_16.csv","3.16|926366"
"164","3.16","926367","2026-03-12 17:00","PRAFIL ARENA","PGJ Azoty","130845","PKS Choszczno","140884","1:3","1","3","89","95","baza_3_16.csv","3.16|926367"
"164","3.16","926368","2026-03-12 17:00","Łu tu tu tu","La Vida Loca","131011","Gryf Policzna","140747","0:3","0","3","16","75","baza_3_16.csv","3.16|926368"
"164","1.1","921553","2026-03-10 19:00","The Orchid","DHARMA Initiative","128577","Dano Dream Team","130607","1:3","1","3","97","94","baza_1_1.csv","1.1|921553"
"164","1.1","921554","2026-03-10 19:00","Hala Widowiskowo-Sportowa \""AZOTY\""","ZAKSA Bochotnica","128722","Kuźnia Byków","130744","3:0","3","0","75","53","baza_1_1.csv","1.1|921554"
"164","1.1","921555","2026-03-10 19:00","SMA","Incognito Volley","128619","AKS Volley Łódź","131002","3:0","3","0","78","67","baza_1_1.csv","1.1|921555"
"164","1.1","921556","2026-03-10 19:00","Hala Polonia","Go Tigers","128631","VC Kittens","128580","0:3","0","3","57","75","baza_1_1.csv","1.1|921556"
"164","1.1","921557","2026-03-10 19:00","Ergo Małomice","Penguin Małomice","128781","Smerfy","128764","3:1","3","1","98","71","baza_1_1.csv","1.1|921557"
"164","1.1","921558","2026-03-10 19:00","Arena W-W","Wratislawia Wrocław","128772","Carplife 🇵🇱","130954","0:3","0","3","53","75","baza_1_1.csv","1.1|921558"
"164","1.1","921559","2026-03-10 19:00","Hala sportowa w Zduńskiej Woli","Volleyball Team Zduńska Wola","128603","Pilica Koniecpol","130885","3:1","3","1","99","87","baza_1_1.csv","1.1|921559"
"164","1.1","921560","2026-03-10 19:00","Arena of Rzeplin","Tsunami Rzeplin","128717","Dzikie Rumaxy","128638","2:3","2","3","99","116","baza_1_1.csv","1.1|921560"
"164","2.1","921793","2026-03-10 19:00","Silver Hall","Silver Arsenal","130505","Velen Volleyball Club","128684","0:3","0","3","50","75","baza_2_1.csv","2.1|921793"
"164","2.1","921794","2026-03-10 19:00","Parkhead","Celtic VC","128735","Sprzeda Mecz","128663","3:0","3","0","77","69","baza_2_1.csv","2.1|921794"
"164","2.1","921795","2026-03-10 19:00","CYTRYNIEC","CYTRYNIEC CHIŃSKI","130809","Smerfy z Rivii ⚔️⚔️🛡️","130934","1:3","1","3","80","88","baza_2_1.csv","2.1|921795"
"164","2.1","921796","2026-03-10 19:00","Pogro Arena","Pogromcy Gdańsk","131205","Miesiany Miesiany","128676","1:3","1","3","74","88","baza_2_1.csv","2.1|921796"
"164","2.1","921797","2026-03-10 19:00","Janów hall","Błyskawica Janów","131242","Najlepsi z Najlepszych","130520","0:3","0","3","50","75","baza_2_1.csv","2.1|921797"
"164","2.1","921798","2026-03-10 19:00","Hala 134","Libero Gorzków","128703","LukTeam","131134","0:3","0","3","45","75","baza_2_1.csv","2.1|921798"
"164","2.1","921799","2026-03-10 19:00","7l z Pepsi Arena","Hydra VT Gdańsk","128612","Saracens","128615","2:3","2","3","99","113","baza_2_1.csv","2.1|921799"
"164","2.1","921800","2026-03-10 19:00","Szpil Plac u Gerusia","Young Team","128708","CF Mleczne Olsztyn","128668","2:3","2","3","98","95","baza_2_1.csv","2.1|921800"
"164","2.2","922033","2026-03-10 19:00","Mroczna Arena","👽Strażnicy Cienia👽","128711","Zakład Karny w Strzelinie","128751","3:2","3","2","108","112","baza_2_2.csv","2.2|922033"
"164","2.2","922034","2026-03-10 19:00","Wild Hall","Thorn Lynxes","131219","Rutz","130854","2:3","2","3","97","105","baza_2_2.csv","2.2|922034"
"164","2.2","922035","2026-03-10 19:00","Hala im. Pawła Kozioła","Ranczo Wilkowyje","130915","MAKDOM","128660","1:3","1","3","73","97","baza_2_2.csv","2.2|922035"
"164","2.2","922036","2026-03-10 19:00","Millennium Arena","Millennium Siemianowice","130955","Czorty Chorzów","130959","3:1","3","1","93","71","baza_2_2.csv","2.2|922036"
"164","2.2","922037","2026-03-10 19:00","Piasterdam Stadium","AJAX PIASTY","130797","UKS Olimp Ostrołęka","128604","1:3","1","3","85","102","baza_2_2.csv","2.2|922037"
"164","2.2","922038","2026-03-10 19:00","Zimorodek","Nosmeisy","128686","SiatkarskiePodlasie.pl","130565","3:2","3","2","111","103","baza_2_2.csv","2.2|922038"
"164","2.2","922039","2026-03-10 19:00","Sisu Arena","Bydgoszcz Spartans","128726","CSKA Mielec","128613","1:3","1","3","87","96","baza_2_2.csv","2.2|922039"
"164","2.2","922040","2026-03-10 19:00","UMCS Hala Sportowa","Silver Sharks Lublin 🦈","128674","RKS","128588","1:3","1","3","90","101","baza_2_2.csv","2.2|922040"
"164","2.3","922273","2026-03-10 19:00","Zoo","Wściekłe Tygrysy","128782","Vikings","128756","0:3","0","3","38","75","baza_2_3.csv","2.3|922273"
"164","2.3","922274","2026-03-10 19:00","Radomskie Centrum Sportu","RCS Czarni Radom","128600","Vernixo","128679","0:3","0","3","42","75","baza_2_3.csv","2.3|922274"
"164","2.3","922275","2026-03-10 19:00","Torwar","Projekt Warszawa","128614","Budowlani Nysa","130574","0:3","0","3","56","75","baza_2_3.csv","2.3|922275"
"164","2.3","922276","2026-03-10 19:00","Hala Orbita","EnergiaPro Gwardia Wrocław","130757","KS Budowlani Kołacin 👷🏻","128629","3:0","3","0","81","69","baza_2_3.csv","2.3|922276"
"164","2.3","922277","2026-03-10 19:00","Hala Sportowa w Zabrzu","Zabrzański Górnik","128816","Karasuno","128635","3:2","3","2","94","105","baza_2_3.csv","2.3|922277"
"164","2.3","922278","2026-03-10 19:00","Karakanówka","Skoczne Karakany","130767","Bolek i lolek 🤙","128586","0:3","0","3","64","79","baza_2_3.csv","2.3|922278"
"164","2.3","922279","2026-03-10 19:00","Forteca Nakło","Stara Gwardia Nakło ⚔️","128688","🦣 KS MAMUTY 🦣","130549","3:2","3","2","112","98","baza_2_3.csv","2.3|922279"
"164","2.3","922280","2026-03-10 19:00","Polonijny młyn","Polonia Bytom","130871","KKS Gryf Lębork","128809","0:3","0","3","55","75","baza_2_3.csv","2.3|922280"
"164","2.4","922513","2026-03-10 19:00","Aviator arena","BH STAL MIELEC","130769","Unknown Team","128636","0:3","0","3","56","75","baza_2_4.csv","2.4|922513"
"164","2.4","922514","2026-03-10 19:00","Torwar","Vamos","128714","Fc MiSieNieChce","130908","3:0","3","0","75","39","baza_2_4.csv","2.4|922514"
"164","2.4","922515","2026-03-10 19:00","Sportur Astro","Sivass-Pol De Mare","128794","Bystra Bochotnica","128657","1:3","1","3","75","93","baza_2_4.csv","2.4|922515"
"164","2.4","922516","2026-03-10 19:00","Olimp  Arena","Pioruny  i Grzmoty","130966","TEXańska Masakra Piłą Ręczną","131293","3:2","3","2","119","118","baza_2_4.csv","2.4|922516"
"164","2.4","922517","2026-03-10 19:00","Kentucky Coffee Roasters Arena","KS Kawoholicy","131724","kiczan team zduńska wola","128596","0:3","0","3","56","76","baza_2_4.csv","2.4|922517"
"164","2.4","922518","2026-03-10 19:00","QUEERTISONEK","QUEERTISONEK TEAM","131147","massive dongs","128592","0:3","0","3","47","75","baza_2_4.csv","2.4|922518"
"164","2.4","922519","2026-03-10 19:00","wyrko rodzinne","Turbo Śpiochy","128578","Ohana Gliwice","130945","1:3","1","3","67","97","baza_2_4.csv","2.4|922519"
"164","2.4","922520","2026-03-10 19:00","Alpha Arena","Alpha","131086","BKS Białystok","128644","2:3","2","3","102","104","baza_2_4.csv","2.4|922520"
"164","3.1","922753","2026-03-10 17:00","SRS Bernabeu","SRS Katarina","137403","Team Spiryt Chorzów","130958","0:3","0","3","64","75","baza_3_1.csv","3.1|922753"
"164","3.1","922754","2026-03-10 17:00","Ownz Ya! :: Arena","Team :: Ownz Ya!","130572","Cargo Kamieniec Ząbkowicki","151049","0:3","0","3","53","78","baza_3_1.csv","3.1|922754"
"164","3.1","922755","2026-03-10 17:00","Hala Azoty","Zaksa Kędzierzyn - Koźle","131200","Korporacja Gwiazd Bezrobocia","128595","0:3","0","3","15","75","baza_3_1.csv","3.1|922755"
"164","3.1","922756","2026-03-10 17:00","Gniazdo","Orzeł Grzędzice","128728","TaUrsy","130537","3:0","3","0","75","12","baza_3_1.csv","3.1|922756"
"164","3.1","922757","2026-03-10 17:00","Volley Arena","Vollley Rybnik","137468","⭐ Nati ⭐ 1995 ⭐  ∞  ⭐","130585","0:3","0","3","16","75","baza_3_1.csv","3.1|922757"
"164","3.1","922758","2026-03-10 17:00","Rohan","Drużyna Pierścienia","141064","Bochotnica Celtics","128639","0:3","0","3","26","75","baza_3_1.csv","3.1|922758"
"164","3.1","922759","2026-03-10 17:00","Renifers Hall","Renifers","128675","PGE Bubisie Bździochy","130773","1:3","1","3","78","93","baza_3_1.csv","3.1|922759"
"164","3.1","922760","2026-03-10 17:00","Avengers Arena","Avengers","130920","Cicely","128704","3:0","3","0","75","41","baza_3_1.csv","3.1|922760"
"164","3.2","922993","2026-03-10 17:00","Wylęgarnia Potworów","Nocne Potwory","128803","Maliniaczki","131020","3:2","3","2","93","99","baza_3_2.csv","3.2|922993"
"164","3.2","922994","2026-03-10 17:00","Stodoła 97","VC  Ziębka Team","130503","WIPP Thunder","128672","3:0","3","0","75","54","baza_3_2.csv","3.2|922994"
"164","3.2","922995","2026-03-10 17:00","PB Arena","Huragan Białobrzegi","131065","Czarne plamy","128655","0:3","0","3","24","75","baza_3_2.csv","3.2|922995"
"164","3.2","922996","2026-03-10 17:00","Lake Arena","Zegrze Nieporęt","131194","ChudyTeam","130535","0:3","0","3","24","75","baza_3_2.csv","3.2|922996"
"164","3.2","922997","2026-03-10 17:00","WKS Kielno Arena","Wiejski Klub Kielno","130498","JTCNW Łódź","131093","0:3","0","3","13","75","baza_3_2.csv","3.2|922997"
"164","3.2","922998","2026-03-10 17:00","ARENA KENTUCKY","GALACTICOS FC","131018","ChlopkiTeam","128606","0:3","0","3","36","75","baza_3_2.csv","3.2|922998"
"164","3.2","922999","2026-03-10 17:00","Palau Blaugrana","CVB Barça","141012","Plas Kaźmierz","137421","0:3","0","3","19","75","baza_3_2.csv","3.2|922999"
"164","3.2","923000","2026-03-10 17:00","Hala Sportowa","Siatka Krzemieniewo","128597","Fiorentina Nakło","130905","0:3","0","3","61","76","baza_3_2.csv","3.2|923000"
"164","3.3","923233","2026-03-10 17:00","NiuniuCamp","NiuniuTeam","137395","Phoenix Fire","128687","0:3","0","3","44","76","baza_3_3.csv","3.3|923233"
"164","3.3","923234","2026-03-10 17:00","Drink Arena","Drink Team","141020","OFIME Targówek","131746","0:3","0","3","23","75","baza_3_3.csv","3.3|923234"
"164","3.3","923235","2026-03-10 17:00","Wimbledon","Zduńska Wola Team","128640","DragonGAYS Polska","130705","0:3","0","3","10","75","baza_3_3.csv","3.3|923235"
"164","3.3","923236","2026-03-10 17:00","RINLZER ARENA","RINZLER","128627","Bad Boys Team","128706","0:3","0","3","53","75","baza_3_3.csv","3.3|923236"
"164","3.3","923237","2026-03-10 17:00","Milenium MOSIR","Kotwica Kołobrzeg","128801","Jeżomyszy🦔z Marsa🪐","130972","0:3","0","3","36","75","baza_3_3.csv","3.3|923237"
"164","3.3","923238","2026-03-10 17:00","Misieniechce Radom Arena","FC Misieniechce Radom","130676","Mazaki VC","131006","0:3","0","3","11","75","baza_3_3.csv","3.3|923238"
"164","3.3","923239","2026-03-10 17:00","Meduza","KS Zamienie","141062","Ale co","128694","0:3","0","3","17","75","baza_3_3.csv","3.3|923239"
"164","3.3","923240","2026-03-10 17:00","KOCIOŁ","!STAL NYSA","130728","RG Olsztyn","128652","0:3","0","3","61","75","baza_3_3.csv","3.3|923240"
"164","3.4","923473","2026-03-10 17:00","Arena Albigowa","SST SPORTUR GMINA ŁAŃCUT","128795","Valiant Boys","130826","0:3","0","3","46","75","baza_3_4.csv","3.4|923473"
"164","3.4","923474","2026-03-10 17:00","GOKSiR Konstancin","IKS Konstancin - Jeziorna","131223","Volley Leszczyny","137412","0:3","0","3","49","77","baza_3_4.csv","3.4|923474"
"164","3.4","923475","2026-03-10 17:00","Niepodległości 11","KS Świt Baranowo","128589","Smoczy Gród","131131","0:3","0","3","33","75","baza_3_4.csv","3.4|923475"
"164","3.4","923476","2026-03-10 17:00","Strzelce Opolskie Arena","PIAST Strzelce Opolskie","130555","Los Rakos","137449","0:3","0","3","29","75","baza_3_4.csv","3.4|923476"
"164","3.4","923477","2026-03-10 17:00","Pod niebem u Henia","Potok city","140815","Sycylijskie Cytryniaki","130704","0:3","0","3","27","75","baza_3_4.csv","3.4|923477"
"164","3.4","923478","2026-03-10 17:00","Urania","Choroszcza Olsztyn","130774","eŁKSa1908","130836","0:3","0","3","38","75","baza_3_4.csv","3.4|923478"
"164","3.4","923479","2026-03-10 17:00","Podpromie","Asseco Resovia","131163","Trefl","131199","0:3","0","3","24","75","baza_3_4.csv","3.4|923479"
"164","3.4","923480","2026-03-10 17:00","toto","toto","128731","Trefl Gdańsk Pomorze","130509","0:3","0","3","11","75","baza_3_4.csv","3.4|923480"
"164","3.5","923713","2026-03-10 17:00","KSW ARENA","KSW7","140968","KKS Kaszubia Kościerzyna","128786","0:3","0","3","36","75","baza_3_5.csv","3.5|923713"
"164","3.5","923714","2026-03-10 17:00","Dwa słupki i sznurek azt","Aniołki Toruń","130820","Iskra Krosno","128667","0:3","0","3","19","75","baza_3_5.csv","3.5|923714"
"164","3.5","923715","2026-03-10 17:00","Hala Dobra","AKS VOLLEY  DOBRA","141110","PGE Skra Poznań","130781","0:3","0","3","40","75","baza_3_5.csv","3.5|923715"
"164","3.5","923716","2026-03-10 17:00","Thorn Hall","Bart Thorn","130726","SKS Iłżanka Baranów","128715","0:3","0","3","41","75","baza_3_5.csv","3.5|923716"
"164","3.5","923717","2026-03-10 17:00","Hala Sportowa AKS","AKS Śliw@","128584","S-Ninjas","130582","0:3","0","3","26","75","baza_3_5.csv","3.5|923717"
"164","3.5","923718","2026-03-10 17:00","ULTRAS ARENA","ULTRAS-PL","130527","OPOLE","130500","0:3","0","3","23","75","baza_3_5.csv","3.5|923718"
"164","3.5","923719","2026-03-10 17:00","Public Enemies","Kosmiczne Mandarynki","128609","VC BORDER","128622","3:0","3","0","75","38","baza_3_5.csv","3.5|923719"
"164","3.5","923720","2026-03-10 17:00","MOSiR LIPUSZ","RafaTeam Lipusz","130561","CAMORRA VC","130516","2:3","2","3","95","104","baza_3_5.csv","3.5|923720"
"164","3.6","923953","2026-03-10 17:00","Arena Twierdza","Twierdza Teodorówka","130591","Projekt Słomin","128700","2:3","2","3","101","109","baza_3_6.csv","3.6|923953"
"164","3.6","923954","2026-03-10 17:00","Hala Limanowa","KS Limanowa","140814","RTS.Strongman Małecz","130601","0:3","0","3","12","75","baza_3_6.csv","3.6|923954"
"164","3.6","923955","2026-03-10 17:00","Są gorsze areny","Są Gorsi","130693","Groszowice Soreide","130604","0:3","0","3","17","75","baza_3_6.csv","3.6|923955"
"164","3.6","923956","2026-03-10 17:00","Podpromie","SMS Rzeszów","137337","MKS Siemianowice","128799","0:3","0","3","11","75","baza_3_6.csv","3.6|923956"
"164","3.6","923957","2026-03-10 17:00","Puszcza","Pogoń Żubr","130564","Victoria Wałbrzych","128774","0:3","0","3","39","75","baza_3_6.csv","3.6|923957"
"164","3.6","923958","2026-03-10 17:00","KCKiS","Kudowianka Kudowa-Zdrój","131235","Black Smoke","137347","1:3","1","3","78","84","baza_3_6.csv","3.6|923958"
"164","3.6","923959","2026-03-10 17:00","Boisko na polu","Young Team Reaktywacja","140951","KS Jastrzębie","130545","0:3","0","3","44","75","baza_3_6.csv","3.6|923959"
"164","3.6","923960","2026-03-10 17:00","Ikjas Arena","Ikjas Toruń","131062","Browary Hills","130979","1:3","1","3","84","96","baza_3_6.csv","3.6|923960"
"164","3.7","924193","2026-03-10 17:00","Haba","Ghrum","130784","Stocznia Gdańsk","130595","1:3","1","3","80","95","baza_3_7.csv","3.7|924193"
"164","3.7","924194","2026-03-10 17:00","Rotavia Arena","LKS Rotavia Nieporęt","128730","BKS Visła Bydgoszcz","131284","1:3","1","3","82","96","baza_3_7.csv","3.7|924194"
"164","3.7","924195","2026-03-10 17:00","Estadio de Brzózka","Dyliżans Brzózka","137454","Mighty Bears","130513","2:3","2","3","108","108","baza_3_7.csv","3.7|924195"
"164","3.7","924196","2026-03-10 17:00","FFP Arena","FFP Virtual Volley","130573","Linkin Park United","130617","0:3","0","3","27","75","baza_3_7.csv","3.7|924196"
"164","3.7","924197","2026-03-10 17:00","Janów Darbaz","SDJ Janów","131251","Volania Jeleninhos","131141","0:3","0","3","39","75","baza_3_7.csv","3.7|924197"
"164","3.7","924198","2026-03-10 17:00","Arena Wielkoludów","Błysk2","131225","AZS Politechnika Poznańska","128759","1:3","1","3","88","96","baza_3_7.csv","3.7|924198"
"164","3.7","924199","2026-03-10 17:00","GROZA","Dąbrowskie Pioruny","140781","KZN","131229","0:3","0","3","15","75","baza_3_7.csv","3.7|924199"
"164","3.7","924200","2026-03-10 17:00","Hala Orłów","Orły","137486","Latające Dżdżownice","140796","0:3","0","3","42","75","baza_3_7.csv","3.7|924200"
"164","3.8","924433","2026-03-10 17:00","Kiciniowo","Fc Kiciusie","140744","Stilon Gorzów","130891","0:3","0","3","38","75","baza_3_8.csv","3.8|924433"
"164","3.8","924434","2026-03-10 17:00","KND Arena","KndSynu Cios","137411","Przebój Wolbrom","130621","0:3","0","3","59","77","baza_3_8.csv","3.8|924434"
"164","3.8","924435","2026-03-10 17:00","Hala Urania","AZS PRIME Olsztyn","137361","Budowlani Łódź","128736","0:3","0","3","24","75","baza_3_8.csv","3.8|924435"
"164","3.8","924436","2026-03-10 17:00","Américain Airlines Center","Dallas Mavericks","128666","Volley Królewscy Jedlnia","130524","0:3","0","3","17","75","baza_3_8.csv","3.8|924436"
"164","3.8","924437","2026-03-10 17:00","Fc","Fc Albatros","131276","Aptekarz Tylmanowa","128720","0:3","0","3","28","75","baza_3_8.csv","3.8|924437"
"164","3.8","924438","2026-03-10 17:00","zAKSA ARENA","ZAKSA ŚWINOUJŚCIE","130896","PGE GIEK Skra Bełchatów","130721","0:3","0","3","32","75","baza_3_8.csv","3.8|924438"
"164","3.8","924439","2026-03-10 17:00","HALA CENTRUM","MKS Dąbrowa Górnicza","128800","Jang Tim","128677","0:3","0","3","42","75","baza_3_8.csv","3.8|924439"
"164","3.8","924440","2026-03-10 17:00","Arena Toruń","Anioły Toruń","130514","Rockers Wrocław","128605","0:3","0","3","33","75","baza_3_8.csv","3.8|924440"
"164","3.9","924673","2026-03-10 17:00","Sardegna Hall","Sardegna Volley","137467","Volley Team Piotrków Tryb.","128724","0:3","0","3","59","75","baza_3_9.csv","3.9|924673"
"164","3.9","924674","2026-03-10 17:00","Hala Brzeziny","SBX TEAM","140751","Joga Bonito","137493","0:3","0","3","49","75","baza_3_9.csv","3.9|924674"
"164","3.9","924675","2026-03-10 17:00","Jaga","Jagiellonia Białystok","140856","ZYX","131059","0:3","0","3","25","75","baza_3_9.csv","3.9|924675"
"164","3.9","924676","2026-03-10 17:00","Malinowa home","Czarni Piasek","128752","Spartans Volley","130930","0:3","0","3","31","75","baza_3_9.csv","3.9|924676"
"164","3.9","924677","2026-03-10 17:00","Golasowice","Flying Spiders","140867","Volleyball Szubin Team","128579","0:3","0","3","22","75","baza_3_9.csv","3.9|924677"
"164","3.9","924678","2026-03-10 17:00","DORCAN","GSY","130525","ActiVeTeam","128702","0:3","0","3","54","75","baza_3_9.csv","3.9|924678"
"164","3.9","924679","2026-03-10 17:00","SGS Arena","SGS Goleniów","137350","Zaksa Mszczonów","130593","2:3","2","3","106","110","baza_3_9.csv","3.9|924679"
"164","3.9","924680","2026-03-10 17:00","Hall of Glory","Galaxia Kwielice","130973","Zamek Golub-Dobrzyń","131227","0:3","0","3","28","75","baza_3_9.csv","3.9|924680"
"164","3.10","924913","2026-03-10 17:00","Piernik Arena","Kopernik Toruń","130739","JednakGramy","128768","1:3","1","3","79","96","baza_3_10.csv","3.10|924913"
"164","3.10","924914","2026-03-10 17:00","R22","TSW Wisła Kraków","151056","GPT Mysłowice","128747","0:3","0","3","53","75","baza_3_10.csv","3.10|924914"
"164","3.10","924915","2026-03-10 17:00","Sovia","Tigers","128634","Polish Wolves","131258","0:3","0","3","11","75","baza_3_10.csv","3.10|924915"
"164","3.10","924916","2026-03-10 17:00","Hala Widowiskowa BBOSiR","BBTS Bielsko-Biała","137383","Złote Orły","131740","0:3","0","3","18","75","baza_3_10.csv","3.10|924916"
"164","3.10","924917","2026-03-10 17:00","ŁOWICZ ARENA","UKS BŁYSKAWICA ŁOWICZ","130699","Bydgoszcz Baki","128616","0:3","0","3","20","75","baza_3_10.csv","3.10|924917"
"164","3.10","924918","2026-03-10 17:00","AWZAN 271","KK271","141054","TKS Jelenie Studzienki","130939","0:3","0","3","24","75","baza_3_10.csv","3.10|924918"
"164","3.10","924919","2026-03-10 17:00","Hala Urania","Indykpol AZS Olsztyn","128620","KS Strużanka Baranów","130994","0:3","0","3","44","75","baza_3_10.csv","3.10|924919"
"164","3.10","924920","2026-03-10 17:00","Fire Ball Arena","Hot Volley Nysa","128630","Pancio","128750","3:1","3","1","97","85","baza_3_10.csv","3.10|924920"
"164","3.11","925153","2026-03-10 17:00","Arena W","Team WWW","131066","Kolorowe Rumaki","131164","0:3","0","3","44","75","baza_3_11.csv","3.11|925153"
"164","3.11","925154","2026-03-10 17:00","hala MOSiR","Enea PTPS Piła","128646","ScorpioN","128617","0:3","0","3","32","75","baza_3_11.csv","3.11|925154"
"164","3.11","925155","2026-03-10 17:00","ERGO ARENA","NIELOTY GDAŃSK","130946","Latające Imadła","131022","0:3","0","3","16","75","baza_3_11.csv","3.11|925155"
"164","3.11","925156","2026-03-10 17:00","Decha Arena","Gwoździe","140812","AKS Andrut Kalisz 🧇","128789","0:3","0","3","9","75","baza_3_11.csv","3.11|925156"
"164","3.11","925157","2026-03-10 17:00","Tujniczanka-Łosmanat","FC Łosarnia Tujsk","140910","Brute Force","130978","0:3","0","3","30","75","baza_3_11.csv","3.11|925157"
"164","3.11","925158","2026-03-10 17:00","Crusaders Hall","KS Crusaders","137439","Pogoń Portowcy","131768","0:3","0","3","30","75","baza_3_11.csv","3.11|925158"
"164","3.11","925159","2026-03-10 17:00","Hala Orzełek","Orzełki Team","137444","PauPau","140825","0:3","0","3","55","75","baza_3_11.csv","3.11|925159"
"164","3.11","925160","2026-03-10 17:00","Kasztan","Kasztaniaki","131735","Seniorzy Wieluń","130519","1:3","1","3","87","93","baza_3_11.csv","3.11|925160"
"164","3.12","925393","2026-03-10 17:00","Match Of The Millennium","Yu-Gi-Oh!","131717","🌳Leśne Ludki🌳","131712","3:1","3","1","102","73","baza_3_12.csv","3.12|925393"
"164","3.12","925394","2026-03-10 17:00","Prognozy dzisiaj nie będzie","Anię dopadła grypa","140870","KS Konarzewo","137342","0:3","0","3","19","75","baza_3_12.csv","3.12|925394"
"164","3.12","925395","2026-03-10 17:00","B4 Arena","Braniewo Volley","141119","Ipsarion","140952","0:3","0","3","61","75","baza_3_12.csv","3.12|925395"
"164","3.12","925396","2026-03-10 17:00","Niebieskie Piekło","Lube Rzeszów","130863","Volley Master","130507","0:3","0","3","29","75","baza_3_12.csv","3.12|925396"
"164","3.12","925397","2026-03-10 17:00","Aciu Hall","Aciu Team","131157","Zawisza Olsztyn","128659","0:3","0","3","11","75","baza_3_12.csv","3.12|925397"
"164","3.12","925398","2026-03-10 17:00","Arena Zawiercie","Warta Zawiercie","130562","The Ops","131290","0:3","0","3","41","75","baza_3_12.csv","3.12|925398"
"164","3.12","925399","2026-03-10 17:00","Immobile Kowary","Olimpia Kowary","137420","Acapulco Stalion","128733","0:3","0","3","23","75","baza_3_12.csv","3.12|925399"
"164","3.12","925400","2026-03-10 17:00","Masuria Palace","ARM Volley","137419","300-stuSpartan","137376","2:3","2","3","83","102","baza_3_12.csv","3.12|925400"
"164","3.13","925633","2026-03-10 17:00","MKS1956","MKS ŁĘCZYCA","128741","PolskieOrły","128769","1:3","1","3","76","99","baza_3_13.csv","3.13|925633"
"164","3.13","925634","2026-03-10 17:00","RD Arena","Red Devils","128725","Raven","140853","0:3","0","3","27","75","baza_3_13.csv","3.13|925634"
"164","3.13","925635","2026-03-10 17:00","Hala im. Sędziów","Sędziowie Bydgoszcz","140960","Brave Vikings","131709","0:3","0","3","12","75","baza_3_13.csv","3.13|925635"
"164","3.13","925636","2026-03-10 17:00","TwentyFive.pl","TwentyFive.pl","130518","Aleleble","128628","0:3","0","3","41","75","baza_3_13.csv","3.13|925636"
"164","3.13","925637","2026-03-10 17:00","Olkop Arena","Trentino Młodzieszyn","128599","ProgressTeam","128806","0:3","0","3","14","75","baza_3_13.csv","3.13|925637"
"164","3.13","925638","2026-03-10 17:00","Leszno Arena","Unia Leszno","131196","☣️ MY TU TEGO BAGNO 💩💩    🔝","130911","0:3","0","3","32","75","baza_3_13.csv","3.13|925638"
"164","3.13","925639","2026-03-10 17:00","Hala Cześniosko","LKS  ASERTO Trześń","131723","🐀Ratty Rattas🐀","128707","0:3","0","3","27","75","baza_3_13.csv","3.13|925639"
"164","3.13","925640","2026-03-10 17:00","Szmulki","Szmulki","140963","Spartakus Radom","131248","0:3","0","3","14","75","baza_3_13.csv","3.13|925640"
"164","3.14","925873","2026-03-10 17:00","Hala FC","Farciarze FC","128734","III Piastowskie","130858","3:0","3","0","75","57","baza_3_14.csv","3.14|925873"
"164","3.14","925874","2026-03-10 17:00",".......","Zryw","141102","Mierzwicanka Mierzwice","130539","1:3","1","3","77","95","baza_3_14.csv","3.14|925874"
"164","3.14","925875","2026-03-10 17:00","Foxx Volley Arena","Kanzas Foxx","137481","Hit Happens","131734","0:3","0","3","23","75","baza_3_14.csv","3.14|925875"
"164","3.14","925876","2026-03-10 17:00","Osir Trzemeszno","Skra Trzemeszno","131217","Arbuzy i Kebaby","130611","3:1","3","1","98","77","baza_3_14.csv","3.14|925876"
"164","3.14","925877","2026-03-10 17:00","SANTIAGO BERNABEU","NTS NAKŁO NAD NOTECIĄ","128729","KS Brzeziny","128710","0:3","0","3","17","75","baza_3_14.csv","3.14|925877"
"164","3.14","925878","2026-03-10 17:00","Energia","BT ENERGIA","137456","Lajony Kingzz","131747","0:3","0","3","27","75","baza_3_14.csv","3.14|925878"
"164","3.14","925879","2026-03-10 17:00","Hala Grabów Stadium","KS GRABÓW","130543","pONczek Team","130540","0:3","0","3","58","79","baza_3_14.csv","3.14|925879"
"164","3.14","925880","2026-03-10 17:00","Kubikownia","Kubiki","130510","Shtosee volley team","128680","0:3","0","3","66","79","baza_3_14.csv","3.14|925880"
"164","3.15","926113","2026-03-10 17:00","Hala Mostowa","Śląskie Burrito","131722","G.T.S. Unia Choceń","128749","0:3","0","3","25","75","baza_3_15.csv","3.15|926113"
"164","3.15","926114","2026-03-10 17:00","KS arena","Ks Kedzierzyn","128713","W124","137366","1:3","1","3","75","98","baza_3_15.csv","3.15|926114"
"164","3.15","926115","2026-03-10 17:00","Wierzeje ARENA","Wierzeje","141108","Lech Sulechów","128625","0:3","0","3","40","75","baza_3_15.csv","3.15|926115"
"164","3.15","926116","2026-03-10 17:00","Urania","AZT Tytan Czestochowa","128743","Victoria Dobra","131261","2:3","2","3","107","110","baza_3_15.csv","3.15|926116"
"164","3.15","926117","2026-03-10 17:00","Sportowa","LTS Feniks Leżajsk","141106","Finlandia Opole Lubelskie","130910","0:3","0","3","24","75","baza_3_15.csv","3.15|926117"
"164","3.15","926118","2026-03-10 17:00","Ultras Hall","Fenix Siennica","130586","FC Świętopełka 🔥","128802","0:3","0","3","23","75","baza_3_15.csv","3.15|926118"
"164","3.15","926119","2026-03-10 17:00","Misiakowo","Gumi-Misie","131244","JaqbTeam","128695","0:3","0","3","61","75","baza_3_15.csv","3.15|926119"
"164","3.15","926120","2026-03-10 17:00","Hala Sportowa Okalew","KS Okalew","131073","Makosiki","128780","3:2","3","2","100","94","baza_3_15.csv","3.15|926120"
"164","3.16","926353","2026-03-10 17:00","Łu tu tu tu","La Vida Loca","131011","Blackburn Toruń","128601","0:3","0","3","6","75","baza_3_16.csv","3.16|926353"
"164","3.16","926354","2026-03-10 17:00","Sportowa","Gryf Policzna","140747","PGJ Azoty","130845","3:0","3","0","75","57","baza_3_16.csv","3.16|926354"
"164","3.16","926355","2026-03-10 17:00","Hala Miejska","PKS Choszczno","140884","AquaSharks","128771","0:3","0","3","31","75","baza_3_16.csv","3.16|926355"
"164","3.16","926356","2026-03-10 17:00","Spodek Głuchołazy","Zadar Głuchołazy","128664","Znienacka team","130933","0:3","0","3","21","75","baza_3_16.csv","3.16|926356"
"164","3.16","926357","2026-03-10 17:00","Die Freie Stadt Danzig Sporthalle","Die Freie Stadt Danzig","130661","Złote Wilki","128790","0:3","0","3","43","75","baza_3_16.csv","3.16|926357"
"164","3.16","926358","2026-03-10 17:00","Knights Arena","🪿⎛⎝( ` ᢍ ´ )⎠⎞ᵐᵘʰᵃʰᵃ🦇","131021","V-DRIFTERS","131254","3:1","3","1","101","89","baza_3_16.csv","3.16|926358"
"164","3.16","926359","2026-03-10 17:00","San","Juve","131236","Lance Armstrong","131718","0:3","0","3","41","75","baza_3_16.csv","3.16|926359"
"164","3.16","926360","2026-03-10 17:00","HalaGT","GizoTeam","128693","sanah","131179","1:3","1","3","80","95","baza_3_16.csv","3.16|926360"
"164","1.1","921545","2026-03-08 19:00","Dano Arena!","Dano Dream Team","130607","Tsunami Rzeplin","128717","3:0","3","0","75","56","baza_1_1.csv","1.1|921545"
"164","1.1","921546","2026-03-08 19:00","Kanciapa u Tumaxa","Dzikie Rumaxy","128638","Volleyball Team Zduńska Wola","128603","3:1","3","1","104","92","baza_1_1.csv","1.1|921546"
"164","1.1","921547","2026-03-08 19:00","Bugaj Arena","Pilica Koniecpol","130885","Wratislawia Wrocław","128772","3:0","3","0","75","53","baza_1_1.csv","1.1|921547"
"164","1.1","921548","2026-03-08 19:00","Kudahuvadhoo 🏝️","Carplife 🇵🇱","130954","Penguin Małomice","128781","1:3","1","3","96","100","baza_1_1.csv","1.1|921548"
"164","1.1","921549","2026-03-08 19:00","Wioska Smerfów","Smerfy","128764","Go Tigers","128631","3:2","3","2","104","101","baza_1_1.csv","1.1|921549"
"164","1.1","921550","2026-03-08 19:00","Qweta","VC Kittens","128580","Incognito Volley","128619","2:3","2","3","101","110","baza_1_1.csv","1.1|921550"
"164","1.1","921551","2026-03-08 19:00","GOSTiR Rzgów","AKS Volley Łódź","131002","ZAKSA Bochotnica","128722","2:3","2","3","103","107","baza_1_1.csv","1.1|921551"
"164","1.1","921552","2026-03-08 19:00","Mordor","Kuźnia Byków","130744","DHARMA Initiative","128577","3:1","3","1","95","92","baza_1_1.csv","1.1|921552"
"164","2.1","921785","2026-03-08 19:00","Krzywuchowe Moczary","Velen Volleyball Club","128684","Young Team","128708","3:0","3","0","75","48","baza_2_1.csv","2.1|921785"
"164","2.1","921786","2026-03-08 19:00","Urania","CF Mleczne Olsztyn","128668","Hydra VT Gdańsk","128612","3:0","3","0","75","50","baza_2_1.csv","2.1|921786"
"164","2.1","921787","2026-03-08 19:00","Piekło","Saracens","128615","Libero Gorzków","128703","3:0","3","0","75","49","baza_2_1.csv","2.1|921787"
"164","2.1","921788","2026-03-08 19:00","LukArena","LukTeam","131134","Błyskawica Janów","131242","3:1","3","1","98","71","baza_2_1.csv","2.1|921788"
"164","2.1","921789","2026-03-08 19:00","Ping Pong Arena","Najlepsi z Najlepszych","130520","Pogromcy Gdańsk","131205","3:0","3","0","77","59","baza_2_1.csv","2.1|921789"
"164","2.1","921790","2026-03-08 19:00","Field House","Miesiany Miesiany","128676","CYTRYNIEC CHIŃSKI","130809","3:0","3","0","75","39","baza_2_1.csv","2.1|921790"
"164","2.1","921791","2026-03-08 19:00","Ośrodek Karny Rivii Arena 🎯","Smerfy z Rivii ⚔️⚔️🛡️","130934","Celtic VC","128735","2:3","2","3","96","112","baza_2_1.csv","2.1|921791"
"164","2.1","921792","2026-03-08 19:00","Mleczne Arena","Sprzeda Mecz","128663","Silver Arsenal","130505","3:0","3","0","75","48","baza_2_1.csv","2.1|921792"
"164","2.2","922025","2026-03-08 19:00","Blok Centralny","Zakład Karny w Strzelinie","128751","Silver Sharks Lublin 🦈","128674","3:2","3","2","97","100","baza_2_2.csv","2.2|922025"
"164","2.2","922026","2026-03-08 19:00","Ursus Arena","RKS","128588","Bydgoszcz Spartans","128726","3:1","3","1","98","63","baza_2_2.csv","2.2|922026"
"164","2.2","922027","2026-03-08 19:00","CSKA Arena","CSKA Mielec","128613","Nosmeisy","128686","3:2","3","2","111","106","baza_2_2.csv","2.2|922027"
"164","2.2","922028","2026-03-08 19:00","Siatkarskie Podlasie","SiatkarskiePodlasie.pl","130565","AJAX PIASTY","130797","3:0","3","0","75","51","baza_2_2.csv","2.2|922028"
"164","2.2","922029","2026-03-08 19:00","Olimp Arena","UKS Olimp Ostrołęka","128604","Millennium Siemianowice","130955","1:3","1","3","87","96","baza_2_2.csv","2.2|922029"
"164","2.2","922030","2026-03-08 19:00","LEGO Arena","Czorty Chorzów","130959","Ranczo Wilkowyje","130915","2:3","2","3","98","113","baza_2_2.csv","2.2|922030"
"164","2.2","922031","2026-03-08 19:00","MAKDOM ARENA","MAKDOM","128660","Thorn Lynxes","131219","3:2","3","2","109","90","baza_2_2.csv","2.2|922031"
"164","2.2","922032","2026-03-08 19:00","Chausseestrasse arena","Rutz","130854","👽Strażnicy Cienia👽","128711","3:0","3","0","75","54","baza_2_2.csv","2.2|922032"
"164","2.3","922265","2026-03-08 19:00","Ragnarok","Vikings","128756","Polonia Bytom","130871","2:3","2","3","96","97","baza_2_3.csv","2.3|922265"
"164","2.3","922266","2026-03-08 19:00","Hala Gryfia","KKS Gryf Lębork","128809","Stara Gwardia Nakło ⚔️","128688","3:1","3","1","94","61","baza_2_3.csv","2.3|922266"
"164","2.3","922267","2026-03-08 19:00","🦣 Mamut Area 🦣","🦣 KS MAMUTY 🦣","130549","Skoczne Karakany","130767","3:1","3","1","92","91","baza_2_3.csv","2.3|922267"
"164","2.3","922268","2026-03-08 19:00","Hala im. TW Bolka","Bolek i lolek 🤙","128586","Zabrzański Górnik","128816","3:1","3","1","97","65","baza_2_3.csv","2.3|922268"
"164","2.3","922269","2026-03-08 19:00","カラスの巣","Karasuno","128635","EnergiaPro Gwardia Wrocław","130757","3:2","3","2","107","99","baza_2_3.csv","2.3|922269"
"164","2.3","922270","2026-03-08 19:00","Silver Pearl Stadium","KS Budowlani Kołacin 👷🏻","128629","Projekt Warszawa","128614","3:0","3","0","75","51","baza_2_3.csv","2.3|922270"
"164","2.3","922271","2026-03-08 19:00","Kocioł","Budowlani Nysa","130574","RCS Czarni Radom","128600","3:2","3","2","107","91","baza_2_3.csv","2.3|922271"
"164","2.3","922272","2026-03-08 19:00","Ver","Vernixo","128679","Wściekłe Tygrysy","128782","3:0","3","0","75","55","baza_2_3.csv","2.3|922272"
"164","2.4","922505","2026-03-08 19:00","In the middle of nowhere","Unknown Team","128636","Alpha","131086","0:3","0","3","42","75","baza_2_4.csv","2.4|922505"
"164","2.4","922506","2026-03-08 19:00","BKS ARENA","BKS Białystok","128644","Turbo Śpiochy","128578","3:1","3","1","93","88","baza_2_4.csv","2.4|922506"
"164","2.4","922507","2026-03-08 19:00","Aloha Arena","Ohana Gliwice","130945","QUEERTISONEK TEAM","131147","3:0","3","0","75","48","baza_2_4.csv","2.4|922507"
"164","2.4","922508","2026-03-08 19:00","we no WHO U r","massive dongs","128592","KS Kawoholicy","131724","3:0","3","0","75","55","baza_2_4.csv","2.4|922508"
"164","2.4","922509","2026-03-08 19:00","kiczan arena","kiczan team zduńska wola","128596","Pioruny  i Grzmoty","130966","3:0","3","0","75","36","baza_2_4.csv","2.4|922509"
"164","2.4","922510","2026-03-08 19:00","Mozt","TEXańska Masakra Piłą Ręczną","131293","Sivass-Pol De Mare","128794","1:3","1","3","81","97","baza_2_4.csv","2.4|922510"
"164","2.4","922511","2026-03-08 19:00","Bystra Bochotnica Arena","Bystra Bochotnica","128657","Vamos","128714","3:2","3","2","110","95","baza_2_4.csv","2.4|922511"
"164","2.4","922512","2026-03-08 19:00","Może zagram","Fc MiSieNieChce","130908","BH STAL MIELEC","130769","0:3","0","3","19","75","baza_2_4.csv","2.4|922512"
"164","3.1","922745","2026-03-08 17:00","Letalnica","Team Spiryt Chorzów","130958","Avengers","130920","3:2","3","2","107","106","baza_3_1.csv","3.1|922745"
"164","3.1","922746","2026-03-08 17:00","Cicely Arena","Cicely","128704","Renifers","128675","3:1","3","1","99","73","baza_3_1.csv","3.1|922746"
"164","3.1","922747","2026-03-08 17:00","Bździochy Arena","PGE Bubisie Bździochy","130773","Drużyna Pierścienia","141064","3:0","3","0","75","40","baza_3_1.csv","3.1|922747"
"164","3.1","922748","2026-03-08 17:00","Celtics Hall","Bochotnica Celtics","128639","Vollley Rybnik","137468","3:0","3","0","75","22","baza_3_1.csv","3.1|922748"
"164","3.1","922749","2026-03-08 17:00","Nati Memorial Hall","⭐ Nati ⭐ 1995 ⭐  ∞  ⭐","130585","Orzeł Grzędzice","128728","3:0","3","0","75","17","baza_3_1.csv","3.1|922749"
"164","3.1","922750","2026-03-08 17:00","TU Arena","TaUrsy","130537","Zaksa Kędzierzyn - Koźle","131200","0:3","0","3","11","75","baza_3_1.csv","3.1|922750"
"164","3.1","922751","2026-03-08 17:00","KorpoArena","Korporacja Gwiazd Bezrobocia","128595","Team :: Ownz Ya!","130572","3:0","3","0","75","35","baza_3_1.csv","3.1|922751"
"164","3.1","922752","2026-03-08 17:00","Kamienieckie Doły","Cargo Kamieniec Ząbkowicki","151049","SRS Katarina","137403","3:1","3","1","97","68","baza_3_1.csv","3.1|922752"
"164","3.2","922985","2026-03-08 17:00","Malinowe marzenie","Maliniaczki","131020","Siatka Krzemieniewo","128597","3:0","3","0","76","66","baza_3_2.csv","3.2|922985"
"164","3.2","922986","2026-03-08 17:00","LZS ARENA","Fiorentina Nakło","130905","CVB Barça","141012","3:0","3","0","75","19","baza_3_2.csv","3.2|922986"
"164","3.2","922987","2026-03-08 17:00","Kaźmierzanka","Plas Kaźmierz","137421","GALACTICOS FC","131018","3:0","3","0","75","26","baza_3_2.csv","3.2|922987"
"164","3.2","922988","2026-03-08 17:00","Arena Chłopów","ChlopkiTeam","128606","Wiejski Klub Kielno","130498","3:0","3","0","75","8","baza_3_2.csv","3.2|922988"
"164","3.2","922989","2026-03-08 17:00","DZIK ŁÓDŹ ARENA","JTCNW Łódź","131093","Zegrze Nieporęt","131194","3:0","3","0","75","54","baza_3_2.csv","3.2|922989"
"164","3.2","922990","2026-03-08 17:00","Urania Olsztyn","ChudyTeam","130535","Huragan Białobrzegi","131065","3:0","3","0","75","31","baza_3_2.csv","3.2|922990"
"164","3.2","922991","2026-03-08 17:00","Grota tajemnic","Czarne plamy","128655","VC  Ziębka Team","130503","3:0","3","0","75","49","baza_3_2.csv","3.2|922991"
"164","3.2","922992","2026-03-08 17:00","Storm","WIPP Thunder","128672","Nocne Potwory","128803","0:3","0","3","44","75","baza_3_2.csv","3.2|922992"
"164","3.3","923225","2026-03-08 17:00","Phoenix Scene","Phoenix Fire","128687","!STAL NYSA","130728","3:0","3","0","75","39","baza_3_3.csv","3.3|923225"
"164","3.3","923226","2026-03-08 17:00","RG Arena","RG Olsztyn","128652","KS Zamienie","141062","3:0","3","0","75","18","baza_3_3.csv","3.3|923226"
"164","3.3","923227","2026-03-08 17:00","Ale co","Ale co","128694","FC Misieniechce Radom","130676","3:0","3","0","75","11","baza_3_3.csv","3.3|923227"
"164","3.3","923228","2026-03-08 17:00","Mazakowa hala sportowa","Mazaki VC","131006","Kotwica Kołobrzeg","128801","3:0","3","0","75","57","baza_3_3.csv","3.3|923228"
"164","3.3","923229","2026-03-08 17:00","Jeżodrom","Jeżomyszy🦔z Marsa🪐","130972","RINZLER","128627","3:0","3","0","75","31","baza_3_3.csv","3.3|923229"
"164","3.3","923230","2026-03-08 17:00","Urania","Bad Boys Team","128706","Zduńska Wola Team","128640","3:0","3","0","75","20","baza_3_3.csv","3.3|923230"
"164","3.3","923231","2026-03-08 17:00","Dytto","DragonGAYS Polska","130705","Drink Team","141020","3:0","3","0","75","12","baza_3_3.csv","3.3|923231"
"164","3.3","923232","2026-03-08 17:00","NWWALC Stadium","OFIME Targówek","131746","NiuniuTeam","137395","1:3","1","3","86","95","baza_3_3.csv","3.3|923232"
"164","3.4","923465","2026-03-08 17:00","Valiant Boys","Valiant Boys","130826","toto","128731","3:0","3","0","75","12","baza_3_4.csv","3.4|923465"
"164","3.4","923466","2026-03-08 17:00","Aqua Baltic Arena","Trefl Gdańsk Pomorze","130509","Asseco Resovia","131163","3:0","3","0","75","18","baza_3_4.csv","3.4|923466"
"164","3.4","923467","2026-03-08 17:00","Trefl Arena","Trefl","131199","Choroszcza Olsztyn","130774","3:0","3","0","75","40","baza_3_4.csv","3.4|923467"
"164","3.4","923468","2026-03-08 17:00","Ultras1908","eŁKSa1908","130836","Potok city","140815","3:0","3","0","75","29","baza_3_4.csv","3.4|923468"
"164","3.4","923469","2026-03-08 17:00","Cytrynowe Pandemonium","Sycylijskie Cytryniaki","130704","PIAST Strzelce Opolskie","130555","3:0","3","0","75","32","baza_3_4.csv","3.4|923469"
"164","3.4","923470","2026-03-08 17:00","Los Rakos arena","Los Rakos","137449","KS Świt Baranowo","128589","3:0","3","0","75","38","baza_3_4.csv","3.4|923470"
"164","3.4","923471","2026-03-08 17:00","Smocza Jama","Smoczy Gród","131131","IKS Konstancin - Jeziorna","131223","3:0","3","0","75","18","baza_3_4.csv","3.4|923471"
"164","3.4","923472","2026-03-08 17:00","Leszczyny arena","Volley Leszczyny","137412","SST SPORTUR GMINA ŁAŃCUT","128795","3:0","3","0","75","40","baza_3_4.csv","3.4|923472"
"164","3.5","923705","2026-03-08 17:00","Baltic Arena","KKS Kaszubia Kościerzyna","128786","RafaTeam Lipusz","130561","3:0","3","0","75","45","baza_3_5.csv","3.5|923705"
"164","3.5","923706","2026-03-08 17:00","Halaaa","CAMORRA VC","130516","Kosmiczne Mandarynki","128609","3:0","3","0","75","35","baza_3_5.csv","3.5|923706"
"164","3.5","923707","2026-03-08 17:00","H69","VC BORDER","128622","ULTRAS-PL","130527","3:0","3","0","75","22","baza_3_5.csv","3.5|923707"
"164","3.5","923708","2026-03-08 17:00","OPOLE_ARENA","OPOLE","130500","AKS Śliw@","128584","3:0","3","0","75","44","baza_3_5.csv","3.5|923708"
"164","3.5","923709","2026-03-08 17:00","Ninjutsu Arena 2024","S-Ninjas","130582","Bart Thorn","130726","3:0","3","0","75","25","baza_3_5.csv","3.5|923709"
"164","3.5","923710","2026-03-08 17:00","Volley Arena","SKS Iłżanka Baranów","128715","AKS VOLLEY  DOBRA","141110","3:0","3","0","75","18","baza_3_5.csv","3.5|923710"
"164","3.5","923711","2026-03-08 17:00","Arena Poznań","PGE Skra Poznań","130781","Aniołki Toruń","130820","3:0","3","0","75","17","baza_3_5.csv","3.5|923711"
"164","3.5","923712","2026-03-08 17:00","Arena Krosno","Iskra Krosno","128667","KSW7","140968","3:0","3","0","75","40","baza_3_5.csv","3.5|923712"
"164","3.6","923945","2026-03-08 17:00","Słomin centre","Projekt Słomin","128700","Ikjas Toruń","131062","3:0","3","0","75","45","baza_3_6.csv","3.6|923945"
"164","3.6","923946","2026-03-08 17:00","Browar","Browary Hills","130979","Young Team Reaktywacja","140951","3:0","3","0","75","38","baza_3_6.csv","3.6|923946"
"164","3.6","923947","2026-03-08 17:00","HSW Jastrzębie Zdrój","KS Jastrzębie","130545","Kudowianka Kudowa-Zdrój","131235","3:0","3","0","75","51","baza_3_6.csv","3.6|923947"
"164","3.6","923948","2026-03-08 17:00","The Others Arena","Black Smoke","137347","Pogoń Żubr","130564","3:1","3","1","92","70","baza_3_6.csv","3.6|923948"
"164","3.6","923949","2026-03-08 17:00","Olle hall","Victoria Wałbrzych","128774","SMS Rzeszów","137337","3:0","3","0","75","15","baza_3_6.csv","3.6|923949"
"164","3.6","923950","2026-03-08 17:00","Arena Siemianowice","MKS Siemianowice","128799","Są Gorsi","130693","3:0","3","0","75","12","baza_3_6.csv","3.6|923950"
"164","3.6","923951","2026-03-08 17:00","Ceremony Place Soreide","Groszowice Soreide","130604","KS Limanowa","140814","3:0","3","0","75","12","baza_3_6.csv","3.6|923951"
"164","3.6","923952","2026-03-08 17:00","Strongman Arena","RTS.Strongman Małecz","130601","Twierdza Teodorówka","130591","0:3","0","3","55","78","baza_3_6.csv","3.6|923952"
"164","3.7","924185","2026-03-08 17:00","San Siro","Stocznia Gdańsk","130595","Orły","137486","3:0","3","0","75","54","baza_3_7.csv","3.7|924185"
"164","3.7","924186","2026-03-08 17:00","Spulchniona Ziemia","Latające Dżdżownice","140796","Dąbrowskie Pioruny","140781","3:0","3","0","75","19","baza_3_7.csv","3.7|924186"
"164","3.7","924187","2026-03-08 17:00","KZN","KZN","131229","Błysk2","131225","2:3","2","3","102","105","baza_3_7.csv","3.7|924187"
"164","3.7","924188","2026-03-08 17:00","Hala PP Piotrowo","AZS Politechnika Poznańska","128759","SDJ Janów","131251","3:0","3","0","75","51","baza_3_7.csv","3.7|924188"
"164","3.7","924189","2026-03-08 17:00","Spodek Viadukt","Volania Jeleninhos","131141","FFP Virtual Volley","130573","3:0","3","0","75","29","baza_3_7.csv","3.7|924189"
"164","3.7","924190","2026-03-08 17:00","Meteora Arena","Linkin Park United","130617","Dyliżans Brzózka","137454","3:1","3","1","95","83","baza_3_7.csv","3.7|924190"
"164","3.7","924191","2026-03-08 17:00","Reksio Arena","Mighty Bears","130513","LKS Rotavia Nieporęt","128730","3:2","3","2","105","98","baza_3_7.csv","3.7|924191"
"164","3.7","924192","2026-03-08 17:00","Immobile Łuczniczka","BKS Visła Bydgoszcz","131284","Ghrum","130784","3:0","3","0","75","55","baza_3_7.csv","3.7|924192"
"164","3.8","924425","2026-03-08 17:00","Stilon Arena","Stilon Gorzów","130891","Anioły Toruń","130514","3:0","3","0","75","19","baza_3_8.csv","3.8|924425"
"164","3.8","924426","2026-03-08 17:00","Rock Arena","Rockers Wrocław","128605","MKS Dąbrowa Górnicza","128800","3:0","3","0","75","29","baza_3_8.csv","3.8|924426"
"164","3.8","924427","2026-03-08 17:00","Na Hasioku","Jang Tim","128677","ZAKSA ŚWINOUJŚCIE","130896","3:0","3","0","75","38","baza_3_8.csv","3.8|924427"
"164","3.8","924428","2026-03-08 17:00","Hala Energia","PGE GIEK Skra Bełchatów","130721","Fc Albatros","131276","3:0","3","0","75","46","baza_3_8.csv","3.8|924428"
"164","3.8","924429","2026-03-08 17:00","Tylmanowa Arena","Aptekarz Tylmanowa","128720","Dallas Mavericks","128666","3:0","3","0","75","16","baza_3_8.csv","3.8|924429"
"164","3.8","924430","2026-03-08 17:00","Kolonia Arena","Volley Królewscy Jedlnia","130524","AZS PRIME Olsztyn","137361","3:0","3","0","75","32","baza_3_8.csv","3.8|924430"
"164","3.8","924431","2026-03-08 17:00","Fabryczna Union Arena","Budowlani Łódź","128736","KndSynu Cios","137411","3:0","3","0","75","39","baza_3_8.csv","3.8|924431"
"164","3.8","924432","2026-03-08 17:00","Hell","Przebój Wolbrom","130621","Fc Kiciusie","140744","3:0","3","0","75","43","baza_3_8.csv","3.8|924432"
"164","3.9","924665","2026-03-08 17:00","Hala Relax","Volley Team Piotrków Tryb.","128724","Galaxia Kwielice","130973","1:3","1","3","75","93","baza_3_9.csv","3.9|924665"
"164","3.9","924666","2026-03-08 17:00","OSiR Golub-Dobrzyń","Zamek Golub-Dobrzyń","131227","SGS Goleniów","137350","3:0","3","0","75","55","baza_3_9.csv","3.9|924666"
"164","3.9","924667","2026-03-08 17:00","OSiR","Zaksa Mszczonów","130593","GSY","130525","3:0","3","0","75","68","baza_3_9.csv","3.9|924667"
"164","3.9","924668","2026-03-08 17:00","HalaAT","ActiVeTeam","128702","Flying Spiders","140867","3:0","3","0","75","16","baza_3_9.csv","3.9|924668"
"164","3.9","924669","2026-03-08 17:00","VST Hala Sportowa","Volleyball Szubin Team","128579","Czarni Piasek","128752","3:0","3","0","75","28","baza_3_9.csv","3.9|924669"
"164","3.9","924670","2026-03-08 17:00","Volley Citadel","Spartans Volley","130930","Jagiellonia Białystok","140856","3:0","3","0","75","16","baza_3_9.csv","3.9|924670"
"164","3.9","924671","2026-03-08 17:00","XYZ","ZYX","131059","SBX TEAM","140751","3:1","3","1","95","64","baza_3_9.csv","3.9|924671"
"164","3.9","924672","2026-03-08 17:00","Bonito Arena","Joga Bonito","137493","Sardegna Volley","137467","3:0","3","0","75","61","baza_3_9.csv","3.9|924672"
"164","3.10","924905","2026-03-08 17:00","JednakGramy Arena","JednakGramy","128768","Hot Volley Nysa","128630","3:0","3","0","79","64","baza_3_10.csv","3.10|924905"
"164","3.10","924906","2026-03-08 17:00","Osir","Pancio","128750","Indykpol AZS Olsztyn","128620","3:0","3","0","75","45","baza_3_10.csv","3.10|924906"
"164","3.10","924907","2026-03-08 17:00","Arena Baranów","KS Strużanka Baranów","130994","KK271","141054","3:0","3","0","75","29","baza_3_10.csv","3.10|924907"
"164","3.10","924908","2026-03-08 17:00","Hala sportowa w Paterku ul. Kcyńska 6A","TKS Jelenie Studzienki","130939","UKS BŁYSKAWICA ŁOWICZ","130699","3:0","3","0","75","19","baza_3_10.csv","3.10|924908"
"164","3.10","924909","2026-03-08 17:00","Crucible","Bydgoszcz Baki","128616","BBTS Bielsko-Biała","137383","3:0","3","0","75","22","baza_3_10.csv","3.10|924909"
"164","3.10","924910","2026-03-08 17:00","Stadion Złotych Orłów","Złote Orły","131740","Tigers","128634","3:0","3","0","75","8","baza_3_10.csv","3.10|924910"
"164","3.10","924911","2026-03-08 17:00","Wataha","Polish Wolves","131258","TSW Wisła Kraków","151056","3:0","3","0","75","42","baza_3_10.csv","3.10|924911"
"164","3.10","924912","2026-03-08 17:00","Osyra Stadion","GPT Mysłowice","128747","Kopernik Toruń","130739","3:1","3","1","98","74","baza_3_10.csv","3.10|924912"
"164","3.11","925145","2026-03-08 17:00","Stajnia Jednorożców","Kolorowe Rumaki","131164","Kasztaniaki","131735","3:0","3","0","75","49","baza_3_11.csv","3.11|925145"
"164","3.11","925146","2026-03-08 17:00","Arena Wieluń","Seniorzy Wieluń","130519","Orzełki Team","137444","3:0","3","0","75","42","baza_3_11.csv","3.11|925146"
"164","3.11","925147","2026-03-08 17:00","PauPau Arena","PauPau","140825","KS Crusaders","137439","3:0","3","0","75","47","baza_3_11.csv","3.11|925147"
"164","3.11","925148","2026-03-08 17:00","Pogoń Arena","Pogoń Portowcy","131768","FC Łosarnia Tujsk","140910","3:0","3","0","75","41","baza_3_11.csv","3.11|925148"
"164","3.11","925149","2026-03-08 17:00","Brute Force Arena","Brute Force","130978","Gwoździe","140812","3:0","3","0","75","15","baza_3_11.csv","3.11|925149"
"164","3.11","925150","2026-03-08 17:00","Hala Chrupnięcia","AKS Andrut Kalisz 🧇","128789","NIELOTY GDAŃSK","130946","3:0","3","0","75","12","baza_3_11.csv","3.11|925150"
"164","3.11","925151","2026-03-08 17:00","Upadła Arena","Latające Imadła","131022","Enea PTPS Piła","128646","3:0","3","0","75","30","baza_3_11.csv","3.11|925151"
"164","3.11","925152","2026-03-08 17:00","Szklanka Wódki xD","ScorpioN","128617","Team WWW","131066","3:0","3","0","75","47","baza_3_11.csv","3.11|925152"
"164","3.12","925385","2026-03-08 17:00","Sparbanken Skåne Arena","🌳Leśne Ludki🌳","131712","ARM Volley","137419","3:1","3","1","98","78","baza_3_12.csv","3.12|925385"
"164","3.12","925386","2026-03-08 17:00","Sparta","300-stuSpartan","137376","Olimpia Kowary","137420","3:0","3","0","75","20","baza_3_12.csv","3.12|925386"
"164","3.12","925387","2026-03-08 17:00","Losir Luboń","Acapulco Stalion","128733","Warta Zawiercie","130562","3:1","3","1","98","70","baza_3_12.csv","3.12|925387"
"164","3.12","925388","2026-03-08 17:00","Bagno","The Ops","131290","Aciu Team","131157","3:0","3","0","75","15","baza_3_12.csv","3.12|925388"
"164","3.12","925389","2026-03-08 17:00","Hala Urania of City Olsztyn","Zawisza Olsztyn","128659","Lube Rzeszów","130863","3:0","3","0","75","24","baza_3_12.csv","3.12|925389"
"164","3.12","925390","2026-03-08 17:00","Lesko Arena","Volley Master","130507","Braniewo Volley","141119","3:0","3","0","75","27","baza_3_12.csv","3.12|925390"
"164","3.12","925391","2026-03-08 17:00","Ipsarion","Ipsarion","140952","Anię dopadła grypa","140870","3:0","3","0","75","24","baza_3_12.csv","3.12|925391"
"164","3.12","925392","2026-03-08 17:00","Konarzewo Arena","KS Konarzewo","137342","Yu-Gi-Oh!","131717","0:3","0","3","61","75","baza_3_12.csv","3.12|925392"
"164","3.13","925625","2026-03-08 17:00","Orły hall","PolskieOrły","128769","Szmulki","140963","3:0","3","0","75","24","baza_3_13.csv","3.13|925625"
"164","3.13","925626","2026-03-08 17:00","Szczoty","Spartakus Radom","131248","LKS  ASERTO Trześń","131723","3:0","3","0","75","31","baza_3_13.csv","3.13|925626"
"164","3.13","925627","2026-03-08 17:00","Rat Arena","🐀Ratty Rattas🐀","128707","Unia Leszno","131196","3:0","3","0","75","34","baza_3_13.csv","3.13|925627"
"164","3.13","925628","2026-03-08 17:00","TUR TUREK KOCIOŁ SILNIK PODKRĘCONY TEJ","☣️ MY TU TEGO BAGNO 💩💩    🔝","130911","Trentino Młodzieszyn","128599","3:0","3","0","75","23","baza_3_13.csv","3.13|925628"
"164","3.13","925629","2026-03-08 17:00","Progress Arena","ProgressTeam","128806","TwentyFive.pl","130518","3:0","3","0","76","60","baza_3_13.csv","3.13|925629"
"164","3.13","925630","2026-03-08 17:00","Im. Św. Qbiniego","Aleleble","128628","Sędziowie Bydgoszcz","140960","3:0","3","0","75","16","baza_3_13.csv","3.13|925630"
"164","3.13","925631","2026-03-08 17:00","Valhalla","Brave Vikings","131709","Red Devils","128725","3:0","3","0","75","30","baza_3_13.csv","3.13|925631"
"164","3.13","925632","2026-03-08 17:00","Lokomotiv Plzen","Raven","140853","MKS ŁĘCZYCA","128741","0:3","0","3","59","76","baza_3_13.csv","3.13|925632"
"164","3.14","925865","2026-03-08 17:00","Dąbrówka Arena","III Piastowskie","130858","Kubiki","130510","0:3","0","3","41","75","baza_3_14.csv","3.14|925865"
"164","3.14","925866","2026-03-08 17:00","Shtosee Sky arena","Shtosee volley team","128680","KS GRABÓW","130543","3:0","3","0","75","51","baza_3_14.csv","3.14|925866"
"164","3.14","925867","2026-03-08 17:00","pONczek Arena","pONczek Team","130540","BT ENERGIA","137456","3:0","3","0","75","34","baza_3_14.csv","3.14|925867"
"164","3.14","925868","2026-03-08 17:00","Lions Stadium","Lajony Kingzz","131747","NTS NAKŁO NAD NOTECIĄ","128729","3:0","3","0","75","56","baza_3_14.csv","3.14|925868"
"164","3.14","925869","2026-03-08 17:00","Old Trafford","KS Brzeziny","128710","Skra Trzemeszno","131217","2:3","2","3","111","95","baza_3_14.csv","3.14|925869"
"164","3.14","925870","2026-03-08 17:00","Bebzol","Arbuzy i Kebaby","130611","Kanzas Foxx","137481","3:0","3","0","75","19","baza_3_14.csv","3.14|925870"
"164","3.14","925871","2026-03-08 17:00","Hit Dome","Hit Happens","131734","Zryw","141102","3:0","3","0","75","44","baza_3_14.csv","3.14|925871"
"164","3.14","925872","2026-03-08 17:00","Mierzwice Arena","Mierzwicanka Mierzwice","130539","Farciarze FC","128734","3:2","3","2","109","97","baza_3_14.csv","3.14|925872"
"164","3.15","926105","2026-03-08 17:00","OSIR ARENA","G.T.S. Unia Choceń","128749","KS Okalew","131073","3:0","3","0","75","33","baza_3_15.csv","3.15|926105"
"164","3.15","926106","2026-03-08 17:00","MakosHall","Makosiki","128780","Gumi-Misie","131244","3:0","3","0","75","58","baza_3_15.csv","3.15|926106"
"164","3.15","926107","2026-03-08 17:00","JaqbArena","JaqbTeam","128695","Fenix Siennica","130586","3:0","3","0","75","27","baza_3_15.csv","3.15|926107"
"164","3.15","926108","2026-03-08 17:00","MotoArena","FC Świętopełka 🔥","128802","LTS Feniks Leżajsk","141106","3:0","3","0","75","22","baza_3_15.csv","3.15|926108"
"164","3.15","926109","2026-03-08 17:00","Kabako Arena","Finlandia Opole Lubelskie","130910","AZT Tytan Czestochowa","128743","3:0","3","0","75","28","baza_3_15.csv","3.15|926109"
"164","3.15","926110","2026-03-08 17:00","Dobrzynianka","Victoria Dobra","131261","Wierzeje","141108","3:0","3","0","75","35","baza_3_15.csv","3.15|926110"
"164","3.15","926111","2026-03-08 17:00","Estadio zulito","Lech Sulechów","128625","Ks Kedzierzyn","128713","3:0","3","0","75","38","baza_3_15.csv","3.15|926111"
"164","3.15","926112","2026-03-08 17:00","Makalamabedi","W124","137366","Śląskie Burrito","131722","3:0","3","0","75","61","baza_3_15.csv","3.15|926112"
"164","3.16","926345","2026-03-08 17:00","Spożywczak","Blackburn Toruń","128601","GizoTeam","128693","3:1","3","1","95","86","baza_3_16.csv","3.16|926345"
"164","3.16","926346","2026-03-08 17:00","poezyje","sanah","131179","Juve","131236","3:0","3","0","75","12","baza_3_16.csv","3.16|926346"
"164","3.16","926347","2026-03-08 17:00","Camp Nou","Lance Armstrong","131718","🪿⎛⎝( ` ᢍ ´ )⎠⎞ᵐᵘʰᵃʰᵃ🦇","131021","3:2","3","2","105","101","baza_3_16.csv","3.16|926347"
"164","3.16","926348","2026-03-08 17:00","DONUT","V-DRIFTERS","131254","Die Freie Stadt Danzig","130661","3:0","3","0","75","37","baza_3_16.csv","3.16|926348"
"164","3.16","926349","2026-03-08 17:00","Arena wilków","Złote Wilki","128790","Zadar Głuchołazy","128664","3:0","3","0","75","25","baza_3_16.csv","3.16|926349"
"164","3.16","926350","2026-03-08 17:00","ZNhala","Znienacka team","130933","PKS Choszczno","140884","3:0","3","0","75","24","baza_3_16.csv","3.16|926350"
"164","3.16","926351","2026-03-08 17:00","Arena Łódź Podwodna","AquaSharks","128771","Gryf Policzna","140747","3:0","3","0","75","46","baza_3_16.csv","3.16|926351"
"164","3.16","926352","2026-03-08 17:00","PRAFIL ARENA","PGJ Azoty","130845","La Vida Loca","131011","3:0","3","0","75","22","baza_3_16.csv","3.16|926352"
"164","1.1","921537","2026-03-07 19:00","Mordor","Kuźnia Byków","130744","Dano Dream Team","130607","2:3","2","3","98","112","baza_1_1.csv","1.1|921537"
"164","1.1","921538","2026-03-07 19:00","The Orchid","DHARMA Initiative","128577","AKS Volley Łódź","131002","2:3","2","3","102","114","baza_1_1.csv","1.1|921538"
"164","1.1","921539","2026-03-07 19:00","Hala Widowiskowo-Sportowa \""AZOTY\""","ZAKSA Bochotnica","128722","VC Kittens","128580","0:3","0","3","62","75","baza_1_1.csv","1.1|921539"
"164","1.1","921540","2026-03-07 19:00","SMA","Incognito Volley","128619","Smerfy","128764","3:0","3","0","75","42","baza_1_1.csv","1.1|921540"
"164","1.1","921541","2026-03-07 19:00","Hala Polonia","Go Tigers","128631","Carplife 🇵🇱","130954","1:3","1","3","68","96","baza_1_1.csv","1.1|921541"
"164","1.1","921542","2026-03-07 19:00","Ergo Małomice","Penguin Małomice","128781","Pilica Koniecpol","130885","3:0","3","0","75","56","baza_1_1.csv","1.1|921542"
"164","1.1","921543","2026-03-07 19:00","Arena W-W","Wratislawia Wrocław","128772","Dzikie Rumaxy","128638","0:3","0","3","45","75","baza_1_1.csv","1.1|921543"
"164","1.1","921544","2026-03-07 19:00","Hala sportowa w Zduńskiej Woli","Volleyball Team Zduńska Wola","128603","Tsunami Rzeplin","128717","2:3","2","3","115","110","baza_1_1.csv","1.1|921544"
"164","2.1","921777","2026-03-07 19:00","Mleczne Arena","Sprzeda Mecz","128663","Velen Volleyball Club","128684","1:3","1","3","77","95","baza_2_1.csv","2.1|921777"
"164","2.1","921778","2026-03-07 19:00","Silver Hall","Silver Arsenal","130505","Smerfy z Rivii ⚔️⚔️🛡️","130934","0:3","0","3","42","75","baza_2_1.csv","2.1|921778"
"164","2.1","921779","2026-03-07 19:00","Parkhead","Celtic VC","128735","Miesiany Miesiany","128676","3:2","3","2","104","106","baza_2_1.csv","2.1|921779"
"164","2.1","921780","2026-03-07 19:00","CYTRYNIEC","CYTRYNIEC CHIŃSKI","130809","Najlepsi z Najlepszych","130520","0:3","0","3","46","75","baza_2_1.csv","2.1|921780"
"164","2.1","921781","2026-03-07 19:00","Pogro Arena","Pogromcy Gdańsk","131205","LukTeam","131134","0:3","0","3","52","76","baza_2_1.csv","2.1|921781"
"164","2.1","921782","2026-03-07 19:00","Janów hall","Błyskawica Janów","131242","Saracens","128615","0:3","0","3","59","75","baza_2_1.csv","2.1|921782"
"164","2.1","921783","2026-03-07 19:00","Hala 134","Libero Gorzków","128703","CF Mleczne Olsztyn","128668","1:3","1","3","79","94","baza_2_1.csv","2.1|921783"
"164","2.1","921784","2026-03-07 19:00","7l z Pepsi Arena","Hydra VT Gdańsk","128612","Young Team","128708","3:1","3","1","100","80","baza_2_1.csv","2.1|921784"
"164","2.2","922017","2026-03-07 19:00","Chausseestrasse arena","Rutz","130854","Zakład Karny w Strzelinie","128751","3:0","3","0","75","55","baza_2_2.csv","2.2|922017"
"164","2.2","922018","2026-03-07 19:00","Mroczna Arena","👽Strażnicy Cienia👽","128711","MAKDOM","128660","0:3","0","3","40","75","baza_2_2.csv","2.2|922018"
"164","2.2","922019","2026-03-07 19:00","Wild Hall","Thorn Lynxes","131219","Czorty Chorzów","130959","0:3","0","3","52","75","baza_2_2.csv","2.2|922019"
"164","2.2","922020","2026-03-07 19:00","Hala im. Pawła Kozioła","Ranczo Wilkowyje","130915","UKS Olimp Ostrołęka","128604","0:3","0","3","46","75","baza_2_2.csv","2.2|922020"
"164","2.2","922021","2026-03-07 19:00","Millennium Arena","Millennium Siemianowice","130955","SiatkarskiePodlasie.pl","130565","3:2","3","2","103","93","baza_2_2.csv","2.2|922021"
"164","2.2","922022","2026-03-07 19:00","Piasterdam Stadium","AJAX PIASTY","130797","CSKA Mielec","128613","3:0","3","0","75","62","baza_2_2.csv","2.2|922022"
"164","2.2","922023","2026-03-07 19:00","Zimorodek","Nosmeisy","128686","RKS","128588","2:3","2","3","108","108","baza_2_2.csv","2.2|922023"
"164","2.2","922024","2026-03-07 19:00","Sisu Arena","Bydgoszcz Spartans","128726","Silver Sharks Lublin 🦈","128674","1:3","1","3","88","94","baza_2_2.csv","2.2|922024"
"164","2.3","922257","2026-03-07 19:00","Ver","Vernixo","128679","Vikings","128756","0:3","0","3","58","75","baza_2_3.csv","2.3|922257"
"164","2.3","922258","2026-03-07 19:00","Zoo","Wściekłe Tygrysy","128782","Budowlani Nysa","130574","3:1","3","1","88","74","baza_2_3.csv","2.3|922258"
"164","2.3","922259","2026-03-07 19:00","Radomskie Centrum Sportu","RCS Czarni Radom","128600","KS Budowlani Kołacin 👷🏻","128629","0:3","0","3","43","75","baza_2_3.csv","2.3|922259"
"164","2.3","922260","2026-03-07 19:00","Torwar","Projekt Warszawa","128614","Karasuno","128635","0:3","0","3","58","75","baza_2_3.csv","2.3|922260"
"164","2.3","922261","2026-03-07 19:00","Hala Orbita","EnergiaPro Gwardia Wrocław","130757","Bolek i lolek 🤙","128586","1:3","1","3","78","96","baza_2_3.csv","2.3|922261"
"164","2.3","922262","2026-03-07 19:00","Hala Sportowa w Zabrzu","Zabrzański Górnik","128816","🦣 KS MAMUTY 🦣","130549","1:3","1","3","82","90","baza_2_3.csv","2.3|922262"
"164","2.3","922263","2026-03-07 19:00","Karakanówka","Skoczne Karakany","130767","KKS Gryf Lębork","128809","0:3","0","3","66","78","baza_2_3.csv","2.3|922263"
"164","2.3","922264","2026-03-07 19:00","Forteca Nakło","Stara Gwardia Nakło ⚔️","128688","Polonia Bytom","130871","1:3","1","3","78","93","baza_2_3.csv","2.3|922264"
"164","2.4","922497","2026-03-07 19:00","Może zagram","Fc MiSieNieChce","130908","Unknown Team","128636","0:3","0","3","19","75","baza_2_4.csv","2.4|922497"
"164","2.4","922498","2026-03-07 19:00","Aviator arena","BH STAL MIELEC","130769","Bystra Bochotnica","128657","0:3","0","3","42","75","baza_2_4.csv","2.4|922498"
"164","2.4","922499","2026-03-07 19:00","Torwar","Vamos","128714","TEXańska Masakra Piłą Ręczną","131293","1:3","1","3","77","94","baza_2_4.csv","2.4|922499"
"164","2.4","922500","2026-03-07 19:00","Sportur Astro","Sivass-Pol De Mare","128794","kiczan team zduńska wola","128596","0:3","0","3","46","75","baza_2_4.csv","2.4|922500"
"164","2.4","922501","2026-03-07 19:00","Olimp  Arena","Pioruny  i Grzmoty","130966","massive dongs","128592","0:3","0","3","43","75","baza_2_4.csv","2.4|922501"
"164","2.4","922502","2026-03-07 19:00","Kentucky Coffee Roasters Arena","KS Kawoholicy","131724","Ohana Gliwice","130945","1:3","1","3","82","89","baza_2_4.csv","2.4|922502"
"164","2.4","922503","2026-03-07 19:00","QUEERTISONEK","QUEERTISONEK TEAM","131147","BKS Białystok","128644","3:1","3","1","106","99","baza_2_4.csv","2.4|922503"
"164","2.4","922504","2026-03-07 19:00","wyrko rodzinne","Turbo Śpiochy","128578","Alpha","131086","2:3","2","3","99","105","baza_2_4.csv","2.4|922504"
"164","3.1","922737","2026-03-07 17:00","Kamienieckie Doły","Cargo Kamieniec Ząbkowicki","151049","Team Spiryt Chorzów","130958","0:3","0","3","54","75","baza_3_1.csv","3.1|922737"
"164","3.1","922738","2026-03-07 17:00","SRS Bernabeu","SRS Katarina","137403","Korporacja Gwiazd Bezrobocia","128595","1:3","1","3","96","93","baza_3_1.csv","3.1|922738"
"164","3.1","922739","2026-03-07 17:00","Ownz Ya! :: Arena","Team :: Ownz Ya!","130572","TaUrsy","130537","3:0","3","0","75","8","baza_3_1.csv","3.1|922739"
"164","3.1","922740","2026-03-07 17:00","Hala Azoty","Zaksa Kędzierzyn - Koźle","131200","⭐ Nati ⭐ 1995 ⭐  ∞  ⭐","130585","0:3","0","3","17","75","baza_3_1.csv","3.1|922740"
"164","3.1","922741","2026-03-07 17:00","Gniazdo","Orzeł Grzędzice","128728","Bochotnica Celtics","128639","0:3","0","3","16","75","baza_3_1.csv","3.1|922741"
"164","3.1","922742","2026-03-07 17:00","Volley Arena","Vollley Rybnik","137468","PGE Bubisie Bździochy","130773","0:3","0","3","36","75","baza_3_1.csv","3.1|922742"
"164","3.1","922743","2026-03-07 17:00","Rohan","Drużyna Pierścienia","141064","Cicely","128704","0:3","0","3","54","75","baza_3_1.csv","3.1|922743"
"164","3.1","922744","2026-03-07 17:00","Renifers Hall","Renifers","128675","Avengers","130920","0:3","0","3","44","75","baza_3_1.csv","3.1|922744"
"164","3.2","922977","2026-03-07 17:00","Storm","WIPP Thunder","128672","Maliniaczki","131020","0:3","0","3","35","75","baza_3_2.csv","3.2|922977"
"164","3.2","922978","2026-03-07 17:00","Wylęgarnia Potworów","Nocne Potwory","128803","Czarne plamy","128655","1:3","1","3","80","97","baza_3_2.csv","3.2|922978"
"164","3.2","922979","2026-03-07 17:00","Stodoła 97","VC  Ziębka Team","130503","ChudyTeam","130535","0:3","0","3","40","75","baza_3_2.csv","3.2|922979"
"164","3.2","922980","2026-03-07 17:00","PB Arena","Huragan Białobrzegi","131065","JTCNW Łódź","131093","0:3","0","3","32","75","baza_3_2.csv","3.2|922980"
"164","3.2","922981","2026-03-07 17:00","Lake Arena","Zegrze Nieporęt","131194","ChlopkiTeam","128606","0:3","0","3","40","75","baza_3_2.csv","3.2|922981"
"164","3.2","922982","2026-03-07 17:00","WKS Kielno Arena","Wiejski Klub Kielno","130498","Plas Kaźmierz","137421","0:3","0","3","12","75","baza_3_2.csv","3.2|922982"
"164","3.2","922983","2026-03-07 17:00","ARENA KENTUCKY","GALACTICOS FC","131018","Fiorentina Nakło","130905","0:3","0","3","18","75","baza_3_2.csv","3.2|922983"
"164","3.2","922984","2026-03-07 17:00","Palau Blaugrana","CVB Barça","141012","Siatka Krzemieniewo","128597","0:3","0","3","33","75","baza_3_2.csv","3.2|922984"
"164","3.3","923217","2026-03-07 17:00","NWWALC Stadium","OFIME Targówek","131746","Phoenix Fire","128687","0:3","0","3","41","75","baza_3_3.csv","3.3|923217"
"164","3.3","923218","2026-03-07 17:00","NiuniuCamp","NiuniuTeam","137395","DragonGAYS Polska","130705","0:3","0","3","43","75","baza_3_3.csv","3.3|923218"
"164","3.3","923219","2026-03-07 17:00","Drink Arena","Drink Team","141020","Bad Boys Team","128706","0:3","0","3","19","75","baza_3_3.csv","3.3|923219"
"164","3.3","923220","2026-03-07 17:00","Wimbledon","Zduńska Wola Team","128640","Jeżomyszy🦔z Marsa🪐","130972","0:3","0","3","14","75","baza_3_3.csv","3.3|923220"
"164","3.3","923221","2026-03-07 17:00","RINLZER ARENA","RINZLER","128627","Mazaki VC","131006","0:3","0","3","28","75","baza_3_3.csv","3.3|923221"
"164","3.3","923222","2026-03-07 17:00","Milenium MOSIR","Kotwica Kołobrzeg","128801","Ale co","128694","0:3","0","3","47","75","baza_3_3.csv","3.3|923222"
"164","3.3","923223","2026-03-07 17:00","Misieniechce Radom Arena","FC Misieniechce Radom","130676","RG Olsztyn","128652","0:3","0","3","8","75","baza_3_3.csv","3.3|923223"
"164","3.3","923224","2026-03-07 17:00","Meduza","KS Zamienie","141062","!STAL NYSA","130728","0:3","0","3","34","75","baza_3_3.csv","3.3|923224"
"164","3.4","923457","2026-03-07 17:00","Leszczyny arena","Volley Leszczyny","137412","Valiant Boys","130826","3:1","3","1","95","86","baza_3_4.csv","3.4|923457"
"164","3.4","923458","2026-03-07 17:00","Arena Albigowa","SST SPORTUR GMINA ŁAŃCUT","128795","Smoczy Gród","131131","0:3","0","3","34","75","baza_3_4.csv","3.4|923458"
"164","3.4","923459","2026-03-07 17:00","GOKSiR Konstancin","IKS Konstancin - Jeziorna","131223","Los Rakos","137449","0:3","0","3","24","75","baza_3_4.csv","3.4|923459"
"164","3.4","923460","2026-03-07 17:00","Niepodległości 11","KS Świt Baranowo","128589","Sycylijskie Cytryniaki","130704","0:3","0","3","40","75","baza_3_4.csv","3.4|923460"
"164","3.4","923461","2026-03-07 17:00","Strzelce Opolskie Arena","PIAST Strzelce Opolskie","130555","eŁKSa1908","130836","0:3","0","3","39","75","baza_3_4.csv","3.4|923461"
"164","3.4","923462","2026-03-07 17:00","Pod niebem u Henia","Potok city","140815","Trefl","131199","0:3","0","3","42","75","baza_3_4.csv","3.4|923462"
"164","3.4","923463","2026-03-07 17:00","Urania","Choroszcza Olsztyn","130774","Trefl Gdańsk Pomorze","130509","0:3","0","3","61","75","baza_3_4.csv","3.4|923463"
"164","3.4","923464","2026-03-07 17:00","Podpromie","Asseco Resovia","131163","toto","128731","3:0","3","0","75","48","baza_3_4.csv","3.4|923464"
"164","3.5","923697","2026-03-07 17:00","Arena Krosno","Iskra Krosno","128667","KKS Kaszubia Kościerzyna","128786","0:3","0","3","48","75","baza_3_5.csv","3.5|923697"
"164","3.5","923698","2026-03-07 17:00","KSW ARENA","KSW7","140968","PGE Skra Poznań","130781","1:3","1","3","65","94","baza_3_5.csv","3.5|923698"
"164","3.5","923699","2026-03-07 17:00","Dwa słupki i sznurek azt","Aniołki Toruń","130820","SKS Iłżanka Baranów","128715","0:3","0","3","14","75","baza_3_5.csv","3.5|923699"
"164","3.5","923700","2026-03-07 17:00","Hala Dobra","AKS VOLLEY  DOBRA","141110","S-Ninjas","130582","0:3","0","3","23","75","baza_3_5.csv","3.5|923700"
"164","3.5","923701","2026-03-07 17:00","Thorn Hall","Bart Thorn","130726","OPOLE","130500","0:3","0","3","50","75","baza_3_5.csv","3.5|923701"
"164","3.5","923702","2026-03-07 17:00","Hala Sportowa AKS","AKS Śliw@","128584","VC BORDER","128622","1:3","1","3","62","97","baza_3_5.csv","3.5|923702"
"164","3.5","923703","2026-03-07 17:00","ULTRAS ARENA","ULTRAS-PL","130527","CAMORRA VC","130516","0:3","0","3","24","75","baza_3_5.csv","3.5|923703"
"164","3.5","923704","2026-03-07 17:00","Public Enemies","Kosmiczne Mandarynki","128609","RafaTeam Lipusz","130561","0:3","0","3","39","75","baza_3_5.csv","3.5|923704"
"164","3.6","923937","2026-03-07 17:00","Strongman Arena","RTS.Strongman Małecz","130601","Projekt Słomin","128700","1:3","1","3","67","96","baza_3_6.csv","3.6|923937"
"164","3.6","923938","2026-03-07 17:00","Arena Twierdza","Twierdza Teodorówka","130591","Groszowice Soreide","130604","1:3","1","3","73","91","baza_3_6.csv","3.6|923938"
"164","3.6","923939","2026-03-07 17:00","Hala Limanowa","KS Limanowa","140814","MKS Siemianowice","128799","0:3","0","3","6","75","baza_3_6.csv","3.6|923939"
"164","3.6","923940","2026-03-07 17:00","Są gorsze areny","Są Gorsi","130693","Victoria Wałbrzych","128774","0:3","0","3","12","75","baza_3_6.csv","3.6|923940"
"164","3.6","923941","2026-03-07 17:00","Podpromie","SMS Rzeszów","137337","Black Smoke","137347","0:3","0","3","25","75","baza_3_6.csv","3.6|923941"
"164","3.6","923942","2026-03-07 17:00","Puszcza","Pogoń Żubr","130564","KS Jastrzębie","130545","1:3","1","3","75","98","baza_3_6.csv","3.6|923942"
"164","3.6","923943","2026-03-07 17:00","KCKiS","Kudowianka Kudowa-Zdrój","131235","Browary Hills","130979","0:3","0","3","34","75","baza_3_6.csv","3.6|923943"
"164","3.6","923944","2026-03-07 17:00","Boisko na polu","Young Team Reaktywacja","140951","Ikjas Toruń","131062","1:3","1","3","69","96","baza_3_6.csv","3.6|923944"
"164","3.7","924177","2026-03-07 17:00","Immobile Łuczniczka","BKS Visła Bydgoszcz","131284","Stocznia Gdańsk","130595","0:3","0","3","54","75","baza_3_7.csv","3.7|924177"
"164","3.7","924178","2026-03-07 17:00","Haba","Ghrum","130784","Mighty Bears","130513","2:3","2","3","101","114","baza_3_7.csv","3.7|924178"
"164","3.7","924179","2026-03-07 17:00","Rotavia Arena","LKS Rotavia Nieporęt","128730","Linkin Park United","130617","0:3","0","3","61","75","baza_3_7.csv","3.7|924179"
"164","3.7","924180","2026-03-07 17:00","Estadio de Brzózka","Dyliżans Brzózka","137454","Volania Jeleninhos","131141","0:3","0","3","53","75","baza_3_7.csv","3.7|924180"
"164","3.7","924181","2026-03-07 17:00","FFP Arena","FFP Virtual Volley","130573","AZS Politechnika Poznańska","128759","0:3","0","3","20","75","baza_3_7.csv","3.7|924181"
"164","3.7","924182","2026-03-07 17:00","Janów Darbaz","SDJ Janów","131251","KZN","131229","0:3","0","3","32","75","baza_3_7.csv","3.7|924182"
"164","3.7","924183","2026-03-07 17:00","Arena Wielkoludów","Błysk2","131225","Latające Dżdżownice","140796","0:3","0","3","47","75","baza_3_7.csv","3.7|924183"
"164","3.7","924184","2026-03-07 17:00","GROZA","Dąbrowskie Pioruny","140781","Orły","137486","0:3","0","3","31","75","baza_3_7.csv","3.7|924184"
"164","3.8","924417","2026-03-07 17:00","Hell","Przebój Wolbrom","130621","Stilon Gorzów","130891","2:3","2","3","99","112","baza_3_8.csv","3.8|924417"
"164","3.8","924418","2026-03-07 17:00","Kiciniowo","Fc Kiciusie","140744","Budowlani Łódź","128736","0:3","0","3","41","75","baza_3_8.csv","3.8|924418"
"164","3.8","924419","2026-03-07 17:00","KND Arena","KndSynu Cios","137411","Volley Królewscy Jedlnia","130524","0:3","0","3","33","75","baza_3_8.csv","3.8|924419"
"164","3.8","924420","2026-03-07 17:00","Hala Urania","AZS PRIME Olsztyn","137361","Aptekarz Tylmanowa","128720","0:3","0","3","26","75","baza_3_8.csv","3.8|924420"
"164","3.8","924421","2026-03-07 17:00","Américain Airlines Center","Dallas Mavericks","128666","PGE GIEK Skra Bełchatów","130721","0:3","0","3","17","75","baza_3_8.csv","3.8|924421"
"164","3.8","924422","2026-03-07 17:00","Fc","Fc Albatros","131276","Jang Tim","128677","0:3","0","3","35","75","baza_3_8.csv","3.8|924422"
"164","3.8","924423","2026-03-07 17:00","zAKSA ARENA","ZAKSA ŚWINOUJŚCIE","130896","Rockers Wrocław","128605","0:3","0","3","40","75","baza_3_8.csv","3.8|924423"
"164","3.8","924424","2026-03-07 17:00","HALA CENTRUM","MKS Dąbrowa Górnicza","128800","Anioły Toruń","130514","3:0","3","0","75","51","baza_3_8.csv","3.8|924424"
"164","3.9","924657","2026-03-07 17:00","Bonito Arena","Joga Bonito","137493","Volley Team Piotrków Tryb.","128724","0:3","0","3","60","76","baza_3_9.csv","3.9|924657"
"164","3.9","924658","2026-03-07 17:00","Sardegna Hall","Sardegna Volley","137467","ZYX","131059","1:3","1","3","63","94","baza_3_9.csv","3.9|924658"
"164","3.9","924659","2026-03-07 17:00","Hala Brzeziny","SBX TEAM","140751","Spartans Volley","130930","0:3","0","3","35","75","baza_3_9.csv","3.9|924659"
"164","3.9","924660","2026-03-07 17:00","Jaga","Jagiellonia Białystok","140856","Volleyball Szubin Team","128579","0:3","0","3","11","75","baza_3_9.csv","3.9|924660"
"164","3.9","924661","2026-03-07 17:00","Malinowa home","Czarni Piasek","128752","ActiVeTeam","128702","0:3","0","3","40","75","baza_3_9.csv","3.9|924661"
"164","3.9","924662","2026-03-07 17:00","Golasowice","Flying Spiders","140867","Zaksa Mszczonów","130593","0:3","0","3","18","75","baza_3_9.csv","3.9|924662"
"164","3.9","924663","2026-03-07 17:00","DORCAN","GSY","130525","Zamek Golub-Dobrzyń","131227","0:3","0","3","48","75","baza_3_9.csv","3.9|924663"
"164","3.9","924664","2026-03-07 17:00","SGS Arena","SGS Goleniów","137350","Galaxia Kwielice","130973","3:0","3","0","75","54","baza_3_9.csv","3.9|924664"
"164","3.10","924897","2026-03-07 17:00","Osyra Stadion","GPT Mysłowice","128747","JednakGramy","128768","3:2","3","2","102","109","baza_3_10.csv","3.10|924897"
"164","3.10","924898","2026-03-07 17:00","Piernik Arena","Kopernik Toruń","130739","Polish Wolves","131258","0:3","0","3","56","75","baza_3_10.csv","3.10|924898"
"164","3.10","924899","2026-03-07 17:00","R22","TSW Wisła Kraków","151056","Złote Orły","131740","0:3","0","3","31","75","baza_3_10.csv","3.10|924899"
"164","3.10","924900","2026-03-07 17:00","Sovia","Tigers","128634","Bydgoszcz Baki","128616","0:3","0","3","3","75","baza_3_10.csv","3.10|924900"
"164","3.10","924901","2026-03-07 17:00","Hala Widowiskowa BBOSiR","BBTS Bielsko-Biała","137383","TKS Jelenie Studzienki","130939","0:3","0","3","31","75","baza_3_10.csv","3.10|924901"
"164","3.10","924902","2026-03-07 17:00","ŁOWICZ ARENA","UKS BŁYSKAWICA ŁOWICZ","130699","KS Strużanka Baranów","130994","0:3","0","3","35","75","baza_3_10.csv","3.10|924902"
"164","3.10","924903","2026-03-07 17:00","AWZAN 271","KK271","141054","Pancio","128750","0:3","0","3","33","75","baza_3_10.csv","3.10|924903"
"164","3.10","924904","2026-03-07 17:00","Hala Urania","Indykpol AZS Olsztyn","128620","Hot Volley Nysa","128630","1:3","1","3","85","97","baza_3_10.csv","3.10|924904"
"164","3.11","925137","2026-03-07 17:00","Szklanka Wódki xD","ScorpioN","128617","Kolorowe Rumaki","131164","1:3","1","3","80","97","baza_3_11.csv","3.11|925137"
"164","3.11","925138","2026-03-07 17:00","Arena W","Team WWW","131066","Latające Imadła","131022","0:3","0","3","56","76","baza_3_11.csv","3.11|925138"
"164","3.11","925139","2026-03-07 17:00","hala MOSiR","Enea PTPS Piła","128646","AKS Andrut Kalisz 🧇","128789","0:3","0","3","18","75","baza_3_11.csv","3.11|925139"
"164","3.11","925140","2026-03-07 17:00","ERGO ARENA","NIELOTY GDAŃSK","130946","Brute Force","130978","0:3","0","3","21","75","baza_3_11.csv","3.11|925140"
"164","3.11","925141","2026-03-07 17:00","Decha Arena","Gwoździe","140812","Pogoń Portowcy","131768","0:3","0","3","20","75","baza_3_11.csv","3.11|925141"
"164","3.11","925142","2026-03-07 17:00","Tujniczanka-Łosmanat","FC Łosarnia Tujsk","140910","PauPau","140825","0:3","0","3","39","75","baza_3_11.csv","3.11|925142"
"164","3.11","925143","2026-03-07 17:00","Crusaders Hall","KS Crusaders","137439","Seniorzy Wieluń","130519","0:3","0","3","19","75","baza_3_11.csv","3.11|925143"
"164","3.11","925144","2026-03-07 17:00","Hala Orzełek","Orzełki Team","137444","Kasztaniaki","131735","0:3","0","3","42","75","baza_3_11.csv","3.11|925144"
"164","3.12","925377","2026-03-07 17:00","Konarzewo Arena","KS Konarzewo","137342","🌳Leśne Ludki🌳","131712","3:2","3","2","105","97","baza_3_12.csv","3.12|925377"
"164","3.12","925378","2026-03-07 17:00","Match Of The Millennium","Yu-Gi-Oh!","131717","Ipsarion","140952","2:3","2","3","112","101","baza_3_12.csv","3.12|925378"
"164","3.12","925379","2026-03-07 17:00","Prognozy dzisiaj nie będzie","Anię dopadła grypa","140870","Volley Master","130507","0:3","0","3","7","75","baza_3_12.csv","3.12|925379"
"164","3.12","925380","2026-03-07 17:00","B4 Arena","Braniewo Volley","141119","Zawisza Olsztyn","128659","0:3","0","3","32","75","baza_3_12.csv","3.12|925380"
"164","3.12","925381","2026-03-07 17:00","Niebieskie Piekło","Lube Rzeszów","130863","The Ops","131290","0:3","0","3","30","75","baza_3_12.csv","3.12|925381"
"164","3.12","925382","2026-03-07 17:00","Aciu Hall","Aciu Team","131157","Acapulco Stalion","128733","0:3","0","3","12","75","baza_3_12.csv","3.12|925382"
"164","3.12","925383","2026-03-07 17:00","Arena Zawiercie","Warta Zawiercie","130562","300-stuSpartan","137376","0:3","0","3","60","76","baza_3_12.csv","3.12|925383"
"164","3.12","925384","2026-03-07 17:00","Immobile Kowary","Olimpia Kowary","137420","ARM Volley","137419","0:3","0","3","24","75","baza_3_12.csv","3.12|925384"
"164","3.13","925617","2026-03-07 17:00","Lokomotiv Plzen","Raven","140853","PolskieOrły","128769","0:3","0","3","40","75","baza_3_13.csv","3.13|925617"
"164","3.13","925618","2026-03-07 17:00","MKS1956","MKS ŁĘCZYCA","128741","Brave Vikings","131709","0:3","0","3","43","75","baza_3_13.csv","3.13|925618"
"164","3.13","925619","2026-03-07 17:00","RD Arena","Red Devils","128725","Aleleble","128628","0:3","0","3","23","75","baza_3_13.csv","3.13|925619"
"164","3.13","925620","2026-03-07 17:00","Hala im. Sędziów","Sędziowie Bydgoszcz","140960","ProgressTeam","128806","0:3","0","3","12","75","baza_3_13.csv","3.13|925620"
"164","3.13","925621","2026-03-07 17:00","TwentyFive.pl","TwentyFive.pl","130518","☣️ MY TU TEGO BAGNO 💩💩    🔝","130911","0:3","0","3","29","75","baza_3_13.csv","3.13|925621"
"164","3.13","925622","2026-03-07 17:00","Olkop Arena","Trentino Młodzieszyn","128599","🐀Ratty Rattas🐀","128707","0:3","0","3","25","75","baza_3_13.csv","3.13|925622"
"164","3.13","925623","2026-03-07 17:00","Leszno Arena","Unia Leszno","131196","Spartakus Radom","131248","2:3","2","3","84","107","baza_3_13.csv","3.13|925623"
"164","3.13","925624","2026-03-07 17:00","Hala Cześniosko","LKS  ASERTO Trześń","131723","Szmulki","140963","3:0","3","0","75","50","baza_3_13.csv","3.13|925624"
"164","3.14","925857","2026-03-07 17:00","Mierzwice Arena","Mierzwicanka Mierzwice","130539","III Piastowskie","130858","3:0","3","0","77","69","baza_3_14.csv","3.14|925857"
"164","3.14","925858","2026-03-07 17:00","Hala FC","Farciarze FC","128734","Hit Happens","131734","0:3","0","3","53","75","baza_3_14.csv","3.14|925858"
"164","3.14","925859","2026-03-07 17:00",".......","Zryw","141102","Arbuzy i Kebaby","130611","0:3","0","3","28","75","baza_3_14.csv","3.14|925859"
"164","3.14","925860","2026-03-07 17:00","Foxx Volley Arena","Kanzas Foxx","137481","KS Brzeziny","128710","0:3","0","3","21","75","baza_3_14.csv","3.14|925860"
"164","3.14","925861","2026-03-07 17:00","Osir Trzemeszno","Skra Trzemeszno","131217","Lajony Kingzz","131747","3:2","3","2","106","94","baza_3_14.csv","3.14|925861"
"164","3.14","925862","2026-03-07 17:00","SANTIAGO BERNABEU","NTS NAKŁO NAD NOTECIĄ","128729","pONczek Team","130540","0:3","0","3","54","75","baza_3_14.csv","3.14|925862"
"164","3.14","925863","2026-03-07 17:00","Energia","BT ENERGIA","137456","Shtosee volley team","128680","0:3","0","3","24","75","baza_3_14.csv","3.14|925863"
"164","3.14","925864","2026-03-07 17:00","Hala Grabów Stadium","KS GRABÓW","130543","Kubiki","130510","0:3","0","3","48","76","baza_3_14.csv","3.14|925864"
"164","3.15","926097","2026-03-07 17:00","Makalamabedi","W124","137366","G.T.S. Unia Choceń","128749","0:3","0","3","30","75","baza_3_15.csv","3.15|926097"
"164","3.15","926098","2026-03-07 17:00","Hala Mostowa","Śląskie Burrito","131722","Lech Sulechów","128625","0:3","0","3","40","75","baza_3_15.csv","3.15|926098"
"164","3.15","926099","2026-03-07 17:00","KS arena","Ks Kedzierzyn","128713","Victoria Dobra","131261","0:3","0","3","24","75","baza_3_15.csv","3.15|926099"
"164","3.15","926100","2026-03-07 17:00","Wierzeje ARENA","Wierzeje","141108","Finlandia Opole Lubelskie","130910","0:3","0","3","24","75","baza_3_15.csv","3.15|926100"
"164","3.15","926101","2026-03-07 17:00","Urania","AZT Tytan Czestochowa","128743","FC Świętopełka 🔥","128802","0:3","0","3","56","75","baza_3_15.csv","3.15|926101"
"164","3.15","926102","2026-03-07 17:00","Sportowa","LTS Feniks Leżajsk","141106","JaqbTeam","128695","0:3","0","3","34","75","baza_3_15.csv","3.15|926102"
"164","3.15","926103","2026-03-07 17:00","Ultras Hall","Fenix Siennica","130586","Makosiki","128780","0:3","0","3","49","75","baza_3_15.csv","3.15|926103"
"164","3.15","926104","2026-03-07 17:00","Misiakowo","Gumi-Misie","131244","KS Okalew","131073","3:0","3","0","75","53","baza_3_15.csv","3.15|926104"
"164","3.16","926337","2026-03-07 17:00","PRAFIL ARENA","PGJ Azoty","130845","Blackburn Toruń","128601","0:3","0","3","34","75","baza_3_16.csv","3.16|926337"
"164","3.16","926338","2026-03-07 17:00","Łu tu tu tu","La Vida Loca","131011","AquaSharks","128771","0:3","0","3","32","75","baza_3_16.csv","3.16|926338"
"164","3.16","926339","2026-03-07 17:00","Sportowa","Gryf Policzna","140747","Znienacka team","130933","0:3","0","3","33","75","baza_3_16.csv","3.16|926339"
"164","3.16","926340","2026-03-07 17:00","Hala Miejska","PKS Choszczno","140884","Złote Wilki","128790","0:3","0","3","32","75","baza_3_16.csv","3.16|926340"
"164","3.16","926341","2026-03-07 17:00","Spodek Głuchołazy","Zadar Głuchołazy","128664","V-DRIFTERS","131254","0:3","0","3","33","75","baza_3_16.csv","3.16|926341"
"164","3.16","926342","2026-03-07 17:00","Die Freie Stadt Danzig Sporthalle","Die Freie Stadt Danzig","130661","Lance Armstrong","131718","0:3","0","3","46","75","baza_3_16.csv","3.16|926342"
"164","3.16","926343","2026-03-07 17:00","Knights Arena","🪿⎛⎝( ` ᢍ ´ )⎠⎞ᵐᵘʰᵃʰᵃ🦇","131021","sanah","131179","0:3","0","3","61","77","baza_3_16.csv","3.16|926343"
"164","3.16","926344","2026-03-07 17:00","San","Juve","131236","GizoTeam","128693","0:3","0","3","46","76","baza_3_16.csv","3.16|926344"
"164","1.1","921529","2026-03-05 19:00","Hala sportowa w Zduńskiej Woli","Volleyball Team Zduńska Wola","128603","Dano Dream Team","130607","2:3","2","3","101","108","baza_1_1.csv","1.1|921529"
"164","1.1","921530","2026-03-05 19:00","Arena of Rzeplin","Tsunami Rzeplin","128717","Wratislawia Wrocław","128772","3:0","3","0","76","59","baza_1_1.csv","1.1|921530"
"164","1.1","921531","2026-03-05 19:00","Kanciapa u Tumaxa","Dzikie Rumaxy","128638","Penguin Małomice","128781","1:3","1","3","89","99","baza_1_1.csv","1.1|921531"
"164","1.1","921532","2026-03-05 19:00","Bugaj Arena","Pilica Koniecpol","130885","Go Tigers","128631","3:1","3","1","105","95","baza_1_1.csv","1.1|921532"
"164","1.1","921533","2026-03-05 19:00","Kudahuvadhoo 🏝️","Carplife 🇵🇱","130954","Incognito Volley","128619","3:2","3","2","114","107","baza_1_1.csv","1.1|921533"
"164","1.1","921534","2026-03-05 19:00","Wioska Smerfów","Smerfy","128764","ZAKSA Bochotnica","128722","0:3","0","3","45","75","baza_1_1.csv","1.1|921534"
"164","1.1","921535","2026-03-05 19:00","Qweta","VC Kittens","128580","DHARMA Initiative","128577","2:3","2","3","114","103","baza_1_1.csv","1.1|921535"
"164","1.1","921536","2026-03-05 19:00","GOSTiR Rzgów","AKS Volley Łódź","131002","Kuźnia Byków","130744","3:1","3","1","101","88","baza_1_1.csv","1.1|921536"
"164","2.1","921769","2026-03-05 19:00","7l z Pepsi Arena","Hydra VT Gdańsk","128612","Velen Volleyball Club","128684","3:2","3","2","85","99","baza_2_1.csv","2.1|921769"
"164","2.1","921770","2026-03-05 19:00","Szpil Plac u Gerusia","Young Team","128708","Libero Gorzków","128703","3:0","3","0","75","46","baza_2_1.csv","2.1|921770"
"164","2.1","921771","2026-03-05 19:00","Urania","CF Mleczne Olsztyn","128668","Błyskawica Janów","131242","3:0","3","0","75","53","baza_2_1.csv","2.1|921771"
"164","2.1","921772","2026-03-05 19:00","Piekło","Saracens","128615","Pogromcy Gdańsk","131205","3:1","3","1","90","74","baza_2_1.csv","2.1|921772"
"164","2.1","921773","2026-03-05 19:00","LukArena","LukTeam","131134","CYTRYNIEC CHIŃSKI","130809","3:0","3","0","75","57","baza_2_1.csv","2.1|921773"
"164","2.1","921774","2026-03-05 19:00","Ping Pong Arena","Najlepsi z Najlepszych","130520","Celtic VC","128735","3:1","3","1","105","89","baza_2_1.csv","2.1|921774"
"164","2.1","921775","2026-03-05 19:00","Field House","Miesiany Miesiany","128676","Silver Arsenal","130505","3:1","3","1","97","73","baza_2_1.csv","2.1|921775"
"164","2.1","921776","2026-03-05 19:00","Ośrodek Karny Rivii Arena 🎯","Smerfy z Rivii ⚔️⚔️🛡️","130934","Sprzeda Mecz","128663","3:2","3","2","110","108","baza_2_1.csv","2.1|921776"
"164","2.2","922009","2026-03-05 19:00","Sisu Arena","Bydgoszcz Spartans","128726","Zakład Karny w Strzelinie","128751","3:2","3","2","101","99","baza_2_2.csv","2.2|922009"
"164","2.2","922010","2026-03-05 19:00","UMCS Hala Sportowa","Silver Sharks Lublin 🦈","128674","Nosmeisy","128686","0:3","0","3","52","76","baza_2_2.csv","2.2|922010"
"164","2.2","922011","2026-03-05 19:00","Ursus Arena","RKS","128588","AJAX PIASTY","130797","3:0","3","0","75","61","baza_2_2.csv","2.2|922011"
"164","2.2","922012","2026-03-05 19:00","CSKA Arena","CSKA Mielec","128613","Millennium Siemianowice","130955","2:3","2","3","98","106","baza_2_2.csv","2.2|922012"
"164","2.2","922013","2026-03-05 19:00","Siatkarskie Podlasie","SiatkarskiePodlasie.pl","130565","Ranczo Wilkowyje","130915","3:2","3","2","108","104","baza_2_2.csv","2.2|922013"
"164","2.2","922014","2026-03-05 19:00","Olimp Arena","UKS Olimp Ostrołęka","128604","Thorn Lynxes","131219","3:2","3","2","102","88","baza_2_2.csv","2.2|922014"
"164","2.2","922015","2026-03-05 19:00","LEGO Arena","Czorty Chorzów","130959","👽Strażnicy Cienia👽","128711","3:0","3","0","75","47","baza_2_2.csv","2.2|922015"
"164","2.2","922016","2026-03-05 19:00","MAKDOM ARENA","MAKDOM","128660","Rutz","130854","1:3","1","3","98","103","baza_2_2.csv","2.2|922016"
"164","2.3","922249","2026-03-05 19:00","Forteca Nakło","Stara Gwardia Nakło ⚔️","128688","Vikings","128756","3:2","3","2","109","105","baza_2_3.csv","2.3|922249"
"164","2.3","922250","2026-03-05 19:00","Polonijny młyn","Polonia Bytom","130871","Skoczne Karakany","130767","3:0","3","0","75","65","baza_2_3.csv","2.3|922250"
"164","2.3","922251","2026-03-05 19:00","Hala Gryfia","KKS Gryf Lębork","128809","Zabrzański Górnik","128816","3:2","3","2","110","92","baza_2_3.csv","2.3|922251"
"164","2.3","922252","2026-03-05 19:00","🦣 Mamut Area 🦣","🦣 KS MAMUTY 🦣","130549","EnergiaPro Gwardia Wrocław","130757","2:3","2","3","94","109","baza_2_3.csv","2.3|922252"
"164","2.3","922253","2026-03-05 19:00","Hala im. TW Bolka","Bolek i lolek 🤙","128586","Projekt Warszawa","128614","3:1","3","1","98","72","baza_2_3.csv","2.3|922253"
"164","2.3","922254","2026-03-05 19:00","カラスの巣","Karasuno","128635","RCS Czarni Radom","128600","3:0","3","0","75","43","baza_2_3.csv","2.3|922254"
"164","2.3","922255","2026-03-05 19:00","Silver Pearl Stadium","KS Budowlani Kołacin 👷🏻","128629","Wściekłe Tygrysy","128782","3:0","3","0","75","54","baza_2_3.csv","2.3|922255"
"164","2.3","922256","2026-03-05 19:00","Kocioł","Budowlani Nysa","130574","Vernixo","128679","3:1","3","1","97","87","baza_2_3.csv","2.3|922256"
"164","2.4","922489","2026-03-05 19:00","wyrko rodzinne","Turbo Śpiochy","128578","Unknown Team","128636","2:3","2","3","93","99","baza_2_4.csv","2.4|922489"
"164","2.4","922490","2026-03-05 19:00","Alpha Arena","Alpha","131086","QUEERTISONEK TEAM","131147","0:3","0","3","64","75","baza_2_4.csv","2.4|922490"
"164","2.4","922491","2026-03-05 19:00","BKS ARENA","BKS Białystok","128644","KS Kawoholicy","131724","1:3","1","3","91","94","baza_2_4.csv","2.4|922491"
"164","2.4","922492","2026-03-05 19:00","Aloha Arena","Ohana Gliwice","130945","Pioruny  i Grzmoty","130966","3:0","3","0","78","62","baza_2_4.csv","2.4|922492"
"164","2.4","922493","2026-03-05 19:00","we no WHO U r","massive dongs","128592","Sivass-Pol De Mare","128794","3:2","3","2","104","101","baza_2_4.csv","2.4|922493"
"164","2.4","922494","2026-03-05 19:00","kiczan arena","kiczan team zduńska wola","128596","Vamos","128714","3:0","3","0","75","48","baza_2_4.csv","2.4|922494"
"164","2.4","922495","2026-03-05 19:00","Mozt","TEXańska Masakra Piłą Ręczną","131293","BH STAL MIELEC","130769","3:1","3","1","96","74","baza_2_4.csv","2.4|922495"
"164","2.4","922496","2026-03-05 19:00","Bystra Bochotnica Arena","Bystra Bochotnica","128657","Fc MiSieNieChce","130908","3:0","3","0","75","10","baza_2_4.csv","2.4|922496"
"164","3.1","922729","2026-03-05 17:00","Renifers Hall","Renifers","128675","Team Spiryt Chorzów","130958","0:3","0","3","51","75","baza_3_1.csv","3.1|922729"
"164","3.1","922730","2026-03-05 17:00","Avengers Arena","Avengers","130920","Drużyna Pierścienia","141064","3:0","3","0","75","42","baza_3_1.csv","3.1|922730"
"164","3.1","922731","2026-03-05 17:00","Cicely Arena","Cicely","128704","Vollley Rybnik","137468","3:0","3","0","75","38","baza_3_1.csv","3.1|922731"
"164","3.1","922732","2026-03-05 17:00","Bździochy Arena","PGE Bubisie Bździochy","130773","Orzeł Grzędzice","128728","3:0","3","0","75","30","baza_3_1.csv","3.1|922732"
"164","3.1","922733","2026-03-05 17:00","Celtics Hall","Bochotnica Celtics","128639","Zaksa Kędzierzyn - Koźle","131200","3:0","3","0","75","16","baza_3_1.csv","3.1|922733"
"164","3.1","922734","2026-03-05 17:00","Nati Memorial Hall","⭐ Nati ⭐ 1995 ⭐  ∞  ⭐","130585","Team :: Ownz Ya!","130572","3:0","3","0","75","18","baza_3_1.csv","3.1|922734"
"164","3.1","922735","2026-03-05 17:00","TU Arena","TaUrsy","130537","SRS Katarina","137403","0:3","0","3","8","75","baza_3_1.csv","3.1|922735"
"164","3.1","922736","2026-03-05 17:00","KorpoArena","Korporacja Gwiazd Bezrobocia","128595","Cargo Kamieniec Ząbkowicki","151049","3:0","3","0","75","60","baza_3_1.csv","3.1|922736"
"164","3.2","922969","2026-03-05 17:00","Palau Blaugrana","CVB Barça","141012","Maliniaczki","131020","0:3","0","3","18","75","baza_3_2.csv","3.2|922969"
"164","3.2","922970","2026-03-05 17:00","Hala Sportowa","Siatka Krzemieniewo","128597","GALACTICOS FC","131018","3:0","3","0","75","35","baza_3_2.csv","3.2|922970"
"164","3.2","922971","2026-03-05 17:00","LZS ARENA","Fiorentina Nakło","130905","Wiejski Klub Kielno","130498","3:0","3","0","75","20","baza_3_2.csv","3.2|922971"
"164","3.2","922972","2026-03-05 17:00","Kaźmierzanka","Plas Kaźmierz","137421","Zegrze Nieporęt","131194","3:1","3","1","99","62","baza_3_2.csv","3.2|922972"
"164","3.2","922973","2026-03-05 17:00","Arena Chłopów","ChlopkiTeam","128606","Huragan Białobrzegi","131065","3:0","3","0","75","20","baza_3_2.csv","3.2|922973"
"164","3.2","922974","2026-03-05 17:00","DZIK ŁÓDŹ ARENA","JTCNW Łódź","131093","VC  Ziębka Team","130503","3:0","3","0","75","54","baza_3_2.csv","3.2|922974"
"164","3.2","922975","2026-03-05 17:00","Urania Olsztyn","ChudyTeam","130535","Nocne Potwory","128803","3:0","3","0","75","52","baza_3_2.csv","3.2|922975"
"164","3.2","922976","2026-03-05 17:00","Grota tajemnic","Czarne plamy","128655","WIPP Thunder","128672","3:0","3","0","75","33","baza_3_2.csv","3.2|922976"
"164","3.3","923209","2026-03-05 17:00","Meduza","KS Zamienie","141062","Phoenix Fire","128687","0:3","0","3","21","75","baza_3_3.csv","3.3|923209"
"164","3.3","923210","2026-03-05 17:00","KOCIOŁ","!STAL NYSA","130728","FC Misieniechce Radom","130676","3:0","3","0","75","22","baza_3_3.csv","3.3|923210"
"164","3.3","923211","2026-03-05 17:00","RG Arena","RG Olsztyn","128652","Kotwica Kołobrzeg","128801","3:0","3","0","75","53","baza_3_3.csv","3.3|923211"
"164","3.3","923212","2026-03-05 17:00","Ale co","Ale co","128694","RINZLER","128627","3:0","3","0","75","38","baza_3_3.csv","3.3|923212"
"164","3.3","923213","2026-03-05 17:00","Mazakowa hala sportowa","Mazaki VC","131006","Zduńska Wola Team","128640","3:0","3","0","75","19","baza_3_3.csv","3.3|923213"
"164","3.3","923214","2026-03-05 17:00","Jeżodrom","Jeżomyszy🦔z Marsa🪐","130972","Drink Team","141020","3:0","3","0","75","8","baza_3_3.csv","3.3|923214"
"164","3.3","923215","2026-03-05 17:00","Urania","Bad Boys Team","128706","NiuniuTeam","137395","3:1","3","1","93","75","baza_3_3.csv","3.3|923215"
"164","3.3","923216","2026-03-05 17:00","Dytto","DragonGAYS Polska","130705","OFIME Targówek","131746","3:0","3","0","75","60","baza_3_3.csv","3.3|923216"
"164","3.4","923449","2026-03-05 17:00","Podpromie","Asseco Resovia","131163","Valiant Boys","130826","0:3","0","3","27","75","baza_3_4.csv","3.4|923449"
"164","3.4","923450","2026-03-05 17:00","toto","toto","128731","Choroszcza Olsztyn","130774","0:3","0","3","9","75","baza_3_4.csv","3.4|923450"
"164","3.4","923451","2026-03-05 17:00","Aqua Baltic Arena","Trefl Gdańsk Pomorze","130509","Potok city","140815","3:0","3","0","75","44","baza_3_4.csv","3.4|923451"
"164","3.4","923452","2026-03-05 17:00","Trefl Arena","Trefl","131199","PIAST Strzelce Opolskie","130555","3:0","3","0","75","43","baza_3_4.csv","3.4|923452"
"164","3.4","923453","2026-03-05 17:00","Ultras1908","eŁKSa1908","130836","KS Świt Baranowo","128589","3:0","3","0","75","41","baza_3_4.csv","3.4|923453"
"164","3.4","923454","2026-03-05 17:00","Cytrynowe Pandemonium","Sycylijskie Cytryniaki","130704","IKS Konstancin - Jeziorna","131223","3:0","3","0","75","17","baza_3_4.csv","3.4|923454"
"164","3.4","923455","2026-03-05 17:00","Los Rakos arena","Los Rakos","137449","SST SPORTUR GMINA ŁAŃCUT","128795","3:0","3","0","75","40","baza_3_4.csv","3.4|923455"
"164","3.4","923456","2026-03-05 17:00","Smocza Jama","Smoczy Gród","131131","Volley Leszczyny","137412","3:0","3","0","75","45","baza_3_4.csv","3.4|923456"
"164","3.5","923689","2026-03-05 17:00","Public Enemies","Kosmiczne Mandarynki","128609","KKS Kaszubia Kościerzyna","128786","0:3","0","3","32","75","baza_3_5.csv","3.5|923689"
"164","3.5","923690","2026-03-05 17:00","MOSiR LIPUSZ","RafaTeam Lipusz","130561","ULTRAS-PL","130527","3:0","3","0","75","26","baza_3_5.csv","3.5|923690"
"164","3.5","923691","2026-03-05 17:00","Halaaa","CAMORRA VC","130516","AKS Śliw@","128584","3:0","3","0","75","34","baza_3_5.csv","3.5|923691"
"164","3.5","923692","2026-03-05 17:00","H69","VC BORDER","128622","Bart Thorn","130726","3:0","3","0","75","43","baza_3_5.csv","3.5|923692"
"164","3.5","923693","2026-03-05 17:00","OPOLE_ARENA","OPOLE","130500","AKS VOLLEY  DOBRA","141110","3:0","3","0","75","34","baza_3_5.csv","3.5|923693"
"164","3.5","923694","2026-03-05 17:00","Ninjutsu Arena 2024","S-Ninjas","130582","Aniołki Toruń","130820","3:0","3","0","75","12","baza_3_5.csv","3.5|923694"
"164","3.5","923695","2026-03-05 17:00","Volley Arena","SKS Iłżanka Baranów","128715","KSW7","140968","3:0","3","0","75","55","baza_3_5.csv","3.5|923695"
"164","3.5","923696","2026-03-05 17:00","Arena Poznań","PGE Skra Poznań","130781","Iskra Krosno","128667","3:2","3","2","110","101","baza_3_5.csv","3.5|923696"
"164","3.6","923929","2026-03-05 17:00","Boisko na polu","Young Team Reaktywacja","140951","Projekt Słomin","128700","0:3","0","3","50","75","baza_3_6.csv","3.6|923929"
"164","3.6","923930","2026-03-05 17:00","Ikjas Arena","Ikjas Toruń","131062","Kudowianka Kudowa-Zdrój","131235","3:0","3","0","75","61","baza_3_6.csv","3.6|923930"
"164","3.6","923931","2026-03-05 17:00","Browar","Browary Hills","130979","Pogoń Żubr","130564","3:0","3","0","75","44","baza_3_6.csv","3.6|923931"
"164","3.6","923932","2026-03-05 17:00","HSW Jastrzębie Zdrój","KS Jastrzębie","130545","SMS Rzeszów","137337","3:0","3","0","75","21","baza_3_6.csv","3.6|923932"
"164","3.6","923933","2026-03-05 17:00","The Others Arena","Black Smoke","137347","Są Gorsi","130693","3:0","3","0","75","29","baza_3_6.csv","3.6|923933"
"164","3.6","923934","2026-03-05 17:00","Olle hall","Victoria Wałbrzych","128774","KS Limanowa","140814","3:0","3","0","75","15","baza_3_6.csv","3.6|923934"
"164","3.6","923935","2026-03-05 17:00","Arena Siemianowice","MKS Siemianowice","128799","Twierdza Teodorówka","130591","3:0","3","0","75","42","baza_3_6.csv","3.6|923935"
"164","3.6","923936","2026-03-05 17:00","Ceremony Place Soreide","Groszowice Soreide","130604","RTS.Strongman Małecz","130601","3:0","3","0","75","44","baza_3_6.csv","3.6|923936"
"164","3.7","924169","2026-03-05 17:00","GROZA","Dąbrowskie Pioruny","140781","Stocznia Gdańsk","130595","0:3","0","3","20","75","baza_3_7.csv","3.7|924169"
"164","3.7","924170","2026-03-05 17:00","Hala Orłów","Orły","137486","Błysk2","131225","0:3","0","3","54","75","baza_3_7.csv","3.7|924170"
"164","3.7","924171","2026-03-05 17:00","Spulchniona Ziemia","Latające Dżdżownice","140796","SDJ Janów","131251","3:0","3","0","75","48","baza_3_7.csv","3.7|924171"
"164","3.7","924172","2026-03-05 17:00","KZN","KZN","131229","FFP Virtual Volley","130573","3:0","3","0","75","26","baza_3_7.csv","3.7|924172"
"164","3.7","924173","2026-03-05 17:00","Hala PP Piotrowo","AZS Politechnika Poznańska","128759","Dyliżans Brzózka","137454","3:0","3","0","75","57","baza_3_7.csv","3.7|924173"
"164","3.7","924174","2026-03-05 17:00","Spodek Viadukt","Volania Jeleninhos","131141","LKS Rotavia Nieporęt","128730","3:1","3","1","98","82","baza_3_7.csv","3.7|924174"
"164","3.7","924175","2026-03-05 17:00","Meteora Arena","Linkin Park United","130617","Ghrum","130784","3:0","3","0","75","58","baza_3_7.csv","3.7|924175"
"164","3.7","924176","2026-03-05 17:00","Reksio Arena","Mighty Bears","130513","BKS Visła Bydgoszcz","131284","3:1","3","1","97","91","baza_3_7.csv","3.7|924176"
"164","3.8","924409","2026-03-05 17:00","HALA CENTRUM","MKS Dąbrowa Górnicza","128800","Stilon Gorzów","130891","0:3","0","3","26","75","baza_3_8.csv","3.8|924409"
"164","3.8","924410","2026-03-05 17:00","Arena Toruń","Anioły Toruń","130514","ZAKSA ŚWINOUJŚCIE","130896","3:2","3","2","112","101","baza_3_8.csv","3.8|924410"
"164","3.8","924411","2026-03-05 17:00","Rock Arena","Rockers Wrocław","128605","Fc Albatros","131276","3:0","3","0","75","46","baza_3_8.csv","3.8|924411"
"164","3.8","924412","2026-03-05 17:00","Na Hasioku","Jang Tim","128677","Dallas Mavericks","128666","3:0","3","0","75","55","baza_3_8.csv","3.8|924412"
"164","3.8","924413","2026-03-05 17:00","Hala Energia","PGE GIEK Skra Bełchatów","130721","AZS PRIME Olsztyn","137361","3:0","3","0","75","30","baza_3_8.csv","3.8|924413"
"164","3.8","924414","2026-03-05 17:00","Tylmanowa Arena","Aptekarz Tylmanowa","128720","KndSynu Cios","137411","3:1","3","1","98","68","baza_3_8.csv","3.8|924414"
"164","3.8","924415","2026-03-05 17:00","Kolonia Arena","Volley Królewscy Jedlnia","130524","Fc Kiciusie","140744","3:0","3","0","75","21","baza_3_8.csv","3.8|924415"
"164","3.8","924416","2026-03-05 17:00","Fabryczna Union Arena","Budowlani Łódź","128736","Przebój Wolbrom","130621","3:0","3","0","79","55","baza_3_8.csv","3.8|924416"
"164","3.9","924649","2026-03-05 17:00","SGS Arena","SGS Goleniów","137350","Volley Team Piotrków Tryb.","128724","3:0","3","0","75","53","baza_3_9.csv","3.9|924649"
"164","3.9","924650","2026-03-05 17:00","Hall of Glory","Galaxia Kwielice","130973","GSY","130525","3:0","3","0","75","57","baza_3_9.csv","3.9|924650"
"164","3.9","924651","2026-03-05 17:00","OSiR Golub-Dobrzyń","Zamek Golub-Dobrzyń","131227","Flying Spiders","140867","3:0","3","0","75","14","baza_3_9.csv","3.9|924651"
"164","3.9","924652","2026-03-05 17:00","OSiR","Zaksa Mszczonów","130593","Czarni Piasek","128752","3:0","3","0","75","48","baza_3_9.csv","3.9|924652"
"164","3.9","924653","2026-03-05 17:00","HalaAT","ActiVeTeam","128702","Jagiellonia Białystok","140856","3:0","3","0","75","17","baza_3_9.csv","3.9|924653"
"164","3.9","924654","2026-03-05 17:00","VST Hala Sportowa","Volleyball Szubin Team","128579","SBX TEAM","140751","3:0","3","0","75","45","baza_3_9.csv","3.9|924654"
"164","3.9","924655","2026-03-05 17:00","Volley Citadel","Spartans Volley","130930","Sardegna Volley","137467","3:0","3","0","75","40","baza_3_9.csv","3.9|924655"
"164","3.9","924656","2026-03-05 17:00","XYZ","ZYX","131059","Joga Bonito","137493","3:2","3","2","99","93","baza_3_9.csv","3.9|924656"
"164","3.10","924889","2026-03-05 17:00","Hala Urania","Indykpol AZS Olsztyn","128620","JednakGramy","128768","0:3","0","3","48","75","baza_3_10.csv","3.10|924889"
"164","3.10","924890","2026-03-05 17:00","Fire Ball Arena","Hot Volley Nysa","128630","KK271","141054","3:0","3","0","75","29","baza_3_10.csv","3.10|924890"
"164","3.10","924891","2026-03-05 17:00","Osir","Pancio","128750","UKS BŁYSKAWICA ŁOWICZ","130699","3:1","3","1","99","80","baza_3_10.csv","3.10|924891"
"164","3.10","924892","2026-03-05 17:00","Arena Baranów","KS Strużanka Baranów","130994","BBTS Bielsko-Biała","137383","3:0","3","0","75","51","baza_3_10.csv","3.10|924892"
"164","3.10","924893","2026-03-05 17:00","Hala sportowa w Paterku ul. Kcyńska 6A","TKS Jelenie Studzienki","130939","Tigers","128634","3:0","3","0","75","16","baza_3_10.csv","3.10|924893"
"164","3.10","924894","2026-03-05 17:00","Crucible","Bydgoszcz Baki","128616","TSW Wisła Kraków","151056","3:0","3","0","75","41","baza_3_10.csv","3.10|924894"
"164","3.10","924895","2026-03-05 17:00","Stadion Złotych Orłów","Złote Orły","131740","Kopernik Toruń","130739","3:0","3","0","75","54","baza_3_10.csv","3.10|924895"
"164","3.10","924896","2026-03-05 17:00","Wataha","Polish Wolves","131258","GPT Mysłowice","128747","3:0","3","0","75","37","baza_3_10.csv","3.10|924896"
"164","3.11","925129","2026-03-05 17:00","Hala Orzełek","Orzełki Team","137444","Kolorowe Rumaki","131164","0:3","0","3","18","75","baza_3_11.csv","3.11|925129"
"164","3.11","925130","2026-03-05 17:00","Kasztan","Kasztaniaki","131735","KS Crusaders","137439","3:0","3","0","75","39","baza_3_11.csv","3.11|925130"
"164","3.11","925131","2026-03-05 17:00","Arena Wieluń","Seniorzy Wieluń","130519","FC Łosarnia Tujsk","140910","3:0","3","0","75","29","baza_3_11.csv","3.11|925131"
"164","3.11","925132","2026-03-05 17:00","PauPau Arena","PauPau","140825","Gwoździe","140812","3:0","3","0","75","27","baza_3_11.csv","3.11|925132"
"164","3.11","925133","2026-03-05 17:00","Pogoń Arena","Pogoń Portowcy","131768","NIELOTY GDAŃSK","130946","3:0","3","0","75","19","baza_3_11.csv","3.11|925133"
"164","3.11","925134","2026-03-05 17:00","Brute Force Arena","Brute Force","130978","Enea PTPS Piła","128646","3:0","3","0","75","26","baza_3_11.csv","3.11|925134"
"164","3.11","925135","2026-03-05 17:00","Hala Chrupnięcia","AKS Andrut Kalisz 🧇","128789","Team WWW","131066","3:1","3","1","96","84","baza_3_11.csv","3.11|925135"
"164","3.11","925136","2026-03-05 17:00","Upadła Arena","Latające Imadła","131022","ScorpioN","128617","3:0","3","0","75","62","baza_3_11.csv","3.11|925136"
"164","3.12","925369","2026-03-05 17:00","Immobile Kowary","Olimpia Kowary","137420","🌳Leśne Ludki🌳","131712","0:3","0","3","21","75","baza_3_12.csv","3.12|925369"
"164","3.12","925370","2026-03-05 17:00","Masuria Palace","ARM Volley","137419","Warta Zawiercie","130562","3:0","3","0","77","56","baza_3_12.csv","3.12|925370"
"164","3.12","925371","2026-03-05 17:00","Sparta","300-stuSpartan","137376","Aciu Team","131157","3:0","3","0","75","13","baza_3_12.csv","3.12|925371"
"164","3.12","925372","2026-03-05 17:00","Losir Luboń","Acapulco Stalion","128733","Lube Rzeszów","130863","3:0","3","0","75","34","baza_3_12.csv","3.12|925372"
"164","3.12","925373","2026-03-05 17:00","Bagno","The Ops","131290","Braniewo Volley","141119","3:0","3","0","75","32","baza_3_12.csv","3.12|925373"
"164","3.12","925374","2026-03-05 17:00","Hala Urania of City Olsztyn","Zawisza Olsztyn","128659","Anię dopadła grypa","140870","3:0","3","0","75","19","baza_3_12.csv","3.12|925374"
"164","3.12","925375","2026-03-05 17:00","Lesko Arena","Volley Master","130507","Yu-Gi-Oh!","131717","3:0","3","0","75","44","baza_3_12.csv","3.12|925375"
"164","3.12","925376","2026-03-05 17:00","Ipsarion","Ipsarion","140952","KS Konarzewo","137342","1:3","1","3","72","97","baza_3_12.csv","3.12|925376"
"164","3.13","925609","2026-03-05 17:00","Hala Cześniosko","LKS  ASERTO Trześń","131723","PolskieOrły","128769","0:3","0","3","25","75","baza_3_13.csv","3.13|925609"
"164","3.13","925610","2026-03-05 17:00","Szmulki","Szmulki","140963","Unia Leszno","131196","0:3","0","3","23","75","baza_3_13.csv","3.13|925610"
"164","3.13","925611","2026-03-05 17:00","Szczoty","Spartakus Radom","131248","Trentino Młodzieszyn","128599","3:0","3","0","75","15","baza_3_13.csv","3.13|925611"
"164","3.13","925612","2026-03-05 17:00","Rat Arena","🐀Ratty Rattas🐀","128707","TwentyFive.pl","130518","3:0","3","0","75","50","baza_3_13.csv","3.13|925612"
"164","3.13","925613","2026-03-05 17:00","TUR TUREK KOCIOŁ SILNIK PODKRĘCONY TEJ","☣️ MY TU TEGO BAGNO 💩💩    🔝","130911","Sędziowie Bydgoszcz","140960","3:0","3","0","75","21","baza_3_13.csv","3.13|925613"
"164","3.13","925614","2026-03-05 17:00","Progress Arena","ProgressTeam","128806","Red Devils","128725","3:0","3","0","75","39","baza_3_13.csv","3.13|925614"
"164","3.13","925615","2026-03-05 17:00","Im. Św. Qbiniego","Aleleble","128628","MKS ŁĘCZYCA","128741","3:1","3","1","100","70","baza_3_13.csv","3.13|925615"
"164","3.13","925616","2026-03-05 17:00","Valhalla","Brave Vikings","131709","Raven","140853","3:0","3","0","75","39","baza_3_13.csv","3.13|925616"
"164","3.14","925849","2026-03-05 17:00","Hala Grabów Stadium","KS GRABÓW","130543","III Piastowskie","130858","3:0","3","0","75","64","baza_3_14.csv","3.14|925849"
"164","3.14","925850","2026-03-05 17:00","Kubikownia","Kubiki","130510","BT ENERGIA","137456","3:0","3","0","75","35","baza_3_14.csv","3.14|925850"
"164","3.14","925851","2026-03-05 17:00","Shtosee Sky arena","Shtosee volley team","128680","NTS NAKŁO NAD NOTECIĄ","128729","3:0","3","0","75","52","baza_3_14.csv","3.14|925851"
"164","3.14","925852","2026-03-05 17:00","pONczek Arena","pONczek Team","130540","Skra Trzemeszno","131217","3:0","3","0","75","60","baza_3_14.csv","3.14|925852"
"164","3.14","925853","2026-03-05 17:00","Lions Stadium","Lajony Kingzz","131747","Kanzas Foxx","137481","3:0","3","0","75","25","baza_3_14.csv","3.14|925853"
"164","3.14","925854","2026-03-05 17:00","Old Trafford","KS Brzeziny","128710","Zryw","141102","3:0","3","0","75","48","baza_3_14.csv","3.14|925854"
"164","3.14","925855","2026-03-05 17:00","Bebzol","Arbuzy i Kebaby","130611","Farciarze FC","128734","3:0","3","0","76","59","baza_3_14.csv","3.14|925855"
"164","3.14","925856","2026-03-05 17:00","Hit Dome","Hit Happens","131734","Mierzwicanka Mierzwice","130539","3:2","3","2","109","88","baza_3_14.csv","3.14|925856"
"164","3.15","926089","2026-03-05 17:00","Misiakowo","Gumi-Misie","131244","G.T.S. Unia Choceń","128749","0:3","0","3","45","75","baza_3_15.csv","3.15|926089"
"164","3.15","926090","2026-03-05 17:00","Hala Sportowa Okalew","KS Okalew","131073","Fenix Siennica","130586","3:0","3","0","75","41","baza_3_15.csv","3.15|926090"
"164","3.15","926091","2026-03-05 17:00","MakosHall","Makosiki","128780","LTS Feniks Leżajsk","141106","3:0","3","0","75","16","baza_3_15.csv","3.15|926091"
"164","3.15","926092","2026-03-05 17:00","JaqbArena","JaqbTeam","128695","AZT Tytan Czestochowa","128743","3:0","3","0","75","56","baza_3_15.csv","3.15|926092"
"164","3.15","926093","2026-03-05 17:00","MotoArena","FC Świętopełka 🔥","128802","Wierzeje","141108","3:0","3","0","75","24","baza_3_15.csv","3.15|926093"
"164","3.15","926094","2026-03-05 17:00","Kabako Arena","Finlandia Opole Lubelskie","130910","Ks Kedzierzyn","128713","3:0","3","0","75","12","baza_3_15.csv","3.15|926094"
"164","3.15","926095","2026-03-05 17:00","Dobrzynianka","Victoria Dobra","131261","Śląskie Burrito","131722","3:0","3","0","75","47","baza_3_15.csv","3.15|926095"
"164","3.15","926096","2026-03-05 17:00","Estadio zulito","Lech Sulechów","128625","W124","137366","3:1","3","1","96","71","baza_3_15.csv","3.15|926096"
"164","3.16","926329","2026-03-05 17:00","San","Juve","131236","Blackburn Toruń","128601","0:3","0","3","35","75","baza_3_16.csv","3.16|926329"
"164","3.16","926330","2026-03-05 17:00","HalaGT","GizoTeam","128693","🪿⎛⎝( ` ᢍ ´ )⎠⎞ᵐᵘʰᵃʰᵃ🦇","131021","3:0","3","0","77","58","baza_3_16.csv","3.16|926330"
"164","3.16","926331","2026-03-05 17:00","poezyje","sanah","131179","Die Freie Stadt Danzig","130661","3:0","3","0","75","32","baza_3_16.csv","3.16|926331"
"164","3.16","926332","2026-03-05 17:00","Camp Nou","Lance Armstrong","131718","Zadar Głuchołazy","128664","3:0","3","0","75","35","baza_3_16.csv","3.16|926332"
"164","3.16","926333","2026-03-05 17:00","DONUT","V-DRIFTERS","131254","PKS Choszczno","140884","3:0","3","0","75","44","baza_3_16.csv","3.16|926333"
"164","3.16","926334","2026-03-05 17:00","Arena wilków","Złote Wilki","128790","Gryf Policzna","140747","1:3","1","3","68","98","baza_3_16.csv","3.16|926334"
"164","3.16","926335","2026-03-05 17:00","ZNhala","Znienacka team","130933","La Vida Loca","131011","3:0","3","0","75","19","baza_3_16.csv","3.16|926335"
"164","3.16","926336","2026-03-05 17:00","Arena Łódź Podwodna","AquaSharks","128771","PGJ Azoty","130845","3:0","3","0","75","39","baza_3_16.csv","3.16|926336"
"164","1.1","921521","2026-03-03 19:00","Dano Arena!","Dano Dream Team","130607","AKS Volley Łódź","131002","3:1","3","1","103","90","baza_1_1.csv","1.1|921521"
"164","1.1","921522","2026-03-03 19:00","Mordor","Kuźnia Byków","130744","VC Kittens","128580","1:3","1","3","81","97","baza_1_1.csv","1.1|921522"
"164","1.1","921523","2026-03-03 19:00","The Orchid","DHARMA Initiative","128577","Smerfy","128764","3:1","3","1","95","62","baza_1_1.csv","1.1|921523"
"164","1.1","921524","2026-03-03 19:00","Hala Widowiskowo-Sportowa \""AZOTY\""","ZAKSA Bochotnica","128722","Carplife 🇵🇱","130954","3:2","3","2","105","101","baza_1_1.csv","1.1|921524"
"164","1.1","921525","2026-03-03 19:00","SMA","Incognito Volley","128619","Pilica Koniecpol","130885","3:1","3","1","94","77","baza_1_1.csv","1.1|921525"
"164","1.1","921526","2026-03-03 19:00","Hala Polonia","Go Tigers","128631","Dzikie Rumaxy","128638","0:3","0","3","58","75","baza_1_1.csv","1.1|921526"
"164","1.1","921527","2026-03-03 19:00","Ergo Małomice","Penguin Małomice","128781","Tsunami Rzeplin","128717","2:3","2","3","101","102","baza_1_1.csv","1.1|921527"
"164","1.1","921528","2026-03-03 19:00","Arena W-W","Wratislawia Wrocław","128772","Volleyball Team Zduńska Wola","128603","1:3","1","3","68","95","baza_1_1.csv","1.1|921528"
"164","2.1","921761","2026-03-03 19:00","Krzywuchowe Moczary","Velen Volleyball Club","128684","Smerfy z Rivii ⚔️⚔️🛡️","130934","3:2","3","2","104","103","baza_2_1.csv","2.1|921761"
"164","2.1","921762","2026-03-03 19:00","Mleczne Arena","Sprzeda Mecz","128663","Miesiany Miesiany","128676","3:2","3","2","97","102","baza_2_1.csv","2.1|921762"
"164","2.1","921763","2026-03-03 19:00","Silver Hall","Silver Arsenal","130505","Najlepsi z Najlepszych","130520","0:3","0","3","44","75","baza_2_1.csv","2.1|921763"
"164","2.1","921764","2026-03-03 19:00","Parkhead","Celtic VC","128735","LukTeam","131134","0:3","0","3","58","81","baza_2_1.csv","2.1|921764"
"164","2.1","921765","2026-03-03 19:00","CYTRYNIEC","CYTRYNIEC CHIŃSKI","130809","Saracens","128615","0:3","0","3","39","75","baza_2_1.csv","2.1|921765"
"164","2.1","921766","2026-03-03 19:00","Pogro Arena","Pogromcy Gdańsk","131205","CF Mleczne Olsztyn","128668","1:3","1","3","75","94","baza_2_1.csv","2.1|921766"
"164","2.1","921767","2026-03-03 19:00","Janów hall","Błyskawica Janów","131242","Young Team","128708","0:3","0","3","54","75","baza_2_1.csv","2.1|921767"
"164","2.1","921768","2026-03-03 19:00","Hala 134","Libero Gorzków","128703","Hydra VT Gdańsk","128612","0:3","0","3","59","75","baza_2_1.csv","2.1|921768"
"164","2.2","922001","2026-03-03 19:00","Blok Centralny","Zakład Karny w Strzelinie","128751","MAKDOM","128660","3:1","3","1","94","90","baza_2_2.csv","2.2|922001"
"164","2.2","922002","2026-03-03 19:00","Chausseestrasse arena","Rutz","130854","Czorty Chorzów","130959","3:1","3","1","95","87","baza_2_2.csv","2.2|922002"
"164","2.2","922003","2026-03-03 19:00","Mroczna Arena","👽Strażnicy Cienia👽","128711","UKS Olimp Ostrołęka","128604","0:3","0","3","45","75","baza_2_2.csv","2.2|922003"
"164","2.2","922004","2026-03-03 19:00","Wild Hall","Thorn Lynxes","131219","SiatkarskiePodlasie.pl","130565","0:3","0","3","52","75","baza_2_2.csv","2.2|922004"
"164","2.2","922005","2026-03-03 19:00","Hala im. Pawła Kozioła","Ranczo Wilkowyje","130915","CSKA Mielec","128613","3:2","3","2","111","109","baza_2_2.csv","2.2|922005"
"164","2.2","922006","2026-03-03 19:00","Millennium Arena","Millennium Siemianowice","130955","RKS","128588","3:1","3","1","94","79","baza_2_2.csv","2.2|922006"
"164","2.2","922007","2026-03-03 19:00","Piasterdam Stadium","AJAX PIASTY","130797","Silver Sharks Lublin 🦈","128674","0:3","0","3","64","75","baza_2_2.csv","2.2|922007"
"164","2.2","922008","2026-03-03 19:00","Zimorodek","Nosmeisy","128686","Bydgoszcz Spartans","128726","3:1","3","1","96","83","baza_2_2.csv","2.2|922008"
"164","2.3","922241","2026-03-03 19:00","Ragnarok","Vikings","128756","Budowlani Nysa","130574","3:1","3","1","100","86","baza_2_3.csv","2.3|922241"
"164","2.3","922242","2026-03-03 19:00","Ver","Vernixo","128679","KS Budowlani Kołacin 👷🏻","128629","3:2","3","2","104","104","baza_2_3.csv","2.3|922242"
"164","2.3","922243","2026-03-03 19:00","Zoo","Wściekłe Tygrysy","128782","Karasuno","128635","0:3","0","3","42","75","baza_2_3.csv","2.3|922243"
"164","2.3","922244","2026-03-03 19:00","Radomskie Centrum Sportu","RCS Czarni Radom","128600","Bolek i lolek 🤙","128586","3:1","3","1","93","93","baza_2_3.csv","2.3|922244"
"164","2.3","922245","2026-03-03 19:00","Torwar","Projekt Warszawa","128614","🦣 KS MAMUTY 🦣","130549","1:3","1","3","78","97","baza_2_3.csv","2.3|922245"
"164","2.3","922246","2026-03-03 19:00","Hala Orbita","EnergiaPro Gwardia Wrocław","130757","KKS Gryf Lębork","128809","3:2","3","2","105","93","baza_2_3.csv","2.3|922246"
"164","2.3","922247","2026-03-03 19:00","Hala Sportowa w Zabrzu","Zabrzański Górnik","128816","Polonia Bytom","130871","0:3","0","3","25","75","baza_2_3.csv","2.3|922247"
"164","2.3","922248","2026-03-03 19:00","Karakanówka","Skoczne Karakany","130767","Stara Gwardia Nakło ⚔️","128688","3:0","3","0","75","56","baza_2_3.csv","2.3|922248"
"164","2.4","922481","2026-03-03 19:00","In the middle of nowhere","Unknown Team","128636","Bystra Bochotnica","128657","3:1","3","1","94","83","baza_2_4.csv","2.4|922481"
"164","2.4","922482","2026-03-03 19:00","Może zagram","Fc MiSieNieChce","130908","TEXańska Masakra Piłą Ręczną","131293","0:3","0","3","37","75","baza_2_4.csv","2.4|922482"
"164","2.4","922483","2026-03-03 19:00","Aviator arena","BH STAL MIELEC","130769","kiczan team zduńska wola","128596","0:3","0","3","44","75","baza_2_4.csv","2.4|922483"
"164","2.4","922484","2026-03-03 19:00","Torwar","Vamos","128714","massive dongs","128592","0:3","0","3","51","75","baza_2_4.csv","2.4|922484"
"164","2.4","922485","2026-03-03 19:00","Sportur Astro","Sivass-Pol De Mare","128794","Ohana Gliwice","130945","0:3","0","3","54","75","baza_2_4.csv","2.4|922485"
"164","2.4","922486","2026-03-03 19:00","Olimp  Arena","Pioruny  i Grzmoty","130966","BKS Białystok","128644","3:2","3","2","99","97","baza_2_4.csv","2.4|922486"
"164","2.4","922487","2026-03-03 19:00","Kentucky Coffee Roasters Arena","KS Kawoholicy","131724","Alpha","131086","0:3","0","3","50","75","baza_2_4.csv","2.4|922487"
"164","2.4","922488","2026-03-03 19:00","QUEERTISONEK","QUEERTISONEK TEAM","131147","Turbo Śpiochy","128578","3:0","3","0","75","64","baza_2_4.csv","2.4|922488"
"164","3.1","922721","2026-03-03 17:00","Letalnica","Team Spiryt Chorzów","130958","Korporacja Gwiazd Bezrobocia","128595","3:1","3","1","98","89","baza_3_1.csv","3.1|922721"
"164","3.1","922722","2026-03-03 17:00","Kamienieckie Doły","Cargo Kamieniec Ząbkowicki","151049","TaUrsy","130537","3:0","3","0","75","5","baza_3_1.csv","3.1|922722"
"164","3.1","922723","2026-03-03 17:00","SRS Bernabeu","SRS Katarina","137403","⭐ Nati ⭐ 1995 ⭐  ∞  ⭐","130585","1:3","1","3","77","99","baza_3_1.csv","3.1|922723"
"164","3.1","922724","2026-03-03 17:00","Ownz Ya! :: Arena","Team :: Ownz Ya!","130572","Bochotnica Celtics","128639","0:3","0","3","16","75","baza_3_1.csv","3.1|922724"
"164","3.1","922725","2026-03-03 17:00","Hala Azoty","Zaksa Kędzierzyn - Koźle","131200","PGE Bubisie Bździochy","130773","0:3","0","3","20","75","baza_3_1.csv","3.1|922725"
"164","3.1","922726","2026-03-03 17:00","Gniazdo","Orzeł Grzędzice","128728","Cicely","128704","0:3","0","3","40","75","baza_3_1.csv","3.1|922726"
"164","3.1","922727","2026-03-03 17:00","Volley Arena","Vollley Rybnik","137468","Avengers","130920","0:3","0","3","37","75","baza_3_1.csv","3.1|922727"
"164","3.1","922728","2026-03-03 17:00","Rohan","Drużyna Pierścienia","141064","Renifers","128675","0:3","0","3","43","75","baza_3_1.csv","3.1|922728"
"164","3.2","922961","2026-03-03 17:00","Malinowe marzenie","Maliniaczki","131020","Czarne plamy","128655","2:3","2","3","108","108","baza_3_2.csv","3.2|922961"
"164","3.2","922962","2026-03-03 17:00","Storm","WIPP Thunder","128672","ChudyTeam","130535","0:3","0","3","44","75","baza_3_2.csv","3.2|922962"
"164","3.2","922963","2026-03-03 17:00","Wylęgarnia Potworów","Nocne Potwory","128803","JTCNW Łódź","131093","3:2","3","2","105","105","baza_3_2.csv","3.2|922963"
"164","3.2","922964","2026-03-03 17:00","Stodoła 97","VC  Ziębka Team","130503","ChlopkiTeam","128606","2:3","2","3","101","109","baza_3_2.csv","3.2|922964"
"164","3.2","922965","2026-03-03 17:00","PB Arena","Huragan Białobrzegi","131065","Plas Kaźmierz","137421","0:3","0","3","21","75","baza_3_2.csv","3.2|922965"
"164","3.2","922966","2026-03-03 17:00","Lake Arena","Zegrze Nieporęt","131194","Fiorentina Nakło","130905","1:3","1","3","84","93","baza_3_2.csv","3.2|922966"
"164","3.2","922967","2026-03-03 17:00","WKS Kielno Arena","Wiejski Klub Kielno","130498","Siatka Krzemieniewo","128597","0:3","0","3","20","75","baza_3_2.csv","3.2|922967"
"164","3.2","922968","2026-03-03 17:00","ARENA KENTUCKY","GALACTICOS FC","131018","CVB Barça","141012","3:0","3","0","75","56","baza_3_2.csv","3.2|922968"
"164","3.3","923201","2026-03-03 17:00","Phoenix Scene","Phoenix Fire","128687","DragonGAYS Polska","130705","3:0","3","0","75","58","baza_3_3.csv","3.3|923201"
"164","3.3","923202","2026-03-03 17:00","NWWALC Stadium","OFIME Targówek","131746","Bad Boys Team","128706","0:3","0","3","57","75","baza_3_3.csv","3.3|923202"
"164","3.3","923203","2026-03-03 17:00","NiuniuCamp","NiuniuTeam","137395","Jeżomyszy🦔z Marsa🪐","130972","0:3","0","3","30","75","baza_3_3.csv","3.3|923203"
"164","3.3","923204","2026-03-03 17:00","Drink Arena","Drink Team","141020","Mazaki VC","131006","0:3","0","3","21","75","baza_3_3.csv","3.3|923204"
"164","3.3","923205","2026-03-03 17:00","Wimbledon","Zduńska Wola Team","128640","Ale co","128694","0:3","0","3","27","75","baza_3_3.csv","3.3|923205"
"164","3.3","923206","2026-03-03 17:00","RINLZER ARENA","RINZLER","128627","RG Olsztyn","128652","0:3","0","3","68","76","baza_3_3.csv","3.3|923206"
"164","3.3","923207","2026-03-03 17:00","Milenium MOSIR","Kotwica Kołobrzeg","128801","!STAL NYSA","130728","3:2","3","2","105","94","baza_3_3.csv","3.3|923207"
"164","3.3","923208","2026-03-03 17:00","Misieniechce Radom Arena","FC Misieniechce Radom","130676","KS Zamienie","141062","0:3","0","3","53","75","baza_3_3.csv","3.3|923208"
"164","3.4","923441","2026-03-03 17:00","Valiant Boys","Valiant Boys","130826","Smoczy Gród","131131","1:3","1","3","65","97","baza_3_4.csv","3.4|923441"
"164","3.4","923442","2026-03-03 17:00","Leszczyny arena","Volley Leszczyny","137412","Los Rakos","137449","0:3","0","3","44","75","baza_3_4.csv","3.4|923442"
"164","3.4","923443","2026-03-03 17:00","Arena Albigowa","SST SPORTUR GMINA ŁAŃCUT","128795","Sycylijskie Cytryniaki","130704","0:3","0","3","46","75","baza_3_4.csv","3.4|923443"
"164","3.4","923444","2026-03-03 17:00","GOKSiR Konstancin","IKS Konstancin - Jeziorna","131223","eŁKSa1908","130836","0:3","0","3","26","75","baza_3_4.csv","3.4|923444"
"164","3.4","923445","2026-03-03 17:00","Niepodległości 11","KS Świt Baranowo","128589","Trefl","131199","0:3","0","3","52","76","baza_3_4.csv","3.4|923445"
"164","3.4","923446","2026-03-03 17:00","Strzelce Opolskie Arena","PIAST Strzelce Opolskie","130555","Trefl Gdańsk Pomorze","130509","0:3","0","3","41","75","baza_3_4.csv","3.4|923446"
"164","3.4","923447","2026-03-03 17:00","Pod niebem u Henia","Potok city","140815","toto","128731","3:0","3","0","75","17","baza_3_4.csv","3.4|923447"
"164","3.4","923448","2026-03-03 17:00","Urania","Choroszcza Olsztyn","130774","Asseco Resovia","131163","3:0","3","0","75","31","baza_3_4.csv","3.4|923448"
"164","3.5","923681","2026-03-03 17:00","Baltic Arena","KKS Kaszubia Kościerzyna","128786","PGE Skra Poznań","130781","3:0","3","0","75","51","baza_3_5.csv","3.5|923681"
"164","3.5","923682","2026-03-03 17:00","Arena Krosno","Iskra Krosno","128667","SKS Iłżanka Baranów","128715","3:1","3","1","98","85","baza_3_5.csv","3.5|923682"
"164","3.5","923683","2026-03-03 17:00","KSW ARENA","KSW7","140968","S-Ninjas","130582","0:3","0","3","42","75","baza_3_5.csv","3.5|923683"
"164","3.5","923684","2026-03-03 17:00","Dwa słupki i sznurek azt","Aniołki Toruń","130820","OPOLE","130500","0:3","0","3","22","75","baza_3_5.csv","3.5|923684"
"164","3.5","923685","2026-03-03 17:00","Hala Dobra","AKS VOLLEY  DOBRA","141110","VC BORDER","128622","0:3","0","3","28","75","baza_3_5.csv","3.5|923685"
"164","3.5","923686","2026-03-03 17:00","Thorn Hall","Bart Thorn","130726","CAMORRA VC","130516","0:3","0","3","30","75","baza_3_5.csv","3.5|923686"
"164","3.5","923687","2026-03-03 17:00","Hala Sportowa AKS","AKS Śliw@","128584","RafaTeam Lipusz","130561","0:3","0","3","49","76","baza_3_5.csv","3.5|923687"
"164","3.5","923688","2026-03-03 17:00","ULTRAS ARENA","ULTRAS-PL","130527","Kosmiczne Mandarynki","128609","0:3","0","3","30","75","baza_3_5.csv","3.5|923688"
"164","3.6","923921","2026-03-03 17:00","Słomin centre","Projekt Słomin","128700","Groszowice Soreide","130604","0:3","0","3","64","75","baza_3_6.csv","3.6|923921"
"164","3.6","923922","2026-03-03 17:00","Strongman Arena","RTS.Strongman Małecz","130601","MKS Siemianowice","128799","0:3","0","3","41","75","baza_3_6.csv","3.6|923922"
"164","3.6","923923","2026-03-03 17:00","Arena Twierdza","Twierdza Teodorówka","130591","Victoria Wałbrzych","128774","1:3","1","3","69","93","baza_3_6.csv","3.6|923923"
"164","3.6","923924","2026-03-03 17:00","Hala Limanowa","KS Limanowa","140814","Black Smoke","137347","0:3","0","3","13","75","baza_3_6.csv","3.6|923924"
"164","3.6","923925","2026-03-03 17:00","Są gorsze areny","Są Gorsi","130693","KS Jastrzębie","130545","0:3","0","3","27","75","baza_3_6.csv","3.6|923925"
"164","3.6","923926","2026-03-03 17:00","Podpromie","SMS Rzeszów","137337","Browary Hills","130979","0:3","0","3","19","75","baza_3_6.csv","3.6|923926"
"164","3.6","923927","2026-03-03 17:00","Puszcza","Pogoń Żubr","130564","Ikjas Toruń","131062","1:3","1","3","73","98","baza_3_6.csv","3.6|923927"
"164","3.6","923928","2026-03-03 17:00","KCKiS","Kudowianka Kudowa-Zdrój","131235","Young Team Reaktywacja","140951","3:2","3","2","105","88","baza_3_6.csv","3.6|923928"
"164","3.7","924161","2026-03-03 17:00","San Siro","Stocznia Gdańsk","130595","Mighty Bears","130513","3:2","3","2","99","96","baza_3_7.csv","3.7|924161"
"164","3.7","924162","2026-03-03 17:00","Immobile Łuczniczka","BKS Visła Bydgoszcz","131284","Linkin Park United","130617","3:1","3","1","96","77","baza_3_7.csv","3.7|924162"
"164","3.7","924163","2026-03-03 17:00","Haba","Ghrum","130784","Volania Jeleninhos","131141","3:0","3","0","75","64","baza_3_7.csv","3.7|924163"
"164","3.7","924164","2026-03-03 17:00","Rotavia Arena","LKS Rotavia Nieporęt","128730","AZS Politechnika Poznańska","128759","1:3","1","3","83","95","baza_3_7.csv","3.7|924164"
"164","3.7","924165","2026-03-03 17:00","Estadio de Brzózka","Dyliżans Brzózka","137454","KZN","131229","3:0","3","0","75","46","baza_3_7.csv","3.7|924165"
"164","3.7","924166","2026-03-03 17:00","FFP Arena","FFP Virtual Volley","130573","Latające Dżdżownice","140796","0:3","0","3","19","75","baza_3_7.csv","3.7|924166"
"164","3.7","924167","2026-03-03 17:00","Janów Darbaz","SDJ Janów","131251","Orły","137486","0:3","0","3","47","75","baza_3_7.csv","3.7|924167"
"164","3.7","924168","2026-03-03 17:00","Arena Wielkoludów","Błysk2","131225","Dąbrowskie Pioruny","140781","3:0","3","0","75","7","baza_3_7.csv","3.7|924168"
"164","3.8","924401","2026-03-03 17:00","Stilon Arena","Stilon Gorzów","130891","Budowlani Łódź","128736","1:3","1","3","84","91","baza_3_8.csv","3.8|924401"
"164","3.8","924402","2026-03-03 17:00","Hell","Przebój Wolbrom","130621","Volley Królewscy Jedlnia","130524","2:3","2","3","87","106","baza_3_8.csv","3.8|924402"
"164","3.8","924403","2026-03-03 17:00","Kiciniowo","Fc Kiciusie","140744","Aptekarz Tylmanowa","128720","0:3","0","3","42","75","baza_3_8.csv","3.8|924403"
"164","3.8","924404","2026-03-03 17:00","KND Arena","KndSynu Cios","137411","PGE GIEK Skra Bełchatów","130721","0:3","0","3","36","75","baza_3_8.csv","3.8|924404"
"164","3.8","924405","2026-03-03 17:00","Hala Urania","AZS PRIME Olsztyn","137361","Jang Tim","128677","0:3","0","3","41","75","baza_3_8.csv","3.8|924405"
"164","3.8","924406","2026-03-03 17:00","Américain Airlines Center","Dallas Mavericks","128666","Rockers Wrocław","128605","0:3","0","3","15","75","baza_3_8.csv","3.8|924406"
"164","3.8","924407","2026-03-03 17:00","Fc","Fc Albatros","131276","Anioły Toruń","130514","1:3","1","3","83","83","baza_3_8.csv","3.8|924407"
"164","3.8","924408","2026-03-03 17:00","zAKSA ARENA","ZAKSA ŚWINOUJŚCIE","130896","MKS Dąbrowa Górnicza","128800","0:3","0","3","57","76","baza_3_8.csv","3.8|924408"
"164","3.9","924641","2026-03-03 17:00","Hala Relax","Volley Team Piotrków Tryb.","128724","ZYX","131059","0:3","0","3","42","75","baza_3_9.csv","3.9|924641"
"164","3.9","924642","2026-03-03 17:00","Bonito Arena","Joga Bonito","137493","Spartans Volley","130930","0:3","0","3","48","75","baza_3_9.csv","3.9|924642"
"164","3.9","924643","2026-03-03 17:00","Sardegna Hall","Sardegna Volley","137467","Volleyball Szubin Team","128579","0:3","0","3","44","75","baza_3_9.csv","3.9|924643"
"164","3.9","924644","2026-03-03 17:00","Hala Brzeziny","SBX TEAM","140751","ActiVeTeam","128702","0:3","0","3","43","75","baza_3_9.csv","3.9|924644"
"164","3.9","924645","2026-03-03 17:00","Jaga","Jagiellonia Białystok","140856","Zaksa Mszczonów","130593","0:3","0","3","24","75","baza_3_9.csv","3.9|924645"
"164","3.9","924646","2026-03-03 17:00","Malinowa home","Czarni Piasek","128752","Zamek Golub-Dobrzyń","131227","0:3","0","3","32","75","baza_3_9.csv","3.9|924646"
"164","3.9","924647","2026-03-03 17:00","Golasowice","Flying Spiders","140867","Galaxia Kwielice","130973","0:3","0","3","19","75","baza_3_9.csv","3.9|924647"
"164","3.9","924648","2026-03-03 17:00","DORCAN","GSY","130525","SGS Goleniów","137350","0:3","0","3","55","75","baza_3_9.csv","3.9|924648"
"164","3.10","924881","2026-03-03 17:00","JednakGramy Arena","JednakGramy","128768","Polish Wolves","131258","0:3","0","3","48","75","baza_3_10.csv","3.10|924881"
"164","3.10","924882","2026-03-03 17:00","Osyra Stadion","GPT Mysłowice","128747","Złote Orły","131740","1:3","1","3","64","97","baza_3_10.csv","3.10|924882"
"164","3.10","924883","2026-03-03 17:00","Piernik Arena","Kopernik Toruń","130739","Bydgoszcz Baki","128616","0:3","0","3","53","75","baza_3_10.csv","3.10|924883"
"164","3.10","924884","2026-03-03 17:00","R22","TSW Wisła Kraków","151056","TKS Jelenie Studzienki","130939","0:3","0","3","36","75","baza_3_10.csv","3.10|924884"
"164","3.10","924885","2026-03-03 17:00","Sovia","Tigers","128634","KS Strużanka Baranów","130994","0:3","0","3","29","75","baza_3_10.csv","3.10|924885"
"164","3.10","924886","2026-03-03 17:00","Hala Widowiskowa BBOSiR","BBTS Bielsko-Biała","137383","Pancio","128750","0:3","0","3","44","75","baza_3_10.csv","3.10|924886"
"164","3.10","924887","2026-03-03 17:00","ŁOWICZ ARENA","UKS BŁYSKAWICA ŁOWICZ","130699","Hot Volley Nysa","128630","0:3","0","3","58","75","baza_3_10.csv","3.10|924887"
"164","3.10","924888","2026-03-03 17:00","AWZAN 271","KK271","141054","Indykpol AZS Olsztyn","128620","0:3","0","3","34","75","baza_3_10.csv","3.10|924888"
"164","3.11","925121","2026-03-03 17:00","Stajnia Jednorożców","Kolorowe Rumaki","131164","Latające Imadła","131022","0:3","0","3","62","77","baza_3_11.csv","3.11|925121"
"164","3.11","925122","2026-03-03 17:00","Szklanka Wódki xD","ScorpioN","128617","AKS Andrut Kalisz 🧇","128789","2:3","2","3","84","103","baza_3_11.csv","3.11|925122"
"164","3.11","925123","2026-03-03 17:00","Arena W","Team WWW","131066","Brute Force","130978","0:3","0","3","53","75","baza_3_11.csv","3.11|925123"
"164","3.11","925124","2026-03-03 17:00","hala MOSiR","Enea PTPS Piła","128646","Pogoń Portowcy","131768","0:3","0","3","35","75","baza_3_11.csv","3.11|925124"
"164","3.11","925125","2026-03-03 17:00","ERGO ARENA","NIELOTY GDAŃSK","130946","PauPau","140825","0:3","0","3","18","75","baza_3_11.csv","3.11|925125"
"164","3.11","925126","2026-03-03 17:00","Decha Arena","Gwoździe","140812","Seniorzy Wieluń","130519","0:3","0","3","17","75","baza_3_11.csv","3.11|925126"
"164","3.11","925127","2026-03-03 17:00","Tujniczanka-Łosmanat","FC Łosarnia Tujsk","140910","Kasztaniaki","131735","0:3","0","3","46","75","baza_3_11.csv","3.11|925127"
"164","3.11","925128","2026-03-03 17:00","Crusaders Hall","KS Crusaders","137439","Orzełki Team","137444","2:3","2","3","99","103","baza_3_11.csv","3.11|925128"
"164","3.12","925361","2026-03-03 17:00","Sparbanken Skåne Arena","🌳Leśne Ludki🌳","131712","Ipsarion","140952","3:2","3","2","107","94","baza_3_12.csv","3.12|925361"
"164","3.12","925362","2026-03-03 17:00","Konarzewo Arena","KS Konarzewo","137342","Volley Master","130507","0:3","0","3","52","75","baza_3_12.csv","3.12|925362"
"164","3.12","925363","2026-03-03 17:00","Match Of The Millennium","Yu-Gi-Oh!","131717","Zawisza Olsztyn","128659","1:3","1","3","89","95","baza_3_12.csv","3.12|925363"
"164","3.12","925364","2026-03-03 17:00","Prognozy dzisiaj nie będzie","Anię dopadła grypa","140870","The Ops","131290","0:3","0","3","24","75","baza_3_12.csv","3.12|925364"
"164","3.12","925365","2026-03-03 17:00","B4 Arena","Braniewo Volley","141119","Acapulco Stalion","128733","0:3","0","3","46","75","baza_3_12.csv","3.12|925365"
"164","3.12","925366","2026-03-03 17:00","Niebieskie Piekło","Lube Rzeszów","130863","300-stuSpartan","137376","0:3","0","3","43","75","baza_3_12.csv","3.12|925366"
"164","3.12","925367","2026-03-03 17:00","Aciu Hall","Aciu Team","131157","ARM Volley","137419","0:3","0","3","20","75","baza_3_12.csv","3.12|925367"
"164","3.12","925368","2026-03-03 17:00","Arena Zawiercie","Warta Zawiercie","130562","Olimpia Kowary","137420","3:0","3","0","75","29","baza_3_12.csv","3.12|925368"
"164","3.13","925601","2026-03-03 17:00","Orły hall","PolskieOrły","128769","Brave Vikings","131709","0:3","0","3","63","77","baza_3_13.csv","3.13|925601"
"164","3.13","925602","2026-03-03 17:00","Lokomotiv Plzen","Raven","140853","Aleleble","128628","0:3","0","3","64","77","baza_3_13.csv","3.13|925602"
"164","3.13","925603","2026-03-03 17:00","MKS1956","MKS ŁĘCZYCA","128741","ProgressTeam","128806","1:3","1","3","71","97","baza_3_13.csv","3.13|925603"
"164","3.13","925604","2026-03-03 17:00","RD Arena","Red Devils","128725","☣️ MY TU TEGO BAGNO 💩💩    🔝","130911","0:3","0","3","27","75","baza_3_13.csv","3.13|925604"
"164","3.13","925605","2026-03-03 17:00","Hala im. Sędziów","Sędziowie Bydgoszcz","140960","🐀Ratty Rattas🐀","128707","0:3","0","3","14","75","baza_3_13.csv","3.13|925605"
"164","3.13","925606","2026-03-03 17:00","TwentyFive.pl","TwentyFive.pl","130518","Spartakus Radom","131248","0:3","0","3","51","76","baza_3_13.csv","3.13|925606"
"164","3.13","925607","2026-03-03 17:00","Olkop Arena","Trentino Młodzieszyn","128599","Szmulki","140963","0:3","0","3","32","75","baza_3_13.csv","3.13|925607"
"164","3.13","925608","2026-03-03 17:00","Leszno Arena","Unia Leszno","131196","LKS  ASERTO Trześń","131723","3:0","3","0","75","56","baza_3_13.csv","3.13|925608"
"164","3.14","925841","2026-03-03 17:00","Dąbrówka Arena","III Piastowskie","130858","Hit Happens","131734","0:3","0","3","51","75","baza_3_14.csv","3.14|925841"
"164","3.14","925842","2026-03-03 17:00","Mierzwice Arena","Mierzwicanka Mierzwice","130539","Arbuzy i Kebaby","130611","1:3","1","3","74","98","baza_3_14.csv","3.14|925842"
"164","3.14","925843","2026-03-03 17:00","Hala FC","Farciarze FC","128734","KS Brzeziny","128710","0:3","0","3","42","75","baza_3_14.csv","3.14|925843"
"164","3.14","925844","2026-03-03 17:00",".......","Zryw","141102","Lajony Kingzz","131747","2:3","2","3","99","110","baza_3_14.csv","3.14|925844"
"164","3.14","925845","2026-03-03 17:00","Foxx Volley Arena","Kanzas Foxx","137481","pONczek Team","130540","0:3","0","3","20","75","baza_3_14.csv","3.14|925845"
"164","3.14","925846","2026-03-03 17:00","Osir Trzemeszno","Skra Trzemeszno","131217","Shtosee volley team","128680","3:1","3","1","91","84","baza_3_14.csv","3.14|925846"
"164","3.14","925847","2026-03-03 17:00","SANTIAGO BERNABEU","NTS NAKŁO NAD NOTECIĄ","128729","Kubiki","130510","1:3","1","3","80","103","baza_3_14.csv","3.14|925847"
"164","3.14","925848","2026-03-03 17:00","Energia","BT ENERGIA","137456","KS GRABÓW","130543","0:3","0","3","32","75","baza_3_14.csv","3.14|925848"
"164","3.15","926081","2026-03-03 17:00","OSIR ARENA","G.T.S. Unia Choceń","128749","Lech Sulechów","128625","3:0","3","0","80","49","baza_3_15.csv","3.15|926081"
"164","3.15","926082","2026-03-03 17:00","Makalamabedi","W124","137366","Victoria Dobra","131261","0:3","0","3","47","75","baza_3_15.csv","3.15|926082"
"164","3.15","926083","2026-03-03 17:00","Hala Mostowa","Śląskie Burrito","131722","Finlandia Opole Lubelskie","130910","0:3","0","3","21","75","baza_3_15.csv","3.15|926083"
"164","3.15","926084","2026-03-03 17:00","KS arena","Ks Kedzierzyn","128713","FC Świętopełka 🔥","128802","0:3","0","3","29","75","baza_3_15.csv","3.15|926084"
"164","3.15","926085","2026-03-03 17:00","Wierzeje ARENA","Wierzeje","141108","JaqbTeam","128695","0:3","0","3","39","75","baza_3_15.csv","3.15|926085"
"164","3.15","926086","2026-03-03 17:00","Urania","AZT Tytan Czestochowa","128743","Makosiki","128780","0:3","0","3","35","75","baza_3_15.csv","3.15|926086"
"164","3.15","926087","2026-03-03 17:00","Sportowa","LTS Feniks Leżajsk","141106","KS Okalew","131073","0:3","0","3","34","75","baza_3_15.csv","3.15|926087"
"164","3.15","926088","2026-03-03 17:00","Ultras Hall","Fenix Siennica","130586","Gumi-Misie","131244","1:3","1","3","65","89","baza_3_15.csv","3.15|926088"
"164","3.16","926321","2026-03-03 17:00","Spożywczak","Blackburn Toruń","128601","AquaSharks","128771","3:0","3","0","77","68","baza_3_16.csv","3.16|926321"
"164","3.16","926322","2026-03-03 17:00","PRAFIL ARENA","PGJ Azoty","130845","Znienacka team","130933","0:3","0","3","41","75","baza_3_16.csv","3.16|926322"
"164","3.16","926323","2026-03-03 17:00","Łu tu tu tu","La Vida Loca","131011","Złote Wilki","128790","0:3","0","3","10","75","baza_3_16.csv","3.16|926323"
"164","3.16","926324","2026-03-03 17:00","Sportowa","Gryf Policzna","140747","V-DRIFTERS","131254","0:3","0","3","42","75","baza_3_16.csv","3.16|926324"
"164","3.16","926325","2026-03-03 17:00","Hala Miejska","PKS Choszczno","140884","Lance Armstrong","131718","0:3","0","3","47","75","baza_3_16.csv","3.16|926325"
"164","3.16","926326","2026-03-03 17:00","Spodek Głuchołazy","Zadar Głuchołazy","128664","sanah","131179","0:3","0","3","33","75","baza_3_16.csv","3.16|926326"
"164","3.16","926327","2026-03-03 17:00","Die Freie Stadt Danzig Sporthalle","Die Freie Stadt Danzig","130661","GizoTeam","128693","0:3","0","3","37","75","baza_3_16.csv","3.16|926327"
"164","3.16","926328","2026-03-03 17:00","Knights Arena","🪿⎛⎝( ` ᢍ ´ )⎠⎞ᵐᵘʰᵃʰᵃ🦇","131021","Juve","131236","3:0","3","0","75","43","baza_3_16.csv","3.16|926328"
"164","1.1","921513","2026-03-01 19:00","Dano Arena!","Dano Dream Team","130607","Wratislawia Wrocław","128772","3:1","3","1","98","60","baza_1_1.csv","1.1|921513"
"164","1.1","921514","2026-03-01 19:00","Hala sportowa w Zduńskiej Woli","Volleyball Team Zduńska Wola","128603","Penguin Małomice","128781","3:0","3","0","75","60","baza_1_1.csv","1.1|921514"
"164","1.1","921515","2026-03-01 19:00","Arena of Rzeplin","Tsunami Rzeplin","128717","Go Tigers","128631","1:3","1","3","83","98","baza_1_1.csv","1.1|921515"
"164","1.1","921516","2026-03-01 19:00","Kanciapa u Tumaxa","Dzikie Rumaxy","128638","Incognito Volley","128619","1:3","1","3","78","97","baza_1_1.csv","1.1|921516"
"164","1.1","921517","2026-03-01 19:00","Bugaj Arena","Pilica Koniecpol","130885","ZAKSA Bochotnica","128722","3:0","3","0","78","67","baza_1_1.csv","1.1|921517"
"164","1.1","921518","2026-03-01 19:00","The Orchid","DHARMA Initiative","128577","Carplife 🇵🇱","130954","3:2","3","2","99","107","baza_1_1.csv","1.1|921518"
"164","1.1","921519","2026-03-01 19:00","Wioska Smerfów","Smerfy","128764","Kuźnia Byków","130744","1:3","1","3","79","98","baza_1_1.csv","1.1|921519"
"164","1.1","921520","2026-03-01 19:00","GOSTiR Rzgów","AKS Volley Łódź","131002","VC Kittens","128580","1:3","1","3","89","90","baza_1_1.csv","1.1|921520"
"164","2.1","921753","2026-03-01 19:00","Krzywuchowe Moczary","Velen Volleyball Club","128684","Libero Gorzków","128703","3:0","3","0","75","45","baza_2_1.csv","2.1|921753"
"164","2.1","921754","2026-03-01 19:00","7l z Pepsi Arena","Hydra VT Gdańsk","128612","Błyskawica Janów","131242","3:0","3","0","75","46","baza_2_1.csv","2.1|921754"
"164","2.1","921755","2026-03-01 19:00","Szpil Plac u Gerusia","Young Team","128708","Pogromcy Gdańsk","131205","3:1","3","1","91","83","baza_2_1.csv","2.1|921755"
"164","2.1","921756","2026-03-01 19:00","Urania","CF Mleczne Olsztyn","128668","CYTRYNIEC CHIŃSKI","130809","3:2","3","2","107","85","baza_2_1.csv","2.1|921756"
"164","2.1","921757","2026-03-01 19:00","Piekło","Saracens","128615","Celtic VC","128735","3:2","3","2","113","102","baza_2_1.csv","2.1|921757"
"164","2.1","921758","2026-03-01 19:00","Silver Hall","Silver Arsenal","130505","LukTeam","131134","1:3","1","3","75","97","baza_2_1.csv","2.1|921758"
"164","2.1","921759","2026-03-01 19:00","Ping Pong Arena","Najlepsi z Najlepszych","130520","Sprzeda Mecz","128663","1:3","1","3","95","100","baza_2_1.csv","2.1|921759"
"164","2.1","921760","2026-03-01 19:00","Ośrodek Karny Rivii Arena 🎯","Smerfy z Rivii ⚔️⚔️🛡️","130934","Miesiany Miesiany","128676","3:2","3","2","106","99","baza_2_1.csv","2.1|921760"
"164","2.2","921993","2026-03-01 19:00","Blok Centralny","Zakład Karny w Strzelinie","128751","Nosmeisy","128686","0:3","0","3","47","75","baza_2_2.csv","2.2|921993"
"164","2.2","921994","2026-03-01 19:00","Sisu Arena","Bydgoszcz Spartans","128726","AJAX PIASTY","130797","2:3","2","3","92","102","baza_2_2.csv","2.2|921994"
"164","2.2","921995","2026-03-01 19:00","UMCS Hala Sportowa","Silver Sharks Lublin 🦈","128674","Millennium Siemianowice","130955","1:3","1","3","71","98","baza_2_2.csv","2.2|921995"
"164","2.2","921996","2026-03-01 19:00","Ursus Arena","RKS","128588","Ranczo Wilkowyje","130915","3:2","3","2","105","94","baza_2_2.csv","2.2|921996"
"164","2.2","921997","2026-03-01 19:00","CSKA Arena","CSKA Mielec","128613","Thorn Lynxes","131219","3:0","3","0","75","65","baza_2_2.csv","2.2|921997"
"164","2.2","921998","2026-03-01 19:00","Mroczna Arena","👽Strażnicy Cienia👽","128711","SiatkarskiePodlasie.pl","130565","0:3","0","3","34","75","baza_2_2.csv","2.2|921998"
"164","2.2","921999","2026-03-01 19:00","Olimp Arena","UKS Olimp Ostrołęka","128604","Rutz","130854","1:3","1","3","87","97","baza_2_2.csv","2.2|921999"
"164","2.2","922000","2026-03-01 19:00","MAKDOM ARENA","MAKDOM","128660","Czorty Chorzów","130959","3:0","3","0","75","52","baza_2_2.csv","2.2|922000"
"164","2.3","922233","2026-03-01 19:00","Ragnarok","Vikings","128756","Skoczne Karakany","130767","3:1","3","1","98","65","baza_2_3.csv","2.3|922233"
"164","2.3","922234","2026-03-01 19:00","Forteca Nakło","Stara Gwardia Nakło ⚔️","128688","Zabrzański Górnik","128816","2:3","2","3","99","95","baza_2_3.csv","2.3|922234"
"164","2.3","922235","2026-03-01 19:00","Polonijny młyn","Polonia Bytom","130871","EnergiaPro Gwardia Wrocław","130757","0:3","0","3","48","75","baza_2_3.csv","2.3|922235"
"164","2.3","922236","2026-03-01 19:00","Hala Gryfia","KKS Gryf Lębork","128809","Projekt Warszawa","128614","3:2","3","2","92","93","baza_2_3.csv","2.3|922236"
"164","2.3","922237","2026-03-01 19:00","🦣 Mamut Area 🦣","🦣 KS MAMUTY 🦣","130549","RCS Czarni Radom","128600","3:1","3","1","102","85","baza_2_3.csv","2.3|922237"
"164","2.3","922238","2026-03-01 19:00","Zoo","Wściekłe Tygrysy","128782","Bolek i lolek 🤙","128586","0:3","0","3","55","75","baza_2_3.csv","2.3|922238"
"164","2.3","922239","2026-03-01 19:00","カラスの巣","Karasuno","128635","Vernixo","128679","3:0","3","0","81","68","baza_2_3.csv","2.3|922239"
"164","2.3","922240","2026-03-01 19:00","Kocioł","Budowlani Nysa","130574","KS Budowlani Kołacin 👷🏻","128629","2:3","2","3","104","104","baza_2_3.csv","2.3|922240"
"164","2.4","922473","2026-03-01 19:00","In the middle of nowhere","Unknown Team","128636","QUEERTISONEK TEAM","131147","3:1","3","1","98","68","baza_2_4.csv","2.4|922473"
"164","2.4","922474","2026-03-01 19:00","wyrko rodzinne","Turbo Śpiochy","128578","KS Kawoholicy","131724","1:3","1","3","72","98","baza_2_4.csv","2.4|922474"
"164","2.4","922475","2026-03-01 19:00","Alpha Arena","Alpha","131086","Pioruny  i Grzmoty","130966","3:1","3","1","98","78","baza_2_4.csv","2.4|922475"
"164","2.4","922476","2026-03-01 19:00","BKS ARENA","BKS Białystok","128644","Sivass-Pol De Mare","128794","1:3","1","3","75","98","baza_2_4.csv","2.4|922476"
"164","2.4","922477","2026-03-01 19:00","Aloha Arena","Ohana Gliwice","130945","Vamos","128714","3:0","3","0","75","57","baza_2_4.csv","2.4|922477"
"164","2.4","922478","2026-03-01 19:00","Aviator arena","BH STAL MIELEC","130769","massive dongs","128592","0:3","0","3","66","77","baza_2_4.csv","2.4|922478"
"164","2.4","922479","2026-03-01 19:00","kiczan arena","kiczan team zduńska wola","128596","Fc MiSieNieChce","130908","3:0","3","0","75","30","baza_2_4.csv","2.4|922479"
"164","2.4","922480","2026-03-01 19:00","Bystra Bochotnica Arena","Bystra Bochotnica","128657","TEXańska Masakra Piłą Ręczną","131293","2:3","2","3","106","107","baza_2_4.csv","2.4|922480"
"164","3.1","922713","2026-03-01 17:00","Letalnica","Team Spiryt Chorzów","130958","Drużyna Pierścienia","141064","3:0","3","0","75","29","baza_3_1.csv","3.1|922713"
"164","3.1","922714","2026-03-01 17:00","Renifers Hall","Renifers","128675","Vollley Rybnik","137468","3:0","3","0","75","50","baza_3_1.csv","3.1|922714"
"164","3.1","922715","2026-03-01 17:00","Avengers Arena","Avengers","130920","Orzeł Grzędzice","128728","3:0","3","0","75","29","baza_3_1.csv","3.1|922715"
"164","3.1","922716","2026-03-01 17:00","Cicely Arena","Cicely","128704","Zaksa Kędzierzyn - Koźle","131200","3:0","3","0","75","17","baza_3_1.csv","3.1|922716"
"164","3.1","922717","2026-03-01 17:00","Bździochy Arena","PGE Bubisie Bździochy","130773","Team :: Ownz Ya!","130572","3:0","3","0","75","42","baza_3_1.csv","3.1|922717"
"164","3.1","922718","2026-03-01 17:00","SRS Bernabeu","SRS Katarina","137403","Bochotnica Celtics","128639","2:3","2","3","100","110","baza_3_1.csv","3.1|922718"
"164","3.1","922719","2026-03-01 17:00","Nati Memorial Hall","⭐ Nati ⭐ 1995 ⭐  ∞  ⭐","130585","Cargo Kamieniec Ząbkowicki","151049","1:3","1","3","87","91","baza_3_1.csv","3.1|922719"
"164","3.1","922720","2026-03-01 17:00","KorpoArena","Korporacja Gwiazd Bezrobocia","128595","TaUrsy","130537","3:0","3","0","75","9","baza_3_1.csv","3.1|922720"
"164","3.2","922953","2026-03-01 17:00","Malinowe marzenie","Maliniaczki","131020","GALACTICOS FC","131018","3:0","3","0","75","26","baza_3_2.csv","3.2|922953"
"164","3.2","922954","2026-03-01 17:00","Palau Blaugrana","CVB Barça","141012","Wiejski Klub Kielno","130498","3:0","3","0","75","17","baza_3_2.csv","3.2|922954"
"164","3.2","922955","2026-03-01 17:00","Hala Sportowa","Siatka Krzemieniewo","128597","Zegrze Nieporęt","131194","2:3","2","3","99","104","baza_3_2.csv","3.2|922955"
"164","3.2","922956","2026-03-01 17:00","LZS ARENA","Fiorentina Nakło","130905","Huragan Białobrzegi","131065","3:0","3","0","75","21","baza_3_2.csv","3.2|922956"
"164","3.2","922957","2026-03-01 17:00","Kaźmierzanka","Plas Kaźmierz","137421","VC  Ziębka Team","130503","3:0","3","0","78","71","baza_3_2.csv","3.2|922957"
"164","3.2","922958","2026-03-01 17:00","Wylęgarnia Potworów","Nocne Potwory","128803","ChlopkiTeam","128606","0:3","0","3","58","75","baza_3_2.csv","3.2|922958"
"164","3.2","922959","2026-03-01 17:00","DZIK ŁÓDŹ ARENA","JTCNW Łódź","131093","WIPP Thunder","128672","3:0","3","0","75","64","baza_3_2.csv","3.2|922959"
"164","3.2","922960","2026-03-01 17:00","Grota tajemnic","Czarne plamy","128655","ChudyTeam","130535","0:3","0","3","58","75","baza_3_2.csv","3.2|922960"
"164","3.3","923193","2026-03-01 17:00","Phoenix Scene","Phoenix Fire","128687","FC Misieniechce Radom","130676","3:0","3","0","75","19","baza_3_3.csv","3.3|923193"
"164","3.3","923194","2026-03-01 17:00","Meduza","KS Zamienie","141062","Kotwica Kołobrzeg","128801","0:3","0","3","20","75","baza_3_3.csv","3.3|923194"
"164","3.3","923195","2026-03-01 17:00","KOCIOŁ","!STAL NYSA","130728","RINZLER","128627","3:0","3","0","75","41","baza_3_3.csv","3.3|923195"
"164","3.3","923196","2026-03-01 17:00","RG Arena","RG Olsztyn","128652","Zduńska Wola Team","128640","3:0","3","0","75","24","baza_3_3.csv","3.3|923196"
"164","3.3","923197","2026-03-01 17:00","Ale co","Ale co","128694","Drink Team","141020","3:0","3","0","75","33","baza_3_3.csv","3.3|923197"
"164","3.3","923198","2026-03-01 17:00","NiuniuCamp","NiuniuTeam","137395","Mazaki VC","131006","3:2","3","2","110","105","baza_3_3.csv","3.3|923198"
"164","3.3","923199","2026-03-01 17:00","Jeżodrom","Jeżomyszy🦔z Marsa🪐","130972","OFIME Targówek","131746","3:0","3","0","75","36","baza_3_3.csv","3.3|923199"
"164","3.3","923200","2026-03-01 17:00","Dytto","DragonGAYS Polska","130705","Bad Boys Team","128706","3:0","3","0","78","67","baza_3_3.csv","3.3|923200"
"164","3.4","923433","2026-03-01 17:00","Valiant Boys","Valiant Boys","130826","Choroszcza Olsztyn","130774","3:0","3","0","75","58","baza_3_4.csv","3.4|923433"
"164","3.4","923434","2026-03-01 17:00","Podpromie","Asseco Resovia","131163","Potok city","140815","1:3","1","3","66","97","baza_3_4.csv","3.4|923434"
"164","3.4","923435","2026-03-01 17:00","toto","toto","128731","PIAST Strzelce Opolskie","130555","0:3","0","3","11","75","baza_3_4.csv","3.4|923435"
"164","3.4","923436","2026-03-01 17:00","Aqua Baltic Arena","Trefl Gdańsk Pomorze","130509","KS Świt Baranowo","128589","3:1","3","1","98","63","baza_3_4.csv","3.4|923436"
"164","3.4","923437","2026-03-01 17:00","Trefl Arena","Trefl","131199","IKS Konstancin - Jeziorna","131223","3:0","3","0","75","31","baza_3_4.csv","3.4|923437"
"164","3.4","923438","2026-03-01 17:00","Arena Albigowa","SST SPORTUR GMINA ŁAŃCUT","128795","eŁKSa1908","130836","0:3","0","3","45","75","baza_3_4.csv","3.4|923438"
"164","3.4","923439","2026-03-01 17:00","Cytrynowe Pandemonium","Sycylijskie Cytryniaki","130704","Volley Leszczyny","137412","3:0","3","0","75","33","baza_3_4.csv","3.4|923439"
"164","3.4","923440","2026-03-01 17:00","Smocza Jama","Smoczy Gród","131131","Los Rakos","137449","0:3","0","3","63","75","baza_3_4.csv","3.4|923440"
"164","3.5","923673","2026-03-01 17:00","Baltic Arena","KKS Kaszubia Kościerzyna","128786","ULTRAS-PL","130527","3:0","3","0","75","19","baza_3_5.csv","3.5|923673"
"164","3.5","923674","2026-03-01 17:00","Public Enemies","Kosmiczne Mandarynki","128609","AKS Śliw@","128584","3:0","3","0","77","65","baza_3_5.csv","3.5|923674"
"164","3.5","923675","2026-03-01 17:00","MOSiR LIPUSZ","RafaTeam Lipusz","130561","Bart Thorn","130726","3:1","3","1","95","65","baza_3_5.csv","3.5|923675"
"164","3.5","923676","2026-03-01 17:00","Halaaa","CAMORRA VC","130516","AKS VOLLEY  DOBRA","141110","3:0","3","0","75","31","baza_3_5.csv","3.5|923676"
"164","3.5","923677","2026-03-01 17:00","H69","VC BORDER","128622","Aniołki Toruń","130820","3:0","3","0","75","17","baza_3_5.csv","3.5|923677"
"164","3.5","923678","2026-03-01 17:00","KSW ARENA","KSW7","140968","OPOLE","130500","0:3","0","3","49","75","baza_3_5.csv","3.5|923678"
"164","3.5","923679","2026-03-01 17:00","Ninjutsu Arena 2024","S-Ninjas","130582","Iskra Krosno","128667","3:0","3","0","75","45","baza_3_5.csv","3.5|923679"
"164","3.5","923680","2026-03-01 17:00","Arena Poznań","PGE Skra Poznań","130781","SKS Iłżanka Baranów","128715","3:1","3","1","95","89","baza_3_5.csv","3.5|923680"
"164","3.6","923913","2026-03-01 17:00","Słomin centre","Projekt Słomin","128700","Kudowianka Kudowa-Zdrój","131235","3:0","3","0","75","44","baza_3_6.csv","3.6|923913"
"164","3.6","923914","2026-03-01 17:00","Boisko na polu","Young Team Reaktywacja","140951","Pogoń Żubr","130564","0:3","0","3","41","75","baza_3_6.csv","3.6|923914"
"164","3.6","923915","2026-03-01 17:00","Ikjas Arena","Ikjas Toruń","131062","SMS Rzeszów","137337","3:0","3","0","75","22","baza_3_6.csv","3.6|923915"
"164","3.6","923916","2026-03-01 17:00","Browar","Browary Hills","130979","Są Gorsi","130693","3:0","3","0","75","21","baza_3_6.csv","3.6|923916"
"164","3.6","923917","2026-03-01 17:00","HSW Jastrzębie Zdrój","KS Jastrzębie","130545","KS Limanowa","140814","3:0","3","0","75","20","baza_3_6.csv","3.6|923917"
"164","3.6","923918","2026-03-01 17:00","Arena Twierdza","Twierdza Teodorówka","130591","Black Smoke","137347","1:3","1","3","79","97","baza_3_6.csv","3.6|923918"
"164","3.6","923919","2026-03-01 17:00","Olle hall","Victoria Wałbrzych","128774","RTS.Strongman Małecz","130601","3:0","3","0","75","55","baza_3_6.csv","3.6|923919"
"164","3.6","923920","2026-03-01 17:00","Ceremony Place Soreide","Groszowice Soreide","130604","MKS Siemianowice","128799","1:3","1","3","66","91","baza_3_6.csv","3.6|923920"
"164","3.7","924153","2026-03-01 17:00","San Siro","Stocznia Gdańsk","130595","Błysk2","131225","3:0","3","0","76","51","baza_3_7.csv","3.7|924153"
"164","3.7","924154","2026-03-01 17:00","GROZA","Dąbrowskie Pioruny","140781","SDJ Janów","131251","1:3","1","3","83","99","baza_3_7.csv","3.7|924154"
"164","3.7","924155","2026-03-01 17:00","Hala Orłów","Orły","137486","FFP Virtual Volley","130573","3:0","3","0","75","30","baza_3_7.csv","3.7|924155"
"164","3.7","924156","2026-03-01 17:00","Spulchniona Ziemia","Latające Dżdżownice","140796","Dyliżans Brzózka","137454","3:0","3","0","75","42","baza_3_7.csv","3.7|924156"
"164","3.7","924157","2026-03-01 17:00","KZN","KZN","131229","LKS Rotavia Nieporęt","128730","0:3","0","3","49","75","baza_3_7.csv","3.7|924157"
"164","3.7","924158","2026-03-01 17:00","Haba","Ghrum","130784","AZS Politechnika Poznańska","128759","3:0","3","0","75","34","baza_3_7.csv","3.7|924158"
"164","3.7","924159","2026-03-01 17:00","Spodek Viadukt","Volania Jeleninhos","131141","BKS Visła Bydgoszcz","131284","2:3","2","3","114","115","baza_3_7.csv","3.7|924159"
"164","3.7","924160","2026-03-01 17:00","Reksio Arena","Mighty Bears","130513","Linkin Park United","130617","2:3","2","3","102","107","baza_3_7.csv","3.7|924160"
"164","3.8","924393","2026-03-01 17:00","Stilon Arena","Stilon Gorzów","130891","ZAKSA ŚWINOUJŚCIE","130896","3:0","3","0","75","22","baza_3_8.csv","3.8|924393"
"164","3.8","924394","2026-03-01 17:00","HALA CENTRUM","MKS Dąbrowa Górnicza","128800","Fc Albatros","131276","3:0","3","0","75","51","baza_3_8.csv","3.8|924394"
"164","3.8","924395","2026-03-01 17:00","Arena Toruń","Anioły Toruń","130514","Dallas Mavericks","128666","3:0","3","0","75","41","baza_3_8.csv","3.8|924395"
"164","3.8","924396","2026-03-01 17:00","Rock Arena","Rockers Wrocław","128605","AZS PRIME Olsztyn","137361","3:0","3","0","75","33","baza_3_8.csv","3.8|924396"
"164","3.8","924397","2026-03-01 17:00","Na Hasioku","Jang Tim","128677","KndSynu Cios","137411","3:0","3","0","75","31","baza_3_8.csv","3.8|924397"
"164","3.8","924398","2026-03-01 17:00","Kiciniowo","Fc Kiciusie","140744","PGE GIEK Skra Bełchatów","130721","0:3","0","3","36","75","baza_3_8.csv","3.8|924398"
"164","3.8","924399","2026-03-01 17:00","Tylmanowa Arena","Aptekarz Tylmanowa","128720","Przebój Wolbrom","130621","1:3","1","3","82","89","baza_3_8.csv","3.8|924399"
"164","3.8","924400","2026-03-01 17:00","Fabryczna Union Arena","Budowlani Łódź","128736","Volley Królewscy Jedlnia","130524","3:0","3","0","75","61","baza_3_8.csv","3.8|924400"
"164","3.9","924633","2026-03-01 17:00","Hala Relax","Volley Team Piotrków Tryb.","128724","GSY","130525","1:3","1","3","100","96","baza_3_9.csv","3.9|924633"
"164","3.9","924634","2026-03-01 17:00","SGS Arena","SGS Goleniów","137350","Flying Spiders","140867","3:0","3","0","75","27","baza_3_9.csv","3.9|924634"
"164","3.9","924635","2026-03-01 17:00","Hall of Glory","Galaxia Kwielice","130973","Czarni Piasek","128752","3:0","3","0","85","75","baza_3_9.csv","3.9|924635"
"164","3.9","924636","2026-03-01 17:00","OSiR Golub-Dobrzyń","Zamek Golub-Dobrzyń","131227","Jagiellonia Białystok","140856","3:0","3","0","75","15","baza_3_9.csv","3.9|924636"
"164","3.9","924637","2026-03-01 17:00","OSiR","Zaksa Mszczonów","130593","SBX TEAM","140751","3:0","3","0","75","43","baza_3_9.csv","3.9|924637"
"164","3.9","924638","2026-03-01 17:00","Sardegna Hall","Sardegna Volley","137467","ActiVeTeam","128702","0:3","0","3","55","75","baza_3_9.csv","3.9|924638"
"164","3.9","924639","2026-03-01 17:00","VST Hala Sportowa","Volleyball Szubin Team","128579","Joga Bonito","137493","3:0","3","0","75","45","baza_3_9.csv","3.9|924639"
"164","3.9","924640","2026-03-01 17:00","XYZ","ZYX","131059","Spartans Volley","130930","3:1","3","1","100","90","baza_3_9.csv","3.9|924640"
"164","3.10","924873","2026-03-01 17:00","JednakGramy Arena","JednakGramy","128768","KK271","141054","3:0","3","0","75","30","baza_3_10.csv","3.10|924873"
"164","3.10","924874","2026-03-01 17:00","Hala Urania","Indykpol AZS Olsztyn","128620","UKS BŁYSKAWICA ŁOWICZ","130699","3:1","3","1","97","68","baza_3_10.csv","3.10|924874"
"164","3.10","924875","2026-03-01 17:00","Fire Ball Arena","Hot Volley Nysa","128630","BBTS Bielsko-Biała","137383","3:0","3","0","75","52","baza_3_10.csv","3.10|924875"
"164","3.10","924876","2026-03-01 17:00","Osir","Pancio","128750","Tigers","128634","3:0","3","0","75","10","baza_3_10.csv","3.10|924876"
"164","3.10","924877","2026-03-01 17:00","Arena Baranów","KS Strużanka Baranów","130994","TSW Wisła Kraków","151056","3:1","3","1","99","79","baza_3_10.csv","3.10|924877"
"164","3.10","924878","2026-03-01 17:00","Piernik Arena","Kopernik Toruń","130739","TKS Jelenie Studzienki","130939","0:3","0","3","43","75","baza_3_10.csv","3.10|924878"
"164","3.10","924879","2026-03-01 17:00","Crucible","Bydgoszcz Baki","128616","GPT Mysłowice","128747","3:2","3","2","101","95","baza_3_10.csv","3.10|924879"
"164","3.10","924880","2026-03-01 17:00","Wataha","Polish Wolves","131258","Złote Orły","131740","2:3","2","3","100","111","baza_3_10.csv","3.10|924880"
"164","3.11","925113","2026-03-01 17:00","Stajnia Jednorożców","Kolorowe Rumaki","131164","KS Crusaders","137439","3:0","3","0","75","34","baza_3_11.csv","3.11|925113"
"164","3.11","925114","2026-03-01 17:00","Hala Orzełek","Orzełki Team","137444","FC Łosarnia Tujsk","140910","0:3","0","3","62","75","baza_3_11.csv","3.11|925114"
"164","3.11","925115","2026-03-01 17:00","Kasztan","Kasztaniaki","131735","Gwoździe","140812","3:0","3","0","75","20","baza_3_11.csv","3.11|925115"
"164","3.11","925116","2026-03-01 17:00","Arena Wieluń","Seniorzy Wieluń","130519","NIELOTY GDAŃSK","130946","3:0","3","0","75","23","baza_3_11.csv","3.11|925116"
"164","3.11","925117","2026-03-01 17:00","PauPau Arena","PauPau","140825","Enea PTPS Piła","128646","3:0","3","0","75","30","baza_3_11.csv","3.11|925117"
"164","3.11","925118","2026-03-01 17:00","Arena W","Team WWW","131066","Pogoń Portowcy","131768","3:2","3","2","101","103","baza_3_11.csv","3.11|925118"
"164","3.11","925119","2026-03-01 17:00","Brute Force Arena","Brute Force","130978","ScorpioN","128617","3:1","3","1","98","77","baza_3_11.csv","3.11|925119"
"164","3.11","925120","2026-03-01 17:00","Upadła Arena","Latające Imadła","131022","AKS Andrut Kalisz 🧇","128789","3:0","3","0","77","54","baza_3_11.csv","3.11|925120"
"164","3.12","925353","2026-03-01 17:00","Sparbanken Skåne Arena","🌳Leśne Ludki🌳","131712","Warta Zawiercie","130562","3:1","3","1","101","83","baza_3_12.csv","3.12|925353"
"164","3.12","925354","2026-03-01 17:00","Immobile Kowary","Olimpia Kowary","137420","Aciu Team","131157","3:0","3","0","76","57","baza_3_12.csv","3.12|925354"
"164","3.12","925355","2026-03-01 17:00","Masuria Palace","ARM Volley","137419","Lube Rzeszów","130863","3:0","3","0","76","48","baza_3_12.csv","3.12|925355"
"164","3.12","925356","2026-03-01 17:00","Sparta","300-stuSpartan","137376","Braniewo Volley","141119","3:0","3","0","75","48","baza_3_12.csv","3.12|925356"
"164","3.12","925357","2026-03-01 17:00","Losir Luboń","Acapulco Stalion","128733","Anię dopadła grypa","140870","3:0","3","0","75","54","baza_3_12.csv","3.12|925357"
"164","3.12","925358","2026-03-01 17:00","Match Of The Millennium","Yu-Gi-Oh!","131717","The Ops","131290","3:1","3","1","99","84","baza_3_12.csv","3.12|925358"
"164","3.12","925359","2026-03-01 17:00","Hala Urania of City Olsztyn","Zawisza Olsztyn","128659","KS Konarzewo","137342","3:1","3","1","97","71","baza_3_12.csv","3.12|925359"
"164","3.12","925360","2026-03-01 17:00","Ipsarion","Ipsarion","140952","Volley Master","130507","0:3","0","3","49","75","baza_3_12.csv","3.12|925360"
"164","3.13","925593","2026-03-01 17:00","Orły hall","PolskieOrły","128769","Unia Leszno","131196","3:0","3","0","75","40","baza_3_13.csv","3.13|925593"
"164","3.13","925594","2026-03-01 17:00","Hala Cześniosko","LKS  ASERTO Trześń","131723","Trentino Młodzieszyn","128599","3:0","3","0","75","41","baza_3_13.csv","3.13|925594"
"164","3.13","925595","2026-03-01 17:00","Szmulki","Szmulki","140963","TwentyFive.pl","130518","1:3","1","3","68","100","baza_3_13.csv","3.13|925595"
"164","3.13","925596","2026-03-01 17:00","Szczoty","Spartakus Radom","131248","Sędziowie Bydgoszcz","140960","3:0","3","0","75","7","baza_3_13.csv","3.13|925596"
"164","3.13","925597","2026-03-01 17:00","Rat Arena","🐀Ratty Rattas🐀","128707","Red Devils","128725","3:0","3","0","75","38","baza_3_13.csv","3.13|925597"
"164","3.13","925598","2026-03-01 17:00","MKS1956","MKS ŁĘCZYCA","128741","☣️ MY TU TEGO BAGNO 💩💩    🔝","130911","0:3","0","3","50","75","baza_3_13.csv","3.13|925598"
"164","3.13","925599","2026-03-01 17:00","Progress Arena","ProgressTeam","128806","Raven","140853","3:0","3","0","75","58","baza_3_13.csv","3.13|925599"
"164","3.13","925600","2026-03-01 17:00","Valhalla","Brave Vikings","131709","Aleleble","128628","3:1","3","1","94","81","baza_3_13.csv","3.13|925600"
"164","3.14","925833","2026-03-01 17:00","Dąbrówka Arena","III Piastowskie","130858","BT ENERGIA","137456","3:0","3","0","75","30","baza_3_14.csv","3.14|925833"
"164","3.14","925834","2026-03-01 17:00","Hala Grabów Stadium","KS GRABÓW","130543","NTS NAKŁO NAD NOTECIĄ","128729","3:0","3","0","79","62","baza_3_14.csv","3.14|925834"
"164","3.14","925835","2026-03-01 17:00","Kubikownia","Kubiki","130510","Skra Trzemeszno","131217","3:1","3","1","96","81","baza_3_14.csv","3.14|925835"
"164","3.14","925836","2026-03-01 17:00","Shtosee Sky arena","Shtosee volley team","128680","Kanzas Foxx","137481","3:0","3","0","75","30","baza_3_14.csv","3.14|925836"
"164","3.14","925837","2026-03-01 17:00","pONczek Arena","pONczek Team","130540","Zryw","141102","3:1","3","1","99","64","baza_3_14.csv","3.14|925837"
"164","3.14","925838","2026-03-01 17:00","Hala FC","Farciarze FC","128734","Lajony Kingzz","131747","2:3","2","3","99","108","baza_3_14.csv","3.14|925838"
"164","3.14","925839","2026-03-01 17:00","Old Trafford","KS Brzeziny","128710","Mierzwicanka Mierzwice","130539","1:3","1","3","88","97","baza_3_14.csv","3.14|925839"
"164","3.14","925840","2026-03-01 17:00","Hit Dome","Hit Happens","131734","Arbuzy i Kebaby","130611","3:1","3","1","91","82","baza_3_14.csv","3.14|925840"
"164","3.15","926073","2026-03-01 17:00","OSIR ARENA","G.T.S. Unia Choceń","128749","Fenix Siennica","130586","3:0","3","0","75","35","baza_3_15.csv","3.15|926073"
"164","3.15","926074","2026-03-01 17:00","Misiakowo","Gumi-Misie","131244","LTS Feniks Leżajsk","141106","3:0","3","0","78","58","baza_3_15.csv","3.15|926074"
"164","3.15","926075","2026-03-01 17:00","Hala Sportowa Okalew","KS Okalew","131073","AZT Tytan Czestochowa","128743","1:3","1","3","68","93","baza_3_15.csv","3.15|926075"
"164","3.15","926076","2026-03-01 17:00","MakosHall","Makosiki","128780","Wierzeje","141108","3:0","3","0","75","43","baza_3_15.csv","3.15|926076"
"164","3.15","926077","2026-03-01 17:00","JaqbArena","JaqbTeam","128695","Ks Kedzierzyn","128713","3:0","3","0","75","26","baza_3_15.csv","3.15|926077"
"164","3.15","926078","2026-03-01 17:00","Hala Mostowa","Śląskie Burrito","131722","FC Świętopełka 🔥","128802","0:3","0","3","26","75","baza_3_15.csv","3.15|926078"
"164","3.15","926079","2026-03-01 17:00","Kabako Arena","Finlandia Opole Lubelskie","130910","W124","137366","3:0","3","0","75","26","baza_3_15.csv","3.15|926079"
"164","3.15","926080","2026-03-01 17:00","Estadio zulito","Lech Sulechów","128625","Victoria Dobra","131261","0:3","0","3","60","75","baza_3_15.csv","3.15|926080"
"164","3.16","926313","2026-03-01 17:00","Spożywczak","Blackburn Toruń","128601","🪿⎛⎝( ` ᢍ ´ )⎠⎞ᵐᵘʰᵃʰᵃ🦇","131021","3:0","3","0","75","47","baza_3_16.csv","3.16|926313"
"164","3.16","926314","2026-03-01 17:00","San","Juve","131236","Die Freie Stadt Danzig","130661","2:3","2","3","92","100","baza_3_16.csv","3.16|926314"
"164","3.16","926315","2026-03-01 17:00","HalaGT","GizoTeam","128693","Zadar Głuchołazy","128664","3:0","3","0","75","29","baza_3_16.csv","3.16|926315"
"164","3.16","926316","2026-03-01 17:00","poezyje","sanah","131179","PKS Choszczno","140884","3:0","3","0","75","20","baza_3_16.csv","3.16|926316"
"164","3.16","926317","2026-03-01 17:00","Camp Nou","Lance Armstrong","131718","Gryf Policzna","140747","3:0","3","0","75","48","baza_3_16.csv","3.16|926317"
"164","3.16","926318","2026-03-01 17:00","Łu tu tu tu","La Vida Loca","131011","V-DRIFTERS","131254","0:3","0","3","14","75","baza_3_16.csv","3.16|926318"
"164","3.16","926319","2026-03-01 17:00","Arena wilków","Złote Wilki","128790","PGJ Azoty","130845","3:0","3","0","75","43","baza_3_16.csv","3.16|926319"
"164","3.16","926320","2026-03-01 17:00","Arena Łódź Podwodna","AquaSharks","128771","Znienacka team","130933","0:3","0","3","55","76","baza_3_16.csv","3.16|926320"
"164","1.1","921505","2026-02-28 19:00","Qweta","VC Kittens","128580","Dano Dream Team","130607","3:1","3","1","95","91","baza_1_1.csv","1.1|921505"
"164","1.1","921507","2026-02-28 19:00","Mordor","Kuźnia Byków","130744","Carplife 🇵🇱","130954","3:1","3","1","100","75","baza_1_1.csv","1.1|921507"
"164","1.1","921508","2026-02-28 19:00","The Orchid","DHARMA Initiative","128577","Pilica Koniecpol","130885","3:2","3","2","112","97","baza_1_1.csv","1.1|921508"
"164","1.1","921509","2026-02-28 19:00","Hala Widowiskowo-Sportowa \""AZOTY\""","ZAKSA Bochotnica","128722","Dzikie Rumaxy","128638","3:1","3","1","95","79","baza_1_1.csv","1.1|921509"
"164","1.1","921510","2026-02-28 19:00","SMA","Incognito Volley","128619","Tsunami Rzeplin","128717","3:1","3","1","95","85","baza_1_1.csv","1.1|921510"
"164","1.1","921511","2026-02-28 19:00","Hala Polonia","Go Tigers","128631","Volleyball Team Zduńska Wola","128603","1:3","1","3","92","99","baza_1_1.csv","1.1|921511"
"164","1.1","921512","2026-02-28 19:00","Ergo Małomice","Penguin Małomice","128781","Wratislawia Wrocław","128772","2:3","2","3","97","97","baza_1_1.csv","1.1|921512"
"164","2.1","921745","2026-02-28 19:00","Field House","Miesiany Miesiany","128676","Velen Volleyball Club","128684","0:3","0","3","61","75","baza_2_1.csv","2.1|921745"
"164","2.1","921746","2026-02-28 19:00","Ośrodek Karny Rivii Arena 🎯","Smerfy z Rivii ⚔️⚔️🛡️","130934","Najlepsi z Najlepszych","130520","3:2","3","2","110","91","baza_2_1.csv","2.1|921746"
"164","2.1","921747","2026-02-28 19:00","Mleczne Arena","Sprzeda Mecz","128663","LukTeam","131134","1:3","1","3","62","98","baza_2_1.csv","2.1|921747"
"164","2.1","921748","2026-02-28 19:00","Silver Hall","Silver Arsenal","130505","Saracens","128615","2:3","2","3","91","95","baza_2_1.csv","2.1|921748"
"164","2.1","921749","2026-02-28 19:00","Parkhead","Celtic VC","128735","CF Mleczne Olsztyn","128668","1:3","1","3","76","96","baza_2_1.csv","2.1|921749"
"164","2.1","921750","2026-02-28 19:00","CYTRYNIEC","CYTRYNIEC CHIŃSKI","130809","Young Team","128708","1:3","1","3","75","99","baza_2_1.csv","2.1|921750"
"164","2.1","921751","2026-02-28 19:00","Pogro Arena","Pogromcy Gdańsk","131205","Hydra VT Gdańsk","128612","3:0","3","0","78","70","baza_2_1.csv","2.1|921751"
"164","2.1","921752","2026-02-28 19:00","Janów hall","Błyskawica Janów","131242","Libero Gorzków","128703","2:3","2","3","100","107","baza_2_1.csv","2.1|921752"
"164","2.2","921985","2026-02-28 19:00","LEGO Arena","Czorty Chorzów","130959","Zakład Karny w Strzelinie","128751","3:1","3","1","96","94","baza_2_2.csv","2.2|921985"
"164","2.2","921986","2026-02-28 19:00","MAKDOM ARENA","MAKDOM","128660","UKS Olimp Ostrołęka","128604","1:3","1","3","79","99","baza_2_2.csv","2.2|921986"
"164","2.2","921987","2026-02-28 19:00","Chausseestrasse arena","Rutz","130854","SiatkarskiePodlasie.pl","130565","3:0","3","0","78","67","baza_2_2.csv","2.2|921987"
"164","2.2","921988","2026-02-28 19:00","Mroczna Arena","👽Strażnicy Cienia👽","128711","CSKA Mielec","128613","1:3","1","3","98","99","baza_2_2.csv","2.2|921988"
"164","2.2","921989","2026-02-28 19:00","Wild Hall","Thorn Lynxes","131219","RKS","128588","0:3","0","3","43","75","baza_2_2.csv","2.2|921989"
"164","2.2","921990","2026-02-28 19:00","Hala im. Pawła Kozioła","Ranczo Wilkowyje","130915","Silver Sharks Lublin 🦈","128674","1:3","1","3","98","98","baza_2_2.csv","2.2|921990"
"164","2.2","921991","2026-02-28 19:00","Millennium Arena","Millennium Siemianowice","130955","Bydgoszcz Spartans","128726","3:0","3","0","75","60","baza_2_2.csv","2.2|921991"
"164","2.2","921992","2026-02-28 19:00","Piasterdam Stadium","AJAX PIASTY","130797","Nosmeisy","128686","0:3","0","3","60","75","baza_2_2.csv","2.2|921992"
"164","2.3","922225","2026-02-28 19:00","Silver Pearl Stadium","KS Budowlani Kołacin 👷🏻","128629","Vikings","128756","3:2","3","2","98","101","baza_2_3.csv","2.3|922225"
"164","2.3","922226","2026-02-28 19:00","Kocioł","Budowlani Nysa","130574","Karasuno","128635","1:3","1","3","86","92","baza_2_3.csv","2.3|922226"
"164","2.3","922227","2026-02-28 19:00","Ver","Vernixo","128679","Bolek i lolek 🤙","128586","1:3","1","3","71","93","baza_2_3.csv","2.3|922227"
"164","2.3","922228","2026-02-28 19:00","Zoo","Wściekłe Tygrysy","128782","🦣 KS MAMUTY 🦣","130549","2:3","2","3","104","102","baza_2_3.csv","2.3|922228"
"164","2.3","922229","2026-02-28 19:00","Radomskie Centrum Sportu","RCS Czarni Radom","128600","KKS Gryf Lębork","128809","1:3","1","3","67","102","baza_2_3.csv","2.3|922229"
"164","2.3","922230","2026-02-28 19:00","Torwar","Projekt Warszawa","128614","Polonia Bytom","130871","3:0","3","0","75","49","baza_2_3.csv","2.3|922230"
"164","2.3","922231","2026-02-28 19:00","Hala Orbita","EnergiaPro Gwardia Wrocław","130757","Stara Gwardia Nakło ⚔️","128688","3:1","3","1","101","78","baza_2_3.csv","2.3|922231"
"164","2.3","922232","2026-02-28 19:00","Hala Sportowa w Zabrzu","Zabrzański Górnik","128816","Skoczne Karakany","130767","3:1","3","1","96","85","baza_2_3.csv","2.3|922232"
"164","2.4","922465","2026-02-28 19:00","Mozt","TEXańska Masakra Piłą Ręczną","131293","Unknown Team","128636","1:3","1","3","81","95","baza_2_4.csv","2.4|922465"
"164","2.4","922466","2026-02-28 19:00","Bystra Bochotnica Arena","Bystra Bochotnica","128657","kiczan team zduńska wola","128596","1:3","1","3","86","94","baza_2_4.csv","2.4|922466"
"164","2.4","922467","2026-02-28 19:00","Może zagram","Fc MiSieNieChce","130908","massive dongs","128592","0:3","0","3","21","75","baza_2_4.csv","2.4|922467"
"164","2.4","922468","2026-02-28 19:00","Aviator arena","BH STAL MIELEC","130769","Ohana Gliwice","130945","1:3","1","3","84","89","baza_2_4.csv","2.4|922468"
"164","2.4","922469","2026-02-28 19:00","Torwar","Vamos","128714","BKS Białystok","128644","1:3","1","3","86","98","baza_2_4.csv","2.4|922469"
"164","2.4","922470","2026-02-28 19:00","Sportur Astro","Sivass-Pol De Mare","128794","Alpha","131086","3:0","3","0","75","56","baza_2_4.csv","2.4|922470"
"164","2.4","922471","2026-02-28 19:00","Olimp  Arena","Pioruny  i Grzmoty","130966","Turbo Śpiochy","128578","1:3","1","3","78","97","baza_2_4.csv","2.4|922471"
"164","2.4","922472","2026-02-28 19:00","Kentucky Coffee Roasters Arena","KS Kawoholicy","131724","QUEERTISONEK TEAM","131147","1:3","1","3","79","97","baza_2_4.csv","2.4|922472"
"164","3.1","922705","2026-02-28 17:00","TU Arena","TaUrsy","130537","Team Spiryt Chorzów","130958","0:3","0","3","25","75","baza_3_1.csv","3.1|922705"
"164","3.1","922706","2026-02-28 17:00","KorpoArena","Korporacja Gwiazd Bezrobocia","128595","⭐ Nati ⭐ 1995 ⭐  ∞  ⭐","130585","0:3","0","3","66","77","baza_3_1.csv","3.1|922706"
"164","3.1","922707","2026-02-28 17:00","Kamienieckie Doły","Cargo Kamieniec Ząbkowicki","151049","Bochotnica Celtics","128639","2:3","2","3","113","116","baza_3_1.csv","3.1|922707"
"164","3.1","922708","2026-02-28 17:00","SRS Bernabeu","SRS Katarina","137403","PGE Bubisie Bździochy","130773","1:3","1","3","74","89","baza_3_1.csv","3.1|922708"
"164","3.1","922709","2026-02-28 17:00","Ownz Ya! :: Arena","Team :: Ownz Ya!","130572","Cicely","128704","2:3","2","3","94","105","baza_3_1.csv","3.1|922709"
"164","3.1","922710","2026-02-28 17:00","Hala Azoty","Zaksa Kędzierzyn - Koźle","131200","Avengers","130920","0:3","0","3","20","75","baza_3_1.csv","3.1|922710"
"164","3.1","922711","2026-02-28 17:00","Gniazdo","Orzeł Grzędzice","128728","Renifers","128675","0:3","0","3","40","75","baza_3_1.csv","3.1|922711"
"164","3.1","922712","2026-02-28 17:00","Volley Arena","Vollley Rybnik","137468","Drużyna Pierścienia","141064","1:3","1","3","65","98","baza_3_1.csv","3.1|922712"
"164","3.2","922945","2026-02-28 17:00","Urania Olsztyn","ChudyTeam","130535","Maliniaczki","131020","3:1","3","1","101","91","baza_3_2.csv","3.2|922945"
"164","3.2","922946","2026-02-28 17:00","Grota tajemnic","Czarne plamy","128655","JTCNW Łódź","131093","3:0","3","0","78","69","baza_3_2.csv","3.2|922946"
"164","3.2","922947","2026-02-28 17:00","Storm","WIPP Thunder","128672","ChlopkiTeam","128606","0:3","0","3","51","75","baza_3_2.csv","3.2|922947"
"164","3.2","922948","2026-02-28 17:00","Wylęgarnia Potworów","Nocne Potwory","128803","Plas Kaźmierz","137421","2:3","2","3","108","112","baza_3_2.csv","3.2|922948"
"164","3.2","922949","2026-02-28 17:00","Stodoła 97","VC  Ziębka Team","130503","Fiorentina Nakło","130905","1:3","1","3","80","96","baza_3_2.csv","3.2|922949"
"164","3.2","922950","2026-02-28 17:00","PB Arena","Huragan Białobrzegi","131065","Siatka Krzemieniewo","128597","0:3","0","3","45","75","baza_3_2.csv","3.2|922950"
"164","3.2","922951","2026-02-28 17:00","Lake Arena","Zegrze Nieporęt","131194","CVB Barça","141012","3:0","3","0","75","31","baza_3_2.csv","3.2|922951"
"164","3.2","922952","2026-02-28 17:00","WKS Kielno Arena","Wiejski Klub Kielno","130498","GALACTICOS FC","131018","0:3","0","3","32","75","baza_3_2.csv","3.2|922952"
"164","3.3","923185","2026-02-28 17:00","Urania","Bad Boys Team","128706","Phoenix Fire","128687","0:3","0","3","46","75","baza_3_3.csv","3.3|923185"
"164","3.3","923186","2026-02-28 17:00","Dytto","DragonGAYS Polska","130705","Jeżomyszy🦔z Marsa🪐","130972","0:3","0","3","44","75","baza_3_3.csv","3.3|923186"
"164","3.3","923187","2026-02-28 17:00","NWWALC Stadium","OFIME Targówek","131746","Mazaki VC","131006","1:3","1","3","78","98","baza_3_3.csv","3.3|923187"
"164","3.3","923188","2026-02-28 17:00","NiuniuCamp","NiuniuTeam","137395","Ale co","128694","0:3","0","3","57","75","baza_3_3.csv","3.3|923188"
"164","3.3","923189","2026-02-28 17:00","Drink Arena","Drink Team","141020","RG Olsztyn","128652","0:3","0","3","21","75","baza_3_3.csv","3.3|923189"
"164","3.3","923190","2026-02-28 17:00","Wimbledon","Zduńska Wola Team","128640","!STAL NYSA","130728","0:3","0","3","35","75","baza_3_3.csv","3.3|923190"
"164","3.3","923191","2026-02-28 17:00","RINLZER ARENA","RINZLER","128627","KS Zamienie","141062","3:0","3","0","75","51","baza_3_3.csv","3.3|923191"
"164","3.3","923192","2026-02-28 17:00","Milenium MOSIR","Kotwica Kołobrzeg","128801","FC Misieniechce Radom","130676","3:0","3","0","75","8","baza_3_3.csv","3.3|923192"
"164","3.4","923425","2026-02-28 17:00","Los Rakos arena","Los Rakos","137449","Valiant Boys","130826","3:0","3","0","75","58","baza_3_4.csv","3.4|923425"
"164","3.4","923426","2026-02-28 17:00","Smocza Jama","Smoczy Gród","131131","Sycylijskie Cytryniaki","130704","1:3","1","3","91","101","baza_3_4.csv","3.4|923426"
"164","3.4","923427","2026-02-28 17:00","Leszczyny arena","Volley Leszczyny","137412","eŁKSa1908","130836","0:3","0","3","48","75","baza_3_4.csv","3.4|923427"
"164","3.4","923428","2026-02-28 17:00","Arena Albigowa","SST SPORTUR GMINA ŁAŃCUT","128795","Trefl","131199","0:3","0","3","42","75","baza_3_4.csv","3.4|923428"
"164","3.4","923429","2026-02-28 17:00","GOKSiR Konstancin","IKS Konstancin - Jeziorna","131223","Trefl Gdańsk Pomorze","130509","0:3","0","3","28","75","baza_3_4.csv","3.4|923429"
"164","3.4","923430","2026-02-28 17:00","Niepodległości 11","KS Świt Baranowo","128589","toto","128731","3:0","3","0","75","10","baza_3_4.csv","3.4|923430"
"164","3.4","923431","2026-02-28 17:00","Strzelce Opolskie Arena","PIAST Strzelce Opolskie","130555","Asseco Resovia","131163","3:0","3","0","75","54","baza_3_4.csv","3.4|923431"
"164","3.4","923432","2026-02-28 17:00","Pod niebem u Henia","Potok city","140815","Choroszcza Olsztyn","130774","0:3","0","3","35","75","baza_3_4.csv","3.4|923432"
"164","3.5","923665","2026-02-28 17:00","Volley Arena","SKS Iłżanka Baranów","128715","KKS Kaszubia Kościerzyna","128786","0:3","0","3","63","75","baza_3_5.csv","3.5|923665"
"164","3.5","923666","2026-02-28 17:00","Arena Poznań","PGE Skra Poznań","130781","S-Ninjas","130582","1:3","1","3","71","96","baza_3_5.csv","3.5|923666"
"164","3.5","923667","2026-02-28 17:00","Arena Krosno","Iskra Krosno","128667","OPOLE","130500","2:3","2","3","94","107","baza_3_5.csv","3.5|923667"
"164","3.5","923668","2026-02-28 17:00","KSW ARENA","KSW7","140968","VC BORDER","128622","0:3","0","3","53","75","baza_3_5.csv","3.5|923668"
"164","3.5","923669","2026-02-28 17:00","Dwa słupki i sznurek azt","Aniołki Toruń","130820","CAMORRA VC","130516","0:3","0","3","26","75","baza_3_5.csv","3.5|923669"
"164","3.5","923670","2026-02-28 17:00","Hala Dobra","AKS VOLLEY  DOBRA","141110","RafaTeam Lipusz","130561","0:3","0","3","50","75","baza_3_5.csv","3.5|923670"
"164","3.5","923671","2026-02-28 17:00","Thorn Hall","Bart Thorn","130726","Kosmiczne Mandarynki","128609","3:2","3","2","109","97","baza_3_5.csv","3.5|923671"
"164","3.5","923672","2026-02-28 17:00","Hala Sportowa AKS","AKS Śliw@","128584","ULTRAS-PL","130527","3:0","3","0","75","38","baza_3_5.csv","3.5|923672"
"164","3.6","923905","2026-02-28 17:00","Arena Siemianowice","MKS Siemianowice","128799","Projekt Słomin","128700","3:0","3","0","75","62","baza_3_6.csv","3.6|923905"
"164","3.6","923906","2026-02-28 17:00","Ceremony Place Soreide","Groszowice Soreide","130604","Victoria Wałbrzych","128774","2:3","2","3","103","95","baza_3_6.csv","3.6|923906"
"164","3.6","923907","2026-02-28 17:00","Strongman Arena","RTS.Strongman Małecz","130601","Black Smoke","137347","1:3","1","3","77","91","baza_3_6.csv","3.6|923907"
"164","3.6","923908","2026-02-28 17:00","Arena Twierdza","Twierdza Teodorówka","130591","KS Jastrzębie","130545","1:3","1","3","92","93","baza_3_6.csv","3.6|923908"
"164","3.6","923909","2026-02-28 17:00","Hala Limanowa","KS Limanowa","140814","Browary Hills","130979","0:3","0","3","15","75","baza_3_6.csv","3.6|923909"
"164","3.6","923910","2026-02-28 17:00","Są gorsze areny","Są Gorsi","130693","Ikjas Toruń","131062","0:3","0","3","26","75","baza_3_6.csv","3.6|923910"
"164","3.6","923911","2026-02-28 17:00","Podpromie","SMS Rzeszów","137337","Young Team Reaktywacja","140951","0:3","0","3","27","75","baza_3_6.csv","3.6|923911"
"164","3.6","923912","2026-02-28 17:00","Puszcza","Pogoń Żubr","130564","Kudowianka Kudowa-Zdrój","131235","2:3","2","3","102","109","baza_3_6.csv","3.6|923912"
"164","3.7","924145","2026-02-28 17:00","Meteora Arena","Linkin Park United","130617","Stocznia Gdańsk","130595","0:3","0","3","49","75","baza_3_7.csv","3.7|924145"
"164","3.7","924146","2026-02-28 17:00","Reksio Arena","Mighty Bears","130513","Volania Jeleninhos","131141","1:3","1","3","74","91","baza_3_7.csv","3.7|924146"
"164","3.7","924147","2026-02-28 17:00","Immobile Łuczniczka","BKS Visła Bydgoszcz","131284","AZS Politechnika Poznańska","128759","3:1","3","1","97","68","baza_3_7.csv","3.7|924147"
"164","3.7","924148","2026-02-28 17:00","Haba","Ghrum","130784","KZN","131229","3:2","3","2","111","107","baza_3_7.csv","3.7|924148"
"164","3.7","924149","2026-02-28 17:00","Rotavia Arena","LKS Rotavia Nieporęt","128730","Latające Dżdżownice","140796","1:3","1","3","85","98","baza_3_7.csv","3.7|924149"
"164","3.7","924150","2026-02-28 17:00","Estadio de Brzózka","Dyliżans Brzózka","137454","Orły","137486","2:3","2","3","98","108","baza_3_7.csv","3.7|924150"
"164","3.7","924151","2026-02-28 17:00","FFP Arena","FFP Virtual Volley","130573","Dąbrowskie Pioruny","140781","3:2","3","2","108","88","baza_3_7.csv","3.7|924151"
"164","3.7","924152","2026-02-28 17:00","Janów Darbaz","SDJ Janów","131251","Błysk2","131225","0:3","0","3","51","75","baza_3_7.csv","3.7|924152"
"164","3.8","924385","2026-02-28 17:00","Kolonia Arena","Volley Królewscy Jedlnia","130524","Stilon Gorzów","130891","2:3","2","3","99","104","baza_3_8.csv","3.8|924385"
"164","3.8","924386","2026-02-28 17:00","Fabryczna Union Arena","Budowlani Łódź","128736","Aptekarz Tylmanowa","128720","3:0","3","0","81","60","baza_3_8.csv","3.8|924386"
"164","3.8","924387","2026-02-28 17:00","Hell","Przebój Wolbrom","130621","PGE GIEK Skra Bełchatów","130721","0:3","0","3","54","75","baza_3_8.csv","3.8|924387"
"164","3.8","924388","2026-02-28 17:00","Kiciniowo","Fc Kiciusie","140744","Jang Tim","128677","0:3","0","3","24","75","baza_3_8.csv","3.8|924388"
"164","3.8","924389","2026-02-28 17:00","KND Arena","KndSynu Cios","137411","Rockers Wrocław","128605","0:3","0","3","33","75","baza_3_8.csv","3.8|924389"
"164","3.8","924390","2026-02-28 17:00","Hala Urania","AZS PRIME Olsztyn","137361","Anioły Toruń","130514","1:3","1","3","91","95","baza_3_8.csv","3.8|924390"
"164","3.8","924391","2026-02-28 17:00","Américain Airlines Center","Dallas Mavericks","128666","MKS Dąbrowa Górnicza","128800","0:3","0","3","26","75","baza_3_8.csv","3.8|924391"
"164","3.8","924392","2026-02-28 17:00","Fc","Fc Albatros","131276","ZAKSA ŚWINOUJŚCIE","130896","1:3","1","3","74","88","baza_3_8.csv","3.8|924392"
"164","3.9","924625","2026-02-28 17:00","Volley Citadel","Spartans Volley","130930","Volley Team Piotrków Tryb.","128724","3:0","3","0","76","57","baza_3_9.csv","3.9|924625"
"164","3.9","924626","2026-02-28 17:00","XYZ","ZYX","131059","Volleyball Szubin Team","128579","3:1","3","1","91","78","baza_3_9.csv","3.9|924626"
"164","3.9","924627","2026-02-28 17:00","Bonito Arena","Joga Bonito","137493","ActiVeTeam","128702","0:3","0","3","42","75","baza_3_9.csv","3.9|924627"
"164","3.9","924628","2026-02-28 17:00","Sardegna Hall","Sardegna Volley","137467","Zaksa Mszczonów","130593","0:3","0","3","43","75","baza_3_9.csv","3.9|924628"
"164","3.9","924629","2026-02-28 17:00","Hala Brzeziny","SBX TEAM","140751","Zamek Golub-Dobrzyń","131227","0:3","0","3","47","78","baza_3_9.csv","3.9|924629"
"164","3.9","924630","2026-02-28 17:00","Jaga","Jagiellonia Białystok","140856","Galaxia Kwielice","130973","0:3","0","3","36","75","baza_3_9.csv","3.9|924630"
"164","3.9","924631","2026-02-28 17:00","Malinowa home","Czarni Piasek","128752","SGS Goleniów","137350","0:3","0","3","45","75","baza_3_9.csv","3.9|924631"
"164","3.9","924632","2026-02-28 17:00","Golasowice","Flying Spiders","140867","GSY","130525","0:3","0","3","40","75","baza_3_9.csv","3.9|924632"
"164","3.10","924865","2026-02-28 17:00","Stadion Złotych Orłów","Złote Orły","131740","JednakGramy","128768","1:3","1","3","88","91","baza_3_10.csv","3.10|924865"
"164","3.10","924866","2026-02-28 17:00","Wataha","Polish Wolves","131258","Bydgoszcz Baki","128616","3:1","3","1","99","72","baza_3_10.csv","3.10|924866"
"164","3.10","924867","2026-02-28 17:00","Osyra Stadion","GPT Mysłowice","128747","TKS Jelenie Studzienki","130939","0:3","0","3","53","77","baza_3_10.csv","3.10|924867"
"164","3.10","924868","2026-02-28 17:00","Piernik Arena","Kopernik Toruń","130739","KS Strużanka Baranów","130994","1:3","1","3","91","94","baza_3_10.csv","3.10|924868"
"164","3.10","924869","2026-02-28 17:00","R22","TSW Wisła Kraków","151056","Pancio","128750","0:3","0","3","47","75","baza_3_10.csv","3.10|924869"
"164","3.10","924870","2026-02-28 17:00","Sovia","Tigers","128634","Hot Volley Nysa","128630","0:3","0","3","13","75","baza_3_10.csv","3.10|924870"
"164","3.10","924871","2026-02-28 17:00","Hala Widowiskowa BBOSiR","BBTS Bielsko-Biała","137383","Indykpol AZS Olsztyn","128620","0:3","0","3","35","75","baza_3_10.csv","3.10|924871"
"164","3.10","924872","2026-02-28 17:00","ŁOWICZ ARENA","UKS BŁYSKAWICA ŁOWICZ","130699","KK271","141054","3:0","3","0","76","61","baza_3_10.csv","3.10|924872"
"164","3.11","925105","2026-02-28 17:00","Hala Chrupnięcia","AKS Andrut Kalisz 🧇","128789","Kolorowe Rumaki","131164","0:3","0","3","54","75","baza_3_11.csv","3.11|925105"
"164","3.11","925106","2026-02-28 17:00","Upadła Arena","Latające Imadła","131022","Brute Force","130978","1:3","1","3","83","99","baza_3_11.csv","3.11|925106"
"164","3.11","925107","2026-02-28 17:00","Szklanka Wódki xD","ScorpioN","128617","Pogoń Portowcy","131768","0:3","0","3","64","79","baza_3_11.csv","3.11|925107"
"164","3.11","925108","2026-02-28 17:00","Arena W","Team WWW","131066","PauPau","140825","0:3","0","3","50","77","baza_3_11.csv","3.11|925108"
"164","3.11","925109","2026-02-28 17:00","hala MOSiR","Enea PTPS Piła","128646","Seniorzy Wieluń","130519","0:3","0","3","30","75","baza_3_11.csv","3.11|925109"
"164","3.11","925110","2026-02-28 17:00","ERGO ARENA","NIELOTY GDAŃSK","130946","Kasztaniaki","131735","0:3","0","3","16","75","baza_3_11.csv","3.11|925110"
"164","3.11","925111","2026-02-28 17:00","Decha Arena","Gwoździe","140812","Orzełki Team","137444","0:3","0","3","46","75","baza_3_11.csv","3.11|925111"
"164","3.11","925112","2026-02-28 17:00","Tujniczanka-Łosmanat","FC Łosarnia Tujsk","140910","KS Crusaders","137439","3:0","3","0","75","34","baza_3_11.csv","3.11|925112"
"164","3.12","925345","2026-02-28 17:00","Lesko Arena","Volley Master","130507","🌳Leśne Ludki🌳","131712","3:0","3","0","78","58","baza_3_12.csv","3.12|925345"
"164","3.12","925346","2026-02-28 17:00","Ipsarion","Ipsarion","140952","Zawisza Olsztyn","128659","2:3","2","3","102","96","baza_3_12.csv","3.12|925346"
"164","3.12","925347","2026-02-28 17:00","Konarzewo Arena","KS Konarzewo","137342","The Ops","131290","3:1","3","1","91","84","baza_3_12.csv","3.12|925347"
"164","3.12","925348","2026-02-28 17:00","Match Of The Millennium","Yu-Gi-Oh!","131717","Acapulco Stalion","128733","3:0","3","0","75","62","baza_3_12.csv","3.12|925348"
"164","3.12","925349","2026-02-28 17:00","Prognozy dzisiaj nie będzie","Anię dopadła grypa","140870","300-stuSpartan","137376","0:3","0","3","25","75","baza_3_12.csv","3.12|925349"
"164","3.12","925350","2026-02-28 17:00","B4 Arena","Braniewo Volley","141119","ARM Volley","137419","1:3","1","3","90","100","baza_3_12.csv","3.12|925350"
"164","3.12","925351","2026-02-28 17:00","Niebieskie Piekło","Lube Rzeszów","130863","Olimpia Kowary","137420","3:0","3","0","75","38","baza_3_12.csv","3.12|925351"
"164","3.12","925352","2026-02-28 17:00","Aciu Hall","Aciu Team","131157","Warta Zawiercie","130562","0:3","0","3","21","75","baza_3_12.csv","3.12|925352"
"164","3.13","925585","2026-02-28 17:00","Im. Św. Qbiniego","Aleleble","128628","PolskieOrły","128769","0:3","0","3","69","82","baza_3_13.csv","3.13|925585"
"164","3.13","925586","2026-02-28 17:00","Valhalla","Brave Vikings","131709","ProgressTeam","128806","3:0","3","0","76","69","baza_3_13.csv","3.13|925586"
"164","3.13","925587","2026-02-28 17:00","Lokomotiv Plzen","Raven","140853","☣️ MY TU TEGO BAGNO 💩💩    🔝","130911","0:3","0","3","56","75","baza_3_13.csv","3.13|925587"
"164","3.13","925588","2026-02-28 17:00","MKS1956","MKS ŁĘCZYCA","128741","🐀Ratty Rattas🐀","128707","0:3","0","3","57","78","baza_3_13.csv","3.13|925588"
"164","3.13","925589","2026-02-28 17:00","RD Arena","Red Devils","128725","Spartakus Radom","131248","0:3","0","3","41","75","baza_3_13.csv","3.13|925589"
"164","3.13","925590","2026-02-28 17:00","Hala im. Sędziów","Sędziowie Bydgoszcz","140960","Szmulki","140963","0:3","0","3","10","75","baza_3_13.csv","3.13|925590"
"164","3.13","925591","2026-02-28 17:00","TwentyFive.pl","TwentyFive.pl","130518","LKS  ASERTO Trześń","131723","3:0","3","0","75","50","baza_3_13.csv","3.13|925591"
"164","3.13","925592","2026-02-28 17:00","Olkop Arena","Trentino Młodzieszyn","128599","Unia Leszno","131196","0:3","0","3","10","75","baza_3_13.csv","3.13|925592"
"164","3.14","925825","2026-02-28 17:00","Bebzol","Arbuzy i Kebaby","130611","III Piastowskie","130858","3:1","3","1","89","82","baza_3_14.csv","3.14|925825"
"164","3.14","925826","2026-02-28 17:00","Hit Dome","Hit Happens","131734","KS Brzeziny","128710","1:3","1","3","80","95","baza_3_14.csv","3.14|925826"
"164","3.14","925827","2026-02-28 17:00","Mierzwice Arena","Mierzwicanka Mierzwice","130539","Lajony Kingzz","131747","1:3","1","3","84","96","baza_3_14.csv","3.14|925827"
"164","3.14","925828","2026-02-28 17:00","Hala FC","Farciarze FC","128734","pONczek Team","130540","3:0","3","0","85","68","baza_3_14.csv","3.14|925828"
"164","3.14","925829","2026-02-28 17:00",".......","Zryw","141102","Shtosee volley team","128680","0:3","0","3","52","75","baza_3_14.csv","3.14|925829"
"164","3.14","925830","2026-02-28 17:00","Foxx Volley Arena","Kanzas Foxx","137481","Kubiki","130510","0:3","0","3","32","75","baza_3_14.csv","3.14|925830"
"164","3.14","925831","2026-02-28 17:00","Osir Trzemeszno","Skra Trzemeszno","131217","KS GRABÓW","130543","3:0","3","0","75","44","baza_3_14.csv","3.14|925831"
"164","3.14","925832","2026-02-28 17:00","SANTIAGO BERNABEU","NTS NAKŁO NAD NOTECIĄ","128729","BT ENERGIA","137456","3:0","3","0","75","48","baza_3_14.csv","3.14|925832"
"164","3.15","926065","2026-02-28 17:00","Dobrzynianka","Victoria Dobra","131261","G.T.S. Unia Choceń","128749","1:3","1","3","81","93","baza_3_15.csv","3.15|926065"
"164","3.15","926066","2026-02-28 17:00","Estadio zulito","Lech Sulechów","128625","Finlandia Opole Lubelskie","130910","0:3","0","3","28","75","baza_3_15.csv","3.15|926066"
"164","3.15","926067","2026-02-28 17:00","Makalamabedi","W124","137366","FC Świętopełka 🔥","128802","0:3","0","3","44","75","baza_3_15.csv","3.15|926067"
"164","3.15","926068","2026-02-28 17:00","Hala Mostowa","Śląskie Burrito","131722","JaqbTeam","128695","0:3","0","3","26","75","baza_3_15.csv","3.15|926068"
"164","3.15","926069","2026-02-28 17:00","KS arena","Ks Kedzierzyn","128713","Makosiki","128780","1:3","1","3","69","98","baza_3_15.csv","3.15|926069"
"164","3.15","926070","2026-02-28 17:00","Wierzeje ARENA","Wierzeje","141108","KS Okalew","131073","0:3","0","3","43","75","baza_3_15.csv","3.15|926070"
"164","3.15","926071","2026-02-28 17:00","Urania","AZT Tytan Czestochowa","128743","Gumi-Misie","131244","3:0","3","0","75","55","baza_3_15.csv","3.15|926071"
"164","3.15","926072","2026-02-28 17:00","Sportowa","LTS Feniks Leżajsk","141106","Fenix Siennica","130586","3:1","3","1","91","79","baza_3_15.csv","3.15|926072"
"164","3.16","926305","2026-02-28 17:00","ZNhala","Znienacka team","130933","Blackburn Toruń","128601","0:3","0","3","66","75","baza_3_16.csv","3.16|926305"
"164","3.16","926306","2026-02-28 17:00","Arena Łódź Podwodna","AquaSharks","128771","Złote Wilki","128790","1:3","1","3","71","93","baza_3_16.csv","3.16|926306"
"164","3.16","926307","2026-02-28 17:00","PRAFIL ARENA","PGJ Azoty","130845","V-DRIFTERS","131254","0:3","0","3","48","75","baza_3_16.csv","3.16|926307"
"164","3.16","926308","2026-02-28 17:00","Łu tu tu tu","La Vida Loca","131011","Lance Armstrong","131718","0:3","0","3","20","75","baza_3_16.csv","3.16|926308"
"164","3.16","926309","2026-02-28 17:00","Sportowa","Gryf Policzna","140747","sanah","131179","0:3","0","3","5","75","baza_3_16.csv","3.16|926309"
"164","3.16","926310","2026-02-28 17:00","Hala Miejska","PKS Choszczno","140884","GizoTeam","128693","0:3","0","3","33","75","baza_3_16.csv","3.16|926310"
"164","3.16","926311","2026-02-28 17:00","Spodek Głuchołazy","Zadar Głuchołazy","128664","Juve","131236","3:1","3","1","95","79","baza_3_16.csv","3.16|926311"
"164","3.16","926312","2026-02-28 17:00","Die Freie Stadt Danzig Sporthalle","Die Freie Stadt Danzig","130661","🪿⎛⎝( ` ᢍ ´ )⎠⎞ᵐᵘʰᵃʰᵃ🦇","131021","1:3","1","3","64","91","baza_3_16.csv","3.16|926312"
"164","1.1","921497","2026-02-26 19:00","Ergo Małomice","Penguin Małomice","128781","Dano Dream Team","130607","1:3","1","3","80","94","baza_1_1.csv","1.1|921497"
"164","1.1","921498","2026-02-26 19:00","Arena W-W","Wratislawia Wrocław","128772","Go Tigers","128631","3:0","3","0","75","60","baza_1_1.csv","1.1|921498"
"164","1.1","921499","2026-02-26 19:00","Hala sportowa w Zduńskiej Woli","Volleyball Team Zduńska Wola","128603","Incognito Volley","128619","3:2","3","2","110","95","baza_1_1.csv","1.1|921499"
"164","1.1","921500","2026-02-26 19:00","Arena of Rzeplin","Tsunami Rzeplin","128717","ZAKSA Bochotnica","128722","1:3","1","3","80","98","baza_1_1.csv","1.1|921500"
"164","1.1","921501","2026-02-26 19:00","Kanciapa u Tumaxa","Dzikie Rumaxy","128638","DHARMA Initiative","128577","3:2","3","2","109","107","baza_1_1.csv","1.1|921501"
"164","1.1","921502","2026-02-26 19:00","Bugaj Arena","Pilica Koniecpol","130885","Kuźnia Byków","130744","1:3","1","3","89","90","baza_1_1.csv","1.1|921502"
"164","1.1","921503","2026-02-26 19:00","Kudahuvadhoo 🏝️","Carplife 🇵🇱","130954","AKS Volley Łódź","131002","2:3","2","3","117","117","baza_1_1.csv","1.1|921503"
"164","1.1","921504","2026-02-26 19:00","Qweta","VC Kittens","128580","Smerfy","128764","3:0","3","0","75","54","baza_1_1.csv","1.1|921504"
"164","2.1","921737","2026-02-26 19:00","Janów hall","Błyskawica Janów","131242","Velen Volleyball Club","128684","1:3","1","3","64","95","baza_2_1.csv","2.1|921737"
"164","2.1","921738","2026-02-26 19:00","Hala 134","Libero Gorzków","128703","Pogromcy Gdańsk","131205","2:3","2","3","102","110","baza_2_1.csv","2.1|921738"
"164","2.1","921739","2026-02-26 19:00","7l z Pepsi Arena","Hydra VT Gdańsk","128612","CYTRYNIEC CHIŃSKI","130809","3:0","3","0","75","59","baza_2_1.csv","2.1|921739"
"164","2.1","921740","2026-02-26 19:00","Szpil Plac u Gerusia","Young Team","128708","Celtic VC","128735","3:0","3","0","81","71","baza_2_1.csv","2.1|921740"
"164","2.1","921741","2026-02-26 19:00","Urania","CF Mleczne Olsztyn","128668","Silver Arsenal","130505","3:0","3","0","75","44","baza_2_1.csv","2.1|921741"
"164","2.1","921742","2026-02-26 19:00","Piekło","Saracens","128615","Sprzeda Mecz","128663","1:3","1","3","67","95","baza_2_1.csv","2.1|921742"
"164","2.1","921743","2026-02-26 19:00","LukArena","LukTeam","131134","Smerfy z Rivii ⚔️⚔️🛡️","130934","3:1","3","1","99","93","baza_2_1.csv","2.1|921743"
"164","2.1","921744","2026-02-26 19:00","Field House","Miesiany Miesiany","128676","Najlepsi z Najlepszych","130520","2:3","2","3","109","114","baza_2_1.csv","2.1|921744"
"164","2.2","921977","2026-02-26 19:00","Piasterdam Stadium","AJAX PIASTY","130797","Zakład Karny w Strzelinie","128751","3:2","3","2","104","100","baza_2_2.csv","2.2|921977"
"164","2.2","921978","2026-02-26 19:00","Zimorodek","Nosmeisy","128686","Millennium Siemianowice","130955","2:3","2","3","100","108","baza_2_2.csv","2.2|921978"
"164","2.2","921979","2026-02-26 19:00","Sisu Arena","Bydgoszcz Spartans","128726","Ranczo Wilkowyje","130915","0:3","0","3","59","77","baza_2_2.csv","2.2|921979"
"164","2.2","921980","2026-02-26 19:00","UMCS Hala Sportowa","Silver Sharks Lublin 🦈","128674","Thorn Lynxes","131219","3:0","3","0","75","57","baza_2_2.csv","2.2|921980"
"164","2.2","921981","2026-02-26 19:00","Ursus Arena","RKS","128588","👽Strażnicy Cienia👽","128711","3:2","3","2","114","102","baza_2_2.csv","2.2|921981"
"164","2.2","921982","2026-02-26 19:00","CSKA Arena","CSKA Mielec","128613","Rutz","130854","3:1","3","1","97","84","baza_2_2.csv","2.2|921982"
"164","2.2","921983","2026-02-26 19:00","Siatkarskie Podlasie","SiatkarskiePodlasie.pl","130565","MAKDOM","128660","0:3","0","3","58","76","baza_2_2.csv","2.2|921983"
"164","2.2","921984","2026-02-26 19:00","LEGO Arena","Czorty Chorzów","130959","UKS Olimp Ostrołęka","128604","1:3","1","3","92","97","baza_2_2.csv","2.2|921984"
"164","2.3","922217","2026-02-26 19:00","Hala Sportowa w Zabrzu","Zabrzański Górnik","128816","Vikings","128756","2:3","2","3","102","108","baza_2_3.csv","2.3|922217"
"164","2.3","922218","2026-02-26 19:00","Karakanówka","Skoczne Karakany","130767","EnergiaPro Gwardia Wrocław","130757","1:3","1","3","74","95","baza_2_3.csv","2.3|922218"
"164","2.3","922219","2026-02-26 19:00","Forteca Nakło","Stara Gwardia Nakło ⚔️","128688","Projekt Warszawa","128614","3:1","3","1","97","71","baza_2_3.csv","2.3|922219"
"164","2.3","922220","2026-02-26 19:00","Polonijny młyn","Polonia Bytom","130871","RCS Czarni Radom","128600","3:0","3","0","75","51","baza_2_3.csv","2.3|922220"
"164","2.3","922221","2026-02-26 19:00","Hala Gryfia","KKS Gryf Lębork","128809","Wściekłe Tygrysy","128782","1:3","1","3","91","95","baza_2_3.csv","2.3|922221"
"164","2.3","922222","2026-02-26 19:00","🦣 Mamut Area 🦣","🦣 KS MAMUTY 🦣","130549","Vernixo","128679","2:3","2","3","105","107","baza_2_3.csv","2.3|922222"
"164","2.3","922223","2026-02-26 19:00","Hala im. TW Bolka","Bolek i lolek 🤙","128586","Budowlani Nysa","130574","3:1","3","1","95","82","baza_2_3.csv","2.3|922223"
"164","2.3","922224","2026-02-26 19:00","Silver Pearl Stadium","KS Budowlani Kołacin 👷🏻","128629","Karasuno","128635","1:3","1","3","80","88","baza_2_3.csv","2.3|922224"
"164","2.4","922457","2026-02-26 19:00","Kentucky Coffee Roasters Arena","KS Kawoholicy","131724","Unknown Team","128636","3:2","3","2","99","102","baza_2_4.csv","2.4|922457"
"164","2.4","922458","2026-02-26 19:00","QUEERTISONEK","QUEERTISONEK TEAM","131147","Pioruny  i Grzmoty","130966","2:3","2","3","104","108","baza_2_4.csv","2.4|922458"
"164","2.4","922459","2026-02-26 19:00","wyrko rodzinne","Turbo Śpiochy","128578","Sivass-Pol De Mare","128794","2:3","2","3","94","102","baza_2_4.csv","2.4|922459"
"164","2.4","922460","2026-02-26 19:00","Alpha Arena","Alpha","131086","Vamos","128714","3:2","3","2","100","98","baza_2_4.csv","2.4|922460"
"164","2.4","922461","2026-02-26 19:00","BKS ARENA","BKS Białystok","128644","BH STAL MIELEC","130769","3:2","3","2","102","102","baza_2_4.csv","2.4|922461"
"164","2.4","922462","2026-02-26 19:00","Aloha Arena","Ohana Gliwice","130945","Fc MiSieNieChce","130908","3:0","3","0","75","39","baza_2_4.csv","2.4|922462"
"164","2.4","922463","2026-02-26 19:00","we no WHO U r","massive dongs","128592","Bystra Bochotnica","128657","2:3","2","3","103","106","baza_2_4.csv","2.4|922463"
"164","2.4","922464","2026-02-26 19:00","Mozt","TEXańska Masakra Piłą Ręczną","131293","kiczan team zduńska wola","128596","0:3","0","3","58","76","baza_2_4.csv","2.4|922464"
"164","3.1","922697","2026-02-26 17:00","Volley Arena","Vollley Rybnik","137468","Team Spiryt Chorzów","130958","0:3","0","3","44","75","baza_3_1.csv","3.1|922697"
"164","3.1","922698","2026-02-26 17:00","Rohan","Drużyna Pierścienia","141064","Orzeł Grzędzice","128728","3:1","3","1","97","58","baza_3_1.csv","3.1|922698"
"164","3.1","922699","2026-02-26 17:00","Renifers Hall","Renifers","128675","Zaksa Kędzierzyn - Koźle","131200","3:0","3","0","75","15","baza_3_1.csv","3.1|922699"
"164","3.1","922700","2026-02-26 17:00","Avengers Arena","Avengers","130920","Team :: Ownz Ya!","130572","3:0","3","0","75","35","baza_3_1.csv","3.1|922700"
"164","3.1","922701","2026-02-26 17:00","Cicely Arena","Cicely","128704","SRS Katarina","137403","0:3","0","3","53","75","baza_3_1.csv","3.1|922701"
"164","3.1","922702","2026-02-26 17:00","Bździochy Arena","PGE Bubisie Bździochy","130773","Cargo Kamieniec Ząbkowicki","151049","0:3","0","3","47","75","baza_3_1.csv","3.1|922702"
"164","3.1","922703","2026-02-26 17:00","Celtics Hall","Bochotnica Celtics","128639","Korporacja Gwiazd Bezrobocia","128595","3:1","3","1","98","86","baza_3_1.csv","3.1|922703"
"164","3.1","922704","2026-02-26 17:00","TU Arena","TaUrsy","130537","⭐ Nati ⭐ 1995 ⭐  ∞  ⭐","130585","0:3","0","3","13","75","baza_3_1.csv","3.1|922704"
"164","3.2","922937","2026-02-26 17:00","WKS Kielno Arena","Wiejski Klub Kielno","130498","Maliniaczki","131020","0:3","0","3","11","75","baza_3_2.csv","3.2|922937"
"164","3.2","922938","2026-02-26 17:00","ARENA KENTUCKY","GALACTICOS FC","131018","Zegrze Nieporęt","131194","1:3","1","3","59","98","baza_3_2.csv","3.2|922938"
"164","3.2","922939","2026-02-26 17:00","Palau Blaugrana","CVB Barça","141012","Huragan Białobrzegi","131065","3:2","3","2","106","109","baza_3_2.csv","3.2|922939"
"164","3.2","922940","2026-02-26 17:00","Hala Sportowa","Siatka Krzemieniewo","128597","VC  Ziębka Team","130503","0:3","0","3","67","76","baza_3_2.csv","3.2|922940"
"164","3.2","922941","2026-02-26 17:00","LZS ARENA","Fiorentina Nakło","130905","Nocne Potwory","128803","2:3","2","3","104","102","baza_3_2.csv","3.2|922941"
"164","3.2","922942","2026-02-26 17:00","Kaźmierzanka","Plas Kaźmierz","137421","WIPP Thunder","128672","3:0","3","0","75","56","baza_3_2.csv","3.2|922942"
"164","3.2","922943","2026-02-26 17:00","Arena Chłopów","ChlopkiTeam","128606","Czarne plamy","128655","3:2","3","2","112","110","baza_3_2.csv","3.2|922943"
"164","3.2","922944","2026-02-26 17:00","Urania Olsztyn","ChudyTeam","130535","JTCNW Łódź","131093","3:0","3","0","75","55","baza_3_2.csv","3.2|922944"
"164","3.3","923177","2026-02-26 17:00","Milenium MOSIR","Kotwica Kołobrzeg","128801","Phoenix Fire","128687","0:3","0","3","36","75","baza_3_3.csv","3.3|923177"
"164","3.3","923178","2026-02-26 17:00","Misieniechce Radom Arena","FC Misieniechce Radom","130676","RINZLER","128627","0:3","0","3","12","75","baza_3_3.csv","3.3|923178"
"164","3.3","923179","2026-02-26 17:00","Meduza","KS Zamienie","141062","Zduńska Wola Team","128640","3:0","3","0","75","54","baza_3_3.csv","3.3|923179"
"164","3.3","923180","2026-02-26 17:00","KOCIOŁ","!STAL NYSA","130728","Drink Team","141020","3:0","3","0","75","22","baza_3_3.csv","3.3|923180"
"164","3.3","923181","2026-02-26 17:00","RG Arena","RG Olsztyn","128652","NiuniuTeam","137395","1:3","1","3","73","88","baza_3_3.csv","3.3|923181"
"164","3.3","923182","2026-02-26 17:00","Ale co","Ale co","128694","OFIME Targówek","131746","3:1","3","1","91","91","baza_3_3.csv","3.3|923182"
"164","3.3","923183","2026-02-26 17:00","Mazakowa hala sportowa","Mazaki VC","131006","DragonGAYS Polska","130705","3:1","3","1","108","93","baza_3_3.csv","3.3|923183"
"164","3.3","923184","2026-02-26 17:00","Urania","Bad Boys Team","128706","Jeżomyszy🦔z Marsa🪐","130972","0:3","0","3","52","75","baza_3_3.csv","3.3|923184"
"164","3.4","923417","2026-02-26 17:00","Pod niebem u Henia","Potok city","140815","Valiant Boys","130826","0:3","0","3","45","75","baza_3_4.csv","3.4|923417"
"164","3.4","923418","2026-02-26 17:00","Urania","Choroszcza Olsztyn","130774","PIAST Strzelce Opolskie","130555","3:0","3","0","75","49","baza_3_4.csv","3.4|923418"
"164","3.4","923419","2026-02-26 17:00","Podpromie","Asseco Resovia","131163","KS Świt Baranowo","128589","0:3","0","3","33","75","baza_3_4.csv","3.4|923419"
"164","3.4","923420","2026-02-26 17:00","toto","toto","128731","IKS Konstancin - Jeziorna","131223","0:3","0","3","9","75","baza_3_4.csv","3.4|923420"
"164","3.4","923421","2026-02-26 17:00","Aqua Baltic Arena","Trefl Gdańsk Pomorze","130509","SST SPORTUR GMINA ŁAŃCUT","128795","3:1","3","1","98","81","baza_3_4.csv","3.4|923421"
"164","3.4","923422","2026-02-26 17:00","Trefl Arena","Trefl","131199","Volley Leszczyny","137412","3:0","3","0","76","50","baza_3_4.csv","3.4|923422"
"164","3.4","923423","2026-02-26 17:00","Ultras1908","eŁKSa1908","130836","Smoczy Gród","131131","3:1","3","1","94","77","baza_3_4.csv","3.4|923423"
"164","3.4","923424","2026-02-26 17:00","Los Rakos arena","Los Rakos","137449","Sycylijskie Cytryniaki","130704","3:0","3","0","78","66","baza_3_4.csv","3.4|923424"
"164","3.5","923657","2026-02-26 17:00","Hala Sportowa AKS","AKS Śliw@","128584","KKS Kaszubia Kościerzyna","128786","0:3","0","3","35","75","baza_3_5.csv","3.5|923657"
"164","3.5","923658","2026-02-26 17:00","ULTRAS ARENA","ULTRAS-PL","130527","Bart Thorn","130726","0:3","0","3","47","75","baza_3_5.csv","3.5|923658"
"164","3.5","923659","2026-02-26 17:00","Public Enemies","Kosmiczne Mandarynki","128609","AKS VOLLEY  DOBRA","141110","1:3","1","3","93","89","baza_3_5.csv","3.5|923659"
"164","3.5","923660","2026-02-26 17:00","MOSiR LIPUSZ","RafaTeam Lipusz","130561","Aniołki Toruń","130820","3:0","3","0","75","43","baza_3_5.csv","3.5|923660"
"164","3.5","923661","2026-02-26 17:00","Halaaa","CAMORRA VC","130516","KSW7","140968","3:0","3","0","75","55","baza_3_5.csv","3.5|923661"
"164","3.5","923662","2026-02-26 17:00","H69","VC BORDER","128622","Iskra Krosno","128667","2:3","2","3","88","102","baza_3_5.csv","3.5|923662"
"164","3.5","923663","2026-02-26 17:00","OPOLE_ARENA","OPOLE","130500","PGE Skra Poznań","130781","3:2","3","2","103","94","baza_3_5.csv","3.5|923663"
"164","3.5","923664","2026-02-26 17:00","Volley Arena","SKS Iłżanka Baranów","128715","S-Ninjas","130582","1:3","1","3","85","96","baza_3_5.csv","3.5|923664"
"164","3.6","923897","2026-02-26 17:00","Puszcza","Pogoń Żubr","130564","Projekt Słomin","128700","0:3","0","3","37","75","baza_3_6.csv","3.6|923897"
"164","3.6","923898","2026-02-26 17:00","KCKiS","Kudowianka Kudowa-Zdrój","131235","SMS Rzeszów","137337","3:0","3","0","75","26","baza_3_6.csv","3.6|923898"
"164","3.6","923899","2026-02-26 17:00","Boisko na polu","Young Team Reaktywacja","140951","Są Gorsi","130693","3:1","3","1","97","79","baza_3_6.csv","3.6|923899"
"164","3.6","923900","2026-02-26 17:00","Ikjas Arena","Ikjas Toruń","131062","KS Limanowa","140814","3:0","3","0","75","14","baza_3_6.csv","3.6|923900"
"164","3.6","923901","2026-02-26 17:00","Browar","Browary Hills","130979","Twierdza Teodorówka","130591","2:3","2","3","100","99","baza_3_6.csv","3.6|923901"
"164","3.6","923902","2026-02-26 17:00","HSW Jastrzębie Zdrój","KS Jastrzębie","130545","RTS.Strongman Małecz","130601","3:0","3","0","75","48","baza_3_6.csv","3.6|923902"
"164","3.6","923903","2026-02-26 17:00","The Others Arena","Black Smoke","137347","Groszowice Soreide","130604","1:3","1","3","74","91","baza_3_6.csv","3.6|923903"
"164","3.6","923904","2026-02-26 17:00","Arena Siemianowice","MKS Siemianowice","128799","Victoria Wałbrzych","128774","3:1","3","1","95","74","baza_3_6.csv","3.6|923904"
"164","3.7","924137","2026-02-26 17:00","Janów Darbaz","SDJ Janów","131251","Stocznia Gdańsk","130595","0:3","0","3","28","75","baza_3_7.csv","3.7|924137"
"164","3.7","924138","2026-02-26 17:00","Arena Wielkoludów","Błysk2","131225","FFP Virtual Volley","130573","3:0","3","0","75","30","baza_3_7.csv","3.7|924138"
"164","3.7","924139","2026-02-26 17:00","GROZA","Dąbrowskie Pioruny","140781","Dyliżans Brzózka","137454","0:3","0","3","20","75","baza_3_7.csv","3.7|924139"
"164","3.7","924140","2026-02-26 17:00","Hala Orłów","Orły","137486","LKS Rotavia Nieporęt","128730","2:3","2","3","104","108","baza_3_7.csv","3.7|924140"
"164","3.7","924141","2026-02-26 17:00","Spulchniona Ziemia","Latające Dżdżownice","140796","Ghrum","130784","1:3","1","3","96","95","baza_3_7.csv","3.7|924141"
"164","3.7","924142","2026-02-26 17:00","KZN","KZN","131229","BKS Visła Bydgoszcz","131284","0:3","0","3","45","75","baza_3_7.csv","3.7|924142"
"164","3.7","924143","2026-02-26 17:00","Hala PP Piotrowo","AZS Politechnika Poznańska","128759","Mighty Bears","130513","3:0","3","0","75","51","baza_3_7.csv","3.7|924143"
"164","3.7","924144","2026-02-26 17:00","Meteora Arena","Linkin Park United","130617","Volania Jeleninhos","131141","3:1","3","1","87","72","baza_3_7.csv","3.7|924144"
"164","3.8","924377","2026-02-26 17:00","Fc","Fc Albatros","131276","Stilon Gorzów","130891","0:3","0","3","32","75","baza_3_8.csv","3.8|924377"
"164","3.8","924378","2026-02-26 17:00","zAKSA ARENA","ZAKSA ŚWINOUJŚCIE","130896","Dallas Mavericks","128666","3:0","3","0","75","27","baza_3_8.csv","3.8|924378"
"164","3.8","924379","2026-02-26 17:00","HALA CENTRUM","MKS Dąbrowa Górnicza","128800","AZS PRIME Olsztyn","137361","3:0","3","0","75","55","baza_3_8.csv","3.8|924379"
"164","3.8","924380","2026-02-26 17:00","Arena Toruń","Anioły Toruń","130514","KndSynu Cios","137411","0:3","0","3","54","75","baza_3_8.csv","3.8|924380"
"164","3.8","924381","2026-02-26 17:00","Rock Arena","Rockers Wrocław","128605","Fc Kiciusie","140744","3:0","3","0","75","48","baza_3_8.csv","3.8|924381"
"164","3.8","924382","2026-02-26 17:00","Na Hasioku","Jang Tim","128677","Przebój Wolbrom","130621","3:0","3","0","75","55","baza_3_8.csv","3.8|924382"
"164","3.8","924383","2026-02-26 17:00","Hala Energia","PGE GIEK Skra Bełchatów","130721","Budowlani Łódź","128736","1:3","1","3","85","93","baza_3_8.csv","3.8|924383"
"164","3.8","924384","2026-02-26 17:00","Kolonia Arena","Volley Królewscy Jedlnia","130524","Aptekarz Tylmanowa","128720","3:1","3","1","93","85","baza_3_8.csv","3.8|924384"
"164","3.9","924617","2026-02-26 17:00","Golasowice","Flying Spiders","140867","Volley Team Piotrków Tryb.","128724","0:3","0","3","36","75","baza_3_9.csv","3.9|924617"
"164","3.9","924618","2026-02-26 17:00","DORCAN","GSY","130525","Czarni Piasek","128752","3:0","3","0","75","45","baza_3_9.csv","3.9|924618"
"164","3.9","924619","2026-02-26 17:00","SGS Arena","SGS Goleniów","137350","Jagiellonia Białystok","140856","3:0","3","0","75","26","baza_3_9.csv","3.9|924619"
"164","3.9","924620","2026-02-26 17:00","Hall of Glory","Galaxia Kwielice","130973","SBX TEAM","140751","3:1","3","1","99","82","baza_3_9.csv","3.9|924620"
"164","3.9","924621","2026-02-26 17:00","OSiR Golub-Dobrzyń","Zamek Golub-Dobrzyń","131227","Sardegna Volley","137467","3:0","3","0","75","51","baza_3_9.csv","3.9|924621"
"164","3.9","924622","2026-02-26 17:00","OSiR","Zaksa Mszczonów","130593","Joga Bonito","137493","3:0","3","0","75","40","baza_3_9.csv","3.9|924622"
"164","3.9","924623","2026-02-26 17:00","HalaAT","ActiVeTeam","128702","ZYX","131059","0:3","0","3","65","76","baza_3_9.csv","3.9|924623"
"164","3.9","924624","2026-02-26 17:00","Volley Citadel","Spartans Volley","130930","Volleyball Szubin Team","128579","0:3","0","3","51","75","baza_3_9.csv","3.9|924624"
"164","3.10","924857","2026-02-26 17:00","ŁOWICZ ARENA","UKS BŁYSKAWICA ŁOWICZ","130699","JednakGramy","128768","0:3","0","3","45","75","baza_3_10.csv","3.10|924857"
"164","3.10","924858","2026-02-26 17:00","AWZAN 271","KK271","141054","BBTS Bielsko-Biała","137383","3:2","3","2","101","96","baza_3_10.csv","3.10|924858"
"164","3.10","924859","2026-02-26 17:00","Hala Urania","Indykpol AZS Olsztyn","128620","Tigers","128634","3:0","3","0","75","12","baza_3_10.csv","3.10|924859"
"164","3.10","924860","2026-02-26 17:00","Fire Ball Arena","Hot Volley Nysa","128630","TSW Wisła Kraków","151056","3:0","3","0","75","53","baza_3_10.csv","3.10|924860"
"164","3.10","924861","2026-02-26 17:00","Osir","Pancio","128750","Kopernik Toruń","130739","3:0","3","0","78","60","baza_3_10.csv","3.10|924861"
"164","3.10","924862","2026-02-26 17:00","Arena Baranów","KS Strużanka Baranów","130994","GPT Mysłowice","128747","0:3","0","3","57","75","baza_3_10.csv","3.10|924862"
"164","3.10","924863","2026-02-26 17:00","Hala sportowa w Paterku ul. Kcyńska 6A","TKS Jelenie Studzienki","130939","Polish Wolves","131258","3:0","3","0","75","64","baza_3_10.csv","3.10|924863"
"164","3.10","924864","2026-02-26 17:00","Stadion Złotych Orłów","Złote Orły","131740","Bydgoszcz Baki","128616","3:1","3","1","97","74","baza_3_10.csv","3.10|924864"
"164","3.11","925097","2026-02-26 17:00","Tujniczanka-Łosmanat","FC Łosarnia Tujsk","140910","Kolorowe Rumaki","131164","0:3","0","3","35","75","baza_3_11.csv","3.11|925097"
"164","3.11","925098","2026-02-26 17:00","Crusaders Hall","KS Crusaders","137439","Gwoździe","140812","3:0","3","0","75","42","baza_3_11.csv","3.11|925098"
"164","3.11","925099","2026-02-26 17:00","Hala Orzełek","Orzełki Team","137444","NIELOTY GDAŃSK","130946","3:0","3","0","75","36","baza_3_11.csv","3.11|925099"
"164","3.11","925100","2026-02-26 17:00","Kasztan","Kasztaniaki","131735","Enea PTPS Piła","128646","3:0","3","0","75","43","baza_3_11.csv","3.11|925100"
"164","3.11","925101","2026-02-26 17:00","Arena Wieluń","Seniorzy Wieluń","130519","Team WWW","131066","3:0","3","0","75","50","baza_3_11.csv","3.11|925101"
"164","3.11","925102","2026-02-26 17:00","PauPau Arena","PauPau","140825","ScorpioN","128617","3:1","3","1","98","78","baza_3_11.csv","3.11|925102"
"164","3.11","925103","2026-02-26 17:00","Pogoń Arena","Pogoń Portowcy","131768","Latające Imadła","131022","1:3","1","3","80","98","baza_3_11.csv","3.11|925103"
"164","3.11","925104","2026-02-26 17:00","Hala Chrupnięcia","AKS Andrut Kalisz 🧇","128789","Brute Force","130978","0:3","0","3","46","75","baza_3_11.csv","3.11|925104"
"164","3.12","925337","2026-02-26 17:00","Aciu Hall","Aciu Team","131157","🌳Leśne Ludki🌳","131712","0:3","0","3","27","75","baza_3_12.csv","3.12|925337"
"164","3.12","925338","2026-02-26 17:00","Arena Zawiercie","Warta Zawiercie","130562","Lube Rzeszów","130863","3:0","3","0","75","33","baza_3_12.csv","3.12|925338"
"164","3.12","925339","2026-02-26 17:00","Immobile Kowary","Olimpia Kowary","137420","Braniewo Volley","141119","1:3","1","3","55","94","baza_3_12.csv","3.12|925339"
"164","3.12","925340","2026-02-26 17:00","Masuria Palace","ARM Volley","137419","Anię dopadła grypa","140870","3:0","3","0","75","34","baza_3_12.csv","3.12|925340"
"164","3.12","925341","2026-02-26 17:00","Sparta","300-stuSpartan","137376","Yu-Gi-Oh!","131717","0:3","0","3","49","75","baza_3_12.csv","3.12|925341"
"164","3.12","925342","2026-02-26 17:00","Losir Luboń","Acapulco Stalion","128733","KS Konarzewo","137342","3:2","3","2","101","97","baza_3_12.csv","3.12|925342"
"164","3.12","925343","2026-02-26 17:00","Bagno","The Ops","131290","Ipsarion","140952","3:1","3","1","93","86","baza_3_12.csv","3.12|925343"
"164","3.12","925344","2026-02-26 17:00","Lesko Arena","Volley Master","130507","Zawisza Olsztyn","128659","1:3","1","3","96","97","baza_3_12.csv","3.12|925344"
"164","3.13","925577","2026-02-26 17:00","Olkop Arena","Trentino Młodzieszyn","128599","PolskieOrły","128769","0:3","0","3","18","75","baza_3_13.csv","3.13|925577"
"164","3.13","925578","2026-02-26 17:00","Leszno Arena","Unia Leszno","131196","TwentyFive.pl","130518","3:2","3","2","107","100","baza_3_13.csv","3.13|925578"
"164","3.13","925579","2026-02-26 17:00","Hala Cześniosko","LKS  ASERTO Trześń","131723","Sędziowie Bydgoszcz","140960","3:0","3","0","75","16","baza_3_13.csv","3.13|925579"
"164","3.13","925580","2026-02-26 17:00","Szmulki","Szmulki","140963","Red Devils","128725","3:2","3","2","111","107","baza_3_13.csv","3.13|925580"
"164","3.13","925581","2026-02-26 17:00","Szczoty","Spartakus Radom","131248","MKS ŁĘCZYCA","128741","3:0","3","0","75","51","baza_3_13.csv","3.13|925581"
"164","3.13","925582","2026-02-26 17:00","Rat Arena","🐀Ratty Rattas🐀","128707","Raven","140853","3:0","3","0","75","53","baza_3_13.csv","3.13|925582"
"164","3.13","925583","2026-02-26 17:00","TUR TUREK KOCIOŁ SILNIK PODKRĘCONY TEJ","☣️ MY TU TEGO BAGNO 💩💩    🔝","130911","Brave Vikings","131709","3:2","3","2","107","102","baza_3_13.csv","3.13|925583"
"164","3.13","925584","2026-02-26 17:00","Im. Św. Qbiniego","Aleleble","128628","ProgressTeam","128806","3:1","3","1","98","88","baza_3_13.csv","3.13|925584"
"164","3.14","925817","2026-02-26 17:00","SANTIAGO BERNABEU","NTS NAKŁO NAD NOTECIĄ","128729","III Piastowskie","130858","0:3","0","3","37","75","baza_3_14.csv","3.14|925817"
"164","3.14","925818","2026-02-26 17:00","Energia","BT ENERGIA","137456","Skra Trzemeszno","131217","0:3","0","3","27","75","baza_3_14.csv","3.14|925818"
"164","3.14","925819","2026-02-26 17:00","Hala Grabów Stadium","KS GRABÓW","130543","Kanzas Foxx","137481","3:0","3","0","75","34","baza_3_14.csv","3.14|925819"
"164","3.14","925820","2026-02-26 17:00","Kubikownia","Kubiki","130510","Zryw","141102","3:1","3","1","98","91","baza_3_14.csv","3.14|925820"
"164","3.14","925821","2026-02-26 17:00","Shtosee Sky arena","Shtosee volley team","128680","Farciarze FC","128734","0:3","0","3","31","75","baza_3_14.csv","3.14|925821"
"164","3.14","925822","2026-02-26 17:00","pONczek Arena","pONczek Team","130540","Mierzwicanka Mierzwice","130539","3:1","3","1","93","86","baza_3_14.csv","3.14|925822"
"164","3.14","925823","2026-02-26 17:00","Lions Stadium","Lajony Kingzz","131747","Hit Happens","131734","3:2","3","2","104","102","baza_3_14.csv","3.14|925823"
"164","3.14","925824","2026-02-26 17:00","Bebzol","Arbuzy i Kebaby","130611","KS Brzeziny","128710","3:0","3","0","75","56","baza_3_14.csv","3.14|925824"
"164","3.15","926057","2026-02-26 17:00","Sportowa","LTS Feniks Leżajsk","141106","G.T.S. Unia Choceń","128749","0:3","0","3","28","75","baza_3_15.csv","3.15|926057"
"164","3.15","926058","2026-02-26 17:00","Ultras Hall","Fenix Siennica","130586","AZT Tytan Czestochowa","128743","0:3","0","3","37","75","baza_3_15.csv","3.15|926058"
"164","3.15","926059","2026-02-26 17:00","Misiakowo","Gumi-Misie","131244","Wierzeje","141108","3:2","3","2","98","101","baza_3_15.csv","3.15|926059"
"164","3.15","926060","2026-02-26 17:00","Hala Sportowa Okalew","KS Okalew","131073","Ks Kedzierzyn","128713","3:1","3","1","88","66","baza_3_15.csv","3.15|926060"
"164","3.15","926061","2026-02-26 17:00","MakosHall","Makosiki","128780","Śląskie Burrito","131722","3:0","3","0","75","42","baza_3_15.csv","3.15|926061"
"164","3.15","926062","2026-02-26 17:00","JaqbArena","JaqbTeam","128695","W124","137366","3:0","3","0","75","54","baza_3_15.csv","3.15|926062"
"164","3.15","926063","2026-02-26 17:00","MotoArena","FC Świętopełka 🔥","128802","Lech Sulechów","128625","3:0","3","0","75","37","baza_3_15.csv","3.15|926063"
"164","3.15","926064","2026-02-26 17:00","Dobrzynianka","Victoria Dobra","131261","Finlandia Opole Lubelskie","130910","0:3","0","3","53","75","baza_3_15.csv","3.15|926064"
"164","3.16","926297","2026-02-26 17:00","Die Freie Stadt Danzig Sporthalle","Die Freie Stadt Danzig","130661","Blackburn Toruń","128601","0:3","0","3","21","75","baza_3_16.csv","3.16|926297"
"164","3.16","926298","2026-02-26 17:00","Knights Arena","🪿⎛⎝( ` ᢍ ´ )⎠⎞ᵐᵘʰᵃʰᵃ🦇","131021","Zadar Głuchołazy","128664","3:0","3","0","75","44","baza_3_16.csv","3.16|926298"
"164","3.16","926299","2026-02-26 17:00","San","Juve","131236","PKS Choszczno","140884","0:3","0","3","44","75","baza_3_16.csv","3.16|926299"
"164","3.16","926300","2026-02-26 17:00","HalaGT","GizoTeam","128693","Gryf Policzna","140747","3:0","3","0","75","36","baza_3_16.csv","3.16|926300"
"164","3.16","926301","2026-02-26 17:00","poezyje","sanah","131179","La Vida Loca","131011","3:0","3","0","75","9","baza_3_16.csv","3.16|926301"
"164","3.16","926302","2026-02-26 17:00","Camp Nou","Lance Armstrong","131718","PGJ Azoty","130845","3:0","3","0","75","52","baza_3_16.csv","3.16|926302"
"164","3.16","926303","2026-02-26 17:00","DONUT","V-DRIFTERS","131254","AquaSharks","128771","2:3","2","3","92","110","baza_3_16.csv","3.16|926303"
"164","3.16","926304","2026-02-26 17:00","ZNhala","Znienacka team","130933","Złote Wilki","128790","0:3","0","3","47","75","baza_3_16.csv","3.16|926304"
"164","1.1","921489","2026-02-24 19:00","Dano Arena!","Dano Dream Team","130607","Smerfy","128764","3:0","3","0","76","62","baza_1_1.csv","1.1|921489"
"164","1.1","921490","2026-02-24 19:00","Kudahuvadhoo 🏝️","Carplife 🇵🇱","130954","VC Kittens","128580","0:3","0","3","68","78","baza_1_1.csv","1.1|921490"
"164","1.1","921491","2026-02-24 19:00","GOSTiR Rzgów","AKS Volley Łódź","131002","Pilica Koniecpol","130885","1:3","1","3","88","97","baza_1_1.csv","1.1|921491"
"164","1.1","921492","2026-02-24 19:00","Kanciapa u Tumaxa","Dzikie Rumaxy","128638","Kuźnia Byków","130744","0:3","0","3","63","75","baza_1_1.csv","1.1|921492"
"164","1.1","921493","2026-02-24 19:00","The Orchid","DHARMA Initiative","128577","Tsunami Rzeplin","128717","3:2","3","2","107","98","baza_1_1.csv","1.1|921493"
"164","1.1","921494","2026-02-24 19:00","Hala Widowiskowo-Sportowa \""AZOTY\""","ZAKSA Bochotnica","128722","Volleyball Team Zduńska Wola","128603","3:0","3","0","75","59","baza_1_1.csv","1.1|921494"
"164","1.1","921495","2026-02-24 19:00","SMA","Incognito Volley","128619","Wratislawia Wrocław","128772","3:0","3","0","75","58","baza_1_1.csv","1.1|921495"
"164","1.1","921496","2026-02-24 19:00","Hala Polonia","Go Tigers","128631","Penguin Małomice","128781","3:2","3","2","116","111","baza_1_1.csv","1.1|921496"
"164","2.1","921729","2026-02-24 19:00","Krzywuchowe Moczary","Velen Volleyball Club","128684","Najlepsi z Najlepszych","130520","3:2","3","2","98","100","baza_2_1.csv","2.1|921729"
"164","2.1","921730","2026-02-24 19:00","LukArena","LukTeam","131134","Miesiany Miesiany","128676","3:1","3","1","96","73","baza_2_1.csv","2.1|921730"
"164","2.1","921731","2026-02-24 19:00","Ośrodek Karny Rivii Arena 🎯","Smerfy z Rivii ⚔️⚔️🛡️","130934","Saracens","128615","3:1","3","1","88","84","baza_2_1.csv","2.1|921731"
"164","2.1","921732","2026-02-24 19:00","Urania","CF Mleczne Olsztyn","128668","Sprzeda Mecz","128663","3:1","3","1","95","78","baza_2_1.csv","2.1|921732"
"164","2.1","921733","2026-02-24 19:00","Silver Hall","Silver Arsenal","130505","Young Team","128708","0:3","0","3","62","77","baza_2_1.csv","2.1|921733"
"164","2.1","921734","2026-02-24 19:00","Parkhead","Celtic VC","128735","Hydra VT Gdańsk","128612","3:1","3","1","98","91","baza_2_1.csv","2.1|921734"
"164","2.1","921735","2026-02-24 19:00","CYTRYNIEC","CYTRYNIEC CHIŃSKI","130809","Libero Gorzków","128703","2:3","2","3","108","97","baza_2_1.csv","2.1|921735"
"164","2.1","921736","2026-02-24 19:00","Pogro Arena","Pogromcy Gdańsk","131205","Błyskawica Janów","131242","3:0","3","0","75","57","baza_2_1.csv","2.1|921736"
"164","2.2","921969","2026-02-24 19:00","Blok Centralny","Zakład Karny w Strzelinie","128751","UKS Olimp Ostrołęka","128604","2:3","2","3","94","101","baza_2_2.csv","2.2|921969"
"164","2.2","921970","2026-02-24 19:00","Siatkarskie Podlasie","SiatkarskiePodlasie.pl","130565","Czorty Chorzów","130959","2:3","2","3","113","106","baza_2_2.csv","2.2|921970"
"164","2.2","921971","2026-02-24 19:00","MAKDOM ARENA","MAKDOM","128660","CSKA Mielec","128613","3:2","3","2","102","98","baza_2_2.csv","2.2|921971"
"164","2.2","921972","2026-02-24 19:00","Ursus Arena","RKS","128588","Rutz","130854","0:3","0","3","57","75","baza_2_2.csv","2.2|921972"
"164","2.2","921973","2026-02-24 19:00","Mroczna Arena","👽Strażnicy Cienia👽","128711","Silver Sharks Lublin 🦈","128674","2:3","2","3","99","114","baza_2_2.csv","2.2|921973"
"164","2.2","921974","2026-02-24 19:00","Wild Hall","Thorn Lynxes","131219","Bydgoszcz Spartans","128726","3:1","3","1","98","95","baza_2_2.csv","2.2|921974"
"164","2.2","921975","2026-02-24 19:00","Hala im. Pawła Kozioła","Ranczo Wilkowyje","130915","Nosmeisy","128686","1:3","1","3","83","97","baza_2_2.csv","2.2|921975"
"164","2.2","921976","2026-02-24 19:00","Millennium Arena","Millennium Siemianowice","130955","AJAX PIASTY","130797","3:0","3","0","75","62","baza_2_2.csv","2.2|921976"
"164","2.3","922209","2026-02-24 19:00","Ragnarok","Vikings","128756","Karasuno","128635","3:2","3","2","109","105","baza_2_3.csv","2.3|922209"
"164","2.3","922210","2026-02-24 19:00","Hala im. TW Bolka","Bolek i lolek 🤙","128586","KS Budowlani Kołacin 👷🏻","128629","0:3","0","3","55","75","baza_2_3.csv","2.3|922210"
"164","2.3","922211","2026-02-24 19:00","Kocioł","Budowlani Nysa","130574","🦣 KS MAMUTY 🦣","130549","2:3","2","3","102","111","baza_2_3.csv","2.3|922211"
"164","2.3","922212","2026-02-24 19:00","Hala Gryfia","KKS Gryf Lębork","128809","Vernixo","128679","3:0","3","0","75","61","baza_2_3.csv","2.3|922212"
"164","2.3","922213","2026-02-24 19:00","Zoo","Wściekłe Tygrysy","128782","Polonia Bytom","130871","3:1","3","1","98","86","baza_2_3.csv","2.3|922213"
"164","2.3","922214","2026-02-24 19:00","Radomskie Centrum Sportu","RCS Czarni Radom","128600","Stara Gwardia Nakło ⚔️","128688","1:3","1","3","79","98","baza_2_3.csv","2.3|922214"
"164","2.3","922215","2026-02-24 19:00","Torwar","Projekt Warszawa","128614","Skoczne Karakany","130767","1:3","1","3","90","100","baza_2_3.csv","2.3|922215"
"164","2.3","922216","2026-02-24 19:00","Hala Orbita","EnergiaPro Gwardia Wrocław","130757","Zabrzański Górnik","128816","3:0","3","0","75","62","baza_2_3.csv","2.3|922216"
"164","2.4","922449","2026-02-24 19:00","In the middle of nowhere","Unknown Team","128636","kiczan team zduńska wola","128596","1:3","1","3","77","97","baza_2_4.csv","2.4|922449"
"164","2.4","922450","2026-02-24 19:00","we no WHO U r","massive dongs","128592","TEXańska Masakra Piłą Ręczną","131293","3:2","3","2","117","91","baza_2_4.csv","2.4|922450"
"164","2.4","922451","2026-02-24 19:00","Bystra Bochotnica Arena","Bystra Bochotnica","128657","Ohana Gliwice","130945","3:1","3","1","99","87","baza_2_4.csv","2.4|922451"
"164","2.4","922452","2026-02-24 19:00","BKS ARENA","BKS Białystok","128644","Fc MiSieNieChce","130908","3:0","3","0","75","41","baza_2_4.csv","2.4|922452"
"164","2.4","922453","2026-02-24 19:00","Aviator arena","BH STAL MIELEC","130769","Alpha","131086","2:3","2","3","99","111","baza_2_4.csv","2.4|922453"
"164","2.4","922454","2026-02-24 19:00","Torwar","Vamos","128714","Turbo Śpiochy","128578","3:2","3","2","111","106","baza_2_4.csv","2.4|922454"
"164","2.4","922455","2026-02-24 19:00","Sportur Astro","Sivass-Pol De Mare","128794","QUEERTISONEK TEAM","131147","3:1","3","1","96","73","baza_2_4.csv","2.4|922455"
"164","2.4","922456","2026-02-24 19:00","Olimp  Arena","Pioruny  i Grzmoty","130966","KS Kawoholicy","131724","3:1","3","1","93","90","baza_2_4.csv","2.4|922456"
"164","3.1","922689","2026-02-24 17:00","Letalnica","Team Spiryt Chorzów","130958","⭐ Nati ⭐ 1995 ⭐  ∞  ⭐","130585","1:3","1","3","94","93","baza_3_1.csv","3.1|922689"
"164","3.1","922690","2026-02-24 17:00","Celtics Hall","Bochotnica Celtics","128639","TaUrsy","130537","3:0","3","0","75","6","baza_3_1.csv","3.1|922690"
"164","3.1","922691","2026-02-24 17:00","KorpoArena","Korporacja Gwiazd Bezrobocia","128595","PGE Bubisie Bździochy","130773","0:3","0","3","55","75","baza_3_1.csv","3.1|922691"
"164","3.1","922692","2026-02-24 17:00","Cicely Arena","Cicely","128704","Cargo Kamieniec Ząbkowicki","151049","1:3","1","3","67","95","baza_3_1.csv","3.1|922692"
"164","3.1","922693","2026-02-24 17:00","SRS Bernabeu","SRS Katarina","137403","Avengers","130920","3:1","3","1","93","84","baza_3_1.csv","3.1|922693"
"164","3.1","922694","2026-02-24 17:00","Ownz Ya! :: Arena","Team :: Ownz Ya!","130572","Renifers","128675","3:0","3","0","75","60","baza_3_1.csv","3.1|922694"
"164","3.1","922695","2026-02-24 17:00","Hala Azoty","Zaksa Kędzierzyn - Koźle","131200","Drużyna Pierścienia","141064","0:3","0","3","18","75","baza_3_1.csv","3.1|922695"
"164","3.1","922696","2026-02-24 17:00","Gniazdo","Orzeł Grzędzice","128728","Vollley Rybnik","137468","1:3","1","3","85","102","baza_3_1.csv","3.1|922696"
"164","3.2","922929","2026-02-24 17:00","Malinowe marzenie","Maliniaczki","131020","JTCNW Łódź","131093","3:0","3","0","79","63","baza_3_2.csv","3.2|922929"
"164","3.2","922930","2026-02-24 17:00","Arena Chłopów","ChlopkiTeam","128606","ChudyTeam","130535","2:3","2","3","86","105","baza_3_2.csv","3.2|922930"
"164","3.2","922931","2026-02-24 17:00","Grota tajemnic","Czarne plamy","128655","Plas Kaźmierz","137421","3:2","3","2","115","105","baza_3_2.csv","3.2|922931"
"164","3.2","922932","2026-02-24 17:00","LZS ARENA","Fiorentina Nakło","130905","WIPP Thunder","128672","0:3","0","3","58","75","baza_3_2.csv","3.2|922932"
"164","3.2","922933","2026-02-24 17:00","Wylęgarnia Potworów","Nocne Potwory","128803","Siatka Krzemieniewo","128597","3:1","3","1","98","82","baza_3_2.csv","3.2|922933"
"164","3.2","922934","2026-02-24 17:00","Stodoła 97","VC  Ziębka Team","130503","CVB Barça","141012","3:0","3","0","75","31","baza_3_2.csv","3.2|922934"
"164","3.2","922935","2026-02-24 17:00","PB Arena","Huragan Białobrzegi","131065","GALACTICOS FC","131018","3:2","3","2","111","98","baza_3_2.csv","3.2|922935"
"164","3.2","922936","2026-02-24 17:00","Lake Arena","Zegrze Nieporęt","131194","Wiejski Klub Kielno","130498","3:0","3","0","75","35","baza_3_2.csv","3.2|922936"
"164","3.3","923169","2026-02-24 17:00","Phoenix Scene","Phoenix Fire","128687","Jeżomyszy🦔z Marsa🪐","130972","0:3","0","3","51","75","baza_3_3.csv","3.3|923169"
"164","3.3","923170","2026-02-24 17:00","Mazakowa hala sportowa","Mazaki VC","131006","Bad Boys Team","128706","3:0","3","0","75","53","baza_3_3.csv","3.3|923170"
"164","3.3","923171","2026-02-24 17:00","Dytto","DragonGAYS Polska","130705","Ale co","128694","3:1","3","1","99","92","baza_3_3.csv","3.3|923171"
"164","3.3","923172","2026-02-24 17:00","RG Arena","RG Olsztyn","128652","OFIME Targówek","131746","0:3","0","3","66","76","baza_3_3.csv","3.3|923172"
"164","3.3","923173","2026-02-24 17:00","NiuniuCamp","NiuniuTeam","137395","!STAL NYSA","130728","3:0","3","0","75","56","baza_3_3.csv","3.3|923173"
"164","3.3","923174","2026-02-24 17:00","Drink Arena","Drink Team","141020","KS Zamienie","141062","1:3","1","3","79","90","baza_3_3.csv","3.3|923174"
"164","3.3","923175","2026-02-24 17:00","Wimbledon","Zduńska Wola Team","128640","FC Misieniechce Radom","130676","3:0","3","0","75","36","baza_3_3.csv","3.3|923175"
"164","3.3","923176","2026-02-24 17:00","RINLZER ARENA","RINZLER","128627","Kotwica Kołobrzeg","128801","2:3","2","3","106","107","baza_3_3.csv","3.3|923176"
"164","3.4","923409","2026-02-24 17:00","Valiant Boys","Valiant Boys","130826","Sycylijskie Cytryniaki","130704","0:3","0","3","53","75","baza_3_4.csv","3.4|923409"
"164","3.4","923410","2026-02-24 17:00","Ultras1908","eŁKSa1908","130836","Los Rakos","137449","0:3","0","3","63","75","baza_3_4.csv","3.4|923410"
"164","3.4","923411","2026-02-24 17:00","Smocza Jama","Smoczy Gród","131131","Trefl","131199","3:1","3","1","97","70","baza_3_4.csv","3.4|923411"
"164","3.4","923412","2026-02-24 17:00","Aqua Baltic Arena","Trefl Gdańsk Pomorze","130509","Volley Leszczyny","137412","3:1","3","1","95","75","baza_3_4.csv","3.4|923412"
"164","3.4","923413","2026-02-24 17:00","Arena Albigowa","SST SPORTUR GMINA ŁAŃCUT","128795","toto","128731","3:0","3","0","75","15","baza_3_4.csv","3.4|923413"
"164","3.4","923414","2026-02-24 17:00","GOKSiR Konstancin","IKS Konstancin - Jeziorna","131223","Asseco Resovia","131163","3:0","3","0","75","45","baza_3_4.csv","3.4|923414"
"164","3.4","923415","2026-02-24 17:00","Niepodległości 11","KS Świt Baranowo","128589","Choroszcza Olsztyn","130774","3:0","3","0","75","58","baza_3_4.csv","3.4|923415"
"164","3.4","923416","2026-02-24 17:00","Strzelce Opolskie Arena","PIAST Strzelce Opolskie","130555","Potok city","140815","3:0","3","0","76","60","baza_3_4.csv","3.4|923416"
"164","3.5","923649","2026-02-24 17:00","Baltic Arena","KKS Kaszubia Kościerzyna","128786","S-Ninjas","130582","0:3","0","3","70","79","baza_3_5.csv","3.5|923649"
"164","3.5","923650","2026-02-24 17:00","OPOLE_ARENA","OPOLE","130500","SKS Iłżanka Baranów","128715","3:0","3","0","75","58","baza_3_5.csv","3.5|923650"
"164","3.5","923651","2026-02-24 17:00","Arena Poznań","PGE Skra Poznań","130781","VC BORDER","128622","0:3","0","3","58","75","baza_3_5.csv","3.5|923651"
"164","3.5","923652","2026-02-24 17:00","Halaaa","CAMORRA VC","130516","Iskra Krosno","128667","3:2","3","2","104","104","baza_3_5.csv","3.5|923652"
"164","3.5","923653","2026-02-24 17:00","KSW ARENA","KSW7","140968","RafaTeam Lipusz","130561","3:2","3","2","113","91","baza_3_5.csv","3.5|923653"
"164","3.5","923654","2026-02-24 17:00","Dwa słupki i sznurek azt","Aniołki Toruń","130820","Kosmiczne Mandarynki","128609","0:3","0","3","38","75","baza_3_5.csv","3.5|923654"
"164","3.5","923655","2026-02-24 17:00","Hala Dobra","AKS VOLLEY  DOBRA","141110","ULTRAS-PL","130527","3:0","3","0","75","39","baza_3_5.csv","3.5|923655"
"164","3.5","923656","2026-02-24 17:00","Thorn Hall","Bart Thorn","130726","AKS Śliw@","128584","3:1","3","1","94","79","baza_3_5.csv","3.5|923656"
"164","3.6","923889","2026-02-24 17:00","Słomin centre","Projekt Słomin","128700","Victoria Wałbrzych","128774","1:3","1","3","86","91","baza_3_6.csv","3.6|923889"
"164","3.6","923890","2026-02-24 17:00","The Others Arena","Black Smoke","137347","MKS Siemianowice","128799","0:3","0","3","52","75","baza_3_6.csv","3.6|923890"
"164","3.6","923891","2026-02-24 17:00","Ceremony Place Soreide","Groszowice Soreide","130604","KS Jastrzębie","130545","3:0","3","0","75","51","baza_3_6.csv","3.6|923891"
"164","3.6","923892","2026-02-24 17:00","Browar","Browary Hills","130979","RTS.Strongman Małecz","130601","3:1","3","1","105","80","baza_3_6.csv","3.6|923892"
"164","3.6","923893","2026-02-24 17:00","Arena Twierdza","Twierdza Teodorówka","130591","Ikjas Toruń","131062","3:0","3","0","75","45","baza_3_6.csv","3.6|923893"
"164","3.6","923894","2026-02-24 17:00","Hala Limanowa","KS Limanowa","140814","Young Team Reaktywacja","140951","0:3","0","3","17","75","baza_3_6.csv","3.6|923894"
"164","3.6","923895","2026-02-24 17:00","Są gorsze areny","Są Gorsi","130693","Kudowianka Kudowa-Zdrój","131235","0:3","0","3","44","75","baza_3_6.csv","3.6|923895"
"164","3.6","923896","2026-02-24 17:00","Podpromie","SMS Rzeszów","137337","Pogoń Żubr","130564","0:3","0","3","26","75","baza_3_6.csv","3.6|923896"
"164","3.7","924129","2026-02-24 17:00","San Siro","Stocznia Gdańsk","130595","Volania Jeleninhos","131141","3:1","3","1","100","86","baza_3_7.csv","3.7|924129"
"164","3.7","924130","2026-02-24 17:00","Hala PP Piotrowo","AZS Politechnika Poznańska","128759","Linkin Park United","130617","3:1","3","1","93","86","baza_3_7.csv","3.7|924130"
"164","3.7","924131","2026-02-24 17:00","Reksio Arena","Mighty Bears","130513","KZN","131229","1:3","1","3","88","96","baza_3_7.csv","3.7|924131"
"164","3.7","924132","2026-02-24 17:00","Spulchniona Ziemia","Latające Dżdżownice","140796","BKS Visła Bydgoszcz","131284","3:2","3","2","99","99","baza_3_7.csv","3.7|924132"
"164","3.7","924133","2026-02-24 17:00","Haba","Ghrum","130784","Orły","137486","3:0","3","0","75","52","baza_3_7.csv","3.7|924133"
"164","3.7","924134","2026-02-24 17:00","Rotavia Arena","LKS Rotavia Nieporęt","128730","Dąbrowskie Pioruny","140781","3:0","3","0","75","31","baza_3_7.csv","3.7|924134"
"164","3.7","924135","2026-02-24 17:00","Estadio de Brzózka","Dyliżans Brzózka","137454","Błysk2","131225","3:0","3","0","75","63","baza_3_7.csv","3.7|924135"
"164","3.7","924136","2026-02-24 17:00","FFP Arena","FFP Virtual Volley","130573","SDJ Janów","131251","1:3","1","3","78","98","baza_3_7.csv","3.7|924136"
"164","3.8","924369","2026-02-24 17:00","Stilon Arena","Stilon Gorzów","130891","Aptekarz Tylmanowa","128720","3:2","3","2","104","90","baza_3_8.csv","3.8|924369"
"164","3.8","924370","2026-02-24 17:00","Hala Energia","PGE GIEK Skra Bełchatów","130721","Volley Królewscy Jedlnia","130524","0:3","0","3","64","76","baza_3_8.csv","3.8|924370"
"164","3.8","924371","2026-02-24 17:00","Fabryczna Union Arena","Budowlani Łódź","128736","Jang Tim","128677","1:3","1","3","90","90","baza_3_8.csv","3.8|924371"
"164","3.8","924372","2026-02-24 17:00","Rock Arena","Rockers Wrocław","128605","Przebój Wolbrom","130621","3:1","3","1","97","92","baza_3_8.csv","3.8|924372"
"164","3.8","924373","2026-02-24 17:00","Kiciniowo","Fc Kiciusie","140744","Anioły Toruń","130514","3:2","3","2","111","106","baza_3_8.csv","3.8|924373"
"164","3.8","924374","2026-02-24 17:00","KND Arena","KndSynu Cios","137411","MKS Dąbrowa Górnicza","128800","3:0","3","0","75","59","baza_3_8.csv","3.8|924374"
"164","3.8","924375","2026-02-24 17:00","Hala Urania","AZS PRIME Olsztyn","137361","ZAKSA ŚWINOUJŚCIE","130896","3:2","3","2","108","89","baza_3_8.csv","3.8|924375"
"164","3.8","924376","2026-02-24 17:00","Américain Airlines Center","Dallas Mavericks","128666","Fc Albatros","131276","0:3","0","3","36","75","baza_3_8.csv","3.8|924376"
"164","3.9","924609","2026-02-24 17:00","Hala Relax","Volley Team Piotrków Tryb.","128724","Volleyball Szubin Team","128579","0:3","0","3","50","75","baza_3_9.csv","3.9|924609"
"164","3.9","924610","2026-02-24 17:00","HalaAT","ActiVeTeam","128702","Spartans Volley","130930","3:1","3","1","94","89","baza_3_9.csv","3.9|924610"
"164","3.9","924611","2026-02-24 17:00","XYZ","ZYX","131059","Zaksa Mszczonów","130593","3:1","3","1","88","76","baza_3_9.csv","3.9|924611"
"164","3.9","924612","2026-02-24 17:00","OSiR Golub-Dobrzyń","Zamek Golub-Dobrzyń","131227","Joga Bonito","137493","3:0","3","0","75","62","baza_3_9.csv","3.9|924612"
"164","3.9","924613","2026-02-24 17:00","Sardegna Hall","Sardegna Volley","137467","Galaxia Kwielice","130973","3:0","3","0","77","69","baza_3_9.csv","3.9|924613"
"164","3.9","924614","2026-02-24 17:00","Hala Brzeziny","SBX TEAM","140751","SGS Goleniów","137350","0:3","0","3","45","75","baza_3_9.csv","3.9|924614"
"164","3.9","924615","2026-02-24 17:00","Jaga","Jagiellonia Białystok","140856","GSY","130525","0:3","0","3","34","75","baza_3_9.csv","3.9|924615"
"164","3.9","924616","2026-02-24 17:00","Malinowa home","Czarni Piasek","128752","Flying Spiders","140867","3:0","3","0","75","53","baza_3_9.csv","3.9|924616"
"164","3.10","924849","2026-02-24 17:00","JednakGramy Arena","JednakGramy","128768","Bydgoszcz Baki","128616","3:0","3","0","75","53","baza_3_10.csv","3.10|924849"
"164","3.10","924850","2026-02-24 17:00","Hala sportowa w Paterku ul. Kcyńska 6A","TKS Jelenie Studzienki","130939","Złote Orły","131740","3:0","3","0","76","61","baza_3_10.csv","3.10|924850"
"164","3.10","924851","2026-02-24 17:00","Wataha","Polish Wolves","131258","KS Strużanka Baranów","130994","3:0","3","0","78","64","baza_3_10.csv","3.10|924851"
"164","3.10","924852","2026-02-24 17:00","Osir","Pancio","128750","GPT Mysłowice","128747","3:2","3","2","109","96","baza_3_10.csv","3.10|924852"
"164","3.10","924853","2026-02-24 17:00","Piernik Arena","Kopernik Toruń","130739","Hot Volley Nysa","128630","0:3","0","3","54","75","baza_3_10.csv","3.10|924853"
"164","3.10","924854","2026-02-24 17:00","R22","TSW Wisła Kraków","151056","Indykpol AZS Olsztyn","128620","3:0","3","0","75","63","baza_3_10.csv","3.10|924854"
"164","3.10","924855","2026-02-24 17:00","Sovia","Tigers","128634","KK271","141054","0:3","0","3","23","75","baza_3_10.csv","3.10|924855"
"164","3.10","924856","2026-02-24 17:00","Hala Widowiskowa BBOSiR","BBTS Bielsko-Biała","137383","UKS BŁYSKAWICA ŁOWICZ","130699","1:3","1","3","80","96","baza_3_10.csv","3.10|924856"
"164","3.11","925089","2026-02-24 17:00","Stajnia Jednorożców","Kolorowe Rumaki","131164","Brute Force","130978","0:3","0","3","61","75","baza_3_11.csv","3.11|925089"
"164","3.11","925090","2026-02-24 17:00","Pogoń Arena","Pogoń Portowcy","131768","AKS Andrut Kalisz 🧇","128789","3:0","3","0","75","60","baza_3_11.csv","3.11|925090"
"164","3.11","925091","2026-02-24 17:00","Upadła Arena","Latające Imadła","131022","PauPau","140825","3:1","3","1","97","89","baza_3_11.csv","3.11|925091"
"164","3.11","925092","2026-02-24 17:00","Arena Wieluń","Seniorzy Wieluń","130519","ScorpioN","128617","3:1","3","1","100","78","baza_3_11.csv","3.11|925092"
"164","3.11","925093","2026-02-24 17:00","Arena W","Team WWW","131066","Kasztaniaki","131735","3:1","3","1","92","86","baza_3_11.csv","3.11|925093"
"164","3.11","925094","2026-02-24 17:00","hala MOSiR","Enea PTPS Piła","128646","Orzełki Team","137444","0:3","0","3","61","76","baza_3_11.csv","3.11|925094"
"164","3.11","925095","2026-02-24 17:00","ERGO ARENA","NIELOTY GDAŃSK","130946","KS Crusaders","137439","0:3","0","3","22","75","baza_3_11.csv","3.11|925095"
"164","3.11","925096","2026-02-24 17:00","Decha Arena","Gwoździe","140812","FC Łosarnia Tujsk","140910","0:3","0","3","20","75","baza_3_11.csv","3.11|925096"
"164","3.12","925329","2026-02-24 17:00","Sparbanken Skåne Arena","🌳Leśne Ludki🌳","131712","Zawisza Olsztyn","128659","3:0","3","0","75","55","baza_3_12.csv","3.12|925329"
"164","3.12","925330","2026-02-24 17:00","Bagno","The Ops","131290","Volley Master","130507","0:3","0","3","53","75","baza_3_12.csv","3.12|925330"
"164","3.12","925331","2026-02-24 17:00","Ipsarion","Ipsarion","140952","Acapulco Stalion","128733","0:3","0","3","44","75","baza_3_12.csv","3.12|925331"
"164","3.12","925332","2026-02-24 17:00","Sparta","300-stuSpartan","137376","KS Konarzewo","137342","2:3","2","3","102","118","baza_3_12.csv","3.12|925332"
"164","3.12","925333","2026-02-24 17:00","Match Of The Millennium","Yu-Gi-Oh!","131717","ARM Volley","137419","3:0","3","0","77","68","baza_3_12.csv","3.12|925333"
"164","3.12","925334","2026-02-24 17:00","Prognozy dzisiaj nie będzie","Anię dopadła grypa","140870","Olimpia Kowary","137420","0:3","0","3","55","75","baza_3_12.csv","3.12|925334"
"164","3.12","925335","2026-02-24 17:00","B4 Arena","Braniewo Volley","141119","Warta Zawiercie","130562","3:1","3","1","88","86","baza_3_12.csv","3.12|925335"
"164","3.12","925336","2026-02-24 17:00","Niebieskie Piekło","Lube Rzeszów","130863","Aciu Team","131157","3:0","3","0","75","52","baza_3_12.csv","3.12|925336"
"164","3.13","925569","2026-02-24 17:00","Orły hall","PolskieOrły","128769","ProgressTeam","128806","3:1","3","1","96","81","baza_3_13.csv","3.13|925569"
"164","3.13","925570","2026-02-24 17:00","TUR TUREK KOCIOŁ SILNIK PODKRĘCONY TEJ","☣️ MY TU TEGO BAGNO 💩💩    🔝","130911","Aleleble","128628","3:0","3","0","75","48","baza_3_13.csv","3.13|925570"
"164","3.13","925571","2026-02-24 17:00","Valhalla","Brave Vikings","131709","🐀Ratty Rattas🐀","128707","3:2","3","2","105","97","baza_3_13.csv","3.13|925571"
"164","3.13","925572","2026-02-24 17:00","Szczoty","Spartakus Radom","131248","Raven","140853","3:0","3","0","75","53","baza_3_13.csv","3.13|925572"
"164","3.13","925573","2026-02-24 17:00","MKS1956","MKS ŁĘCZYCA","128741","Szmulki","140963","3:0","3","0","75","40","baza_3_13.csv","3.13|925573"
"164","3.13","925574","2026-02-24 17:00","RD Arena","Red Devils","128725","LKS  ASERTO Trześń","131723","3:1","3","1","94","84","baza_3_13.csv","3.13|925574"
"164","3.13","925575","2026-02-24 17:00","Hala im. Sędziów","Sędziowie Bydgoszcz","140960","Unia Leszno","131196","0:3","0","3","10","75","baza_3_13.csv","3.13|925575"
"164","3.13","925576","2026-02-24 17:00","TwentyFive.pl","TwentyFive.pl","130518","Trentino Młodzieszyn","128599","3:0","3","0","75","28","baza_3_13.csv","3.13|925576"
"164","3.14","925809","2026-02-24 17:00","Dąbrówka Arena","III Piastowskie","130858","KS Brzeziny","128710","0:3","0","3","57","76","baza_3_14.csv","3.14|925809"
"164","3.14","925810","2026-02-24 17:00","Lions Stadium","Lajony Kingzz","131747","Arbuzy i Kebaby","130611","3:1","3","1","98","81","baza_3_14.csv","3.14|925810"
"164","3.14","925811","2026-02-24 17:00","Hit Dome","Hit Happens","131734","pONczek Team","130540","2:3","2","3","108","114","baza_3_14.csv","3.14|925811"
"164","3.14","925812","2026-02-24 17:00","Shtosee Sky arena","Shtosee volley team","128680","Mierzwicanka Mierzwice","130539","3:1","3","1","98","84","baza_3_14.csv","3.14|925812"
"164","3.14","925813","2026-02-24 17:00","Hala FC","Farciarze FC","128734","Kubiki","130510","3:0","3","0","76","65","baza_3_14.csv","3.14|925813"
"164","3.14","925814","2026-02-24 17:00",".......","Zryw","141102","KS GRABÓW","130543","3:1","3","1","95","73","baza_3_14.csv","3.14|925814"
"164","3.14","925815","2026-02-24 17:00","Foxx Volley Arena","Kanzas Foxx","137481","BT ENERGIA","137456","3:0","3","0","75","59","baza_3_14.csv","3.14|925815"
"164","3.14","925816","2026-02-24 17:00","Osir Trzemeszno","Skra Trzemeszno","131217","NTS NAKŁO NAD NOTECIĄ","128729","2:3","2","3","117","115","baza_3_14.csv","3.14|925816"
"164","3.15","926049","2026-02-24 17:00","OSIR ARENA","G.T.S. Unia Choceń","128749","Finlandia Opole Lubelskie","130910","0:3","0","3","58","77","baza_3_15.csv","3.15|926049"
"164","3.15","926050","2026-02-24 17:00","MotoArena","FC Świętopełka 🔥","128802","Victoria Dobra","131261","3:0","3","0","75","61","baza_3_15.csv","3.15|926050"
"164","3.15","926051","2026-02-24 17:00","Estadio zulito","Lech Sulechów","128625","JaqbTeam","128695","1:3","1","3","77","95","baza_3_15.csv","3.15|926051"
"164","3.15","926052","2026-02-24 17:00","MakosHall","Makosiki","128780","W124","137366","3:0","3","0","75","41","baza_3_15.csv","3.15|926052"
"164","3.15","926053","2026-02-24 17:00","Hala Mostowa","Śląskie Burrito","131722","KS Okalew","131073","3:0","3","0","75","33","baza_3_15.csv","3.15|926053"
"164","3.15","926054","2026-02-24 17:00","KS arena","Ks Kedzierzyn","128713","Gumi-Misie","131244","0:3","0","3","68","78","baza_3_15.csv","3.15|926054"
"164","3.15","926055","2026-02-24 17:00","Wierzeje ARENA","Wierzeje","141108","Fenix Siennica","130586","3:0","3","0","75","56","baza_3_15.csv","3.15|926055"
"164","3.15","926056","2026-02-24 17:00","Urania","AZT Tytan Czestochowa","128743","LTS Feniks Leżajsk","141106","3:1","3","1","98","68","baza_3_15.csv","3.15|926056"
"164","3.16","926289","2026-02-24 17:00","Spożywczak","Blackburn Toruń","128601","Złote Wilki","128790","0:3","0","3","66","76","baza_3_16.csv","3.16|926289"
"164","3.16","926290","2026-02-24 17:00","DONUT","V-DRIFTERS","131254","Znienacka team","130933","0:3","0","3","50","75","baza_3_16.csv","3.16|926290"
"164","3.16","926291","2026-02-24 17:00","Arena Łódź Podwodna","AquaSharks","128771","Lance Armstrong","131718","3:2","3","2","111","106","baza_3_16.csv","3.16|926291"
"164","3.16","926292","2026-02-24 17:00","poezyje","sanah","131179","PGJ Azoty","130845","3:0","3","0","75","35","baza_3_16.csv","3.16|926292"
"164","3.16","926293","2026-02-24 17:00","Łu tu tu tu","La Vida Loca","131011","GizoTeam","128693","0:3","0","3","15","75","baza_3_16.csv","3.16|926293"
"164","3.16","926294","2026-02-24 17:00","Sportowa","Gryf Policzna","140747","Juve","131236","3:1","3","1","94","82","baza_3_16.csv","3.16|926294"
"164","3.16","926295","2026-02-24 17:00","Hala Miejska","PKS Choszczno","140884","🪿⎛⎝( ` ᢍ ´ )⎠⎞ᵐᵘʰᵃʰᵃ🦇","131021","0:3","0","3","56","75","baza_3_16.csv","3.16|926295"
"164","3.16","926296","2026-02-24 17:00","Spodek Głuchołazy","Zadar Głuchołazy","128664","Die Freie Stadt Danzig","130661","0:3","0","3","50","75","baza_3_16.csv","3.16|926296"