"Liga","Mecz","MatchId","Data","Arena","Klan","ClanMatchId","Drużyna","TeamId","Zawodnik","PlayerId","Pkt","W-L","Serwisy","S_błędy","Asy","MaxSpeed_kmh","Ataki","A_błędy","A_pkt","SK%","EF%","Próby_Obr_Asek","Próby_Obrony","Udane_Obrony","Próby_Asekuracji","Udane_Asekuracje","Obr_SK%","Przyjęcia","P_błędy","Poz%","Prf","Perf%","Bloki","Wybloki","Próby_Bloku","Wystawy_Udane","Wystawy_Złe","Wystawy_Tot","Rozegranie_Bez_Bloku","Rozegranie_Pojedynczy","Rozegranie_Podwójny","Rozegranie_Potrójny","MVP_Score","PBP_Data","D1_Asek_Kiwki_Udane","D1_Asek_Kiwki_Tot","D1_Asek_Bloku_Aktywnego_Udane","D1_Asek_Bloku_Aktywnego_Tot","D1_Asek_Bloku_Pasywnego_Udane","D1_Asek_Bloku_Pasywnego_Tot","D2_Ustawienie_Blok_Udane","D2_Ustawienie_Blok_Tot","D2_Blok_Aktywny_Udane","D2_Blok_Aktywny_Nieudane","D2_Blok_Aktywny_Tot","D2_Blok_Pasywny_Udane","D2_Blok_Pasywny_Nieudane","D2_Blok_Pasywny_Tot","O1_Serwis_Max_kmh","O1_Serwis_Śr_kmh","O1_Kiwka_Udane","O1_Kiwka_Błędy","O1_Kiwka_Zablokowane_Skutecznie","O1_Kiwka_Zablokowane_Nieskutecznie","O1_Kiwka_Wyasekurowane","O1_Kiwka_Tot","O1_Atak_BlokAut_Udane","O1_Atak_BlokAut_Błędy","O1_Atak_BlokAut_Zablokowane","O1_Atak_BlokAut_Zablokowane_Nieskutecznie","O1_Atak_BlokAut_Wybronione","O1_Atak_BlokAut_Tot","O2_Atak_1Linia_Skrzydło_Udane","O2_Atak_1Linia_Skrzydło_Błędy","O2_Atak_1Linia_Skrzydło_Zablokowane","O2_Atak_1Linia_Skrzydło_Zablokowane_Nieskutecznie","O2_Atak_1Linia_Skrzydło_Wybronione","O2_Atak_1Linia_Skrzydło_Tot","O2_Atak_1Linia_Środek_Udane","O2_Atak_1Linia_Środek_Błędy","O2_Atak_1Linia_Środek_Zablokowane","O2_Atak_1Linia_Środek_Zablokowane_Nieskutecznie","O2_Atak_1Linia_Środek_Wybronione","O2_Atak_1Linia_Środek_Tot","O2_Atak_2Linia_Udane","O2_Atak_2Linia_Błędy","O2_Atak_2Linia_Zablokowane","O2_Atak_2Linia_Zablokowane_Nieskutecznie","O2_Atak_2Linia_Wybronione","O2_Atak_2Linia_Tot","OTH_Wystawa_Punkt","OTH_Wystawa_Atakujący_Zablokowany","OTH_Wystawa_Atakujący_Nieskutecznie_Zablokowany","OTH_Wystawa_Atakujący_Błąd","OTH_Wystawa_Atak_Obroniony","OTH_Rozegranie_Tot","PBP_Przyjecie_Blok0","PBP_Przyjecie_Blok1","PBP_Przyjecie_Blok2","PBP_Przyjecie_Blok3","PBP_Przyjecie_Blok_Razem","PBP_OB_Atak_Razem","PBP_OB_Atak_Punkt","PBP_OB_Atak_Blok","PBP_OB_Atak_Blad","PBP_OB_Atak_Obroniony","PBP_OB_Atak_Inne","PBP_SEK_Atak_Razem","PBP_SEK_Atak_Punkt","PBP_SEK_Atak_Blok","PBP_SEK_Atak_Blad","PBP_SEK_Atak_Obroniony","PBP_SEK_Atak_Inne","Sety_Zagrane_PBP","PBP_Set1_Akcje","PBP_Set2_Akcje","PBP_Set3_Akcje","PBP_Set4_Akcje","PBP_Set5_Akcje","Exporter_Version","Is_Walkover","Walkover_MP_For","Walkover_MP_Against"
"liga_klanow_2_2","Zacarias da Bola vs Maritza 3:2","1297870","2026-09-18 19:00","Zaca","Portugal II","1418","Zacarias da Bola","","Benoist, Taddäus","2088028","4","1","12","3","0","75.6","0","0","0","0","0","25","15","5","10","3","32","0","0","0","0","0","4","21","58","45","12","124","33","57","23","11","14.2","{""sets"":[{""h"":24,""a"":26},{""h"":22,""a"":25},{""h"":25,""a"":23},{""h"":25,""a"":21},{""h"":17,""a"":15}],""parsedSets"":[{""rallies"":[{""type"":""end"",""score"":""24 : 26"",""txt"":""Koniec seta 0 : 1""},{""type"":""end"",""score"":""24 : 26"",""txt"":""Koniec seta 0 : 1""},{""type"":""rally"",""score"":""24 : 26"",""speed"":""54.4 km/h"",""res"":""Punkt: A. Vonk""},{""type"":""rally"",""score"":""24 : 25"",""speed"":""47.3 km/h"",""res"":""Punkt: A. Vonk""},{""type"":""rally"",""score"":""24 : 24"",""speed"":""48.9 km/h"",""res"":""Błąd: M. Chieh""},{""type"":""rally"",""score"":""24 : 23"",""speed"":""43.7 km/h"",""res"":""Punkt: B. Pina""},{""type"":""chg"",""score"":""24 : 22"",""txt"":""Zmiana: G. Chaves ⇄ B. Retré""},{""type"":""rally"",""score"":""24 : 22"",""speed"":""57.5 km/h"",""res"":""Punkt: V. Scaglione""},{""type"":""rally"",""score"":""24 : 21"",""speed"":""54.2 km/h"",""res"":""Punkt: V. Scaglione""},{""type"":""rally"",""score"":""24 : 20"",""speed"":""43.8 km/h"",""res"":""Punkt: V. Scaglione""},{""type"":""tmo"",""score"":""24 : 19"",""txt"":""Czas: Zacarias da Bola""},{""type"":""rally"",""score"":""24 : 19"",""speed"":""59.8 km/h"",""res"":""Punkt: A. Vonk""},{""type"":""rally"",""score"":""24 : 18"",""speed"":""55.9 km/h"",""res"":""Punkt: B. Pina""},{""type"":""rally"",""score"":""24 : 17"",""speed"":""57.4 km/h"",""res"":""Punkt: A. Vonk""},{""type"":""rally"",""score"":""24 : 16"",""speed"":""60.9 km/h"",""res"":""Błąd: V. Scaglione""},{""type"":""rally"",""score"":""23 : 16"",""speed"":""81.5 km/h"",""res"":""Punkt: A. Vonk""},{""type"":""rally"",""score"":""23 : 15"",""speed"":""69.6 km/h"",""res"":""Punkt: T. Blanchemain""},{""type"":""chg"",""score"":""22 : 15"",""txt"":""Zmiana: B. Pina ⇄ P. Hugues""},{""type"":""rally"",""score"":""22 : 15"",""speed"":""40.6 km/h"",""res"":""Punkt: A. Teixeira""},{""type"":""rally"",""score"":""21 : 15"",""speed"":""40.2 km/h"",""res"":""Punkt: V. Scaglione""},{""type"":""rally"",""score"":""21 : 14"",""speed"":""58.3 km/h"",""res"":""Punkt: P. Hugues""},{""type"":""tmo"",""score"":""21 : 13"",""txt"":""Czas: Maritza""},{""type"":""rally"",""score"":""21 : 13"",""speed"":""52.6 km/h"",""res"":""Punkt: T. Benoist""},{""type"":""rally"",""score"":""20 : 13"",""speed"":""52.8 km/h"",""res"":""Punkt: B. Bogdanowicz""},{""type"":""rally"",""score"":""19 : 13"",""speed"":""62.3 km/h"",""res"":""Punkt: B. Bogdanowicz""},{""type"":""chg"",""score"":""18 : 13"",""txt"":""Zmiana: A. Teixeira ⇄ H. Jagiełło""},{""type"":""rally"",""score"":""18 : 13"",""speed"":""46.7 km/h"",""res"":""Punkt: H. Jagiełło""},{""type"":""chg"",""score"":""17 : 13"",""txt"":""Zmiana: M. Chieh ⇄ O. Salgado""},{""type"":""rally"",""score"":""17 : 13"",""speed"":""72.9 km/h"",""res"":""Błąd: O. Salgado""},{""type"":""rally"",""score"":""17 : 12"",""speed"":""63.2 km/h"",""res"":""Punkt: H. Jagiełło""},{""type"":""rally"",""score"":""16 : 12"",""speed"":""49.4 km/h"",""res"":""Błąd: H. Jagiełło""},{""type"":""rally"",""score"":""16 : 11"",""speed"":""49.3 km/h"",""res"":""Punkt: A. Vonk""},{""type"":""tmo"",""score"":""16 : 10"",""txt"":""Czas: ""},{""type"":""rally"",""score"":""16 : 10"",""speed"":""56.2 km/h"",""res"":""Punkt: B. Retré""},{""type"":""rally"",""score"":""15 : 10"",""speed"":""64.8 km/h"",""res"":""Punkt: S. Mladenov""},{""type"":""chg"",""score"":""15 : 9"",""txt"":""Zmiana: M. Hatz ⇄ F. Sironi""},{""type"":""chg"",""score"":""15 : 9"",""txt"":""Zmiana: S. Mladenov ⇄ A. Couto""},{""type"":""rally"",""score"":""15 : 9"",""speed"":""78.8 km/h"",""res"":""Punkt: B. Retré""},{""type"":""rally"",""score"":""14 : 9"",""speed"":""61.7 km/h"",""res"":""Punkt: B. Retré""},{""type"":""chg"",""score"":""13 : 9"",""txt"":""Zmiana: O. Salgado ⇄ M. Chieh""},{""type"":""chg"",""score"":""13 : 9"",""txt"":""Zmiana: H. Jagiełło ⇄ A. Teixeira""},{""type"":""rally"",""score"":""13 : 9"",""speed"":""53.1 km/h"",""res"":""Punkt: T. Blanchemain""},{""type"":""rally"",""score"":""12 : 9"",""speed"":""-"",""res"":""Błąd: T. Benoist""},{""type"":""rally"",""score"":""12 : 8"",""speed"":""49.8 km/h"",""res"":""Punkt: T. Blanchemain""},{""type"":""tmo"",""score"":""11 : 8"",""txt"":""Czas: Zacarias da Bola""},{""type"":""rally"",""score"":""11 : 8"",""speed"":""46.4 km/h"",""res"":""Punkt: A. Vonk""},{""type"":""rally"",""score"":""11 : 7"",""speed"":""-"",""res"":""Błąd: A. Teixeira""},{""type"":""chg"",""score"":""11 : 6"",""txt"":""Zmiana: B. Retré ⇄ G. Chaves""},{""type"":""rally"",""score"":""11 : 6"",""speed"":""55.3 km/h"",""res"":""Punkt: B. Bogdanowicz""},{""type"":""rally"",""score"":""10 : 6"",""speed"":""47.4 km/h"",""res"":""Punkt: U. Aleksijević""},{""type"":""rally"",""score"":""10 : 5"",""speed"":""63.4 km/h"",""res"":""Punkt: M. Chieh""},{""type"":""rally"",""score"":""9 : 5"",""speed"":""48.6 km/h"",""res"":""Punkt: B. Bogdanowicz""},{""type"":""rally"",""score"":""8 : 5"",""speed"":""64.0 km/h"",""res"":""Punkt: V. Scaglione""},{""type"":""tmo"",""score"":""8 : 4"",""txt"":""Czas: ""},{""type"":""rally"",""score"":""8 : 4"",""speed"":""61.3 km/h"",""res"":""Punkt: M. Chieh""},{""type"":""rally"",""score"":""7 : 4"",""speed"":""68.7 km/h"",""res"":""Punkt: B. Bogdanowicz""},{""type"":""rally"",""score"":""6 : 4"",""speed"":""63.5 km/h"",""res"":""Punkt: B. Bogdanowicz""},{""type"":""rally"",""score"":""5 : 4"",""speed"":""-"",""res"":""Błąd: P. Hugues""},{""type"":""rally"",""score"":""4 : 4"",""speed"":""67.4 km/h"",""res"":""Punkt: P. Hugues""},{""type"":""rally"",""score"":""4 : 3"",""speed"":""69.9 km/h"",""res"":""Punkt: V. Scaglione""},{""type"":""rally"",""score"":""4 : 2"",""speed"":""43.6 km/h"",""res"":""Punkt: G. Chaves""},{""type"":""rally"",""score"":""3 : 2"",""speed"":""-"",""res"":""Błąd: T. Blanchemain""},{""type"":""rally"",""score"":""3 : 1"",""speed"":""65.8 km/h"",""res"":""Punkt: G. Chaves""},{""type"":""rally"",""score"":""2 : 1"",""speed"":""66.2 km/h"",""res"":""Błąd: V. Scaglione""},{""type"":""rally"",""score"":""1 : 1"",""speed"":""54.5 km/h"",""res"":""Błąd: A. Couto""},{""type"":""rally"",""score"":""0 : 1"",""speed"":""64.2 km/h"",""res"":""Punkt: P. Hugues""}]},{""rallies"":[{""type"":""end"",""score"":""22 : 25"",""txt"":""Koniec seta 0 : 2""},{""type"":""end"",""score"":""22 : 25"",""txt"":""Koniec seta 0 : 2""},{""type"":""rally"",""score"":""22 : 25"",""speed"":""66.7 km/h"",""res"":""Punkt: N. Sheng""},{""type"":""rally"",""score"":""22 : 24"",""speed"":""73.4 km/h"",""res"":""Punkt: V. Scaglione""},{""type"":""rally"",""score"":""22 : 23"",""speed"":""52.1 km/h"",""res"":""Punkt: G. Chaves""},{""type"":""rally"",""score"":""21 : 23"",""speed"":""51.8 km/h"",""res"":""Punkt: V. Scaglione""},{""type"":""chg"",""score"":""21 : 22"",""txt"":""Zmiana: B. Pina ⇄ P. Hugues""},{""type"":""rally"",""score"":""21 : 22"",""speed"":""-"",""res"":""Błąd: T. Blanchemain""},{""type"":""rally"",""score"":""21 : 21"",""speed"":""-"",""res"":""Błąd: U. Aleksijević""},{""type"":""rally"",""score"":""20 : 21"",""speed"":""57.7 km/h"",""res"":""Błąd: M. Chieh""},{""type"":""rally"",""score"":""20 : 20"",""speed"":""47.9 km/h"",""res"":""Punkt: A. Vonk""},{""type"":""rally"",""score"":""20 : 19"",""speed"":""61.1 km/h"",""res"":""Punkt: G. Chaves""},{""type"":""rally"",""score"":""19 : 19"",""speed"":""44.1 km/h"",""res"":""Punkt: M. Chieh""},{""type"":""rally"",""score"":""18 : 19"",""speed"":""79.9 km/h"",""res"":""Punkt: N. Sheng""},{""type"":""rally"",""score"":""18 : 18"",""speed"":""44.6 km/h"",""res"":""Punkt: B. Bogdanowicz""},{""type"":""chg"",""score"":""17 : 18"",""txt"":""Zmiana: A. Teixeira ⇄ H. Jagiełło""},{""type"":""tmo"",""score"":""17 : 18"",""txt"":""Czas: Zacarias da Bola""},{""type"":""rally"",""score"":""17 : 18"",""speed"":""41.6 km/h"",""res"":""Błąd: H. Jagiełło""},{""type"":""rally"",""score"":""17 : 17"",""speed"":""48.0 km/h"",""res"":""Punkt: V. Scaglione""},{""type"":""rally"",""score"":""17 : 16"",""speed"":""71.8 km/h"",""res"":""Punkt: N. Sheng""},{""type"":""rally"",""score"":""17 : 15"",""speed"":""61.0 km/h"",""res"":""Punkt: H. Jagiełło""},{""type"":""rally"",""score"":""16 : 15"",""speed"":""88.9 km/h"",""res"":""Punkt: P. Hugues""},{""type"":""tmo"",""score"":""16 : 14"",""txt"":""Czas: ""},{""type"":""rally"",""score"":""16 : 14"",""speed"":""43.4 km/h"",""res"":""Punkt: B. Bogdanowicz""},{""type"":""rally"",""score"":""15 : 14"",""speed"":""-"",""res"":""Błąd: G. Chaves""},{""type"":""chg"",""score"":""15 : 13"",""txt"":""Zmiana: D. Cleveland ⇄ A. Couto""},{""type"":""chg"",""score"":""15 : 13"",""txt"":""Zmiana: N. Sheng ⇄ F. Sironi""},{""type"":""rally"",""score"":""15 : 13"",""speed"":""48.3 km/h"",""res"":""Punkt: G. Chaves""},{""type"":""chg"",""score"":""14 : 13"",""txt"":""Zmiana: B. Bogdanowicz ⇄ J. Bouchet""},{""type"":""rally"",""score"":""14 : 13"",""speed"":""46.4 km/h"",""res"":""Błąd: J. Bouchet""},{""type"":""rally"",""score"":""14 : 12"",""speed"":""-"",""res"":""Błąd: T. Blanchemain""},{""type"":""rally"",""score"":""14 : 11"",""speed"":""57.8 km/h"",""res"":""Punkt: G. Chaves""},{""type"":""rally"",""score"":""13 : 11"",""speed"":""78.7 km/h"",""res"":""Punkt: A. Vonk""},{""type"":""chg"",""score"":""13 : 10"",""txt"":""Zmiana: H. Jagiełło ⇄ A. Teixeira""},{""type"":""rally"",""score"":""13 : 10"",""speed"":""61.4 km/h"",""res"":""Punkt: T. Blanchemain""},{""type"":""rally"",""score"":""12 : 10"",""speed"":""43.1 km/h"",""res"":""Punkt: J. Bouchet""},{""type"":""rally"",""score"":""11 : 10"",""speed"":""82.5 km/h"",""res"":""Punkt: A. Vonk""},{""type"":""chg"",""score"":""11 : 9"",""txt"":""Zmiana: J. Bouchet ⇄ B. Bogdanowicz""},{""type"":""rally"",""score"":""11 : 9"",""speed"":""85.3 km/h"",""res"":""Błąd: F. Sironi""},{""type"":""rally"",""score"":""10 : 9"",""speed"":""57.5 km/h"",""res"":""Błąd: P. Hugues""},{""type"":""rally"",""score"":""9 : 9"",""speed"":""67.2 km/h"",""res"":""Punkt: G. Chaves""},{""type"":""rally"",""score"":""8 : 9"",""speed"":""61.3 km/h"",""res"":""Punkt: G. Chaves""},{""type"":""rally"",""score"":""7 : 9"",""speed"":""46.3 km/h"",""res"":""Punkt: A. Teixeira""},{""type"":""chg"",""score"":""6 : 9"",""txt"":""Zmiana: V. Mishev ⇄ T. Benoist""},{""type"":""rally"",""score"":""6 : 9"",""speed"":""-"",""res"":""Błąd: M. Chieh""},{""type"":""rally"",""score"":""6 : 8"",""speed"":""66.3 km/h"",""res"":""Punkt: M. Chieh""},{""type"":""tmo"",""score"":""5 : 8"",""txt"":""Czas: ""},{""type"":""rally"",""score"":""5 : 8"",""speed"":""59.6 km/h"",""res"":""Punkt: P. Hugues""},{""type"":""rally"",""score"":""5 : 7"",""speed"":""59.7 km/h"",""res"":""Punkt: V. Scaglione""},{""type"":""tmo"",""score"":""5 : 6"",""txt"":""Czas: Zacarias da Bola""},{""type"":""rally"",""score"":""5 : 6"",""speed"":""44.2 km/h"",""res"":""Punkt: V. Scaglione""},{""type"":""rally"",""score"":""5 : 5"",""speed"":""56.3 km/h"",""res"":""Punkt: V. Scaglione""},{""type"":""rally"",""score"":""5 : 4"",""speed"":""68.3 km/h"",""res"":""Punkt: B. Bogdanowicz""},{""type"":""rally"",""score"":""4 : 4"",""speed"":""61.6 km/h"",""res"":""Punkt: A. Teixeira""},{""type"":""rally"",""score"":""3 : 4"",""speed"":""52.5 km/h"",""res"":""Punkt: A. Teixeira""},{""type"":""rally"",""score"":""2 : 4"",""speed"":""78.2 km/h"",""res"":""Punkt: P. Hugues""},{""type"":""rally"",""score"":""2 : 3"",""speed"":""49.4 km/h"",""res"":""Punkt: B. Bogdanowicz""},{""type"":""rally"",""score"":""1 : 3"",""speed"":""60.7 km/h"",""res"":""Punkt: A. Vonk""},{""type"":""rally"",""score"":""1 : 2"",""speed"":""58.1 km/h"",""res"":""Punkt: B. Bogdanowicz""},{""type"":""rally"",""score"":""0 : 2"",""speed"":""47.3 km/h"",""res"":""Błąd: T. Blanchemain""},{""type"":""rally"",""score"":""0 : 1"",""speed"":""51.3 km/h"",""res"":""Błąd: B. Bogdanowicz""}]},{""rallies"":[{""type"":""end"",""score"":""25 : 23"",""txt"":""Koniec seta 1 : 2""},{""type"":""end"",""score"":""25 : 23"",""txt"":""Koniec seta 1 : 2""},{""type"":""rally"",""score"":""25 : 23"",""speed"":""47.8 km/h"",""res"":""Punkt: A. Teixeira""},{""type"":""rally"",""score"":""24 : 23"",""speed"":""58.6 km/h"",""res"":""Punkt: V. Scaglione""},{""type"":""chg"",""score"":""24 : 22"",""txt"":""Zmiana: B. Bogdanowicz ⇄ J. Bouchet""},{""type"":""rally"",""score"":""24 : 22"",""speed"":""54.9 km/h"",""res"":""Punkt: B. Pina""},{""type"":""tmo"",""score"":""24 : 21"",""txt"":""Czas: Zacarias da Bola""},{""type"":""rally"",""score"":""24 : 21"",""speed"":""44.2 km/h"",""res"":""Błąd: M. Chieh""},{""type"":""rally"",""score"":""24 : 20"",""speed"":""51.6 km/h"",""res"":""Błąd: M. Chieh""},{""type"":""rally"",""score"":""24 : 19"",""speed"":""64.7 km/h"",""res"":""Punkt: A. Vonk""},{""type"":""rally"",""score"":""24 : 18"",""speed"":""56.0 km/h"",""res"":""Punkt: M. Chieh""},{""type"":""rally"",""score"":""23 : 18"",""speed"":""52.3 km/h"",""res"":""Punkt: A. Teixeira""},{""type"":""chg"",""score"":""22 : 18"",""txt"":""Zmiana: B. Pina ⇄ P. Hugues""},{""type"":""rally"",""score"":""22 : 18"",""speed"":""53.6 km/h"",""res"":""Punkt: B. Retré""},{""type"":""rally"",""score"":""21 : 18"",""speed"":""75.4 km/h"",""res"":""Punkt: P. Hugues""},{""type"":""rally"",""score"":""21 : 17"",""speed"":""70.1 km/h"",""res"":""Punkt: J. Bouchet""},{""type"":""rally"",""score"":""20 : 17"",""speed"":""52.6 km/h"",""res"":""Błąd: S. Mladenov""},{""type"":""rally"",""score"":""19 : 17"",""speed"":""-"",""res"":""Błąd: T. Benoist""},{""type"":""rally"",""score"":""19 : 16"",""speed"":""58.9 km/h"",""res"":""Punkt: T. Blanchemain""},{""type"":""rally"",""score"":""18 : 16"",""speed"":""69.7 km/h"",""res"":""Punkt: P. Hugues""},{""type"":""rally"",""score"":""18 : 15"",""speed"":""41.1 km/h"",""res"":""Punkt: A. Teixeira""},{""type"":""rally"",""score"":""17 : 15"",""speed"":""57.6 km/h"",""res"":""Punkt: A. Vonk""},{""type"":""rally"",""score"":""17 : 14"",""speed"":""51.0 km/h"",""res"":""Punkt: M. Chieh""},{""type"":""rally"",""score"":""16 : 14"",""speed"":""57.0 km/h"",""res"":""Punkt: V. Scaglione""},{""type"":""tmo"",""score"":""16 : 13"",""txt"":""Czas: ""},{""type"":""rally"",""score"":""16 : 13"",""speed"":""51.1 km/h"",""res"":""Punkt: J. Bouchet""},{""type"":""chg"",""score"":""15 : 13"",""txt"":""Zmiana: M. Chieh ⇄ O. Salgado""},{""type"":""rally"",""score"":""15 : 13"",""speed"":""47.9 km/h"",""res"":""Punkt: V. Scaglione""},{""type"":""rally"",""score"":""15 : 12"",""speed"":""59.1 km/h"",""res"":""Punkt: P. Hugues""},{""type"":""chg"",""score"":""15 : 11"",""txt"":""Zmiana: M. Hatz ⇄ F. Sironi""},{""type"":""chg"",""score"":""15 : 11"",""txt"":""Zmiana: S. Mladenov ⇄ A. Couto""},{""type"":""rally"",""score"":""15 : 11"",""speed"":""57.8 km/h"",""res"":""Punkt: O. Salgado""},{""type"":""rally"",""score"":""14 : 11"",""speed"":""42.9 km/h"",""res"":""Punkt: T. Blanchemain""},{""type"":""rally"",""score"":""13 : 11"",""speed"":""45.7 km/h"",""res"":""Punkt: V. Scaglione""},{""type"":""chg"",""score"":""13 : 10"",""txt"":""Zmiana: O. Salgado ⇄ M. Chieh""},{""type"":""rally"",""score"":""13 : 10"",""speed"":""64.4 km/h"",""res"":""Błąd: A. Couto""},{""type"":""rally"",""score"":""12 : 10"",""speed"":""55.9 km/h"",""res"":""Punkt: B. Retré""},{""type"":""chg"",""score"":""11 : 10"",""txt"":""Zmiana: J. Bouchet ⇄ B. Bogdanowicz""},{""type"":""chg"",""score"":""11 : 10"",""txt"":""Zmiana: B. Retré ⇄ G. Chaves""},{""type"":""rally"",""score"":""11 : 10"",""speed"":""48.7 km/h"",""res"":""Punkt: B. Bogdanowicz""},{""type"":""tmo"",""score"":""10 : 10"",""txt"":""Czas: Zacarias da Bola""},{""type"":""rally"",""score"":""10 : 10"",""speed"":""49.5 km/h"",""res"":""Punkt: V. Scaglione""},{""type"":""rally"",""score"":""10 : 9"",""speed"":""70.8 km/h"",""res"":""Punkt: V. Scaglione""},{""type"":""rally"",""score"":""10 : 8"",""speed"":""53.1 km/h"",""res"":""Punkt: B. Bogdanowicz""},{""type"":""rally"",""score"":""9 : 8"",""speed"":""53.2 km/h"",""res"":""Punkt: G. Chaves""},{""type"":""rally"",""score"":""8 : 8"",""speed"":""75.6 km/h"",""res"":""Punkt: G. Chaves""},{""type"":""rally"",""score"":""7 : 8"",""speed"":""50.2 km/h"",""res"":""Punkt: G. Chaves""},{""type"":""tmo"",""score"":""6 : 8"",""txt"":""Czas: ""},{""type"":""rally"",""score"":""6 : 8"",""speed"":""66.7 km/h"",""res"":""Punkt: P. Hugues""},{""type"":""rally"",""score"":""6 : 7"",""speed"":""45.3 km/h"",""res"":""Punkt: A. Teixeira""},{""type"":""rally"",""score"":""5 : 7"",""speed"":""-"",""res"":""Błąd: M. Chieh""},{""type"":""rally"",""score"":""5 : 6"",""speed"":""55.1 km/h"",""res"":""Punkt: B. Bogdanowicz""},{""type"":""rally"",""score"":""4 : 6"",""speed"":""49.0 km/h"",""res"":""Punkt: T. Benoist""},{""type"":""rally"",""score"":""3 : 6"",""speed"":""-"",""res"":""Błąd: B. Bogdanowicz""},{""type"":""rally"",""score"":""3 : 5"",""speed"":""50.8 km/h"",""res"":""Punkt: T. Blanchemain""},{""type"":""rally"",""score"":""2 : 5"",""speed"":""75.1 km/h"",""res"":""Punkt: F. Sironi""},{""type"":""rally"",""score"":""2 : 4"",""speed"":""51.4 km/h"",""res"":""Punkt: M. Chieh""},{""type"":""rally"",""score"":""1 : 4"",""speed"":""64.9 km/h"",""res"":""Punkt: P. Hugues""},{""type"":""rally"",""score"":""1 : 3"",""speed"":""48.1 km/h"",""res"":""Punkt: T. Blanchemain""},{""type"":""rally"",""score"":""0 : 3"",""speed"":""51.3 km/h"",""res"":""Punkt: P. Hugues""},{""type"":""rally"",""score"":""0 : 2"",""speed"":""50.0 km/h"",""res"":""Punkt: V. Scaglione""},{""type"":""rally"",""score"":""0 : 1"",""speed"":""-"",""res"":""Błąd: T. Benoist""}]},{""rallies"":[{""type"":""end"",""score"":""25 : 21"",""txt"":""Koniec seta 2 : 2""},{""type"":""end"",""score"":""25 : 21"",""txt"":""Koniec seta 2 : 2""},{""type"":""rally"",""score"":""25 : 21"",""speed"":""58.9 km/h"",""res"":""Punkt: T. Benoist""},{""type"":""rally"",""score"":""24 : 21"",""speed"":""-"",""res"":""Błąd: V. Scaglione""},{""type"":""chg"",""score"":""23 : 21"",""txt"":""Zmiana: A. Teixeira ⇄ H. Jagiełło""},{""type"":""rally"",""score"":""23 : 21"",""speed"":""52.5 km/h"",""res"":""Punkt: N. Sheng""},{""type"":""rally"",""score"":""23 : 20"",""speed"":""70.4 km/h"",""res"":""Punkt: T. Benoist""},{""type"":""chg"",""score"":""22 : 20"",""txt"":""Zmiana: B. Pina ⇄ P. Hugues""},{""type"":""rally"",""score"":""22 : 20"",""speed"":""54.1 km/h"",""res"":""Punkt: M. Chieh""},{""type"":""rally"",""score"":""21 : 20"",""speed"":""-"",""res"":""Błąd: B. Bogdanowicz""},{""type"":""rally"",""score"":""21 : 19"",""speed"":""44.5 km/h"",""res"":""Punkt: M. Chieh""},{""type"":""rally"",""score"":""20 : 19"",""speed"":""56.8 km/h"",""res"":""Punkt: V. Scaglione""},{""type"":""rally"",""score"":""20 : 18"",""speed"":""62.2 km/h"",""res"":""Punkt: B. Bogdanowicz""},{""type"":""rally"",""score"":""19 : 18"",""speed"":""61.9 km/h"",""res"":""Błąd: V. Scaglione""},{""type"":""rally"",""score"":""18 : 18"",""speed"":""47.0 km/h"",""res"":""Punkt: B. Bogdanowicz""},{""type"":""rally"",""score"":""17 : 18"",""speed"":""69.2 km/h"",""res"":""Punkt: P. Hugues""},{""type"":""rally"",""score"":""17 : 17"",""speed"":""48.0 km/h"",""res"":""Punkt: B. Retré""},{""type"":""chg"",""score"":""16 : 17"",""txt"":""Zmiana: T. Benoist ⇄ V. Mishev""},{""type"":""rally"",""score"":""16 : 17"",""speed"":""71.9 km/h"",""res"":""Punkt: D. Cleveland""},{""type"":""rally"",""score"":""16 : 16"",""speed"":""50.4 km/h"",""res"":""Punkt: M. Chieh""},{""type"":""tmo"",""score"":""15 : 16"",""txt"":""Czas: ""},{""type"":""rally"",""score"":""15 : 16"",""speed"":""60.6 km/h"",""res"":""Błąd: B. Bogdanowicz""},{""type"":""rally"",""score"":""15 : 15"",""speed"":""-"",""res"":""Błąd: H. Jagiełło""},{""type"":""chg"",""score"":""15 : 14"",""txt"":""Zmiana: D. Cleveland ⇄ A. Couto""},{""type"":""chg"",""score"":""15 : 14"",""txt"":""Zmiana: N. Sheng ⇄ F. Sironi""},{""type"":""rally"",""score"":""15 : 14"",""speed"":""43.8 km/h"",""res"":""Punkt: T. Blanchemain""},{""type"":""rally"",""score"":""14 : 14"",""speed"":""52.8 km/h"",""res"":""Błąd: T. Blanchemain""},{""type"":""rally"",""score"":""14 : 13"",""speed"":""58.8 km/h"",""res"":""Punkt: H. Jagiełło""},{""type"":""rally"",""score"":""13 : 13"",""speed"":""62.7 km/h"",""res"":""Punkt: V. Scaglione""},{""type"":""chg"",""score"":""13 : 12"",""txt"":""Zmiana: H. Jagiełło ⇄ A. Teixeira""},{""type"":""rally"",""score"":""13 : 12"",""speed"":""50.9 km/h"",""res"":""Błąd: V. Scaglione""},{""type"":""rally"",""score"":""12 : 12"",""speed"":""57.5 km/h"",""res"":""Punkt: P. Hugues""},{""type"":""rally"",""score"":""12 : 11"",""speed"":""42.9 km/h"",""res"":""Punkt: M. Chieh""},{""type"":""rally"",""score"":""11 : 11"",""speed"":""76.3 km/h"",""res"":""Punkt: P. Hugues""},{""type"":""chg"",""score"":""11 : 10"",""txt"":""Zmiana: B. Retré ⇄ G. Chaves""},{""type"":""rally"",""score"":""11 : 10"",""speed"":""51.2 km/h"",""res"":""Punkt: M. Chieh""},{""type"":""rally"",""score"":""10 : 10"",""speed"":""47.8 km/h"",""res"":""Punkt: B. Bogdanowicz""},{""type"":""rally"",""score"":""9 : 10"",""speed"":""43.9 km/h"",""res"":""Punkt: A. Couto""},{""type"":""rally"",""score"":""9 : 9"",""speed"":""67.8 km/h"",""res"":""Punkt: A. Vonk""},{""type"":""chg"",""score"":""9 : 8"",""txt"":""Zmiana: V. Mishev ⇄ T. Benoist""},{""type"":""rally"",""score"":""9 : 8"",""speed"":""52.5 km/h"",""res"":""Błąd: V. Scaglione""},{""type"":""rally"",""score"":""8 : 8"",""speed"":""50.2 km/h"",""res"":""Punkt: T. Blanchemain""},{""type"":""tmo"",""score"":""7 : 8"",""txt"":""Czas: ""},{""type"":""rally"",""score"":""7 : 8"",""speed"":""44.7 km/h"",""res"":""Punkt: V. Scaglione""},{""type"":""rally"",""score"":""7 : 7"",""speed"":""-"",""res"":""Błąd: V. Scaglione""},{""type"":""rally"",""score"":""6 : 7"",""speed"":""-"",""res"":""Błąd: M. Chieh""},{""type"":""rally"",""score"":""6 : 6"",""speed"":""59.2 km/h"",""res"":""Punkt: M. Chieh""},{""type"":""rally"",""score"":""5 : 6"",""speed"":""50.7 km/h"",""res"":""Punkt: V. Scaglione""},{""type"":""rally"",""score"":""5 : 5"",""speed"":""46.7 km/h"",""res"":""Punkt: A. Teixeira""},{""type"":""tmo"",""score"":""4 : 5"",""txt"":""Czas: Zacarias da Bola""},{""type"":""rally"",""score"":""4 : 5"",""speed"":""53.4 km/h"",""res"":""Błąd: T. Blanchemain""},{""type"":""rally"",""score"":""4 : 4"",""speed"":""54.3 km/h"",""res"":""Punkt: V. Scaglione""},{""type"":""rally"",""score"":""4 : 3"",""speed"":""45.0 km/h"",""res"":""Punkt: P. Hugues""},{""type"":""rally"",""score"":""4 : 2"",""speed"":""63.0 km/h"",""res"":""Punkt: V. Scaglione""},{""type"":""rally"",""score"":""4 : 1"",""speed"":""77.0 km/h"",""res"":""Błąd: V. Scaglione""},{""type"":""rally"",""score"":""3 : 1"",""speed"":""48.4 km/h"",""res"":""Punkt: M. Chieh""},{""type"":""rally"",""score"":""2 : 1"",""speed"":""64.6 km/h"",""res"":""Punkt: P. Hugues""},{""type"":""rally"",""score"":""2 : 0"",""speed"":""58.5 km/h"",""res"":""Punkt: M. Chieh""},{""type"":""rally"",""score"":""1 : 0"",""speed"":""56.7 km/h"",""res"":""Punkt: G. Chaves""}]},{""rallies"":[{""type"":""end"",""score"":""17 : 15"",""txt"":""Koniec seta 3 : 2""},{""type"":""end"",""score"":""17 : 15"",""txt"":""Koniec seta 3 : 2""},{""type"":""rally"",""score"":""17 : 15"",""speed"":""87.1 km/h"",""res"":""Punkt: M. Chieh""},{""type"":""rally"",""score"":""16 : 15"",""speed"":""42.1 km/h"",""res"":""Punkt: B. Bogdanowicz""},{""type"":""rally"",""score"":""15 : 15"",""speed"":""-"",""res"":""Błąd: M. Chieh""},{""type"":""chg"",""score"":""15 : 14"",""txt"":""Zmiana: M. Hatz ⇄ F. Sironi""},{""type"":""chg"",""score"":""15 : 14"",""txt"":""Zmiana: S. Mladenov ⇄ A. Couto""},{""type"":""rally"",""score"":""15 : 14"",""speed"":""67.8 km/h"",""res"":""Punkt: A. Teixeira""},{""type"":""rally"",""score"":""14 : 14"",""speed"":""44.9 km/h"",""res"":""Punkt: B. Bogdanowicz""},{""type"":""rally"",""score"":""13 : 14"",""speed"":""74.9 km/h"",""res"":""Punkt: F. Sironi""},{""type"":""rally"",""score"":""13 : 13"",""speed"":""57.0 km/h"",""res"":""Punkt: T. Blanchemain""},{""type"":""rally"",""score"":""12 : 13"",""speed"":""44.5 km/h"",""res"":""Punkt: V. Scaglione""},{""type"":""rally"",""score"":""12 : 12"",""speed"":""73.9 km/h"",""res"":""Punkt: F. Sironi""},{""type"":""rally"",""score"":""12 : 11"",""speed"":""68.9 km/h"",""res"":""Punkt: B. Bogdanowicz""},{""type"":""rally"",""score"":""11 : 11"",""speed"":""-"",""res"":""Błąd: A. Couto""},{""type"":""rally"",""score"":""10 : 11"",""speed"":""54.6 km/h"",""res"":""Punkt: V. Scaglione""},{""type"":""rally"",""score"":""10 : 10"",""speed"":""50.4 km/h"",""res"":""Punkt: G. Chaves""},{""type"":""rally"",""score"":""9 : 10"",""speed"":""62.5 km/h"",""res"":""Punkt: P. Hugues""},{""type"":""rally"",""score"":""9 : 9"",""speed"":""53.4 km/h"",""res"":""Punkt: T. Blanchemain""},{""type"":""rally"",""score"":""8 : 9"",""speed"":""45.9 km/h"",""res"":""Punkt: A. Couto""},{""type"":""rally"",""score"":""8 : 8"",""speed"":""61.2 km/h"",""res"":""Punkt: A. Vonk""},{""type"":""rally"",""score"":""8 : 7"",""speed"":""46.1 km/h"",""res"":""Punkt: B. Bogdanowicz""},{""type"":""rally"",""score"":""7 : 7"",""speed"":""53.6 km/h"",""res"":""Punkt: F. Sironi""},{""type"":""rally"",""score"":""7 : 6"",""speed"":""50.2 km/h"",""res"":""Punkt: A. Vonk""},{""type"":""rally"",""score"":""7 : 5"",""speed"":""50.0 km/h"",""res"":""Punkt: A. Teixeira""},{""type"":""rally"",""score"":""6 : 5"",""speed"":""46.9 km/h"",""res"":""Punkt: F. Sironi""},{""type"":""rally"",""score"":""6 : 4"",""speed"":""82.1 km/h"",""res"":""Punkt: F. Sironi""},{""type"":""rally"",""score"":""6 : 3"",""speed"":""60.7 km/h"",""res"":""Punkt: M. Chieh""},{""type"":""rally"",""score"":""5 : 3"",""speed"":""-"",""res"":""Błąd: G. Chaves""},{""type"":""rally"",""score"":""5 : 2"",""speed"":""66.2 km/h"",""res"":""Błąd: V. Scaglione""},{""type"":""rally"",""score"":""4 : 2"",""speed"":""-"",""res"":""Błąd: A. Couto""},{""type"":""rally"",""score"":""3 : 2"",""speed"":""-"",""res"":""Błąd: T. Blanchemain""},{""type"":""rally"",""score"":""3 : 1"",""speed"":""58.6 km/h"",""res"":""Punkt: B. Bogdanowicz""},{""type"":""rally"",""score"":""2 : 1"",""speed"":""63.7 km/h"",""res"":""Punkt: T. Blanchemain""},{""type"":""rally"",""score"":""1 : 1"",""speed"":""43.9 km/h"",""res"":""Punkt: M. Chieh""},{""type"":""rally"",""score"":""0 : 1"",""speed"":""51.9 km/h"",""res"":""Punkt: P. Hugues""}]}]}","3","6","0","0","0","0","21","58","4","0","19","0","0","2","75.6","60.1","0","0","0","0","0","0","0","0","0","0","0","0","0","0","0","0","0","0","0","0","0","0","0","0","0","0","0","0","0","0","45","12","5","8","54","124","0","0","0","0","0","5","0","0","0","0","0","3","0","0","0","0","0","3","2","0","3","2","0","clan-bulk-1.2","0","0","0"
"liga_klanow_2_2","Zacarias da Bola vs Maritza 3:2","1297870","2026-09-18 19:00","Zaca","Portugal II","1418","Zacarias da Bola","","Blanchemain, Thierry","2060910","14","4","24","4","1","78.8","29","6","12","41","21","21","17","10","4","3","62","31","0","100","11","35","1","25","81","0","0","0","0","0","0","0","47.2","","3","3","0","0","0","0","25","81","1","0","23","0","0","2","78.8","63.6","2","1","0","0","0","3","2","0","2","0","1","5","6","2","1","1","6","16","0","0","0","0","0","0","1","0","0","0","4","5","0","0","0","0","0","0","9","18","3","1","31","10","0","0","0","0","0","3","0","0","0","0","0","5","4","4","4","4","4","clan-bulk-1.2","0","0","0"
"liga_klanow_2_2","Zacarias da Bola vs Maritza 3:2","1297870","2026-09-18 19:00","Zaca","Portugal II","1418","Zacarias da Bola","","Chaves, Gonçalo","2060337","15","11","11","2","0","78.2","15","2","4","27","13","4","4","1","0","0","25","0","0","0","0","0","11","43","70","0","0","0","0","0","0","0","39.4","","0","0","0","0","0","0","43","70","10","4","38","1","0","5","78.2","71.7","0","0","0","0","0","0","0","0","1","1","0","2","0","0","0","0","0","0","3","0","1","0","9","13","0","0","0","0","0","0","0","0","0","0","0","0","0","0","0","0","0","1","0","0","0","0","0","0","0","0","0","0","0","5","2","7","3","1","2","clan-bulk-1.2","0","0","0"
"liga_klanow_2_2","Zacarias da Bola vs Maritza 3:2","1297870","2026-09-18 19:00","Zaca","Portugal II","1418","Zacarias da Bola","","Bogdanowicz, Bolesław","2087910","22","12","15","2","1","88.9","46","8","15","33","15","29","20","11","9","6","59","0","0","0","0","0","6","35","89","0","0","0","0","0","0","0","51.2","","5","6","0","0","0","0","35","89","6","1","33","0","0","2","88.9","67.4","1","0","0","0","1","2","0","0","3","0","1","4","4","1","2","0","15","22","0","0","0","0","0","0","10","1","1","0","6","18","0","0","0","0","0","0","0","0","0","0","0","11","0","0","0","0","0","6","0","0","0","0","0","5","6","6","4","5","5","clan-bulk-1.2","0","0","0"
"liga_klanow_2_2","Zacarias da Bola vs Maritza 3:2","1297870","2026-09-18 19:00","Zaca","Portugal II","1418","Zacarias da Bola","","Chieh, Ming","2088533","20","5","18","4","1","71.8","31","9","13","42","13","18","12","3","6","4","39","38","2","95","12","32","6","33","88","0","0","0","0","0","0","0","51.3","","3","4","0","0","0","0","33","88","5","1","30","1","0","3","71.8","58.2","2","0","0","0","2","4","0","1","1","1","1","4","7","1","3","0","5","16","0","0","0","0","0","0","3","2","1","0","1","7","0","0","0","0","0","0","7","16","10","3","36","3","0","0","0","0","0","4","0","0","0","0","0","5","3","4","6","9","4","clan-bulk-1.2","0","0","0"
"liga_klanow_2_2","Zacarias da Bola vs Maritza 3:2","1297870","2026-09-18 19:00","Zaca","Portugal II","1418","Zacarias da Bola","","Teixeira, Albano","2060815","13","10","15","1","0","87.1","20","2","6","30","20","6","3","0","3","1","17","0","0","0","0","0","7","32","65","0","0","0","0","0","0","0","33.4","","1","1","0","0","0","0","32","65","5","1","28","2","0","4","87.1","69.5","1","0","0","0","1","2","0","0","1","0","0","1","0","0","0","0","0","0","5","0","1","0","11","17","0","0","0","0","0","0","0","0","0","0","0","0","0","0","0","0","0","0","0","0","0","0","0","1","0","0","0","0","0","5","2","3","4","1","2","clan-bulk-1.2","0","0","0"
"liga_klanow_2_2","Zacarias da Bola vs Maritza 3:2","1297870","2026-09-18 19:00","Zaca","Portugal II","1418","Zacarias da Bola","","Ścisłowski, Janusz","2088778","0","-3","0","0","0","0","0","0","0","0","0","35","22","9","13","11","57","34","3","91","14","41","0","0","0","1","4","9","0","1","4","4","23.6","","9","10","0","0","0","0","0","0","0","0","0","0","0","0","0","0","0","0","0","0","0","0","0","0","0","0","0","0","0","0","0","0","0","0","0","0","0","0","0","0","0","0","0","0","0","0","1","4","0","0","4","9","13","13","4","1","31","9","0","0","0","0","0","11","0","0","0","0","0","0","0","0","0","0","0","clan-bulk-1.2","0","0","0"
"liga_klanow_2_2","Zacarias da Bola vs Maritza 3:2","1297870","2026-09-18 19:00","Zaca","Portugal II","1418","Zacarias da Bola","","Jagiełło, Hubert","2113323","5","2","1","1","0","0","9","2","4","44","22","0","0","0","0","0","0","0","0","0","0","0","1","11","20","0","0","0","0","0","0","0","7","","0","0","0","0","0","0","11","20","1","2","9","0","0","2","0","0","0","0","0","0","0","0","0","0","0","0","0","0","0","0","0","0","0","0","3","2","0","1","3","9","0","0","0","0","0","0","0","0","0","0","0","0","0","0","0","0","0","0","0","0","0","0","0","0","0","0","0","0","0","3","3","2","0","2","0","clan-bulk-1.2","0","0","0"
"liga_klanow_2_2","Zacarias da Bola vs Maritza 3:2","1297870","2026-09-18 19:00","Zaca","Portugal II","1418","Zacarias da Bola","","Retré, Barroso","2113181","6","6","10","0","0","64.7","9","0","6","67","67","3","1","0","2","2","67","0","0","0","0","0","0","13","27","0","0","0","0","0","0","0","12.8","","1","1","0","0","0","0","13","27","0","0","12","0","0","1","64.7","57.8","1","0","0","0","1","2","0","0","0","0","0","0","0","0","0","0","0","0","5","0","0","0","2","7","0","0","0","0","0","0","0","0","0","0","0","0","0","0","0","0","0","0","0","0","0","0","0","2","0","0","0","0","0","3","3","0","2","1","0","clan-bulk-1.2","0","0","0"
"liga_klanow_2_2","Zacarias da Bola vs Maritza 3:2","1297870","2026-09-18 19:00","Zaca","Portugal II","1418","Zacarias da Bola","","Salgado, Octávio","2139591","2","1","0","0","0","0","5","1","2","40","20","1","0","0","1","1","100","1","0","100","0","0","0","0","13","0","0","0","0","0","0","0","3.3","","0","0","0","0","0","0","0","13","0","0","0","0","0","0","0","0","0","0","0","0","0","0","0","0","0","0","0","0","1","1","0","1","2","5","0","0","0","0","0","0","0","0","0","0","0","0","0","0","0","0","0","0","1","0","0","0","1","0","0","0","0","0","0","1","0","0","0","0","0","2","1","0","1","0","0","clan-bulk-1.2","0","0","0"
"liga_klanow_2_2","Zacarias da Bola vs Maritza 3:2","1297870","2026-09-18 19:00","Zaca","Portugal II","1418","Zacarias da Bola","","Mishev, Vasil","2139478","0","0","6","0","0","78.7","0","0","0","0","0","2","2","1","0","0","50","0","0","0","0","0","0","2","16","13","2","37","11","15","9","2","0.8","","0","0","0","0","0","0","2","16","0","0","2","0","0","0","78.7","64.8","0","0","0","0","0","0","0","0","0","0","0","0","0","0","0","0","0","0","0","0","0","0","0","0","0","0","0","0","0","0","13","2","0","5","17","37","0","0","0","0","0","1","0","0","0","0","0","0","0","0","0","0","0","0","0","0","0","0","0","clan-bulk-1.2","0","0","0"
"liga_klanow_2_2","Zacarias da Bola vs Maritza 3:2","1297870","2026-09-18 19:00","Zaca","Portugal II","1418","Zacarias da Bola","","Bouchet, Jean-Paul","2113319","3","2","1","0","0","57","6","1","2","33","17","2","2","0","0","0","0","0","0","0","0","0","1","8","19","0","0","0","0","0","0","0","5.5","","0","0","0","0","0","0","8","19","1","0","5","0","0","3","57","57","0","0","0","0","0","0","0","0","0","0","0","0","1","1","0","0","3","5","0","0","0","0","0","0","1","0","0","0","0","1","0","0","0","0","0","0","0","0","0","0","0","0","0","0","0","0","0","0","0","0","0","0","0","2","0","2","2","0","0","clan-bulk-1.2","0","0","0"
"liga_klanow_2_2","Zacarias da Bola vs Maritza 3:2","1297870","2026-09-18 19:00","Zaca","BRIGADIRI II","1418","Maritza","","Aleksijević, Uroš","1929052","1","0","17","1","0","60.9","2","0","0","0","0","31","20","12","11","6","58","0","0","0","0","0","1","19","81","60","30","164","49","62","40","13","14","","4","4","0","0","0","0","19","81","1","0","11","0","0","8","60.9","52.1","0","0","0","0","2","2","0","0","0","0","0","0","0","0","0","0","0","0","0","0","0","0","0","0","0","0","0","0","0","0","60","30","9","8","57","164","0","0","0","0","0","0","0","0","0","0","0","0","0","0","0","0","0","2","1","1","0","0","0","clan-bulk-1.2","0","0","0"
"liga_klanow_2_2","Zacarias da Bola vs Maritza 3:2","1297870","2026-09-18 19:00","Zaca","BRIGADIRI II","1418","Maritza","","Vonk, Arvo","1975499","21","6","27","0","3","57.5","48","14","18","38","8","36","26","19","10","6","69","44","1","98","15","34","0","15","73","0","0","0","0","0","0","0","64.4","","0","1","0","0","0","0","15","73","0","0","7","0","0","8","59.8","50.1","1","0","1","0","5","7","0","0","4","3","0","7","10","0","8","1","7","26","0","0","0","0","0","0","2","0","1","1","4","8","0","0","0","0","0","0","0","0","0","0","0","0","0","0","0","0","0","0","0","0","0","0","0","5","7","4","2","1","2","clan-bulk-1.2","0","0","0"
"liga_klanow_2_2","Zacarias da Bola vs Maritza 3:2","1297870","2026-09-18 19:00","Zaca","BRIGADIRI II","1418","Maritza","","Couto, Altino","2113462","3","0","11","2","0","54.3","5","1","2","40","20","9","2","0","7","0","0","0","0","0","0","0","1","31","59","1","0","1","0","1","0","0","3.5","","0","1","0","0","0","0","31","59","1","1","16","0","1","15","54.3","49","1","0","0","0","1","2","0","1","0","1","0","2","0","0","0","0","0","0","0","0","0","0","1","1","0","0","0","0","0","0","1","0","0","0","0","1","0","0","0","0","0","0","0","0","0","0","0","0","0","0","0","0","0","4","1","0","1","1","3","clan-bulk-1.2","0","0","0"
"liga_klanow_2_2","Zacarias da Bola vs Maritza 3:2","1297870","2026-09-18 19:00","Zaca","BRIGADIRI II","1418","Maritza","","Hugues, Patrick","2088904","23","12","18","1","1","66.3","41","10","18","44","20","28","17","3","11","1","14","0","0","0","0","0","4","28","74","0","0","0","0","0","0","0","41.8","","0","4","0","0","0","0","28","74","2","1","16","2","1","12","67.4","56.2","1","0","0","0","5","6","6","0","7","2","0","15","6","0","2","0","3","11","0","0","0","0","0","0","3","1","0","0","5","9","0","0","0","0","0","0","0","0","0","0","0","0","0","0","0","0","0","0","0","0","0","0","0","5","4","4","6","5","2","clan-bulk-1.2","0","0","0"
"liga_klanow_2_2","Zacarias da Bola vs Maritza 3:2","1297870","2026-09-18 19:00","Zaca","BRIGADIRI II","1418","Maritza","","Scaglione, Vito","1950194","28","10","14","2","0","51","68","14","26","38","18","27","14","11","13","4","56","43","2","95","19","44","2","28","97","0","0","0","0","0","0","0","69","","0","0","0","0","0","0","28","97","2","0","14","0","0","14","51","46.8","3","3","0","0","10","16","6","2","4","0","1","13","12","0","4","1","12","29","0","0","0","0","0","0","4","1","0","0","5","10","0","0","0","0","0","0","0","0","0","0","0","0","0","0","0","0","0","0","0","0","0","0","0","5","8","6","7","12","3","clan-bulk-1.2","0","0","0"
"liga_klanow_2_2","Zacarias da Bola vs Maritza 3:2","1297870","2026-09-18 19:00","Zaca","BRIGADIRI II","1418","Maritza","","Sironi, Filippo","2088743","9","8","6","0","1","55.3","5","1","3","60","40","3","2","0","1","0","0","0","0","0","0","0","5","34","49","0","0","0","0","0","0","0","22.5","","0","0","0","0","0","0","34","49","2","0","18","3","0","16","55.3","48.9","0","0","0","0","1","1","1","0","0","0","0","1","0","0","0","0","0","0","2","1","0","0","0","3","0","0","0","0","0","0","0","0","0","0","0","0","0","0","0","0","0","0","0","0","0","0","0","0","0","0","0","0","0","3","0","1","1","0","5","clan-bulk-1.2","0","0","0"
"liga_klanow_2_2","Zacarias da Bola vs Maritza 3:2","1297870","2026-09-18 19:00","Zaca","BRIGADIRI II","1418","Maritza","","Walters, Emilio","1976344","0","0","0","0","0","0","0","0","0","0","0","44","38","25","6","4","66","9","0","100","4","44","0","0","0","3","7","16","0","2","6","8","26.8","","1","1","0","0","0","0","0","0","0","0","0","0","0","0","0","0","0","0","0","0","0","0","0","0","0","0","0","0","0","0","0","0","0","0","0","0","0","0","0","0","0","0","0","0","0","0","3","7","0","1","5","16","0","0","0","0","0","0","0","0","0","0","0","0","0","0","0","0","0","0","0","0","0","0","0","clan-bulk-1.2","0","0","0"
"liga_klanow_2_2","Zacarias da Bola vs Maritza 3:2","1297870","2026-09-18 19:00","Zaca","BRIGADIRI II","1418","Maritza","","Mladenov, Stanko","2088701","3","3","2","0","0","56.2","1","0","1","100","100","2","0","0","2","0","0","0","0","0","0","0","2","13","18","0","0","0","0","0","0","0","8","","0","1","0","0","0","0","13","18","0","0","6","2","1","7","56.2","54.9","0","0","0","0","0","0","1","0","0","0","0","1","0","0","0","0","0","0","0","0","0","0","0","0","0","0","0","0","0","0","0","0","0","0","0","0","0","0","0","0","0","0","0","0","0","0","0","0","0","0","0","0","0","2","1","0","1","0","0","clan-bulk-1.2","0","0","0"
"liga_klanow_2_2","Zacarias da Bola vs Maritza 3:2","1297870","2026-09-18 19:00","Zaca","BRIGADIRI II","1418","Maritza","","Cleveland, Drew","2088624","1","1","3","0","0","66.7","0","0","0","0","0","1","0","0","1","0","0","0","0","0","0","0","1","9","13","0","0","1","0","0","0","1","3","","0","0","0","0","0","0","9","13","1","0","4","0","0","5","66.7","51.5","0","0","0","0","0","0","0","0","0","0","0","0","0","0","0","0","0","0","0","0","0","0","0","0","0","0","0","0","0","0","0","0","0","0","1","1","0","0","0","0","0","0","0","0","0","0","0","0","0","0","0","0","0","1","0","0","0","1","0","clan-bulk-1.2","0","0","0"
"liga_klanow_2_2","Zacarias da Bola vs Maritza 3:2","1297870","2026-09-18 19:00","Zaca","BRIGADIRI II","1418","Maritza","","Hatz, Manfred","2032910","0","-3","4","0","0","42.1","4","3","0","0","-75","1","1","0","0","0","0","0","0","0","0","0","0","0","21","0","0","0","0","0","0","0","-4.5","","0","0","0","0","0","0","0","21","0","0","0","0","0","0","42.1","41","0","0","1","0","1","2","0","0","0","0","0","0","0","0","0","0","0","0","0","0","2","0","0","2","0","0","0","0","0","0","0","0","0","0","0","0","0","0","0","0","0","0","0","0","0","0","0","0","0","0","0","0","0","0","0","0","0","0","0","clan-bulk-1.2","0","0","0"
"liga_klanow_2_2","Zacarias da Bola vs Maritza 3:2","1297870","2026-09-18 19:00","Zaca","BRIGADIRI II","1418","Maritza","","Sheng, Nariyuki","1976448","4","2","3","0","0","60.6","7","2","3","43","14","2","1","0","1","0","0","0","0","0","0","0","1","7","10","0","0","0","0","0","0","0","6","","0","0","0","0","0","0","7","10","1","0","3","0","0","4","60.6","51.7","0","0","1","0","0","1","0","0","1","0","1","2","0","0","0","0","0","0","3","0","0","0","1","4","0","0","0","0","0","0","0","0","0","0","0","0","0","0","0","0","0","0","0","0","0","0","0","0","0","0","0","0","0","1","0","3","0","1","0","clan-bulk-1.2","0","0","0"
"liga_klanow_2_2","Zacarias da Bola vs Maritza 3:2","1297870","2026-09-18 19:00","Zaca","BRIGADIRI II","1418","Maritza","","Pina, Baltazar","2004254","3","2","5","0","0","58.6","3","1","2","67","33","2","1","0","1","0","0","0","0","0","0","0","1","12","15","0","0","0","0","0","0","0","5.5","","0","0","0","0","0","0","12","15","1","0","9","0","0","3","58.6","51.4","0","0","0","0","0","0","1","0","1","0","0","2","1","0","0","0","0","1","0","0","0","0","0","0","0","0","0","0","0","0","0","0","0","0","0","0","0","0","0","0","0","0","0","0","0","0","0","0","0","0","0","0","0","2","2","0","1","0","0","clan-bulk-1.2","0","0","0"
"liga_klanow_2_2","Kratos vs Volley Maina 0:3","1297872","2026-09-18 19:00","Olympus","Portugal II","1418","Kratos","","da Mata, Leandro","1682265","3","2","8","1","1","56.1","2","0","0","0","0","10","3","1","7","4","50","0","0","0","0","0","2","8","24","25","16","60","10","23","15","12","10.4","{""sets"":[{""h"":18,""a"":25},{""h"":15,""a"":25},{""h"":16,""a"":25}],""parsedSets"":[{""rallies"":[{""type"":""end"",""score"":""18 : 25"",""txt"":""Koniec seta 0 : 1""},{""type"":""end"",""score"":""18 : 25"",""txt"":""Koniec seta 0 : 1""},{""type"":""rally"",""score"":""18 : 25"",""speed"":""61.1 km/h"",""res"":""Punkt: A. Petkov""},{""type"":""rally"",""score"":""18 : 24"",""speed"":""-"",""res"":""Błąd: U. Umur""},{""type"":""rally"",""score"":""18 : 23"",""speed"":""-"",""res"":""Błąd: M. Segovia""},{""type"":""rally"",""score"":""17 : 23"",""speed"":""46.5 km/h"",""res"":""Błąd: U. Umur""},{""type"":""rally"",""score"":""17 : 22"",""speed"":""-"",""res"":""Błąd: G. Glass""},{""type"":""rally"",""score"":""17 : 21"",""speed"":""-"",""res"":""Błąd: I. Bondzhov""},{""type"":""rally"",""score"":""16 : 21"",""speed"":""60.7 km/h"",""res"":""Punkt: I. Bondzhov""},{""type"":""rally"",""score"":""16 : 20"",""speed"":""79.2 km/h"",""res"":""Punkt: M. Segovia""},{""type"":""rally"",""score"":""16 : 19"",""speed"":""81.9 km/h"",""res"":""Punkt: I. Bondzhov""},{""type"":""chg"",""score"":""16 : 18"",""txt"":""Zmiana: T. de Cavalcante ⇄ A. Mitkov""},{""type"":""chg"",""score"":""16 : 18"",""txt"":""Zmiana: L. da Mata ⇄ Y. Yamanouchi""},{""type"":""tmo"",""score"":""16 : 18"",""txt"":""Czas: Kratos""},{""type"":""rally"",""score"":""16 : 18"",""speed"":""75.6 km/h"",""res"":""Punkt: F. Maillinger""},{""type"":""rally"",""score"":""16 : 17"",""speed"":""81.3 km/h"",""res"":""Punkt: I. Bondzhov""},{""type"":""rally"",""score"":""16 : 16"",""speed"":""102.3 km/h"",""res"":""Punkt: F. Maillinger""},{""type"":""rally"",""score"":""16 : 15"",""speed"":""47.8 km/h"",""res"":""Punkt: A. Petkov""},{""type"":""chg"",""score"":""16 : 14"",""txt"":""Zmiana: T. Oytun ⇄ �. de Oliveira""},{""type"":""tmo"",""score"":""16 : 14"",""txt"":""Czas: ""},{""type"":""rally"",""score"":""16 : 14"",""speed"":""98.3 km/h"",""res"":""Punkt: Ł. Bilski""},{""type"":""tmo"",""score"":""15 : 14"",""txt"":""Czas: Volley Maina""},{""type"":""rally"",""score"":""15 : 14"",""speed"":""96.3 km/h"",""res"":""Punkt: A. Mitkov""},{""type"":""rally"",""score"":""14 : 14"",""speed"":""87.0 km/h"",""res"":""Punkt: G. Glass""},{""type"":""rally"",""score"":""13 : 14"",""speed"":""-"",""res"":""Błąd: T. Zorc""},{""type"":""chg"",""score"":""12 : 14"",""txt"":""Zmiana: Y. Yamanouchi ⇄ L. da Mata""},{""type"":""rally"",""score"":""12 : 14"",""speed"":""67.7 km/h"",""res"":""Punkt: M. Segovia""},{""type"":""rally"",""score"":""12 : 13"",""speed"":""104.0 km/h"",""res"":""Punkt: J. Plank""},{""type"":""rally"",""score"":""11 : 13"",""speed"":""56.8 km/h"",""res"":""Punkt: G. Glass""},{""type"":""rally"",""score"":""10 : 13"",""speed"":""51.9 km/h"",""res"":""Punkt: A. Petkov""},{""type"":""rally"",""score"":""10 : 12"",""speed"":""66.2 km/h"",""res"":""Punkt: Ł. Bilski""},{""type"":""rally"",""score"":""9 : 12"",""speed"":""66.4 km/h"",""res"":""Punkt: A. Petkov""},{""type"":""rally"",""score"":""9 : 11"",""speed"":""50.5 km/h"",""res"":""Punkt: L. da Mata""},{""type"":""rally"",""score"":""8 : 11"",""speed"":""85.3 km/h"",""res"":""Punkt: J. Plank""},{""type"":""rally"",""score"":""7 : 11"",""speed"":""49.0 km/h"",""res"":""Punkt: I. Bondzhov""},{""type"":""rally"",""score"":""7 : 10"",""speed"":""58.4 km/h"",""res"":""Punkt: A. Mitkov""},{""type"":""rally"",""score"":""6 : 10"",""speed"":""67.1 km/h"",""res"":""Punkt: A. Mitkov""},{""type"":""rally"",""score"":""5 : 10"",""speed"":""54.2 km/h"",""res"":""Punkt: F. Maillinger""},{""type"":""rally"",""score"":""5 : 9"",""speed"":""58.3 km/h"",""res"":""Punkt: M. Segovia""},{""type"":""rally"",""score"":""5 : 8"",""speed"":""74.3 km/h"",""res"":""Punkt: A. Mitkov""},{""type"":""rally"",""score"":""4 : 8"",""speed"":""64.8 km/h"",""res"":""Punkt: A. Mitkov""},{""type"":""tmo"",""score"":""3 : 8"",""txt"":""Czas: ""},{""type"":""rally"",""score"":""3 : 8"",""speed"":""-"",""res"":""Błąd: Ł. Bilski""},{""type"":""rally"",""score"":""3 : 7"",""speed"":""65.2 km/h"",""res"":""Punkt: A. Mitkov""},{""type"":""rally"",""score"":""2 : 7"",""speed"":""85.0 km/h"",""res"":""Punkt: Ł. Bilski""},{""type"":""rally"",""score"":""1 : 7"",""speed"":""85.5 km/h"",""res"":""Punkt: M. Segovia""},{""type"":""rally"",""score"":""1 : 6"",""speed"":""63.6 km/h"",""res"":""Punkt: M. Segovia""},{""type"":""rally"",""score"":""1 : 5"",""speed"":""-"",""res"":""Błąd: J. Plank""},{""type"":""rally"",""score"":""1 : 4"",""speed"":""67.4 km/h"",""res"":""Punkt: J. Plank""},{""type"":""tmo"",""score"":""0 : 4"",""txt"":""Czas: Kratos""},{""type"":""rally"",""score"":""0 : 4"",""speed"":""99.0 km/h"",""res"":""Punkt: M. Segovia""},{""type"":""rally"",""score"":""0 : 3"",""speed"":""103.7 km/h"",""res"":""Punkt: I. Bondzhov""},{""type"":""rally"",""score"":""0 : 2"",""speed"":""87.0 km/h"",""res"":""Punkt: I. Bondzhov""},{""type"":""rally"",""score"":""0 : 1"",""speed"":""-"",""res"":""Błąd: L. da Mata""}]},{""rallies"":[{""type"":""end"",""score"":""15 : 25"",""txt"":""Koniec seta 0 : 2""},{""type"":""end"",""score"":""15 : 25"",""txt"":""Koniec seta 0 : 2""},{""type"":""rally"",""score"":""15 : 25"",""speed"":""79.5 km/h"",""res"":""Punkt: T. Zorc""},{""type"":""rally"",""score"":""15 : 24"",""speed"":""90.7 km/h"",""res"":""Błąd: J. Plank""},{""type"":""rally"",""score"":""15 : 23"",""speed"":""83.4 km/h"",""res"":""Punkt: M. Segovia""},{""type"":""rally"",""score"":""15 : 22"",""speed"":""53.3 km/h"",""res"":""Błąd: A. Petkov""},{""type"":""chg"",""score"":""14 : 22"",""txt"":""Zmiana: Y. Yamanouchi ⇄ L. da Mata""},{""type"":""rally"",""score"":""14 : 22"",""speed"":""50.3 km/h"",""res"":""Punkt: A. Martin""},{""type"":""rally"",""score"":""14 : 21"",""speed"":""-"",""res"":""Błąd: F. Maillinger""},{""type"":""rally"",""score"":""13 : 21"",""speed"":""67.9 km/h"",""res"":""Błąd: J. Plank""},{""type"":""rally"",""score"":""13 : 20"",""speed"":""68.7 km/h"",""res"":""Punkt: F. Maillinger""},{""type"":""rally"",""score"":""13 : 19"",""speed"":""68.0 km/h"",""res"":""Punkt: I. Bondzhov""},{""type"":""rally"",""score"":""13 : 18"",""speed"":""55.0 km/h"",""res"":""Punkt: T. de Cavalcante""},{""type"":""chg"",""score"":""12 : 18"",""txt"":""Zmiana: T. de Cavalcante ⇄ A. Mitkov""},{""type"":""rally"",""score"":""12 : 18"",""speed"":""61.7 km/h"",""res"":""Punkt: M. Segovia""},{""type"":""rally"",""score"":""12 : 17"",""speed"":""54.8 km/h"",""res"":""Punkt: I. Bondzhov""},{""type"":""rally"",""score"":""12 : 16"",""speed"":""57.8 km/h"",""res"":""Punkt: J. Plank""},{""type"":""chg"",""score"":""11 : 16"",""txt"":""Zmiana: T. Oytun ⇄ �. de Oliveira""},{""type"":""tmo"",""score"":""11 : 16"",""txt"":""Czas: ""},{""type"":""rally"",""score"":""11 : 16"",""speed"":""71.3 km/h"",""res"":""Punkt: A. Martin""},{""type"":""rally"",""score"":""11 : 15"",""speed"":""72.0 km/h"",""res"":""Punkt: F. Maillinger""},{""type"":""rally"",""score"":""11 : 14"",""speed"":""-"",""res"":""Błąd: G. Glass""},{""type"":""rally"",""score"":""11 : 13"",""speed"":""62.3 km/h"",""res"":""Punkt: J. Plank""},{""type"":""rally"",""score"":""10 : 13"",""speed"":""83.9 km/h"",""res"":""Punkt: T. Zorc""},{""type"":""rally"",""score"":""10 : 12"",""speed"":""99.6 km/h"",""res"":""Punkt: G. Glass""},{""type"":""rally"",""score"":""9 : 12"",""speed"":""-"",""res"":""Błąd: J. Plank""},{""type"":""rally"",""score"":""9 : 11"",""speed"":""73.5 km/h"",""res"":""Punkt: G. Glass""},{""type"":""rally"",""score"":""8 : 11"",""speed"":""47.2 km/h"",""res"":""Punkt: G. Glass""},{""type"":""rally"",""score"":""7 : 11"",""speed"":""50.7 km/h"",""res"":""Punkt: T. Zorc""},{""type"":""rally"",""score"":""7 : 10"",""speed"":""47.0 km/h"",""res"":""Punkt: Ł. Bilski""},{""type"":""rally"",""score"":""6 : 10"",""speed"":""84.3 km/h"",""res"":""Punkt: J. Plank""},{""type"":""rally"",""score"":""5 : 10"",""speed"":""63.2 km/h"",""res"":""Punkt: A. Petkov""},{""type"":""rally"",""score"":""5 : 9"",""speed"":""64.7 km/h"",""res"":""Punkt: J. Plank""},{""type"":""rally"",""score"":""4 : 9"",""speed"":""47.4 km/h"",""res"":""Punkt: A. Petkov""},{""type"":""rally"",""score"":""4 : 8"",""speed"":""48.0 km/h"",""res"":""Punkt: J. Plank""},{""type"":""tmo"",""score"":""3 : 8"",""txt"":""Czas: ""},{""type"":""rally"",""score"":""3 : 8"",""speed"":""64.1 km/h"",""res"":""Błąd: J. Plank""},{""type"":""rally"",""score"":""3 : 7"",""speed"":""66.5 km/h"",""res"":""Punkt: G. Glass""},{""type"":""tmo"",""score"":""2 : 7"",""txt"":""Czas: Kratos""},{""type"":""rally"",""score"":""2 : 7"",""speed"":""75.3 km/h"",""res"":""Punkt: I. Bondzhov""},{""type"":""rally"",""score"":""2 : 6"",""speed"":""63.0 km/h"",""res"":""Punkt: T. Zorc""},{""type"":""rally"",""score"":""2 : 5"",""speed"":""94.4 km/h"",""res"":""Punkt: T. Zorc""},{""type"":""rally"",""score"":""2 : 4"",""speed"":""74.6 km/h"",""res"":""Punkt: T. Zorc""},{""type"":""rally"",""score"":""2 : 3"",""speed"":""82.3 km/h"",""res"":""Punkt: Ł. Bilski""},{""type"":""rally"",""score"":""1 : 3"",""speed"":""75.7 km/h"",""res"":""Punkt: I. Bondzhov""},{""type"":""rally"",""score"":""1 : 2"",""speed"":""100.2 km/h"",""res"":""Punkt: M. Segovia""},{""type"":""rally"",""score"":""1 : 1"",""speed"":""86.8 km/h"",""res"":""Punkt: A. Petkov""},{""type"":""rally"",""score"":""1 : 0"",""speed"":""48.6 km/h"",""res"":""Punkt: Ł. Bilski""}]},{""rallies"":[{""type"":""end"",""score"":""16 : 25"",""txt"":""Koniec seta 0 : 3""},{""type"":""end"",""score"":""16 : 25"",""txt"":""Koniec seta 0 : 3""},{""type"":""rally"",""score"":""16 : 25"",""speed"":""79.2 km/h"",""res"":""Punkt: F. Maillinger""},{""type"":""rally"",""score"":""16 : 24"",""speed"":""75.4 km/h"",""res"":""Punkt: J. Plank""},{""type"":""rally"",""score"":""15 : 24"",""speed"":""68.0 km/h"",""res"":""Punkt: A. Petkov""},{""type"":""rally"",""score"":""15 : 23"",""speed"":""-"",""res"":""Błąd: J. Plank""},{""type"":""rally"",""score"":""15 : 22"",""speed"":""96.2 km/h"",""res"":""Punkt: Ł. Bilski""},{""type"":""rally"",""score"":""14 : 22"",""speed"":""67.8 km/h"",""res"":""Punkt: G. Glass""},{""type"":""rally"",""score"":""13 : 22"",""speed"":""63.3 km/h"",""res"":""Punkt: M. Segovia""},{""type"":""chg"",""score"":""13 : 21"",""txt"":""Zmiana: L. da Mata ⇄ Y. Yamanouchi""},{""type"":""rally"",""score"":""13 : 21"",""speed"":""64.4 km/h"",""res"":""Punkt: I. Bondzhov""},{""type"":""tmo"",""score"":""13 : 20"",""txt"":""Czas: Kratos""},{""type"":""rally"",""score"":""13 : 20"",""speed"":""82.5 km/h"",""res"":""Punkt: M. Segovia""},{""type"":""tmo"",""score"":""13 : 19"",""txt"":""Czas: Kratos""},{""type"":""rally"",""score"":""13 : 19"",""speed"":""85.1 km/h"",""res"":""Punkt: M. Segovia""},{""type"":""chg"",""score"":""13 : 18"",""txt"":""Zmiana: T. de Cavalcante ⇄ A. Mitkov""},{""type"":""rally"",""score"":""13 : 18"",""speed"":""68.7 km/h"",""res"":""Punkt: T. Zorc""},{""type"":""rally"",""score"":""13 : 17"",""speed"":""83.6 km/h"",""res"":""Punkt: A. Petkov""},{""type"":""chg"",""score"":""13 : 16"",""txt"":""Zmiana: T. Oytun ⇄ �. de Oliveira""},{""type"":""tmo"",""score"":""13 : 16"",""txt"":""Czas: ""},{""type"":""rally"",""score"":""13 : 16"",""speed"":""77.4 km/h"",""res"":""Punkt: T. Zorc""},{""type"":""chg"",""score"":""13 : 15"",""txt"":""Zmiana: Y. Yamanouchi ⇄ L. da Mata""},{""type"":""rally"",""score"":""13 : 15"",""speed"":""60.3 km/h"",""res"":""Punkt: Ł. Bilski""},{""type"":""rally"",""score"":""12 : 15"",""speed"":""51.9 km/h"",""res"":""Punkt: A. Petkov""},{""type"":""rally"",""score"":""12 : 14"",""speed"":""48.8 km/h"",""res"":""Punkt: J. Plank""},{""type"":""rally"",""score"":""11 : 14"",""speed"":""65.7 km/h"",""res"":""Punkt: M. Segovia""},{""type"":""rally"",""score"":""11 : 13"",""speed"":""62.4 km/h"",""res"":""Punkt: A. Mitkov""},{""type"":""rally"",""score"":""10 : 13"",""speed"":""74.3 km/h"",""res"":""Błąd: A. Mitkov""},{""type"":""rally"",""score"":""10 : 12"",""speed"":""67.1 km/h"",""res"":""Punkt: J. Plank""},{""type"":""rally"",""score"":""9 : 12"",""speed"":""85.8 km/h"",""res"":""Punkt: I. Bondzhov""},{""type"":""rally"",""score"":""9 : 11"",""speed"":""78.3 km/h"",""res"":""Punkt: G. Glass""},{""type"":""rally"",""score"":""8 : 11"",""speed"":""-"",""res"":""Błąd: J. Plank""},{""type"":""rally"",""score"":""8 : 10"",""speed"":""115.5 km/h"",""res"":""Punkt: Ł. Bilski""},{""type"":""rally"",""score"":""7 : 10"",""speed"":""47.5 km/h"",""res"":""Punkt: M. Segovia""},{""type"":""rally"",""score"":""7 : 9"",""speed"":""62.8 km/h"",""res"":""Punkt: J. Plank""},{""type"":""rally"",""score"":""6 : 9"",""speed"":""65.8 km/h"",""res"":""Punkt: T. Zorc""},{""type"":""tmo"",""score"":""6 : 8"",""txt"":""Czas: ""},{""type"":""rally"",""score"":""6 : 8"",""speed"":""53.4 km/h"",""res"":""Błąd: G. Glass""},{""type"":""rally"",""score"":""6 : 7"",""speed"":""61.8 km/h"",""res"":""Punkt: T. Zorc""},{""type"":""rally"",""score"":""6 : 6"",""speed"":""48.8 km/h"",""res"":""Punkt: J. Plank""},{""type"":""rally"",""score"":""5 : 6"",""speed"":""54.1 km/h"",""res"":""Punkt: A. Petkov""},{""type"":""rally"",""score"":""5 : 5"",""speed"":""68.4 km/h"",""res"":""Punkt: J. Plank""},{""type"":""rally"",""score"":""4 : 5"",""speed"":""86.5 km/h"",""res"":""Punkt: I. Bondzhov""},{""type"":""rally"",""score"":""4 : 4"",""speed"":""-"",""res"":""Błąd: I. Bondzhov""},{""type"":""rally"",""score"":""3 : 4"",""speed"":""55.7 km/h"",""res"":""Punkt: F. Maillinger""},{""type"":""rally"",""score"":""3 : 3"",""speed"":""97.7 km/h"",""res"":""Punkt: F. Maillinger""},{""type"":""rally"",""score"":""3 : 2"",""speed"":""90.7 km/h"",""res"":""Punkt: Ł. Bilski""},{""type"":""rally"",""score"":""2 : 2"",""speed"":""-"",""res"":""Błąd: J. Plank""},{""type"":""rally"",""score"":""2 : 1"",""speed"":""86.6 km/h"",""res"":""Punkt: G. Glass""},{""type"":""rally"",""score"":""1 : 1"",""speed"":""56.1 km/h"",""res"":""Punkt: T. Zorc""},{""type"":""rally"",""score"":""1 : 0"",""speed"":""56.9 km/h"",""res"":""Punkt: L. da Mata""}]}]}","1","1","0","0","0","0","8","24","1","0","6","1","0","2","56.9","51.5","0","0","0","0","2","2","0","0","0","0","0","0","0","0","0","0","0","0","0","0","0","0","0","0","0","0","0","0","0","0","25","16","2","5","12","60","0","0","0","0","0","1","0","0","0","0","0","4","0","0","0","0","0","2","2","0","1","0","0","clan-bulk-1.2","0","0","0"
"liga_klanow_2_2","Kratos vs Volley Maina 0:3","1297872","2026-09-18 19:00","Olympus","Portugal II","1418","Kratos","","Plank, Jeremiah","1950606","17","2","11","5","1","96.2","33","8","16","48","24","15","7","2","8","4","40","18","2","89","6","33","0","4","28","0","0","0","0","0","0","0","30.8","","2","2","0","0","0","0","4","28","0","0","4","0","0","0","104","85.3","0","0","0","1","1","2","5","1","5","2","1","14","6","1","0","0","3","10","0","0","0","0","0","0","2","1","0","0","4","7","0","0","0","0","0","0","5","5","3","3","16","2","0","0","0","0","0","4","0","0","0","0","0","3","4","9","9","0","0","clan-bulk-1.2","0","0","0"
"liga_klanow_2_2","Kratos vs Volley Maina 0:3","1297872","2026-09-18 19:00","Olympus","Portugal II","1418","Kratos","","Bilski, Łukasz","1725205","11","7","11","1","1","97.7","8","3","4","50","13","10","3","0","7","1","10","0","0","0","0","0","6","19","30","0","1","1","0","1","0","0","23.9","","1","1","0","0","0","0","19","30","6","0","16","0","0","3","98.3","81.6","0","0","0","0","0","0","0","0","3","1","0","4","0","0","0","0","0","0","3","0","0","0","1","4","0","0","0","0","0","0","0","1","0","0","0","1","0","0","0","0","0","0","0","0","0","0","0","1","0","0","0","0","0","3","4","3","4","0","0","clan-bulk-1.2","0","0","0"
"liga_klanow_2_2","Kratos vs Volley Maina 0:3","1297872","2026-09-18 19:00","Olympus","Portugal II","1418","Kratos","","Glass, Gavin","1865410","9","-3","7","2","0","86.5","21","10","8","38","-10","5","3","1","2","0","20","0","0","0","0","0","1","19","34","0","0","0","0","0","0","0","0.8","","0","0","0","0","0","0","19","34","1","1","15","0","0","4","86.5","71.5","0","0","0","0","1","1","3","1","6","0","2","12","5","0","3","0","0","8","0","0","0","0","0","0","0","0","0","0","0","0","0","0","0","0","0","0","0","0","0","0","0","1","0","0","0","0","0","0","0","0","0","0","0","3","3","5","4","0","0","clan-bulk-1.2","0","0","0"
"liga_klanow_2_2","Kratos vs Volley Maina 0:3","1297872","2026-09-18 19:00","Olympus","Portugal II","1418","Kratos","","Umur, Umut","1864448","0","-9","7","1","0","65.7","5","4","0","0","-80","16","11","1","5","0","6","31","4","87","11","35","0","9","30","0","0","0","0","0","0","0","1","","0","3","0","0","0","0","9","30","0","0","7","0","0","2","65.7","54.9","0","0","1","0","0","1","0","0","2","0","0","2","0","1","0","0","1","2","0","0","0","0","0","0","0","0","0","0","0","0","0","0","0","0","0","0","3","10","6","8","27","1","0","0","0","0","0","0","0","0","0","0","0","1","2","0","0","0","0","clan-bulk-1.2","0","0","0"
"liga_klanow_2_2","Kratos vs Volley Maina 0:3","1297872","2026-09-18 19:00","Olympus","Portugal II","1418","Kratos","","Mitkov, Alexander","1865100","7","3","5","0","0","66.4","10","4","4","40","0","3","1","0","2","0","0","0","0","0","0","0","3","13","23","0","0","0","0","0","0","0","11","","0","0","0","0","0","0","13","23","3","0","8","0","0","5","66.4","58.8","0","0","0","0","1","1","0","0","3","0","0","3","0","0","0","0","0","0","4","1","0","0","1","6","0","0","0","0","0","0","0","0","0","0","0","0","0","0","0","0","0","0","0","0","0","0","0","0","0","0","0","0","0","2","6","0","2","0","0","clan-bulk-1.2","0","0","0"
"liga_klanow_2_2","Kratos vs Volley Maina 0:3","1297872","2026-09-18 19:00","Olympus","Portugal II","1418","Kratos","","de Oliveira, Óscar","1767378","0","-1","0","0","0","0","0","0","0","0","0","6","4","2","2","1","50","15","1","93","6","40","0","0","0","2","0","3","1","0","2","0","8","","1","1","0","0","0","0","0","0","0","0","0","0","0","0","0","0","0","0","0","0","0","0","0","0","0","0","0","0","0","0","0","0","0","0","0","0","0","0","0","0","0","0","0","0","0","0","2","0","0","0","1","3","2","7","2","3","14","2","0","0","0","0","0","1","0","0","0","0","0","0","0","0","0","0","0","clan-bulk-1.2","0","0","0"
"liga_klanow_2_2","Kratos vs Volley Maina 0:3","1297872","2026-09-18 19:00","Olympus","Portugal II","1418","Kratos","","Yamanouchi, Yûki","2087849","0","0","1","0","0","77.4","0","0","0","0","0","4","2","1","2","0","25","0","0","0","0","0","0","0","0","2","5","12","0","4","2","6","0.8","","0","0","0","0","0","0","0","0","0","0","0","0","0","0","77.4","77.4","0","0","0","0","0","0","0","0","0","0","0","0","0","0","0","0","0","0","0","0","0","0","0","0","0","0","0","0","0","0","2","5","1","1","3","12","0","0","0","0","0","1","0","0","0","0","0","0","0","0","0","0","0","0","0","0","0","0","0","clan-bulk-1.2","0","0","0"
"liga_klanow_2_2","Kratos vs Volley Maina 0:3","1297872","2026-09-18 19:00","Olympus","Portugal II","1418","Kratos","","de Cavalcante, Theodomiro","2088453","1","1","1","0","0","68","1","0","1","100","100","0","0","0","0","0","0","0","0","0","0","0","0","2","5","0","0","0","0","0","0","0","2","","0","0","0","0","0","0","2","5","0","1","2","0","0","0","68","68","0","0","0","0","0","0","0","0","0","0","0","0","0","0","0","0","0","0","1","0","0","0","0","1","0","0","0","0","0","0","0","0","0","0","0","0","0","0","0","0","0","0","0","0","0","0","0","0","0","0","0","0","0","0","0","1","0","0","0","clan-bulk-1.2","0","0","0"
"liga_klanow_2_2","Kratos vs Volley Maina 0:3","1297872","2026-09-18 19:00","Olympus","Portugal II","1418","Kratos","","Oytun, Tolunay","1976097","0","0","0","0","0","0","0","0","0","0","0","2","1","1","1","0","50","4","0","100","1","25","0","0","0","0","1","2","0","0","0","2","2.8","","0","0","0","0","0","0","0","0","0","0","0","0","0","0","0","0","0","0","0","0","0","0","0","0","0","0","0","0","0","0","0","0","0","0","0","0","0","0","0","0","0","0","0","0","0","0","0","1","1","0","0","2","1","2","0","1","4","1","0","0","0","0","0","0","0","0","0","0","0","0","0","0","0","0","0","clan-bulk-1.2","0","0","0"
"liga_klanow_2_2","Kratos vs Volley Maina 0:3","1297872","2026-09-18 19:00","Olympus","BRIGADIRI II","1418","Volley Maina","","Martin, Anthony","1709839","2","2","8","0","0","66.2","0","0","0","0","0","10","6","1","4","1","20","0","0","0","0","0","2","13","28","28","11","56","12","24","14","6","7.2","","1","1","0","0","0","0","13","28","2","0","12","0","0","1","66.2","57.2","0","0","0","0","0","0","0","0","0","0","0","0","0","0","0","0","0","0","0","0","0","0","0","0","0","0","0","0","0","0","28","11","2","1","14","56","0","0","0","0","0","0","0","0","0","0","0","0","0","0","0","0","0","1","0","2","0","0","0","clan-bulk-1.2","0","0","0"
"liga_klanow_2_2","Kratos vs Volley Maina 0:3","1297872","2026-09-18 19:00","Olympus","BRIGADIRI II","1418","Volley Maina","","Petkov, Angel","1949114","12","2","20","0","1","115.5","23","8","11","48","13","13","11","5","2","0","38","30","2","93","17","57","0","10","24","0","0","0","0","0","0","0","33.6","","0","0","0","0","0","0","10","24","0","0","10","0","0","0","115.5","83","1","0","0","0","1","2","0","0","6","1","0","7","6","1","0","0","0","7","0","0","0","0","0","0","3","0","1","0","3","7","0","0","0","0","0","0","0","0","0","0","0","0","0","0","0","0","0","0","0","0","0","0","0","3","4","4","4","0","0","clan-bulk-1.2","0","0","0"
"liga_klanow_2_2","Kratos vs Volley Maina 0:3","1297872","2026-09-18 19:00","Olympus","BRIGADIRI II","1418","Volley Maina","","Zorc, Tonček","1950560","11","9","13","1","2","90.7","7","1","5","71","57","1","1","0","0","0","0","0","0","0","0","0","4","23","42","1","0","1","0","1","0","0","25.5","","0","0","0","0","0","0","23","42","4","3","23","0","0","0","94.4","75.7","0","0","0","0","1","1","0","0","1","0","0","1","0","0","0","0","0","0","5","0","0","0","0","5","0","0","0","0","0","0","1","0","0","0","0","1","0","0","0","0","0","0","0","0","0","0","0","0","0","0","0","0","0","3","1","6","5","0","0","clan-bulk-1.2","0","0","0"
"liga_klanow_2_2","Kratos vs Volley Maina 0:3","1297872","2026-09-18 19:00","Olympus","BRIGADIRI II","1418","Volley Maina","","Bondzhov, Ivan","1949115","13","10","15","2","2","102.3","15","1","7","47","40","13","9","0","4","2","15","0","0","0","0","0","4","20","50","0","0","0","0","0","0","0","37.3","","2","2","0","0","0","0","20","50","4","1","19","0","0","1","102.3","70.6","0","0","0","0","2","2","1","0","1","0","0","2","1","0","0","0","0","1","0","0","0","0","0","0","5","0","0","0","5","10","0","0","0","0","0","0","0","0","0","0","0","0","0","0","0","0","0","0","0","0","0","0","0","3","7","4","4","0","0","clan-bulk-1.2","0","0","0"
"liga_klanow_2_2","Kratos vs Volley Maina 0:3","1297872","2026-09-18 19:00","Olympus","BRIGADIRI II","1418","Volley Maina","","Segovia, Marcos","2032098","15","11","9","1","1","68.4","12","3","7","58","33","7","3","2","4","2","57","3","0","100","2","67","7","33","54","0","0","0","0","0","0","0","43.5","","0","0","0","0","0","0","33","54","7","0","32","0","0","1","68.4","60","2","0","0","0","1","3","0","0","2","0","0","2","2","0","1","1","1","5","0","0","0","0","0","0","2","0","0","0","0","2","0","0","0","0","0","0","0","0","0","0","0","0","0","0","0","0","0","0","0","0","0","0","0","3","7","3","5","0","0","clan-bulk-1.2","0","0","0"
"liga_klanow_2_2","Kratos vs Volley Maina 0:3","1297872","2026-09-18 19:00","Olympus","BRIGADIRI II","1418","Volley Maina","","Maillinger, Fritz","2087257","8","7","8","1","1","85.3","1","0","1","100","100","2","1","0","1","0","0","0","0","0","0","0","6","27","36","0","0","0","0","0","0","0","22","","0","0","0","0","0","0","27","36","6","0","24","0","0","3","85.3","66.4","0","0","0","0","0","0","0","0","0","0","0","0","0","0","0","0","0","0","1","0","0","0","0","1","0","0","0","0","0","0","0","0","0","0","0","0","0","0","0","0","0","0","0","0","0","0","0","0","0","0","0","0","0","3","3","3","3","0","0","clan-bulk-1.2","0","0","0"
"liga_klanow_2_2","Kratos vs Volley Maina 0:3","1297872","2026-09-18 19:00","Olympus","BRIGADIRI II","1418","Volley Maina","","Horta, Guilhermino","1949167","0","-1","0","0","0","0","0","0","0","0","0","14","11","5","3","2","50","8","1","88","3","38","0","0","0","0","1","1","0","0","0","1","6.8","","2","2","0","0","0","0","0","0","0","0","0","0","0","0","0","0","0","0","0","0","0","0","0","0","0","0","0","0","0","0","0","0","0","0","0","0","0","0","0","0","0","0","0","0","0","0","0","1","0","0","0","1","0","0","0","0","0","0","0","0","0","0","0","0","0","0","0","0","0","0","0","0","0","0","0","clan-bulk-1.2","0","0","0"
"liga_klanow_2_2","Quilmes Azores vs Ukiyo Volley 0:3","1297873","2026-09-18 19:00","Estádio da Azores","Portugal II","1418","Quilmes Azores","","White, Brian","1975783","0","-2","10","2","0","76.3","0","0","0","0","0","20","10","3","10","6","45","0","0","0","0","0","0","6","30","31","18","90","7","20","24","39","2.8","{""sets"":[{""h"":19,""a"":25},{""h"":21,""a"":25},{""h"":14,""a"":25}],""parsedSets"":[{""rallies"":[{""type"":""end"",""score"":""19 : 25"",""txt"":""Koniec seta 0 : 1""},{""type"":""end"",""score"":""19 : 25"",""txt"":""Koniec seta 0 : 1""},{""type"":""rally"",""score"":""19 : 25"",""speed"":""52.5 km/h"",""res"":""Punkt: K. Skrzyniarz""},{""type"":""rally"",""score"":""19 : 24"",""speed"":""50.3 km/h"",""res"":""Punkt: K. Gaździcki""},{""type"":""rally"",""score"":""18 : 24"",""speed"":""46.3 km/h"",""res"":""Punkt: D. das Dores""},{""type"":""rally"",""score"":""17 : 24"",""speed"":""-"",""res"":""Błąd: R. Hintz""},{""type"":""rally"",""score"":""17 : 23"",""speed"":""55.0 km/h"",""res"":""Punkt: A. da Cruz""},{""type"":""rally"",""score"":""16 : 23"",""speed"":""57.7 km/h"",""res"":""Punkt: A. da Cruz""},{""type"":""rally"",""score"":""15 : 23"",""speed"":""59.9 km/h"",""res"":""Punkt: Y. Mikov""},{""type"":""rally"",""score"":""15 : 22"",""speed"":""64.1 km/h"",""res"":""Punkt: K. Tyrka""},{""type"":""rally"",""score"":""15 : 21"",""speed"":""56.7 km/h"",""res"":""Punkt: K. Tyrka""},{""type"":""rally"",""score"":""15 : 20"",""speed"":""57.9 km/h"",""res"":""Punkt: A. Sobieraj""},{""type"":""rally"",""score"":""15 : 19"",""speed"":""61.4 km/h"",""res"":""Punkt: D. das Dores""},{""type"":""tmo"",""score"":""14 : 19"",""txt"":""Czas: Quilmes Azores""},{""type"":""rally"",""score"":""14 : 19"",""speed"":""-"",""res"":""Błąd: O. Bardziński""},{""type"":""rally"",""score"":""14 : 18"",""speed"":""65.9 km/h"",""res"":""Punkt: R. Hintz""},{""type"":""rally"",""score"":""13 : 18"",""speed"":""59.5 km/h"",""res"":""Punkt: J. Prigent""},{""type"":""rally"",""score"":""13 : 17"",""speed"":""58.1 km/h"",""res"":""Punkt: S. Portokalski""},{""type"":""rally"",""score"":""13 : 16"",""speed"":""66.4 km/h"",""res"":""Punkt: O. Bardziński""},{""type"":""tmo"",""score"":""12 : 16"",""txt"":""Czas: ""},{""type"":""rally"",""score"":""12 : 16"",""speed"":""66.5 km/h"",""res"":""Punkt: K. Skrzyniarz""},{""type"":""rally"",""score"":""12 : 15"",""speed"":""-"",""res"":""Błąd: K. Tyrka""},{""type"":""rally"",""score"":""11 : 15"",""speed"":""59.7 km/h"",""res"":""Punkt: S. Portokalski""},{""type"":""rally"",""score"":""11 : 14"",""speed"":""63.4 km/h"",""res"":""Punkt: K. Skrzyniarz""},{""type"":""rally"",""score"":""11 : 13"",""speed"":""48.5 km/h"",""res"":""Punkt: K. Tyrka""},{""type"":""rally"",""score"":""11 : 12"",""speed"":""67.9 km/h"",""res"":""Punkt: A. da Cruz""},{""type"":""rally"",""score"":""10 : 12"",""speed"":""65.2 km/h"",""res"":""Punkt: K. Tyrka""},{""type"":""rally"",""score"":""10 : 11"",""speed"":""60.7 km/h"",""res"":""Punkt: A. Sobieraj""},{""type"":""rally"",""score"":""10 : 10"",""speed"":""68.2 km/h"",""res"":""Punkt: A. da Cruz""},{""type"":""rally"",""score"":""9 : 10"",""speed"":""-"",""res"":""Błąd: B. White""},{""type"":""rally"",""score"":""9 : 9"",""speed"":""-"",""res"":""Błąd: J. Prigent""},{""type"":""chg"",""score"":""8 : 9"",""txt"":""Zmiana: A. da Cruz ⇄ T. Shiroyama""},{""type"":""rally"",""score"":""8 : 9"",""speed"":""-"",""res"":""Błąd: O. Bardziński""},{""type"":""rally"",""score"":""8 : 8"",""speed"":""70.0 km/h"",""res"":""Punkt: O. Bardziński""},{""type"":""chg"",""score"":""7 : 8"",""txt"":""Zmiana: T. Shiroyama ⇄ A. da Cruz""},{""type"":""tmo"",""score"":""7 : 8"",""txt"":""Czas: ""},{""type"":""rally"",""score"":""7 : 8"",""speed"":""70.9 km/h"",""res"":""Punkt: K. Skrzyniarz""},{""type"":""rally"",""score"":""7 : 7"",""speed"":""48.1 km/h"",""res"":""Punkt: A. da Cruz""},{""type"":""rally"",""score"":""6 : 7"",""speed"":""56.1 km/h"",""res"":""Punkt: K. Skrzyniarz""},{""type"":""rally"",""score"":""6 : 6"",""speed"":""72.5 km/h"",""res"":""Punkt: A. da Cruz""},{""type"":""rally"",""score"":""5 : 6"",""speed"":""51.1 km/h"",""res"":""Punkt: Y. Mikov""},{""type"":""rally"",""score"":""5 : 5"",""speed"":""51.4 km/h"",""res"":""Punkt: K. Gaździcki""},{""type"":""rally"",""score"":""4 : 5"",""speed"":""-"",""res"":""Błąd: A. Sobieraj""},{""type"":""rally"",""score"":""3 : 5"",""speed"":""60.0 km/h"",""res"":""Punkt: S. Portokalski""},{""type"":""rally"",""score"":""3 : 4"",""speed"":""67.3 km/h"",""res"":""Punkt: K. Skrzyniarz""},{""type"":""chg"",""score"":""3 : 3"",""txt"":""Zmiana: R. Hintz ⇄ M. Flajs""},{""type"":""rally"",""score"":""3 : 3"",""speed"":""55.3 km/h"",""res"":""Punkt: K. Tyrka""},{""type"":""rally"",""score"":""3 : 2"",""speed"":""47.5 km/h"",""res"":""Punkt: A. Sobieraj""},{""type"":""chg"",""score"":""3 : 1"",""txt"":""Zmiana: M. Flajs ⇄ R. Hintz""},{""type"":""rally"",""score"":""3 : 1"",""speed"":""57.7 km/h"",""res"":""Punkt: K. Gaździcki""},{""type"":""chg"",""score"":""2 : 1"",""txt"":""Zmiana: K. Gaździcki ⇄ F. Marinelli""},{""type"":""rally"",""score"":""2 : 1"",""speed"":""61.0 km/h"",""res"":""Błąd: S. Portokalski""},{""type"":""rally"",""score"":""1 : 1"",""speed"":""-"",""res"":""Błąd: Y. Mikov""},{""type"":""chg"",""score"":""0 : 1"",""txt"":""Zmiana: J. Prigent ⇄ A. Hristov""},{""type"":""chg"",""score"":""0 : 1"",""txt"":""Zmiana: F. Marinelli ⇄ K. Gaździcki""},{""type"":""tmo"",""score"":""0 : 1"",""txt"":""Czas: Quilmes Azores""},{""type"":""rally"",""score"":""0 : 1"",""speed"":""67.8 km/h"",""res"":""Punkt: S. Portokalski""}]},{""rallies"":[{""type"":""end"",""score"":""21 : 25"",""txt"":""Koniec seta 0 : 2""},{""type"":""end"",""score"":""21 : 25"",""txt"":""Koniec seta 0 : 2""},{""type"":""rally"",""score"":""21 : 25"",""speed"":""57.9 km/h"",""res"":""Błąd: D. das Dores""},{""type"":""rally"",""score"":""21 : 24"",""speed"":""70.4 km/h"",""res"":""Punkt: K. Skrzyniarz""},{""type"":""rally"",""score"":""21 : 23"",""speed"":""-"",""res"":""Błąd: S. Portokalski""},{""type"":""rally"",""score"":""20 : 23"",""speed"":""-"",""res"":""Błąd: K. Gaździcki""},{""type"":""rally"",""score"":""20 : 22"",""speed"":""63.9 km/h"",""res"":""Punkt: K. Gaździcki""},{""type"":""rally"",""score"":""19 : 22"",""speed"":""53.6 km/h"",""res"":""Punkt: K. Tyrka""},{""type"":""rally"",""score"":""19 : 21"",""speed"":""59.8 km/h"",""res"":""Punkt: K. Skrzyniarz""},{""type"":""rally"",""score"":""19 : 20"",""speed"":""50.4 km/h"",""res"":""Punkt: K. Skrzyniarz""},{""type"":""rally"",""score"":""19 : 19"",""speed"":""50.9 km/h"",""res"":""Punkt: K. Skrzyniarz""},{""type"":""tmo"",""score"":""19 : 18"",""txt"":""Czas: Quilmes Azores""},{""type"":""rally"",""score"":""19 : 18"",""speed"":""70.3 km/h"",""res"":""Punkt: A. da Cruz""},{""type"":""rally"",""score"":""18 : 18"",""speed"":""43.5 km/h"",""res"":""Punkt: A. Sobieraj""},{""type"":""rally"",""score"":""18 : 17"",""speed"":""60.6 km/h"",""res"":""Punkt: K. Gaździcki""},{""type"":""rally"",""score"":""17 : 17"",""speed"":""70.8 km/h"",""res"":""Punkt: Y. Mikov""},{""type"":""rally"",""score"":""17 : 16"",""speed"":""48.9 km/h"",""res"":""Punkt: A. Sobieraj""},{""type"":""rally"",""score"":""17 : 15"",""speed"":""50.4 km/h"",""res"":""Punkt: D. das Dores""},{""type"":""rally"",""score"":""16 : 15"",""speed"":""66.7 km/h"",""res"":""Błąd: A. da Cruz""},{""type"":""rally"",""score"":""16 : 14"",""speed"":""63.7 km/h"",""res"":""Punkt: K. Tyrka""},{""type"":""rally"",""score"":""16 : 13"",""speed"":""61.3 km/h"",""res"":""Punkt: A. Hristov""},{""type"":""tmo"",""score"":""16 : 12"",""txt"":""Czas: ""},{""type"":""rally"",""score"":""16 : 12"",""speed"":""62.5 km/h"",""res"":""Punkt: R. Hintz""},{""type"":""rally"",""score"":""15 : 12"",""speed"":""67.2 km/h"",""res"":""Punkt: K. Skrzyniarz""},{""type"":""rally"",""score"":""15 : 11"",""speed"":""59.2 km/h"",""res"":""Punkt: A. da Cruz""},{""type"":""rally"",""score"":""14 : 11"",""speed"":""62.5 km/h"",""res"":""Punkt: S. Portokalski""},{""type"":""rally"",""score"":""14 : 10"",""speed"":""55.2 km/h"",""res"":""Punkt: K. Gaździcki""},{""type"":""rally"",""score"":""13 : 10"",""speed"":""63.7 km/h"",""res"":""Punkt: K. Skrzyniarz""},{""type"":""rally"",""score"":""13 : 9"",""speed"":""62.3 km/h"",""res"":""Punkt: K. Gaździcki""},{""type"":""rally"",""score"":""12 : 9"",""speed"":""49.1 km/h"",""res"":""Punkt: A. Sobieraj""},{""type"":""rally"",""score"":""12 : 8"",""speed"":""-"",""res"":""Błąd: Y. Mikov""},{""type"":""rally"",""score"":""11 : 8"",""speed"":""51.3 km/h"",""res"":""Punkt: K. Tyrka""},{""type"":""tmo"",""score"":""11 : 7"",""txt"":""Czas: Ukiyo Volley""},{""type"":""rally"",""score"":""11 : 7"",""speed"":""44.9 km/h"",""res"":""Punkt: D. das Dores""},{""type"":""rally"",""score"":""10 : 7"",""speed"":""50.0 km/h"",""res"":""Punkt: D. das Dores""},{""type"":""chg"",""score"":""9 : 7"",""txt"":""Zmiana: A. da Cruz ⇄ S. Kudła""},{""type"":""rally"",""score"":""9 : 7"",""speed"":""65.4 km/h"",""res"":""Punkt: S. Kudła""},{""type"":""rally"",""score"":""8 : 7"",""speed"":""53.6 km/h"",""res"":""Punkt: A. Sobieraj""},{""type"":""chg"",""score"":""8 : 6"",""txt"":""Zmiana: S. Kudła ⇄ A. da Cruz""},{""type"":""tmo"",""score"":""8 : 6"",""txt"":""Czas: ""},{""type"":""rally"",""score"":""8 : 6"",""speed"":""-"",""res"":""Błąd: K. Skrzyniarz""},{""type"":""rally"",""score"":""7 : 6"",""speed"":""65.3 km/h"",""res"":""Punkt: K. Skrzyniarz""},{""type"":""rally"",""score"":""7 : 5"",""speed"":""60.7 km/h"",""res"":""Punkt: D. das Dores""},{""type"":""rally"",""score"":""6 : 5"",""speed"":""53.8 km/h"",""res"":""Punkt: K. Gaździcki""},{""type"":""rally"",""score"":""5 : 5"",""speed"":""-"",""res"":""Błąd: K. Gaździcki""},{""type"":""rally"",""score"":""5 : 4"",""speed"":""52.7 km/h"",""res"":""Punkt: O. Bardziński""},{""type"":""rally"",""score"":""4 : 4"",""speed"":""62.6 km/h"",""res"":""Punkt: K. Skrzyniarz""},{""type"":""rally"",""score"":""4 : 3"",""speed"":""63.3 km/h"",""res"":""Punkt: K. Gaździcki""},{""type"":""chg"",""score"":""3 : 3"",""txt"":""Zmiana: R. Hintz ⇄ M. Flajs""},{""type"":""rally"",""score"":""3 : 3"",""speed"":""49.0 km/h"",""res"":""Punkt: S. Portokalski""},{""type"":""rally"",""score"":""3 : 2"",""speed"":""44.4 km/h"",""res"":""Punkt: A. Sobieraj""},{""type"":""chg"",""score"":""3 : 1"",""txt"":""Zmiana: M. Flajs ⇄ R. Hintz""},{""type"":""rally"",""score"":""3 : 1"",""speed"":""71.3 km/h"",""res"":""Punkt: D. das Dores""},{""type"":""chg"",""score"":""2 : 1"",""txt"":""Zmiana: K. Gaździcki ⇄ F. Marinelli""},{""type"":""rally"",""score"":""2 : 1"",""speed"":""58.0 km/h"",""res"":""Punkt: A. Sobieraj""},{""type"":""rally"",""score"":""2 : 0"",""speed"":""60.7 km/h"",""res"":""Punkt: R. Hintz""},{""type"":""chg"",""score"":""1 : 0"",""txt"":""Zmiana: F. Marinelli ⇄ K. Gaździcki""},{""type"":""tmo"",""score"":""1 : 0"",""txt"":""Czas: Quilmes Azores""},{""type"":""rally"",""score"":""1 : 0"",""speed"":""61.9 km/h"",""res"":""Błąd: A. Sobieraj""}]},{""rallies"":[{""type"":""end"",""score"":""14 : 25"",""txt"":""Koniec seta 0 : 3""},{""type"":""end"",""score"":""14 : 25"",""txt"":""Koniec seta 0 : 3""},{""type"":""rally"",""score"":""14 : 25"",""speed"":""-"",""res"":""Błąd: B. White""},{""type"":""rally"",""score"":""14 : 24"",""speed"":""-"",""res"":""Błąd: A. Hristov""},{""type"":""rally"",""score"":""13 : 24"",""speed"":""55.7 km/h"",""res"":""Punkt: A. Sobieraj""},{""type"":""rally"",""score"":""13 : 23"",""speed"":""62.7 km/h"",""res"":""Punkt: R. Hintz""},{""type"":""rally"",""score"":""12 : 23"",""speed"":""58.9 km/h"",""res"":""Punkt: A. Sobieraj""},{""type"":""rally"",""score"":""12 : 22"",""speed"":""70.0 km/h"",""res"":""Punkt: K. Skrzyniarz""},{""type"":""rally"",""score"":""12 : 21"",""speed"":""56.4 km/h"",""res"":""Punkt: O. Bardziński""},{""type"":""rally"",""score"":""11 : 21"",""speed"":""50.1 km/h"",""res"":""Punkt: K. Skrzyniarz""},{""type"":""rally"",""score"":""11 : 20"",""speed"":""53.3 km/h"",""res"":""Punkt: O. Bardziński""},{""type"":""rally"",""score"":""10 : 20"",""speed"":""51.1 km/h"",""res"":""Punkt: S. Portokalski""},{""type"":""tmo"",""score"":""10 : 19"",""txt"":""Czas: Quilmes Azores""},{""type"":""rally"",""score"":""10 : 19"",""speed"":""53.4 km/h"",""res"":""Punkt: S. Portokalski""},{""type"":""rally"",""score"":""10 : 18"",""speed"":""55.4 km/h"",""res"":""Punkt: K. Skrzyniarz""},{""type"":""rally"",""score"":""10 : 17"",""speed"":""51.5 km/h"",""res"":""Punkt: K. Gaździcki""},{""type"":""rally"",""score"":""9 : 17"",""speed"":""56.2 km/h"",""res"":""Punkt: K. Skrzyniarz""},{""type"":""tmo"",""score"":""9 : 16"",""txt"":""Czas: ""},{""type"":""rally"",""score"":""9 : 16"",""speed"":""45.9 km/h"",""res"":""Punkt: S. Portokalski""},{""type"":""rally"",""score"":""9 : 15"",""speed"":""50.6 km/h"",""res"":""Punkt: D. das Dores""},{""type"":""rally"",""score"":""8 : 15"",""speed"":""66.4 km/h"",""res"":""Punkt: A. Sobieraj""},{""type"":""rally"",""score"":""8 : 14"",""speed"":""76.3 km/h"",""res"":""Punkt: A. da Cruz""},{""type"":""rally"",""score"":""7 : 14"",""speed"":""63.4 km/h"",""res"":""Błąd: A. Sobieraj""},{""type"":""rally"",""score"":""6 : 14"",""speed"":""53.5 km/h"",""res"":""Punkt: A. da Cruz""},{""type"":""rally"",""score"":""5 : 14"",""speed"":""83.8 km/h"",""res"":""Punkt: A. Sobieraj""},{""type"":""rally"",""score"":""5 : 13"",""speed"":""51.3 km/h"",""res"":""Punkt: A. da Cruz""},{""type"":""rally"",""score"":""4 : 13"",""speed"":""73.8 km/h"",""res"":""Punkt: K. Skrzyniarz""},{""type"":""rally"",""score"":""4 : 12"",""speed"":""60.7 km/h"",""res"":""Punkt: K. Gaździcki""},{""type"":""rally"",""score"":""3 : 12"",""speed"":""-"",""res"":""Błąd: A. da Cruz""},{""type"":""rally"",""score"":""3 : 11"",""speed"":""46.4 km/h"",""res"":""Punkt: A. da Cruz""},{""type"":""rally"",""score"":""2 : 11"",""speed"":""60.0 km/h"",""res"":""Punkt: A. Hristov""},{""type"":""rally"",""score"":""2 : 10"",""speed"":""45.4 km/h"",""res"":""Punkt: Y. Mikov""},{""type"":""chg"",""score"":""2 : 9"",""txt"":""Zmiana: A. da Cruz ⇄ D. Seven""},{""type"":""rally"",""score"":""2 : 9"",""speed"":""51.5 km/h"",""res"":""Punkt: K. Skrzyniarz""},{""type"":""rally"",""score"":""2 : 8"",""speed"":""48.2 km/h"",""res"":""Punkt: D. das Dores""},{""type"":""chg"",""score"":""1 : 8"",""txt"":""Zmiana: D. Seven ⇄ A. da Cruz""},{""type"":""tmo"",""score"":""1 : 8"",""txt"":""Czas: ""},{""type"":""rally"",""score"":""1 : 8"",""speed"":""58.2 km/h"",""res"":""Punkt: S. Portokalski""},{""type"":""rally"",""score"":""1 : 7"",""speed"":""57.0 km/h"",""res"":""Punkt: K. Tyrka""},{""type"":""rally"",""score"":""1 : 6"",""speed"":""53.3 km/h"",""res"":""Punkt: A. Sobieraj""},{""type"":""rally"",""score"":""1 : 5"",""speed"":""47.4 km/h"",""res"":""Punkt: R. Hintz""},{""type"":""chg"",""score"":""0 : 5"",""txt"":""Zmiana: R. Hintz ⇄ M. Flajs""},{""type"":""rally"",""score"":""0 : 5"",""speed"":""57.1 km/h"",""res"":""Punkt: A. Sobieraj""},{""type"":""rally"",""score"":""0 : 4"",""speed"":""60.0 km/h"",""res"":""Punkt: K. Tyrka""},{""type"":""chg"",""score"":""0 : 3"",""txt"":""Zmiana: M. Flajs ⇄ R. Hintz""},{""type"":""chg"",""score"":""0 : 3"",""txt"":""Zmiana: K. Gaździcki ⇄ F. Marinelli""},{""type"":""rally"",""score"":""0 : 3"",""speed"":""60.0 km/h"",""res"":""Punkt: A. Sobieraj""},{""type"":""rally"",""score"":""0 : 2"",""speed"":""67.4 km/h"",""res"":""Punkt: A. Sobieraj""},{""type"":""chg"",""score"":""0 : 1"",""txt"":""Zmiana: F. Marinelli ⇄ K. Gaździcki""},{""type"":""tmo"",""score"":""0 : 1"",""txt"":""Czas: Quilmes Azores""},{""type"":""rally"",""score"":""0 : 1"",""speed"":""69.5 km/h"",""res"":""Punkt: A. Sobieraj""}]}]}","4","5","0","0","0","0","6","30","0","0","6","0","0","0","76.3","64.5","0","0","0","0","0","0","0","0","0","0","0","0","0","0","0","0","0","0","0","0","0","0","0","0","0","0","0","0","0","0","31","18","5","1","35","90","0","0","0","0","0","3","0","0","0","0","0","6","0","0","0","0","0","2","1","0","1","0","0","clan-bulk-1.2","0","0","0"
"liga_klanow_2_2","Quilmes Azores vs Ukiyo Volley 0:3","1297873","2026-09-18 19:00","Estádio da Azores","Portugal II","1418","Quilmes Azores","","Hintz, Roger","1905313","6","2","13","1","1","61","14","3","5","36","14","18","9","4","9","5","50","12","0","100","3","25","0","4","34","0","0","0","0","0","0","0","21.5","","3","3","0","0","0","0","4","34","0","0","3","0","0","1","61","53.9","0","0","0","0","1","1","0","0","0","0","0","0","4","0","3","1","3","11","0","0","0","0","0","0","0","0","0","0","2","2","0","0","0","0","0","0","1","6","0","5","12","4","0","0","0","0","0","5","0","0","0","0","0","3","2","2","2","0","0","clan-bulk-1.2","0","0","0"
"liga_klanow_2_2","Quilmes Azores vs Ukiyo Volley 0:3","1297873","2026-09-18 19:00","Estádio da Azores","Portugal II","1418","Quilmes Azores","","das Dores, Diego","1681737","11","4","10","0","0","55.4","23","7","8","35","4","5","3","0","2","0","0","0","0","0","0","0","3","34","49","0","0","0","0","0","0","0","15.3","","0","0","0","0","0","0","34","49","3","0","30","0","1","4","55.4","49.8","3","0","0","1","7","11","1","0","6","1","0","8","0","0","0","0","0","0","2","1","0","0","1","4","0","0","0","0","0","0","0","0","0","0","0","0","0","0","0","0","0","0","0","0","0","0","0","0","0","0","0","0","0","3","2","6","2","0","0","clan-bulk-1.2","0","0","0"
"liga_klanow_2_2","Quilmes Azores vs Ukiyo Volley 0:3","1297873","2026-09-18 19:00","Estádio da Azores","Portugal II","1418","Quilmes Azores","","da Cruz, Abel","2003422","13","9","7","1","0","66.5","25","3","10","40","28","17","13","7","4","2","53","0","0","0","0","0","3","24","55","0","0","0","0","0","0","0","35.5","","2","2","0","0","0","0","24","55","3","0","22","0","0","2","66.5","58.3","1","0","1","0","0","2","2","0","0","1","1","4","3","0","2","0","7","12","0","0","0","0","0","0","3","0","0","0","4","7","0","0","0","0","0","0","0","0","0","0","0","7","0","0","0","0","0","3","0","0","0","0","0","3","6","3","5","0","0","clan-bulk-1.2","0","0","0"
"liga_klanow_2_2","Quilmes Azores vs Ukiyo Volley 0:3","1297873","2026-09-18 19:00","Estádio da Azores","Portugal II","1418","Quilmes Azores","","Gaździcki, Kacper","1767087","12","4","7","2","0","73.8","23","5","8","35","13","13","8","2","5","1","23","44","1","98","18","41","4","22","48","0","0","0","0","0","0","0","45.5","","1","2","0","0","0","0","22","48","4","1","21","0","0","1","73.8","67.1","0","0","1","0","2","3","1","0","2","0","1","4","5","0","2","1","6","14","0","0","0","0","0","0","1","0","0","0","1","2","0","0","0","0","0","0","2","8","15","18","43","2","0","0","0","0","0","1","0","0","0","0","0","3","3","8","2","0","0","clan-bulk-1.2","0","0","0"
"liga_klanow_2_2","Quilmes Azores vs Ukiyo Volley 0:3","1297873","2026-09-18 19:00","Estádio da Azores","Portugal II","1418","Quilmes Azores","","Bardziński, Oskar","1865520","5","0","8","2","0","83.8","11","3","5","45","18","4","2","0","2","0","0","0","0","0","0","0","0","17","38","0","0","0","0","0","0","0","7.1","","0","0","0","0","0","0","17","38","0","0","15","0","0","2","83.8","67.2","1","0","1","0","1","3","0","0","1","0","0","1","0","0","0","0","0","0","4","0","1","0","2","7","0","0","0","0","0","0","0","0","0","0","0","0","0","0","0","0","0","0","0","0","0","0","0","0","0","0","0","0","0","3","4","1","2","0","0","clan-bulk-1.2","0","0","0"
"liga_klanow_2_2","Quilmes Azores vs Ukiyo Volley 0:3","1297873","2026-09-18 19:00","Estádio da Azores","Portugal II","1418","Quilmes Azores","","Corvucci, Piersandro","1976319","0","0","0","0","0","0","0","0","0","0","0","21","14","2","7","3","24","7","0","100","4","57","0","0","0","1","3","9","0","1","4","4","7.2","","2","2","0","0","0","0","0","0","0","0","0","0","0","0","0","0","0","0","0","0","0","0","0","0","0","0","0","0","0","0","0","0","0","0","0","0","0","0","0","0","0","0","0","0","0","0","1","3","1","0","4","9","2","1","3","1","7","2","0","0","0","0","0","3","0","0","0","0","0","0","0","0","0","0","0","clan-bulk-1.2","0","0","0"
"liga_klanow_2_2","Quilmes Azores vs Ukiyo Volley 0:3","1297873","2026-09-18 19:00","Estádio da Azores","Portugal II","1418","Quilmes Azores","","Shiroyama, Tortoise","2088834","0","0","0","0","0","0","0","0","0","0","0","0","0","0","0","0","0","0","0","0","0","0","0","0","0","0","0","0","0","0","0","0","0","","0","0","0","0","0","0","0","0","0","0","0","0","0","0","0","0","0","0","0","0","0","0","0","0","0","0","0","0","0","0","0","0","0","0","0","0","0","0","0","0","0","0","0","0","0","0","0","0","0","0","0","0","0","0","0","0","0","0","0","0","0","0","0","0","0","0","0","0","0","0","0","0","0","0","0","clan-bulk-1.2","0","0","0"
"liga_klanow_2_2","Quilmes Azores vs Ukiyo Volley 0:3","1297873","2026-09-18 19:00","Estádio da Azores","Portugal II","1418","Quilmes Azores","","Seven, Denizhan","2089074","0","0","0","0","0","0","0","0","0","0","0","0","0","0","0","0","0","0","0","0","0","0","0","0","1","0","0","0","0","0","0","0","0","","0","0","0","0","0","0","0","1","0","0","0","0","0","0","0","0","0","0","0","0","0","0","0","0","0","0","0","0","0","0","0","0","0","0","0","0","0","0","0","0","0","0","0","0","0","0","0","0","0","0","0","0","0","0","0","0","0","0","0","0","0","0","0","0","0","0","0","0","0","0","0","0","0","0","0","clan-bulk-1.2","0","0","0"
"liga_klanow_2_2","Quilmes Azores vs Ukiyo Volley 0:3","1297873","2026-09-18 19:00","Estádio da Azores","Portugal II","1418","Quilmes Azores","","Kudła, Stanisław","2002667","1","1","0","0","0","0","1","0","1","100","100","0","0","0","0","0","0","0","0","0","0","0","0","0","1","0","0","0","0","0","0","0","2","","0","0","0","0","0","0","0","1","0","0","0","0","0","0","0","0","1","0","0","0","0","1","0","0","0","0","0","0","0","0","0","0","0","0","0","0","0","0","0","0","0","0","0","0","0","0","0","0","0","0","0","0","0","0","0","0","0","0","0","0","0","0","0","0","0","0","0","0","0","0","0","1","0","0","0","clan-bulk-1.2","0","0","0"
"liga_klanow_2_2","Quilmes Azores vs Ukiyo Volley 0:3","1297873","2026-09-18 19:00","Estádio da Azores","Portugal II","1418","Quilmes Azores","","Flajs, Miklavž","1927266","0","-1","1","0","0","47.5","1","1","0","0","-100","0","0","0","0","0","0","1","0","100","0","0","0","0","2","0","0","0","0","0","0","0","-1.1","","0","0","0","0","0","0","0","2","0","0","0","0","0","0","47.5","47.5","0","0","1","0","0","1","0","0","0","0","0","0","0","0","0","0","0","0","0","0","0","0","0","0","0","0","0","0","0","0","0","0","0","0","0","0","0","0","0","1","1","0","0","0","0","0","0","0","0","0","0","0","0","0","0","0","0","0","0","clan-bulk-1.2","0","0","0"
"liga_klanow_2_2","Quilmes Azores vs Ukiyo Volley 0:3","1297873","2026-09-18 19:00","Estádio da Azores","Portugal II","1418","Quilmes Azores","","Marinelli, Flavio","2088878","1","1","0","0","0","0","1","0","1","100","100","2","2","0","0","0","0","1","0","100","0","0","0","2","3","0","0","0","0","0","0","0","2.4","","0","0","0","0","0","0","2","3","0","0","2","0","0","0","0","0","0","0","0","0","0","0","0","0","0","0","0","0","0","0","0","1","0","1","0","0","0","0","0","0","0","0","0","0","0","0","0","0","0","0","0","0","0","0","0","1","1","0","0","0","0","0","0","0","0","0","0","0","0","0","0","0","0","0","0","clan-bulk-1.2","0","0","0"
"liga_klanow_2_2","Quilmes Azores vs Ukiyo Volley 0:3","1297873","2026-09-18 19:00","Estádio da Azores","BRIGADIRI II","1418","Ukiyo Volley","","Hristov, Angel","1905249","2","1","7","1","0","66.7","1","0","0","0","0","6","3","3","3","0","50","0","0","0","0","0","2","29","34","32","6","59","18","21","13","7","7.4","","0","2","0","0","0","0","29","34","2","1","23","0","0","6","66.7","60.3","0","0","0","0","1","1","0","0","0","0","0","0","0","0","0","0","0","0","0","0","0","0","0","0","0","0","0","0","0","0","32","6","1","2","18","59","0","0","0","0","0","0","0","0","0","0","0","0","0","0","0","0","0","2","0","1","2","0","0","clan-bulk-1.2","0","0","0"
"liga_klanow_2_2","Quilmes Azores vs Ukiyo Volley 0:3","1297873","2026-09-18 19:00","Estádio da Azores","BRIGADIRI II","1418","Ukiyo Volley","","Mikov, Yordan","1951131","4","1","16","2","1","71.3","10","1","3","30","20","22","17","10","5","3","59","5","0","100","2","40","0","22","35","0","0","0","0","0","0","0","17.5","","2","3","0","0","0","0","22","35","0","1","22","0","0","0","71.3","60.8","1","0","1","0","2","4","0","0","0","0","0","0","0","0","0","0","1","1","0","0","0","0","0","0","2","0","0","0","3","5","0","0","0","0","0","0","0","0","0","0","0","0","0","0","0","0","0","0","0","0","0","0","0","3","3","2","1","0","0","clan-bulk-1.2","0","0","0"
"liga_klanow_2_2","Quilmes Azores vs Ukiyo Volley 0:3","1297873","2026-09-18 19:00","Estádio da Azores","BRIGADIRI II","1418","Ukiyo Volley","","Sobieraj, Adam","1927350","19","10","16","1","0","70.3","34","8","19","56","32","7","3","0","4","0","0","0","0","0","0","0","0","36","44","0","0","1","0","0","0","1","31.4","","0","0","0","0","0","0","36","44","0","0","32","0","0","4","70.3","58.5","0","0","0","0","2","2","1","0","1","0","0","2","0","0","0","0","0","0","17","2","5","1","5","30","0","0","0","0","0","0","0","0","0","0","1","1","0","0","0","0","0","0","0","0","0","0","0","0","0","0","0","0","0","3","4","7","10","0","0","clan-bulk-1.2","0","0","0"
"liga_klanow_2_2","Quilmes Azores vs Ukiyo Volley 0:3","1297873","2026-09-18 19:00","Estádio da Azores","BRIGADIRI II","1418","Ukiyo Volley","","Tyrka, Krzysztof","1864811","11","10","16","1","0","72.5","6","0","5","83","83","11","5","4","6","3","64","0","0","0","0","0","6","38","54","0","0","0","0","0","0","0","31.4","","2","3","0","0","0","0","38","54","5","1","32","1","1","6","72.5","56.1","0","0","0","0","1","1","0","0","0","0","0","0","4","0","0","0","0","4","0","0","0","0","0","0","1","0","0","0","0","1","0","0","0","0","0","0","0","0","0","0","0","0","0","0","0","0","0","0","0","0","0","0","0","3","6","3","2","0","0","clan-bulk-1.2","0","0","0"
"liga_klanow_2_2","Quilmes Azores vs Ukiyo Volley 0:3","1297873","2026-09-18 19:00","Estádio da Azores","BRIGADIRI II","1418","Ukiyo Volley","","Portokalski, Stoyan","1950709","11","7","7","1","0","66.4","9","2","3","33","11","9","6","3","3","1","44","38","1","97","23","61","8","38","64","0","0","0","0","0","0","0","50.8","","1","1","0","0","0","0","38","64","7","1","36","1","0","2","66.4","57.4","1","0","1","0","2","4","0","0","1","0","0","1","1","0","0","0","1","2","0","0","0","0","0","0","1","0","0","0","1","2","0","0","0","0","0","0","0","0","0","0","0","0","0","0","0","0","0","0","0","0","0","0","0","3","5","3","4","0","0","clan-bulk-1.2","0","0","0"
"liga_klanow_2_2","Quilmes Azores vs Ukiyo Volley 0:3","1297873","2026-09-18 19:00","Estádio da Azores","BRIGADIRI II","1418","Ukiyo Volley","","Skrzyniarz, Krystian","1927349","21","19","9","1","0","70","28","1","17","61","57","5","4","0","1","1","20","0","0","0","0","0","4","37","55","0","0","0","0","0","0","0","55.3","","1","1","0","0","0","0","37","55","4","1","29","0","0","8","70","61.1","0","0","0","0","3","3","0","0","1","1","2","4","0","0","0","0","0","0","16","0","0","0","5","21","0","0","0","0","0","0","0","0","0","0","0","0","0","0","0","0","0","0","0","0","0","0","0","0","0","0","0","0","0","3","6","9","6","0","0","clan-bulk-1.2","0","0","0"
"liga_klanow_2_2","Quilmes Azores vs Ukiyo Volley 0:3","1297873","2026-09-18 19:00","Estádio da Azores","BRIGADIRI II","1418","Ukiyo Volley","","Wienrich, Franz-Josef","1975929","0","0","0","0","0","0","0","0","0","0","0","22","13","8","9","6","64","5","0","100","2","40","0","0","0","0","0","2","0","2","0","0","11.6","","5","7","0","0","0","0","0","0","0","0","0","0","0","0","0","0","0","0","0","0","0","0","0","0","0","0","0","0","0","0","0","0","0","0","0","0","0","0","0","0","0","0","0","0","0","0","0","0","0","0","2","2","0","0","0","0","0","0","0","0","0","0","0","0","0","0","0","0","0","0","0","0","0","0","0","clan-bulk-1.2","0","0","0"
"liga_klanow_2_2","Quilmes Azores vs Ukiyo Volley 0:3","1297873","2026-09-18 19:00","Estádio da Azores","BRIGADIRI II","1418","Ukiyo Volley","","Prigent, Joseph","1905829","1","0","2","1","0","61.4","1","0","0","0","0","3","3","0","0","0","0","0","0","0","0","0","1","6","11","13","4","25","6","6","9","4","2","","0","0","0","0","0","0","6","11","1","0","6","0","0","0","61.4","61.4","0","0","0","0","1","1","0","0","0","0","0","0","0","0","0","0","0","0","0","0","0","0","0","0","0","0","0","0","0","0","13","4","1","0","7","25","0","0","0","0","0","0","0","0","0","0","0","0","0","0","0","0","0","1","2","0","0","0","0","clan-bulk-1.2","0","0","0"
"liga_klanow_2_2","Essa Bola VC vs Bullets 0:3","1297874","2026-09-18 19:00","Pavilhão Multiusos Essa Bola","Portugal II","1418","Essa Bola VC","","Lewis, Jonathan","1905355","2","2","5","0","0","60.8","0","0","0","0","0","18","11","2","7","0","11","0","0","0","0","0","2","8","15","19","32","68","8","23","28","9","7.6","{""sets"":[{""h"":9,""a"":25},{""h"":10,""a"":25},{""h"":6,""a"":25}],""parsedSets"":[{""rallies"":[{""type"":""end"",""score"":""9 : 25"",""txt"":""Koniec seta 0 : 1""},{""type"":""end"",""score"":""9 : 25"",""txt"":""Koniec seta 0 : 1""},{""type"":""rally"",""score"":""9 : 25"",""speed"":""43.8 km/h"",""res"":""Punkt: B. Bokov""},{""type"":""rally"",""score"":""9 : 24"",""speed"":""73.7 km/h"",""res"":""Punkt: Ç. Bırce""},{""type"":""rally"",""score"":""8 : 24"",""speed"":""71.5 km/h"",""res"":""Punkt: B. Blagoev""},{""type"":""rally"",""score"":""8 : 23"",""speed"":""50.8 km/h"",""res"":""Punkt: B. Blagoev""},{""type"":""rally"",""score"":""8 : 22"",""speed"":""82.6 km/h"",""res"":""Punkt: I. Domingues""},{""type"":""rally"",""score"":""7 : 22"",""speed"":""57.3 km/h"",""res"":""Punkt: B. Blagoev""},{""type"":""rally"",""score"":""7 : 21"",""speed"":""86.5 km/h"",""res"":""Punkt: B. Kolczyński""},{""type"":""rally"",""score"":""7 : 20"",""speed"":""83.9 km/h"",""res"":""Punkt: B. Blagoev""},{""type"":""rally"",""score"":""7 : 19"",""speed"":""108.8 km/h"",""res"":""Punkt: B. Bokov""},{""type"":""rally"",""score"":""7 : 18"",""speed"":""102.4 km/h"",""res"":""Punkt: B. Blagoev""},{""type"":""rally"",""score"":""7 : 17"",""speed"":""75.7 km/h"",""res"":""Punkt: B. Blagoev""},{""type"":""tmo"",""score"":""7 : 16"",""txt"":""Czas: ""},{""type"":""rally"",""score"":""7 : 16"",""speed"":""101.3 km/h"",""res"":""Punkt: B. Blagoev""},{""type"":""tmo"",""score"":""7 : 15"",""txt"":""Czas: Essa Bola VC""},{""type"":""rally"",""score"":""7 : 15"",""speed"":""82.1 km/h"",""res"":""Punkt: B. Blagoev""},{""type"":""rally"",""score"":""7 : 14"",""speed"":""87.7 km/h"",""res"":""Punkt: B. Kolczyński""},{""type"":""rally"",""score"":""7 : 13"",""speed"":""51.3 km/h"",""res"":""Punkt: B. Blagoev""},{""type"":""rally"",""score"":""7 : 12"",""speed"":""92.5 km/h"",""res"":""Punkt: Ç. Bırce""},{""type"":""chg"",""score"":""6 : 12"",""txt"":""Zmiana: H. Tapado ⇄ T. Mueller""},{""type"":""rally"",""score"":""6 : 12"",""speed"":""47.6 km/h"",""res"":""Punkt: B. Blagoev""},{""type"":""rally"",""score"":""6 : 11"",""speed"":""56.9 km/h"",""res"":""Punkt: T. Mueller""},{""type"":""chg"",""score"":""6 : 10"",""txt"":""Zmiana: S. Taskov ⇄ I. Tortora""},{""type"":""chg"",""score"":""6 : 10"",""txt"":""Zmiana: B. Bokov ⇄ V. Shishkov""},{""type"":""chg"",""score"":""6 : 10"",""txt"":""Zmiana: B. Kolczyński ⇄ P. Doutreleau""},{""type"":""rally"",""score"":""6 : 10"",""speed"":""60.5 km/h"",""res"":""Punkt: B. Blagoev""},{""type"":""rally"",""score"":""6 : 9"",""speed"":""50.2 km/h"",""res"":""Punkt: B. Blagoev""},{""type"":""rally"",""score"":""6 : 8"",""speed"":""-"",""res"":""Błąd: D. Falkowski""},{""type"":""tmo"",""score"":""5 : 8"",""txt"":""Czas: ""},{""type"":""rally"",""score"":""5 : 8"",""speed"":""43.4 km/h"",""res"":""Punkt: D. Falkowski""},{""type"":""rally"",""score"":""5 : 7"",""speed"":""60.0 km/h"",""res"":""Punkt: K. Stelmaszyński""},{""type"":""rally"",""score"":""4 : 7"",""speed"":""41.3 km/h"",""res"":""Punkt: D. Falkowski""},{""type"":""rally"",""score"":""4 : 6"",""speed"":""41.5 km/h"",""res"":""Punkt: A. Kanik""},{""type"":""rally"",""score"":""3 : 6"",""speed"":""87.9 km/h"",""res"":""Punkt: A. Kanik""},{""type"":""rally"",""score"":""2 : 6"",""speed"":""46.8 km/h"",""res"":""Punkt: D. Falkowski""},{""type"":""rally"",""score"":""2 : 5"",""speed"":""42.2 km/h"",""res"":""Punkt: G. Kúnchev""},{""type"":""rally"",""score"":""2 : 4"",""speed"":""54.7 km/h"",""res"":""Punkt: K. Stelmaszyński""},{""type"":""rally"",""score"":""1 : 4"",""speed"":""47.3 km/h"",""res"":""Punkt: B. Blagoev""},{""type"":""rally"",""score"":""1 : 3"",""speed"":""60.0 km/h"",""res"":""Punkt: K. Stelmaszyński""},{""type"":""rally"",""score"":""0 : 3"",""speed"":""47.6 km/h"",""res"":""Punkt: G. Kúnchev""},{""type"":""rally"",""score"":""0 : 2"",""speed"":""56.3 km/h"",""res"":""Punkt: G. Kúnchev""},{""type"":""rally"",""score"":""0 : 1"",""speed"":""54.1 km/h"",""res"":""Punkt: B. Blagoev""}]},{""rallies"":[{""type"":""end"",""score"":""10 : 25"",""txt"":""Koniec seta 0 : 2""},{""type"":""end"",""score"":""10 : 25"",""txt"":""Koniec seta 0 : 2""},{""type"":""rally"",""score"":""10 : 25"",""speed"":""65.8 km/h"",""res"":""Punkt: B. Blagoev""},{""type"":""rally"",""score"":""10 : 24"",""speed"":""59.7 km/h"",""res"":""Punkt: V. Shishkov""},{""type"":""rally"",""score"":""10 : 23"",""speed"":""55.7 km/h"",""res"":""Punkt: B. Kolczyński""},{""type"":""rally"",""score"":""10 : 22"",""speed"":""64.4 km/h"",""res"":""Punkt: B. Blagoev""},{""type"":""rally"",""score"":""10 : 21"",""speed"":""45.5 km/h"",""res"":""Punkt: B. Kolczyński""},{""type"":""rally"",""score"":""10 : 20"",""speed"":""-"",""res"":""Błąd: H. Tapado""},{""type"":""rally"",""score"":""9 : 20"",""speed"":""80.7 km/h"",""res"":""Punkt: H. Tapado""},{""type"":""rally"",""score"":""9 : 19"",""speed"":""74.9 km/h"",""res"":""Punkt: B. Blagoev""},{""type"":""rally"",""score"":""9 : 18"",""speed"":""50.7 km/h"",""res"":""Punkt: B. Blagoev""},{""type"":""rally"",""score"":""9 : 17"",""speed"":""70.1 km/h"",""res"":""Punkt: B. Blagoev""},{""type"":""tmo"",""score"":""9 : 16"",""txt"":""Czas: ""},{""type"":""rally"",""score"":""9 : 16"",""speed"":""66.9 km/h"",""res"":""Punkt: B. Blagoev""},{""type"":""tmo"",""score"":""9 : 15"",""txt"":""Czas: Essa Bola VC""},{""type"":""rally"",""score"":""9 : 15"",""speed"":""60.8 km/h"",""res"":""Punkt: B. Blagoev""},{""type"":""rally"",""score"":""9 : 14"",""speed"":""66.0 km/h"",""res"":""Punkt: A. Kanik""},{""type"":""rally"",""score"":""8 : 14"",""speed"":""59.3 km/h"",""res"":""Punkt: V. Shishkov""},{""type"":""rally"",""score"":""8 : 13"",""speed"":""48.6 km/h"",""res"":""Punkt: B. Blagoev""},{""type"":""chg"",""score"":""8 : 12"",""txt"":""Zmiana: H. Tapado ⇄ T. Mueller""},{""type"":""rally"",""score"":""8 : 12"",""speed"":""41.9 km/h"",""res"":""Punkt: V. Shishkov""},{""type"":""rally"",""score"":""8 : 11"",""speed"":""45.8 km/h"",""res"":""Punkt: I. Ivanov""},{""type"":""rally"",""score"":""7 : 11"",""speed"":""57.7 km/h"",""res"":""Punkt: G. Kúnchev""},{""type"":""chg"",""score"":""7 : 10"",""txt"":""Zmiana: S. Taskov ⇄ I. Tortora""},{""type"":""chg"",""score"":""7 : 10"",""txt"":""Zmiana: B. Kolczyński ⇄ P. Doutreleau""},{""type"":""rally"",""score"":""7 : 10"",""speed"":""52.2 km/h"",""res"":""Punkt: D. Falkowski""},{""type"":""rally"",""score"":""7 : 9"",""speed"":""62.2 km/h"",""res"":""Punkt: Ç. Bırce""},{""type"":""rally"",""score"":""6 : 9"",""speed"":""121.2 km/h"",""res"":""Punkt: P. Doutreleau""},{""type"":""tmo"",""score"":""6 : 8"",""txt"":""Czas: ""},{""type"":""rally"",""score"":""6 : 8"",""speed"":""-"",""res"":""Błąd: K. Stelmaszyński""},{""type"":""rally"",""score"":""6 : 7"",""speed"":""43.9 km/h"",""res"":""Punkt: I. Ivanov""},{""type"":""rally"",""score"":""5 : 7"",""speed"":""43.2 km/h"",""res"":""Punkt: J. Lewis""},{""type"":""rally"",""score"":""4 : 7"",""speed"":""43.4 km/h"",""res"":""Punkt: I. Ivanov""},{""type"":""rally"",""score"":""3 : 7"",""speed"":""72.5 km/h"",""res"":""Punkt: I. Ivanov""},{""type"":""rally"",""score"":""2 : 7"",""speed"":""41.3 km/h"",""res"":""Punkt: G. Kúnchev""},{""type"":""rally"",""score"":""2 : 6"",""speed"":""-"",""res"":""Błąd: V. Shishkov""},{""type"":""rally"",""score"":""1 : 6"",""speed"":""56.7 km/h"",""res"":""Punkt: B. Blagoev""},{""type"":""rally"",""score"":""1 : 5"",""speed"":""58.8 km/h"",""res"":""Punkt: P. Doutreleau""},{""type"":""rally"",""score"":""1 : 4"",""speed"":""56.1 km/h"",""res"":""Błąd: Ç. Bırce""},{""type"":""rally"",""score"":""1 : 3"",""speed"":""55.2 km/h"",""res"":""Punkt: B. Blagoev""},{""type"":""rally"",""score"":""1 : 2"",""speed"":""45.7 km/h"",""res"":""Punkt: B. Blagoev""},{""type"":""rally"",""score"":""1 : 1"",""speed"":""66.5 km/h"",""res"":""Punkt: Ç. Bırce""},{""type"":""rally"",""score"":""0 : 1"",""speed"":""83.8 km/h"",""res"":""Punkt: T. Mueller""}]},{""rallies"":[{""type"":""end"",""score"":""6 : 25"",""txt"":""Koniec seta 0 : 3""},{""type"":""end"",""score"":""6 : 25"",""txt"":""Koniec seta 0 : 3""},{""type"":""rally"",""score"":""6 : 25"",""speed"":""62.2 km/h"",""res"":""Punkt: B. Blagoev""},{""type"":""rally"",""score"":""6 : 24"",""speed"":""55.2 km/h"",""res"":""Punkt: B. Blagoev""},{""type"":""rally"",""score"":""6 : 23"",""speed"":""53.0 km/h"",""res"":""Punkt: B. Blagoev""},{""type"":""rally"",""score"":""6 : 22"",""speed"":""52.7 km/h"",""res"":""Punkt: B. Blagoev""},{""type"":""rally"",""score"":""6 : 21"",""speed"":""60.6 km/h"",""res"":""Punkt: B. Blagoev""},{""type"":""rally"",""score"":""6 : 20"",""speed"":""65.9 km/h"",""res"":""Punkt: V. Shishkov""},{""type"":""rally"",""score"":""6 : 19"",""speed"":""49.2 km/h"",""res"":""Punkt: B. Blagoev""},{""type"":""rally"",""score"":""6 : 18"",""speed"":""53.6 km/h"",""res"":""Punkt: B. Blagoev""},{""type"":""rally"",""score"":""6 : 17"",""speed"":""54.4 km/h"",""res"":""Punkt: V. Shishkov""},{""type"":""tmo"",""score"":""6 : 16"",""txt"":""Czas: ""},{""type"":""rally"",""score"":""6 : 16"",""speed"":""59.8 km/h"",""res"":""Punkt: B. Blagoev""},{""type"":""tmo"",""score"":""6 : 15"",""txt"":""Czas: Essa Bola VC""},{""type"":""rally"",""score"":""6 : 15"",""speed"":""48.5 km/h"",""res"":""Punkt: B. Blagoev""},{""type"":""rally"",""score"":""6 : 14"",""speed"":""60.3 km/h"",""res"":""Punkt: B. Blagoev""},{""type"":""rally"",""score"":""6 : 13"",""speed"":""54.0 km/h"",""res"":""Punkt: V. Shishkov""},{""type"":""rally"",""score"":""6 : 12"",""speed"":""89.3 km/h"",""res"":""Punkt: Ç. Bırce""},{""type"":""chg"",""score"":""5 : 12"",""txt"":""Zmiana: H. Tapado ⇄ T. Mueller""},{""type"":""rally"",""score"":""5 : 12"",""speed"":""56.5 km/h"",""res"":""Punkt: V. Shishkov""},{""type"":""rally"",""score"":""5 : 11"",""speed"":""61.3 km/h"",""res"":""Punkt: A. Kanik""},{""type"":""rally"",""score"":""4 : 11"",""speed"":""63.6 km/h"",""res"":""Punkt: D. Falkowski""},{""type"":""chg"",""score"":""4 : 10"",""txt"":""Zmiana: S. Taskov ⇄ I. Tortora""},{""type"":""chg"",""score"":""4 : 10"",""txt"":""Zmiana: B. Kolczyński ⇄ P. Doutreleau""},{""type"":""rally"",""score"":""4 : 10"",""speed"":""44.3 km/h"",""res"":""Punkt: D. Falkowski""},{""type"":""rally"",""score"":""4 : 9"",""speed"":""70.3 km/h"",""res"":""Punkt: I. Ivanov""},{""type"":""rally"",""score"":""3 : 9"",""speed"":""42.5 km/h"",""res"":""Punkt: D. Falkowski""},{""type"":""rally"",""score"":""3 : 8"",""speed"":""58.6 km/h"",""res"":""Punkt: I. Ivanov""},{""type"":""tmo"",""score"":""2 : 8"",""txt"":""Czas: ""},{""type"":""rally"",""score"":""2 : 8"",""speed"":""64.7 km/h"",""res"":""Punkt: D. Falkowski""},{""type"":""rally"",""score"":""2 : 7"",""speed"":""42.3 km/h"",""res"":""Punkt: D. Falkowski""},{""type"":""rally"",""score"":""2 : 6"",""speed"":""65.1 km/h"",""res"":""Błąd: T. Mueller""},{""type"":""rally"",""score"":""1 : 6"",""speed"":""61.3 km/h"",""res"":""Punkt: D. Falkowski""},{""type"":""rally"",""score"":""1 : 5"",""speed"":""43.4 km/h"",""res"":""Punkt: G. Kúnchev""},{""type"":""rally"",""score"":""1 : 4"",""speed"":""54.0 km/h"",""res"":""Punkt: Ç. Bırce""},{""type"":""rally"",""score"":""0 : 4"",""speed"":""68.6 km/h"",""res"":""Punkt: V. Shishkov""},{""type"":""rally"",""score"":""0 : 3"",""speed"":""53.1 km/h"",""res"":""Punkt: G. Kúnchev""},{""type"":""rally"",""score"":""0 : 2"",""speed"":""58.2 km/h"",""res"":""Punkt: B. Blagoev""},{""type"":""rally"",""score"":""0 : 1"",""speed"":""58.7 km/h"",""res"":""Punkt: B. Blagoev""}]}]}","0","1","0","0","0","0","8","15","1","0","5","1","0","3","60.8","55.8","0","0","0","0","0","0","0","0","0","0","0","0","0","0","0","0","0","0","0","0","0","0","0","0","0","0","0","0","0","0","19","32","2","1","14","68","0","0","0","0","0","2","0","0","0","0","0","0","0","0","0","0","0","1","0","1","0","0","0","clan-bulk-1.2","0","0","0"
"liga_klanow_2_2","Essa Bola VC vs Bullets 0:3","1297874","2026-09-18 19:00","Pavilhão Multiusos Essa Bola","Portugal II","1418","Essa Bola VC","","Bırce, Çağatay","1903707","6","-6","5","0","0","0","16","6","6","38","0","10","6","0","4","0","0","39","6","85","9","23","0","5","30","0","0","0","0","0","0","0","7.8","","0","0","0","0","0","0","5","30","0","0","3","0","0","2","50.8","46.5","1","0","0","0","1","2","0","1","1","0","0","2","4","0","4","0","1","9","0","0","0","0","0","0","1","0","0","0","2","3","0","0","0","0","0","0","1","14","17","1","33","0","0","0","0","0","0","0","0","0","0","0","0","3","2","3","2","0","0","clan-bulk-1.2","0","0","0"
"liga_klanow_2_2","Essa Bola VC vs Bullets 0:3","1297874","2026-09-18 19:00","Pavilhão Multiusos Essa Bola","Portugal II","1418","Essa Bola VC","","Domingues, Iuri","1865017","1","-16","4","0","0","43.8","24","17","1","4","-67","4","1","0","3","0","0","0","0","0","0","0","0","0","36","0","0","0","0","0","0","0","-36.9","","0","0","0","0","0","0","0","36","0","0","0","0","0","0","43.8","42.4","0","0","3","0","0","3","0","0","3","0","0","3","0","0","0","0","0","0","1","0","11","0","6","18","0","0","0","0","0","0","0","0","0","0","0","0","0","0","0","0","0","0","0","0","0","0","0","0","0","0","0","0","0","1","1","0","0","0","0","clan-bulk-1.2","0","0","0"
"liga_klanow_2_2","Essa Bola VC vs Bullets 0:3","1297874","2026-09-18 19:00","Pavilhão Multiusos Essa Bola","Portugal II","1418","Essa Bola VC","","Stelmaszyński, Kajetan","1865016","5","-5","7","1","0","43.9","15","9","5","33","-27","8","4","0","4","0","0","0","0","0","0","0","0","0","37","0","0","0","0","0","0","0","-9.9","","0","0","0","0","0","0","0","37","0","0","0","0","0","0","43.9","42.6","0","0","1","0","0","1","0","0","2","1","0","3","2","0","6","0","1","9","0","0","0","0","0","0","1","0","0","1","0","2","0","0","0","0","0","0","0","0","0","0","0","0","0","0","0","0","0","0","0","0","0","0","0","2","3","1","0","0","0","clan-bulk-1.2","0","0","0"
"liga_klanow_2_2","Essa Bola VC vs Bullets 0:3","1297874","2026-09-18 19:00","Pavilhão Multiusos Essa Bola","Portugal II","1418","Essa Bola VC","","Kanik, Aleksander","1745290","4","-2","3","0","0","52.2","9","2","4","44","22","12","7","1","5","1","17","23","4","83","5","22","0","4","22","0","0","0","0","0","0","0","7.8","","0","0","0","0","0","0","4","22","0","0","2","0","0","2","52.2","46.6","0","0","0","0","2","2","0","0","1","0","0","1","2","0","1","0","0","3","0","0","0","0","0","0","2","0","0","0","1","3","0","0","0","0","0","0","5","5","5","4","19","1","0","0","0","0","0","1","0","0","0","0","0","3","2","1","1","0","0","clan-bulk-1.2","0","0","0"
"liga_klanow_2_2","Essa Bola VC vs Bullets 0:3","1297874","2026-09-18 19:00","Pavilhão Multiusos Essa Bola","Portugal II","1418","Essa Bola VC","","Ivanov, Iliyan","1904854","6","6","3","0","0","56.5","6","0","5","83","83","2","1","0","1","1","50","0","0","0","0","0","1","12","16","0","0","0","0","0","0","0","13.4","","0","0","0","0","0","0","12","16","1","0","9","0","0","3","56.5","49.5","1","0","0","0","0","1","0","0","0","0","0","0","0","0","0","0","0","0","4","0","0","0","1","5","0","0","0","0","0","0","0","0","0","0","0","0","0","0","0","0","0","0","0","0","0","0","0","1","0","0","0","0","0","2","0","4","2","0","0","clan-bulk-1.2","0","0","0"
"liga_klanow_2_2","Essa Bola VC vs Bullets 0:3","1297874","2026-09-18 19:00","Pavilhão Multiusos Essa Bola","Portugal II","1418","Essa Bola VC","","Nawrocki, Robert","2059813","0","-1","0","0","0","0","0","0","0","0","0","19","17","6","2","0","32","8","1","88","2","25","0","0","0","0","1","2","0","1","0","1","6.4","","0","1","0","0","0","0","0","0","0","0","0","0","0","0","0","0","0","0","0","0","0","0","0","0","0","0","0","0","0","0","0","0","0","0","0","0","0","0","0","0","0","0","0","0","0","0","0","1","0","0","1","2","2","2","2","1","7","6","0","0","0","0","0","0","0","0","0","0","0","0","0","0","0","0","0","clan-bulk-1.2","0","0","0"
"liga_klanow_2_2","Essa Bola VC vs Bullets 0:3","1297874","2026-09-18 19:00","Pavilhão Multiusos Essa Bola","BRIGADIRI II","1418","Bullets","","Mueller, Tim","1974557","2","2","5","0","2","66.5","0","0","0","0","0","5","3","1","2","1","40","0","0","0","0","0","0","6","11","22","3","29","13","10","3","3","7.2","","0","0","0","0","0","0","6","11","0","0","1","0","0","5","83.8","63.1","0","0","0","0","0","0","0","0","0","0","0","0","0","0","0","0","0","0","0","0","0","0","0","0","0","0","0","0","0","0","22","3","0","0","4","29","0","0","0","0","0","0","0","0","0","0","0","0","0","0","0","0","0","0","1","1","1","0","0","clan-bulk-1.2","0","0","0"
"liga_klanow_2_2","Essa Bola VC vs Bullets 0:3","1297874","2026-09-18 19:00","Pavilhão Multiusos Essa Bola","BRIGADIRI II","1418","Bullets","","Shishkov, Vasil","1929316","8","7","28","1","4","65.8","2","0","2","100","100","10","8","5","2","0","50","8","0","100","4","50","2","7","18","0","0","0","0","0","0","0","29.8","","0","1","0","0","0","0","7","18","2","1","4","0","0","3","68.6","57.2","0","0","0","0","0","0","0","0","0","0","0","0","2","0","0","0","0","2","0","0","0","0","0","0","0","0","0","0","0","0","0","0","0","0","0","0","0","0","0","0","0","0","0","0","0","0","0","0","0","0","0","0","0","2","0","4","5","0","0","clan-bulk-1.2","0","0","0"
"liga_klanow_2_2","Essa Bola VC vs Bullets 0:3","1297874","2026-09-18 19:00","Pavilhão Multiusos Essa Bola","BRIGADIRI II","1418","Bullets","","Blagoev, Borislav","1744776","44","44","6","0","1","73.7","25","0","23","92","92","4","2","0","2","1","25","0","0","0","0","0","20","42","53","0","0","0","0","0","0","0","127.8","","0","1","0","0","0","0","42","53","13","0","25","7","0","17","73.7","66.5","1","0","0","0","0","1","2","0","0","0","0","2","0","0","0","0","0","0","20","0","0","0","2","22","0","0","0","0","0","0","0","0","0","0","0","0","0","0","0","0","0","0","0","0","0","0","0","0","0","0","0","0","0","3","14","11","12","0","0","clan-bulk-1.2","0","0","0"
"liga_klanow_2_2","Essa Bola VC vs Bullets 0:3","1297874","2026-09-18 19:00","Pavilhão Multiusos Essa Bola","BRIGADIRI II","1418","Bullets","","Doutreleau, Patrice","2112036","3","1","6","0","1","87.9","3","2","0","0","-67","4","3","0","1","1","25","0","0","0","0","0","2","6","19","0","0","0","0","0","0","0","6.4","","0","0","0","0","0","0","6","19","1","0","4","1","0","2","121.2","73.6","0","0","0","0","0","0","0","0","2","0","0","2","0","0","0","0","1","1","0","0","0","0","0","0","0","0","0","0","0","0","0","0","0","0","0","0","0","0","0","0","0","0","0","0","0","0","0","0","0","0","0","0","0","1","0","2","0","0","0","clan-bulk-1.2","0","0","0"
"liga_klanow_2_2","Essa Bola VC vs Bullets 0:3","1297874","2026-09-18 19:00","Pavilhão Multiusos Essa Bola","BRIGADIRI II","1418","Bullets","","Kúnchev, Georgi","1929317","8","8","4","0","1","70.3","7","0","5","71","71","7","3","1","4","3","57","15","0","100","12","80","2","23","50","0","0","0","0","0","0","0","31.8","","0","0","0","0","0","0","23","50","1","0","16","1","0","7","70.3","58.5","1","0","0","0","0","1","0","0","0","0","0","0","4","0","0","0","0","4","0","0","0","0","0","0","0","0","0","0","2","2","0","0","0","0","0","0","0","0","0","0","0","0","0","0","0","0","0","0","0","0","0","0","0","3","3","2","2","0","0","clan-bulk-1.2","0","0","0"
"liga_klanow_2_2","Essa Bola VC vs Bullets 0:3","1297874","2026-09-18 19:00","Pavilhão Multiusos Essa Bola","BRIGADIRI II","1418","Bullets","","Falkowski, Dawid","1744779","11","9","6","1","1","66","10","1","7","70","60","2","1","0","1","1","50","0","0","0","0","0","3","11","17","0","0","0","0","0","0","0","23.9","","0","0","0","0","0","0","11","17","2","0","4","1","1","7","66","59.8","0","0","0","0","0","0","1","0","1","0","0","2","0","0","0","0","0","0","6","0","0","0","2","8","0","0","0","0","0","0","0","0","0","0","0","0","0","0","0","0","0","0","0","0","0","0","0","0","0","0","0","0","0","3","4","1","6","0","0","clan-bulk-1.2","0","0","0"
"liga_klanow_2_2","Essa Bola VC vs Bullets 0:3","1297874","2026-09-18 19:00","Pavilhão Multiusos Essa Bola","BRIGADIRI II","1418","Bullets","","Tortora, Italo","1950810","0","0","0","0","0","0","0","0","0","0","0","1","1","0","0","0","0","1","0","100","1","100","0","0","0","2","0","2","2","0","0","0","0.8","","0","0","0","0","0","0","0","0","0","0","0","0","0","0","0","0","0","0","0","0","0","0","0","0","0","0","0","0","0","0","0","0","0","0","0","0","0","0","0","0","0","0","0","0","0","0","2","0","0","0","0","2","0","0","0","0","0","0","0","0","0","0","0","0","0","0","0","0","0","0","0","0","0","0","0","clan-bulk-1.2","0","0","0"
"liga_klanow_2_2","Essa Bola VC vs Bullets 0:3","1297874","2026-09-18 19:00","Pavilhão Multiusos Essa Bola","BRIGADIRI II","1418","Bullets","","Bokov, Boris","2088597","2","2","10","0","0","108.8","2","0","2","100","100","0","0","0","0","0","0","0","0","0","0","0","0","0","2","0","0","0","0","0","0","0","4","","0","0","0","0","0","0","0","2","0","0","0","0","0","0","108.8","86.8","0","0","0","0","0","0","0","0","0","0","0","0","0","0","0","0","0","0","0","0","0","0","0","0","2","0","0","0","0","2","0","0","0","0","0","0","0","0","0","0","0","0","0","0","0","0","0","0","0","0","0","0","0","1","2","0","0","0","0","clan-bulk-1.2","0","0","0"
"liga_klanow_2_2","Essa Bola VC vs Bullets 0:3","1297874","2026-09-18 19:00","Pavilhão Multiusos Essa Bola","BRIGADIRI II","1418","Bullets","","Tapado, Hércules","1976400","1","0","8","1","1","92.5","0","0","0","0","0","4","2","2","2","2","100","0","0","0","0","0","0","1","4","13","0","17","15","2","0","0","4.4","","2","2","0","0","0","0","1","4","0","0","1","0","0","0","92.5","75","0","0","0","0","0","0","0","0","0","0","0","0","0","0","0","0","0","0","0","0","0","0","0","0","0","0","0","0","0","0","13","0","0","0","4","17","0","0","0","0","0","0","0","0","0","0","0","0","0","0","0","0","0","1","0","2","0","0","0","clan-bulk-1.2","0","0","0"
"liga_klanow_2_2","Essa Bola VC vs Bullets 0:3","1297874","2026-09-18 19:00","Pavilhão Multiusos Essa Bola","BRIGADIRI II","1418","Bullets","","Taskov, Stoyan","1865348","0","0","0","0","0","0","0","0","0","0","0","8","5","3","3","3","75","2","0","100","2","100","0","0","0","3","0","4","2","2","0","0","5.2","","1","1","0","0","0","0","0","0","0","0","0","0","0","0","0","0","0","0","0","0","0","0","0","0","0","0","0","0","0","0","0","0","0","0","0","0","0","0","0","0","0","0","0","0","0","0","3","0","0","0","1","4","0","0","0","0","0","0","0","0","0","0","0","0","0","0","0","0","0","0","0","0","0","0","0","clan-bulk-1.2","0","0","0"
"liga_klanow_2_2","Essa Bola VC vs Bullets 0:3","1297874","2026-09-18 19:00","Pavilhão Multiusos Essa Bola","BRIGADIRI II","1418","Bullets","","Kolczyński, Bartosz","1864906","5","5","0","0","0","0","3","0","1","33","33","3","1","0","2","2","67","0","0","0","0","0","4","14","36","0","0","0","0","0","0","0","14.8","","0","0","0","0","0","0","14","36","3","0","8","1","0","6","0","0","0","0","0","0","0","0","0","0","0","0","0","0","1","0","0","0","2","3","0","0","0","0","0","0","0","0","0","0","0","0","0","0","0","0","0","0","0","0","0","0","0","0","0","0","0","0","0","0","0","0","0","0","0","2","2","2","0","0","0","clan-bulk-1.2","0","0","0"
"liga_klanow_2_2","Matarroa VC vs Lupo Volley 0:3","1297875","2026-09-18 19:00","Matarroêses Arena","Portugal II","1418","Matarroa VC","","Soeiro, Augusto","1905822","2","2","10","0","1","53.4","0","0","0","0","0","12","6","2","6","3","42","0","0","0","0","0","1","11","24","10","18","57","3","16","25","13","8.8","{""sets"":[{""h"":12,""a"":25},{""h"":4,""a"":25},{""h"":16,""a"":25}],""parsedSets"":[{""rallies"":[{""type"":""end"",""score"":""12 : 25"",""txt"":""Koniec seta 0 : 1""},{""type"":""end"",""score"":""12 : 25"",""txt"":""Koniec seta 0 : 1""},{""type"":""rally"",""score"":""12 : 25"",""speed"":""58.4 km/h"",""res"":""Punkt: M. Szuniewicz""},{""type"":""rally"",""score"":""12 : 24"",""speed"":""68.5 km/h"",""res"":""Punkt: M. Szuniewicz""},{""type"":""tmo"",""score"":""12 : 23"",""txt"":""Czas: Matarroa VC""},{""type"":""rally"",""score"":""12 : 23"",""speed"":""51.4 km/h"",""res"":""Punkt: I. Atanasov""},{""type"":""rally"",""score"":""12 : 22"",""speed"":""62.0 km/h"",""res"":""Punkt: G. Iacopini""},{""type"":""rally"",""score"":""12 : 21"",""speed"":""60.7 km/h"",""res"":""Punkt: M. Szuniewicz""},{""type"":""rally"",""score"":""12 : 20"",""speed"":""43.4 km/h"",""res"":""Punkt: M. Szuniewicz""},{""type"":""rally"",""score"":""12 : 19"",""speed"":""-"",""res"":""Błąd: F. Jałocha""},{""type"":""rally"",""score"":""11 : 19"",""speed"":""58.6 km/h"",""res"":""Punkt: I. Atanasov""},{""type"":""rally"",""score"":""11 : 18"",""speed"":""48.2 km/h"",""res"":""Punkt: P. Candeias""},{""type"":""chg"",""score"":""10 : 18"",""txt"":""Zmiana: A. Laurenzio ⇄ P. Brych""},{""type"":""rally"",""score"":""10 : 18"",""speed"":""59.2 km/h"",""res"":""Punkt: F. Jałocha""},{""type"":""rally"",""score"":""10 : 17"",""speed"":""47.2 km/h"",""res"":""Punkt: L. Valente""},{""type"":""rally"",""score"":""9 : 17"",""speed"":""70.5 km/h"",""res"":""Punkt: G. Iacopini""},{""type"":""chg"",""score"":""9 : 16"",""txt"":""Zmiana: M. Szuniewicz ⇄ C. Vosalík""},{""type"":""tmo"",""score"":""9 : 16"",""txt"":""Czas: ""},{""type"":""rally"",""score"":""9 : 16"",""speed"":""51.3 km/h"",""res"":""Punkt: G. Iacopini""},{""type"":""rally"",""score"":""9 : 15"",""speed"":""46.4 km/h"",""res"":""Punkt: L. Valente""},{""type"":""rally"",""score"":""8 : 15"",""speed"":""72.0 km/h"",""res"":""Punkt: L. Valente""},{""type"":""chg"",""score"":""7 : 15"",""txt"":""Zmiana: I. Atanasov ⇄ K. Walczak""},{""type"":""rally"",""score"":""7 : 15"",""speed"":""47.0 km/h"",""res"":""Punkt: G. Iacopini""},{""type"":""rally"",""score"":""7 : 14"",""speed"":""54.0 km/h"",""res"":""Błąd: L. Valente""},{""type"":""rally"",""score"":""7 : 13"",""speed"":""57.1 km/h"",""res"":""Punkt: S. Coimbra""},{""type"":""chg"",""score"":""6 : 13"",""txt"":""Zmiana: F. Jałocha ⇄ A. Tatarek""},{""type"":""rally"",""score"":""6 : 13"",""speed"":""75.7 km/h"",""res"":""Punkt: P. Brych""},{""type"":""rally"",""score"":""6 : 12"",""speed"":""44.8 km/h"",""res"":""Punkt: A. Tatarek""},{""type"":""rally"",""score"":""6 : 11"",""speed"":""-"",""res"":""Błąd: K. Walczak""},{""type"":""rally"",""score"":""5 : 11"",""speed"":""57.5 km/h"",""res"":""Punkt: K. Walczak""},{""type"":""rally"",""score"":""5 : 10"",""speed"":""59.2 km/h"",""res"":""Punkt: P. Candeias""},{""type"":""rally"",""score"":""4 : 10"",""speed"":""47.2 km/h"",""res"":""Punkt: P. Candeias""},{""type"":""rally"",""score"":""3 : 10"",""speed"":""53.8 km/h"",""res"":""Punkt: K. Walczak""},{""type"":""rally"",""score"":""3 : 9"",""speed"":""47.6 km/h"",""res"":""Błąd: P. Candeias""},{""type"":""chg"",""score"":""3 : 8"",""txt"":""Zmiana: J. Cornell ⇄ C. Mielle""},{""type"":""tmo"",""score"":""3 : 8"",""txt"":""Czas: ""},{""type"":""rally"",""score"":""3 : 8"",""speed"":""47.2 km/h"",""res"":""Punkt: C. Vosalík""},{""type"":""rally"",""score"":""3 : 7"",""speed"":""64.0 km/h"",""res"":""Punkt: M. Jardin""},{""type"":""rally"",""score"":""3 : 6"",""speed"":""57.7 km/h"",""res"":""Punkt: C. Vosalík""},{""type"":""tmo"",""score"":""3 : 5"",""txt"":""Czas: Matarroa VC""},{""type"":""rally"",""score"":""3 : 5"",""speed"":""48.8 km/h"",""res"":""Punkt: C. Vosalík""},{""type"":""rally"",""score"":""3 : 4"",""speed"":""55.5 km/h"",""res"":""Punkt: C. Vosalík""},{""type"":""rally"",""score"":""3 : 3"",""speed"":""57.2 km/h"",""res"":""Punkt: K. Walczak""},{""type"":""rally"",""score"":""3 : 2"",""speed"":""63.1 km/h"",""res"":""Punkt: L. Valente""},{""type"":""rally"",""score"":""2 : 2"",""speed"":""46.6 km/h"",""res"":""Punkt: A. Tatarek""},{""type"":""rally"",""score"":""2 : 1"",""speed"":""-"",""res"":""Błąd: G. Iacopini""},{""type"":""rally"",""score"":""1 : 1"",""speed"":""53.4 km/h"",""res"":""Punkt: P. Brych""},{""type"":""rally"",""score"":""1 : 0"",""speed"":""51.4 km/h"",""res"":""Błąd: P. Brych""}]},{""rallies"":[{""type"":""end"",""score"":""4 : 25"",""txt"":""Koniec seta 0 : 2""},{""type"":""end"",""score"":""4 : 25"",""txt"":""Koniec seta 0 : 2""},{""type"":""rally"",""score"":""4 : 25"",""speed"":""58.7 km/h"",""res"":""Punkt: I. Atanasov""},{""type"":""rally"",""score"":""4 : 24"",""speed"":""55.2 km/h"",""res"":""Punkt: M. Szuniewicz""},{""type"":""rally"",""score"":""4 : 23"",""speed"":""68.1 km/h"",""res"":""Punkt: P. Nóbrega""},{""type"":""tmo"",""score"":""3 : 23"",""txt"":""Czas: Matarroa VC""},{""type"":""rally"",""score"":""3 : 23"",""speed"":""76.0 km/h"",""res"":""Punkt: F. Jałocha""},{""type"":""rally"",""score"":""3 : 22"",""speed"":""57.0 km/h"",""res"":""Punkt: I. Atanasov""},{""type"":""rally"",""score"":""3 : 21"",""speed"":""64.3 km/h"",""res"":""Punkt: M. Jardin""},{""type"":""rally"",""score"":""3 : 20"",""speed"":""61.7 km/h"",""res"":""Punkt: I. Atanasov""},{""type"":""rally"",""score"":""3 : 19"",""speed"":""50.3 km/h"",""res"":""Punkt: M. Szuniewicz""},{""type"":""chg"",""score"":""3 : 18"",""txt"":""Zmiana: A. Laurenzio ⇄ P. Brych""},{""type"":""rally"",""score"":""3 : 18"",""speed"":""82.2 km/h"",""res"":""Punkt: F. Jałocha""},{""type"":""rally"",""score"":""3 : 17"",""speed"":""57.4 km/h"",""res"":""Punkt: M. Szuniewicz""},{""type"":""chg"",""score"":""3 : 16"",""txt"":""Zmiana: M. Szuniewicz ⇄ C. Vosalík""},{""type"":""tmo"",""score"":""3 : 16"",""txt"":""Czas: ""},{""type"":""rally"",""score"":""3 : 16"",""speed"":""60.3 km/h"",""res"":""Punkt: C. Vosalík""},{""type"":""chg"",""score"":""3 : 15"",""txt"":""Zmiana: I. Atanasov ⇄ K. Walczak""},{""type"":""rally"",""score"":""3 : 15"",""speed"":""77.5 km/h"",""res"":""Błąd: P. Candeias""},{""type"":""rally"",""score"":""3 : 14"",""speed"":""44.5 km/h"",""res"":""Punkt: K. Walczak""},{""type"":""rally"",""score"":""3 : 13"",""speed"":""52.4 km/h"",""res"":""Punkt: P. Candeias""},{""type"":""chg"",""score"":""2 : 13"",""txt"":""Zmiana: F. Jałocha ⇄ A. Tatarek""},{""type"":""rally"",""score"":""2 : 13"",""speed"":""49.7 km/h"",""res"":""Punkt: C. Vosalík""},{""type"":""rally"",""score"":""2 : 12"",""speed"":""58.5 km/h"",""res"":""Błąd: S. Coimbra""},{""type"":""rally"",""score"":""2 : 11"",""speed"":""63.2 km/h"",""res"":""Punkt: K. Walczak""},{""type"":""rally"",""score"":""2 : 10"",""speed"":""72.4 km/h"",""res"":""Punkt: K. Walczak""},{""type"":""rally"",""score"":""2 : 9"",""speed"":""53.8 km/h"",""res"":""Punkt: A. Tatarek""},{""type"":""rally"",""score"":""2 : 8"",""speed"":""72.7 km/h"",""res"":""Punkt: L. Valente""},{""type"":""chg"",""score"":""1 : 8"",""txt"":""Zmiana: J. Cornell ⇄ C. Mielle""},{""type"":""tmo"",""score"":""1 : 8"",""txt"":""Czas: ""},{""type"":""rally"",""score"":""1 : 8"",""speed"":""62.7 km/h"",""res"":""Punkt: P. Brych""},{""type"":""tmo"",""score"":""1 : 7"",""txt"":""Czas: Matarroa VC""},{""type"":""rally"",""score"":""1 : 7"",""speed"":""62.7 km/h"",""res"":""Punkt: P. Brych""},{""type"":""rally"",""score"":""1 : 6"",""speed"":""73.0 km/h"",""res"":""Punkt: G. Iacopini""},{""type"":""rally"",""score"":""1 : 5"",""speed"":""47.8 km/h"",""res"":""Punkt: P. Brych""},{""type"":""rally"",""score"":""1 : 4"",""speed"":""69.5 km/h"",""res"":""Błąd: A. Tatarek""},{""type"":""rally"",""score"":""0 : 4"",""speed"":""77.6 km/h"",""res"":""Punkt: P. Brych""},{""type"":""rally"",""score"":""0 : 3"",""speed"":""69.8 km/h"",""res"":""Punkt: A. Tatarek""},{""type"":""rally"",""score"":""0 : 2"",""speed"":""74.5 km/h"",""res"":""Punkt: M. Jardin""},{""type"":""chg"",""score"":""0 : 1"",""txt"":""Zmiana: M. Barbosa ⇄ A. Soeiro""},{""type"":""rally"",""score"":""0 : 1"",""speed"":""70.5 km/h"",""res"":""Błąd: S. Coimbra""}]},{""rallies"":[{""type"":""end"",""score"":""16 : 25"",""txt"":""Koniec seta 0 : 3""},{""type"":""end"",""score"":""16 : 25"",""txt"":""Koniec seta 0 : 3""},{""type"":""rally"",""score"":""16 : 25"",""speed"":""58.2 km/h"",""res"":""Punkt: M. Szuniewicz""},{""type"":""rally"",""score"":""16 : 24"",""speed"":""62.6 km/h"",""res"":""Punkt: M. Szuniewicz""},{""type"":""tmo"",""score"":""16 : 23"",""txt"":""Czas: Matarroa VC""},{""type"":""rally"",""score"":""16 : 23"",""speed"":""52.8 km/h"",""res"":""Punkt: G. Iacopini""},{""type"":""rally"",""score"":""16 : 22"",""speed"":""-"",""res"":""Błąd: F. Jałocha""},{""type"":""rally"",""score"":""15 : 22"",""speed"":""66.6 km/h"",""res"":""Błąd: E. José""},{""type"":""rally"",""score"":""15 : 21"",""speed"":""51.5 km/h"",""res"":""Punkt: I. Atanasov""},{""type"":""rally"",""score"":""15 : 20"",""speed"":""60.5 km/h"",""res"":""Punkt: E. José""},{""type"":""rally"",""score"":""14 : 20"",""speed"":""51.2 km/h"",""res"":""Punkt: A. Laurenzio""},{""type"":""rally"",""score"":""14 : 19"",""speed"":""50.9 km/h"",""res"":""Punkt: E. José""},{""type"":""rally"",""score"":""13 : 19"",""speed"":""41.0 km/h"",""res"":""Błąd: G. Iacopini""},{""type"":""rally"",""score"":""12 : 19"",""speed"":""63.6 km/h"",""res"":""Błąd: G. Iacopini""},{""type"":""rally"",""score"":""11 : 19"",""speed"":""50.8 km/h"",""res"":""Punkt: F. Jałocha""},{""type"":""rally"",""score"":""11 : 18"",""speed"":""51.3 km/h"",""res"":""Punkt: A. Soeiro""},{""type"":""rally"",""score"":""10 : 18"",""speed"":""50.9 km/h"",""res"":""Błąd: I. Atanasov""},{""type"":""rally"",""score"":""9 : 18"",""speed"":""47.3 km/h"",""res"":""Punkt: E. José""},{""type"":""chg"",""score"":""8 : 18"",""txt"":""Zmiana: A. Laurenzio ⇄ P. Brych""},{""type"":""rally"",""score"":""8 : 18"",""speed"":""56.4 km/h"",""res"":""Punkt: M. Jardin""},{""type"":""rally"",""score"":""8 : 17"",""speed"":""58.5 km/h"",""res"":""Błąd: L. Valente""},{""type"":""chg"",""score"":""8 : 16"",""txt"":""Zmiana: M. Szuniewicz ⇄ C. Vosalík""},{""type"":""tmo"",""score"":""8 : 16"",""txt"":""Czas: ""},{""type"":""rally"",""score"":""8 : 16"",""speed"":""43.9 km/h"",""res"":""Punkt: P. Brych""},{""type"":""rally"",""score"":""8 : 15"",""speed"":""50.9 km/h"",""res"":""Punkt: B. Queirós""},{""type"":""rally"",""score"":""7 : 15"",""speed"":""-"",""res"":""Błąd: C. Vosalík""},{""type"":""chg"",""score"":""6 : 15"",""txt"":""Zmiana: I. Atanasov ⇄ K. Walczak""},{""type"":""rally"",""score"":""6 : 15"",""speed"":""53.2 km/h"",""res"":""Punkt: M. Jardin""},{""type"":""rally"",""score"":""6 : 14"",""speed"":""56.5 km/h"",""res"":""Punkt: E. José""},{""type"":""rally"",""score"":""5 : 14"",""speed"":""51.1 km/h"",""res"":""Punkt: F. Jałocha""},{""type"":""chg"",""score"":""5 : 13"",""txt"":""Zmiana: F. Jałocha ⇄ A. Tatarek""},{""type"":""rally"",""score"":""5 : 13"",""speed"":""50.1 km/h"",""res"":""Punkt: K. Walczak""},{""type"":""rally"",""score"":""5 : 12"",""speed"":""56.7 km/h"",""res"":""Punkt: C. Vosalík""},{""type"":""rally"",""score"":""5 : 11"",""speed"":""54.6 km/h"",""res"":""Błąd: E. José""},{""type"":""rally"",""score"":""5 : 10"",""speed"":""61.9 km/h"",""res"":""Punkt: M. Jardin""},{""type"":""rally"",""score"":""5 : 9"",""speed"":""47.6 km/h"",""res"":""Punkt: C. Vosalík""},{""type"":""chg"",""score"":""5 : 8"",""txt"":""Zmiana: J. Cornell ⇄ C. Mielle""},{""type"":""tmo"",""score"":""5 : 8"",""txt"":""Czas: ""},{""type"":""rally"",""score"":""5 : 8"",""speed"":""54.1 km/h"",""res"":""Błąd: P. Nóbrega""},{""type"":""rally"",""score"":""5 : 7"",""speed"":""49.5 km/h"",""res"":""Punkt: K. Walczak""},{""type"":""rally"",""score"":""5 : 6"",""speed"":""53.5 km/h"",""res"":""Punkt: M. Catão""},{""type"":""rally"",""score"":""4 : 6"",""speed"":""49.2 km/h"",""res"":""Punkt: C. Vosalík""},{""type"":""tmo"",""score"":""4 : 5"",""txt"":""Czas: Matarroa VC""},{""type"":""rally"",""score"":""4 : 5"",""speed"":""59.6 km/h"",""res"":""Punkt: C. Vosalík""},{""type"":""rally"",""score"":""4 : 4"",""speed"":""59.9 km/h"",""res"":""Punkt: C. Vosalík""},{""type"":""rally"",""score"":""4 : 3"",""speed"":""62.4 km/h"",""res"":""Punkt: K. Walczak""},{""type"":""rally"",""score"":""4 : 2"",""speed"":""66.7 km/h"",""res"":""Błąd: A. Tatarek""},{""type"":""rally"",""score"":""3 : 2"",""speed"":""56.1 km/h"",""res"":""Punkt: K. Walczak""},{""type"":""rally"",""score"":""3 : 1"",""speed"":""63.7 km/h"",""res"":""Punkt: M. Catão""},{""type"":""rally"",""score"":""2 : 1"",""speed"":""51.9 km/h"",""res"":""Błąd: E. José""},{""type"":""rally"",""score"":""2 : 0"",""speed"":""45.4 km/h"",""res"":""Punkt: L. Valente""},{""type"":""chg"",""score"":""1 : 0"",""txt"":""Zmiana: A. Mourinho ⇄ D. Camelier""},{""type"":""chg"",""score"":""1 : 0"",""txt"":""Zmiana: B. Queirós ⇄ S. Coimbra""},{""type"":""chg"",""score"":""1 : 0"",""txt"":""Zmiana: E. José ⇄ P. Candeias""},{""type"":""rally"",""score"":""1 : 0"",""speed"":""44.4 km/h"",""res"":""Punkt: L. Valente""}]}]}","0","1","0","0","0","0","11","24","0","0","3","1","1","8","53.4","49.7","0","0","0","0","0","0","0","0","0","0","0","0","0","0","0","0","0","0","0","0","0","0","0","0","0","0","0","0","0","0","10","18","6","4","19","57","0","0","0","0","0","2","0","0","0","0","0","3","0","0","0","0","0","1","0","0","1","0","0","clan-bulk-1.2","0","0","0"
"liga_klanow_2_2","Matarroa VC vs Lupo Volley 0:3","1297875","2026-09-18 19:00","Matarroêses Arena","Portugal II","1418","Matarroa VC","","Coimbra, Santos","2139859","2","-4","3","0","0","59.2","12","4","2","17","-17","11","7","0","4","1","9","11","2","82","1","9","0","2","12","0","0","0","0","0","0","0","-5","","1","1","0","0","0","0","2","12","0","0","0","0","0","2","59.2","51.2","0","1","0","1","5","7","1","0","1","0","0","2","0","0","0","0","0","0","0","0","0","0","0","0","0","1","1","0","1","3","0","0","0","0","0","0","0","3","3","3","9","0","0","0","0","0","0","1","0","0","0","0","0","2","1","2","0","0","0","clan-bulk-1.2","0","0","0"
"liga_klanow_2_2","Matarroa VC vs Lupo Volley 0:3","1297875","2026-09-18 19:00","Matarroêses Arena","Portugal II","1418","Matarroa VC","","Valente, Luciano","2004080","10","6","5","0","0","62.4","13","4","7","54","23","3","2","0","1","0","0","0","0","0","0","0","3","15","26","0","0","0","0","0","0","0","21.6","","0","0","0","0","0","0","15","26","1","0","7","2","0","8","62.4","56.7","1","0","0","0","2","3","0","1","1","1","0","3","0","0","0","0","0","0","5","1","1","0","0","7","0","0","0","0","0","0","0","0","0","0","0","0","0","0","0","0","0","0","0","0","0","0","0","0","0","0","0","0","0","3","5","1","3","0","0","clan-bulk-1.2","0","0","0"
"liga_klanow_2_2","Matarroa VC vs Lupo Volley 0:3","1297875","2026-09-18 19:00","Matarroêses Arena","Portugal II","1418","Matarroa VC","","Candeias, Perdigão","1950150","4","-3","4","0","1","57.5","14","7","3","21","-29","10","6","2","4","1","30","0","0","0","0","0","0","6","21","0","0","0","0","0","0","0","-5.3","","1","2","0","0","0","0","6","21","0","0","2","0","0","4","59.2","51.2","1","2","0","0","2","5","1","0","5","0","0","6","1","0","0","0","1","2","0","0","0","0","0","0","0","0","0","0","1","1","0","0","0","0","0","0","0","0","0","0","0","2","0","0","0","0","0","1","0","0","0","0","0","2","4","2","0","0","0","clan-bulk-1.2","0","0","0"
"liga_klanow_2_2","Matarroa VC vs Lupo Volley 0:3","1297875","2026-09-18 19:00","Matarroêses Arena","Portugal II","1418","Matarroa VC","","Catão, Márcio","1974906","6","-6","3","0","0","55.2","22","5","4","18","-5","9","2","0","7","4","44","35","7","80","5","14","2","10","46","0","0","0","0","0","0","0","6.3","","2","2","0","0","0","0","10","46","1","0","5","1","0","5","55.2","51.1","0","0","2","0","6","8","0","0","2","2","0","4","0","0","1","1","7","9","0","0","0","0","0","0","1","0","0","0","0","1","0","0","0","0","0","0","0","9","12","7","28","0","0","0","0","0","0","4","0","0","0","0","0","1","0","0","2","0","0","clan-bulk-1.2","0","0","0"
"liga_klanow_2_2","Matarroa VC vs Lupo Volley 0:3","1297875","2026-09-18 19:00","Matarroêses Arena","Portugal II","1418","Matarroa VC","","Nóbrega, Paulino","1975933","1","-8","3","0","0","54","11","9","1","9","-73","6","0","0","6","1","17","0","0","0","0","0","0","19","38","0","0","0","0","0","0","0","-25.7","","0","0","0","0","0","0","19","38","0","0","3","0","1","16","54","49.6","0","0","2","0","0","2","0","0","5","0","1","6","0","0","0","0","0","0","1","0","2","0","0","3","0","0","0","0","0","0","0","0","0","0","0","0","0","0","0","0","0","0","0","0","0","0","0","2","0","0","0","0","0","2","0","1","1","0","0","clan-bulk-1.2","0","0","0"
"liga_klanow_2_2","Matarroa VC vs Lupo Volley 0:3","1297875","2026-09-18 19:00","Matarroêses Arena","Portugal II","1418","Matarroa VC","","Camelier, Duílio","2060375","0","0","0","0","0","0","0","0","0","0","0","11","7","3","4","2","45","12","0","100","3","25","0","0","0","1","0","3","0","1","0","2","9.2","","1","1","0","0","0","0","0","0","0","0","0","0","0","0","0","0","0","0","0","0","0","0","0","0","0","0","0","0","0","0","0","0","0","0","0","0","0","0","0","0","0","0","0","0","0","0","1","0","0","0","2","3","1","3","7","1","12","3","0","0","0","0","0","2","0","0","0","0","0","0","0","0","0","0","0","clan-bulk-1.2","0","0","0"
"liga_klanow_2_2","Matarroa VC vs Lupo Volley 0:3","1297875","2026-09-18 19:00","Matarroêses Arena","Portugal II","1418","Matarroa VC","","Mourinho, Anacleto","2002854","0","0","0","0","0","0","0","0","0","0","0","6","5","2","1","1","50","4","0","100","0","0","0","0","0","1","0","2","0","1","1","0","3.6","","0","0","0","0","0","0","0","0","0","0","0","0","0","0","0","0","0","0","0","0","0","0","0","0","0","0","0","0","0","0","0","0","0","0","0","0","0","0","0","0","0","0","0","0","0","0","1","0","0","1","0","2","0","2","1","1","4","2","0","0","0","0","0","1","0","0","0","0","0","0","0","0","0","0","0","clan-bulk-1.2","0","0","0"
"liga_klanow_2_2","Matarroa VC vs Lupo Volley 0:3","1297875","2026-09-18 19:00","Matarroêses Arena","Portugal II","1418","Matarroa VC","","José, Edmundo","2004445","5","1","2","0","0","52.8","8","4","4","50","0","7","2","0","5","2","29","0","0","0","0","0","1","6","14","0","0","0","0","0","0","0","5.8","","1","1","0","0","0","0","6","14","1","0","3","0","1","3","52.8","51.2","1","0","0","0","0","1","0","0","3","1","0","4","1","1","0","0","0","2","0","0","0","0","0","0","1","0","0","0","0","1","0","0","0","0","0","0","0","0","0","0","0","0","0","0","0","0","0","4","0","0","0","0","0","1","0","0","7","0","0","clan-bulk-1.2","0","0","0"
"liga_klanow_2_2","Matarroa VC vs Lupo Volley 0:3","1297875","2026-09-18 19:00","Matarroêses Arena","Portugal II","1418","Matarroa VC","","Queirós, Binho","1927209","1","0","4","0","0","56.1","4","1","0","0","-25","6","4","0","2","1","17","6","0","100","1","17","1","3","6","0","0","0","0","0","0","0","4.7","","1","2","0","0","0","0","3","6","1","0","1","0","0","2","56.1","49.8","0","0","0","0","1","1","0","0","0","0","1","1","0","0","0","0","0","0","0","0","0","0","0","0","0","0","1","0","1","2","0","0","0","0","0","0","0","3","2","1","6","0","0","0","0","0","0","1","0","0","0","0","0","0","0","0","1","0","0","clan-bulk-1.2","0","0","0"
"liga_klanow_2_2","Matarroa VC vs Lupo Volley 0:3","1297875","2026-09-18 19:00","Matarroêses Arena","Portugal II","1418","Matarroa VC","","Barbosa, Márcio","1865446","0","0","0","0","0","0","0","0","0","0","0","3","1","0","2","0","0","0","0","0","0","0","0","1","5","3","9","22","1","5","8","8","0","","0","0","0","0","0","0","1","5","0","0","1","0","0","0","0","0","0","0","0","0","0","0","0","0","0","0","0","0","0","0","0","0","0","0","0","0","0","0","0","0","0","0","0","0","0","0","3","9","0","2","8","22","0","0","0","0","0","0","0","0","0","0","0","0","0","0","0","0","0","0","0","0","0","0","0","clan-bulk-1.2","0","0","0"
"liga_klanow_2_2","Matarroa VC vs Lupo Volley 0:3","1297875","2026-09-18 19:00","Matarroêses Arena","BRIGADIRI II","1418","Lupo Volley","","Jardin, Michel","1865437","6","6","10","0","2","77.6","4","0","0","0","0","10","5","0","5","2","20","0","0","0","0","0","4","31","52","36","7","62","22","17","16","7","18.8","","1","3","0","0","0","0","31","52","4","1","22","0","0","9","77.6","64.3","0","0","0","0","4","4","0","0","0","0","0","0","0","0","0","0","0","0","0","0","0","0","0","0","0","0","0","0","0","0","36","7","3","5","11","62","0","0","0","0","0","0","0","0","0","0","0","0","0","0","0","0","0","3","1","2","3","0","0","clan-bulk-1.2","0","0","0"
"liga_klanow_2_2","Matarroa VC vs Lupo Volley 0:3","1297875","2026-09-18 19:00","Matarroêses Arena","BRIGADIRI II","1418","Lupo Volley","","Iacopini, Gastone","1903445","7","4","9","1","2","72.7","5","2","2","40","0","11","3","2","8","5","64","14","0","100","11","79","3","24","40","0","0","0","0","0","0","0","28.6","","3","3","0","0","0","0","24","40","2","1","14","1","0","10","73","64.5","0","1","1","0","0","2","0","0","0","0","0","0","1","0","0","0","0","1","0","0","0","0","0","0","1","0","0","0","1","2","0","0","0","0","0","0","0","0","0","0","0","0","0","0","0","0","0","0","0","0","0","0","0","3","5","1","3","0","0","clan-bulk-1.2","0","0","0"
"liga_klanow_2_2","Matarroa VC vs Lupo Volley 0:3","1297875","2026-09-18 19:00","Matarroêses Arena","BRIGADIRI II","1418","Lupo Volley","","Brych, Piotr","1975841","8","6","7","0","0","72.4","9","2","4","44","22","0","0","0","0","0","0","0","0","0","0","0","4","18","24","0","1","1","0","0","1","0","17","","0","0","0","0","0","0","18","24","3","1","12","1","0","6","72.4","60.9","0","1","0","0","1","2","0","0","1","0","1","2","0","0","0","0","0","0","4","0","0","0","1","5","0","0","0","0","0","0","0","1","0","0","0","1","0","0","0","0","0","0","0","0","0","0","0","0","0","0","0","0","0","3","3","4","1","0","0","clan-bulk-1.2","0","0","0"
"liga_klanow_2_2","Matarroa VC vs Lupo Volley 0:3","1297875","2026-09-18 19:00","Matarroêses Arena","BRIGADIRI II","1418","Lupo Volley","","Tatarek, Artur","1709329","4","1","12","0","0","64","9","3","4","44","11","1","1","0","0","0","0","0","0","0","0","0","0","10","22","0","0","0","0","0","0","0","3.5","","0","0","0","0","0","0","10","22","0","0","8","0","0","2","64","53.7","1","1","0","0","0","2","0","0","0","0","0","0","3","1","1","0","2","7","0","0","0","0","0","0","0","0","0","0","0","0","0","0","0","0","0","0","0","0","0","0","0","0","0","0","0","0","0","0","0","0","0","0","0","3","2","3","1","0","0","clan-bulk-1.2","0","0","0"
"liga_klanow_2_2","Matarroa VC vs Lupo Volley 0:3","1297875","2026-09-18 19:00","Matarroêses Arena","BRIGADIRI II","1418","Lupo Volley","","Walczak, Kamil","1865536","11","7","9","1","1","61.9","12","2","8","67","50","4","3","3","1","1","100","8","1","88","6","75","2","22","30","0","0","0","0","0","0","0","37","","0","0","0","0","0","0","22","30","2","0","20","0","0","2","61.9","54.1","0","0","0","0","1","1","0","0","2","1","0","3","7","0","0","0","1","8","0","0","0","0","0","0","0","0","0","0","0","0","0","0","0","0","0","0","0","0","0","0","0","0","0","0","0","0","0","0","0","0","0","0","0","3","4","3","4","0","0","clan-bulk-1.2","0","0","0"
"liga_klanow_2_2","Matarroa VC vs Lupo Volley 0:3","1297875","2026-09-18 19:00","Matarroêses Arena","BRIGADIRI II","1418","Lupo Volley","","Vosalík, Ctirad","1904827","16","14","3","1","0","75.7","8","1","5","63","50","3","1","0","2","2","67","0","0","0","0","0","11","26","38","0","0","0","0","0","0","0","41.3","","1","1","0","0","0","0","26","38","7","1","19","4","0","7","75.7","66.4","1","0","0","0","0","1","0","0","1","1","0","2","0","0","0","0","0","0","3","0","0","0","2","5","0","0","0","0","0","0","0","0","0","0","0","0","0","0","0","0","0","0","0","0","0","0","0","0","0","0","0","0","0","3","4","2","6","0","0","clan-bulk-1.2","0","0","0"
"liga_klanow_2_2","Matarroa VC vs Lupo Volley 0:3","1297875","2026-09-18 19:00","Matarroêses Arena","BRIGADIRI II","1418","Lupo Volley","","Mielle, Claude","1927102","0","0","0","0","0","0","0","0","0","0","0","7","2","2","5","5","100","2","0","100","0","0","0","0","0","0","0","0","0","0","0","0","4.4","","5","5","0","0","0","0","0","0","0","0","0","0","0","0","0","0","0","0","0","0","0","0","0","0","0","0","0","0","0","0","0","0","0","0","0","0","0","0","0","0","0","0","0","0","0","0","0","0","0","0","0","0","0","0","0","0","0","0","0","0","0","0","0","0","0","0","0","0","0","0","0","0","0","0","0","clan-bulk-1.2","0","0","0"
"liga_klanow_2_2","Matarroa VC vs Lupo Volley 0:3","1297875","2026-09-18 19:00","Matarroêses Arena","BRIGADIRI II","1418","Lupo Volley","","Jałocha, Filip","1865669","5","3","13","2","2","77.5","4","0","3","75","75","5","2","2","3","2","80","0","0","0","0","0","0","3","10","0","0","0","0","0","0","0","12.4","","2","2","0","0","0","0","3","10","0","0","2","0","0","1","82.2","65.6","1","0","0","0","1","2","0","0","0","0","0","0","1","0","0","0","0","1","0","0","0","0","0","0","1","0","0","0","0","1","0","0","0","0","0","0","0","0","0","0","0","0","0","0","0","0","0","0","0","0","0","0","0","3","2","2","3","0","0","clan-bulk-1.2","0","0","0"
"liga_klanow_2_2","Matarroa VC vs Lupo Volley 0:3","1297875","2026-09-18 19:00","Matarroêses Arena","BRIGADIRI II","1418","Lupo Volley","","Atanasov, Iliyan","1865327","7","6","8","0","2","68.5","4","1","3","75","50","2","0","0","2","2","100","3","0","100","2","67","2","10","14","0","0","0","0","0","0","0","19.3","","1","1","0","0","0","0","10","14","2","0","7","0","0","3","68.5","60.1","0","0","0","0","0","0","0","0","0","1","0","1","2","0","0","0","0","2","0","0","0","0","0","0","0","1","0","0","0","1","0","0","0","0","0","0","0","0","0","0","0","0","0","0","0","0","0","0","0","0","0","0","0","3","2","3","2","0","0","clan-bulk-1.2","0","0","0"
"liga_klanow_2_2","Matarroa VC vs Lupo Volley 0:3","1297875","2026-09-18 19:00","Matarroêses Arena","BRIGADIRI II","1418","Lupo Volley","","Cornell, John","1926990","0","-1","0","0","0","0","0","0","0","0","0","11","7","4","4","4","73","7","1","86","3","43","0","0","0","0","0","1","0","1","0","0","6.4","","3","3","0","0","0","0","0","0","0","0","0","0","0","0","0","0","0","0","0","0","0","0","0","0","0","0","0","0","0","0","0","0","0","0","0","0","0","0","0","0","0","0","0","0","0","0","0","0","0","0","1","1","0","0","0","0","0","0","0","0","0","0","0","0","0","0","0","0","0","0","0","0","0","0","0","clan-bulk-1.2","0","0","0"
"liga_klanow_2_2","Matarroa VC vs Lupo Volley 0:3","1297875","2026-09-18 19:00","Matarroêses Arena","BRIGADIRI II","1418","Lupo Volley","","Laurenzio, Antonello","1927466","1","0","2","0","0","60.5","2","1","1","50","0","2","1","0","1","0","0","0","0","0","0","0","0","3","3","0","0","0","0","0","0","0","0.5","","0","1","0","0","0","0","3","3","0","1","2","0","1","1","60.5","54.4","0","0","0","0","0","0","1","0","1","0","0","2","0","0","0","0","0","0","0","0","0","0","0","0","0","0","0","0","0","0","0","0","0","0","0","0","0","0","0","0","0","0","0","0","0","0","0","0","0","0","0","0","0","0","0","0","1","0","0","clan-bulk-1.2","0","0","0"
"liga_klanow_2_2","Matarroa VC vs Lupo Volley 0:3","1297875","2026-09-18 19:00","Matarroêses Arena","BRIGADIRI II","1418","Lupo Volley","","Szuniewicz, Michał","1709530","10","9","0","0","0","0","11","1","9","82","73","0","0","0","0","0","0","0","0","0","0","0","1","13","19","0","0","0","0","0","0","0","34.1","","0","0","0","0","0","0","13","19","0","0","9","1","0","4","0","0","0","0","0","0","0","0","0","0","1","0","0","1","0","0","0","0","0","0","9","0","0","0","1","10","0","0","0","0","0","0","0","0","0","0","0","0","0","0","0","0","0","0","0","0","0","0","0","0","0","0","0","0","0","3","4","3","2","0","0","clan-bulk-1.2","0","0","0"
"liga_klanow_2_2","JORI Dragons vs Ghrum 3:0","1297876","2026-09-18 19:00","Dragons HALL","ORIGIN","1419","JORI Dragons","","Steć, Aleksander","1928515","0","-3","17","3","0","75.4","0","0","0","0","0","14","8","1","6","6","50","0","0","0","0","0","0","5","29","33","1","50","18","24","7","1","0.2","{""sets"":[{""h"":25,""a"":13},{""h"":25,""a"":7},{""h"":25,""a"":15}],""parsedSets"":[{""rallies"":[{""type"":""end"",""score"":""25 : 13"",""txt"":""Koniec seta 1 : 0""},{""type"":""end"",""score"":""25 : 13"",""txt"":""Koniec seta 1 : 0""},{""type"":""rally"",""score"":""25 : 13"",""speed"":""55.9 km/h"",""res"":""Punkt: M. Mulec""},{""type"":""rally"",""score"":""24 : 13"",""speed"":""58.4 km/h"",""res"":""Punkt: J. Pałasz""},{""type"":""rally"",""score"":""23 : 13"",""speed"":""52.0 km/h"",""res"":""Punkt: M. Mulec""},{""type"":""tmo"",""score"":""22 : 13"",""txt"":""Czas: JORI Dragons""},{""type"":""rally"",""score"":""22 : 13"",""speed"":""56.1 km/h"",""res"":""Punkt: J. Pałasz""},{""type"":""rally"",""score"":""21 : 13"",""speed"":""50.4 km/h"",""res"":""Punkt: L. Barkoulis""},{""type"":""rally"",""score"":""21 : 12"",""speed"":""49.4 km/h"",""res"":""Punkt: J. Pałasz""},{""type"":""rally"",""score"":""20 : 12"",""speed"":""51.0 km/h"",""res"":""Punkt: J. Pałasz""},{""type"":""rally"",""score"":""19 : 12"",""speed"":""52.7 km/h"",""res"":""Punkt: L. Barkoulis""},{""type"":""rally"",""score"":""19 : 11"",""speed"":""76.1 km/h"",""res"":""Punkt: R. Brianceau""},{""type"":""rally"",""score"":""18 : 11"",""speed"":""47.5 km/h"",""res"":""Punkt: M. Buonfantino""},{""type"":""rally"",""score"":""18 : 10"",""speed"":""55.8 km/h"",""res"":""Punkt: I. Milanov""},{""type"":""rally"",""score"":""17 : 10"",""speed"":""51.8 km/h"",""res"":""Punkt: M. Buonfantino""},{""type"":""tmo"",""score"":""17 : 9"",""txt"":""Czas: Ghrum""},{""type"":""rally"",""score"":""17 : 9"",""speed"":""56.9 km/h"",""res"":""Punkt: I. Donev""},{""type"":""tmo"",""score"":""16 : 9"",""txt"":""Czas: ""},{""type"":""rally"",""score"":""16 : 9"",""speed"":""65.1 km/h"",""res"":""Punkt: R. Brianceau""},{""type"":""rally"",""score"":""15 : 9"",""speed"":""66.7 km/h"",""res"":""Punkt: R. Brianceau""},{""type"":""rally"",""score"":""14 : 9"",""speed"":""43.1 km/h"",""res"":""Błąd: P. Zieliński""},{""type"":""rally"",""score"":""13 : 9"",""speed"":""56.0 km/h"",""res"":""Punkt: M. Buonfantino""},{""type"":""rally"",""score"":""13 : 8"",""speed"":""68.3 km/h"",""res"":""Punkt: J. Pałasz""},{""type"":""rally"",""score"":""12 : 8"",""speed"":""63.9 km/h"",""res"":""Punkt: L. Barkoulis""},{""type"":""rally"",""score"":""12 : 7"",""speed"":""53.3 km/h"",""res"":""Punkt: J. Pałasz""},{""type"":""rally"",""score"":""11 : 7"",""speed"":""-"",""res"":""Błąd: A. Steć""},{""type"":""tmo"",""score"":""11 : 6"",""txt"":""Czas: JORI Dragons""},{""type"":""rally"",""score"":""11 : 6"",""speed"":""75.4 km/h"",""res"":""Punkt: J. Pałasz""},{""type"":""chg"",""score"":""10 : 6"",""txt"":""Zmiana: I. Milanov ⇄ S. Lefeuvre""},{""type"":""rally"",""score"":""10 : 6"",""speed"":""57.2 km/h"",""res"":""Punkt: J. Pałasz""},{""type"":""rally"",""score"":""9 : 6"",""speed"":""58.3 km/h"",""res"":""Punkt: J. Tartière""},{""type"":""rally"",""score"":""9 : 5"",""speed"":""65.0 km/h"",""res"":""Punkt: R. Brianceau""},{""type"":""rally"",""score"":""8 : 5"",""speed"":""47.5 km/h"",""res"":""Punkt: M. Buonfantino""},{""type"":""chg"",""score"":""8 : 4"",""txt"":""Zmiana: R. Brianceau ⇄ P. Borja""},{""type"":""tmo"",""score"":""8 : 4"",""txt"":""Czas: ""},{""type"":""rally"",""score"":""8 : 4"",""speed"":""54.1 km/h"",""res"":""Punkt: I. Donev""},{""type"":""rally"",""score"":""7 : 4"",""speed"":""51.4 km/h"",""res"":""Punkt: M. Mulec""},{""type"":""rally"",""score"":""6 : 4"",""speed"":""56.8 km/h"",""res"":""Punkt: M. Buonfantino""},{""type"":""rally"",""score"":""6 : 3"",""speed"":""41.2 km/h"",""res"":""Punkt: M. Mulec""},{""type"":""rally"",""score"":""5 : 3"",""speed"":""44.9 km/h"",""res"":""Błąd: I. Donev""},{""type"":""rally"",""score"":""5 : 2"",""speed"":""51.7 km/h"",""res"":""Punkt: J. Pałasz""},{""type"":""rally"",""score"":""4 : 2"",""speed"":""59.3 km/h"",""res"":""Punkt: P. Zieliński""},{""type"":""rally"",""score"":""4 : 1"",""speed"":""63.3 km/h"",""res"":""Punkt: J. Pałasz""},{""type"":""rally"",""score"":""3 : 1"",""speed"":""43.6 km/h"",""res"":""Punkt: L. Barkoulis""},{""type"":""rally"",""score"":""3 : 0"",""speed"":""57.5 km/h"",""res"":""Punkt: J. Pałasz""},{""type"":""rally"",""score"":""2 : 0"",""speed"":""61.7 km/h"",""res"":""Punkt: J. Pałasz""},{""type"":""rally"",""score"":""1 : 0"",""speed"":""66.0 km/h"",""res"":""Punkt: J. Pałasz""}]},{""rallies"":[{""type"":""end"",""score"":""25 : 7"",""txt"":""Koniec seta 2 : 0""},{""type"":""end"",""score"":""25 : 7"",""txt"":""Koniec seta 2 : 0""},{""type"":""rally"",""score"":""25 : 7"",""speed"":""49.3 km/h"",""res"":""Punkt: R. Brianceau""},{""type"":""rally"",""score"":""24 : 7"",""speed"":""61.8 km/h"",""res"":""Punkt: M. Mulec""},{""type"":""rally"",""score"":""23 : 7"",""speed"":""56.7 km/h"",""res"":""Punkt: R. Brianceau""},{""type"":""tmo"",""score"":""22 : 7"",""txt"":""Czas: JORI Dragons""},{""type"":""rally"",""score"":""22 : 7"",""speed"":""52.7 km/h"",""res"":""Punkt: R. Brianceau""},{""type"":""rally"",""score"":""21 : 7"",""speed"":""60.4 km/h"",""res"":""Punkt: R. Brianceau""},{""type"":""rally"",""score"":""20 : 7"",""speed"":""61.9 km/h"",""res"":""Punkt: R. Brianceau""},{""type"":""rally"",""score"":""19 : 7"",""speed"":""68.1 km/h"",""res"":""Punkt: L. Barkoulis""},{""type"":""rally"",""score"":""19 : 6"",""speed"":""45.9 km/h"",""res"":""Punkt: I. Milanov""},{""type"":""rally"",""score"":""18 : 6"",""speed"":""61.3 km/h"",""res"":""Punkt: L. Barkoulis""},{""type"":""rally"",""score"":""18 : 5"",""speed"":""-"",""res"":""Błąd: M. Buonfantino""},{""type"":""rally"",""score"":""17 : 5"",""speed"":""61.5 km/h"",""res"":""Punkt: C. Andriolo""},{""type"":""rally"",""score"":""17 : 4"",""speed"":""44.3 km/h"",""res"":""Punkt: I. Milanov""},{""type"":""rally"",""score"":""16 : 4"",""speed"":""58.0 km/h"",""res"":""Punkt: M. Buonfantino""},{""type"":""tmo"",""score"":""16 : 3"",""txt"":""Czas: ""},{""type"":""rally"",""score"":""16 : 3"",""speed"":""59.2 km/h"",""res"":""Punkt: I. Donev""},{""type"":""rally"",""score"":""15 : 3"",""speed"":""48.6 km/h"",""res"":""Punkt: R. Brianceau""},{""type"":""rally"",""score"":""14 : 3"",""speed"":""43.5 km/h"",""res"":""Punkt: I. Milanov""},{""type"":""rally"",""score"":""13 : 3"",""speed"":""-"",""res"":""Błąd: R. Brianceau""},{""type"":""tmo"",""score"":""13 : 2"",""txt"":""Czas: Ghrum""},{""type"":""rally"",""score"":""13 : 2"",""speed"":""62.5 km/h"",""res"":""Punkt: R. Brianceau""},{""type"":""rally"",""score"":""12 : 2"",""speed"":""62.1 km/h"",""res"":""Punkt: I. Donev""},{""type"":""tmo"",""score"":""11 : 2"",""txt"":""Czas: JORI Dragons""},{""type"":""rally"",""score"":""11 : 2"",""speed"":""58.4 km/h"",""res"":""Punkt: R. Brianceau""},{""type"":""rally"",""score"":""10 : 2"",""speed"":""49.3 km/h"",""res"":""Punkt: L. Barkoulis""},{""type"":""chg"",""score"":""10 : 1"",""txt"":""Zmiana: I. Milanov ⇄ S. Lefeuvre""},{""type"":""rally"",""score"":""10 : 1"",""speed"":""62.5 km/h"",""res"":""Punkt: I. Donev""},{""type"":""rally"",""score"":""9 : 1"",""speed"":""59.6 km/h"",""res"":""Punkt: R. Brianceau""},{""type"":""chg"",""score"":""8 : 1"",""txt"":""Zmiana: R. Brianceau ⇄ P. Borja""},{""type"":""tmo"",""score"":""8 : 1"",""txt"":""Czas: ""},{""type"":""rally"",""score"":""8 : 1"",""speed"":""45.5 km/h"",""res"":""Punkt: M. Mulec""},{""type"":""rally"",""score"":""7 : 1"",""speed"":""53.3 km/h"",""res"":""Punkt: I. Donev""},{""type"":""rally"",""score"":""6 : 1"",""speed"":""53.6 km/h"",""res"":""Punkt: P. Borja""},{""type"":""rally"",""score"":""5 : 1"",""speed"":""58.9 km/h"",""res"":""Punkt: M. Mulec""},{""type"":""rally"",""score"":""4 : 1"",""speed"":""54.2 km/h"",""res"":""Punkt: J. Pałasz""},{""type"":""rally"",""score"":""3 : 1"",""speed"":""62.4 km/h"",""res"":""Punkt: L. Barkoulis""},{""type"":""rally"",""score"":""3 : 0"",""speed"":""59.9 km/h"",""res"":""Punkt: P. Borja""},{""type"":""rally"",""score"":""2 : 0"",""speed"":""56.8 km/h"",""res"":""Punkt: M. Mulec""},{""type"":""rally"",""score"":""1 : 0"",""speed"":""58.2 km/h"",""res"":""Punkt: S. Lefeuvre""}]},{""rallies"":[{""type"":""end"",""score"":""25 : 15"",""txt"":""Koniec seta 3 : 0""},{""type"":""end"",""score"":""25 : 15"",""txt"":""Koniec seta 3 : 0""},{""type"":""rally"",""score"":""25 : 15"",""speed"":""-"",""res"":""Błąd: M. Buonfantino""},{""type"":""rally"",""score"":""24 : 15"",""speed"":""45.0 km/h"",""res"":""Punkt: C. Andriolo""},{""type"":""rally"",""score"":""24 : 14"",""speed"":""57.7 km/h"",""res"":""Punkt: M. Mulec""},{""type"":""rally"",""score"":""23 : 14"",""speed"":""55.3 km/h"",""res"":""Punkt: J. Tartière""},{""type"":""rally"",""score"":""23 : 13"",""speed"":""-"",""res"":""Błąd: R. Brianceau""},{""type"":""rally"",""score"":""23 : 12"",""speed"":""54.1 km/h"",""res"":""Punkt: I. Donev""},{""type"":""tmo"",""score"":""22 : 12"",""txt"":""Czas: JORI Dragons""},{""type"":""rally"",""score"":""22 : 12"",""speed"":""61.4 km/h"",""res"":""Punkt: M. Mulec""},{""type"":""rally"",""score"":""21 : 12"",""speed"":""65.6 km/h"",""res"":""Błąd: M. Buonfantino""},{""type"":""rally"",""score"":""20 : 12"",""speed"":""41.9 km/h"",""res"":""Punkt: I. Donev""},{""type"":""rally"",""score"":""19 : 12"",""speed"":""52.5 km/h"",""res"":""Punkt: M. Buonfantino""},{""type"":""rally"",""score"":""19 : 11"",""speed"":""56.7 km/h"",""res"":""Punkt: J. Pałasz""},{""type"":""rally"",""score"":""18 : 11"",""speed"":""71.1 km/h"",""res"":""Punkt: L. Barkoulis""},{""type"":""rally"",""score"":""18 : 10"",""speed"":""71.2 km/h"",""res"":""Punkt: R. Brianceau""},{""type"":""tmo"",""score"":""17 : 10"",""txt"":""Czas: Ghrum""},{""type"":""rally"",""score"":""17 : 10"",""speed"":""58.5 km/h"",""res"":""Punkt: R. Brianceau""},{""type"":""tmo"",""score"":""16 : 10"",""txt"":""Czas: ""},{""type"":""rally"",""score"":""16 : 10"",""speed"":""62.0 km/h"",""res"":""Punkt: R. Brianceau""},{""type"":""rally"",""score"":""15 : 10"",""speed"":""65.3 km/h"",""res"":""Punkt: J. Pałasz""},{""type"":""rally"",""score"":""14 : 10"",""speed"":""47.2 km/h"",""res"":""Punkt: J. Pałasz""},{""type"":""rally"",""score"":""13 : 10"",""speed"":""-"",""res"":""Błąd: A. Steć""},{""type"":""rally"",""score"":""13 : 9"",""speed"":""60.2 km/h"",""res"":""Punkt: J. Pałasz""},{""type"":""rally"",""score"":""12 : 9"",""speed"":""52.7 km/h"",""res"":""Punkt: J. Tartière""},{""type"":""rally"",""score"":""12 : 8"",""speed"":""48.0 km/h"",""res"":""Błąd: M. Mulec""},{""type"":""rally"",""score"":""12 : 7"",""speed"":""59.7 km/h"",""res"":""Punkt: J. Tartière""},{""type"":""rally"",""score"":""12 : 6"",""speed"":""-"",""res"":""Błąd: M. Buonfantino""},{""type"":""rally"",""score"":""11 : 6"",""speed"":""59.9 km/h"",""res"":""Punkt: M. Buonfantino""},{""type"":""tmo"",""score"":""11 : 5"",""txt"":""Czas: JORI Dragons""},{""type"":""rally"",""score"":""11 : 5"",""speed"":""61.1 km/h"",""res"":""Punkt: I. Donev""},{""type"":""rally"",""score"":""10 : 5"",""speed"":""75.6 km/h"",""res"":""Punkt: M. Buonfantino""},{""type"":""chg"",""score"":""10 : 4"",""txt"":""Zmiana: I. Milanov ⇄ S. Lefeuvre""},{""type"":""rally"",""score"":""10 : 4"",""speed"":""45.5 km/h"",""res"":""Punkt: R. Brianceau""},{""type"":""rally"",""score"":""9 : 4"",""speed"":""55.4 km/h"",""res"":""Punkt: J. Tartière""},{""type"":""rally"",""score"":""9 : 3"",""speed"":""59.3 km/h"",""res"":""Punkt: M. Mulec""},{""type"":""rally"",""score"":""8 : 3"",""speed"":""74.5 km/h"",""res"":""Punkt: J. Tartière""},{""type"":""rally"",""score"":""8 : 2"",""speed"":""51.0 km/h"",""res"":""Punkt: L. Barkoulis""},{""type"":""chg"",""score"":""8 : 1"",""txt"":""Zmiana: R. Brianceau ⇄ P. Borja""},{""type"":""tmo"",""score"":""8 : 1"",""txt"":""Czas: ""},{""type"":""rally"",""score"":""8 : 1"",""speed"":""62.9 km/h"",""res"":""Punkt: J. Pałasz""},{""type"":""rally"",""score"":""7 : 1"",""speed"":""58.4 km/h"",""res"":""Punkt: J. Pałasz""},{""type"":""rally"",""score"":""6 : 1"",""speed"":""-"",""res"":""Błąd: A. Steć""},{""type"":""rally"",""score"":""6 : 0"",""speed"":""65.4 km/h"",""res"":""Punkt: J. Pałasz""},{""type"":""rally"",""score"":""5 : 0"",""speed"":""68.5 km/h"",""res"":""Punkt: J. Pałasz""},{""type"":""rally"",""score"":""4 : 0"",""speed"":""67.6 km/h"",""res"":""Punkt: J. Pałasz""},{""type"":""rally"",""score"":""3 : 0"",""speed"":""62.2 km/h"",""res"":""Punkt: S. Lefeuvre""},{""type"":""rally"",""score"":""2 : 0"",""speed"":""58.5 km/h"",""res"":""Punkt: J. Pałasz""},{""type"":""rally"",""score"":""1 : 0"",""speed"":""64.3 km/h"",""res"":""Punkt: J. Pałasz""}]}]}","1","1","0","0","0","0","5","29","0","0","4","0","0","1","75.4","60.8","0","0","0","0","0","0","0","0","0","0","0","0","0","0","0","0","0","0","0","0","0","0","0","0","0","0","0","0","0","0","33","1","1","0","15","50","0","0","0","0","0","0","0","0","0","0","0","0","0","0","0","0","0","2","1","0","2","0","0","clan-bulk-1.2","0","0","0"
"liga_klanow_2_2","JORI Dragons vs Ghrum 3:0","1297876","2026-09-18 19:00","Dragons HALL","ORIGIN","1419","JORI Dragons","","Lefeuvre, Stéphane","1950883","3","3","6","0","0","62.9","1","0","0","0","0","5","2","1","3","3","80","1","0","100","1","100","3","11","19","0","0","0","0","0","0","0","11.8","","1","1","0","0","0","0","11","19","2","1","8","1","0","3","62.9","58.7","0","0","0","0","1","1","0","0","0","0","0","0","0","0","0","0","0","0","0","0","0","0","0","0","0","0","0","0","0","0","0","0","0","0","0","0","0","0","0","0","0","0","0","0","0","0","0","0","0","0","0","0","0","2","0","1","1","0","0","clan-bulk-1.2","0","0","0"
"liga_klanow_2_2","JORI Dragons vs Ghrum 3:0","1297876","2026-09-18 19:00","Dragons HALL","ORIGIN","1419","JORI Dragons","","Pałasz, Jakub","1929288","27","27","16","0","0","62.5","17","0","14","82","82","5","3","0","2","2","40","0","0","0","0","0","13","34","50","1","0","1","0","1","0","0","84.2","","1","1","0","0","0","0","34","50","11","2","29","2","1","5","62.5","54.5","0","0","0","0","1","1","0","0","0","0","0","0","0","0","0","0","0","0","14","0","0","0","2","16","0","0","0","0","0","0","1","0","0","0","0","1","0","0","0","0","0","0","0","0","0","0","0","0","0","0","0","0","0","3","13","1","11","0","0","clan-bulk-1.2","0","0","0"
"liga_klanow_2_2","JORI Dragons vs Ghrum 3:0","1297876","2026-09-18 19:00","Dragons HALL","ORIGIN","1419","JORI Dragons","","Borja, Pietro","1976578","3","3","1","0","0","56.8","3","0","0","0","0","1","1","0","0","0","0","0","0","0","0","0","3","19","30","0","0","0","0","0","0","0","9","","0","0","0","0","0","0","19","30","2","1","15","1","0","4","56.8","56.8","0","0","0","0","3","3","0","0","0","0","0","0","0","0","0","0","0","0","0","0","0","0","0","0","0","0","0","0","0","0","0","0","0","0","0","0","0","0","0","0","0","0","0","0","0","0","0","0","0","0","0","0","0","1","0","2","0","0","0","clan-bulk-1.2","0","0","0"
"liga_klanow_2_2","JORI Dragons vs Ghrum 3:0","1297876","2026-09-18 19:00","Dragons HALL","ORIGIN","1419","JORI Dragons","","Mulec, Matevž","1928602","13","13","8","0","0","59.9","6","0","5","83","83","8","5","2","3","1","38","21","0","100","14","67","8","30","50","0","0","0","0","0","0","0","50","","0","1","0","0","0","0","30","50","6","0","25","2","0","5","59.9","52.5","0","0","0","0","0","0","1","0","0","0","0","1","4","0","0","0","1","5","0","0","0","0","0","0","0","0","0","0","0","0","0","0","0","0","0","0","0","0","0","0","0","0","0","0","0","0","0","0","0","0","0","0","0","3","4","4","4","0","0","clan-bulk-1.2","0","0","0"
"liga_klanow_2_2","JORI Dragons vs Ghrum 3:0","1297876","2026-09-18 19:00","Dragons HALL","ORIGIN","1419","JORI Dragons","","Donev, Ivaylo","1950730","11","11","4","0","0","61.5","6","0","4","67","67","2","1","0","1","0","0","0","0","0","0","0","7","28","39","0","0","0","0","0","0","0","29","","0","0","0","0","0","0","28","39","5","1","23","2","1","5","61.5","58.1","1","0","0","0","2","3","0","0","0","0","0","0","0","0","0","0","0","0","3","0","0","0","0","3","0","0","0","0","0","0","0","0","0","0","0","0","0","0","0","0","0","0","0","0","0","0","0","0","0","0","0","0","0","3","3","4","3","0","0","clan-bulk-1.2","0","0","0"
"liga_klanow_2_2","JORI Dragons vs Ghrum 3:0","1297876","2026-09-18 19:00","Dragons HALL","ORIGIN","1419","JORI Dragons","","Kowalczyk, Maciej","1949443","0","0","0","0","0","0","0","0","0","0","0","9","8","5","1","0","56","6","0","100","4","67","0","0","0","4","0","6","3","1","1","1","8","","0","1","0","0","0","0","0","0","0","0","0","0","0","0","0","0","0","0","0","0","0","0","0","0","0","0","0","0","0","0","0","0","0","0","0","0","0","0","0","0","0","0","0","0","0","0","4","0","1","0","1","6","0","0","0","0","0","0","0","0","0","0","0","0","0","0","0","0","0","0","0","0","0","0","0","clan-bulk-1.2","0","0","0"
"liga_klanow_2_2","JORI Dragons vs Ghrum 3:0","1297876","2026-09-18 19:00","Dragons HALL","ORIGIN","1419","JORI Dragons","","Brianceau, Rayan","1950907","18","16","12","2","1","75.6","16","0","12","75","75","8","3","0","5","3","38","0","0","0","0","0","5","15","30","0","0","0","0","0","0","0","56.2","","2","3","0","0","0","0","15","30","5","0","12","0","0","3","75.6","62.2","1","0","0","0","1","2","0","0","0","0","0","0","5","0","0","1","0","6","0","0","0","0","0","0","5","0","0","0","3","8","0","0","0","0","0","0","0","0","0","0","0","0","0","0","0","0","0","0","0","0","0","0","0","3","4","10","5","0","0","clan-bulk-1.2","0","0","0"
"liga_klanow_2_2","JORI Dragons vs Ghrum 3:0","1297876","2026-09-18 19:00","Dragons HALL","ORIGIN","1419","JORI Dragons","","Milanov, Ivo","2032105","6","5","10","0","0","71.2","8","1","5","63","50","2","2","0","0","0","0","5","0","100","5","100","1","10","20","0","0","0","0","0","0","0","15.5","","0","0","0","0","0","0","10","20","0","0","8","1","0","2","71.2","62.6","1","0","0","0","0","1","0","0","1","1","1","3","1","0","0","0","1","2","0","0","0","0","0","0","2","0","0","0","0","2","0","0","0","0","0","0","0","0","0","0","0","0","0","0","0","0","0","0","0","0","0","0","0","2","1","3","0","0","0","clan-bulk-1.2","0","0","0"
"liga_klanow_2_2","JORI Dragons vs Ghrum 3:0","1297876","2026-09-18 19:00","Dragons HALL","Mighty Ducks","1419","Ghrum","","Słupski, Paweł","1928410","0","0","7","0","0","60.2","0","0","0","0","0","18","8","1","10","4","28","0","0","0","0","0","0","5","21","27","35","84","10","26","30","18","2.4","","2","3","0","0","0","0","5","21","0","0","3","0","1","2","60.2","53.3","0","0","0","0","0","0","0","0","0","0","0","0","0","0","0","0","0","0","0","0","0","0","0","0","0","0","0","0","0","0","27","35","7","1","14","84","0","0","0","0","0","0","0","0","0","0","0","0","0","0","0","0","0","0","0","0","0","0","0","clan-bulk-1.2","0","0","0"
"liga_klanow_2_2","JORI Dragons vs Ghrum 3:0","1297876","2026-09-18 19:00","Dragons HALL","Mighty Ducks","1419","Ghrum","","Tartière, Jean-Marie","1927628","9","3","7","0","0","63.3","18","5","9","50","22","15","7","0","8","1","7","20","1","95","8","40","0","3","26","0","0","0","0","0","0","0","24.1","","1","2","0","0","0","0","3","26","0","0","1","0","0","2","63.3","56.3","1","0","0","0","0","1","0","0","2","0","0","2","3","0","3","3","3","12","0","0","0","0","0","0","2","0","0","0","1","3","0","0","0","0","0","0","0","0","0","0","0","0","0","0","0","0","0","0","0","0","0","0","0","2","1","0","5","0","0","clan-bulk-1.2","0","0","0"
"liga_klanow_2_2","JORI Dragons vs Ghrum 3:0","1297876","2026-09-18 19:00","Dragons HALL","Mighty Ducks","1419","Ghrum","","Barkoulis, Leonidas","1950362","10","5","6","0","0","74.5","18","5","10","56","28","7","2","0","5","1","14","0","0","0","0","0","0","16","31","0","0","0","0","0","0","0","18.5","","1","1","0","0","0","0","16","31","0","0","7","0","0","9","74.5","61.5","1","0","1","0","2","4","1","0","1","0","0","2","0","0","0","0","0","0","8","0","3","0","1","12","0","0","0","0","0","0","0","0","0","0","0","0","0","0","0","0","0","0","0","0","0","0","0","0","0","0","0","0","0","3","4","4","2","0","0","clan-bulk-1.2","0","0","0"
"liga_klanow_2_2","JORI Dragons vs Ghrum 3:0","1297876","2026-09-18 19:00","Dragons HALL","Mighty Ducks","1419","Ghrum","","Zieliński, Piotr","1905293","4","-19","5","0","0","45.5","31","23","4","13","-61","15","4","0","11","0","0","0","0","0","0","0","0","0","36","0","0","0","0","0","0","0","-38.7","","0","0","0","0","0","0","0","36","0","0","0","0","0","0","45.5","43","0","0","0","1","1","2","0","0","3","1","0","4","1","0","19","1","3","24","0","0","0","0","0","0","0","0","1","0","0","1","0","0","0","0","0","0","0","0","0","0","0","0","0","0","0","0","0","0","0","0","0","0","0","1","2","0","0","0","0","clan-bulk-1.2","0","0","0"
"liga_klanow_2_2","JORI Dragons vs Ghrum 3:0","1297876","2026-09-18 19:00","Dragons HALL","Mighty Ducks","1419","Ghrum","","Andriolo, Carmelo","1948930","2","0","6","0","0","61.1","5","2","2","40","0","17","8","3","9","2","29","41","0","100","10","24","0","11","31","0","0","0","0","0","0","0","24.6","","1","2","0","0","0","0","11","31","0","0","4","0","0","7","61.1","54.3","1","0","0","0","1","2","0","0","1","0","0","1","0","0","0","0","0","0","0","0","0","0","0","0","1","0","1","0","0","2","0","0","0","0","0","0","0","0","0","0","0","0","0","0","0","0","0","0","0","0","0","0","0","2","0","1","1","0","0","clan-bulk-1.2","0","0","0"
"liga_klanow_2_2","JORI Dragons vs Ghrum 3:0","1297876","2026-09-18 19:00","Dragons HALL","Mighty Ducks","1419","Ghrum","","Buonfantino, Mauro","1976008","10","1","5","3","0","76.1","17","6","9","53","18","1","1","0","0","0","0","0","0","0","0","0","1","13","26","0","0","0","0","0","0","0","12.6","","0","0","0","0","0","0","13","26","1","1","6","0","0","7","76.1","70.6","0","0","2","0","1","3","0","0","1","0","0","1","0","0","0","0","0","0","8","1","2","1","1","13","0","0","0","0","0","0","0","0","0","0","0","0","0","0","0","0","0","0","0","0","0","0","0","0","0","0","0","0","0","3","5","2","6","0","0","clan-bulk-1.2","0","0","0"
"liga_klanow_2_2","JORI Dragons vs Ghrum 3:0","1297876","2026-09-18 19:00","Dragons HALL","Mighty Ducks","1419","Ghrum","","Rusanov, Stoyan","1975625","0","0","0","0","0","0","0","0","0","0","0","18","13","4","5","5","50","8","0","100","3","38","0","0","0","0","5","5","0","0","3","2","9.6","","3","3","0","0","0","0","0","0","0","0","0","0","0","0","0","0","0","0","0","0","0","0","0","0","0","0","0","0","0","0","0","0","0","0","0","0","0","0","0","0","0","0","0","0","0","0","0","5","0","0","0","5","0","0","0","0","0","0","0","0","0","0","0","0","0","0","0","0","0","0","0","0","0","0","0","clan-bulk-1.2","0","0","0"
"liga_klanow_2_2","TORI GIN vs Mighty Bears 3:0","1297877","2026-09-18 19:00","TORI ARENA","ORIGIN","1419","TORI GIN","","Mechkarov, Pavel","1976132","4","3","11","1","1","64","0","0","0","0","0","18","10","6","8","3","50","0","0","0","0","0","3","19","40","30","6","66","23","17","16","10","17","{""sets"":[{""h"":25,""a"":13},{""h"":25,""a"":14},{""h"":25,""a"":12}],""parsedSets"":[{""rallies"":[{""type"":""end"",""score"":""25 : 13"",""txt"":""Koniec seta 1 : 0""},{""type"":""end"",""score"":""25 : 13"",""txt"":""Koniec seta 1 : 0""},{""type"":""rally"",""score"":""25 : 13"",""speed"":""73.1 km/h"",""res"":""Punkt: C. Psotný""},{""type"":""rally"",""score"":""24 : 13"",""speed"":""55.9 km/h"",""res"":""Punkt: C. Psotný""},{""type"":""rally"",""score"":""23 : 13"",""speed"":""61.0 km/h"",""res"":""Punkt: C. Psotný""},{""type"":""rally"",""score"":""22 : 13"",""speed"":""62.4 km/h"",""res"":""Punkt: N. Iliev""},{""type"":""rally"",""score"":""22 : 12"",""speed"":""68.2 km/h"",""res"":""Błąd: C. Psotný""},{""type"":""rally"",""score"":""22 : 11"",""speed"":""61.8 km/h"",""res"":""Punkt: C. Psotný""},{""type"":""rally"",""score"":""21 : 11"",""speed"":""-"",""res"":""Błąd: S. Beyvl""},{""type"":""tmo"",""score"":""21 : 10"",""txt"":""Czas: TORI GIN""},{""type"":""rally"",""score"":""21 : 10"",""speed"":""-"",""res"":""Błąd: L. Webb""},{""type"":""rally"",""score"":""20 : 10"",""speed"":""65.7 km/h"",""res"":""Punkt: R. Bąk""},{""type"":""rally"",""score"":""20 : 9"",""speed"":""78.0 km/h"",""res"":""Punkt: O. Mráka""},{""type"":""rally"",""score"":""19 : 9"",""speed"":""49.9 km/h"",""res"":""Punkt: S. Beyvl""},{""type"":""rally"",""score"":""18 : 9"",""speed"":""91.3 km/h"",""res"":""Punkt: O. Mráka""},{""type"":""chg"",""score"":""17 : 9"",""txt"":""Zmiana: O. Mráka ⇄ R. Hartland""},{""type"":""rally"",""score"":""17 : 9"",""speed"":""76.3 km/h"",""res"":""Punkt: S. Beyvl""},{""type"":""tmo"",""score"":""16 : 9"",""txt"":""Czas: ""},{""type"":""rally"",""score"":""16 : 9"",""speed"":""-"",""res"":""Błąd: P. Lewicki""},{""type"":""rally"",""score"":""15 : 9"",""speed"":""52.5 km/h"",""res"":""Punkt: R. Bąk""},{""type"":""rally"",""score"":""15 : 8"",""speed"":""51.5 km/h"",""res"":""Punkt: M. Mattar""},{""type"":""rally"",""score"":""14 : 8"",""speed"":""56.0 km/h"",""res"":""Punkt: S. Beyvl""},{""type"":""tmo"",""score"":""13 : 8"",""txt"":""Czas: Mighty Bears""},{""type"":""rally"",""score"":""13 : 8"",""speed"":""64.0 km/h"",""res"":""Punkt: R. Hartland""},{""type"":""rally"",""score"":""12 : 8"",""speed"":""56.0 km/h"",""res"":""Punkt: P. Mechkarov""},{""type"":""rally"",""score"":""11 : 8"",""speed"":""52.5 km/h"",""res"":""Punkt: N. Iliev""},{""type"":""rally"",""score"":""11 : 7"",""speed"":""80.7 km/h"",""res"":""Punkt: P. Mechkarov""},{""type"":""chg"",""score"":""10 : 7"",""txt"":""Zmiana: C. Psotný ⇄ A. Búřil""},{""type"":""chg"",""score"":""10 : 7"",""txt"":""Zmiana: A. White ⇄ F. Raiciu""},{""type"":""rally"",""score"":""10 : 7"",""speed"":""107.1 km/h"",""res"":""Punkt: S. Beyvl""},{""type"":""rally"",""score"":""9 : 7"",""speed"":""44.4 km/h"",""res"":""Punkt: R. Hartland""},{""type"":""rally"",""score"":""8 : 7"",""speed"":""-"",""res"":""Błąd: F. Raiciu""},{""type"":""tmo"",""score"":""8 : 6"",""txt"":""Czas: ""},{""type"":""rally"",""score"":""8 : 6"",""speed"":""85.8 km/h"",""res"":""Punkt: A. Búřil""},{""type"":""rally"",""score"":""7 : 6"",""speed"":""74.6 km/h"",""res"":""Punkt: P. Lewicki""},{""type"":""rally"",""score"":""7 : 5"",""speed"":""-"",""res"":""Błąd: R. Bąk""},{""type"":""rally"",""score"":""6 : 5"",""speed"":""42.6 km/h"",""res"":""Punkt: M. Deptuła""},{""type"":""rally"",""score"":""6 : 4"",""speed"":""94.2 km/h"",""res"":""Punkt: N. Iliev""},{""type"":""tmo"",""score"":""6 : 3"",""txt"":""Czas: Mighty Bears""},{""type"":""rally"",""score"":""6 : 3"",""speed"":""107.6 km/h"",""res"":""Punkt: S. Beyvl""},{""type"":""rally"",""score"":""5 : 3"",""speed"":""100.8 km/h"",""res"":""Punkt: A. Búřil""},{""type"":""rally"",""score"":""4 : 3"",""speed"":""112.6 km/h"",""res"":""Punkt: A. Búřil""},{""type"":""rally"",""score"":""3 : 3"",""speed"":""64.7 km/h"",""res"":""Punkt: S. Beyvl""},{""type"":""rally"",""score"":""2 : 3"",""speed"":""-"",""res"":""Błąd: M. Mattar""},{""type"":""rally"",""score"":""2 : 2"",""speed"":""83.9 km/h"",""res"":""Punkt: R. Hartland""},{""type"":""rally"",""score"":""1 : 2"",""speed"":""-"",""res"":""Błąd: P. Lewicki""},{""type"":""rally"",""score"":""0 : 2"",""speed"":""55.1 km/h"",""res"":""Punkt: L. Webb""},{""type"":""tmo"",""score"":""0 : 1"",""txt"":""Czas: TORI GIN""},{""type"":""rally"",""score"":""0 : 1"",""speed"":""50.0 km/h"",""res"":""Punkt: P. Lewicki""}]},{""rallies"":[{""type"":""end"",""score"":""25 : 14"",""txt"":""Koniec seta 2 : 0""},{""type"":""end"",""score"":""25 : 14"",""txt"":""Koniec seta 2 : 0""},{""type"":""rally"",""score"":""25 : 14"",""speed"":""47.9 km/h"",""res"":""Punkt: M. Mattar""},{""type"":""rally"",""score"":""24 : 14"",""speed"":""101.7 km/h"",""res"":""Punkt: R. Bąk""},{""type"":""rally"",""score"":""24 : 13"",""speed"":""101.2 km/h"",""res"":""Błąd: N. Iliev""},{""type"":""rally"",""score"":""23 : 13"",""speed"":""67.8 km/h"",""res"":""Punkt: S. Beyvl""},{""type"":""rally"",""score"":""22 : 13"",""speed"":""75.2 km/h"",""res"":""Punkt: C. Psotný""},{""type"":""rally"",""score"":""21 : 13"",""speed"":""71.9 km/h"",""res"":""Punkt: N. Iliev""},{""type"":""rally"",""score"":""21 : 12"",""speed"":""43.4 km/h"",""res"":""Punkt: N. Iliev""},{""type"":""tmo"",""score"":""21 : 11"",""txt"":""Czas: TORI GIN""},{""type"":""rally"",""score"":""21 : 11"",""speed"":""61.3 km/h"",""res"":""Punkt: A. White""},{""type"":""rally"",""score"":""20 : 11"",""speed"":""118.2 km/h"",""res"":""Punkt: R. Bąk""},{""type"":""rally"",""score"":""20 : 10"",""speed"":""56.3 km/h"",""res"":""Punkt: C. Psotný""},{""type"":""rally"",""score"":""19 : 10"",""speed"":""44.2 km/h"",""res"":""Błąd: C. Psotný""},{""type"":""rally"",""score"":""19 : 9"",""speed"":""66.5 km/h"",""res"":""Punkt: N. Iliev""},{""type"":""rally"",""score"":""19 : 8"",""speed"":""53.5 km/h"",""res"":""Punkt: O. Mráka""},{""type"":""rally"",""score"":""18 : 8"",""speed"":""71.1 km/h"",""res"":""Punkt: N. Iliev""},{""type"":""rally"",""score"":""18 : 7"",""speed"":""-"",""res"":""Błąd: M. Mattar""},{""type"":""rally"",""score"":""18 : 6"",""speed"":""61.6 km/h"",""res"":""Punkt: S. Beyvl""},{""type"":""rally"",""score"":""17 : 6"",""speed"":""59.8 km/h"",""res"":""Punkt: L. Webb""},{""type"":""chg"",""score"":""17 : 5"",""txt"":""Zmiana: O. Mráka ⇄ R. Hartland""},{""type"":""rally"",""score"":""17 : 5"",""speed"":""49.7 km/h"",""res"":""Punkt: R. Hartland""},{""type"":""rally"",""score"":""16 : 5"",""speed"":""100.7 km/h"",""res"":""Punkt: P. Lewicki""},{""type"":""tmo"",""score"":""16 : 4"",""txt"":""Czas: ""},{""type"":""rally"",""score"":""16 : 4"",""speed"":""79.9 km/h"",""res"":""Punkt: C. Psotný""},{""type"":""rally"",""score"":""15 : 4"",""speed"":""-"",""res"":""Błąd: A. White""},{""type"":""rally"",""score"":""15 : 3"",""speed"":""83.0 km/h"",""res"":""Punkt: C. Psotný""},{""type"":""rally"",""score"":""14 : 3"",""speed"":""51.7 km/h"",""res"":""Punkt: C. Psotný""},{""type"":""rally"",""score"":""13 : 3"",""speed"":""-"",""res"":""Błąd: R. Hartland""},{""type"":""rally"",""score"":""13 : 2"",""speed"":""78.3 km/h"",""res"":""Punkt: P. Mechkarov""},{""type"":""rally"",""score"":""12 : 2"",""speed"":""44.6 km/h"",""res"":""Punkt: A. White""},{""type"":""rally"",""score"":""11 : 2"",""speed"":""107.6 km/h"",""res"":""Punkt: P. Lewicki""},{""type"":""rally"",""score"":""11 : 1"",""speed"":""115.1 km/h"",""res"":""Punkt: S. Beyvl""},{""type"":""chg"",""score"":""10 : 1"",""txt"":""Zmiana: C. Psotný ⇄ A. Búřil""},{""type"":""chg"",""score"":""10 : 1"",""txt"":""Zmiana: A. White ⇄ F. Raiciu""},{""type"":""rally"",""score"":""10 : 1"",""speed"":""68.6 km/h"",""res"":""Punkt: S. Beyvl""},{""type"":""rally"",""score"":""9 : 1"",""speed"":""71.4 km/h"",""res"":""Punkt: R. Bąk""},{""type"":""rally"",""score"":""9 : 0"",""speed"":""64.8 km/h"",""res"":""Punkt: M. Mattar""},{""type"":""tmo"",""score"":""8 : 0"",""txt"":""Czas: ""},{""type"":""rally"",""score"":""8 : 0"",""speed"":""71.4 km/h"",""res"":""Punkt: S. Beyvl""},{""type"":""rally"",""score"":""7 : 0"",""speed"":""75.5 km/h"",""res"":""Punkt: F. Raiciu""},{""type"":""rally"",""score"":""6 : 0"",""speed"":""87.5 km/h"",""res"":""Punkt: S. Beyvl""},{""type"":""tmo"",""score"":""5 : 0"",""txt"":""Czas: Mighty Bears""},{""type"":""rally"",""score"":""5 : 0"",""speed"":""70.4 km/h"",""res"":""Punkt: M. Mattar""},{""type"":""tmo"",""score"":""4 : 0"",""txt"":""Czas: Mighty Bears""},{""type"":""rally"",""score"":""4 : 0"",""speed"":""76.4 km/h"",""res"":""Punkt: R. Hartland""},{""type"":""rally"",""score"":""3 : 0"",""speed"":""86.5 km/h"",""res"":""Punkt: M. Mattar""},{""type"":""rally"",""score"":""2 : 0"",""speed"":""69.5 km/h"",""res"":""Punkt: S. Beyvl""},{""type"":""tmo"",""score"":""1 : 0"",""txt"":""Czas: TORI GIN""},{""type"":""rally"",""score"":""1 : 0"",""speed"":""-"",""res"":""Błąd: M. Deptuła""}]},{""rallies"":[{""type"":""end"",""score"":""25 : 12"",""txt"":""Koniec seta 3 : 0""},{""type"":""end"",""score"":""25 : 12"",""txt"":""Koniec seta 3 : 0""},{""type"":""rally"",""score"":""25 : 12"",""speed"":""94.8 km/h"",""res"":""Punkt: C. Psotný""},{""type"":""rally"",""score"":""24 : 12"",""speed"":""68.6 km/h"",""res"":""Punkt: O. Mráka""},{""type"":""rally"",""score"":""23 : 12"",""speed"":""101.6 km/h"",""res"":""Punkt: C. Psotný""},{""type"":""rally"",""score"":""22 : 12"",""speed"":""79.3 km/h"",""res"":""Punkt: C. Psotný""},{""type"":""rally"",""score"":""21 : 12"",""speed"":""98.4 km/h"",""res"":""Błąd: N. Iliev""},{""type"":""rally"",""score"":""20 : 12"",""speed"":""116.6 km/h"",""res"":""Punkt: S. Beyvl""},{""type"":""rally"",""score"":""19 : 12"",""speed"":""47.2 km/h"",""res"":""Punkt: S. Beyvl""},{""type"":""rally"",""score"":""18 : 12"",""speed"":""67.8 km/h"",""res"":""Błąd: P. Mechkarov""},{""type"":""rally"",""score"":""18 : 11"",""speed"":""73.8 km/h"",""res"":""Punkt: O. Mráka""},{""type"":""chg"",""score"":""17 : 11"",""txt"":""Zmiana: O. Mráka ⇄ R. Hartland""},{""type"":""rally"",""score"":""17 : 11"",""speed"":""82.0 km/h"",""res"":""Punkt: A. White""},{""type"":""tmo"",""score"":""16 : 11"",""txt"":""Czas: ""},{""type"":""rally"",""score"":""16 : 11"",""speed"":""64.3 km/h"",""res"":""Punkt: S. Beyvl""},{""type"":""rally"",""score"":""15 : 11"",""speed"":""58.5 km/h"",""res"":""Błąd: R. Hartland""},{""type"":""rally"",""score"":""15 : 10"",""speed"":""-"",""res"":""Błąd: P. Mechkarov""},{""type"":""rally"",""score"":""15 : 9"",""speed"":""55.7 km/h"",""res"":""Punkt: R. Hartland""},{""type"":""rally"",""score"":""14 : 9"",""speed"":""47.9 km/h"",""res"":""Punkt: S. Beyvl""},{""type"":""rally"",""score"":""13 : 9"",""speed"":""106.1 km/h"",""res"":""Punkt: L. Webb""},{""type"":""rally"",""score"":""13 : 8"",""speed"":""42.2 km/h"",""res"":""Punkt: C. Psotný""},{""type"":""rally"",""score"":""12 : 8"",""speed"":""77.2 km/h"",""res"":""Punkt: J. Borkowski""},{""type"":""tmo"",""score"":""12 : 7"",""txt"":""Czas: Mighty Bears""},{""type"":""rally"",""score"":""12 : 7"",""speed"":""66.8 km/h"",""res"":""Punkt: M. Mattar""},{""type"":""rally"",""score"":""11 : 7"",""speed"":""62.5 km/h"",""res"":""Błąd: N. Iliev""},{""type"":""chg"",""score"":""10 : 7"",""txt"":""Zmiana: C. Psotný ⇄ A. Búřil""},{""type"":""chg"",""score"":""10 : 7"",""txt"":""Zmiana: A. White ⇄ F. Raiciu""},{""type"":""rally"",""score"":""10 : 7"",""speed"":""78.1 km/h"",""res"":""Punkt: R. Hartland""},{""type"":""rally"",""score"":""9 : 7"",""speed"":""61.3 km/h"",""res"":""Błąd: P. Mechkarov""},{""type"":""tmo"",""score"":""9 : 6"",""txt"":""Czas: Mighty Bears""},{""type"":""rally"",""score"":""9 : 6"",""speed"":""68.4 km/h"",""res"":""Punkt: F. Raiciu""},{""type"":""tmo"",""score"":""8 : 6"",""txt"":""Czas: ""},{""type"":""rally"",""score"":""8 : 6"",""speed"":""73.3 km/h"",""res"":""Błąd: J. Borkowski""},{""type"":""rally"",""score"":""7 : 6"",""speed"":""77.1 km/h"",""res"":""Punkt: F. Raiciu""},{""type"":""rally"",""score"":""6 : 6"",""speed"":""43.5 km/h"",""res"":""Punkt: A. Búřil""},{""type"":""rally"",""score"":""5 : 6"",""speed"":""45.5 km/h"",""res"":""Punkt: M. Deptuła""},{""type"":""rally"",""score"":""5 : 5"",""speed"":""-"",""res"":""Błąd: S. Beyvl""},{""type"":""rally"",""score"":""5 : 4"",""speed"":""52.5 km/h"",""res"":""Punkt: S. Beyvl""},{""type"":""rally"",""score"":""4 : 4"",""speed"":""51.4 km/h"",""res"":""Punkt: S. Beyvl""},{""type"":""rally"",""score"":""3 : 4"",""speed"":""67.0 km/h"",""res"":""Punkt: P. Lewicki""},{""type"":""rally"",""score"":""3 : 3"",""speed"":""69.8 km/h"",""res"":""Punkt: S. Beyvl""},{""type"":""tmo"",""score"":""2 : 3"",""txt"":""Czas: TORI GIN""},{""type"":""rally"",""score"":""2 : 3"",""speed"":""76.7 km/h"",""res"":""Punkt: L. Webb""},{""type"":""rally"",""score"":""2 : 2"",""speed"":""47.1 km/h"",""res"":""Punkt: N. Iliev""},{""type"":""rally"",""score"":""2 : 1"",""speed"":""48.2 km/h"",""res"":""Błąd: R. Hartland""},{""type"":""rally"",""score"":""2 : 0"",""speed"":""59.1 km/h"",""res"":""Punkt: P. Mechkarov""},{""type"":""tmo"",""score"":""1 : 0"",""txt"":""Czas: TORI GIN""},{""type"":""rally"",""score"":""1 : 0"",""speed"":""60.8 km/h"",""res"":""Punkt: M. Mattar""}]}]}","3","4","0","0","0","0","19","40","3","2","17","0","0","2","64","55.8","0","0","0","0","0","0","0","0","0","0","0","0","0","0","0","0","0","0","0","0","0","0","0","0","0","0","0","0","0","0","30","6","2","4","24","66","0","0","0","0","0","0","0","0","0","0","0","0","0","0","0","0","0","3","2","1","4","0","0","clan-bulk-1.2","0","0","0"
"liga_klanow_2_2","TORI GIN vs Mighty Bears 3:0","1297877","2026-09-18 19:00","TORI ARENA","ORIGIN","1419","TORI GIN","","Mattar, Misael","1864107","8","4","21","2","3","91.3","7","1","3","43","29","9","6","5","3","2","78","12","1","92","4","33","2","27","40","0","0","0","0","0","0","0","26.3","","2","2","0","0","0","0","27","40","2","0","23","0","0","4","91.3","74.2","0","0","0","0","0","0","0","0","0","1","0","1","2","0","1","0","2","5","0","0","0","0","0","0","0","0","0","0","1","1","0","0","0","0","0","0","0","0","0","0","0","0","0","0","0","0","0","0","0","0","0","0","0","3","2","5","2","0","0","clan-bulk-1.2","0","0","0"
"liga_klanow_2_2","TORI GIN vs Mighty Bears 3:0","1297877","2026-09-18 19:00","TORI ARENA","ORIGIN","1419","TORI GIN","","Beyvl, Svec","1976224","21","15","16","2","4","112.6","24","4","11","46","29","4","0","0","4","1","25","0","0","0","0","0","6","39","51","1","1","3","0","0","1","2","50.2","","0","0","0","0","0","0","39","51","5","1","34","1","1","5","116.6","94","1","0","1","0","0","2","1","0","0","0","1","2","0","0","0","0","0","0","9","0","3","0","8","20","0","0","0","0","0","0","1","1","1","0","0","3","0","0","0","0","0","0","0","0","0","0","0","0","0","0","0","0","0","3","7","7","8","0","0","clan-bulk-1.2","0","0","0"
"liga_klanow_2_2","TORI GIN vs Mighty Bears 3:0","1297877","2026-09-18 19:00","TORI ARENA","ORIGIN","1419","TORI GIN","","Hartland, Rijk","1976412","7","3","7","1","0","78.3","7","3","3","43","0","5","2","0","3","2","40","0","0","0","0","0","4","15","31","0","0","0","0","0","0","0","13.3","","2","2","0","0","0","0","15","31","4","1","13","0","0","2","78.3","72.2","0","1","0","0","1","2","0","0","1","0","0","1","0","1","0","0","0","1","0","0","0","0","0","0","3","0","0","0","0","3","0","0","0","0","0","0","0","0","0","0","0","0","0","0","0","0","0","0","0","0","0","0","0","3","3","3","4","0","0","clan-bulk-1.2","0","0","0"
"liga_klanow_2_2","TORI GIN vs Mighty Bears 3:0","1297877","2026-09-18 19:00","TORI ARENA","ORIGIN","1419","TORI GIN","","Raiciu, Fane","2002376","3","1","1","1","0","0","3","1","0","0","-33","4","0","0","4","3","75","1","0","100","1","100","3","10","24","0","0","0","0","0","0","0","8.5","","1","1","0","0","0","0","10","24","3","0","7","0","0","3","0","0","0","0","0","0","0","0","0","0","1","0","0","1","0","0","0","0","2","2","0","0","0","0","0","0","0","0","0","0","0","0","0","0","0","0","0","0","0","0","0","0","0","0","0","0","0","0","0","0","0","0","0","0","0","3","1","1","2","0","0","clan-bulk-1.2","0","0","0"
"liga_klanow_2_2","TORI GIN vs Mighty Bears 3:0","1297877","2026-09-18 19:00","TORI ARENA","ORIGIN","1419","TORI GIN","","Búřil, Alojz","2003351","5","4","1","0","0","107.1","8","1","5","63","50","1","0","0","1","0","0","0","0","0","0","0","0","7","12","0","0","0","0","0","0","0","8.5","","0","0","0","0","0","0","7","12","0","0","5","0","1","2","107.1","107.1","0","0","0","0","0","0","1","0","1","0","0","2","0","0","0","0","0","0","3","0","0","1","2","6","0","0","0","0","0","0","0","0","0","0","0","0","0","0","0","0","0","0","0","0","0","0","0","0","0","0","0","0","0","2","3","0","1","0","0","clan-bulk-1.2","0","0","0"
"liga_klanow_2_2","TORI GIN vs Mighty Bears 3:0","1297877","2026-09-18 19:00","TORI ARENA","ORIGIN","1419","TORI GIN","","Rocchio, Pete","1976044","0","-1","0","0","0","0","0","0","0","0","0","11","4","4","7","7","100","18","1","94","9","50","0","0","0","1","3","6","1","1","1","3","14.4","","7","7","0","0","0","0","0","0","0","0","0","0","0","0","0","0","0","0","0","0","0","0","0","0","0","0","0","0","0","0","0","0","0","0","0","0","0","0","0","0","0","0","0","0","0","0","1","3","0","0","2","6","0","0","0","0","0","0","0","0","0","0","0","0","0","0","0","0","0","0","0","0","0","0","0","clan-bulk-1.2","0","0","0"
"liga_klanow_2_2","TORI GIN vs Mighty Bears 3:0","1297877","2026-09-18 19:00","TORI ARENA","ORIGIN","1419","TORI GIN","","White, Alex","1975566","3","0","8","1","0","83","3","2","0","0","-67","11","4","2","7","6","73","4","0","100","2","50","3","14","25","0","0","0","0","0","0","0","11.4","","5","6","0","0","0","0","14","25","3","0","13","0","0","1","83","66","0","0","0","0","0","0","0","0","2","0","0","2","0","0","0","0","0","0","0","0","0","0","0","0","0","0","0","0","1","1","0","0","0","0","0","0","0","0","0","0","0","0","0","0","0","0","0","0","0","0","0","0","0","2","0","3","1","0","0","clan-bulk-1.2","0","0","0"
"liga_klanow_2_2","TORI GIN vs Mighty Bears 3:0","1297877","2026-09-18 19:00","TORI ARENA","ORIGIN","1419","TORI GIN","","Mráka, Ondřej","1950903","6","6","2","0","0","118.2","4","0","2","50","50","2","2","1","0","0","50","0","0","0","0","0","4","12","18","0","0","0","0","0","0","0","16.8","","0","0","0","0","0","0","12","18","4","0","11","0","0","1","118.2","93.2","0","0","0","0","0","0","0","0","0","1","0","1","1","0","0","0","0","1","0","0","0","0","0","0","0","0","0","0","2","2","0","0","0","0","0","0","0","0","0","0","0","0","0","0","0","0","0","0","0","0","0","0","0","3","2","1","2","0","0","clan-bulk-1.2","0","0","0"
"liga_klanow_2_2","TORI GIN vs Mighty Bears 3:0","1297877","2026-09-18 19:00","TORI ARENA","ORIGIN","1419","TORI GIN","","Psotný, Cermak","1976223","13","11","7","0","0","106.1","19","2","11","58","47","2","2","0","0","0","0","0","0","0","0","0","2","18","26","0","0","0","0","0","0","0","34.4","","0","0","0","0","0","0","18","26","2","0","18","0","0","0","106.1","87.2","0","0","0","0","1","1","0","0","0","0","0","0","0","0","0","0","0","0","11","2","0","0","5","18","0","0","0","0","0","0","0","0","0","0","0","0","0","0","0","0","0","0","0","0","0","0","0","0","0","0","0","0","0","3","5","6","4","0","0","clan-bulk-1.2","0","0","0"
"liga_klanow_2_2","TORI GIN vs Mighty Bears 3:0","1297877","2026-09-18 19:00","TORI ARENA","Mighty Ducks","1419","Mighty Bears","","Deptuła, Mirosław","2002351","2","1","4","1","0","61.6","0","0","0","0","0","13","5","3","8","0","23","0","0","0","0","0","2","15","34","14","25","86","10","25","26","25","7.4","","0","0","0","0","0","0","15","34","2","0","13","0","0","2","61.6","55.2","0","0","0","0","0","0","0","0","0","0","0","0","0","0","0","0","0","0","0","0","0","0","0","0","0","0","0","0","0","0","14","25","6","4","37","86","0","0","0","0","0","0","0","0","0","0","0","0","0","0","0","0","0","3","1","1","1","0","0","clan-bulk-1.2","0","0","0"
"liga_klanow_2_2","TORI GIN vs Mighty Bears 3:0","1297877","2026-09-18 19:00","TORI ARENA","Mighty Ducks","1419","Mighty Bears","","Lewicki, Piotr","1744650","7","-3","11","2","0","76.7","21","6","6","29","0","20","13","5","7","2","35","18","2","89","1","6","1","15","33","0","0","0","0","0","0","0","11.6","","0","0","0","0","0","0","15","33","1","0","12","0","0","3","76.7","62.7","1","0","1","0","3","5","1","0","5","2","1","9","1","0","0","0","5","6","0","0","0","0","0","0","1","0","0","0","0","1","0","0","0","0","0","0","0","0","0","0","0","0","0","0","0","0","0","0","0","0","0","0","0","3","4","2","1","0","0","clan-bulk-1.2","0","0","0"
"liga_klanow_2_2","TORI GIN vs Mighty Bears 3:0","1297877","2026-09-18 19:00","TORI ARENA","Mighty Ducks","1419","Mighty Bears","","Webb, Leonardo","1927481","4","0","7","1","0","64.7","10","3","2","20","-10","5","2","0","3","0","0","0","0","0","0","0","2","20","37","0","1","1","0","0","0","1","4.5","","0","1","0","0","0","0","20","37","2","1","17","0","0","3","64.7","51.4","0","0","0","0","3","3","0","0","3","0","0","3","0","0","0","0","0","0","2","0","0","0","2","4","0","0","0","0","0","0","0","1","0","0","0","1","0","0","0","0","0","0","0","0","0","0","0","0","0","0","0","0","0","3","2","1","2","0","0","clan-bulk-1.2","0","0","0"
"liga_klanow_2_2","TORI GIN vs Mighty Bears 3:0","1297877","2026-09-18 19:00","TORI ARENA","Mighty Ducks","1419","Mighty Bears","","Bąk, Robert","2139521","7","-3","7","1","0","61.8","27","9","7","26","-7","9","7","2","2","0","22","0","0","0","0","0","0","11","41","0","0","0","0","0","0","0","-0.3","","0","0","0","0","0","0","11","41","0","0","10","0","0","1","61.8","51.1","1","0","1","0","7","9","3","0","7","2","0","12","1","0","0","0","4","5","0","0","0","0","0","0","0","0","1","0","0","1","0","0","0","0","0","0","0","0","0","0","0","0","0","0","0","0","0","0","0","0","0","0","0","2","3","3","0","0","0","clan-bulk-1.2","0","0","0"
"liga_klanow_2_2","TORI GIN vs Mighty Bears 3:0","1297877","2026-09-18 19:00","TORI ARENA","Mighty Ducks","1419","Mighty Bears","","Iliev, Nikola","1974425","9","-6","7","0","2","85.8","19","10","4","21","-32","19","10","3","9","2","26","38","5","87","7","18","3","17","42","0","0","0","0","0","0","0","10.8","","1","1","0","0","0","0","17","42","3","2","15","0","0","2","85.8","73.5","0","2","1","0","3","6","0","0","5","1","0","6","2","0","1","0","2","5","0","0","0","0","0","0","1","1","0","0","0","2","0","0","0","0","0","0","0","0","0","0","0","0","0","0","0","0","0","0","0","0","0","0","0","3","3","5","3","0","0","clan-bulk-1.2","0","0","0"
"liga_klanow_2_2","TORI GIN vs Mighty Bears 3:0","1297877","2026-09-18 19:00","TORI ARENA","Mighty Ducks","1419","Mighty Bears","","Borkowski, Jerzy","2139522","3","0","4","0","0","49.7","12","3","1","8","-17","2","0","0","2","0","0","0","0","0","0","0","2","21","38","0","0","0","0","0","0","0","0.1","","0","0","0","0","0","0","21","38","1","0","17","1","0","4","49.7","46.1","0","0","0","0","4","4","0","1","1","1","2","5","0","0","0","0","0","0","0","0","1","0","2","3","0","0","0","0","0","0","0","0","0","0","0","0","0","0","0","0","0","0","0","0","0","0","0","0","0","0","0","0","0","1","0","0","2","0","0","clan-bulk-1.2","0","0","0"
"liga_klanow_2_2","TORI GIN vs Mighty Bears 3:0","1297877","2026-09-18 19:00","TORI ARENA","Mighty Ducks","1419","Mighty Bears","","Takarai, Ren","1929270","0","-1","0","0","0","0","0","0","0","0","0","21","18","11","3","3","67","10","1","90","0","0","0","0","0","0","1","2","0","0","0","2","11.6","","1","1","0","0","0","0","0","0","0","0","0","0","0","0","0","0","0","0","0","0","0","0","0","0","0","0","0","0","0","0","0","0","0","0","0","0","0","0","0","0","0","0","0","0","0","0","0","1","0","0","1","2","0","0","0","0","0","0","0","0","0","0","0","0","0","0","0","0","0","0","0","0","0","0","0","clan-bulk-1.2","0","0","0"
"liga_klanow_2_2","Cabra vs Gato 3:1","1297878","2026-09-18 19:00","Cbra XL","ORIGIN","1419","Cabra","","Alcouffe, Marc","1927264","7","5","18","2","3","68.4","1","0","0","0","0","16","11","4","5","4","50","0","0","0","0","0","4","35","62","36","12","87","8","26","31","22","23.8","{""sets"":[{""h"":17,""a"":25},{""h"":25,""a"":5},{""h"":25,""a"":19},{""h"":25,""a"":17}],""parsedSets"":[{""rallies"":[{""type"":""end"",""score"":""17 : 25"",""txt"":""Koniec seta 0 : 1""},{""type"":""end"",""score"":""17 : 25"",""txt"":""Koniec seta 0 : 1""},{""type"":""rally"",""score"":""17 : 25"",""speed"":""48.0 km/h"",""res"":""Punkt: Z. Blazek""},{""type"":""rally"",""score"":""17 : 24"",""speed"":""62.6 km/h"",""res"":""Punkt: S. Morais""},{""type"":""rally"",""score"":""16 : 24"",""speed"":""-"",""res"":""Błąd: K. Firmin""},{""type"":""rally"",""score"":""16 : 23"",""speed"":""63.1 km/h"",""res"":""Punkt: J. Haney""},{""type"":""rally"",""score"":""15 : 23"",""speed"":""72.0 km/h"",""res"":""Punkt: J. Cammermans""},{""type"":""tmo"",""score"":""15 : 22"",""txt"":""Czas: Gato ""},{""type"":""rally"",""score"":""15 : 22"",""speed"":""64.3 km/h"",""res"":""Błąd: J. Dudek""},{""type"":""rally"",""score"":""14 : 22"",""speed"":""51.2 km/h"",""res"":""Punkt: K. Firmin""},{""type"":""rally"",""score"":""13 : 22"",""speed"":""65.9 km/h"",""res"":""Punkt: D. Kwiatkowski""},{""type"":""rally"",""score"":""13 : 21"",""speed"":""54.1 km/h"",""res"":""Punkt: J. Dudek""},{""type"":""rally"",""score"":""13 : 20"",""speed"":""59.3 km/h"",""res"":""Punkt: J. Dudek""},{""type"":""tmo"",""score"":""13 : 19"",""txt"":""Czas: Gato ""},{""type"":""rally"",""score"":""13 : 19"",""speed"":""57.0 km/h"",""res"":""Punkt: K. Firmin""},{""type"":""rally"",""score"":""12 : 19"",""speed"":""80.7 km/h"",""res"":""Punkt: K. Firmin""},{""type"":""rally"",""score"":""11 : 19"",""speed"":""116.6 km/h"",""res"":""Błąd: J. Dudek""},{""type"":""rally"",""score"":""10 : 19"",""speed"":""-"",""res"":""Błąd: S. Morais""},{""type"":""rally"",""score"":""10 : 18"",""speed"":""69.3 km/h"",""res"":""Punkt: C. Carrara""},{""type"":""rally"",""score"":""9 : 18"",""speed"":""65.2 km/h"",""res"":""Punkt: M. Rutkowski""},{""type"":""rally"",""score"":""9 : 17"",""speed"":""58.4 km/h"",""res"":""Punkt: Z. Blazek""},{""type"":""tmo"",""score"":""9 : 16"",""txt"":""Czas: ""},{""type"":""rally"",""score"":""9 : 16"",""speed"":""65.0 km/h"",""res"":""Punkt: Z. Blazek""},{""type"":""rally"",""score"":""9 : 15"",""speed"":""53.1 km/h"",""res"":""Punkt: M. Rutkowski""},{""type"":""rally"",""score"":""9 : 14"",""speed"":""-"",""res"":""Błąd: D. Kwiatkowski""},{""type"":""rally"",""score"":""8 : 14"",""speed"":""57.3 km/h"",""res"":""Punkt: M. Rutkowski""},{""type"":""rally"",""score"":""8 : 13"",""speed"":""-"",""res"":""Błąd: M. Bieniek""},{""type"":""rally"",""score"":""7 : 13"",""speed"":""74.7 km/h"",""res"":""Punkt: M. Rutkowski""},{""type"":""rally"",""score"":""7 : 12"",""speed"":""62.8 km/h"",""res"":""Punkt: K. Firmin""},{""type"":""rally"",""score"":""6 : 12"",""speed"":""60.1 km/h"",""res"":""Punkt: D. Kwiatkowski""},{""type"":""rally"",""score"":""6 : 11"",""speed"":""63.1 km/h"",""res"":""Błąd: J. Dudek""},{""type"":""rally"",""score"":""5 : 11"",""speed"":""79.2 km/h"",""res"":""Punkt: K. Firmin""},{""type"":""rally"",""score"":""4 : 11"",""speed"":""56.6 km/h"",""res"":""Punkt: J. Dudek""},{""type"":""chg"",""score"":""4 : 10"",""txt"":""Zmiana: M. Kozioł ⇄ D. Corazza""},{""type"":""rally"",""score"":""4 : 10"",""speed"":""51.4 km/h"",""res"":""Błąd: J. Cammermans""},{""type"":""rally"",""score"":""3 : 10"",""speed"":""62.0 km/h"",""res"":""Błąd: J. Cammermans""},{""type"":""rally"",""score"":""2 : 10"",""speed"":""47.8 km/h"",""res"":""Punkt: J. Dudek""},{""type"":""rally"",""score"":""2 : 9"",""speed"":""115.6 km/h"",""res"":""Punkt: J. Cammermans""},{""type"":""tmo"",""score"":""2 : 8"",""txt"":""Czas: ""},{""type"":""rally"",""score"":""2 : 8"",""speed"":""98.1 km/h"",""res"":""Punkt: J. Dudek""},{""type"":""rally"",""score"":""2 : 7"",""speed"":""59.1 km/h"",""res"":""Punkt: Z. Blazek""},{""type"":""rally"",""score"":""2 : 6"",""speed"":""87.1 km/h"",""res"":""Punkt: J. Dudek""},{""type"":""tmo"",""score"":""2 : 5"",""txt"":""Czas: Cabra""},{""type"":""rally"",""score"":""2 : 5"",""speed"":""85.9 km/h"",""res"":""Punkt: D. Kwiatkowski""},{""type"":""rally"",""score"":""2 : 4"",""speed"":""113.5 km/h"",""res"":""Punkt: J. Cammermans""},{""type"":""rally"",""score"":""2 : 3"",""speed"":""51.8 km/h"",""res"":""Punkt: J. Dudek""},{""type"":""rally"",""score"":""2 : 2"",""speed"":""56.4 km/h"",""res"":""Punkt: S. Morais""},{""type"":""rally"",""score"":""1 : 2"",""speed"":""56.3 km/h"",""res"":""Punkt: D. Kwiatkowski""},{""type"":""rally"",""score"":""1 : 1"",""speed"":""66.7 km/h"",""res"":""Punkt: J. Haney""},{""type"":""chg"",""score"":""0 : 1"",""txt"":""Zmiana: C. Carrara ⇄ D. Manich""},{""type"":""chg"",""score"":""0 : 1"",""txt"":""Zmiana: E. Mucciarelli ⇄ S. Chavdarov""},{""type"":""chg"",""score"":""0 : 1"",""txt"":""Zmiana: J. Haney ⇄ M. Byrtek""},{""type"":""chg"",""score"":""0 : 1"",""txt"":""Zmiana: S. Morais ⇄ V. Poryazov""},{""type"":""chg"",""score"":""0 : 1"",""txt"":""Zmiana: D. Corazza ⇄ M. Kozioł""},{""type"":""rally"",""score"":""0 : 1"",""speed"":""53.9 km/h"",""res"":""Punkt: D. Kwiatkowski""}]},{""rallies"":[{""type"":""end"",""score"":""25 : 5"",""txt"":""Koniec seta 1 : 1""},{""type"":""end"",""score"":""25 : 5"",""txt"":""Koniec seta 1 : 1""},{""type"":""rally"",""score"":""25 : 5"",""speed"":""73.4 km/h"",""res"":""Błąd: D. Kwiatkowski""},{""type"":""rally"",""score"":""24 : 5"",""speed"":""-"",""res"":""Błąd: J. Cammermans""},{""type"":""rally"",""score"":""23 : 5"",""speed"":""82.5 km/h"",""res"":""Punkt: J. Cammermans""},{""type"":""rally"",""score"":""23 : 4"",""speed"":""63.7 km/h"",""res"":""Punkt: J. Cammermans""},{""type"":""rally"",""score"":""23 : 3"",""speed"":""68.9 km/h"",""res"":""Punkt: M. Byrtek""},{""type"":""rally"",""score"":""22 : 3"",""speed"":""102.8 km/h"",""res"":""Punkt: K. Firmin""},{""type"":""rally"",""score"":""21 : 3"",""speed"":""69.6 km/h"",""res"":""Punkt: Z. Blazek""},{""type"":""rally"",""score"":""21 : 2"",""speed"":""66.2 km/h"",""res"":""Punkt: M. Alcouffe""},{""type"":""tmo"",""score"":""20 : 2"",""txt"":""Czas: Gato ""},{""type"":""rally"",""score"":""20 : 2"",""speed"":""88.6 km/h"",""res"":""Punkt: D. Manich""},{""type"":""rally"",""score"":""19 : 2"",""speed"":""82.8 km/h"",""res"":""Punkt: K. Firmin""},{""type"":""rally"",""score"":""18 : 2"",""speed"":""78.9 km/h"",""res"":""Punkt: D. Manich""},{""type"":""rally"",""score"":""17 : 2"",""speed"":""75.3 km/h"",""res"":""Punkt: D. Manich""},{""type"":""tmo"",""score"":""16 : 2"",""txt"":""Czas: ""},{""type"":""rally"",""score"":""16 : 2"",""speed"":""68.5 km/h"",""res"":""Punkt: K. Firmin""},{""type"":""rally"",""score"":""15 : 2"",""speed"":""58.3 km/h"",""res"":""Punkt: M. Alcouffe""},{""type"":""rally"",""score"":""14 : 2"",""speed"":""57.1 km/h"",""res"":""Punkt: M. Kozioł""},{""type"":""rally"",""score"":""13 : 2"",""speed"":""71.3 km/h"",""res"":""Błąd: Z. Blazek""},{""type"":""tmo"",""score"":""12 : 2"",""txt"":""Czas: Gato ""},{""type"":""rally"",""score"":""12 : 2"",""speed"":""94.2 km/h"",""res"":""Błąd: J. Cammermans""},{""type"":""rally"",""score"":""11 : 2"",""speed"":""67.3 km/h"",""res"":""Punkt: K. Firmin""},{""type"":""rally"",""score"":""10 : 2"",""speed"":""53.1 km/h"",""res"":""Punkt: D. Manich""},{""type"":""rally"",""score"":""9 : 2"",""speed"":""67.3 km/h"",""res"":""Punkt: J. Cammermans""},{""type"":""rally"",""score"":""9 : 1"",""speed"":""71.4 km/h"",""res"":""Punkt: S. Morais""},{""type"":""tmo"",""score"":""8 : 1"",""txt"":""Czas: ""},{""type"":""rally"",""score"":""8 : 1"",""speed"":""67.7 km/h"",""res"":""Punkt: D. Manich""},{""type"":""rally"",""score"":""7 : 1"",""speed"":""72.7 km/h"",""res"":""Punkt: M. Kozioł""},{""type"":""rally"",""score"":""6 : 1"",""speed"":""-"",""res"":""Błąd: D. Kwiatkowski""},{""type"":""rally"",""score"":""5 : 1"",""speed"":""81.9 km/h"",""res"":""Punkt: Z. Blazek""},{""type"":""rally"",""score"":""5 : 0"",""speed"":""76.1 km/h"",""res"":""Punkt: D. Manich""},{""type"":""rally"",""score"":""4 : 0"",""speed"":""71.8 km/h"",""res"":""Punkt: M. Byrtek""},{""type"":""rally"",""score"":""3 : 0"",""speed"":""66.2 km/h"",""res"":""Błąd: J. Cammermans""},{""type"":""rally"",""score"":""2 : 0"",""speed"":""54.7 km/h"",""res"":""Punkt: D. Manich""},{""type"":""chg"",""score"":""1 : 0"",""txt"":""Zmiana: S. Morais ⇄ V. Poryazov""},{""type"":""rally"",""score"":""1 : 0"",""speed"":""-"",""res"":""Błąd: M. Bieniek""}]},{""rallies"":[{""type"":""end"",""score"":""25 : 19"",""txt"":""Koniec seta 2 : 1""},{""type"":""end"",""score"":""25 : 19"",""txt"":""Koniec seta 2 : 1""},{""type"":""rally"",""score"":""25 : 19"",""speed"":""63.4 km/h"",""res"":""Punkt: S. Morais""},{""type"":""rally"",""score"":""24 : 19"",""speed"":""77.8 km/h"",""res"":""Punkt: J. Cammermans""},{""type"":""rally"",""score"":""24 : 18"",""speed"":""59.9 km/h"",""res"":""Punkt: M. Byrtek""},{""type"":""rally"",""score"":""23 : 18"",""speed"":""87.1 km/h"",""res"":""Punkt: D. Manich""},{""type"":""rally"",""score"":""22 : 18"",""speed"":""76.7 km/h"",""res"":""Punkt: M. Rutkowski""},{""type"":""rally"",""score"":""22 : 17"",""speed"":""75.2 km/h"",""res"":""Punkt: Z. Blazek""},{""type"":""rally"",""score"":""22 : 16"",""speed"":""-"",""res"":""Błąd: M. Alcouffe""},{""type"":""tmo"",""score"":""22 : 15"",""txt"":""Czas: Gato ""},{""type"":""rally"",""score"":""22 : 15"",""speed"":""62.3 km/h"",""res"":""Punkt: D. Manich""},{""type"":""rally"",""score"":""21 : 15"",""speed"":""57.2 km/h"",""res"":""Punkt: M. Byrtek""},{""type"":""rally"",""score"":""20 : 15"",""speed"":""53.0 km/h"",""res"":""Punkt: D. Kwiatkowski""},{""type"":""rally"",""score"":""20 : 14"",""speed"":""65.0 km/h"",""res"":""Punkt: D. Manich""},{""type"":""rally"",""score"":""19 : 14"",""speed"":""59.7 km/h"",""res"":""Błąd: K. Firmin""},{""type"":""rally"",""score"":""19 : 13"",""speed"":""65.8 km/h"",""res"":""Punkt: J. Dudek""},{""type"":""rally"",""score"":""19 : 12"",""speed"":""65.6 km/h"",""res"":""Punkt: D. Kwiatkowski""},{""type"":""rally"",""score"":""19 : 11"",""speed"":""50.3 km/h"",""res"":""Punkt: M. Alcouffe""},{""type"":""rally"",""score"":""18 : 11"",""speed"":""-"",""res"":""Błąd: D. Manich""},{""type"":""rally"",""score"":""18 : 10"",""speed"":""83.7 km/h"",""res"":""Punkt: D. Manich""},{""type"":""rally"",""score"":""17 : 10"",""speed"":""72.9 km/h"",""res"":""Punkt: Z. Blazek""},{""type"":""rally"",""score"":""17 : 9"",""speed"":""55.8 km/h"",""res"":""Błąd: Z. Blazek""},{""type"":""rally"",""score"":""16 : 9"",""speed"":""76.8 km/h"",""res"":""Punkt: Z. Blazek""},{""type"":""tmo"",""score"":""16 : 8"",""txt"":""Czas: ""},{""type"":""rally"",""score"":""16 : 8"",""speed"":""69.4 km/h"",""res"":""Punkt: D. Manich""},{""type"":""rally"",""score"":""15 : 8"",""speed"":""56.0 km/h"",""res"":""Punkt: J. Cammermans""},{""type"":""tmo"",""score"":""15 : 7"",""txt"":""Czas: Gato ""},{""type"":""rally"",""score"":""15 : 7"",""speed"":""62.6 km/h"",""res"":""Punkt: S. Morais""},{""type"":""rally"",""score"":""14 : 7"",""speed"":""58.7 km/h"",""res"":""Punkt: D. Manich""},{""type"":""rally"",""score"":""13 : 7"",""speed"":""79.0 km/h"",""res"":""Błąd: M. Rutkowski""},{""type"":""rally"",""score"":""12 : 7"",""speed"":""67.4 km/h"",""res"":""Punkt: D. Kwiatkowski""},{""type"":""rally"",""score"":""12 : 6"",""speed"":""72.8 km/h"",""res"":""Błąd: Z. Blazek""},{""type"":""rally"",""score"":""11 : 6"",""speed"":""52.4 km/h"",""res"":""Punkt: K. Firmin""},{""type"":""rally"",""score"":""10 : 6"",""speed"":""49.3 km/h"",""res"":""Punkt: M. Rutkowski""},{""type"":""rally"",""score"":""10 : 5"",""speed"":""75.7 km/h"",""res"":""Punkt: J. Dudek""},{""type"":""rally"",""score"":""10 : 4"",""speed"":""90.7 km/h"",""res"":""Punkt: M. Alcouffe""},{""type"":""rally"",""score"":""9 : 4"",""speed"":""94.0 km/h"",""res"":""Punkt: D. Kwiatkowski""},{""type"":""rally"",""score"":""9 : 3"",""speed"":""79.7 km/h"",""res"":""Punkt: K. Firmin""},{""type"":""rally"",""score"":""8 : 3"",""speed"":""50.0 km/h"",""res"":""Punkt: J. Dudek""},{""type"":""tmo"",""score"":""8 : 2"",""txt"":""Czas: ""},{""type"":""rally"",""score"":""8 : 2"",""speed"":""69.2 km/h"",""res"":""Punkt: S. Morais""},{""type"":""rally"",""score"":""7 : 2"",""speed"":""85.7 km/h"",""res"":""Błąd: J. Dudek""},{""type"":""rally"",""score"":""6 : 2"",""speed"":""51.6 km/h"",""res"":""Punkt: D. Manich""},{""type"":""rally"",""score"":""5 : 2"",""speed"":""53.9 km/h"",""res"":""Punkt: J. Cammermans""},{""type"":""rally"",""score"":""5 : 1"",""speed"":""66.7 km/h"",""res"":""Punkt: D. Manich""},{""type"":""rally"",""score"":""4 : 1"",""speed"":""-"",""res"":""Błąd: D. Kwiatkowski""},{""type"":""rally"",""score"":""3 : 1"",""speed"":""64.9 km/h"",""res"":""Punkt: M. Rutkowski""},{""type"":""rally"",""score"":""3 : 0"",""speed"":""68.4 km/h"",""res"":""Punkt: S. Morais""},{""type"":""rally"",""score"":""2 : 0"",""speed"":""67.9 km/h"",""res"":""Punkt: M. Alcouffe""},{""type"":""chg"",""score"":""1 : 0"",""txt"":""Zmiana: S. Morais ⇄ V. Poryazov""},{""type"":""rally"",""score"":""1 : 0"",""speed"":""64.2 km/h"",""res"":""Punkt: M. Alcouffe""}]},{""rallies"":[{""type"":""end"",""score"":""25 : 17"",""txt"":""Koniec seta 3 : 1""},{""type"":""end"",""score"":""25 : 17"",""txt"":""Koniec seta 3 : 1""},{""type"":""rally"",""score"":""25 : 17"",""speed"":""76.7 km/h"",""res"":""Punkt: D. Manich""},{""type"":""rally"",""score"":""24 : 17"",""speed"":""62.2 km/h"",""res"":""Punkt: D. Kwiatkowski""},{""type"":""rally"",""score"":""24 : 16"",""speed"":""62.4 km/h"",""res"":""Punkt: M. Alcouffe""},{""type"":""rally"",""score"":""23 : 16"",""speed"":""65.4 km/h"",""res"":""Punkt: M. Byrtek""},{""type"":""rally"",""score"":""22 : 16"",""speed"":""50.3 km/h"",""res"":""Punkt: D. Manich""},{""type"":""tmo"",""score"":""21 : 16"",""txt"":""Czas: Gato ""},{""type"":""rally"",""score"":""21 : 16"",""speed"":""67.0 km/h"",""res"":""Punkt: D. Manich""},{""type"":""rally"",""score"":""20 : 16"",""speed"":""58.6 km/h"",""res"":""Punkt: M. Byrtek""},{""type"":""rally"",""score"":""19 : 16"",""speed"":""52.0 km/h"",""res"":""Punkt: D. Kwiatkowski""},{""type"":""rally"",""score"":""19 : 15"",""speed"":""72.0 km/h"",""res"":""Punkt: J. Dudek""},{""type"":""rally"",""score"":""19 : 14"",""speed"":""63.1 km/h"",""res"":""Punkt: D. Kwiatkowski""},{""type"":""rally"",""score"":""19 : 13"",""speed"":""79.4 km/h"",""res"":""Błąd: D. Niedźwiecki""},{""type"":""rally"",""score"":""18 : 13"",""speed"":""64.8 km/h"",""res"":""Punkt: J. Cammermans""},{""type"":""rally"",""score"":""18 : 12"",""speed"":""88.7 km/h"",""res"":""Błąd: J. Dudek""},{""type"":""rally"",""score"":""17 : 12"",""speed"":""-"",""res"":""Błąd: D. Manich""},{""type"":""rally"",""score"":""17 : 11"",""speed"":""50.5 km/h"",""res"":""Punkt: D. Manich""},{""type"":""rally"",""score"":""16 : 11"",""speed"":""59.4 km/h"",""res"":""Punkt: D. Kwiatkowski""},{""type"":""tmo"",""score"":""16 : 10"",""txt"":""Czas: ""},{""type"":""rally"",""score"":""16 : 10"",""speed"":""80.5 km/h"",""res"":""Punkt: S. Morais""},{""type"":""rally"",""score"":""15 : 10"",""speed"":""79.4 km/h"",""res"":""Punkt: D. Kwiatkowski""},{""type"":""rally"",""score"":""15 : 9"",""speed"":""59.7 km/h"",""res"":""Punkt: D. Manich""},{""type"":""rally"",""score"":""14 : 9"",""speed"":""64.6 km/h"",""res"":""Punkt: M. Bieniek""},{""type"":""rally"",""score"":""14 : 8"",""speed"":""-"",""res"":""Błąd: M. Alcouffe""},{""type"":""rally"",""score"":""14 : 7"",""speed"":""49.6 km/h"",""res"":""Punkt: M. Byrtek""},{""type"":""rally"",""score"":""13 : 7"",""speed"":""66.3 km/h"",""res"":""Punkt: J. Dudek""},{""type"":""rally"",""score"":""13 : 6"",""speed"":""58.8 km/h"",""res"":""Punkt: S. Morais""},{""type"":""tmo"",""score"":""12 : 6"",""txt"":""Czas: Gato ""},{""type"":""rally"",""score"":""12 : 6"",""speed"":""55.1 km/h"",""res"":""Punkt: M. Byrtek""},{""type"":""rally"",""score"":""11 : 6"",""speed"":""63.4 km/h"",""res"":""Punkt: S. Morais""},{""type"":""rally"",""score"":""10 : 6"",""speed"":""82.2 km/h"",""res"":""Punkt: K. Firmin""},{""type"":""rally"",""score"":""9 : 6"",""speed"":""54.9 km/h"",""res"":""Punkt: M. Bieniek""},{""type"":""rally"",""score"":""9 : 5"",""speed"":""66.6 km/h"",""res"":""Punkt: J. Cammermans""},{""type"":""rally"",""score"":""9 : 4"",""speed"":""84.4 km/h"",""res"":""Punkt: J. Cammermans""},{""type"":""rally"",""score"":""9 : 3"",""speed"":""79.0 km/h"",""res"":""Punkt: M. Byrtek""},{""type"":""tmo"",""score"":""8 : 3"",""txt"":""Czas: ""},{""type"":""rally"",""score"":""8 : 3"",""speed"":""60.0 km/h"",""res"":""Błąd: Z. Blazek""},{""type"":""rally"",""score"":""7 : 3"",""speed"":""-"",""res"":""Błąd: Z. Blazek""},{""type"":""rally"",""score"":""6 : 3"",""speed"":""82.2 km/h"",""res"":""Punkt: D. Kwiatkowski""},{""type"":""rally"",""score"":""6 : 2"",""speed"":""58.8 km/h"",""res"":""Punkt: K. Firmin""},{""type"":""rally"",""score"":""5 : 2"",""speed"":""57.4 km/h"",""res"":""Błąd: J. Cammermans""},{""type"":""rally"",""score"":""4 : 2"",""speed"":""62.8 km/h"",""res"":""Punkt: Z. Blazek""},{""type"":""rally"",""score"":""4 : 1"",""speed"":""68.6 km/h"",""res"":""Punkt: S. Morais""},{""type"":""rally"",""score"":""3 : 1"",""speed"":""51.9 km/h"",""res"":""Punkt: S. Morais""},{""type"":""rally"",""score"":""2 : 1"",""speed"":""62.2 km/h"",""res"":""Punkt: Z. Blazek""},{""type"":""rally"",""score"":""2 : 0"",""speed"":""73.7 km/h"",""res"":""Punkt: S. Morais""},{""type"":""chg"",""score"":""1 : 0"",""txt"":""Zmiana: S. Morais ⇄ V. Poryazov""},{""type"":""rally"",""score"":""1 : 0"",""speed"":""59.0 km/h"",""res"":""Punkt: M. Byrtek""}]}]}","4","4","0","0","0","0","35","62","4","0","35","0","0","0","68.4","60.7","0","0","0","0","1","1","0","0","0","0","0","0","0","0","0","0","0","0","0","0","0","0","0","0","0","0","0","0","0","0","36","12","5","1","33","87","0","0","0","0","0","4","0","0","0","0","0","4","0","0","0","0","0","3","0","2","5","2","0","clan-bulk-1.2","0","0","0"
"liga_klanow_2_2","Cabra vs Gato 3:1","1297878","2026-09-18 19:00","Cbra XL","ORIGIN","1419","Cabra","","Byrtek, Maciej","1865029","10","8","13","0","1","81.9","13","1","6","46","38","9","7","2","2","1","33","8","1","88","4","50","3","20","40","0","0","0","0","0","0","0","34.5","","1","1","0","0","0","0","20","40","3","0","19","0","0","1","81.9","69.3","2","0","0","0","3","5","0","0","1","0","0","1","4","0","0","0","2","6","0","0","0","0","0","0","0","0","0","0","1","1","0","0","0","0","0","0","1","1","3","2","7","2","0","0","0","0","0","1","0","0","0","0","0","3","0","2","2","6","0","clan-bulk-1.2","0","0","0"
"liga_klanow_2_2","Cabra vs Gato 3:1","1297878","2026-09-18 19:00","Cbra XL","ORIGIN","1419","Cabra","","Poryazov, Valko","1927515","0","0","0","0","0","0","0","0","0","0","0","0","0","0","0","0","0","0","0","0","0","0","0","0","2","0","0","0","0","0","0","0","0","","0","0","0","0","0","0","0","2","0","0","0","0","0","0","0","0","0","0","0","0","0","0","0","0","0","0","0","0","0","0","0","0","0","0","0","0","0","0","0","0","0","0","0","0","0","0","0","0","0","0","0","0","0","0","0","0","0","0","0","0","0","0","0","0","0","0","0","0","0","0","0","0","0","0","0","clan-bulk-1.2","0","0","0"
"liga_klanow_2_2","Cabra vs Gato 3:1","1297878","2026-09-18 19:00","Cbra XL","ORIGIN","1419","Cabra","","Manich, Darko","1974467","23","19","17","2","1","94.2","24","2","20","83","75","9","6","1","3","2","33","0","0","0","0","0","2","23","40","0","0","0","0","0","0","0","60.6","","2","3","0","0","0","0","23","40","2","1","21","0","0","2","94.2","74.2","3","0","1","0","0","4","1","0","0","3","0","4","10","0","1","0","2","13","0","0","0","0","0","0","3","0","0","0","0","3","0","0","0","0","0","0","0","0","0","0","0","1","0","0","0","0","0","2","0","0","0","0","0","3","0","7","9","6","0","clan-bulk-1.2","0","0","0"
"liga_klanow_2_2","Cabra vs Gato 3:1","1297878","2026-09-18 19:00","Cbra XL","ORIGIN","1419","Cabra","","Kozioł, Marcin","1928910","2","-1","12","0","0","84.4","1","0","0","0","0","13","11","5","2","1","46","16","3","81","4","25","2","34","61","0","0","0","0","0","0","0","11.2","","1","2","0","0","0","0","34","61","2","0","31","0","0","3","84.4","68.5","0","0","0","0","0","0","0","0","0","0","0","0","0","0","0","0","0","0","0","0","0","0","0","0","0","0","0","0","1","1","0","0","0","0","0","0","1","2","7","3","13","5","0","0","0","0","0","1","0","0","0","0","0","1","0","2","0","0","0","clan-bulk-1.2","0","0","0"
"liga_klanow_2_2","Cabra vs Gato 3:1","1297878","2026-09-18 19:00","Cbra XL","ORIGIN","1419","Cabra","","Firmin, Killian","1904896","15","10","11","1","0","74.7","25","4","11","44","28","3","1","0","2","1","33","0","0","0","0","0","4","47","67","0","0","0","0","0","0","0","33","","0","1","0","0","0","0","47","67","3","0","44","1","0","3","74.7","64.8","3","1","2","0","6","12","0","0","0","0","0","0","0","0","0","0","0","0","7","0","1","1","4","13","0","0","0","0","0","0","0","0","0","0","0","0","0","0","0","0","0","0","0","0","0","0","0","1","0","0","0","0","0","4","6","4","3","2","0","clan-bulk-1.2","0","0","0"
"liga_klanow_2_2","Cabra vs Gato 3:1","1297878","2026-09-18 19:00","Cbra XL","ORIGIN","1419","Cabra","","Chavdarov, Stoyan","1682070","0","-2","0","0","0","0","0","0","0","0","0","14","12","9","2","2","79","19","2","89","8","42","0","0","0","4","0","5","0","2","2","1","14","","2","2","0","0","0","0","0","0","0","0","0","0","0","0","0","0","0","0","0","0","0","0","0","0","0","0","0","0","0","0","0","0","0","0","0","0","0","0","0","0","0","0","0","0","0","0","4","0","0","0","1","5","2","7","3","5","17","9","0","0","0","0","0","2","0","0","0","0","0","0","0","0","0","0","0","clan-bulk-1.2","0","0","0"
"liga_klanow_2_2","Cabra vs Gato 3:1","1297878","2026-09-18 19:00","Cbra XL","ORIGIN","1419","Cabra","","Mucciarelli, Edoardo","2004300","0","0","0","0","0","0","0","0","0","0","0","10","7","5","3","2","70","3","0","100","1","33","0","0","0","1","1","3","0","0","2","1","6.4","","1","2","0","0","0","0","0","0","0","0","0","0","0","0","0","0","0","0","0","0","0","0","0","0","0","0","0","0","0","0","0","0","0","0","0","0","0","0","0","0","0","0","0","0","0","0","1","1","0","0","1","3","0","1","2","0","3","5","0","0","0","0","0","2","0","0","0","0","0","0","0","0","0","0","0","clan-bulk-1.2","0","0","0"
"liga_klanow_2_2","Cabra vs Gato 3:1","1297878","2026-09-18 19:00","Cbra XL","ORIGIN","1419","Cabra","","Morais, Stênio","1949716","13","8","13","1","3","85.7","13","4","5","38","8","5","4","1","1","0","20","0","0","0","0","0","5","32","54","0","0","0","0","0","0","0","29.4","","0","0","0","0","0","0","32","54","5","1","29","0","0","3","85.7","66.6","0","0","0","0","3","3","1","0","0","0","0","1","0","0","0","0","0","0","4","0","4","0","1","9","0","0","0","0","0","0","0","0","0","0","0","0","0","0","0","0","0","1","0","0","0","0","0","0","0","0","0","0","0","4","3","1","4","6","0","clan-bulk-1.2","0","0","0"
"liga_klanow_2_2","Cabra vs Gato 3:1","1297878","2026-09-18 19:00","Cbra XL","ORIGIN","1419","Cabra","","Haney, Jeff","2087368","3","3","2","0","0","56.3","6","0","3","50","50","12","8","0","4","2","17","10","0","100","2","20","0","2","11","0","0","0","0","0","0","0","11.6","","2","2","0","0","0","0","2","11","0","0","2","0","0","0","56.3","54.7","0","0","0","0","1","1","0","0","0","1","0","1","2","0","0","0","1","3","0","0","0","0","0","0","0","0","0","0","1","1","0","0","0","0","0","0","0","2","4","4","10","0","0","0","0","0","0","2","0","0","0","0","0","1","2","0","0","0","0","clan-bulk-1.2","0","0","0"
"liga_klanow_2_2","Cabra vs Gato 3:1","1297878","2026-09-18 19:00","Cbra XL","ORIGIN","1419","Cabra","","Carrara, Calisto","2087365","1","-2","5","0","0","80.7","9","3","1","11","-22","4","2","0","2","1","25","0","0","0","0","0","0","9","21","0","0","0","0","0","0","0","-2.1","","1","2","0","0","0","0","9","21","0","1","9","0","0","0","80.7","61","0","0","0","0","3","3","0","0","1","0","1","2","1","0","2","0","1","4","0","0","0","0","0","0","0","0","0","0","0","0","0","0","0","0","0","0","0","0","0","0","0","0","0","0","0","0","0","1","0","0","0","0","0","1","1","0","0","0","0","clan-bulk-1.2","0","0","0"
"liga_klanow_2_2","Cabra vs Gato 3:1","1297878","2026-09-18 19:00","Cbra XL","ORIGIN","1419","Cabra","","Corazza, Duccio","2087363","0","-1","0","0","0","0","4","0","0","0","0","0","0","0","0","0","0","4","1","75","1","25","0","0","11","0","0","0","0","0","0","0","-0.4","","0","0","0","0","0","0","0","11","0","0","0","0","0","0","0","0","0","0","0","0","2","2","0","0","0","0","0","0","0","0","0","0","2","2","0","0","0","0","0","0","0","0","0","0","0","0","0","0","0","0","0","0","0","2","0","1","3","0","0","0","0","0","0","0","0","0","0","0","0","0","0","0","0","0","0","clan-bulk-1.2","0","0","0"
"liga_klanow_2_2","Cabra vs Gato 3:1","1297878","2026-09-18 19:00","Cbra XL","Mighty Ducks","1419","Gato","","Bieniek, Marcin","1928544","2","0","9","2","1","79","1","0","0","0","0","24","13","3","11","4","29","0","0","0","0","0","1","24","48","46","17","116","16","38","41","21","8","","1","2","0","0","0","0","24","48","1","1","12","0","0","12","79","65.5","0","0","0","0","1","1","0","0","0","0","0","0","0","0","0","0","0","0","0","0","0","0","0","0","0","0","0","0","0","0","46","17","3","13","37","116","0","0","0","0","0","0","0","0","0","0","0","0","0","0","0","0","0","3","1","1","0","2","0","clan-bulk-1.2","0","0","0"
"liga_klanow_2_2","Cabra vs Gato 3:1","1297878","2026-09-18 19:00","Cbra XL","Mighty Ducks","1419","Gato","","Kwiatkowski, Dominik","1950985","20","8","10","3","0","87.1","39","4","18","46","36","14","6","4","8","6","71","36","5","86","10","28","2","28","43","0","0","0","0","0","0","0","52.2","","5","6","0","0","0","0","28","43","0","0","14","2","0","14","87.1","72.5","1","0","0","1","10","12","3","0","1","0","0","4","8","1","0","1","3","13","0","0","0","0","0","0","3","0","2","1","4","10","0","0","0","0","0","0","0","0","0","0","0","0","0","0","0","0","0","0","0","0","0","0","0","4","6","2","5","6","0","clan-bulk-1.2","0","0","0"
"liga_klanow_2_2","Cabra vs Gato 3:1","1297878","2026-09-18 19:00","Cbra XL","Mighty Ducks","1419","Gato","","Rutkowski, Mateusz","1927323","7","3","11","0","1","69.3","16","4","4","25","0","6","3","0","3","1","17","0","0","0","0","0","2","29","42","0","0","1","0","0","0","1","11.4","","0","1","0","0","0","0","29","42","2","0","15","0","0","14","69.3","58.7","2","0","2","0","0","4","0","0","1","0","0","1","0","0","0","0","0","0","2","1","0","0","8","11","0","0","0","0","0","0","0","0","0","0","1","1","0","0","0","0","0","0","0","0","0","0","0","0","0","0","0","0","0","2","4","0","4","0","0","clan-bulk-1.2","0","0","0"
"liga_klanow_2_2","Cabra vs Gato 3:1","1297878","2026-09-18 19:00","Cbra XL","Mighty Ducks","1419","Gato","","Blazek, Zdislav","1767943","13","4","14","1","1","116.6","22","8","8","36","0","19","9","4","10","5","47","0","0","0","0","0","4","27","47","0","0","0","0","0","0","0","23.2","","5","5","0","0","0","0","27","47","2","0","12","2","0","15","116.6","87.7","0","2","1","0","1","4","0","0","2","0","0","2","8","2","1","0","5","16","0","0","0","0","0","0","0","0","0","0","0","0","0","0","0","0","0","0","0","0","0","0","0","0","0","0","0","0","0","0","0","0","0","0","0","4","4","3","5","4","0","clan-bulk-1.2","0","0","0"
"liga_klanow_2_2","Cabra vs Gato 3:1","1297878","2026-09-18 19:00","Cbra XL","Mighty Ducks","1419","Gato","","Cammermans, Jean-Henri","1976450","13","0","12","1","2","90.7","23","10","10","43","0","16","5","1","11","5","38","40","2","95","16","40","1","26","52","0","0","0","0","0","0","0","33.4","","1","2","0","0","0","0","26","52","0","0","12","1","0","14","90.7","68.8","0","1","0","0","1","2","2","0","4","0","0","6","8","2","2","0","2","14","0","0","0","0","0","0","0","1","0","0","0","1","0","0","0","0","0","0","0","0","0","0","0","0","0","0","0","0","0","0","0","0","0","0","0","4","5","6","3","4","0","clan-bulk-1.2","0","0","0"
"liga_klanow_2_2","Cabra vs Gato 3:1","1297878","2026-09-18 19:00","Cbra XL","Mighty Ducks","1419","Gato","","Dudek, Jan","1976276","15","8","11","0","2","65","23","7","10","43","13","9","3","0","6","2","22","0","0","0","0","0","3","36","53","0","0","0","0","0","0","0","27.9","","0","1","0","0","0","0","36","53","0","0","16","3","4","20","72","59.1","2","0","0","0","1","3","0","1","2","0","0","3","0","0","0","0","0","0","8","2","2","0","5","17","0","0","0","0","0","0","0","0","0","0","0","0","0","0","0","0","0","0","0","0","0","0","0","0","0","0","0","0","0","3","10","0","4","3","0","clan-bulk-1.2","0","0","0"
"liga_klanow_2_2","Cabra vs Gato 3:1","1297878","2026-09-18 19:00","Cbra XL","Mighty Ducks","1419","Gato","","Niedźwiecki, Dominik","2003734","0","-1","0","0","0","0","0","0","0","0","0","23","11","5","12","7","52","9","1","89","3","33","0","0","0","1","3","6","0","0","2","4","9.2","","7","10","0","0","0","0","0","0","0","0","0","0","0","0","0","0","0","0","0","0","0","0","0","0","0","0","0","0","0","0","0","0","0","0","0","0","0","0","0","0","0","0","0","0","0","0","1","3","0","0","2","6","0","0","0","0","0","0","0","0","0","0","0","0","0","0","0","0","0","0","0","0","0","1","0","clan-bulk-1.2","0","0","0"
"liga_klanow_2_2","VC Packo vs PowerDucks 3:0","1297879","2026-09-18 19:00","Groene Meersen","ORIGIN","1419","VC Packo","","Rippoltz, Alex","1975570","5","3","18","2","4","63.8","0","0","0","0","0","11","11","4","0","0","36","0","0","0","0","0","1","10","31","40","8","67","14","22","23","8","16.2","{""sets"":[{""h"":25,""a"":15},{""h"":25,""a"":12},{""h"":25,""a"":14}],""parsedSets"":[{""rallies"":[{""type"":""end"",""score"":""25 : 15"",""txt"":""Koniec seta 1 : 0""},{""type"":""end"",""score"":""25 : 15"",""txt"":""Koniec seta 1 : 0""},{""type"":""rally"",""score"":""25 : 15"",""speed"":""53.8 km/h"",""res"":""Punkt: S. Martyniak""},{""type"":""rally"",""score"":""24 : 15"",""speed"":""61.8 km/h"",""res"":""Błąd: C. Galtelli""},{""type"":""rally"",""score"":""24 : 14"",""speed"":""49.5 km/h"",""res"":""Punkt: M. Kubica""},{""type"":""rally"",""score"":""24 : 13"",""speed"":""-"",""res"":""Błąd: K. Terlizzi""},{""type"":""rally"",""score"":""23 : 13"",""speed"":""50.4 km/h"",""res"":""Punkt: M. Kubica""},{""type"":""rally"",""score"":""23 : 12"",""speed"":""65.0 km/h"",""res"":""Punkt: S. Martyniak""},{""type"":""rally"",""score"":""22 : 12"",""speed"":""46.1 km/h"",""res"":""Punkt: P. Pelou""},{""type"":""rally"",""score"":""21 : 12"",""speed"":""66.5 km/h"",""res"":""Punkt: M. Trenev""},{""type"":""rally"",""score"":""20 : 12"",""speed"":""58.3 km/h"",""res"":""Punkt: M. Kubica""},{""type"":""rally"",""score"":""20 : 11"",""speed"":""48.6 km/h"",""res"":""Punkt: P. Pelou""},{""type"":""rally"",""score"":""19 : 11"",""speed"":""51.1 km/h"",""res"":""Punkt: K. Terlizzi""},{""type"":""tmo"",""score"":""19 : 10"",""txt"":""Czas: PowerDucks""},{""type"":""rally"",""score"":""19 : 10"",""speed"":""44.3 km/h"",""res"":""Punkt: C. Galtelli""},{""type"":""rally"",""score"":""18 : 10"",""speed"":""58.6 km/h"",""res"":""Punkt: P. Pelou""},{""type"":""rally"",""score"":""17 : 10"",""speed"":""51.4 km/h"",""res"":""Punkt: R. Tavernier""},{""type"":""tmo"",""score"":""17 : 9"",""txt"":""Czas: VC Packo""},{""type"":""rally"",""score"":""17 : 9"",""speed"":""63.4 km/h"",""res"":""Punkt: S. Rutkowski""},{""type"":""tmo"",""score"":""16 : 9"",""txt"":""Czas: ""},{""type"":""rally"",""score"":""16 : 9"",""speed"":""63.8 km/h"",""res"":""Punkt: M. Trenev""},{""type"":""rally"",""score"":""15 : 9"",""speed"":""62.9 km/h"",""res"":""Punkt: M. Trenev""},{""type"":""rally"",""score"":""14 : 9"",""speed"":""65.2 km/h"",""res"":""Punkt: I. Belardo""},{""type"":""rally"",""score"":""14 : 8"",""speed"":""-"",""res"":""Błąd: M. Kubica""},{""type"":""rally"",""score"":""13 : 8"",""speed"":""59.0 km/h"",""res"":""Punkt: M. Kubica""},{""type"":""rally"",""score"":""13 : 7"",""speed"":""54.9 km/h"",""res"":""Punkt: P. Pelou""},{""type"":""rally"",""score"":""12 : 7"",""speed"":""70.4 km/h"",""res"":""Punkt: R. Tavernier""},{""type"":""rally"",""score"":""12 : 6"",""speed"":""60.7 km/h"",""res"":""Punkt: M. Kubica""},{""type"":""rally"",""score"":""12 : 5"",""speed"":""54.2 km/h"",""res"":""Punkt: S. Martyniak""},{""type"":""rally"",""score"":""11 : 5"",""speed"":""59.5 km/h"",""res"":""Punkt: T. Kwiatkowski""},{""type"":""rally"",""score"":""11 : 4"",""speed"":""43.8 km/h"",""res"":""Punkt: P. Pelou""},{""type"":""rally"",""score"":""10 : 4"",""speed"":""53.9 km/h"",""res"":""Punkt: K. Terlizzi""},{""type"":""rally"",""score"":""10 : 3"",""speed"":""46.7 km/h"",""res"":""Błąd: K. Terlizzi""},{""type"":""rally"",""score"":""9 : 3"",""speed"":""55.3 km/h"",""res"":""Punkt: S. Rutkowski""},{""type"":""tmo"",""score"":""8 : 3"",""txt"":""Czas: ""},{""type"":""rally"",""score"":""8 : 3"",""speed"":""58.8 km/h"",""res"":""Punkt: S. Rutkowski""},{""type"":""tmo"",""score"":""7 : 3"",""txt"":""Czas: VC Packo""},{""type"":""rally"",""score"":""7 : 3"",""speed"":""67.3 km/h"",""res"":""Punkt: T. Kwiatkowski""},{""type"":""rally"",""score"":""7 : 2"",""speed"":""71.4 km/h"",""res"":""Punkt: R. Tavernier""},{""type"":""rally"",""score"":""7 : 1"",""speed"":""-"",""res"":""Błąd: A. Rippoltz""},{""type"":""rally"",""score"":""7 : 0"",""speed"":""57.8 km/h"",""res"":""Punkt: S. Rutkowski""},{""type"":""rally"",""score"":""6 : 0"",""speed"":""57.2 km/h"",""res"":""Punkt: P. Pelou""},{""type"":""rally"",""score"":""5 : 0"",""speed"":""54.9 km/h"",""res"":""Punkt: A. Rippoltz""},{""type"":""rally"",""score"":""4 : 0"",""speed"":""58.5 km/h"",""res"":""Punkt: A. Rippoltz""},{""type"":""rally"",""score"":""3 : 0"",""speed"":""50.3 km/h"",""res"":""Punkt: P. Pelou""},{""type"":""rally"",""score"":""2 : 0"",""speed"":""59.5 km/h"",""res"":""Punkt: M. Trenev""},{""type"":""rally"",""score"":""1 : 0"",""speed"":""66.5 km/h"",""res"":""Punkt: A. Rippoltz""}]},{""rallies"":[{""type"":""end"",""score"":""25 : 12"",""txt"":""Koniec seta 2 : 0""},{""type"":""end"",""score"":""25 : 12"",""txt"":""Koniec seta 2 : 0""},{""type"":""rally"",""score"":""25 : 12"",""speed"":""62.4 km/h"",""res"":""Punkt: P. Pelou""},{""type"":""rally"",""score"":""24 : 12"",""speed"":""52.0 km/h"",""res"":""Błąd: S. Martyniak""},{""type"":""rally"",""score"":""24 : 11"",""speed"":""66.8 km/h"",""res"":""Punkt: P. Pelou""},{""type"":""rally"",""score"":""23 : 11"",""speed"":""-"",""res"":""Błąd: M. Trenev""},{""type"":""rally"",""score"":""23 : 10"",""speed"":""52.2 km/h"",""res"":""Punkt: P. Pelou""},{""type"":""rally"",""score"":""22 : 10"",""speed"":""57.2 km/h"",""res"":""Punkt: P. Pelou""},{""type"":""rally"",""score"":""21 : 10"",""speed"":""55.2 km/h"",""res"":""Punkt: P. Pelou""},{""type"":""rally"",""score"":""20 : 10"",""speed"":""67.3 km/h"",""res"":""Punkt: T. Kwiatkowski""},{""type"":""rally"",""score"":""20 : 9"",""speed"":""66.7 km/h"",""res"":""Punkt: C. Galtelli""},{""type"":""rally"",""score"":""19 : 9"",""speed"":""57.9 km/h"",""res"":""Punkt: C. Galtelli""},{""type"":""rally"",""score"":""18 : 9"",""speed"":""60.5 km/h"",""res"":""Punkt: S. Martyniak""},{""type"":""tmo"",""score"":""17 : 9"",""txt"":""Czas: VC Packo""},{""type"":""rally"",""score"":""17 : 9"",""speed"":""48.1 km/h"",""res"":""Punkt: P. Pelou""},{""type"":""tmo"",""score"":""16 : 9"",""txt"":""Czas: ""},{""type"":""rally"",""score"":""16 : 9"",""speed"":""63.4 km/h"",""res"":""Punkt: C. Galtelli""},{""type"":""tmo"",""score"":""15 : 9"",""txt"":""Czas: VC Packo""},{""type"":""rally"",""score"":""15 : 9"",""speed"":""79.3 km/h"",""res"":""Punkt: R. Gülümse""},{""type"":""rally"",""score"":""15 : 8"",""speed"":""61.5 km/h"",""res"":""Błąd: M. Trenev""},{""type"":""rally"",""score"":""15 : 7"",""speed"":""57.5 km/h"",""res"":""Punkt: R. Tavernier""},{""type"":""rally"",""score"":""15 : 6"",""speed"":""65.1 km/h"",""res"":""Punkt: S. Rutkowski""},{""type"":""rally"",""score"":""14 : 6"",""speed"":""45.7 km/h"",""res"":""Błąd: R. Tavernier""},{""type"":""rally"",""score"":""13 : 6"",""speed"":""51.7 km/h"",""res"":""Punkt: S. Rutkowski""},{""type"":""rally"",""score"":""12 : 6"",""speed"":""55.3 km/h"",""res"":""Punkt: R. Tavernier""},{""type"":""tmo"",""score"":""12 : 5"",""txt"":""Czas: PowerDucks""},{""type"":""rally"",""score"":""12 : 5"",""speed"":""62.0 km/h"",""res"":""Punkt: A. Rippoltz""},{""type"":""rally"",""score"":""11 : 5"",""speed"":""54.0 km/h"",""res"":""Punkt: S. Rutkowski""},{""type"":""rally"",""score"":""10 : 5"",""speed"":""54.2 km/h"",""res"":""Punkt: R. Tavernier""},{""type"":""rally"",""score"":""10 : 4"",""speed"":""56.6 km/h"",""res"":""Błąd: M. Kubica""},{""type"":""rally"",""score"":""9 : 4"",""speed"":""72.3 km/h"",""res"":""Punkt: S. Martyniak""},{""type"":""tmo"",""score"":""8 : 4"",""txt"":""Czas: ""},{""type"":""rally"",""score"":""8 : 4"",""speed"":""71.3 km/h"",""res"":""Punkt: S. Martyniak""},{""type"":""rally"",""score"":""7 : 4"",""speed"":""-"",""res"":""Błąd: C. Galtelli""},{""type"":""rally"",""score"":""7 : 3"",""speed"":""50.6 km/h"",""res"":""Punkt: S. Martyniak""},{""type"":""rally"",""score"":""6 : 3"",""speed"":""-"",""res"":""Błąd: T. Kwiatkowski""},{""type"":""rally"",""score"":""5 : 3"",""speed"":""58.2 km/h"",""res"":""Punkt: M. Kubica""},{""type"":""rally"",""score"":""5 : 2"",""speed"":""-"",""res"":""Błąd: R. Gülümse""},{""type"":""rally"",""score"":""4 : 2"",""speed"":""63.5 km/h"",""res"":""Punkt: R. Gülümse""},{""type"":""rally"",""score"":""4 : 1"",""speed"":""55.3 km/h"",""res"":""Punkt: S. Martyniak""},{""type"":""rally"",""score"":""3 : 1"",""speed"":""66.7 km/h"",""res"":""Punkt: S. Martyniak""},{""type"":""rally"",""score"":""2 : 1"",""speed"":""-"",""res"":""Błąd: R. Tavernier""},{""type"":""rally"",""score"":""1 : 1"",""speed"":""-"",""res"":""Błąd: P. Pelou""},{""type"":""rally"",""score"":""1 : 0"",""speed"":""58.3 km/h"",""res"":""Punkt: S. Rutkowski""}]},{""rallies"":[{""type"":""end"",""score"":""25 : 14"",""txt"":""Koniec seta 3 : 0""},{""type"":""end"",""score"":""25 : 14"",""txt"":""Koniec seta 3 : 0""},{""type"":""rally"",""score"":""25 : 14"",""speed"":""69.3 km/h"",""res"":""Punkt: S. Martyniak""},{""type"":""rally"",""score"":""24 : 14"",""speed"":""64.5 km/h"",""res"":""Punkt: S. Martyniak""},{""type"":""rally"",""score"":""23 : 14"",""speed"":""68.8 km/h"",""res"":""Punkt: S. Martyniak""},{""type"":""rally"",""score"":""22 : 14"",""speed"":""54.6 km/h"",""res"":""Punkt: I. Belardo""},{""type"":""tmo"",""score"":""22 : 13"",""txt"":""Czas: VC Packo""},{""type"":""rally"",""score"":""22 : 13"",""speed"":""66.4 km/h"",""res"":""Punkt: T. Kwiatkowski""},{""type"":""rally"",""score"":""22 : 12"",""speed"":""69.2 km/h"",""res"":""Punkt: M. Kubica""},{""type"":""rally"",""score"":""22 : 11"",""speed"":""52.8 km/h"",""res"":""Punkt: M. Kubica""},{""type"":""rally"",""score"":""22 : 10"",""speed"":""54.0 km/h"",""res"":""Błąd: T. Kwiatkowski""},{""type"":""rally"",""score"":""21 : 10"",""speed"":""50.7 km/h"",""res"":""Punkt: S. Martyniak""},{""type"":""rally"",""score"":""20 : 10"",""speed"":""50.3 km/h"",""res"":""Punkt: S. Rutkowski""},{""type"":""rally"",""score"":""19 : 10"",""speed"":""70.6 km/h"",""res"":""Punkt: T. Kwiatkowski""},{""type"":""rally"",""score"":""19 : 9"",""speed"":""61.8 km/h"",""res"":""Punkt: S. Rutkowski""},{""type"":""rally"",""score"":""18 : 9"",""speed"":""59.2 km/h"",""res"":""Punkt: M. Trenev""},{""type"":""rally"",""score"":""17 : 9"",""speed"":""51.9 km/h"",""res"":""Punkt: R. Tavernier""},{""type"":""tmo"",""score"":""17 : 8"",""txt"":""Czas: VC Packo""},{""type"":""rally"",""score"":""17 : 8"",""speed"":""51.6 km/h"",""res"":""Punkt: S. Rutkowski""},{""type"":""tmo"",""score"":""16 : 8"",""txt"":""Czas: ""},{""type"":""rally"",""score"":""16 : 8"",""speed"":""63.0 km/h"",""res"":""Punkt: C. Galtelli""},{""type"":""rally"",""score"":""15 : 8"",""speed"":""52.4 km/h"",""res"":""Punkt: S. Rutkowski""},{""type"":""rally"",""score"":""14 : 8"",""speed"":""43.8 km/h"",""res"":""Punkt: C. Galtelli""},{""type"":""rally"",""score"":""13 : 8"",""speed"":""63.1 km/h"",""res"":""Punkt: K. Terlizzi""},{""type"":""rally"",""score"":""13 : 7"",""speed"":""66.6 km/h"",""res"":""Punkt: P. Pelou""},{""type"":""tmo"",""score"":""12 : 7"",""txt"":""Czas: PowerDucks""},{""type"":""rally"",""score"":""12 : 7"",""speed"":""44.8 km/h"",""res"":""Punkt: A. Rippoltz""},{""type"":""rally"",""score"":""11 : 7"",""speed"":""76.3 km/h"",""res"":""Błąd: I. Belardo""},{""type"":""rally"",""score"":""10 : 7"",""speed"":""58.1 km/h"",""res"":""Punkt: K. Terlizzi""},{""type"":""rally"",""score"":""10 : 6"",""speed"":""56.7 km/h"",""res"":""Punkt: S. Martyniak""},{""type"":""rally"",""score"":""9 : 6"",""speed"":""72.5 km/h"",""res"":""Punkt: P. Pelou""},{""type"":""rally"",""score"":""8 : 6"",""speed"":""56.6 km/h"",""res"":""Punkt: M. Kubica""},{""type"":""rally"",""score"":""8 : 5"",""speed"":""59.4 km/h"",""res"":""Punkt: M. Kubica""},{""type"":""tmo"",""score"":""8 : 4"",""txt"":""Czas: ""},{""type"":""rally"",""score"":""8 : 4"",""speed"":""58.6 km/h"",""res"":""Punkt: S. Martyniak""},{""type"":""rally"",""score"":""7 : 4"",""speed"":""-"",""res"":""Błąd: S. Rutkowski""},{""type"":""rally"",""score"":""7 : 3"",""speed"":""58.5 km/h"",""res"":""Punkt: M. Trenev""},{""type"":""rally"",""score"":""6 : 3"",""speed"":""67.7 km/h"",""res"":""Punkt: S. Martyniak""},{""type"":""rally"",""score"":""5 : 3"",""speed"":""63.2 km/h"",""res"":""Punkt: P. Pelou""},{""type"":""rally"",""score"":""4 : 3"",""speed"":""48.6 km/h"",""res"":""Punkt: T. Kwiatkowski""},{""type"":""rally"",""score"":""4 : 2"",""speed"":""53.4 km/h"",""res"":""Punkt: R. Gülümse""},{""type"":""rally"",""score"":""4 : 1"",""speed"":""71.5 km/h"",""res"":""Punkt: P. Pelou""},{""type"":""rally"",""score"":""3 : 1"",""speed"":""48.5 km/h"",""res"":""Punkt: P. Pelou""},{""type"":""rally"",""score"":""2 : 1"",""speed"":""63.0 km/h"",""res"":""Punkt: M. Trenev""},{""type"":""rally"",""score"":""1 : 1"",""speed"":""70.6 km/h"",""res"":""Punkt: S. Rutkowski""},{""type"":""rally"",""score"":""0 : 1"",""speed"":""-"",""res"":""Błąd: A. Rippoltz""}]}]}","0","0","0","0","0","0","10","31","1","0","8","0","0","2","66.5","57.5","0","0","0","0","0","0","0","0","0","0","0","0","0","0","0","0","0","0","0","0","0","0","0","0","0","0","0","0","0","0","40","8","2","3","14","67","0","0","0","0","0","4","0","0","0","0","0","0","0","0","0","0","0","3","4","1","2","0","0","clan-bulk-1.2","0","0","0"
"liga_klanow_2_2","VC Packo vs PowerDucks 3:0","1297879","2026-09-18 19:00","Groene Meersen","ORIGIN","1419","VC Packo","","Pelou, Philippe","1905572","19","13","15","1","2","70.6","24","5","15","63","42","11","8","6","3","1","64","16","0","100","10","63","2","15","30","0","0","0","0","0","0","0","57.5","","0","0","0","0","0","0","15","30","2","1","15","0","0","0","71.5","56.3","3","0","2","0","4","9","1","0","1","0","0","2","3","0","0","0","0","3","0","0","0","0","0","0","7","0","2","1","0","10","0","0","0","0","0","0","6","4","5","1","16","6","0","0","0","0","0","1","0","0","0","0","0","3","7","7","5","0","0","clan-bulk-1.2","0","0","0"
"liga_klanow_2_2","VC Packo vs PowerDucks 3:0","1297879","2026-09-18 19:00","Groene Meersen","ORIGIN","1419","VC Packo","","Rutkowski, Stanisław","1745509","13","12","16","1","0","67.7","10","0","8","80","80","5","3","2","2","1","60","0","0","0","0","0","5","21","35","1","0","3","0","0","1","2","32","","0","0","0","0","0","0","21","35","5","0","17","0","0","4","67.7","59.2","1","0","0","0","1","2","1","0","0","0","0","1","0","0","0","0","0","0","6","0","0","0","1","7","0","0","0","0","0","0","1","0","1","0","1","3","0","0","0","0","0","2","0","0","0","0","0","1","0","0","0","0","0","3","4","4","6","0","0","clan-bulk-1.2","0","0","0"
"liga_klanow_2_2","VC Packo vs PowerDucks 3:0","1297879","2026-09-18 19:00","Groene Meersen","ORIGIN","1419","VC Packo","","Trenev, Miroslav","1745005","9","6","11","1","0","69.3","9","2","6","67","44","9","7","4","2","0","44","0","0","0","0","0","3","37","50","0","0","0","0","0","0","0","20.2","","0","1","0","0","0","0","37","50","3","0","31","0","0","6","69.3","58.3","2","0","0","0","1","3","0","0","0","2","0","2","1","1","1","0","0","3","0","0","0","0","0","0","1","0","0","0","0","1","0","0","0","0","0","0","0","0","0","0","0","4","0","0","0","0","0","0","0","0","0","0","0","3","4","2","3","0","0","clan-bulk-1.2","0","0","0"
"liga_klanow_2_2","VC Packo vs PowerDucks 3:0","1297879","2026-09-18 19:00","Groene Meersen","ORIGIN","1419","VC Packo","","Galtelli, Carlo","1905880","7","2","7","1","0","59","8","3","3","38","0","11","7","3","4","2","45","10","1","90","3","30","4","29","51","0","0","0","0","0","0","0","18.5","","1","1","0","0","0","0","29","51","3","0","22","1","0","7","59","54.3","0","1","0","0","1","2","0","0","1","0","0","1","1","0","1","0","0","2","0","0","0","0","0","0","2","0","0","0","1","3","0","0","0","0","0","0","1","5","3","0","9","3","0","0","0","0","0","2","0","0","0","0","0","3","2","4","2","0","0","clan-bulk-1.2","0","0","0"
"liga_klanow_2_2","VC Packo vs PowerDucks 3:0","1297879","2026-09-18 19:00","Groene Meersen","ORIGIN","1419","VC Packo","","Martyniak, Szczepan","1929176","18","16","7","0","1","66.6","20","2","12","60","50","3","1","0","2","1","33","0","0","0","0","0","5","31","46","0","0","0","0","0","0","0","49.4","","0","0","0","0","0","0","31","46","3","2","27","2","0","4","72.3","60.4","2","0","0","0","0","2","0","0","0","0","0","0","0","0","0","0","0","0","10","1","1","0","6","18","0","0","0","0","0","0","0","0","0","0","0","0","0","0","0","0","0","0","0","0","0","0","0","1","0","0","0","0","0","3","3","7","7","0","0","clan-bulk-1.2","0","0","0"
"liga_klanow_2_2","VC Packo vs PowerDucks 3:0","1297879","2026-09-18 19:00","Groene Meersen","ORIGIN","1419","VC Packo","","Niedoba, Euzebiusz","1928907","0","-1","0","0","0","0","0","0","0","0","0","16","10","7","6","5","75","11","1","91","7","64","0","0","0","0","1","1","0","0","0","1","12.4","","5","6","0","0","0","0","0","0","0","0","0","0","0","0","0","0","0","0","0","0","0","0","0","0","0","0","0","0","0","0","0","0","0","0","0","0","0","0","0","0","0","0","0","0","0","0","0","1","0","0","0","1","0","3","5","2","10","7","0","0","0","0","0","5","0","0","0","0","0","0","0","0","0","0","0","clan-bulk-1.2","0","0","0"
"liga_klanow_2_2","VC Packo vs PowerDucks 3:0","1297879","2026-09-18 19:00","Groene Meersen","Mighty Ducks","1419","PowerDucks","","Belardo, Ilario","1949297","2","2","4","0","0","62.9","0","0","0","0","0","18","10","2","8","5","39","0","0","0","0","0","2","16","34","21","17","74","5","29","27","13","9.6","","3","3","0","0","0","0","16","34","2","0","9","0","0","7","62.9","54.2","0","0","0","0","0","0","0","0","0","0","0","0","0","0","0","0","0","0","0","0","0","0","0","0","0","0","0","0","0","0","21","17","3","3","30","74","0","0","0","0","0","0","0","0","0","0","0","0","0","0","0","0","0","2","1","0","2","0","0","clan-bulk-1.2","0","0","0"
"liga_klanow_2_2","VC Packo vs PowerDucks 3:0","1297879","2026-09-18 19:00","Groene Meersen","Mighty Ducks","1419","PowerDucks","","Tavernier, Robert","1904723","8","2","10","1","1","79.3","20","4","7","35","15","17","10","1","7","1","12","48","1","98","13","27","0","9","25","0","0","0","0","0","0","0","36.2","","1","4","0","0","0","0","9","25","0","0","3","0","1","6","79.3","65.6","1","1","0","1","1","4","0","0","2","0","1","3","5","0","1","0","5","11","0","0","0","0","0","0","0","0","0","0","2","2","0","0","0","0","0","0","0","0","0","0","0","0","0","0","0","0","0","0","0","0","0","0","0","3","3","5","1","0","0","clan-bulk-1.2","0","0","0"
"liga_klanow_2_2","VC Packo vs PowerDucks 3:0","1297879","2026-09-18 19:00","Groene Meersen","Mighty Ducks","1419","PowerDucks","","Gülümse, Reha","1903926","4","-1","7","1","0","63.2","10","4","4","40","0","5","1","0","4","0","0","0","0","0","0","0","0","15","29","0","0","1","0","0","0","1","1","","0","2","0","0","0","0","15","29","0","0","7","0","0","8","63.2","51.6","0","0","1","0","0","1","0","0","0","0","0","0","0","0","0","0","0","0","3","0","3","1","2","9","0","0","0","0","0","0","0","0","0","0","1","1","0","0","0","0","0","0","0","0","0","0","0","0","0","0","0","0","0","2","0","3","1","0","0","clan-bulk-1.2","0","0","0"
"liga_klanow_2_2","VC Packo vs PowerDucks 3:0","1297879","2026-09-18 19:00","Groene Meersen","Mighty Ducks","1419","PowerDucks","","Kwiatkowski, Tomasz","1864442","7","0","9","1","1","69.2","15","6","3","20","-20","15","5","3","10","5","53","0","0","0","0","0","3","19","37","0","0","0","0","0","0","0","8.4","","3","3","0","0","0","0","19","37","2","0","6","1","0","13","69.2","63.1","0","0","0","0","0","0","0","0","1","0","0","1","3","0","5","0","5","13","0","0","0","0","0","0","0","0","0","0","1","1","0","0","0","0","0","0","0","0","0","0","0","0","0","0","0","0","0","0","0","0","0","0","0","3","2","2","4","0","0","clan-bulk-1.2","0","0","0"
"liga_klanow_2_2","VC Packo vs PowerDucks 3:0","1297879","2026-09-18 19:00","Groene Meersen","Mighty Ducks","1419","PowerDucks","","Terlizzi, Kléber","1929337","4","-5","7","1","0","72.5","18","7","4","22","-17","6","3","1","3","1","33","8","1","88","4","50","0","16","46","0","0","0","0","0","0","0","-3.3","","0","0","0","0","0","0","16","46","0","1","7","0","0","9","72.5","64.7","0","0","1","0","2","3","0","0","0","0","0","0","2","1","4","0","5","12","0","0","0","0","0","0","2","0","1","0","0","3","0","0","0","0","0","0","0","0","0","0","0","0","0","0","0","0","0","0","0","0","0","0","0","2","4","0","2","0","0","clan-bulk-1.2","0","0","0"
"liga_klanow_2_2","VC Packo vs PowerDucks 3:0","1297879","2026-09-18 19:00","Groene Meersen","Mighty Ducks","1419","PowerDucks","","Kubica, Mikołaj","1865715","12","9","5","1","0","76.3","18","2","8","44","33","3","1","1","2","0","33","0","0","0","0","0","4","28","42","0","0","0","0","0","0","0","31.4","","0","2","0","0","0","0","28","42","3","0","12","1","1","16","76.3","61.5","1","0","1","0","3","5","2","0","0","0","0","2","0","0","0","0","0","0","4","1","0","1","5","11","0","0","0","0","0","0","0","0","0","0","0","0","0","0","0","0","0","0","0","0","0","0","0","0","0","0","0","0","0","3","6","2","4","0","0","clan-bulk-1.2","0","0","0"
"liga_klanow_2_2","VC Packo vs PowerDucks 3:0","1297879","2026-09-18 19:00","Groene Meersen","Mighty Ducks","1419","PowerDucks","","Borba, Roberval","1905339","0","-5","0","0","0","0","0","0","0","0","0","16","11","0","5","0","0","12","5","58","2","17","0","0","0","2","3","6","0","0","0","6","-6.4","","0","1","0","0","0","0","0","0","0","0","0","0","0","0","0","0","0","0","0","0","0","0","0","0","0","0","0","0","0","0","0","0","0","0","0","0","0","0","0","0","0","0","0","0","0","0","2","3","0","0","1","6","0","0","0","0","0","0","0","0","0","0","0","0","0","0","0","0","0","0","0","0","0","0","0","clan-bulk-1.2","0","0","0"
"liga_klanow_2_2","GalatasaraySK vs RHCP 3:1","1297880","2026-09-18 19:00","Taç Spor Tesisleri","ORIGIN","1419","GalatasaraySK","","Grilli, Scipio","1904578","2","2","12","0","1","64.9","0","0","0","0","0","11","9","3","2","1","36","0","0","0","0","0","1","18","27","32","3","54","10","16","21","7","8.8","{""sets"":[{""h"":25,""a"":22},{""h"":25,""a"":18},{""h"":21,""a"":25},{""h"":25,""a"":18}],""parsedSets"":[{""rallies"":[{""type"":""end"",""score"":""25 : 22"",""txt"":""Koniec seta 1 : 0""},{""type"":""end"",""score"":""25 : 22"",""txt"":""Koniec seta 1 : 0""},{""type"":""rally"",""score"":""25 : 22"",""speed"":""58.8 km/h"",""res"":""Błąd: F. Laurent""},{""type"":""rally"",""score"":""24 : 22"",""speed"":""-"",""res"":""Błąd: K. Stamboliyski""},{""type"":""rally"",""score"":""23 : 22"",""speed"":""74.3 km/h"",""res"":""Punkt: F. Laurent""},{""type"":""rally"",""score"":""23 : 21"",""speed"":""51.6 km/h"",""res"":""Punkt: K. Stamboliyski""},{""type"":""rally"",""score"":""23 : 20"",""speed"":""64.0 km/h"",""res"":""Punkt: B. Ćwik""},{""type"":""rally"",""score"":""22 : 20"",""speed"":""49.5 km/h"",""res"":""Punkt: F. Laurent""},{""type"":""rally"",""score"":""22 : 19"",""speed"":""42.1 km/h"",""res"":""Punkt: B. Ćwik""},{""type"":""tmo"",""score"":""21 : 19"",""txt"":""Czas: RHCP""},{""type"":""rally"",""score"":""21 : 19"",""speed"":""45.4 km/h"",""res"":""Punkt: B. Ćwik""},{""type"":""rally"",""score"":""20 : 19"",""speed"":""41.9 km/h"",""res"":""Punkt: B. Ćwik""},{""type"":""rally"",""score"":""19 : 19"",""speed"":""56.5 km/h"",""res"":""Punkt: A. Örsan""},{""type"":""rally"",""score"":""18 : 19"",""speed"":""43.8 km/h"",""res"":""Punkt: K. Stamboliyski""},{""type"":""tmo"",""score"":""18 : 18"",""txt"":""Czas: GalatasaraySK""},{""type"":""rally"",""score"":""18 : 18"",""speed"":""61.8 km/h"",""res"":""Błąd: A. Örsan""},{""type"":""rally"",""score"":""18 : 17"",""speed"":""55.5 km/h"",""res"":""Punkt: K. Stamboliyski""},{""type"":""tmo"",""score"":""18 : 16"",""txt"":""Czas: RHCP""},{""type"":""rally"",""score"":""18 : 16"",""speed"":""50.9 km/h"",""res"":""Punkt: J. Jarkovský""},{""type"":""rally"",""score"":""17 : 16"",""speed"":""49.9 km/h"",""res"":""Punkt: A. Kondakov""},{""type"":""rally"",""score"":""16 : 16"",""speed"":""42.2 km/h"",""res"":""Punkt: J. Gautier""},{""type"":""tmo"",""score"":""16 : 15"",""txt"":""Czas: ""},{""type"":""rally"",""score"":""16 : 15"",""speed"":""63.8 km/h"",""res"":""Punkt: A. Kondakov""},{""type"":""rally"",""score"":""15 : 15"",""speed"":""45.6 km/h"",""res"":""Punkt: J. Gautier""},{""type"":""rally"",""score"":""15 : 14"",""speed"":""52.2 km/h"",""res"":""Punkt: J. Jarkovský""},{""type"":""rally"",""score"":""14 : 14"",""speed"":""47.9 km/h"",""res"":""Punkt: R. Lerner""},{""type"":""rally"",""score"":""14 : 13"",""speed"":""62.0 km/h"",""res"":""Punkt: J. Gautier""},{""type"":""rally"",""score"":""14 : 12"",""speed"":""64.1 km/h"",""res"":""Punkt: B. Ćwik""},{""type"":""rally"",""score"":""13 : 12"",""speed"":""51.0 km/h"",""res"":""Punkt: J. Gautier""},{""type"":""rally"",""score"":""13 : 11"",""speed"":""50.0 km/h"",""res"":""Punkt: B. Ćwik""},{""type"":""rally"",""score"":""12 : 11"",""speed"":""59.9 km/h"",""res"":""Punkt: R. Evangelista""},{""type"":""rally"",""score"":""12 : 10"",""speed"":""51.4 km/h"",""res"":""Punkt: B. Ćwik""},{""type"":""rally"",""score"":""11 : 10"",""speed"":""52.9 km/h"",""res"":""Punkt: R. Evangelista""},{""type"":""rally"",""score"":""11 : 9"",""speed"":""46.3 km/h"",""res"":""Punkt: K. Stamboliyski""},{""type"":""rally"",""score"":""11 : 8"",""speed"":""47.8 km/h"",""res"":""Punkt: B. Ćwik""},{""type"":""rally"",""score"":""10 : 8"",""speed"":""64.2 km/h"",""res"":""Punkt: J. Jarkovský""},{""type"":""rally"",""score"":""9 : 8"",""speed"":""60.7 km/h"",""res"":""Punkt: K. Stamboliyski""},{""type"":""rally"",""score"":""9 : 7"",""speed"":""52.1 km/h"",""res"":""Punkt: R. Evangelista""},{""type"":""rally"",""score"":""9 : 6"",""speed"":""48.7 km/h"",""res"":""Punkt: R. Evangelista""},{""type"":""rally"",""score"":""9 : 5"",""speed"":""56.0 km/h"",""res"":""Punkt: J. Jarkovský""},{""type"":""tmo"",""score"":""8 : 5"",""txt"":""Czas: GalatasaraySK""},{""type"":""rally"",""score"":""8 : 5"",""speed"":""70.1 km/h"",""res"":""Punkt: R. Lerner""},{""type"":""rally"",""score"":""8 : 4"",""speed"":""46.9 km/h"",""res"":""Punkt: R. Lerner""},{""type"":""tmo"",""score"":""8 : 3"",""txt"":""Czas: ""},{""type"":""rally"",""score"":""8 : 3"",""speed"":""58.7 km/h"",""res"":""Punkt: J. Jarkovský""},{""type"":""rally"",""score"":""7 : 3"",""speed"":""54.7 km/h"",""res"":""Punkt: R. Lerner""},{""type"":""rally"",""score"":""7 : 2"",""speed"":""57.3 km/h"",""res"":""Punkt: B. Ćwik""},{""type"":""rally"",""score"":""6 : 2"",""speed"":""59.5 km/h"",""res"":""Punkt: A. Kondakov""},{""type"":""rally"",""score"":""5 : 2"",""speed"":""49.2 km/h"",""res"":""Punkt: F. Laurent""},{""type"":""rally"",""score"":""5 : 1"",""speed"":""51.2 km/h"",""res"":""Punkt: B. Ćwik""},{""type"":""rally"",""score"":""4 : 1"",""speed"":""54.4 km/h"",""res"":""Punkt: K. Stamboliyski""},{""type"":""rally"",""score"":""4 : 0"",""speed"":""64.9 km/h"",""res"":""Punkt: A. Örsan""},{""type"":""rally"",""score"":""3 : 0"",""speed"":""63.0 km/h"",""res"":""Punkt: A. Örsan""},{""type"":""rally"",""score"":""2 : 0"",""speed"":""46.8 km/h"",""res"":""Punkt: A. Örsan""},{""type"":""rally"",""score"":""1 : 0"",""speed"":""59.1 km/h"",""res"":""Punkt: S. Grilli""}]},{""rallies"":[{""type"":""end"",""score"":""25 : 18"",""txt"":""Koniec seta 2 : 0""},{""type"":""end"",""score"":""25 : 18"",""txt"":""Koniec seta 2 : 0""},{""type"":""rally"",""score"":""25 : 18"",""speed"":""51.2 km/h"",""res"":""Punkt: A. Kondakov""},{""type"":""rally"",""score"":""24 : 18"",""speed"":""56.4 km/h"",""res"":""Punkt: B. Ćwik""},{""type"":""rally"",""score"":""23 : 18"",""speed"":""48.6 km/h"",""res"":""Punkt: F. Laurent""},{""type"":""rally"",""score"":""23 : 17"",""speed"":""44.5 km/h"",""res"":""Punkt: A. Örsan""},{""type"":""rally"",""score"":""22 : 17"",""speed"":""48.6 km/h"",""res"":""Punkt: A. Örsan""},{""type"":""rally"",""score"":""21 : 17"",""speed"":""53.8 km/h"",""res"":""Punkt: R. Evangelista""},{""type"":""rally"",""score"":""21 : 16"",""speed"":""66.8 km/h"",""res"":""Punkt: A. Örsan""},{""type"":""rally"",""score"":""20 : 16"",""speed"":""52.9 km/h"",""res"":""Błąd: J. Jarkovský""},{""type"":""rally"",""score"":""20 : 15"",""speed"":""65.2 km/h"",""res"":""Punkt: R. Evangelista""},{""type"":""rally"",""score"":""20 : 14"",""speed"":""53.3 km/h"",""res"":""Punkt: J. Gautier""},{""type"":""rally"",""score"":""20 : 13"",""speed"":""53.3 km/h"",""res"":""Błąd: A. Örsan""},{""type"":""tmo"",""score"":""20 : 12"",""txt"":""Czas: GalatasaraySK""},{""type"":""rally"",""score"":""20 : 12"",""speed"":""58.5 km/h"",""res"":""Punkt: J. Gautier""},{""type"":""rally"",""score"":""20 : 11"",""speed"":""52.4 km/h"",""res"":""Punkt: J. Gautier""},{""type"":""rally"",""score"":""20 : 10"",""speed"":""55.5 km/h"",""res"":""Punkt: J. Jarkovský""},{""type"":""rally"",""score"":""19 : 10"",""speed"":""46.4 km/h"",""res"":""Punkt: F. Laurent""},{""type"":""rally"",""score"":""19 : 9"",""speed"":""47.7 km/h"",""res"":""Punkt: J. Jarkovský""},{""type"":""tmo"",""score"":""18 : 9"",""txt"":""Czas: RHCP""},{""type"":""rally"",""score"":""18 : 9"",""speed"":""57.1 km/h"",""res"":""Punkt: J. Jarkovský""},{""type"":""rally"",""score"":""17 : 9"",""speed"":""56.2 km/h"",""res"":""Punkt: A. Kondakov""},{""type"":""rally"",""score"":""16 : 9"",""speed"":""54.7 km/h"",""res"":""Punkt: K. Stamboliyski""},{""type"":""tmo"",""score"":""16 : 8"",""txt"":""Czas: ""},{""type"":""rally"",""score"":""16 : 8"",""speed"":""59.7 km/h"",""res"":""Punkt: J. Jarkovský""},{""type"":""rally"",""score"":""15 : 8"",""speed"":""56.7 km/h"",""res"":""Punkt: J. Jarkovský""},{""type"":""tmo"",""score"":""14 : 8"",""txt"":""Czas: RHCP""},{""type"":""rally"",""score"":""14 : 8"",""speed"":""61.9 km/h"",""res"":""Punkt: A. Kondakov""},{""type"":""rally"",""score"":""13 : 8"",""speed"":""61.3 km/h"",""res"":""Punkt: B. Ćwik""},{""type"":""rally"",""score"":""12 : 8"",""speed"":""-"",""res"":""Błąd: R. Evangelista""},{""type"":""rally"",""score"":""11 : 8"",""speed"":""48.9 km/h"",""res"":""Punkt: F. Laurent""},{""type"":""rally"",""score"":""11 : 7"",""speed"":""54.3 km/h"",""res"":""Punkt: A. Kondakov""},{""type"":""tmo"",""score"":""10 : 7"",""txt"":""Czas: GalatasaraySK""},{""type"":""rally"",""score"":""10 : 7"",""speed"":""52.1 km/h"",""res"":""Punkt: F. Laurent""},{""type"":""rally"",""score"":""10 : 6"",""speed"":""-"",""res"":""Błąd: B. Muccioli""},{""type"":""chg"",""score"":""10 : 5"",""txt"":""Zmiana: B. Muccioli ⇄ S. Grilli""},{""type"":""rally"",""score"":""10 : 5"",""speed"":""51.5 km/h"",""res"":""Punkt: B. Ćwik""},{""type"":""rally"",""score"":""9 : 5"",""speed"":""50.6 km/h"",""res"":""Punkt: B. Ćwik""},{""type"":""rally"",""score"":""8 : 5"",""speed"":""46.1 km/h"",""res"":""Punkt: R. Evangelista""},{""type"":""tmo"",""score"":""8 : 4"",""txt"":""Czas: ""},{""type"":""rally"",""score"":""8 : 4"",""speed"":""-"",""res"":""Błąd: J. Gautier""},{""type"":""rally"",""score"":""7 : 4"",""speed"":""54.2 km/h"",""res"":""Punkt: J. Gautier""},{""type"":""rally"",""score"":""7 : 3"",""speed"":""54.1 km/h"",""res"":""Punkt: J. Jarkovský""},{""type"":""rally"",""score"":""6 : 3"",""speed"":""-"",""res"":""Błąd: A. Örsan""},{""type"":""rally"",""score"":""6 : 2"",""speed"":""61.7 km/h"",""res"":""Punkt: J. Jarkovský""},{""type"":""rally"",""score"":""5 : 2"",""speed"":""60.1 km/h"",""res"":""Punkt: K. Stamboliyski""},{""type"":""rally"",""score"":""5 : 1"",""speed"":""62.4 km/h"",""res"":""Punkt: J. Jarkovský""},{""type"":""rally"",""score"":""4 : 1"",""speed"":""53.6 km/h"",""res"":""Punkt: B. Ćwik""},{""type"":""rally"",""score"":""3 : 1"",""speed"":""50.6 km/h"",""res"":""Punkt: R. Evangelista""},{""type"":""rally"",""score"":""3 : 0"",""speed"":""56.5 km/h"",""res"":""Punkt: B. Ćwik""},{""type"":""rally"",""score"":""2 : 0"",""speed"":""47.3 km/h"",""res"":""Punkt: B. Ćwik""},{""type"":""rally"",""score"":""1 : 0"",""speed"":""48.8 km/h"",""res"":""Punkt: B. Ćwik""}]},{""rallies"":[{""type"":""end"",""score"":""21 : 25"",""txt"":""Koniec seta 2 : 1""},{""type"":""end"",""score"":""21 : 25"",""txt"":""Koniec seta 2 : 1""},{""type"":""rally"",""score"":""21 : 25"",""speed"":""56.2 km/h"",""res"":""Punkt: F. Laurent""},{""type"":""rally"",""score"":""21 : 24"",""speed"":""50.7 km/h"",""res"":""Punkt: F. Laurent""},{""type"":""rally"",""score"":""21 : 23"",""speed"":""59.8 km/h"",""res"":""Punkt: J. Gautier""},{""type"":""rally"",""score"":""21 : 22"",""speed"":""57.7 km/h"",""res"":""Punkt: B. Ćwik""},{""type"":""rally"",""score"":""20 : 22"",""speed"":""46.5 km/h"",""res"":""Punkt: F. Laurent""},{""type"":""rally"",""score"":""20 : 21"",""speed"":""46.4 km/h"",""res"":""Punkt: B. Ćwik""},{""type"":""rally"",""score"":""19 : 21"",""speed"":""41.3 km/h"",""res"":""Punkt: F. Laurent""},{""type"":""rally"",""score"":""19 : 20"",""speed"":""48.8 km/h"",""res"":""Punkt: B. Ćwik""},{""type"":""rally"",""score"":""18 : 20"",""speed"":""47.6 km/h"",""res"":""Punkt: K. Stamboliyski""},{""type"":""rally"",""score"":""18 : 19"",""speed"":""50.7 km/h"",""res"":""Punkt: K. Stamboliyski""},{""type"":""rally"",""score"":""18 : 18"",""speed"":""46.9 km/h"",""res"":""Punkt: K. Stamboliyski""},{""type"":""tmo"",""score"":""18 : 17"",""txt"":""Czas: RHCP""},{""type"":""rally"",""score"":""18 : 17"",""speed"":""49.3 km/h"",""res"":""Punkt: B. Ćwik""},{""type"":""rally"",""score"":""17 : 17"",""speed"":""46.4 km/h"",""res"":""Punkt: B. Ćwik""},{""type"":""rally"",""score"":""16 : 17"",""speed"":""70.5 km/h"",""res"":""Punkt: B. Muccioli""},{""type"":""tmo"",""score"":""15 : 17"",""txt"":""Czas: GalatasaraySK""},{""type"":""rally"",""score"":""15 : 17"",""speed"":""74.1 km/h"",""res"":""Punkt: R. Evangelista""},{""type"":""tmo"",""score"":""15 : 16"",""txt"":""Czas: ""},{""type"":""rally"",""score"":""15 : 16"",""speed"":""52.7 km/h"",""res"":""Punkt: R. Evangelista""},{""type"":""rally"",""score"":""15 : 15"",""speed"":""56.9 km/h"",""res"":""Punkt: J. Jarkovský""},{""type"":""rally"",""score"":""14 : 15"",""speed"":""59.1 km/h"",""res"":""Punkt: J. Gautier""},{""type"":""rally"",""score"":""14 : 14"",""speed"":""54.7 km/h"",""res"":""Punkt: J. Jarkovský""},{""type"":""tmo"",""score"":""13 : 14"",""txt"":""Czas: RHCP""},{""type"":""rally"",""score"":""13 : 14"",""speed"":""55.9 km/h"",""res"":""Błąd: J. Gautier""},{""type"":""rally"",""score"":""12 : 14"",""speed"":""53.4 km/h"",""res"":""Błąd: R. Lerner""},{""type"":""rally"",""score"":""11 : 14"",""speed"":""55.1 km/h"",""res"":""Punkt: A. Kondakov""},{""type"":""rally"",""score"":""10 : 14"",""speed"":""54.6 km/h"",""res"":""Punkt: R. Lerner""},{""type"":""rally"",""score"":""10 : 13"",""speed"":""63.5 km/h"",""res"":""Punkt: B. Ćwik""},{""type"":""rally"",""score"":""9 : 13"",""speed"":""60.9 km/h"",""res"":""Punkt: K. Stamboliyski""},{""type"":""rally"",""score"":""9 : 12"",""speed"":""46.5 km/h"",""res"":""Punkt: K. Stamboliyski""},{""type"":""rally"",""score"":""9 : 11"",""speed"":""42.9 km/h"",""res"":""Punkt: B. Ćwik""},{""type"":""rally"",""score"":""8 : 11"",""speed"":""63.2 km/h"",""res"":""Punkt: B. Ćwik""},{""type"":""rally"",""score"":""7 : 11"",""speed"":""46.6 km/h"",""res"":""Punkt: F. Laurent""},{""type"":""rally"",""score"":""7 : 10"",""speed"":""50.3 km/h"",""res"":""Punkt: B. Ćwik""},{""type"":""rally"",""score"":""6 : 10"",""speed"":""47.6 km/h"",""res"":""Punkt: O. Sevınç""},{""type"":""chg"",""score"":""5 : 10"",""txt"":""Zmiana: B. Muccioli ⇄ S. Grilli""},{""type"":""rally"",""score"":""5 : 10"",""speed"":""51.4 km/h"",""res"":""Punkt: R. Evangelista""},{""type"":""rally"",""score"":""5 : 9"",""speed"":""-"",""res"":""Błąd: R. Lerner""},{""type"":""rally"",""score"":""4 : 9"",""speed"":""60.3 km/h"",""res"":""Punkt: R. Lerner""},{""type"":""rally"",""score"":""4 : 8"",""speed"":""63.5 km/h"",""res"":""Punkt: J. Jarkovský""},{""type"":""tmo"",""score"":""3 : 8"",""txt"":""Czas: ""},{""type"":""rally"",""score"":""3 : 8"",""speed"":""61.4 km/h"",""res"":""Punkt: R. Evangelista""},{""type"":""rally"",""score"":""3 : 7"",""speed"":""44.9 km/h"",""res"":""Błąd: A. Örsan""},{""type"":""rally"",""score"":""3 : 6"",""speed"":""52.9 km/h"",""res"":""Punkt: R. Lerner""},{""type"":""rally"",""score"":""3 : 5"",""speed"":""46.4 km/h"",""res"":""Punkt: A. Kondakov""},{""type"":""rally"",""score"":""2 : 5"",""speed"":""45.7 km/h"",""res"":""Punkt: F. Laurent""},{""type"":""rally"",""score"":""2 : 4"",""speed"":""73.7 km/h"",""res"":""Punkt: A. Kondakov""},{""type"":""tmo"",""score"":""1 : 4"",""txt"":""Czas: GalatasaraySK""},{""type"":""rally"",""score"":""1 : 4"",""speed"":""43.7 km/h"",""res"":""Punkt: R. Lerner""},{""type"":""rally"",""score"":""1 : 3"",""speed"":""47.1 km/h"",""res"":""Punkt: K. Stamboliyski""},{""type"":""rally"",""score"":""1 : 2"",""speed"":""54.0 km/h"",""res"":""Punkt: O. Sevınç""},{""type"":""rally"",""score"":""0 : 2"",""speed"":""65.6 km/h"",""res"":""Błąd: B. Ćwik""},{""type"":""rally"",""score"":""0 : 1"",""speed"":""57.2 km/h"",""res"":""Punkt: F. Laurent""}]},{""rallies"":[{""type"":""end"",""score"":""25 : 18"",""txt"":""Koniec seta 3 : 1""},{""type"":""end"",""score"":""25 : 18"",""txt"":""Koniec seta 3 : 1""},{""type"":""rally"",""score"":""25 : 18"",""speed"":""56.0 km/h"",""res"":""Punkt: B. Ćwik""},{""type"":""rally"",""score"":""24 : 18"",""speed"":""-"",""res"":""Błąd: J. Jarkovský""},{""type"":""rally"",""score"":""24 : 17"",""speed"":""53.8 km/h"",""res"":""Punkt: B. Ćwik""},{""type"":""rally"",""score"":""23 : 17"",""speed"":""45.3 km/h"",""res"":""Punkt: B. Ćwik""},{""type"":""rally"",""score"":""22 : 17"",""speed"":""40.8 km/h"",""res"":""Punkt: B. Ćwik""},{""type"":""rally"",""score"":""21 : 17"",""speed"":""60.9 km/h"",""res"":""Punkt: J. Jarkovský""},{""type"":""rally"",""score"":""20 : 17"",""speed"":""67.5 km/h"",""res"":""Punkt: R. Evangelista""},{""type"":""rally"",""score"":""20 : 16"",""speed"":""49.6 km/h"",""res"":""Punkt: J. Gautier""},{""type"":""rally"",""score"":""20 : 15"",""speed"":""53.0 km/h"",""res"":""Punkt: A. Örsan""},{""type"":""rally"",""score"":""19 : 15"",""speed"":""52.8 km/h"",""res"":""Punkt: J. Gautier""},{""type"":""rally"",""score"":""19 : 14"",""speed"":""68.6 km/h"",""res"":""Punkt: A. Örsan""},{""type"":""rally"",""score"":""18 : 14"",""speed"":""54.4 km/h"",""res"":""Punkt: J. Gautier""},{""type"":""tmo"",""score"":""18 : 13"",""txt"":""Czas: GalatasaraySK""},{""type"":""rally"",""score"":""18 : 13"",""speed"":""54.8 km/h"",""res"":""Punkt: F. Laurent""},{""type"":""rally"",""score"":""18 : 12"",""speed"":""53.1 km/h"",""res"":""Punkt: K. Stamboliyski""},{""type"":""tmo"",""score"":""18 : 11"",""txt"":""Czas: RHCP""},{""type"":""rally"",""score"":""18 : 11"",""speed"":""61.6 km/h"",""res"":""Błąd: F. Laurent""},{""type"":""rally"",""score"":""17 : 11"",""speed"":""44.2 km/h"",""res"":""Punkt: A. Kondakov""},{""type"":""tmo"",""score"":""16 : 11"",""txt"":""Czas: ""},{""type"":""rally"",""score"":""16 : 11"",""speed"":""48.0 km/h"",""res"":""Punkt: B. Ćwik""},{""type"":""rally"",""score"":""15 : 11"",""speed"":""46.8 km/h"",""res"":""Punkt: F. Laurent""},{""type"":""rally"",""score"":""15 : 10"",""speed"":""50.0 km/h"",""res"":""Punkt: B. Ćwik""},{""type"":""tmo"",""score"":""14 : 10"",""txt"":""Czas: RHCP""},{""type"":""rally"",""score"":""14 : 10"",""speed"":""50.9 km/h"",""res"":""Punkt: B. Ćwik""},{""type"":""rally"",""score"":""13 : 10"",""speed"":""46.4 km/h"",""res"":""Punkt: B. Ćwik""},{""type"":""rally"",""score"":""12 : 10"",""speed"":""60.5 km/h"",""res"":""Błąd: R. Evangelista""},{""type"":""rally"",""score"":""11 : 10"",""speed"":""59.3 km/h"",""res"":""Punkt: R. Evangelista""},{""type"":""tmo"",""score"":""11 : 9"",""txt"":""Czas: GalatasaraySK""},{""type"":""rally"",""score"":""11 : 9"",""speed"":""45.9 km/h"",""res"":""Punkt: K. Stamboliyski""},{""type"":""rally"",""score"":""11 : 8"",""speed"":""49.9 km/h"",""res"":""Punkt: J. Gautier""},{""type"":""rally"",""score"":""11 : 7"",""speed"":""60.9 km/h"",""res"":""Punkt: B. Ćwik""},{""type"":""rally"",""score"":""10 : 7"",""speed"":""53.5 km/h"",""res"":""Punkt: R. Lerner""},{""type"":""chg"",""score"":""10 : 6"",""txt"":""Zmiana: B. Muccioli ⇄ S. Grilli""},{""type"":""rally"",""score"":""10 : 6"",""speed"":""58.5 km/h"",""res"":""Punkt: A. Örsan""},{""type"":""rally"",""score"":""9 : 6"",""speed"":""44.5 km/h"",""res"":""Punkt: R. Lerner""},{""type"":""rally"",""score"":""9 : 5"",""speed"":""56.1 km/h"",""res"":""Punkt: J. Jarkovský""},{""type"":""tmo"",""score"":""8 : 5"",""txt"":""Czas: ""},{""type"":""rally"",""score"":""8 : 5"",""speed"":""56.0 km/h"",""res"":""Punkt: J. Jarkovský""},{""type"":""rally"",""score"":""7 : 5"",""speed"":""47.7 km/h"",""res"":""Punkt: F. Laurent""},{""type"":""rally"",""score"":""7 : 4"",""speed"":""43.0 km/h"",""res"":""Punkt: J. Jarkovský""},{""type"":""rally"",""score"":""6 : 4"",""speed"":""43.7 km/h"",""res"":""Punkt: S. Grilli""},{""type"":""rally"",""score"":""5 : 4"",""speed"":""50.2 km/h"",""res"":""Punkt: J. Jarkovský""},{""type"":""rally"",""score"":""4 : 4"",""speed"":""52.2 km/h"",""res"":""Punkt: J. Jarkovský""},{""type"":""rally"",""score"":""3 : 4"",""speed"":""-"",""res"":""Błąd: K. Stamboliyski""},{""type"":""rally"",""score"":""2 : 4"",""speed"":""63.8 km/h"",""res"":""Punkt: K. Stamboliyski""},{""type"":""rally"",""score"":""2 : 3"",""speed"":""59.7 km/h"",""res"":""Punkt: B. Ćwik""},{""type"":""rally"",""score"":""1 : 3"",""speed"":""60.8 km/h"",""res"":""Błąd: A. Kondakov""},{""type"":""rally"",""score"":""1 : 2"",""speed"":""44.1 km/h"",""res"":""Punkt: F. Laurent""},{""type"":""rally"",""score"":""1 : 1"",""speed"":""50.6 km/h"",""res"":""Punkt: B. Ćwik""},{""type"":""rally"",""score"":""0 : 1"",""speed"":""50.2 km/h"",""res"":""Punkt: K. Stamboliyski""}]}]}","1","2","0","0","0","0","18","27","1","0","14","0","0","4","64.9","53","0","0","0","0","0","0","0","0","0","0","0","0","0","0","0","0","0","0","0","0","0","0","0","0","0","0","0","0","0","0","32","3","0","4","15","54","0","0","0","0","0","3","0","0","0","0","0","1","0","0","0","0","0","2","1","0","0","1","0","clan-bulk-1.2","0","0","0"
"liga_klanow_2_2","GalatasaraySK vs RHCP 3:1","1297880","2026-09-18 19:00","Taç Spor Tesisleri","ORIGIN","1419","GalatasaraySK","","Sevınç, Olcayto","1928893","2","-2","17","0","0","56.5","11","2","2","18","0","16","12","6","4","4","63","45","2","96","23","51","0","33","65","0","0","0","0","0","0","0","29.8","","3","3","0","0","0","0","33","65","0","1","26","0","0","7","56.5","48.7","0","0","0","0","1","1","2","0","1","0","0","3","0","0","0","0","1","1","0","0","0","0","0","0","0","0","1","0","5","6","0","0","0","0","0","0","4","15","19","5","43","6","0","0","0","0","0","4","0","0","0","0","0","1","0","0","2","0","0","clan-bulk-1.2","0","0","0"
"liga_klanow_2_2","GalatasaraySK vs RHCP 3:1","1297880","2026-09-18 19:00","Taç Spor Tesisleri","ORIGIN","1419","GalatasaraySK","","Ćwik, Bartosz","1904738","39","36","18","0","2","63.8","42","3","25","60","52","4","4","0","0","0","0","0","0","0","0","0","12","54","73","1","0","2","0","1","1","0","97.9","","0","0","0","0","0","0","54","73","12","1","44","0","0","10","63.8","57.4","4","1","0","0","3","8","1","0","0","0","0","1","0","0","0","0","0","0","19","0","2","1","11","33","0","0","0","0","0","0","1","0","0","0","1","2","0","0","0","0","0","0","0","0","0","0","0","0","0","0","0","0","0","4","10","8","10","11","0","clan-bulk-1.2","0","0","0"
"liga_klanow_2_2","GalatasaraySK vs RHCP 3:1","1297880","2026-09-18 19:00","Taç Spor Tesisleri","ORIGIN","1419","GalatasaraySK","","Örsan, Aydemir","1929561","10","5","17","1","0","59.1","16","4","7","44","19","19","16","1","3","2","16","0","0","0","0","0","3","33","75","0","0","0","0","0","0","0","21.4","","2","2","0","0","0","0","33","75","3","0","28","0","0","5","59.1","50.6","3","0","0","0","4","7","0","0","1","0","0","1","2","0","0","0","0","2","0","0","0","0","0","0","2","3","0","0","1","6","0","0","0","0","0","0","0","0","0","0","0","1","0","0","0","0","0","2","0","0","0","0","0","4","5","5","1","3","0","clan-bulk-1.2","0","0","0"
"liga_klanow_2_2","GalatasaraySK vs RHCP 3:1","1297880","2026-09-18 19:00","Taç Spor Tesisleri","ORIGIN","1419","GalatasaraySK","","Kondakov, Andrey","1928246","11","9","9","0","0","60.3","16","2","10","63","50","16","13","7","3","0","44","18","0","100","9","50","1","24","66","0","0","0","0","0","0","0","46.4","","0","0","0","0","0","0","24","66","1","0","23","0","0","1","60.3","51.2","1","0","0","0","1","2","0","0","0","0","0","0","7","1","0","0","2","10","0","0","0","0","0","0","2","0","1","0","1","4","0","0","0","0","0","0","4","6","6","2","18","7","0","0","0","0","0","0","0","0","0","0","0","4","3","4","3","2","0","clan-bulk-1.2","0","0","0"
"liga_klanow_2_2","GalatasaraySK vs RHCP 3:1","1297880","2026-09-18 19:00","Taç Spor Tesisleri","ORIGIN","1419","GalatasaraySK","","Jarkovský, Jan","1975913","22","18","15","1","1","55.5","26","3","15","58","46","3","3","0","0","0","0","0","0","0","0","0","6","39","58","0","0","0","0","0","0","0","54.7","","0","0","0","0","0","0","39","58","6","1","34","0","0","5","55.5","49.1","0","0","0","0","2","2","1","0","1","0","0","2","0","0","0","0","0","0","14","1","1","0","6","22","0","0","0","0","0","0","0","0","0","0","0","0","0","0","0","0","0","0","0","0","0","0","0","0","0","0","0","0","0","4","5","9","3","7","0","clan-bulk-1.2","0","0","0"
"liga_klanow_2_2","GalatasaraySK vs RHCP 3:1","1297880","2026-09-18 19:00","Taç Spor Tesisleri","ORIGIN","1419","GalatasaraySK","","Zabłocki, Nataniel","1724946","0","-2","0","0","0","0","0","0","0","0","0","24","23","9","1","1","42","16","2","88","6","38","0","0","0","3","0","4","0","0","2","2","11.6","","1","1","0","0","0","0","0","0","0","0","0","0","0","0","0","0","0","0","0","0","0","0","0","0","0","0","0","0","0","0","0","0","0","0","0","0","0","0","0","0","0","0","0","0","0","0","3","0","0","0","1","4","3","5","4","2","14","9","0","0","0","0","0","1","0","0","0","0","0","0","0","0","0","0","0","clan-bulk-1.2","0","0","0"
"liga_klanow_2_2","GalatasaraySK vs RHCP 3:1","1297880","2026-09-18 19:00","Taç Spor Tesisleri","ORIGIN","1419","GalatasaraySK","","Muccioli, Baldassarre","1904456","1","0","7","1","0","50.3","0","0","0","0","0","13","10","0","3","2","15","0","0","0","0","0","1","13","29","22","5","51","6","24","15","6","2.8","","2","2","0","0","0","0","13","29","1","0","11","0","0","2","50.3","46.9","0","0","0","0","0","0","0","0","0","0","0","0","0","0","0","0","0","0","0","0","0","0","0","0","0","0","0","0","0","0","22","5","1","2","21","51","0","0","0","0","0","0","0","0","0","0","0","2","0","0","0","0","0","2","0","1","1","0","0","clan-bulk-1.2","0","0","0"
"liga_klanow_2_2","GalatasaraySK vs RHCP 3:1","1297880","2026-09-18 19:00","Taç Spor Tesisleri","Mighty Ducks","1419","RHCP","","Görkem, Refik","1949128","0","0","18","0","0","61.8","1","0","0","0","0","26","17","10","9","5","58","0","0","0","0","0","0","7","45","58","21","116","17","42","34","23","10","","3","5","0","0","0","0","7","45","0","0","4","0","0","3","61.8","52.2","0","0","0","0","1","1","0","0","0","0","0","0","0","0","0","0","0","0","0","0","0","0","0","0","0","0","0","0","0","0","58","21","2","4","31","116","0","0","0","0","0","0","0","0","0","0","0","0","0","0","0","0","0","0","0","0","0","0","0","clan-bulk-1.2","0","0","0"
"liga_klanow_2_2","GalatasaraySK vs RHCP 3:1","1297880","2026-09-18 19:00","Taç Spor Tesisleri","Mighty Ducks","1419","RHCP","","Evangelista, Ramon","1767931","16","7","12","1","0","65.6","28","7","16","57","32","15","9","0","6","3","20","29","1","97","15","52","0","29","69","0","0","0","0","0","0","0","43.3","","1","1","0","0","0","0","29","69","0","0","17","0","0","12","65.6","56","1","0","0","0","0","1","0","0","2","0","0","2","13","1","3","2","4","23","0","0","0","0","0","0","0","0","1","0","1","2","0","0","0","0","0","0","0","0","0","0","0","0","0","0","0","0","0","0","0","0","0","0","0","4","4","5","4","3","0","clan-bulk-1.2","0","0","0"
"liga_klanow_2_2","GalatasaraySK vs RHCP 3:1","1297880","2026-09-18 19:00","Taç Spor Tesisleri","Mighty Ducks","1419","RHCP","","Stamboliyski, Kiril","1976121","19","12","15","2","1","74.3","31","5","16","52","35","11","5","0","6","2","18","0","0","0","0","0","2","40","64","2","2","4","0","1","2","1","39.3","","0","0","0","0","0","0","40","64","1","1","20","1","0","20","74.3","61","0","0","0","0","4","4","2","0","2","0","0","4","0","0","0","0","0","0","14","0","3","0","6","23","0","0","0","0","0","0","2","2","0","0","0","4","0","0","0","0","0","0","0","0","0","0","0","0","0","0","0","0","0","4","7","2","6","5","0","clan-bulk-1.2","0","0","0"
"liga_klanow_2_2","GalatasaraySK vs RHCP 3:1","1297880","2026-09-18 19:00","Taç Spor Tesisleri","Mighty Ducks","1419","RHCP","","Laurent, Fabien","1767156","20","9","11","0","2","58.7","35","11","15","43","11","20","12","3","8","0","15","0","0","0","0","0","3","38","66","0","0","0","0","0","0","0","33.1","","0","2","0","0","0","0","38","66","2","0","15","1","0","23","58.7","53.3","0","0","1","0","0","1","0","0","3","0","0","3","13","2","5","1","7","28","0","0","0","0","0","0","1","0","0","0","2","3","0","0","0","0","0","0","0","0","0","0","0","0","0","0","0","0","0","0","0","0","0","0","0","4","4","4","7","5","0","clan-bulk-1.2","0","0","0"
"liga_klanow_2_2","GalatasaraySK vs RHCP 3:1","1297880","2026-09-18 19:00","Taç Spor Tesisleri","Mighty Ducks","1419","RHCP","","Gautier, Jean","1905888","14","8","17","1","1","70.1","22","4","13","59","41","27","14","8","13","5","48","26","1","96","13","50","0","17","42","0","0","0","0","0","0","0","51.8","","5","9","0","0","0","0","17","42","0","0","7","0","0","10","70.1","59.6","0","0","0","0","1","1","0","0","1","0","2","3","10","1","1","0","1","13","0","0","0","0","0","0","3","0","1","0","1","5","0","0","0","0","0","0","0","0","0","0","0","0","0","0","0","0","0","0","0","0","0","0","0","4","4","5","3","4","0","clan-bulk-1.2","0","0","0"
"liga_klanow_2_2","GalatasaraySK vs RHCP 3:1","1297880","2026-09-18 19:00","Taç Spor Tesisleri","Mighty Ducks","1419","RHCP","","Lerner, Roberval","1928686","11","8","11","1","0","74.1","15","2","8","53","40","7","4","1","3","0","14","0","0","0","0","0","3","33","47","0","0","0","0","0","0","0","29.8","","0","0","0","0","0","0","33","47","2","0","15","1","0","18","74.1","58.8","0","0","1","0","3","4","1","0","0","0","0","1","0","0","0","0","0","0","7","1","0","0","2","10","0","0","0","0","0","0","0","0","0","0","0","0","0","0","0","0","0","0","0","0","0","0","0","0","0","0","0","0","0","3","4","0","6","2","0","clan-bulk-1.2","0","0","0"
"liga_klanow_2_2","GalatasaraySK vs RHCP 3:1","1297880","2026-09-18 19:00","Taç Spor Tesisleri","Mighty Ducks","1419","RHCP","","Adlitzer, Mathias","1929268","0","-2","0","0","0","0","0","0","0","0","0","20","16","5","4","2","35","37","2","95","17","46","0","0","0","5","1","11","0","1","4","6","21.6","","2","2","0","0","0","0","0","0","0","0","0","0","0","0","0","0","0","0","0","0","0","0","0","0","0","0","0","0","0","0","0","0","0","0","0","0","0","0","0","0","0","0","0","0","0","0","5","1","1","1","3","11","0","0","0","0","0","0","0","0","0","0","0","0","0","0","0","0","0","0","0","0","0","0","0","clan-bulk-1.2","0","0","0"
"liga_klanow_2_2","Bahadir Volley vs Pampulha E.C. 0:3","1297881","2026-09-18 19:00","Bahadir Hall","ORIGIN","1419","Bahadir Volley","","Hale, Olcayto","1905431","6","6","12","0","0","60.5","1","0","0","0","0","17","6","0","11","7","41","0","0","0","0","0","6","20","40","33","31","87","6","29","33","19","20.8","{""sets"":[{""h"":19,""a"":25},{""h"":16,""a"":25},{""h"":23,""a"":25}],""parsedSets"":[{""rallies"":[{""type"":""end"",""score"":""19 : 25"",""txt"":""Koniec seta 0 : 1""},{""type"":""end"",""score"":""19 : 25"",""txt"":""Koniec seta 0 : 1""},{""type"":""rally"",""score"":""19 : 25"",""speed"":""53.7 km/h"",""res"":""Punkt: P. Golec""},{""type"":""rally"",""score"":""19 : 24"",""speed"":""60.5 km/h"",""res"":""Punkt: D. Kożuch""},{""type"":""rally"",""score"":""18 : 24"",""speed"":""54.2 km/h"",""res"":""Punkt: A. Miśkiewicz""},{""type"":""rally"",""score"":""17 : 24"",""speed"":""47.9 km/h"",""res"":""Punkt: P. Golec""},{""type"":""rally"",""score"":""17 : 23"",""speed"":""50.8 km/h"",""res"":""Punkt: P. Golec""},{""type"":""rally"",""score"":""17 : 22"",""speed"":""61.3 km/h"",""res"":""Punkt: D. Błoch""},{""type"":""rally"",""score"":""17 : 21"",""speed"":""44.1 km/h"",""res"":""Punkt: A. Miśkiewicz""},{""type"":""rally"",""score"":""16 : 21"",""speed"":""49.0 km/h"",""res"":""Punkt: P. Lacroix""},{""type"":""chg"",""score"":""16 : 20"",""txt"":""Zmiana: L. Hicks ⇄ M. Lewandowski""},{""type"":""rally"",""score"":""16 : 20"",""speed"":""49.2 km/h"",""res"":""Punkt: P. Chabot""},{""type"":""rally"",""score"":""15 : 20"",""speed"":""52.0 km/h"",""res"":""Punkt: M. Kobyłecki""},{""type"":""rally"",""score"":""14 : 20"",""speed"":""48.3 km/h"",""res"":""Punkt: D. Kożuch""},{""type"":""rally"",""score"":""13 : 20"",""speed"":""45.1 km/h"",""res"":""Punkt: G. Yordanov""},{""type"":""rally"",""score"":""13 : 19"",""speed"":""55.0 km/h"",""res"":""Punkt: D. Błoch""},{""type"":""rally"",""score"":""13 : 18"",""speed"":""44.3 km/h"",""res"":""Błąd: D. Kożuch""},{""type"":""rally"",""score"":""13 : 17"",""speed"":""51.3 km/h"",""res"":""Punkt: D. Błoch""},{""type"":""rally"",""score"":""13 : 16"",""speed"":""72.2 km/h"",""res"":""Punkt: M. Kobyłecki""},{""type"":""rally"",""score"":""12 : 16"",""speed"":""42.3 km/h"",""res"":""Punkt: P. Chabot""},{""type"":""tmo"",""score"":""11 : 16"",""txt"":""Czas: ""},{""type"":""rally"",""score"":""11 : 16"",""speed"":""56.1 km/h"",""res"":""Punkt: D. Płuciennik""},{""type"":""rally"",""score"":""11 : 15"",""speed"":""46.9 km/h"",""res"":""Punkt: D. Kożuch""},{""type"":""rally"",""score"":""10 : 15"",""speed"":""-"",""res"":""Błąd: A. Miśkiewicz""},{""type"":""chg"",""score"":""10 : 14"",""txt"":""Zmiana: M. Lewandowski ⇄ L. Hicks""},{""type"":""chg"",""score"":""10 : 14"",""txt"":""Zmiana: D. Błoch ⇄ P. Andrieu""},{""type"":""rally"",""score"":""10 : 14"",""speed"":""51.2 km/h"",""res"":""Błąd: L. Hicks""},{""type"":""rally"",""score"":""9 : 14"",""speed"":""57.9 km/h"",""res"":""Punkt: D. Kożuch""},{""type"":""rally"",""score"":""8 : 14"",""speed"":""48.6 km/h"",""res"":""Punkt: A. Miśkiewicz""},{""type"":""rally"",""score"":""7 : 14"",""speed"":""55.0 km/h"",""res"":""Punkt: P. Andrieu""},{""type"":""rally"",""score"":""7 : 13"",""speed"":""42.2 km/h"",""res"":""Punkt: A. Miśkiewicz""},{""type"":""rally"",""score"":""6 : 13"",""speed"":""49.3 km/h"",""res"":""Punkt: D. Płuciennik""},{""type"":""chg"",""score"":""6 : 12"",""txt"":""Zmiana: A. Miśkiewicz ⇄ A. Yurukov""},{""type"":""rally"",""score"":""6 : 12"",""speed"":""42.6 km/h"",""res"":""Błąd: D. Kożuch""},{""type"":""rally"",""score"":""6 : 11"",""speed"":""50.5 km/h"",""res"":""Punkt: D. Płuciennik""},{""type"":""rally"",""score"":""6 : 10"",""speed"":""43.8 km/h"",""res"":""Punkt: O. Hale""},{""type"":""rally"",""score"":""5 : 10"",""speed"":""56.0 km/h"",""res"":""Punkt: P. Andrieu""},{""type"":""rally"",""score"":""5 : 9"",""speed"":""47.4 km/h"",""res"":""Punkt: P. Chabot""},{""type"":""tmo"",""score"":""4 : 9"",""txt"":""Czas: Bahadir Volley""},{""type"":""rally"",""score"":""4 : 9"",""speed"":""60.8 km/h"",""res"":""Błąd: P. Chabot""},{""type"":""tmo"",""score"":""4 : 8"",""txt"":""Czas: ""},{""type"":""rally"",""score"":""4 : 8"",""speed"":""56.0 km/h"",""res"":""Punkt: P. Lacroix""},{""type"":""tmo"",""score"":""4 : 7"",""txt"":""Czas: Bahadir Volley""},{""type"":""rally"",""score"":""4 : 7"",""speed"":""58.1 km/h"",""res"":""Błąd: M. Kobyłecki""},{""type"":""rally"",""score"":""4 : 6"",""speed"":""45.2 km/h"",""res"":""Punkt: G. Yordanov""},{""type"":""rally"",""score"":""4 : 5"",""speed"":""-"",""res"":""Błąd: P. Chabot""},{""type"":""rally"",""score"":""4 : 4"",""speed"":""-"",""res"":""Błąd: L. Hicks""},{""type"":""rally"",""score"":""3 : 4"",""speed"":""51.7 km/h"",""res"":""Punkt: D. Płuciennik""},{""type"":""rally"",""score"":""3 : 3"",""speed"":""50.6 km/h"",""res"":""Punkt: D. Kożuch""},{""type"":""rally"",""score"":""2 : 3"",""speed"":""82.1 km/h"",""res"":""Punkt: P. Chabot""},{""type"":""rally"",""score"":""1 : 3"",""speed"":""54.8 km/h"",""res"":""Punkt: P. Lacroix""},{""type"":""rally"",""score"":""1 : 2"",""speed"":""48.8 km/h"",""res"":""Punkt: D. Płuciennik""},{""type"":""rally"",""score"":""1 : 1"",""speed"":""52.1 km/h"",""res"":""Punkt: P. Chabot""},{""type"":""rally"",""score"":""0 : 1"",""speed"":""42.8 km/h"",""res"":""Błąd: P. Chabot""}]},{""rallies"":[{""type"":""end"",""score"":""16 : 25"",""txt"":""Koniec seta 0 : 2""},{""type"":""end"",""score"":""16 : 25"",""txt"":""Koniec seta 0 : 2""},{""type"":""rally"",""score"":""16 : 25"",""speed"":""52.5 km/h"",""res"":""Punkt: P. Andrieu""},{""type"":""rally"",""score"":""16 : 24"",""speed"":""58.6 km/h"",""res"":""Punkt: D. Marcucci""},{""type"":""rally"",""score"":""15 : 24"",""speed"":""58.9 km/h"",""res"":""Punkt: P. Lacroix""},{""type"":""rally"",""score"":""15 : 23"",""speed"":""57.2 km/h"",""res"":""Punkt: P. Lacroix""},{""type"":""chg"",""score"":""15 : 22"",""txt"":""Zmiana: P. Andrieu ⇄ D. Błoch""},{""type"":""chg"",""score"":""15 : 22"",""txt"":""Zmiana: G. Yordanov ⇄ G. Wójcik""},{""type"":""rally"",""score"":""15 : 22"",""speed"":""63.2 km/h"",""res"":""Punkt: O. Hale""},{""type"":""rally"",""score"":""14 : 22"",""speed"":""54.8 km/h"",""res"":""Punkt: O. Hale""},{""type"":""rally"",""score"":""13 : 22"",""speed"":""60.4 km/h"",""res"":""Punkt: P. Lacroix""},{""type"":""rally"",""score"":""13 : 21"",""speed"":""41.7 km/h"",""res"":""Punkt: G. Wójcik""},{""type"":""rally"",""score"":""13 : 20"",""speed"":""55.3 km/h"",""res"":""Punkt: M. Kobyłecki""},{""type"":""rally"",""score"":""12 : 20"",""speed"":""-"",""res"":""Błąd: M. Lewandowski""},{""type"":""rally"",""score"":""11 : 20"",""speed"":""40.8 km/h"",""res"":""Punkt: M. Lewandowski""},{""type"":""rally"",""score"":""11 : 19"",""speed"":""-"",""res"":""Błąd: P. Golec""},{""type"":""rally"",""score"":""10 : 19"",""speed"":""49.7 km/h"",""res"":""Punkt: D. Błoch""},{""type"":""rally"",""score"":""10 : 18"",""speed"":""81.4 km/h"",""res"":""Punkt: D. Marcucci""},{""type"":""rally"",""score"":""9 : 18"",""speed"":""71.4 km/h"",""res"":""Punkt: D. Błoch""},{""type"":""rally"",""score"":""9 : 17"",""speed"":""58.7 km/h"",""res"":""Punkt: D. Płuciennik""},{""type"":""rally"",""score"":""9 : 16"",""speed"":""45.8 km/h"",""res"":""Punkt: D. Kożuch""},{""type"":""tmo"",""score"":""8 : 16"",""txt"":""Czas: ""},{""type"":""rally"",""score"":""8 : 16"",""speed"":""65.6 km/h"",""res"":""Punkt: P. Golec""},{""type"":""rally"",""score"":""8 : 15"",""speed"":""61.0 km/h"",""res"":""Punkt: P. Golec""},{""type"":""rally"",""score"":""8 : 14"",""speed"":""58.9 km/h"",""res"":""Punkt: P. Golec""},{""type"":""rally"",""score"":""8 : 13"",""speed"":""59.6 km/h"",""res"":""Punkt: P. Golec""},{""type"":""rally"",""score"":""8 : 12"",""speed"":""48.0 km/h"",""res"":""Punkt: D. Kożuch""},{""type"":""chg"",""score"":""7 : 12"",""txt"":""Zmiana: A. Miśkiewicz ⇄ A. Yurukov""},{""type"":""rally"",""score"":""7 : 12"",""speed"":""54.5 km/h"",""res"":""Punkt: M. Lewandowski""},{""type"":""rally"",""score"":""7 : 11"",""speed"":""49.0 km/h"",""res"":""Błąd: D. Płuciennik""},{""type"":""tmo"",""score"":""6 : 11"",""txt"":""Czas: Bahadir Volley""},{""type"":""rally"",""score"":""6 : 11"",""speed"":""44.1 km/h"",""res"":""Punkt: P. Lacroix""},{""type"":""rally"",""score"":""6 : 10"",""speed"":""45.9 km/h"",""res"":""Błąd: D. Kożuch""},{""type"":""tmo"",""score"":""6 : 9"",""txt"":""Czas: Bahadir Volley""},{""type"":""rally"",""score"":""6 : 9"",""speed"":""45.5 km/h"",""res"":""Punkt: D. Płuciennik""},{""type"":""rally"",""score"":""6 : 8"",""speed"":""53.9 km/h"",""res"":""Punkt: D. Kożuch""},{""type"":""tmo"",""score"":""5 : 8"",""txt"":""Czas: ""},{""type"":""rally"",""score"":""5 : 8"",""speed"":""61.0 km/h"",""res"":""Punkt: M. Lewandowski""},{""type"":""rally"",""score"":""5 : 7"",""speed"":""57.2 km/h"",""res"":""Punkt: P. Lacroix""},{""type"":""rally"",""score"":""5 : 6"",""speed"":""46.4 km/h"",""res"":""Błąd: M. Kobyłecki""},{""type"":""rally"",""score"":""5 : 5"",""speed"":""51.0 km/h"",""res"":""Punkt: M. Lewandowski""},{""type"":""rally"",""score"":""5 : 4"",""speed"":""61.5 km/h"",""res"":""Punkt: D. Błoch""},{""type"":""rally"",""score"":""5 : 3"",""speed"":""40.7 km/h"",""res"":""Punkt: D. Błoch""},{""type"":""chg"",""score"":""5 : 2"",""txt"":""Zmiana: M. Lewandowski ⇄ L. Hicks""},{""type"":""chg"",""score"":""5 : 2"",""txt"":""Zmiana: G. Wójcik ⇄ G. Yordanov""},{""type"":""chg"",""score"":""5 : 2"",""txt"":""Zmiana: W. Payne ⇄ P. Chabot""},{""type"":""rally"",""score"":""5 : 2"",""speed"":""59.3 km/h"",""res"":""Błąd: D. Błoch""},{""type"":""rally"",""score"":""4 : 2"",""speed"":""81.7 km/h"",""res"":""Punkt: D. Kożuch""},{""type"":""rally"",""score"":""3 : 2"",""speed"":""50.2 km/h"",""res"":""Punkt: P. Golec""},{""type"":""chg"",""score"":""3 : 1"",""txt"":""Zmiana: D. Błoch ⇄ P. Andrieu""},{""type"":""rally"",""score"":""3 : 1"",""speed"":""42.6 km/h"",""res"":""Punkt: D. Kożuch""},{""type"":""rally"",""score"":""2 : 1"",""speed"":""53.9 km/h"",""res"":""Punkt: D. Kożuch""},{""type"":""rally"",""score"":""1 : 1"",""speed"":""54.7 km/h"",""res"":""Punkt: P. Golec""},{""type"":""rally"",""score"":""1 : 0"",""speed"":""51.8 km/h"",""res"":""Punkt: A. Yurukov""}]},{""rallies"":[{""type"":""end"",""score"":""23 : 25"",""txt"":""Koniec seta 0 : 3""},{""type"":""end"",""score"":""23 : 25"",""txt"":""Koniec seta 0 : 3""},{""type"":""rally"",""score"":""23 : 25"",""speed"":""-"",""res"":""Błąd: P. Chabot""},{""type"":""rally"",""score"":""23 : 24"",""speed"":""-"",""res"":""Błąd: L. Hicks""},{""type"":""rally"",""score"":""22 : 24"",""speed"":""50.4 km/h"",""res"":""Błąd: M. Kobyłecki""},{""type"":""rally"",""score"":""22 : 23"",""speed"":""53.5 km/h"",""res"":""Punkt: L. Hicks""},{""type"":""rally"",""score"":""22 : 22"",""speed"":""46.8 km/h"",""res"":""Punkt: L. Hicks""},{""type"":""rally"",""score"":""22 : 21"",""speed"":""74.3 km/h"",""res"":""Błąd: D. Płuciennik""},{""type"":""rally"",""score"":""21 : 21"",""speed"":""53.1 km/h"",""res"":""Punkt: P. Golec""},{""type"":""chg"",""score"":""21 : 20"",""txt"":""Zmiana: L. Hicks ⇄ M. Lewandowski""},{""type"":""rally"",""score"":""21 : 20"",""speed"":""53.2 km/h"",""res"":""Punkt: P. Chabot""},{""type"":""rally"",""score"":""20 : 20"",""speed"":""-"",""res"":""Błąd: D. Płuciennik""},{""type"":""rally"",""score"":""19 : 20"",""speed"":""44.7 km/h"",""res"":""Punkt: P. Golec""},{""type"":""rally"",""score"":""19 : 19"",""speed"":""50.2 km/h"",""res"":""Punkt: P. Chabot""},{""type"":""rally"",""score"":""18 : 19"",""speed"":""44.3 km/h"",""res"":""Punkt: O. Hale""},{""type"":""tmo"",""score"":""17 : 19"",""txt"":""Czas: Bahadir Volley""},{""type"":""rally"",""score"":""17 : 19"",""speed"":""41.4 km/h"",""res"":""Punkt: P. Golec""},{""type"":""rally"",""score"":""17 : 18"",""speed"":""51.6 km/h"",""res"":""Punkt: P. Golec""},{""type"":""rally"",""score"":""17 : 17"",""speed"":""43.9 km/h"",""res"":""Punkt: P. Golec""},{""type"":""rally"",""score"":""17 : 16"",""speed"":""50.3 km/h"",""res"":""Punkt: D. Kożuch""},{""type"":""rally"",""score"":""16 : 16"",""speed"":""45.3 km/h"",""res"":""Punkt: P. Lacroix""},{""type"":""tmo"",""score"":""16 : 15"",""txt"":""Czas: ""},{""type"":""rally"",""score"":""16 : 15"",""speed"":""51.0 km/h"",""res"":""Punkt: M. Kobyłecki""},{""type"":""rally"",""score"":""15 : 15"",""speed"":""69.1 km/h"",""res"":""Punkt: M. Lewandowski""},{""type"":""chg"",""score"":""15 : 14"",""txt"":""Zmiana: P. Andrieu ⇄ D. Błoch""},{""type"":""rally"",""score"":""15 : 14"",""speed"":""55.8 km/h"",""res"":""Punkt: P. Chabot""},{""type"":""rally"",""score"":""14 : 14"",""speed"":""55.6 km/h"",""res"":""Punkt: D. Kożuch""},{""type"":""rally"",""score"":""13 : 14"",""speed"":""65.8 km/h"",""res"":""Punkt: P. Lacroix""},{""type"":""rally"",""score"":""13 : 13"",""speed"":""55.5 km/h"",""res"":""Punkt: M. Lewandowski""},{""type"":""rally"",""score"":""13 : 12"",""speed"":""54.7 km/h"",""res"":""Punkt: M. Kobyłecki""},{""type"":""rally"",""score"":""12 : 12"",""speed"":""95.8 km/h"",""res"":""Punkt: D. Kożuch""},{""type"":""chg"",""score"":""11 : 12"",""txt"":""Zmiana: A. Miśkiewicz ⇄ A. Yurukov""},{""type"":""rally"",""score"":""11 : 12"",""speed"":""44.8 km/h"",""res"":""Punkt: M. Lewandowski""},{""type"":""rally"",""score"":""11 : 11"",""speed"":""53.5 km/h"",""res"":""Punkt: D. Kożuch""},{""type"":""rally"",""score"":""10 : 11"",""speed"":""63.8 km/h"",""res"":""Punkt: A. Yurukov""},{""type"":""rally"",""score"":""9 : 11"",""speed"":""42.1 km/h"",""res"":""Punkt: D. Płuciennik""},{""type"":""rally"",""score"":""9 : 10"",""speed"":""43.3 km/h"",""res"":""Punkt: D. Kożuch""},{""type"":""rally"",""score"":""8 : 10"",""speed"":""53.4 km/h"",""res"":""Punkt: M. Lewandowski""},{""type"":""rally"",""score"":""8 : 9"",""speed"":""56.6 km/h"",""res"":""Punkt: P. Chabot""},{""type"":""rally"",""score"":""7 : 9"",""speed"":""48.9 km/h"",""res"":""Punkt: G. Yordanov""},{""type"":""tmo"",""score"":""7 : 8"",""txt"":""Czas: ""},{""type"":""rally"",""score"":""7 : 8"",""speed"":""44.3 km/h"",""res"":""Punkt: P. Lacroix""},{""type"":""rally"",""score"":""7 : 7"",""speed"":""41.8 km/h"",""res"":""Punkt: D. Kożuch""},{""type"":""rally"",""score"":""6 : 7"",""speed"":""66.4 km/h"",""res"":""Punkt: P. Lacroix""},{""type"":""rally"",""score"":""6 : 6"",""speed"":""55.4 km/h"",""res"":""Punkt: D. Kożuch""},{""type"":""rally"",""score"":""5 : 6"",""speed"":""52.2 km/h"",""res"":""Punkt: D. Płuciennik""},{""type"":""chg"",""score"":""5 : 5"",""txt"":""Zmiana: D. Błoch ⇄ P. Andrieu""},{""type"":""rally"",""score"":""5 : 5"",""speed"":""45.5 km/h"",""res"":""Punkt: D. Marcucci""},{""type"":""rally"",""score"":""4 : 5"",""speed"":""44.4 km/h"",""res"":""Punkt: D. Kożuch""},{""type"":""rally"",""score"":""3 : 5"",""speed"":""66.4 km/h"",""res"":""Błąd: D. Kożuch""},{""type"":""rally"",""score"":""3 : 4"",""speed"":""56.1 km/h"",""res"":""Błąd: D. Kożuch""},{""type"":""rally"",""score"":""3 : 3"",""speed"":""60.7 km/h"",""res"":""Punkt: P. Golec""},{""type"":""rally"",""score"":""3 : 2"",""speed"":""49.7 km/h"",""res"":""Punkt: P. Chabot""},{""type"":""rally"",""score"":""2 : 2"",""speed"":""63.8 km/h"",""res"":""Punkt: P. Golec""},{""type"":""rally"",""score"":""2 : 1"",""speed"":""54.5 km/h"",""res"":""Punkt: P. Andrieu""},{""type"":""chg"",""score"":""2 : 0"",""txt"":""Zmiana: M. Lewandowski ⇄ L. Hicks""},{""type"":""rally"",""score"":""2 : 0"",""speed"":""57.6 km/h"",""res"":""Punkt: A. Yurukov""},{""type"":""rally"",""score"":""1 : 0"",""speed"":""53.7 km/h"",""res"":""Błąd: L. Hicks""}]}]}","5","7","0","0","0","0","20","40","4","1","17","2","0","3","60.5","52.2","0","0","0","0","1","1","0","0","0","0","0","0","0","0","0","0","0","0","0","0","0","0","0","0","0","0","0","0","0","0","33","31","3","9","11","87","0","0","0","0","0","0","0","0","0","0","0","7","0","0","0","0","0","3","1","2","1","0","0","clan-bulk-1.2","0","0","0"
"liga_klanow_2_2","Bahadir Volley vs Pampulha E.C. 0:3","1297881","2026-09-18 19:00","Bahadir Hall","ORIGIN","1419","Bahadir Volley","","Yurukov, Alexander","1949002","3","3","5","0","0","60.7","1","0","1","100","100","7","1","1","6","2","43","17","0","100","4","24","2","9","15","0","0","0","0","0","0","0","18","","2","4","0","0","0","0","9","15","2","0","9","0","0","0","60.7","52.5","0","0","0","0","0","0","1","0","0","0","0","1","0","0","0","0","0","0","0","0","0","0","0","0","0","0","0","0","0","0","0","0","0","0","0","0","3","4","6","4","17","1","0","0","0","0","0","2","0","0","0","0","0","2","0","1","2","0","0","clan-bulk-1.2","0","0","0"
"liga_klanow_2_2","Bahadir Volley vs Pampulha E.C. 0:3","1297881","2026-09-18 19:00","Bahadir Hall","ORIGIN","1419","Bahadir Volley","","Marcucci, Dante","2113493","3","2","11","0","1","56.1","3","1","2","67","33","4","0","0","4","0","0","0","0","0","0","0","0","26","44","0","0","2","0","0","0","2","5.5","","0","0","0","0","0","0","26","44","0","1","24","0","0","2","56.1","50.5","0","0","0","0","0","0","0","0","1","0","0","1","0","0","0","0","0","0","2","0","0","0","0","2","0","0","0","0","0","0","0","0","0","0","2","2","0","0","0","0","0","0","0","0","0","0","0","0","0","0","0","0","0","2","0","2","1","0","0","clan-bulk-1.2","0","0","0"
"liga_klanow_2_2","Bahadir Volley vs Pampulha E.C. 0:3","1297881","2026-09-18 19:00","Bahadir Hall","ORIGIN","1419","Bahadir Volley","","Chabot, Patrice","1928441","10","3","8","2","0","72.2","17","5","9","53","24","8","4","1","4","2","38","0","0","0","0","0","1","21","42","0","0","0","0","0","0","0","17.9","","1","1","0","0","0","0","21","42","1","4","20","0","0","1","72.2","62.4","1","1","0","0","0","2","2","1","2","0","1","6","3","0","0","0","1","4","0","0","0","0","0","0","3","0","1","0","1","5","0","0","0","0","0","0","0","0","0","0","0","1","0","0","0","0","0","2","0","0","0","0","0","2","8","0","6","0","0","clan-bulk-1.2","0","0","0"
"liga_klanow_2_2","Bahadir Volley vs Pampulha E.C. 0:3","1297881","2026-09-18 19:00","Bahadir Hall","ORIGIN","1419","Bahadir Volley","","Kożuch, Daniel","1949279","20","3","9","0","0","56","37","16","17","46","3","9","4","2","5","3","56","18","1","94","8","44","3","22","43","0","0","0","0","0","0","0","30.4","","2","2","0","0","0","0","22","43","3","1","20","0","0","2","56","48.7","2","2","0","0","0","4","2","0","7","1","0","10","9","1","1","0","2","13","0","0","0","0","0","0","3","2","3","0","2","10","0","0","0","0","0","0","2","6","7","2","17","2","0","0","0","0","0","3","0","0","0","0","0","3","7","7","10","0","0","clan-bulk-1.2","0","0","0"
"liga_klanow_2_2","Bahadir Volley vs Pampulha E.C. 0:3","1297881","2026-09-18 19:00","Bahadir Hall","ORIGIN","1419","Bahadir Volley","","Kobyłecki, Mikołaj","2060436","6","-2","7","0","0","63.2","15","8","3","20","-33","4","3","0","1","0","0","0","0","0","0","0","3","28","42","0","0","0","0","0","0","0","-3.6","","0","0","0","0","0","0","28","42","3","0","27","0","0","1","63.2","54.9","0","1","2","0","3","6","0","0","2","1","0","3","0","0","0","0","0","0","2","2","1","0","1","6","0","0","0","0","0","0","0","0","0","0","0","0","0","0","0","0","0","0","0","0","0","0","0","0","0","0","0","0","0","3","3","2","3","0","0","clan-bulk-1.2","0","0","0"
"liga_klanow_2_2","Bahadir Volley vs Pampulha E.C. 0:3","1297881","2026-09-18 19:00","Bahadir Hall","ORIGIN","1419","Bahadir Volley","","Jannitti, Assunto","1950158","0","0","0","0","0","0","0","0","0","0","0","21","9","6","12","4","48","13","0","100","6","46","0","0","0","1","1","5","0","1","1","3","14","","4","6","0","0","0","0","0","0","0","0","0","0","0","0","0","0","0","0","0","0","0","0","0","0","0","0","0","0","0","0","0","0","0","0","0","0","0","0","0","0","0","0","0","0","0","0","1","1","0","1","2","5","0","6","6","1","13","6","0","0","0","0","0","4","0","0","0","0","0","0","0","0","0","0","0","clan-bulk-1.2","0","0","0"
"liga_klanow_2_2","Bahadir Volley vs Pampulha E.C. 0:3","1297881","2026-09-18 19:00","Bahadir Hall","ORIGIN","1419","Bahadir Volley","","Payne, Waldemar","2088190","0","-6","2","0","0","40.8","6","6","0","0","-100","6","2","0","4","0","0","0","0","0","0","0","0","0","4","0","0","0","0","0","0","0","-9","","0","3","0","0","0","0","0","4","0","0","0","0","0","0","40.8","40.8","0","0","3","0","0","3","0","0","1","0","0","1","0","0","0","0","0","0","0","0","0","0","0","0","0","0","2","0","0","2","0","0","0","0","0","0","0","0","0","0","0","0","0","0","0","0","0","0","0","0","0","0","0","0","0","0","0","0","0","clan-bulk-1.2","0","0","0"
"liga_klanow_2_2","Bahadir Volley vs Pampulha E.C. 0:3","1297881","2026-09-18 19:00","Bahadir Hall","ORIGIN","1419","Bahadir Volley","","Miśkiewicz, Antoni","2059850","5","-5","6","1","0","58.7","15","6","5","33","-7","13","6","3","7","0","23","20","3","85","6","30","0","5","28","0","0","0","0","0","0","0","4.2","","0","3","0","0","0","0","5","28","0","0","4","0","0","1","58.7","54.8","2","0","4","0","2","8","0","0","0","0","0","0","2","0","2","1","1","6","0","0","0","0","0","0","0","0","0","0","1","1","0","0","0","0","0","0","1","4","7","5","17","3","0","0","0","0","0","0","0","0","0","0","0","1","5","0","0","0","0","clan-bulk-1.2","0","0","0"
"liga_klanow_2_2","Bahadir Volley vs Pampulha E.C. 0:3","1297881","2026-09-18 19:00","Bahadir Hall","Mighty Ducks","1419","Pampulha E.C.","","Yordanov, Georgi","1709817","3","3","11","0","0","54.2","0","0","0","0","0","10","4","0","6","3","30","0","0","0","0","0","3","13","33","23","12","67","8","26","23","10","10.2","","0","1","0","0","0","0","13","33","3","0","9","0","0","4","54.2","47.2","0","0","0","0","0","0","0","0","0","0","0","0","0","0","0","0","0","0","0","0","0","0","0","0","0","0","0","0","0","0","23","12","6","3","23","67","0","0","0","0","0","0","0","0","0","0","0","0","0","0","0","0","0","2","2","0","1","0","0","clan-bulk-1.2","0","0","0"
"liga_klanow_2_2","Bahadir Volley vs Pampulha E.C. 0:3","1297881","2026-09-18 19:00","Bahadir Hall","Mighty Ducks","1419","Pampulha E.C.","","Płuciennik, Damian","1927311","9","2","9","1","0","81.4","25","6","8","32","8","15","8","4","7","3","47","22","0","100","9","41","1","27","52","0","0","0","0","0","0","0","27.4","","1","1","0","0","0","0","27","52","1","0","18","0","1","9","81.4","60.6","2","0","2","0","5","9","1","1","2","0","0","4","3","0","0","0","2","5","0","0","0","0","0","0","2","0","1","0","4","7","0","0","0","0","0","0","0","0","0","0","0","0","0","0","0","0","0","0","0","0","0","0","0","3","5","3","4","0","0","clan-bulk-1.2","0","0","0"
"liga_klanow_2_2","Bahadir Volley vs Pampulha E.C. 0:3","1297881","2026-09-18 19:00","Bahadir Hall","Mighty Ducks","1419","Pampulha E.C.","","Golec, Piotr","1904427","20","19","10","1","0","95.8","8","0","6","75","75","5","3","0","2","2","40","0","0","0","0","0","14","33","45","0","0","1","0","1","0","0","53.8","","0","0","0","0","0","0","33","45","12","1","22","2","0","11","95.8","66.9","2","0","0","0","1","3","1","0","0","2","0","3","0","0","0","0","0","0","1","0","0","0","1","2","0","0","0","0","0","0","0","0","0","1","0","1","0","0","0","0","0","0","0","0","0","0","0","0","0","0","0","0","0","3","3","7","7","0","0","clan-bulk-1.2","0","0","0"
"liga_klanow_2_2","Bahadir Volley vs Pampulha E.C. 0:3","1297881","2026-09-18 19:00","Bahadir Hall","Mighty Ducks","1419","Pampulha E.C.","","Hicks, Louis","1864879","3","-2","4","2","1","50.4","8","3","2","25","-12","3","2","1","1","0","33","0","0","0","0","0","0","17","22","0","0","0","0","0","0","0","1.3","","0","0","0","0","0","0","17","22","0","0","12","0","0","5","53.5","52","1","0","0","0","2","3","0","1","0","1","0","2","0","1","1","0","1","3","0","0","0","0","0","0","0","0","0","0","0","0","0","0","0","0","0","0","0","0","0","0","0","0","0","0","0","0","0","0","0","0","0","0","0","2","2","0","4","0","0","clan-bulk-1.2","0","0","0"
"liga_klanow_2_2","Bahadir Volley vs Pampulha E.C. 0:3","1297881","2026-09-18 19:00","Bahadir Hall","Mighty Ducks","1419","Pampulha E.C.","","Andrieu, Pierre","1974547","5","2","6","0","0","60.8","9","2","5","56","33","5","1","0","4","3","60","12","1","92","5","42","0","7","16","0","0","0","0","0","0","0","12.6","","2","2","0","0","0","0","7","16","0","0","4","0","0","3","60.8","53.1","2","0","1","0","2","5","1","0","0","1","0","2","0","0","1","0","0","1","0","0","0","0","0","0","1","0","0","0","0","1","0","0","0","0","0","0","0","0","0","0","0","0","0","0","0","0","0","0","0","0","0","0","0","3","2","1","1","0","0","clan-bulk-1.2","0","0","0"
"liga_klanow_2_2","Bahadir Volley vs Pampulha E.C. 0:3","1297881","2026-09-18 19:00","Bahadir Hall","Mighty Ducks","1419","Pampulha E.C.","","Lacroix, Patrice","1745044","16","16","8","0","1","58.6","10","0","6","60","60","5","3","0","2","1","20","0","0","0","0","0","9","38","49","0","0","0","0","0","0","0","42.4","","0","1","0","0","0","0","38","49","6","1","19","3","0","19","58.9","51.2","1","0","0","1","2","4","0","0","0","0","2","2","0","0","0","0","0","0","4","0","0","0","0","4","0","0","0","0","0","0","0","0","0","0","0","0","0","0","0","0","0","0","0","0","0","0","0","0","0","0","0","0","0","3","3","5","4","0","0","clan-bulk-1.2","0","0","0"
"liga_klanow_2_2","Bahadir Volley vs Pampulha E.C. 0:3","1297881","2026-09-18 19:00","Bahadir Hall","Mighty Ducks","1419","Pampulha E.C.","","Kubiak, Marcin","1767904","0","0","0","0","0","0","0","0","0","0","0","24","10","4","14","8","50","14","0","100","8","57","0","0","0","1","1","2","0","0","1","1","15.2","","3","4","0","0","0","0","0","0","0","0","0","0","0","0","0","0","0","0","0","0","0","0","0","0","0","0","0","0","0","0","0","0","0","0","0","0","0","0","0","0","0","0","0","0","0","0","1","1","0","0","0","2","0","0","0","0","0","0","0","0","0","0","0","0","0","0","0","0","0","0","0","0","0","0","0","clan-bulk-1.2","0","0","0"
"liga_klanow_2_2","Bahadir Volley vs Pampulha E.C. 0:3","1297881","2026-09-18 19:00","Bahadir Hall","Mighty Ducks","1419","Pampulha E.C.","","Lewandowski, Maciej","1685756","10","7","11","1","1","65.8","14","2","8","57","43","5","4","0","1","0","0","0","0","0","0","0","1","15","25","0","0","0","0","0","0","0","26.6","","0","1","0","0","0","0","15","25","0","0","11","1","0","4","65.8","55","2","0","0","0","1","3","1","0","2","1","0","4","3","0","0","0","1","4","0","0","0","0","0","0","1","0","0","0","2","3","0","0","0","0","0","0","0","0","0","0","0","0","0","0","0","0","0","0","0","0","0","0","0","2","0","5","4","0","0","clan-bulk-1.2","0","0","0"
"liga_klanow_2_2","Bahadir Volley vs Pampulha E.C. 0:3","1297881","2026-09-18 19:00","Bahadir Hall","Mighty Ducks","1419","Pampulha E.C.","","Błoch, Dominik","1904553","10","4","10","0","1","60.4","12","6","5","42","-8","5","2","1","3","1","40","9","0","100","3","33","4","13","26","0","0","0","0","0","0","0","20.4","","0","1","0","0","0","0","13","26","2","0","7","2","0","6","60.4","48.9","1","0","1","0","1","3","0","0","2","1","0","3","2","1","0","0","0","3","0","0","0","0","0","0","1","0","2","0","0","3","0","0","0","0","0","0","0","0","0","0","0","0","0","0","0","0","0","0","0","0","0","0","0","2","3","5","0","0","0","clan-bulk-1.2","0","0","0"
"liga_klanow_2_2","Bahadir Volley vs Pampulha E.C. 0:3","1297881","2026-09-18 19:00","Bahadir Hall","Mighty Ducks","1419","Pampulha E.C.","","Wójcik, Grzegorz","1745540","1","1","4","0","0","65.6","1","0","1","100","100","2","2","0","0","0","0","0","0","0","0","0","0","7","14","10","2","16","3","6","4","3","2","","0","0","0","0","0","0","7","14","0","0","3","0","0","4","65.6","57.8","1","0","0","0","0","1","0","0","0","0","0","0","0","0","0","0","0","0","0","0","0","0","0","0","0","0","0","0","0","0","10","2","1","0","4","16","0","0","0","0","0","0","0","0","0","0","0","0","0","0","0","0","0","1","0","1","0","0","0","clan-bulk-1.2","0","0","0"
"liga_klanow_2_2","Budowlani Nysa vs Laferme 3:0","1297882","2026-09-18 19:00","Kocioł","EXP Academy","1420","Budowlani Nysa","","Rafelsberger, Wolfgang","1905688","2","0","18","2","2","72.6","0","0","0","0","0","15","10","3","5","5","53","0","0","0","0","0","0","19","43","34","9","68","11","17","24","16","8.4","{""sets"":[{""h"":25,""a"":20},{""h"":25,""a"":8},{""h"":25,""a"":19}],""parsedSets"":[{""rallies"":[{""type"":""end"",""score"":""25 : 20"",""txt"":""Koniec seta 1 : 0""},{""type"":""end"",""score"":""25 : 20"",""txt"":""Koniec seta 1 : 0""},{""type"":""rally"",""score"":""25 : 20"",""speed"":""51.4 km/h"",""res"":""Punkt: T. Claudino""},{""type"":""rally"",""score"":""24 : 20"",""speed"":""55.1 km/h"",""res"":""Błąd: F. Školjarev""},{""type"":""rally"",""score"":""23 : 20"",""speed"":""63.2 km/h"",""res"":""Punkt: N. Dimitreiescu""},{""type"":""rally"",""score"":""22 : 20"",""speed"":""-"",""res"":""Błąd: K. Stawarczyk""},{""type"":""rally"",""score"":""21 : 20"",""speed"":""52.6 km/h"",""res"":""Punkt: A. do Valle""},{""type"":""rally"",""score"":""21 : 19"",""speed"":""57.6 km/h"",""res"":""Punkt: W. Rafelsberger""},{""type"":""tmo"",""score"":""20 : 19"",""txt"":""Czas: Laferme""},{""type"":""rally"",""score"":""20 : 19"",""speed"":""55.0 km/h"",""res"":""Punkt: C. Lage""},{""type"":""rally"",""score"":""19 : 19"",""speed"":""47.2 km/h"",""res"":""Punkt: A. do Valle""},{""type"":""rally"",""score"":""19 : 18"",""speed"":""61.4 km/h"",""res"":""Punkt: A. do Valle""},{""type"":""rally"",""score"":""19 : 17"",""speed"":""59.2 km/h"",""res"":""Błąd: F. Školjarev""},{""type"":""rally"",""score"":""18 : 17"",""speed"":""65.6 km/h"",""res"":""Punkt: C. Lage""},{""type"":""rally"",""score"":""17 : 17"",""speed"":""56.9 km/h"",""res"":""Punkt: C. Lage""},{""type"":""rally"",""score"":""16 : 17"",""speed"":""64.4 km/h"",""res"":""Punkt: Y. Henriksson""},{""type"":""rally"",""score"":""15 : 17"",""speed"":""-"",""res"":""Błąd: W. Castanheda""},{""type"":""rally"",""score"":""14 : 17"",""speed"":""49.8 km/h"",""res"":""Punkt: K. Stawarczyk""},{""type"":""rally"",""score"":""14 : 16"",""speed"":""71.3 km/h"",""res"":""Punkt: Y. Henriksson""},{""type"":""tmo"",""score"":""13 : 16"",""txt"":""Czas: ""},{""type"":""rally"",""score"":""13 : 16"",""speed"":""61.5 km/h"",""res"":""Punkt: W. Castanheda""},{""type"":""rally"",""score"":""13 : 15"",""speed"":""72.1 km/h"",""res"":""Punkt: C. Lage""},{""type"":""rally"",""score"":""12 : 15"",""speed"":""62.5 km/h"",""res"":""Punkt: A. do Valle""},{""type"":""rally"",""score"":""12 : 14"",""speed"":""63.8 km/h"",""res"":""Punkt: Y. Henriksson""},{""type"":""rally"",""score"":""11 : 14"",""speed"":""51.1 km/h"",""res"":""Punkt: A. Sarasvuo""},{""type"":""rally"",""score"":""10 : 14"",""speed"":""60.7 km/h"",""res"":""Punkt: M. Jaroń""},{""type"":""rally"",""score"":""10 : 13"",""speed"":""54.8 km/h"",""res"":""Punkt: N. Dimitreiescu""},{""type"":""rally"",""score"":""9 : 13"",""speed"":""63.0 km/h"",""res"":""Punkt: C. Lage""},{""type"":""tmo"",""score"":""8 : 13"",""txt"":""Czas: Budowlani Nysa ""},{""type"":""rally"",""score"":""8 : 13"",""speed"":""61.4 km/h"",""res"":""Punkt: M. Jaroń""},{""type"":""rally"",""score"":""8 : 12"",""speed"":""60.9 km/h"",""res"":""Punkt: A. do Valle""},{""type"":""rally"",""score"":""8 : 11"",""speed"":""62.7 km/h"",""res"":""Punkt: M. Jaroń""},{""type"":""rally"",""score"":""8 : 10"",""speed"":""52.8 km/h"",""res"":""Punkt: A. Sarasvuo""},{""type"":""rally"",""score"":""7 : 10"",""speed"":""57.8 km/h"",""res"":""Punkt: K. Stawarczyk""},{""type"":""rally"",""score"":""7 : 9"",""speed"":""48.6 km/h"",""res"":""Punkt: K. Stawarczyk""},{""type"":""rally"",""score"":""7 : 8"",""speed"":""61.0 km/h"",""res"":""Błąd: K. Stawarczyk""},{""type"":""rally"",""score"":""6 : 8"",""speed"":""47.1 km/h"",""res"":""Punkt: Y. Henriksson""},{""type"":""tmo"",""score"":""5 : 8"",""txt"":""Czas: ""},{""type"":""rally"",""score"":""5 : 8"",""speed"":""66.7 km/h"",""res"":""Punkt: F. Garreau""},{""type"":""rally"",""score"":""5 : 7"",""speed"":""57.0 km/h"",""res"":""Punkt: W. Castanheda""},{""type"":""rally"",""score"":""5 : 6"",""speed"":""63.2 km/h"",""res"":""Punkt: T. Claudino""},{""type"":""rally"",""score"":""4 : 6"",""speed"":""61.6 km/h"",""res"":""Punkt: W. Castanheda""},{""type"":""rally"",""score"":""4 : 5"",""speed"":""55.6 km/h"",""res"":""Punkt: F. Školjarev""},{""type"":""rally"",""score"":""4 : 4"",""speed"":""62.1 km/h"",""res"":""Punkt: Y. Henriksson""},{""type"":""rally"",""score"":""3 : 4"",""speed"":""-"",""res"":""Błąd: A. do Valle""},{""type"":""rally"",""score"":""2 : 4"",""speed"":""62.2 km/h"",""res"":""Punkt: W. Castanheda""},{""type"":""rally"",""score"":""2 : 3"",""speed"":""68.8 km/h"",""res"":""Punkt: W. Castanheda""},{""type"":""rally"",""score"":""2 : 2"",""speed"":""44.6 km/h"",""res"":""Punkt: N. Dimitreiescu""},{""type"":""rally"",""score"":""1 : 2"",""speed"":""50.6 km/h"",""res"":""Punkt: M. Jaroń""},{""type"":""chg"",""score"":""1 : 1"",""txt"":""Zmiana: N. Dimitreiescu ⇄ O. Esquivel""},{""type"":""rally"",""score"":""1 : 1"",""speed"":""60.2 km/h"",""res"":""Punkt: A. Sarasvuo""},{""type"":""chg"",""score"":""0 : 1"",""txt"":""Zmiana: Y. Henriksson ⇄ D. Larsen""},{""type"":""chg"",""score"":""0 : 1"",""txt"":""Zmiana: T. Claudino ⇄ F. Aboim""},{""type"":""chg"",""score"":""0 : 1"",""txt"":""Zmiana: C. Lage ⇄ R. Gomes""},{""type"":""chg"",""score"":""0 : 1"",""txt"":""Zmiana: O. Esquivel ⇄ N. Dimitreiescu""},{""type"":""chg"",""score"":""0 : 1"",""txt"":""Zmiana: A. Sarasvuo ⇄ T. Seunke""},{""type"":""tmo"",""score"":""0 : 1"",""txt"":""Czas: Laferme""},{""type"":""rally"",""score"":""0 : 1"",""speed"":""-"",""res"":""Błąd: W. Rafelsberger""}]},{""rallies"":[{""type"":""end"",""score"":""25 : 8"",""txt"":""Koniec seta 2 : 0""},{""type"":""end"",""score"":""25 : 8"",""txt"":""Koniec seta 2 : 0""},{""type"":""rally"",""score"":""25 : 8"",""speed"":""60.9 km/h"",""res"":""Punkt: T. Seunke""},{""type"":""rally"",""score"":""24 : 8"",""speed"":""48.2 km/h"",""res"":""Punkt: M. Jaroń""},{""type"":""rally"",""score"":""24 : 7"",""speed"":""43.6 km/h"",""res"":""Punkt: M. Jaroń""},{""type"":""rally"",""score"":""24 : 6"",""speed"":""65.6 km/h"",""res"":""Punkt: R. Gomes""},{""type"":""rally"",""score"":""23 : 6"",""speed"":""53.5 km/h"",""res"":""Punkt: F. Aboim""},{""type"":""rally"",""score"":""22 : 6"",""speed"":""67.4 km/h"",""res"":""Punkt: F. Aboim""},{""type"":""rally"",""score"":""21 : 6"",""speed"":""50.1 km/h"",""res"":""Punkt: W. Rafelsberger""},{""type"":""tmo"",""score"":""20 : 6"",""txt"":""Czas: Laferme""},{""type"":""rally"",""score"":""20 : 6"",""speed"":""49.6 km/h"",""res"":""Punkt: T. Seunke""},{""type"":""rally"",""score"":""19 : 6"",""speed"":""59.1 km/h"",""res"":""Błąd: M. Jaroń""},{""type"":""rally"",""score"":""18 : 6"",""speed"":""72.6 km/h"",""res"":""Punkt: T. Seunke""},{""type"":""rally"",""score"":""17 : 6"",""speed"":""50.3 km/h"",""res"":""Punkt: T. Seunke""},{""type"":""rally"",""score"":""16 : 6"",""speed"":""47.9 km/h"",""res"":""Punkt: J. Williams""},{""type"":""tmo"",""score"":""16 : 5"",""txt"":""Czas: ""},{""type"":""rally"",""score"":""16 : 5"",""speed"":""75.6 km/h"",""res"":""Punkt: F. Aboim""},{""type"":""rally"",""score"":""15 : 5"",""speed"":""63.9 km/h"",""res"":""Punkt: R. Gomes""},{""type"":""rally"",""score"":""14 : 5"",""speed"":""55.1 km/h"",""res"":""Punkt: D. Larsen""},{""type"":""rally"",""score"":""13 : 5"",""speed"":""43.4 km/h"",""res"":""Punkt: J. Williams""},{""type"":""rally"",""score"":""13 : 4"",""speed"":""64.5 km/h"",""res"":""Punkt: J. Williams""},{""type"":""chg"",""score"":""13 : 3"",""txt"":""Zmiana: J. Williams ⇄ W. Castanheda""},{""type"":""rally"",""score"":""13 : 3"",""speed"":""59.2 km/h"",""res"":""Punkt: R. Gomes""},{""type"":""tmo"",""score"":""12 : 3"",""txt"":""Czas: Laferme""},{""type"":""rally"",""score"":""12 : 3"",""speed"":""57.1 km/h"",""res"":""Punkt: D. Larsen""},{""type"":""rally"",""score"":""11 : 3"",""speed"":""54.3 km/h"",""res"":""Punkt: R. Gomes""},{""type"":""rally"",""score"":""10 : 3"",""speed"":""52.4 km/h"",""res"":""Punkt: D. Larsen""},{""type"":""rally"",""score"":""9 : 3"",""speed"":""61.2 km/h"",""res"":""Punkt: R. Gomes""},{""type"":""tmo"",""score"":""8 : 3"",""txt"":""Czas: ""},{""type"":""rally"",""score"":""8 : 3"",""speed"":""-"",""res"":""Błąd: K. Angelov""},{""type"":""rally"",""score"":""7 : 3"",""speed"":""56.2 km/h"",""res"":""Punkt: K. Angelov""},{""type"":""rally"",""score"":""7 : 2"",""speed"":""62.3 km/h"",""res"":""Punkt: N. Dimitreiescu""},{""type"":""rally"",""score"":""6 : 2"",""speed"":""65.8 km/h"",""res"":""Punkt: D. Larsen""},{""type"":""rally"",""score"":""5 : 2"",""speed"":""53.4 km/h"",""res"":""Punkt: D. Larsen""},{""type"":""rally"",""score"":""4 : 2"",""speed"":""58.8 km/h"",""res"":""Punkt: K. Angelov""},{""type"":""rally"",""score"":""4 : 1"",""speed"":""63.9 km/h"",""res"":""Punkt: D. Larsen""},{""type"":""rally"",""score"":""3 : 1"",""speed"":""57.5 km/h"",""res"":""Błąd: M. Jaroń""},{""type"":""rally"",""score"":""2 : 1"",""speed"":""-"",""res"":""Błąd: R. Gomes""},{""type"":""rally"",""score"":""2 : 0"",""speed"":""59.7 km/h"",""res"":""Punkt: T. Seunke""},{""type"":""chg"",""score"":""1 : 0"",""txt"":""Zmiana: N. Batista ⇄ F. Školjarev""},{""type"":""chg"",""score"":""1 : 0"",""txt"":""Zmiana: M. Bouquet ⇄ F. Garreau""},{""type"":""chg"",""score"":""1 : 0"",""txt"":""Zmiana: K. Angelov ⇄ A. do Valle""},{""type"":""rally"",""score"":""1 : 0"",""speed"":""48.5 km/h"",""res"":""Punkt: T. Seunke""}]},{""rallies"":[{""type"":""end"",""score"":""25 : 19"",""txt"":""Koniec seta 3 : 0""},{""type"":""end"",""score"":""25 : 19"",""txt"":""Koniec seta 3 : 0""},{""type"":""rally"",""score"":""25 : 19"",""speed"":""46.6 km/h"",""res"":""Punkt: F. Aboim""},{""type"":""rally"",""score"":""24 : 19"",""speed"":""74.9 km/h"",""res"":""Punkt: A. do Valle""},{""type"":""rally"",""score"":""24 : 18"",""speed"":""66.7 km/h"",""res"":""Punkt: N. Dimitreiescu""},{""type"":""rally"",""score"":""23 : 18"",""speed"":""-"",""res"":""Błąd: K. Stawarczyk""},{""type"":""rally"",""score"":""22 : 18"",""speed"":""63.5 km/h"",""res"":""Punkt: M. Jaroń""},{""type"":""rally"",""score"":""22 : 17"",""speed"":""58.2 km/h"",""res"":""Błąd: K. Stawarczyk""},{""type"":""rally"",""score"":""21 : 17"",""speed"":""54.2 km/h"",""res"":""Punkt: N. Batista""},{""type"":""rally"",""score"":""21 : 16"",""speed"":""-"",""res"":""Błąd: J. Williams""},{""type"":""rally"",""score"":""20 : 16"",""speed"":""55.3 km/h"",""res"":""Punkt: J. Williams""},{""type"":""rally"",""score"":""20 : 15"",""speed"":""61.2 km/h"",""res"":""Punkt: J. Williams""},{""type"":""tmo"",""score"":""20 : 14"",""txt"":""Czas: Laferme""},{""type"":""rally"",""score"":""20 : 14"",""speed"":""59.3 km/h"",""res"":""Punkt: N. Dimitreiescu""},{""type"":""rally"",""score"":""19 : 14"",""speed"":""48.9 km/h"",""res"":""Punkt: D. Larsen""},{""type"":""rally"",""score"":""18 : 14"",""speed"":""63.5 km/h"",""res"":""Punkt: J. Williams""},{""type"":""rally"",""score"":""18 : 13"",""speed"":""59.9 km/h"",""res"":""Punkt: F. Aboim""},{""type"":""rally"",""score"":""17 : 13"",""speed"":""57.7 km/h"",""res"":""Punkt: N. Batista""},{""type"":""rally"",""score"":""17 : 12"",""speed"":""52.0 km/h"",""res"":""Punkt: J. Williams""},{""type"":""rally"",""score"":""17 : 11"",""speed"":""61.7 km/h"",""res"":""Punkt: D. Larsen""},{""type"":""tmo"",""score"":""16 : 11"",""txt"":""Czas: ""},{""type"":""rally"",""score"":""16 : 11"",""speed"":""55.8 km/h"",""res"":""Punkt: N. Dimitreiescu""},{""type"":""rally"",""score"":""15 : 11"",""speed"":""48.5 km/h"",""res"":""Punkt: F. Aboim""},{""type"":""rally"",""score"":""14 : 11"",""speed"":""78.0 km/h"",""res"":""Punkt: M. Jaroń""},{""type"":""rally"",""score"":""14 : 10"",""speed"":""-"",""res"":""Błąd: K. Stawarczyk""},{""type"":""rally"",""score"":""13 : 10"",""speed"":""-"",""res"":""Błąd: W. Rafelsberger""},{""type"":""chg"",""score"":""13 : 9"",""txt"":""Zmiana: N. Batista ⇄ F. Školjarev""},{""type"":""rally"",""score"":""13 : 9"",""speed"":""61.0 km/h"",""res"":""Punkt: T. Seunke""},{""type"":""rally"",""score"":""12 : 9"",""speed"":""49.4 km/h"",""res"":""Punkt: T. Seunke""},{""type"":""rally"",""score"":""11 : 9"",""speed"":""-"",""res"":""Błąd: D. Larsen""},{""type"":""rally"",""score"":""11 : 8"",""speed"":""72.2 km/h"",""res"":""Punkt: T. Seunke""},{""type"":""rally"",""score"":""10 : 8"",""speed"":""62.8 km/h"",""res"":""Punkt: F. Aboim""},{""type"":""rally"",""score"":""9 : 8"",""speed"":""62.4 km/h"",""res"":""Punkt: D. Larsen""},{""type"":""rally"",""score"":""8 : 8"",""speed"":""53.8 km/h"",""res"":""Punkt: K. Stawarczyk""},{""type"":""rally"",""score"":""8 : 7"",""speed"":""54.7 km/h"",""res"":""Punkt: J. Williams""},{""type"":""tmo"",""score"":""8 : 6"",""txt"":""Czas: ""},{""type"":""rally"",""score"":""8 : 6"",""speed"":""-"",""res"":""Błąd: F. Školjarev""},{""type"":""rally"",""score"":""7 : 6"",""speed"":""69.7 km/h"",""res"":""Punkt: J. Williams""},{""type"":""rally"",""score"":""7 : 5"",""speed"":""53.7 km/h"",""res"":""Punkt: D. Larsen""},{""type"":""rally"",""score"":""6 : 5"",""speed"":""71.5 km/h"",""res"":""Punkt: F. Aboim""},{""type"":""rally"",""score"":""5 : 5"",""speed"":""69.5 km/h"",""res"":""Punkt: J. Williams""},{""type"":""rally"",""score"":""5 : 4"",""speed"":""55.1 km/h"",""res"":""Punkt: J. Williams""},{""type"":""rally"",""score"":""5 : 3"",""speed"":""61.6 km/h"",""res"":""Punkt: N. Dimitreiescu""},{""type"":""rally"",""score"":""4 : 3"",""speed"":""55.2 km/h"",""res"":""Punkt: F. Aboim""},{""type"":""rally"",""score"":""3 : 3"",""speed"":""57.1 km/h"",""res"":""Punkt: M. Jaroń""},{""type"":""rally"",""score"":""3 : 2"",""speed"":""63.3 km/h"",""res"":""Punkt: F. Aboim""},{""type"":""rally"",""score"":""2 : 2"",""speed"":""46.9 km/h"",""res"":""Punkt: F. Školjarev""},{""type"":""rally"",""score"":""2 : 1"",""speed"":""60.9 km/h"",""res"":""Punkt: K. Stawarczyk""},{""type"":""rally"",""score"":""2 : 0"",""speed"":""56.5 km/h"",""res"":""Punkt: F. Aboim""},{""type"":""chg"",""score"":""1 : 0"",""txt"":""Zmiana: J. You ⇄ F. Garreau""},{""type"":""chg"",""score"":""1 : 0"",""txt"":""Zmiana: J. Williams ⇄ W. Castanheda""},{""type"":""tmo"",""score"":""1 : 0"",""txt"":""Czas: Laferme""},{""type"":""rally"",""score"":""1 : 0"",""speed"":""52.8 km/h"",""res"":""Błąd: M. Jaroń""}]}]}","3","3","0","0","0","0","19","43","0","0","18","0","0","1","72.6","58.1","0","0","0","0","0","0","0","0","0","0","0","0","0","0","0","0","0","0","0","0","0","0","0","0","0","0","0","0","0","0","34","9","4","0","21","68","0","0","0","0","0","0","0","0","0","0","0","0","0","0","0","0","0","3","2","1","1","0","0","clan-bulk-1.2","0","0","0"
"liga_klanow_2_2","Budowlani Nysa vs Laferme 3:0","1297882","2026-09-18 19:00","Kocioł","EXP Academy","1420","Budowlani Nysa","","Gomes, Rogério","1905174","5","4","6","1","0","78","4","0","3","75","75","1","1","0","0","0","0","10","0","100","5","50","2","20","39","0","0","0","0","0","0","0","17","","0","0","0","0","0","0","20","39","2","0","20","0","0","0","78","67.3","1","0","0","0","0","1","0","0","0","0","0","0","2","0","0","0","1","3","0","0","0","0","0","0","0","0","0","0","0","0","0","0","0","0","0","0","0","0","0","0","0","0","0","0","0","0","0","0","0","0","0","0","0","1","0","6","0","0","0","clan-bulk-1.2","0","0","0"
"liga_klanow_2_2","Budowlani Nysa vs Laferme 3:0","1297882","2026-09-18 19:00","Kocioł","EXP Academy","1420","Budowlani Nysa","","Seunke, Tygo","1928342","9","8","7","0","0","63.9","13","1","6","46","38","0","0","0","0","0","0","0","0","0","0","0","3","20","32","0","0","0","0","0","0","0","27.1","","0","0","0","0","0","0","20","32","3","1","17","0","0","3","63.9","58.4","1","0","0","0","3","4","1","0","0","0","0","1","0","0","0","0","0","0","4","0","1","0","3","8","0","0","0","0","0","0","0","0","0","0","0","0","0","0","0","0","0","0","0","0","0","0","0","0","0","0","0","0","0","2","0","6","3","0","0","clan-bulk-1.2","0","0","0"
"liga_klanow_2_2","Budowlani Nysa vs Laferme 3:0","1297882","2026-09-18 19:00","Kocioł","EXP Academy","1420","Budowlani Nysa","","Aboim, Félix","1929158","11","10","6","0","0","69.7","15","1","11","73","67","5","3","1","2","1","40","0","0","0","0","0","0","18","33","0","0","0","0","0","0","0","35.1","","1","1","0","0","0","0","18","33","0","0","16","0","0","2","69.7","61.9","5","0","0","0","2","7","0","0","0","0","0","0","6","0","1","0","1","8","0","0","0","0","0","0","0","0","0","0","0","0","0","0","0","0","0","0","0","0","0","0","0","0","0","0","0","0","0","0","0","0","0","0","0","2","0","3","8","0","0","clan-bulk-1.2","0","0","0"
"liga_klanow_2_2","Budowlani Nysa vs Laferme 3:0","1297882","2026-09-18 19:00","Kocioł","EXP Academy","1420","Budowlani Nysa","","Dimitreiescu, Neculai","1903511","8","6","11","0","1","64.5","3","1","1","33","0","18","13","6","5","1","39","15","1","93","8","53","6","29","37","0","0","0","0","0","0","0","33.5","","1","2","0","0","0","0","29","37","6","0","27","0","0","2","64.5","57.3","0","0","1","0","1","2","0","0","0","0","0","0","1","0","0","0","0","1","0","0","0","0","0","0","0","0","0","0","0","0","0","0","0","0","0","0","0","0","0","0","0","0","0","0","0","0","0","0","0","0","0","0","0","3","3","1","4","0","0","clan-bulk-1.2","0","0","0"
"liga_klanow_2_2","Budowlani Nysa vs Laferme 3:0","1297882","2026-09-18 19:00","Kocioł","EXP Academy","1420","Budowlani Nysa","","Larsen, Dan","1904407","12","10","7","1","0","75.6","13","1","7","54","46","2","1","0","1","1","50","0","0","0","0","0","5","23","29","0","0","0","0","0","0","0","36.1","","0","0","0","0","0","0","23","29","4","0","20","1","0","3","75.6","62.8","0","0","0","0","2","2","1","0","0","0","0","1","0","0","0","0","0","0","5","0","1","1","3","10","0","0","0","0","0","0","0","0","0","0","0","0","0","0","0","0","0","0","0","0","0","0","0","0","0","0","0","0","0","2","0","6","5","0","0","clan-bulk-1.2","0","0","0"
"liga_klanow_2_2","Budowlani Nysa vs Laferme 3:0","1297882","2026-09-18 19:00","Kocioł","EXP Academy","1420","Budowlani Nysa","","Mikitiuk, Rafał","2088420","0","0","0","0","0","0","0","0","0","0","0","21","16","12","5","3","71","5","0","100","5","100","0","0","0","2","1","7","0","0","4","3","14.8","","2","4","0","0","0","0","0","0","0","0","0","0","0","0","0","0","0","0","0","0","0","0","0","0","0","0","0","0","0","0","0","0","0","0","0","0","0","0","0","0","0","0","0","0","0","0","2","1","0","0","4","7","0","0","0","0","0","0","0","0","0","0","0","0","0","0","0","0","0","0","0","0","0","0","0","clan-bulk-1.2","0","0","0"
"liga_klanow_2_2","Budowlani Nysa vs Laferme 3:0","1297882","2026-09-18 19:00","Kocioł","EXP Academy","1420","Budowlani Nysa","","Claudino, Theodomiro","2032230","2","2","3","0","0","62.1","1","0","1","100","100","5","2","0","3","2","40","0","0","0","0","0","1","8","15","0","0","0","0","0","0","0","5.8","","2","2","0","0","0","0","8","15","1","0","7","0","0","1","62.1","59.7","0","0","0","0","0","0","0","0","0","0","0","0","0","0","0","0","0","0","0","0","0","0","0","0","1","0","0","0","0","1","0","0","0","0","0","0","0","0","0","0","0","0","0","0","0","0","0","0","0","0","0","0","0","1","2","0","0","0","0","clan-bulk-1.2","0","0","0"
"liga_klanow_2_2","Budowlani Nysa vs Laferme 3:0","1297882","2026-09-18 19:00","Kocioł","EXP Academy","1420","Budowlani Nysa","","Sarasvuo, Ari","2060554","5","1","3","0","0","68.8","10","4","4","40","0","6","1","0","5","1","17","0","0","0","0","0","1","11","20","1","0","1","0","1","0","0","5.4","","0","0","0","0","0","0","11","20","1","0","10","0","0","1","68.8","65","1","0","2","1","0","4","0","0","2","1","0","3","0","0","0","0","0","0","1","0","0","0","2","3","0","0","0","0","0","0","1","0","0","0","0","1","0","0","0","0","0","0","0","0","0","0","0","0","0","0","0","0","0","1","3","0","0","0","0","clan-bulk-1.2","0","0","0"
"liga_klanow_2_2","Budowlani Nysa vs Laferme 3:0","1297882","2026-09-18 19:00","Kocioł","EXP Academy","1420","Budowlani Nysa","","Henriksson, Yrjö","2059818","6","4","7","0","1","65.6","9","2","5","56","33","1","0","0","1","0","0","0","0","0","0","0","0","5","10","0","0","0","0","0","0","0","10","","0","1","0","0","0","0","5","10","0","0","5","0","0","0","65.6","59.6","0","0","2","0","2","4","1","0","0","0","0","1","0","0","0","0","0","0","3","0","0","1","0","4","0","0","0","0","0","0","0","0","0","0","0","0","0","0","0","0","0","0","0","0","0","0","0","0","0","0","0","0","0","1","5","0","0","0","0","clan-bulk-1.2","0","0","0"
"liga_klanow_2_2","Budowlani Nysa vs Laferme 3:0","1297882","2026-09-18 19:00","Kocioł","EXP Academy","1420","Budowlani Nysa","","Lage, Calisto","2004116","5","5","6","0","0","63.2","7","0","3","43","43","5","4","1","1","0","20","9","0","100","4","44","2","8","15","0","0","0","0","0","0","0","18","","0","0","0","0","0","0","8","15","2","0","8","0","0","0","63.2","56","2","0","0","0","3","5","0","0","0","0","0","0","1","0","0","0","1","2","0","0","0","0","0","0","0","0","0","0","0","0","0","0","0","0","0","0","0","0","0","0","0","0","0","0","0","0","0","0","0","0","0","0","0","1","5","0","0","0","0","clan-bulk-1.2","0","0","0"
"liga_klanow_2_2","Budowlani Nysa vs Laferme 3:0","1297882","2026-09-18 19:00","Kocioł","EXP Academy","1420","Budowlani Nysa","","Esquivel, Olivério","2004001","0","0","0","0","0","0","1","0","0","0","0","0","0","0","0","0","0","1","0","100","0","0","0","0","0","0","0","0","0","0","0","0","0.4","","0","0","0","0","0","0","0","0","0","0","0","0","0","0","0","0","0","0","0","0","0","0","0","0","0","0","0","0","0","0","0","0","0","0","0","0","0","0","0","0","0","0","0","0","1","1","0","0","0","0","0","0","0","0","0","0","0","0","0","0","0","0","0","0","0","0","0","0","0","0","0","0","0","0","0","clan-bulk-1.2","0","0","0"
"liga_klanow_2_2","Budowlani Nysa vs Laferme 3:0","1297882","2026-09-18 19:00","Kocioł","Espoir club Borretti II","1420","Laferme","","Garreau, Frédéric","2003376","1","1","5","0","0","57.8","1","0","0","0","0","6","3","2","3","0","33","0","0","0","0","0","1","9","12","12","4","29","5","6","15","3","4.6","","0","0","0","0","0","0","9","12","1","1","8","0","0","1","57.8","52.3","0","0","0","0","1","1","0","0","0","0","0","0","0","0","0","0","0","0","0","0","0","0","0","0","0","0","0","0","0","0","12","4","0","4","9","29","0","0","0","0","0","0","0","0","0","0","0","0","0","0","0","0","0","1","1","0","0","0","0","clan-bulk-1.2","0","0","0"
"liga_klanow_2_2","Budowlani Nysa vs Laferme 3:0","1297882","2026-09-18 19:00","Kocioł","Espoir club Borretti II","1420","Laferme","","Stawarczyk, Konrad","1865499","6","-3","10","3","0","63.3","19","3","5","26","11","11","4","1","7","2","27","33","3","91","11","33","1","21","43","0","0","0","0","0","0","0","19.7","","1","3","0","0","0","0","21","43","1","0","18","0","0","3","63.3","59","1","0","0","0","2","3","0","0","0","0","1","1","3","2","0","1","8","14","0","0","0","0","0","0","0","0","1","0","0","1","0","0","0","0","0","0","0","0","0","0","0","0","0","0","0","0","0","0","0","0","0","0","0","2","5","0","5","0","0","clan-bulk-1.2","0","0","0"
"liga_klanow_2_2","Budowlani Nysa vs Laferme 3:0","1297882","2026-09-18 19:00","Kocioł","Espoir club Borretti II","1420","Laferme","","Jaroń, Mateusz","1865059","9","3","6","0","0","55.2","15","6","5","33","-7","0","0","0","0","0","0","0","0","0","0","0","4","32","42","0","1","1","0","0","0","1","11.6","","0","0","0","0","0","0","32","42","4","1","28","0","0","4","55.2","49.9","1","0","0","0","0","1","0","0","1","0","0","1","0","0","0","0","0","0","4","3","2","0","4","13","0","0","0","0","0","0","0","1","0","0","0","1","0","0","0","0","0","0","0","0","0","0","0","0","0","0","0","0","0","3","4","4","4","0","0","clan-bulk-1.2","0","0","0"
"liga_klanow_2_2","Budowlani Nysa vs Laferme 3:0","1297882","2026-09-18 19:00","Kocioł","Espoir club Borretti II","1420","Laferme","","do Valle, Antenor","1951021","6","1","7","1","0","72.1","13","4","5","38","8","10","6","0","4","1","10","0","0","0","0","0","1","20","31","0","0","0","0","0","0","0","8","","1","3","0","0","0","0","20","31","1","1","19","0","0","1","72.1","65.5","2","0","1","0","3","6","0","0","1","0","0","1","3","0","2","0","1","6","0","0","0","0","0","0","0","0","0","0","0","0","0","0","0","0","0","0","0","0","0","0","0","0","0","0","0","0","0","0","0","0","0","0","0","2","6","0","1","0","0","clan-bulk-1.2","0","0","0"
"liga_klanow_2_2","Budowlani Nysa vs Laferme 3:0","1297882","2026-09-18 19:00","Kocioł","Espoir club Borretti II","1420","Laferme","","Školjarev, Franjo","1974542","2","-4","4","1","0","71.3","7","4","1","14","-43","7","3","0","4","2","29","19","1","95","4","21","1","14","20","0","0","0","0","0","0","0","5.6","","2","3","0","0","0","0","14","20","1","0","14","0","0","0","71.3","65.4","0","0","0","0","1","1","0","0","1","0","0","1","1","1","1","0","1","4","0","0","0","0","0","0","0","1","0","0","0","1","0","0","0","0","0","0","0","0","0","0","0","0","0","0","0","0","0","0","0","0","0","0","0","2","3","0","2","0","0","clan-bulk-1.2","0","0","0"
"liga_klanow_2_2","Budowlani Nysa vs Laferme 3:0","1297882","2026-09-18 19:00","Kocioł","Espoir club Borretti II","1420","Laferme","","Castanheda, Walter","2003262","5","0","3","1","0","66.7","13","4","5","38","8","0","0","0","0","0","0","0","0","0","0","0","0","13","18","0","0","0","0","0","0","0","4.6","","0","0","0","0","0","0","13","18","0","0","13","0","0","0","66.7","56.9","0","0","0","0","0","0","0","0","0","0","0","0","0","0","0","0","0","0","5","0","4","0","4","13","0","0","0","0","0","0","0","0","0","0","0","0","0","0","0","0","0","0","0","0","0","0","0","0","0","0","0","0","0","1","6","0","0","0","0","clan-bulk-1.2","0","0","0"
"liga_klanow_2_2","Budowlani Nysa vs Laferme 3:0","1297882","2026-09-18 19:00","Kocioł","Espoir club Borretti II","1420","Laferme","","Żurek, Paweł","1928617","0","0","0","0","0","0","0","0","0","0","0","21","11","8","10","5","62","5","0","100","1","20","0","0","0","1","2","5","0","1","2","2","10.8","","5","7","0","0","0","0","0","0","0","0","0","0","0","0","0","0","0","0","0","0","0","0","0","0","0","0","0","0","0","0","0","0","0","0","0","0","0","0","0","0","0","0","0","0","0","0","1","2","1","0","1","5","0","0","0","0","0","0","0","0","0","0","0","0","0","0","0","0","0","0","0","0","0","0","0","clan-bulk-1.2","0","0","0"
"liga_klanow_2_2","Budowlani Nysa vs Laferme 3:0","1297882","2026-09-18 19:00","Kocioł","Espoir club Borretti II","1420","Laferme","","Angelov, Krastyo","1975928","2","-2","1","1","0","0","6","3","2","33","-17","8","6","0","2","0","0","0","0","0","0","0","0","3","7","0","0","0","0","0","0","0","-1.5","","0","0","0","0","0","0","3","7","0","0","3","0","0","0","0","0","0","0","1","0","1","2","0","0","0","0","0","0","2","0","2","0","0","4","0","0","0","0","0","0","0","0","0","0","0","0","0","0","0","0","0","0","0","0","0","0","0","0","0","0","0","0","0","0","0","0","0","0","0","1","0","3","0","0","0","clan-bulk-1.2","0","0","0"
"liga_klanow_2_2","Budowlani Nysa vs Laferme 3:0","1297882","2026-09-18 19:00","Kocioł","Espoir club Borretti II","1420","Laferme","","Batista, Nelson","2003664","2","1","3","0","0","55.1","5","1","2","40","20","4","2","0","2","1","25","13","0","100","3","23","0","7","13","0","0","0","0","0","0","0","9.3","","1","2","0","0","0","0","7","13","0","0","7","0","0","0","55.1","49.1","0","0","0","0","0","0","0","0","0","0","0","0","1","0","1","0","1","3","0","0","0","0","0","0","1","0","0","0","1","2","0","0","0","0","0","0","0","0","0","0","0","0","0","0","0","0","0","0","0","0","0","0","0","1","0","0","2","0","0","clan-bulk-1.2","0","0","0"
"liga_klanow_2_2","Budowlani Nysa vs Laferme 3:0","1297882","2026-09-18 19:00","Kocioł","Espoir club Borretti II","1420","Laferme","","Bouquet, Michel","2032527","0","0","2","0","0","60.9","0","0","0","0","0","6","2","0","4","1","17","0","0","0","0","0","0","2","14","5","8","27","1","6","13","7","0.4","","1","1","0","0","0","0","2","14","0","0","2","0","0","0","60.9","54.6","0","0","0","0","0","0","0","0","0","0","0","0","0","0","0","0","0","0","0","0","0","0","0","0","0","0","0","0","0","0","5","8","0","2","12","27","0","0","0","0","0","0","0","0","0","0","0","0","0","0","0","0","0","0","0","0","0","0","0","clan-bulk-1.2","0","0","0"
"liga_klanow_2_2","Budowlani Nysa vs Laferme 3:0","1297882","2026-09-18 19:00","Kocioł","Espoir club Borretti II","1420","Laferme","","Williams, Jeremy","1927826","11","8","5","1","1","62.4","13","2","8","62","46","1","0","0","1","0","0","0","0","0","0","0","2","7","16","0","0","0","0","0","0","0","30.2","","0","0","0","0","0","0","7","16","2","1","7","0","0","0","62.4","55.5","0","0","0","0","1","1","1","0","0","0","0","1","0","0","0","0","0","0","7","0","2","0","2","11","0","0","0","0","0","0","0","0","0","0","0","0","0","0","0","0","0","0","0","0","0","0","0","0","0","0","0","0","0","2","0","3","9","0","0","clan-bulk-1.2","0","0","0"
"liga_klanow_2_2","Budowlani Nysa vs Laferme 3:0","1297882","2026-09-18 19:00","Kocioł","Espoir club Borretti II","1420","Laferme","","You, Julien","2059921","0","0","2","0","0","58.2","0","0","0","0","0","8","2","1","6","2","38","0","0","0","0","0","0","3","12","14","5","29","3","11","7","8","1.6","","2","4","0","0","0","0","3","12","0","0","2","0","0","1","58.2","53.8","0","0","0","0","0","0","0","0","0","0","0","0","0","0","0","0","0","0","0","0","0","0","0","0","0","0","0","0","0","0","14","5","0","1","9","29","0","0","0","0","0","0","0","0","0","0","0","0","0","0","0","0","0","0","0","0","0","0","0","clan-bulk-1.2","0","0","0"
"liga_klanow_2_2","Silver Sharks Lublin 🦈 vs LaPailladeBelge 3:0","1297883","2026-09-18 19:00","UMCS Hala Sportowa","EXP Academy","1420","Silver Sharks Lublin 🦈","","Niezgoda, Samuel","1951117","1","1","15","0","1","74","1","0","0","0","0","23","12","8","11","4","52","0","0","0","0","0","0","17","42","40","10","79","19","28","21","11","11","{""sets"":[{""h"":25,""a"":10},{""h"":25,""a"":22},{""h"":25,""a"":16}],""parsedSets"":[{""rallies"":[{""type"":""end"",""score"":""25 : 10"",""txt"":""Koniec seta 1 : 0""},{""type"":""end"",""score"":""25 : 10"",""txt"":""Koniec seta 1 : 0""},{""type"":""rally"",""score"":""25 : 10"",""speed"":""73.9 km/h"",""res"":""Punkt: B. Pawłowski""},{""type"":""rally"",""score"":""24 : 10"",""speed"":""62.4 km/h"",""res"":""Punkt: B. Pawłowski""},{""type"":""rally"",""score"":""23 : 10"",""speed"":""76.5 km/h"",""res"":""Punkt: B. Pawłowski""},{""type"":""rally"",""score"":""22 : 10"",""speed"":""59.6 km/h"",""res"":""Punkt: M. Guzman""},{""type"":""rally"",""score"":""21 : 10"",""speed"":""-"",""res"":""Błąd: M. Pająk""},{""type"":""rally"",""score"":""21 : 9"",""speed"":""64.8 km/h"",""res"":""Punkt: M. Pająk""},{""type"":""chg"",""score"":""20 : 9"",""txt"":""Zmiana: E. Maurin ⇄ C. Bittermann""},{""type"":""rally"",""score"":""20 : 9"",""speed"":""57.5 km/h"",""res"":""Punkt: P. Stoynov""},{""type"":""rally"",""score"":""19 : 9"",""speed"":""48.7 km/h"",""res"":""Punkt: M. Pająk""},{""type"":""rally"",""score"":""18 : 9"",""speed"":""-"",""res"":""Błąd: O. Stefanoni""},{""type"":""tmo"",""score"":""18 : 8"",""txt"":""Czas: LaPailladeBelge""},{""type"":""rally"",""score"":""18 : 8"",""speed"":""53.4 km/h"",""res"":""Punkt: P. Stoynov""},{""type"":""rally"",""score"":""17 : 8"",""speed"":""48.6 km/h"",""res"":""Punkt: B. Pawłowski""},{""type"":""rally"",""score"":""16 : 8"",""speed"":""57.9 km/h"",""res"":""Punkt: R. Paunov""},{""type"":""tmo"",""score"":""16 : 7"",""txt"":""Czas: ""},{""type"":""rally"",""score"":""16 : 7"",""speed"":""54.6 km/h"",""res"":""Punkt: M. Pająk""},{""type"":""rally"",""score"":""15 : 7"",""speed"":""49.7 km/h"",""res"":""Punkt: M. Pająk""},{""type"":""chg"",""score"":""14 : 7"",""txt"":""Zmiana: B. Pawłowski ⇄ J. Kwaśniewicz""},{""type"":""rally"",""score"":""14 : 7"",""speed"":""56.3 km/h"",""res"":""Punkt: M. Lewicki""},{""type"":""chg"",""score"":""14 : 6"",""txt"":""Zmiana: M. Lewicki ⇄ B. Neiva""},{""type"":""rally"",""score"":""14 : 6"",""speed"":""48.3 km/h"",""res"":""Punkt: M. Pająk""},{""type"":""rally"",""score"":""13 : 6"",""speed"":""60.4 km/h"",""res"":""Punkt: M. Pająk""},{""type"":""chg"",""score"":""12 : 6"",""txt"":""Zmiana: J. Kwaśniewicz ⇄ B. Pawłowski""},{""type"":""tmo"",""score"":""12 : 6"",""txt"":""Czas: LaPailladeBelge""},{""type"":""rally"",""score"":""12 : 6"",""speed"":""43.2 km/h"",""res"":""Punkt: B. Pawłowski""},{""type"":""chg"",""score"":""11 : 6"",""txt"":""Zmiana: R. Paunov ⇄ A. Palúch""},{""type"":""rally"",""score"":""11 : 6"",""speed"":""48.2 km/h"",""res"":""Błąd: O. Stefanoni""},{""type"":""rally"",""score"":""11 : 5"",""speed"":""52.7 km/h"",""res"":""Punkt: M. Guzman""},{""type"":""rally"",""score"":""10 : 5"",""speed"":""69.7 km/h"",""res"":""Punkt: M. Wymysłowski""},{""type"":""chg"",""score"":""10 : 4"",""txt"":""Zmiana: C. Bittermann ⇄ E. Maurin""},{""type"":""rally"",""score"":""10 : 4"",""speed"":""57.3 km/h"",""res"":""Punkt: B. Pawłowski""},{""type"":""chg"",""score"":""9 : 4"",""txt"":""Zmiana: O. Stefanoni ⇄ M. Kaczorowski""},{""type"":""rally"",""score"":""9 : 4"",""speed"":""57.3 km/h"",""res"":""Punkt: M. Guzman""},{""type"":""rally"",""score"":""8 : 4"",""speed"":""62.3 km/h"",""res"":""Punkt: M. Wymysłowski""},{""type"":""tmo"",""score"":""8 : 3"",""txt"":""Czas: ""},{""type"":""rally"",""score"":""8 : 3"",""speed"":""52.9 km/h"",""res"":""Błąd: M. Wymysłowski""},{""type"":""rally"",""score"":""7 : 3"",""speed"":""-"",""res"":""Błąd: M. Kaczorowski""},{""type"":""rally"",""score"":""7 : 2"",""speed"":""64.7 km/h"",""res"":""Punkt: P. Stoynov""},{""type"":""rally"",""score"":""6 : 2"",""speed"":""52.7 km/h"",""res"":""Punkt: M. Pająk""},{""type"":""rally"",""score"":""5 : 2"",""speed"":""-"",""res"":""Błąd: B. Pawłowski""},{""type"":""chg"",""score"":""5 : 1"",""txt"":""Zmiana: M. Pająk ⇄ D. Brillante""},{""type"":""rally"",""score"":""5 : 1"",""speed"":""55.9 km/h"",""res"":""Punkt: B. Pawłowski""},{""type"":""rally"",""score"":""4 : 1"",""speed"":""74.0 km/h"",""res"":""Punkt: A. Palúch""},{""type"":""rally"",""score"":""4 : 0"",""speed"":""61.0 km/h"",""res"":""Punkt: B. Pawłowski""},{""type"":""chg"",""score"":""3 : 0"",""txt"":""Zmiana: M. Kaczorowski ⇄ O. Stefanoni""},{""type"":""rally"",""score"":""3 : 0"",""speed"":""55.9 km/h"",""res"":""Punkt: D. Brillante""},{""type"":""rally"",""score"":""2 : 0"",""speed"":""56.9 km/h"",""res"":""Punkt: O. Stefanoni""},{""type"":""chg"",""score"":""1 : 0"",""txt"":""Zmiana: A. Salum ⇄ G. Chinellato""},{""type"":""chg"",""score"":""1 : 0"",""txt"":""Zmiana: D. Brillante ⇄ M. Pająk""},{""type"":""rally"",""score"":""1 : 0"",""speed"":""50.2 km/h"",""res"":""Punkt: M. Pająk""}]},{""rallies"":[{""type"":""end"",""score"":""25 : 22"",""txt"":""Koniec seta 2 : 0""},{""type"":""end"",""score"":""25 : 22"",""txt"":""Koniec seta 2 : 0""},{""type"":""rally"",""score"":""25 : 22"",""speed"":""74.6 km/h"",""res"":""Punkt: M. Guzman""},{""type"":""rally"",""score"":""24 : 22"",""speed"":""62.8 km/h"",""res"":""Błąd: M. Guzman""},{""type"":""rally"",""score"":""24 : 21"",""speed"":""54.3 km/h"",""res"":""Punkt: B. Pawłowski""},{""type"":""tmo"",""score"":""23 : 21"",""txt"":""Czas: Silver Sharks Lublin 🦈""},{""type"":""rally"",""score"":""23 : 21"",""speed"":""45.5 km/h"",""res"":""Punkt: M. Lewicki""},{""type"":""tmo"",""score"":""23 : 20"",""txt"":""Czas: Silver Sharks Lublin 🦈""},{""type"":""rally"",""score"":""23 : 20"",""speed"":""46.6 km/h"",""res"":""Punkt: M. Wymysłowski""},{""type"":""rally"",""score"":""23 : 19"",""speed"":""55.8 km/h"",""res"":""Punkt: M. Wymysłowski""},{""type"":""rally"",""score"":""23 : 18"",""speed"":""66.3 km/h"",""res"":""Punkt: A. Palúch""},{""type"":""tmo"",""score"":""23 : 17"",""txt"":""Czas: LaPailladeBelge""},{""type"":""rally"",""score"":""23 : 17"",""speed"":""56.4 km/h"",""res"":""Punkt: M. Pająk""},{""type"":""rally"",""score"":""22 : 17"",""speed"":""-"",""res"":""Błąd: B. Neiva""},{""type"":""chg"",""score"":""21 : 17"",""txt"":""Zmiana: C. Bittermann ⇄ E. Maurin""},{""type"":""rally"",""score"":""21 : 17"",""speed"":""64.1 km/h"",""res"":""Błąd: M. Guzman""},{""type"":""rally"",""score"":""21 : 16"",""speed"":""43.5 km/h"",""res"":""Punkt: M. Pająk""},{""type"":""rally"",""score"":""20 : 16"",""speed"":""67.7 km/h"",""res"":""Punkt: B. Neiva""},{""type"":""rally"",""score"":""20 : 15"",""speed"":""-"",""res"":""Błąd: M. Wymysłowski""},{""type"":""rally"",""score"":""19 : 15"",""speed"":""47.3 km/h"",""res"":""Punkt: M. Wymysłowski""},{""type"":""rally"",""score"":""19 : 14"",""speed"":""62.4 km/h"",""res"":""Punkt: M. Wymysłowski""},{""type"":""chg"",""score"":""19 : 13"",""txt"":""Zmiana: M. Lewicki ⇄ J. Potočnik""},{""type"":""rally"",""score"":""19 : 13"",""speed"":""-"",""res"":""Błąd: J. Potočnik""},{""type"":""rally"",""score"":""18 : 13"",""speed"":""58.4 km/h"",""res"":""Punkt: J. Potočnik""},{""type"":""rally"",""score"":""18 : 12"",""speed"":""69.3 km/h"",""res"":""Punkt: P. Stoynov""},{""type"":""rally"",""score"":""17 : 12"",""speed"":""54.9 km/h"",""res"":""Punkt: A. Palúch""},{""type"":""rally"",""score"":""17 : 11"",""speed"":""43.0 km/h"",""res"":""Punkt: M. Pająk""},{""type"":""rally"",""score"":""16 : 11"",""speed"":""63.1 km/h"",""res"":""Punkt: A. Salum""},{""type"":""tmo"",""score"":""16 : 10"",""txt"":""Czas: ""},{""type"":""rally"",""score"":""16 : 10"",""speed"":""61.2 km/h"",""res"":""Punkt: B. Pawłowski""},{""type"":""rally"",""score"":""15 : 10"",""speed"":""58.1 km/h"",""res"":""Punkt: B. Neiva""},{""type"":""rally"",""score"":""15 : 9"",""speed"":""51.2 km/h"",""res"":""Punkt: O. Stefanoni""},{""type"":""chg"",""score"":""14 : 9"",""txt"":""Zmiana: T. Pozzi ⇄ A. Toshev""},{""type"":""rally"",""score"":""14 : 9"",""speed"":""77.5 km/h"",""res"":""Punkt: O. Stefanoni""},{""type"":""rally"",""score"":""13 : 9"",""speed"":""49.7 km/h"",""res"":""Punkt: B. Pawłowski""},{""type"":""rally"",""score"":""12 : 9"",""speed"":""53.5 km/h"",""res"":""Błąd: B. Pawłowski""},{""type"":""rally"",""score"":""12 : 8"",""speed"":""62.8 km/h"",""res"":""Punkt: A. Salum""},{""type"":""tmo"",""score"":""12 : 7"",""txt"":""Czas: LaPailladeBelge""},{""type"":""rally"",""score"":""12 : 7"",""speed"":""61.8 km/h"",""res"":""Punkt: O. Stefanoni""},{""type"":""rally"",""score"":""11 : 7"",""speed"":""66.7 km/h"",""res"":""Punkt: S. Niezgoda""},{""type"":""rally"",""score"":""10 : 7"",""speed"":""59.7 km/h"",""res"":""Punkt: B. Pawłowski""},{""type"":""rally"",""score"":""9 : 7"",""speed"":""69.8 km/h"",""res"":""Punkt: J. Potočnik""},{""type"":""chg"",""score"":""9 : 6"",""txt"":""Zmiana: B. Pawłowski ⇄ J. Kwaśniewicz""},{""type"":""rally"",""score"":""9 : 6"",""speed"":""56.6 km/h"",""res"":""Punkt: M. Guzman""},{""type"":""rally"",""score"":""8 : 6"",""speed"":""59.7 km/h"",""res"":""Punkt: M. Wymysłowski""},{""type"":""tmo"",""score"":""8 : 5"",""txt"":""Czas: ""},{""type"":""rally"",""score"":""8 : 5"",""speed"":""56.7 km/h"",""res"":""Punkt: P. Stoynov""},{""type"":""chg"",""score"":""7 : 5"",""txt"":""Zmiana: J. Kwaśniewicz ⇄ B. Pawłowski""},{""type"":""rally"",""score"":""7 : 5"",""speed"":""54.2 km/h"",""res"":""Punkt: P. Stoynov""},{""type"":""rally"",""score"":""6 : 5"",""speed"":""76.4 km/h"",""res"":""Punkt: E. Maurin""},{""type"":""rally"",""score"":""6 : 4"",""speed"":""49.9 km/h"",""res"":""Punkt: B. Neiva""},{""type"":""rally"",""score"":""6 : 3"",""speed"":""50.1 km/h"",""res"":""Punkt: M. Pająk""},{""type"":""rally"",""score"":""5 : 3"",""speed"":""66.7 km/h"",""res"":""Punkt: A. Salum""},{""type"":""rally"",""score"":""5 : 2"",""speed"":""67.0 km/h"",""res"":""Punkt: P. Stoynov""},{""type"":""chg"",""score"":""4 : 2"",""txt"":""Zmiana: M. Pająk ⇄ D. Brillante""},{""type"":""rally"",""score"":""4 : 2"",""speed"":""55.9 km/h"",""res"":""Błąd: A. Palúch""},{""type"":""rally"",""score"":""3 : 2"",""speed"":""58.2 km/h"",""res"":""Punkt: O. Stefanoni""},{""type"":""rally"",""score"":""2 : 2"",""speed"":""56.3 km/h"",""res"":""Punkt: A. Salum""},{""type"":""rally"",""score"":""2 : 1"",""speed"":""-"",""res"":""Błąd: B. Pawłowski""},{""type"":""rally"",""score"":""2 : 0"",""speed"":""63.5 km/h"",""res"":""Punkt: M. Guzman""},{""type"":""chg"",""score"":""1 : 0"",""txt"":""Zmiana: A. Salum ⇄ G. Chinellato""},{""type"":""chg"",""score"":""1 : 0"",""txt"":""Zmiana: A. Toshev ⇄ T. Pozzi""},{""type"":""chg"",""score"":""1 : 0"",""txt"":""Zmiana: D. Brillante ⇄ M. Pająk""},{""type"":""rally"",""score"":""1 : 0"",""speed"":""44.1 km/h"",""res"":""Punkt: B. Pawłowski""}]},{""rallies"":[{""type"":""end"",""score"":""25 : 16"",""txt"":""Koniec seta 3 : 0""},{""type"":""end"",""score"":""25 : 16"",""txt"":""Koniec seta 3 : 0""},{""type"":""rally"",""score"":""25 : 16"",""speed"":""67.0 km/h"",""res"":""Punkt: M. Pająk""},{""type"":""rally"",""score"":""24 : 16"",""speed"":""61.4 km/h"",""res"":""Błąd: B. Pawłowski""},{""type"":""rally"",""score"":""24 : 15"",""speed"":""52.0 km/h"",""res"":""Punkt: B. Pawłowski""},{""type"":""rally"",""score"":""23 : 15"",""speed"":""53.7 km/h"",""res"":""Punkt: A. Salum""},{""type"":""chg"",""score"":""23 : 14"",""txt"":""Zmiana: M. Lewicki ⇄ B. Neiva""},{""type"":""chg"",""score"":""23 : 14"",""txt"":""Zmiana: E. Maurin ⇄ C. Bittermann""},{""type"":""rally"",""score"":""23 : 14"",""speed"":""59.1 km/h"",""res"":""Błąd: A. Salum""},{""type"":""rally"",""score"":""22 : 14"",""speed"":""53.3 km/h"",""res"":""Punkt: B. Pawłowski""},{""type"":""rally"",""score"":""21 : 14"",""speed"":""55.1 km/h"",""res"":""Punkt: O. Stefanoni""},{""type"":""rally"",""score"":""20 : 14"",""speed"":""56.1 km/h"",""res"":""Punkt: B. Pawłowski""},{""type"":""rally"",""score"":""19 : 14"",""speed"":""58.8 km/h"",""res"":""Punkt: A. Salum""},{""type"":""rally"",""score"":""19 : 13"",""speed"":""60.0 km/h"",""res"":""Punkt: M. Wymysłowski""},{""type"":""rally"",""score"":""19 : 12"",""speed"":""60.3 km/h"",""res"":""Punkt: M. Pająk""},{""type"":""tmo"",""score"":""18 : 12"",""txt"":""Czas: LaPailladeBelge""},{""type"":""rally"",""score"":""18 : 12"",""speed"":""47.6 km/h"",""res"":""Punkt: B. Pawłowski""},{""type"":""rally"",""score"":""17 : 12"",""speed"":""58.0 km/h"",""res"":""Punkt: B. Pawłowski""},{""type"":""rally"",""score"":""16 : 12"",""speed"":""-"",""res"":""Błąd: M. Pająk""},{""type"":""tmo"",""score"":""16 : 11"",""txt"":""Czas: ""},{""type"":""rally"",""score"":""16 : 11"",""speed"":""53.2 km/h"",""res"":""Punkt: M. Pająk""},{""type"":""rally"",""score"":""15 : 11"",""speed"":""63.6 km/h"",""res"":""Punkt: M. Wymysłowski""},{""type"":""rally"",""score"":""15 : 10"",""speed"":""76.1 km/h"",""res"":""Punkt: M. Guzman""},{""type"":""rally"",""score"":""14 : 10"",""speed"":""62.7 km/h"",""res"":""Punkt: P. Stoynov""},{""type"":""rally"",""score"":""13 : 10"",""speed"":""57.8 km/h"",""res"":""Punkt: M. Pająk""},{""type"":""rally"",""score"":""12 : 10"",""speed"":""70.2 km/h"",""res"":""Punkt: A. Salum""},{""type"":""tmo"",""score"":""12 : 9"",""txt"":""Czas: LaPailladeBelge""},{""type"":""rally"",""score"":""12 : 9"",""speed"":""77.8 km/h"",""res"":""Błąd: J. Potočnik""},{""type"":""rally"",""score"":""11 : 9"",""speed"":""65.1 km/h"",""res"":""Punkt: B. Pawłowski""},{""type"":""rally"",""score"":""10 : 9"",""speed"":""55.3 km/h"",""res"":""Punkt: M. Pająk""},{""type"":""rally"",""score"":""9 : 9"",""speed"":""63.7 km/h"",""res"":""Punkt: A. Salum""},{""type"":""rally"",""score"":""9 : 8"",""speed"":""82.4 km/h"",""res"":""Punkt: B. Pawłowski""},{""type"":""chg"",""score"":""8 : 8"",""txt"":""Zmiana: B. Pawłowski ⇄ J. Kwaśniewicz""},{""type"":""rally"",""score"":""8 : 8"",""speed"":""55.7 km/h"",""res"":""Punkt: A. Salum""},{""type"":""chg"",""score"":""8 : 7"",""txt"":""Zmiana: C. Bittermann ⇄ E. Maurin""},{""type"":""chg"",""score"":""8 : 7"",""txt"":""Zmiana: O. Stefanoni ⇄ M. Kaczorowski""},{""type"":""tmo"",""score"":""8 : 7"",""txt"":""Czas: ""},{""type"":""rally"",""score"":""8 : 7"",""speed"":""57.8 km/h"",""res"":""Punkt: M. Kaczorowski""},{""type"":""rally"",""score"":""7 : 7"",""speed"":""51.9 km/h"",""res"":""Punkt: M. Pająk""},{""type"":""chg"",""score"":""6 : 7"",""txt"":""Zmiana: J. Kwaśniewicz ⇄ B. Pawłowski""},{""type"":""rally"",""score"":""6 : 7"",""speed"":""44.9 km/h"",""res"":""Punkt: R. Paunov""},{""type"":""chg"",""score"":""6 : 6"",""txt"":""Zmiana: R. Paunov ⇄ A. Palúch""},{""type"":""rally"",""score"":""6 : 6"",""speed"":""67.5 km/h"",""res"":""Punkt: P. Stoynov""},{""type"":""rally"",""score"":""5 : 6"",""speed"":""66.8 km/h"",""res"":""Punkt: M. Guzman""},{""type"":""tmo"",""score"":""4 : 6"",""txt"":""Czas: Silver Sharks Lublin 🦈""},{""type"":""rally"",""score"":""4 : 6"",""speed"":""48.0 km/h"",""res"":""Punkt: A. Palúch""},{""type"":""rally"",""score"":""4 : 5"",""speed"":""50.9 km/h"",""res"":""Punkt: M. Wymysłowski""},{""type"":""rally"",""score"":""4 : 4"",""speed"":""44.9 km/h"",""res"":""Punkt: B. Neiva""},{""type"":""rally"",""score"":""4 : 3"",""speed"":""52.7 km/h"",""res"":""Punkt: M. Pająk""},{""type"":""rally"",""score"":""3 : 3"",""speed"":""65.7 km/h"",""res"":""Punkt: M. Guzman""},{""type"":""chg"",""score"":""2 : 3"",""txt"":""Zmiana: M. Kaczorowski ⇄ O. Stefanoni""},{""type"":""rally"",""score"":""2 : 3"",""speed"":""56.9 km/h"",""res"":""Punkt: M. Wymysłowski""},{""type"":""rally"",""score"":""2 : 2"",""speed"":""55.7 km/h"",""res"":""Punkt: M. Pająk""},{""type"":""rally"",""score"":""1 : 2"",""speed"":""61.0 km/h"",""res"":""Punkt: A. Palúch""},{""type"":""rally"",""score"":""1 : 1"",""speed"":""53.2 km/h"",""res"":""Punkt: M. Pająk""},{""type"":""chg"",""score"":""0 : 1"",""txt"":""Zmiana: A. Salum ⇄ G. Chinellato""},{""type"":""rally"",""score"":""0 : 1"",""speed"":""66.1 km/h"",""res"":""Błąd: O. Stefanoni""}]}]}","4","7","0","0","0","0","17","42","0","1","17","0","0","0","74","60.9","0","0","0","0","1","1","0","0","0","0","0","0","0","0","0","0","0","0","0","0","0","0","0","0","0","0","0","0","0","0","40","10","1","5","23","79","0","0","0","0","0","8","0","0","0","0","0","4","0","0","0","0","0","1","0","1","0","0","0","clan-bulk-1.2","0","0","0"
"liga_klanow_2_2","Silver Sharks Lublin 🦈 vs LaPailladeBelge 3:0","1297883","2026-09-18 19:00","UMCS Hala Sportowa","EXP Academy","1420","Silver Sharks Lublin 🦈","","Pawłowski, Bruno","1767098","22","16","13","2","0","77.8","28","4","19","68","54","14","10","7","4","2","64","15","0","100","9","60","3","22","39","0","0","0","0","0","0","0","65.8","","2","2","0","0","0","0","22","39","3","0","20","0","0","2","77.8","63.7","1","0","0","0","2","3","1","0","0","0","0","1","10","2","2","1","1","16","0","0","0","0","0","0","5","0","0","1","2","8","0","0","0","0","0","0","4","5","5","1","15","7","0","0","0","0","0","2","0","0","0","0","0","3","9","7","8","0","0","clan-bulk-1.2","0","0","0"
"liga_klanow_2_2","Silver Sharks Lublin 🦈 vs LaPailladeBelge 3:0","1297883","2026-09-18 19:00","UMCS Hala Sportowa","EXP Academy","1420","Silver Sharks Lublin 🦈","","Stefanoni, Oddone","1950239","6","2","12","1","0","76.1","5","3","2","40","-20","2","1","0","1","0","0","0","0","0","0","0","4","40","44","0","1","2","0","0","2","0","10.5","","0","0","0","0","0","0","40","44","4","2","37","0","0","3","76.1","62.6","2","1","1","0","0","4","0","1","0","0","0","1","0","0","0","0","0","0","0","0","0","0","0","0","0","0","0","0","0","0","0","1","0","0","1","2","0","0","0","0","0","0","0","0","0","0","0","0","0","0","0","0","0","3","3","4","2","0","0","clan-bulk-1.2","0","0","0"
"liga_klanow_2_2","Silver Sharks Lublin 🦈 vs LaPailladeBelge 3:0","1297883","2026-09-18 19:00","UMCS Hala Sportowa","EXP Academy","1420","Silver Sharks Lublin 🦈","","Pająk, Mateusz","1767097","21","15","10","2","0","64.8","30","4","17","57","43","16","9","4","7","3","44","0","0","0","0","0","4","31","45","0","0","0","0","0","0","0","51","","3","6","0","0","0","0","31","45","4","0","29","0","0","2","64.8","56.2","1","0","0","0","2","3","0","0","2","0","1","3","12","0","2","0","5","19","0","0","0","0","0","0","4","0","0","0","1","5","0","0","0","0","0","0","0","0","0","0","0","4","0","0","0","0","0","3","0","0","0","0","0","3","9","4","10","0","0","clan-bulk-1.2","0","0","0"
"liga_klanow_2_2","Silver Sharks Lublin 🦈 vs LaPailladeBelge 3:0","1297883","2026-09-18 19:00","UMCS Hala Sportowa","EXP Academy","1420","Silver Sharks Lublin 🦈","","Guzman, Michał","2002380","9","3","13","0","0","76.5","19","5","7","37","11","9","2","0","7","7","78","17","1","94","8","47","2","26","49","0","0","0","0","0","0","0","25.1","","6","6","0","0","0","0","26","49","2","0","25","0","0","1","76.5","61.1","2","0","0","0","2","4","1","0","1","0","0","2","4","2","2","0","4","12","0","0","0","0","0","0","0","0","0","0","1","1","0","0","0","0","0","0","7","5","3","1","16","0","0","0","0","0","0","7","0","0","0","0","0","3","3","5","3","0","0","clan-bulk-1.2","0","0","0"
"liga_klanow_2_2","Silver Sharks Lublin 🦈 vs LaPailladeBelge 3:0","1297883","2026-09-18 19:00","UMCS Hala Sportowa","EXP Academy","1420","Silver Sharks Lublin 🦈","","Stoynov, Petko","1725104","9","7","9","0","0","69.8","6","2","2","33","0","2","1","1","1","0","50","0","0","0","0","0","7","30","47","0","0","0","0","0","0","0","22.8","","0","0","0","0","0","0","30","47","7","0","29","0","0","1","69.8","57.2","0","0","0","0","0","0","1","0","2","0","0","3","0","0","0","0","0","0","1","0","0","0","2","3","0","0","0","0","0","0","0","0","0","0","0","0","0","0","0","0","0","1","0","0","0","0","0","0","0","0","0","0","0","3","3","4","2","0","0","clan-bulk-1.2","0","0","0"
"liga_klanow_2_2","Silver Sharks Lublin 🦈 vs LaPailladeBelge 3:0","1297883","2026-09-18 19:00","UMCS Hala Sportowa","EXP Academy","1420","Silver Sharks Lublin 🦈","","Janowski, Iwo","2032094","0","0","0","0","0","0","0","0","0","0","0","16","9","8","7","3","69","13","0","100","7","54","0","0","0","5","2","10","1","1","4","4","15.6","","3","3","0","0","0","0","0","0","0","0","0","0","0","0","0","0","0","0","0","0","0","0","0","0","0","0","0","0","0","0","0","0","0","0","0","0","0","0","0","0","0","0","0","0","0","0","5","2","1","1","1","10","1","4","4","4","13","8","0","0","0","0","0","3","0","0","0","0","0","0","0","0","0","0","0","clan-bulk-1.2","0","0","0"
"liga_klanow_2_2","Silver Sharks Lublin 🦈 vs LaPailladeBelge 3:0","1297883","2026-09-18 19:00","UMCS Hala Sportowa","EXP Academy","1420","Silver Sharks Lublin 🦈","","Brillante, Dario","1974652","1","1","0","0","0","0","2","0","0","0","0","0","0","0","0","0","0","0","0","0","0","0","1","4","8","0","0","0","0","0","0","0","3","","0","0","0","0","0","0","4","8","1","0","4","0","0","0","0","0","0","0","0","0","1","1","0","0","0","0","0","0","0","0","0","0","1","1","0","0","0","0","0","0","0","0","0","0","0","0","0","0","0","0","0","0","0","0","0","0","0","0","0","0","0","0","0","0","0","0","0","0","0","0","1","0","0","0","0","clan-bulk-1.2","0","0","0"
"liga_klanow_2_2","Silver Sharks Lublin 🦈 vs LaPailladeBelge 3:0","1297883","2026-09-18 19:00","UMCS Hala Sportowa","EXP Academy","1420","Silver Sharks Lublin 🦈","","Kwaśniewicz, Jeremi","2112147","0","-1","0","0","0","0","1","1","0","0","-100","0","0","0","0","0","0","1","0","100","1","100","0","2","7","0","0","0","0","0","0","0","-0.7","","0","0","0","0","0","0","2","7","0","0","2","0","0","0","0","0","0","0","0","0","0","0","0","0","0","0","0","0","0","0","1","0","0","1","0","0","0","0","0","0","0","0","0","0","0","0","0","0","0","0","0","0","0","0","1","0","1","0","0","0","0","0","0","0","0","0","0","0","0","0","0","0","0","0","0","clan-bulk-1.2","0","0","0"
"liga_klanow_2_2","Silver Sharks Lublin 🦈 vs LaPailladeBelge 3:0","1297883","2026-09-18 19:00","UMCS Hala Sportowa","EXP Academy","1420","Silver Sharks Lublin 🦈","","Kaczorowski, Mariusz","1929536","1","0","2","1","0","64.7","0","0","0","0","0","0","0","0","0","0","0","0","0","0","0","0","1","4","4","0","0","0","0","0","0","0","2","","0","0","0","0","0","0","4","4","1","0","3","0","0","1","64.7","64.7","0","0","0","0","0","0","0","0","0","0","0","0","0","0","0","0","0","0","0","0","0","0","0","0","0","0","0","0","0","0","0","0","0","0","0","0","0","0","0","0","0","0","0","0","0","0","0","0","0","0","0","0","0","0","1","0","1","0","0","clan-bulk-1.2","0","0","0"
"liga_klanow_2_2","Silver Sharks Lublin 🦈 vs LaPailladeBelge 3:0","1297883","2026-09-18 19:00","UMCS Hala Sportowa","Espoir club Borretti II","1420","LaPailladeBelge","","Maurin, Eric-André","1744628","1","1","5","0","0","53.5","1","0","0","0","0","14","8","3","6","0","21","0","0","0","0","0","1","13","27","15","11","55","3","16","22","14","5.4","","0","3","0","0","0","0","13","27","1","1","9","0","0","4","53.5","48.6","0","0","0","0","1","1","0","0","0","0","0","0","0","0","0","0","0","0","0","0","0","0","0","0","0","0","0","0","0","0","15","11","2","1","26","55","0","0","0","0","0","0","0","0","0","0","0","0","0","0","0","0","0","1","0","1","0","0","0","clan-bulk-1.2","0","0","0"
"liga_klanow_2_2","Silver Sharks Lublin 🦈 vs LaPailladeBelge 3:0","1297883","2026-09-18 19:00","UMCS Hala Sportowa","Espoir club Borretti II","1420","LaPailladeBelge","","Neiva, Bernardo","2059811","5","-3","7","1","0","61.2","17","6","4","24","-12","10","3","1","7","3","40","43","1","98","12","28","1","9","38","0","0","0","0","0","0","0","20.2","","3","3","0","0","0","0","9","38","1","0","9","0","0","0","61.2","56.7","0","0","0","0","3","3","0","0","4","1","0","5","1","0","2","0","3","6","0","0","0","0","0","0","2","0","0","0","1","3","0","0","0","0","0","0","0","0","0","0","0","0","0","0","0","0","0","0","0","0","0","0","0","2","0","4","1","0","0","clan-bulk-1.2","0","0","0"
"liga_klanow_2_2","Silver Sharks Lublin 🦈 vs LaPailladeBelge 3:0","1297883","2026-09-18 19:00","UMCS Hala Sportowa","Espoir club Borretti II","1420","LaPailladeBelge","","Chinellato, Gian","1903410","0","0","0","0","0","0","0","0","0","0","0","0","0","0","0","0","0","0","0","0","0","0","0","2","3","0","0","0","0","0","0","0","0","","0","0","0","0","0","0","2","3","0","0","1","0","0","1","0","0","0","0","0","0","0","0","0","0","0","0","0","0","0","0","0","0","0","0","0","0","0","0","0","0","0","0","0","0","0","0","0","0","0","0","0","0","0","0","0","0","0","0","0","0","0","0","0","0","0","0","0","0","0","0","0","0","0","0","0","clan-bulk-1.2","0","0","0"
"liga_klanow_2_2","Silver Sharks Lublin 🦈 vs LaPailladeBelge 3:0","1297883","2026-09-18 19:00","UMCS Hala Sportowa","Espoir club Borretti II","1420","LaPailladeBelge","","Palúch, Arpad","1904619","5","1","6","0","0","76.4","11","4","4","36","0","7","4","1","3","0","14","0","0","0","0","0","1","11","33","0","0","0","0","0","0","0","5.8","","0","2","0","0","0","0","11","33","1","0","10","0","0","1","76.4","65.5","2","1","0","0","2","5","0","0","2","0","0","2","2","0","1","0","0","3","0","0","0","0","0","0","0","0","0","0","1","1","0","0","0","0","0","0","0","0","0","0","0","0","0","0","0","0","0","0","0","0","0","0","0","3","1","3","2","0","0","clan-bulk-1.2","0","0","0"
"liga_klanow_2_2","Silver Sharks Lublin 🦈 vs LaPailladeBelge 3:0","1297883","2026-09-18 19:00","UMCS Hala Sportowa","Espoir club Borretti II","1420","LaPailladeBelge","","Potočnik, Jurij","2059899","2","-3","8","1","0","66.8","14","4","2","14","-14","21","11","2","10","4","29","9","0","100","1","11","0","21","38","0","0","0","0","0","0","0","1.4","","2","3","0","0","0","0","21","38","0","0","15","0","0","6","66.8","56.7","1","0","0","0","4","5","0","0","0","0","0","0","0","1","3","0","1","5","0","0","0","0","0","0","1","0","0","0","3","4","0","0","0","0","0","0","0","0","0","0","0","0","0","0","0","0","0","0","0","0","0","0","0","2","0","3","1","0","0","clan-bulk-1.2","0","0","0"
"liga_klanow_2_2","Silver Sharks Lublin 🦈 vs LaPailladeBelge 3:0","1297883","2026-09-18 19:00","UMCS Hala Sportowa","Espoir club Borretti II","1420","LaPailladeBelge","","Wymysłowski, Maksymilian","1767860","11","4","7","1","1","59.7","23","6","4","17","-9","4","0","0","4","0","0","0","0","0","0","0","6","31","48","0","0","0","0","0","0","0","17.2","","0","0","0","0","0","0","31","48","6","0","21","0","1","10","59.7","54.4","0","0","0","0","5","5","0","0","4","0","1","5","0","0","0","0","0","0","4","0","2","0","7","13","0","0","0","0","0","0","0","0","0","0","0","0","0","0","0","0","0","0","0","0","0","0","0","0","0","0","0","0","0","3","3","6","4","0","0","clan-bulk-1.2","0","0","0"
"liga_klanow_2_2","Silver Sharks Lublin 🦈 vs LaPailladeBelge 3:0","1297883","2026-09-18 19:00","UMCS Hala Sportowa","Espoir club Borretti II","1420","LaPailladeBelge","","Pozzi, Tito","1709938","0","0","0","0","0","0","0","0","0","0","0","18","15","8","3","2","56","7","0","100","5","71","0","0","0","0","1","2","0","0","1","1","12","","2","2","0","0","0","0","0","0","0","0","0","0","0","0","0","0","0","0","0","0","0","0","0","0","0","0","0","0","0","0","0","0","0","0","0","0","0","0","0","0","0","0","0","0","0","0","0","1","0","0","1","2","0","0","0","0","0","0","0","0","0","0","0","0","0","0","0","0","0","0","0","0","0","0","0","clan-bulk-1.2","0","0","0"
"liga_klanow_2_2","Silver Sharks Lublin 🦈 vs LaPailladeBelge 3:0","1297883","2026-09-18 19:00","UMCS Hala Sportowa","Espoir club Borretti II","1420","LaPailladeBelge","","Paunov, Radoslav","1767973","3","3","2","0","0","53.2","3","0","2","67","67","7","6","0","1","0","0","0","0","0","0","0","1","9","17","0","0","0","0","0","0","0","7","","0","0","0","0","0","0","9","17","1","0","6","0","0","3","53.2","51","0","0","0","0","1","1","0","0","0","1","0","1","0","0","0","0","0","0","0","0","0","0","0","0","1","0","0","0","0","1","0","0","0","0","0","0","0","0","0","0","0","0","0","0","0","0","0","0","0","0","0","0","0","2","1","0","1","0","0","clan-bulk-1.2","0","0","0"
"liga_klanow_2_2","Silver Sharks Lublin 🦈 vs LaPailladeBelge 3:0","1297883","2026-09-18 19:00","UMCS Hala Sportowa","Espoir club Borretti II","1420","LaPailladeBelge","","Toshev, Atanas","2002381","0","0","0","0","0","0","0","0","0","0","0","0","0","0","0","0","0","1","0","100","1","100","0","0","0","0","1","1","0","0","0","1","0.8","","0","0","0","0","0","0","0","0","0","0","0","0","0","0","0","0","0","0","0","0","0","0","0","0","0","0","0","0","0","0","0","0","0","0","0","0","0","0","0","0","0","0","0","0","0","0","0","1","0","0","0","1","0","0","0","0","0","0","0","0","0","0","0","0","0","0","0","0","0","0","0","0","0","0","0","clan-bulk-1.2","0","0","0"
"liga_klanow_2_2","Silver Sharks Lublin 🦈 vs LaPailladeBelge 3:0","1297883","2026-09-18 19:00","UMCS Hala Sportowa","Espoir club Borretti II","1420","LaPailladeBelge","","Lewicki, Marek","2088124","2","1","2","0","0","67","3","1","1","33","0","5","4","0","1","1","20","8","0","100","1","13","1","4","15","0","0","0","0","0","0","0","7.5","","0","0","0","0","0","0","4","15","1","0","4","0","0","0","67","58.4","1","0","0","0","0","1","0","0","1","0","0","1","0","0","0","0","1","1","0","0","0","0","0","0","0","0","0","0","0","0","0","0","0","0","0","0","0","0","0","0","0","0","0","0","0","0","0","0","0","0","0","0","0","2","1","1","0","0","0","clan-bulk-1.2","0","0","0"
"liga_klanow_2_2","Silver Sharks Lublin 🦈 vs LaPailladeBelge 3:0","1297883","2026-09-18 19:00","UMCS Hala Sportowa","Espoir club Borretti II","1420","LaPailladeBelge","","Bittermann, Carsten","1949912","0","0","2","0","0","82.4","0","0","0","0","0","6","5","3","1","0","50","0","0","0","0","0","0","7","14","7","8","34","4","10","10","10","2.4","","0","0","0","0","0","0","7","14","0","0","6","0","0","1","82.4","62.8","0","0","0","0","0","0","0","0","0","0","0","0","0","0","0","0","0","0","0","0","0","0","0","0","0","0","0","0","0","0","7","8","1","2","16","34","0","0","0","0","0","0","0","0","0","0","0","0","0","0","0","0","0","0","0","0","0","0","0","clan-bulk-1.2","0","0","0"
"liga_klanow_2_2","Silver Sharks Lublin 🦈 vs LaPailladeBelge 3:0","1297883","2026-09-18 19:00","UMCS Hala Sportowa","Espoir club Borretti II","1420","LaPailladeBelge","","Salum, Afrânio","1744651","10","6","10","0","0","57.8","24","4","8","33","17","5","1","0","4","1","20","0","0","0","0","0","2","21","40","0","1","3","0","1","1","1","19.8","","1","1","0","0","0","0","21","40","2","0","17","0","0","4","57.8","51","2","0","0","0","2","4","1","0","2","0","1","4","0","0","0","0","0","0","4","1","1","1","9","16","0","0","0","0","0","0","0","1","0","0","2","3","0","0","0","0","0","0","0","0","0","0","0","0","0","0","0","0","0","2","0","4","6","0","0","clan-bulk-1.2","0","0","0"
"liga_klanow_2_2","Volleyball Szubin Team vs Stratton Oakmont VB 3:0","1297884","2026-09-18 19:00","VST Hala Sportowa","EXP Academy","1420","Volleyball Szubin Team","","Zawadzki, Maciej","1744964","1","0","16","1","0","68.7","0","0","0","0","0","12","9","3","3","3","50","0","0","0","0","0","1","19","48","45","5","84","19","26","27","12","5.6","{""sets"":[{""h"":25,""a"":16},{""h"":25,""a"":17},{""h"":25,""a"":12}],""parsedSets"":[{""rallies"":[{""type"":""end"",""score"":""25 : 16"",""txt"":""Koniec seta 1 : 0""},{""type"":""end"",""score"":""25 : 16"",""txt"":""Koniec seta 1 : 0""},{""type"":""rally"",""score"":""25 : 16"",""speed"":""-"",""res"":""Błąd: G. Abramowicz""},{""type"":""rally"",""score"":""24 : 16"",""speed"":""56.2 km/h"",""res"":""Punkt: I. Candelario""},{""type"":""rally"",""score"":""24 : 15"",""speed"":""46.6 km/h"",""res"":""Punkt: M. Yuze""},{""type"":""rally"",""score"":""23 : 15"",""speed"":""62.6 km/h"",""res"":""Punkt: G. Abramowicz""},{""type"":""rally"",""score"":""23 : 14"",""speed"":""70.6 km/h"",""res"":""Błąd: G. Abramowicz""},{""type"":""rally"",""score"":""22 : 14"",""speed"":""76.1 km/h"",""res"":""Punkt: M. Yuze""},{""type"":""rally"",""score"":""21 : 14"",""speed"":""-"",""res"":""Błąd: M. Zawadzki""},{""type"":""rally"",""score"":""21 : 13"",""speed"":""56.6 km/h"",""res"":""Punkt: A. Travnicek""},{""type"":""rally"",""score"":""20 : 13"",""speed"":""61.2 km/h"",""res"":""Punkt: M. Gorzała""},{""type"":""rally"",""score"":""20 : 12"",""speed"":""57.5 km/h"",""res"":""Punkt: P. Pankowski""},{""type"":""rally"",""score"":""19 : 12"",""speed"":""55.4 km/h"",""res"":""Punkt: D. Gomez""},{""type"":""rally"",""score"":""18 : 12"",""speed"":""57.7 km/h"",""res"":""Punkt: I. Candelario""},{""type"":""tmo"",""score"":""18 : 11"",""txt"":""Czas: Stratton Oakmont VB""},{""type"":""rally"",""score"":""18 : 11"",""speed"":""48.9 km/h"",""res"":""Punkt: D. Gomez""},{""type"":""rally"",""score"":""17 : 11"",""speed"":""48.6 km/h"",""res"":""Punkt: I. Candelario""},{""type"":""tmo"",""score"":""17 : 10"",""txt"":""Czas: Stratton Oakmont VB""},{""type"":""rally"",""score"":""17 : 10"",""speed"":""70.2 km/h"",""res"":""Punkt: D. Gomez""},{""type"":""tmo"",""score"":""16 : 10"",""txt"":""Czas: ""},{""type"":""rally"",""score"":""16 : 10"",""speed"":""57.9 km/h"",""res"":""Błąd: I. Candelario""},{""type"":""rally"",""score"":""15 : 10"",""speed"":""76.4 km/h"",""res"":""Błąd: G. Abramowicz""},{""type"":""rally"",""score"":""14 : 10"",""speed"":""53.5 km/h"",""res"":""Punkt: D. Gomez""},{""type"":""rally"",""score"":""13 : 10"",""speed"":""70.7 km/h"",""res"":""Punkt: G. Abramowicz""},{""type"":""rally"",""score"":""13 : 9"",""speed"":""46.3 km/h"",""res"":""Punkt: P. Pankowski""},{""type"":""rally"",""score"":""12 : 9"",""speed"":""58.8 km/h"",""res"":""Punkt: C. Fetto""},{""type"":""rally"",""score"":""12 : 8"",""speed"":""69.1 km/h"",""res"":""Punkt: P. Pankowski""},{""type"":""rally"",""score"":""11 : 8"",""speed"":""48.0 km/h"",""res"":""Punkt: C. Fetto""},{""type"":""rally"",""score"":""11 : 7"",""speed"":""66.2 km/h"",""res"":""Punkt: M. Yuze""},{""type"":""rally"",""score"":""10 : 7"",""speed"":""69.6 km/h"",""res"":""Błąd: A. Travnicek""},{""type"":""rally"",""score"":""10 : 6"",""speed"":""46.7 km/h"",""res"":""Punkt: O. Neto""},{""type"":""rally"",""score"":""10 : 5"",""speed"":""50.6 km/h"",""res"":""Punkt: M. Yuze""},{""type"":""rally"",""score"":""9 : 5"",""speed"":""65.7 km/h"",""res"":""Punkt: D. Gomez""},{""type"":""rally"",""score"":""8 : 5"",""speed"":""60.2 km/h"",""res"":""Punkt: I. Candelario""},{""type"":""tmo"",""score"":""8 : 4"",""txt"":""Czas: ""},{""type"":""rally"",""score"":""8 : 4"",""speed"":""47.8 km/h"",""res"":""Punkt: D. Gomez""},{""type"":""rally"",""score"":""7 : 4"",""speed"":""57.4 km/h"",""res"":""Punkt: D. Gomez""},{""type"":""rally"",""score"":""6 : 4"",""speed"":""70.3 km/h"",""res"":""Punkt: M. Spensieri""},{""type"":""rally"",""score"":""5 : 4"",""speed"":""54.4 km/h"",""res"":""Punkt: G. Abramowicz""},{""type"":""rally"",""score"":""5 : 3"",""speed"":""54.4 km/h"",""res"":""Punkt: D. Gomez""},{""type"":""rally"",""score"":""4 : 3"",""speed"":""65.4 km/h"",""res"":""Punkt: D. Gomez""},{""type"":""rally"",""score"":""3 : 3"",""speed"":""-"",""res"":""Błąd: M. Yuze""},{""type"":""rally"",""score"":""3 : 2"",""speed"":""-"",""res"":""Błąd: C. Fetto""},{""type"":""chg"",""score"":""2 : 2"",""txt"":""Zmiana: M. Yuze ⇄ W. Zeidler""},{""type"":""rally"",""score"":""2 : 2"",""speed"":""72.4 km/h"",""res"":""Punkt: C. Fetto""},{""type"":""chg"",""score"":""2 : 1"",""txt"":""Zmiana: D. Gomez ⇄ T. Asthenidis""},{""type"":""rally"",""score"":""2 : 1"",""speed"":""70.8 km/h"",""res"":""Punkt: M. Spensieri""},{""type"":""rally"",""score"":""1 : 1"",""speed"":""59.7 km/h"",""res"":""Punkt: G. Abramowicz""},{""type"":""chg"",""score"":""1 : 0"",""txt"":""Zmiana: W. Zeidler ⇄ M. Yuze""},{""type"":""chg"",""score"":""1 : 0"",""txt"":""Zmiana: T. Asthenidis ⇄ D. Gomez""},{""type"":""rally"",""score"":""1 : 0"",""speed"":""66.6 km/h"",""res"":""Punkt: P. Pankowski""}]},{""rallies"":[{""type"":""end"",""score"":""25 : 17"",""txt"":""Koniec seta 2 : 0""},{""type"":""end"",""score"":""25 : 17"",""txt"":""Koniec seta 2 : 0""},{""type"":""rally"",""score"":""25 : 17"",""speed"":""57.2 km/h"",""res"":""Punkt: P. Pankowski""},{""type"":""rally"",""score"":""24 : 17"",""speed"":""46.1 km/h"",""res"":""Punkt: I. Usseglio""},{""type"":""rally"",""score"":""23 : 17"",""speed"":""65.3 km/h"",""res"":""Punkt: G. Morlet""},{""type"":""rally"",""score"":""23 : 16"",""speed"":""62.5 km/h"",""res"":""Punkt: A. Travnicek""},{""type"":""rally"",""score"":""22 : 16"",""speed"":""43.0 km/h"",""res"":""Punkt: M. Spensieri""},{""type"":""rally"",""score"":""21 : 16"",""speed"":""48.4 km/h"",""res"":""Błąd: P. Pankowski""},{""type"":""rally"",""score"":""21 : 15"",""speed"":""58.2 km/h"",""res"":""Punkt: R. Esseni""},{""type"":""rally"",""score"":""21 : 14"",""speed"":""64.3 km/h"",""res"":""Punkt: D. Gomez""},{""type"":""rally"",""score"":""20 : 14"",""speed"":""49.9 km/h"",""res"":""Punkt: R. Esseni""},{""type"":""rally"",""score"":""20 : 13"",""speed"":""53.6 km/h"",""res"":""Punkt: D. Gomez""},{""type"":""rally"",""score"":""19 : 13"",""speed"":""50.1 km/h"",""res"":""Punkt: D. Gomez""},{""type"":""rally"",""score"":""18 : 13"",""speed"":""48.3 km/h"",""res"":""Punkt: G. Abramowicz""},{""type"":""tmo"",""score"":""18 : 12"",""txt"":""Czas: Stratton Oakmont VB""},{""type"":""rally"",""score"":""18 : 12"",""speed"":""71.4 km/h"",""res"":""Błąd: G. Abramowicz""},{""type"":""rally"",""score"":""17 : 12"",""speed"":""54.4 km/h"",""res"":""Punkt: D. Gomez""},{""type"":""rally"",""score"":""16 : 12"",""speed"":""-"",""res"":""Błąd: I. Usseglio""},{""type"":""tmo"",""score"":""16 : 11"",""txt"":""Czas: ""},{""type"":""rally"",""score"":""16 : 11"",""speed"":""56.7 km/h"",""res"":""Punkt: I. Usseglio""},{""type"":""rally"",""score"":""15 : 11"",""speed"":""47.6 km/h"",""res"":""Punkt: M. Gorzała""},{""type"":""rally"",""score"":""15 : 10"",""speed"":""57.6 km/h"",""res"":""Punkt: G. Abramowicz""},{""type"":""rally"",""score"":""15 : 9"",""speed"":""64.7 km/h"",""res"":""Punkt: O. Neto""},{""type"":""rally"",""score"":""15 : 8"",""speed"":""67.3 km/h"",""res"":""Punkt: A. Travnicek""},{""type"":""rally"",""score"":""14 : 8"",""speed"":""69.0 km/h"",""res"":""Punkt: I. Usseglio""},{""type"":""rally"",""score"":""13 : 8"",""speed"":""58.2 km/h"",""res"":""Punkt: P. Pankowski""},{""type"":""rally"",""score"":""12 : 8"",""speed"":""-"",""res"":""Błąd: F. Magafinis""},{""type"":""rally"",""score"":""11 : 8"",""speed"":""49.6 km/h"",""res"":""Punkt: G. Morlet""},{""type"":""rally"",""score"":""11 : 7"",""speed"":""60.7 km/h"",""res"":""Punkt: I. Usseglio""},{""type"":""rally"",""score"":""10 : 7"",""speed"":""69.1 km/h"",""res"":""Punkt: O. Neto""},{""type"":""rally"",""score"":""10 : 6"",""speed"":""54.0 km/h"",""res"":""Punkt: I. Usseglio""},{""type"":""rally"",""score"":""9 : 6"",""speed"":""51.6 km/h"",""res"":""Punkt: M. Zawadzki""},{""type"":""tmo"",""score"":""8 : 6"",""txt"":""Czas: ""},{""type"":""rally"",""score"":""8 : 6"",""speed"":""67.3 km/h"",""res"":""Punkt: D. Gomez""},{""type"":""rally"",""score"":""7 : 6"",""speed"":""53.9 km/h"",""res"":""Punkt: O. Neto""},{""type"":""rally"",""score"":""7 : 5"",""speed"":""48.0 km/h"",""res"":""Punkt: M. Gorzała""},{""type"":""rally"",""score"":""7 : 4"",""speed"":""61.5 km/h"",""res"":""Punkt: D. Gomez""},{""type"":""rally"",""score"":""6 : 4"",""speed"":""59.0 km/h"",""res"":""Błąd: D. Gomez""},{""type"":""rally"",""score"":""6 : 3"",""speed"":""60.4 km/h"",""res"":""Błąd: G. Abramowicz""},{""type"":""rally"",""score"":""5 : 3"",""speed"":""48.4 km/h"",""res"":""Punkt: D. Gomez""},{""type"":""rally"",""score"":""4 : 3"",""speed"":""52.5 km/h"",""res"":""Punkt: G. Abramowicz""},{""type"":""tmo"",""score"":""4 : 2"",""txt"":""Czas: Stratton Oakmont VB""},{""type"":""rally"",""score"":""4 : 2"",""speed"":""64.6 km/h"",""res"":""Błąd: G. Abramowicz""},{""type"":""rally"",""score"":""3 : 2"",""speed"":""52.1 km/h"",""res"":""Punkt: I. Usseglio""},{""type"":""rally"",""score"":""2 : 2"",""speed"":""52.7 km/h"",""res"":""Punkt: P. Pankowski""},{""type"":""rally"",""score"":""1 : 2"",""speed"":""71.4 km/h"",""res"":""Punkt: G. Abramowicz""},{""type"":""rally"",""score"":""1 : 1"",""speed"":""49.0 km/h"",""res"":""Punkt: I. Usseglio""},{""type"":""chg"",""score"":""0 : 1"",""txt"":""Zmiana: G. Morlet ⇄ C. Fetto""},{""type"":""chg"",""score"":""0 : 1"",""txt"":""Zmiana: R. Esseni ⇄ I. Candelario""},{""type"":""chg"",""score"":""0 : 1"",""txt"":""Zmiana: I. Usseglio ⇄ M. Yuze""},{""type"":""rally"",""score"":""0 : 1"",""speed"":""67.2 km/h"",""res"":""Punkt: G. Abramowicz""}]},{""rallies"":[{""type"":""end"",""score"":""25 : 12"",""txt"":""Koniec seta 3 : 0""},{""type"":""end"",""score"":""25 : 12"",""txt"":""Koniec seta 3 : 0""},{""type"":""rally"",""score"":""25 : 12"",""speed"":""48.5 km/h"",""res"":""Punkt: P. Pankowski""},{""type"":""rally"",""score"":""24 : 12"",""speed"":""74.5 km/h"",""res"":""Punkt: A. Travnicek""},{""type"":""rally"",""score"":""23 : 12"",""speed"":""59.2 km/h"",""res"":""Punkt: M. Yuze""},{""type"":""rally"",""score"":""22 : 12"",""speed"":""56.4 km/h"",""res"":""Błąd: M. Yuze""},{""type"":""rally"",""score"":""22 : 11"",""speed"":""47.2 km/h"",""res"":""Punkt: L. Hartmann""},{""type"":""rally"",""score"":""22 : 10"",""speed"":""59.1 km/h"",""res"":""Błąd: L. Hartmann""},{""type"":""rally"",""score"":""21 : 10"",""speed"":""67.1 km/h"",""res"":""Punkt: M. Yuze""},{""type"":""rally"",""score"":""20 : 10"",""speed"":""68.7 km/h"",""res"":""Punkt: A. Travnicek""},{""type"":""rally"",""score"":""19 : 10"",""speed"":""53.3 km/h"",""res"":""Punkt: M. Yuze""},{""type"":""tmo"",""score"":""18 : 10"",""txt"":""Czas: Stratton Oakmont VB""},{""type"":""rally"",""score"":""18 : 10"",""speed"":""63.3 km/h"",""res"":""Punkt: M. Yuze""},{""type"":""rally"",""score"":""17 : 10"",""speed"":""51.8 km/h"",""res"":""Błąd: G. Abramowicz""},{""type"":""rally"",""score"":""16 : 10"",""speed"":""59.4 km/h"",""res"":""Punkt: L. Hartmann""},{""type"":""rally"",""score"":""16 : 9"",""speed"":""63.1 km/h"",""res"":""Punkt: L. Hartmann""},{""type"":""tmo"",""score"":""16 : 8"",""txt"":""Czas: ""},{""type"":""rally"",""score"":""16 : 8"",""speed"":""45.2 km/h"",""res"":""Punkt: D. Gomez""},{""type"":""rally"",""score"":""15 : 8"",""speed"":""45.0 km/h"",""res"":""Punkt: O. Neto""},{""type"":""rally"",""score"":""15 : 7"",""speed"":""45.3 km/h"",""res"":""Punkt: D. Gomez""},{""type"":""rally"",""score"":""14 : 7"",""speed"":""53.6 km/h"",""res"":""Punkt: D. Gomez""},{""type"":""rally"",""score"":""13 : 7"",""speed"":""42.5 km/h"",""res"":""Punkt: D. Gomez""},{""type"":""rally"",""score"":""12 : 7"",""speed"":""52.0 km/h"",""res"":""Punkt: A. Travnicek""},{""type"":""rally"",""score"":""11 : 7"",""speed"":""49.0 km/h"",""res"":""Punkt: A. Travnicek""},{""type"":""rally"",""score"":""10 : 7"",""speed"":""57.4 km/h"",""res"":""Punkt: D. Gomez""},{""type"":""rally"",""score"":""9 : 7"",""speed"":""58.8 km/h"",""res"":""Punkt: D. Gomez""},{""type"":""rally"",""score"":""8 : 7"",""speed"":""52.8 km/h"",""res"":""Punkt: K. Wojda""},{""type"":""rally"",""score"":""8 : 6"",""speed"":""58.0 km/h"",""res"":""Punkt: K. Wojda""},{""type"":""rally"",""score"":""8 : 5"",""speed"":""63.7 km/h"",""res"":""Punkt: K. Wojda""},{""type"":""tmo"",""score"":""8 : 4"",""txt"":""Czas: ""},{""type"":""rally"",""score"":""8 : 4"",""speed"":""57.4 km/h"",""res"":""Punkt: P. Pankowski""},{""type"":""rally"",""score"":""7 : 4"",""speed"":""-"",""res"":""Błąd: M. Yuze""},{""type"":""rally"",""score"":""7 : 3"",""speed"":""59.4 km/h"",""res"":""Punkt: M. Yuze""},{""type"":""rally"",""score"":""6 : 3"",""speed"":""77.8 km/h"",""res"":""Punkt: G. Abramowicz""},{""type"":""rally"",""score"":""6 : 2"",""speed"":""65.1 km/h"",""res"":""Błąd: G. Abramowicz""},{""type"":""tmo"",""score"":""5 : 2"",""txt"":""Czas: Stratton Oakmont VB""},{""type"":""rally"",""score"":""5 : 2"",""speed"":""59.6 km/h"",""res"":""Błąd: G. Abramowicz""},{""type"":""rally"",""score"":""4 : 2"",""speed"":""65.2 km/h"",""res"":""Punkt: A. Travnicek""},{""type"":""rally"",""score"":""3 : 2"",""speed"":""46.0 km/h"",""res"":""Punkt: A. Travnicek""},{""type"":""rally"",""score"":""2 : 2"",""speed"":""59.8 km/h"",""res"":""Punkt: G. Abramowicz""},{""type"":""chg"",""score"":""2 : 1"",""txt"":""Zmiana: M. Yuze ⇄ B. Brewster""},{""type"":""rally"",""score"":""2 : 1"",""speed"":""53.1 km/h"",""res"":""Punkt: L. Hartmann""},{""type"":""rally"",""score"":""2 : 0"",""speed"":""45.7 km/h"",""res"":""Punkt: P. Pankowski""},{""type"":""chg"",""score"":""1 : 0"",""txt"":""Zmiana: L. Hartmann ⇄ C. Fetto""},{""type"":""chg"",""score"":""1 : 0"",""txt"":""Zmiana: K. Wojda ⇄ I. Candelario""},{""type"":""chg"",""score"":""1 : 0"",""txt"":""Zmiana: B. Brewster ⇄ M. Yuze""},{""type"":""rally"",""score"":""1 : 0"",""speed"":""61.6 km/h"",""res"":""Punkt: A. Travnicek""}]}]}","3","3","0","0","0","0","19","48","1","0","18","0","0","1","68.7","58.1","0","0","0","0","0","0","0","0","0","0","0","0","0","0","0","0","0","0","0","0","0","0","0","0","0","0","0","0","0","0","45","5","3","4","27","84","0","0","0","0","0","0","0","0","0","0","0","0","0","0","0","0","0","2","1","1","0","0","0","clan-bulk-1.2","0","0","0"
"liga_klanow_2_2","Volleyball Szubin Team vs Stratton Oakmont VB 3:0","1297884","2026-09-18 19:00","VST Hala Sportowa","EXP Academy","1420","Volleyball Szubin Team","","Travnicek, Adam","1927565","10","9","16","0","3","77.8","10","1","5","50","40","20","6","4","14","8","60","23","0","100","13","57","2","34","55","0","0","0","0","0","0","0","44.3","","5","8","0","0","0","0","34","55","2","0","30","0","0","4","77.8","65.2","0","1","0","0","3","4","0","0","0","0","0","0","5","0","0","0","1","6","0","0","0","0","0","0","0","0","0","0","0","0","0","0","0","0","0","0","0","0","0","0","0","0","0","0","0","0","0","0","0","0","0","0","0","3","2","2","7","0","0","clan-bulk-1.2","0","0","0"
"liga_klanow_2_2","Volleyball Szubin Team vs Stratton Oakmont VB 3:0","1297884","2026-09-18 19:00","VST Hala Sportowa","EXP Academy","1420","Volleyball Szubin Team","","Yuze, Ma","1976199","10","6","4","2","0","70.7","16","2","6","38","25","1","1","0","0","0","0","0","0","0","0","0","4","24","35","0","0","0","0","0","0","0","24","","0","0","0","0","0","0","24","35","4","0","23","0","0","1","70.7","63.5","1","0","0","0","2","3","0","0","0","0","1","1","0","0","0","0","0","0","4","1","1","1","5","12","0","0","0","0","0","0","0","0","0","0","0","0","0","0","0","0","0","0","0","0","0","0","0","0","0","0","0","0","0","2","5","0","7","0","0","clan-bulk-1.2","0","0","0"
"liga_klanow_2_2","Volleyball Szubin Team vs Stratton Oakmont VB 3:0","1297884","2026-09-18 19:00","VST Hala Sportowa","EXP Academy","1420","Volleyball Szubin Team","","Pankowski, Paweł","1951289","12","11","11","0","0","76.4","14","1","8","57","50","16","7","1","9","4","31","0","0","0","0","0","4","28","50","0","0","0","0","0","0","0","38.9","","3","8","0","0","0","0","28","50","2","0","26","2","0","2","76.4","60.4","3","0","0","0","2","5","1","0","0","0","0","1","4","0","0","0","2","6","0","0","0","0","0","0","0","1","0","0","1","2","0","0","0","0","0","0","0","0","0","0","0","0","0","0","0","0","0","0","0","0","0","0","0","3","4","4","3","0","0","clan-bulk-1.2","0","0","0"
"liga_klanow_2_2","Volleyball Szubin Team vs Stratton Oakmont VB 3:0","1297884","2026-09-18 19:00","VST Hala Sportowa","EXP Academy","1420","Volleyball Szubin Team","","Spensieri, Mino","1927735","3","1","14","0","0","60.2","7","2","3","43","14","8","4","3","4","4","88","16","0","100","10","63","0","31","43","0","0","0","0","0","0","0","17.4","","3","3","0","0","0","0","31","43","0","0","30","0","0","1","60.2","51.4","0","0","0","0","0","0","2","0","0","0","0","2","0","0","1","0","0","1","0","0","0","0","0","0","1","0","1","0","2","4","0","0","0","0","0","0","0","0","0","0","0","0","0","0","0","0","0","0","0","0","0","0","0","2","2","1","0","0","0","clan-bulk-1.2","0","0","0"
"liga_klanow_2_2","Volleyball Szubin Team vs Stratton Oakmont VB 3:0","1297884","2026-09-18 19:00","VST Hala Sportowa","EXP Academy","1420","Volleyball Szubin Team","","Gomez, Damian","1865790","24","22","9","0","0","69.1","31","2","20","65","58","6","2","0","4","3","50","0","0","0","0","0","4","25","39","0","0","0","0","0","0","0","61.8","","3","4","0","0","0","0","25","39","4","0","24","0","0","1","69.1","56.9","1","1","0","1","4","7","0","0","1","0","0","1","0","0","0","0","0","0","17","0","0","1","5","23","0","0","0","0","0","0","0","0","0","0","0","0","0","0","0","0","0","0","0","0","0","0","0","0","0","0","0","0","0","3","9","8","6","0","0","clan-bulk-1.2","0","0","0"
"liga_klanow_2_2","Volleyball Szubin Team vs Stratton Oakmont VB 3:0","1297884","2026-09-18 19:00","VST Hala Sportowa","EXP Academy","1420","Volleyball Szubin Team","","Arsov, Nikolay","1928398","0","0","0","0","0","0","0","0","0","0","0","19","11","8","8","6","74","4","0","100","2","50","0","0","0","0","1","5","0","1","0","4","11.2","","6","7","0","0","0","0","0","0","0","0","0","0","0","0","0","0","0","0","0","0","0","0","0","0","0","0","0","0","0","0","0","0","0","0","0","0","0","0","0","0","0","0","0","0","0","0","0","1","0","0","4","5","0","0","0","0","0","0","0","0","0","0","0","0","0","0","0","0","0","0","0","0","0","0","0","clan-bulk-1.2","0","0","0"
"liga_klanow_2_2","Volleyball Szubin Team vs Stratton Oakmont VB 3:0","1297884","2026-09-18 19:00","VST Hala Sportowa","EXP Academy","1420","Volleyball Szubin Team","","Asthenidis, Tolis","2113273","0","0","0","0","0","0","0","0","0","0","0","0","0","0","0","0","0","0","0","0","0","0","0","0","0","0","0","0","0","0","0","0","0","","0","0","0","0","0","0","0","0","0","0","0","0","0","0","0","0","0","0","0","0","0","0","0","0","0","0","0","0","0","0","0","0","0","0","0","0","0","0","0","0","0","0","0","0","0","0","0","0","0","0","0","0","0","0","0","0","0","0","0","0","0","0","0","0","0","0","0","0","0","0","0","0","0","0","0","clan-bulk-1.2","0","0","0"
"liga_klanow_2_2","Volleyball Szubin Team vs Stratton Oakmont VB 3:0","1297884","2026-09-18 19:00","VST Hala Sportowa","EXP Academy","1420","Volleyball Szubin Team","","Zeidler, Wolfram","2113506","0","-1","0","0","0","0","2","1","0","0","-50","1","0","0","1","0","0","0","0","0","0","0","0","3","5","0","0","0","0","0","0","0","-1.5","","0","0","0","0","0","0","3","5","0","0","3","0","0","0","0","0","0","0","0","0","1","1","0","0","1","0","0","1","0","0","0","0","0","0","0","0","0","0","0","0","0","0","0","0","0","0","0","0","0","0","0","0","0","0","0","0","0","0","0","0","0","0","0","0","0","0","0","0","0","0","0","0","0","0","0","clan-bulk-1.2","0","0","0"
"liga_klanow_2_2","Volleyball Szubin Team vs Stratton Oakmont VB 3:0","1297884","2026-09-18 19:00","VST Hala Sportowa","EXP Academy","1420","Volleyball Szubin Team","","Usseglio, Italo","1976735","7","5","4","1","1","64.6","9","1","6","67","56","1","1","0","0","0","0","0","0","0","0","0","0","10","16","0","0","1","0","0","0","1","12.5","","0","0","0","0","0","0","10","16","0","1","8","0","0","2","64.6","56.4","2","0","0","0","1","3","1","0","1","0","0","2","0","0","0","0","0","0","3","0","0","0","1","4","0","0","0","0","0","0","0","0","0","0","1","1","0","0","0","0","0","0","0","0","0","0","0","0","0","0","0","0","0","1","0","8","0","0","0","clan-bulk-1.2","0","0","0"
"liga_klanow_2_2","Volleyball Szubin Team vs Stratton Oakmont VB 3:0","1297884","2026-09-18 19:00","VST Hala Sportowa","EXP Academy","1420","Volleyball Szubin Team","","Brewster, Brian","2112139","0","0","0","0","0","0","1","0","0","0","0","0","0","0","0","0","0","0","0","0","0","0","0","3","3","0","0","0","0","0","0","0","0","","0","0","0","0","0","0","3","3","0","0","2","0","0","1","0","0","0","0","0","0","1","1","0","0","0","0","0","0","0","0","0","0","0","0","0","0","0","0","0","0","0","0","0","0","0","0","0","0","0","0","0","0","0","0","0","0","0","0","0","0","0","0","0","0","0","0","0","0","0","0","0","0","0","0","0","clan-bulk-1.2","0","0","0"
"liga_klanow_2_2","Volleyball Szubin Team vs Stratton Oakmont VB 3:0","1297884","2026-09-18 19:00","VST Hala Sportowa","Espoir club Borretti II","1420","Stratton Oakmont VB","","Magafinis, Frank","1975569","0","-1","9","1","0","69.6","2","0","0","0","0","17","8","2","9","5","41","0","0","0","0","0","0","10","41","30","14","91","8","32","24","27","2.6","","5","6","0","0","0","0","10","41","0","0","9","0","0","1","69.6","58.2","0","0","0","0","2","2","0","0","0","0","0","0","0","0","0","0","0","0","0","0","0","0","0","0","0","0","0","0","0","0","30","14","1","9","37","91","0","0","0","0","0","0","0","0","0","0","0","0","0","0","0","0","0","1","0","1","0","0","0","clan-bulk-1.2","0","0","0"
"liga_klanow_2_2","Volleyball Szubin Team vs Stratton Oakmont VB 3:0","1297884","2026-09-18 19:00","VST Hala Sportowa","Espoir club Borretti II","1420","Stratton Oakmont VB","","Neto, Orestes","1927273","5","2","11","0","0","76.1","14","2","5","36","21","13","7","1","6","1","15","22","1","95","10","45","0","19","51","0","0","0","0","0","0","0","22.8","","1","2","0","0","0","0","19","51","0","0","16","0","0","3","76.1","59.3","0","0","0","0","5","5","0","0","0","0","0","0","5","0","2","0","2","9","0","0","0","0","0","0","0","0","0","0","0","0","0","0","0","0","0","0","0","0","0","0","0","0","0","0","0","0","0","0","0","0","0","0","0","3","1","3","1","0","0","clan-bulk-1.2","0","0","0"
"liga_klanow_2_2","Volleyball Szubin Team vs Stratton Oakmont VB 3:0","1297884","2026-09-18 19:00","VST Hala Sportowa","Espoir club Borretti II","1420","Stratton Oakmont VB","","Fetto, Christian","2112389","3","1","3","1","0","46.6","4","1","2","50","25","2","0","0","2","0","0","0","0","0","0","0","1","14","18","0","1","1","0","0","0","1","4.5","","0","1","0","0","0","0","14","18","1","0","14","0","0","0","46.6","46.5","1","0","1","0","1","3","0","0","0","0","0","0","0","0","0","0","0","0","1","0","0","0","0","1","0","0","0","0","0","0","0","1","0","0","0","1","0","0","0","0","0","0","0","0","0","0","0","0","0","0","0","0","0","1","4","0","0","0","0","clan-bulk-1.2","0","0","0"
"liga_klanow_2_2","Volleyball Szubin Team vs Stratton Oakmont VB 3:0","1297884","2026-09-18 19:00","VST Hala Sportowa","Espoir club Borretti II","1420","Stratton Oakmont VB","","Abramowicz, Grzegorz","1928174","12","-1","6","1","0","65.4","31","12","9","29","-10","12","7","1","5","2","25","0","0","0","0","0","3","31","49","0","0","0","0","0","0","0","7.6","","2","2","0","0","0","0","31","49","2","0","28","1","0","3","65.4","57.6","2","2","1","0","5","10","0","0","1","0","1","2","7","5","2","0","1","15","0","0","0","0","0","0","0","1","0","0","3","4","0","0","0","0","0","0","0","0","0","0","0","0","0","0","0","0","0","0","0","0","0","0","0","3","7","8","5","0","0","clan-bulk-1.2","0","0","0"
"liga_klanow_2_2","Volleyball Szubin Team vs Stratton Oakmont VB 3:0","1297884","2026-09-18 19:00","VST Hala Sportowa","Espoir club Borretti II","1420","Stratton Oakmont VB","","Gorzała, Miłosz","1865616","3","-2","8","0","0","70.3","9","2","2","22","0","20","14","7","6","2","45","39","3","92","12","31","1","16","39","0","0","0","0","0","0","0","23.6","","1","4","0","0","0","0","16","39","1","0","15","0","0","1","70.3","59.3","0","0","0","0","1","1","0","0","0","0","1","1","1","0","1","0","1","3","0","0","0","0","0","0","1","0","1","0","2","4","0","0","0","0","0","0","0","0","0","0","0","0","0","0","0","0","0","0","0","0","0","0","0","2","1","2","0","0","0","clan-bulk-1.2","0","0","0"
"liga_klanow_2_2","Volleyball Szubin Team vs Stratton Oakmont VB 3:0","1297884","2026-09-18 19:00","VST Hala Sportowa","Espoir club Borretti II","1420","Stratton Oakmont VB","","Candelario, Isaiah","2112388","4","2","2","0","0","65.7","8","2","4","50","25","1","1","0","0","0","0","0","0","0","0","0","0","6","12","0","0","0","0","0","0","0","5","","0","0","0","0","0","0","6","12","0","0","6","0","0","0","65.7","60.6","2","0","1","0","1","4","0","0","0","0","0","0","0","0","0","0","0","0","2","1","0","0","1","4","0","0","0","0","0","0","0","0","0","0","0","0","0","0","0","0","0","0","0","0","0","0","0","0","0","0","0","0","0","1","5","0","0","0","0","clan-bulk-1.2","0","0","0"
"liga_klanow_2_2","Volleyball Szubin Team vs Stratton Oakmont VB 3:0","1297884","2026-09-18 19:00","VST Hala Sportowa","Espoir club Borretti II","1420","Stratton Oakmont VB","","Sulg, Argo","1905647","0","0","0","0","0","0","0","0","0","0","0","22","15","7","7","6","59","9","0","100","2","22","0","0","0","2","0","6","0","1","3","2","12.4","","5","6","0","0","0","0","0","0","0","0","0","0","0","0","0","0","0","0","0","0","0","0","0","0","0","0","0","0","0","0","0","0","0","0","0","0","0","0","0","0","0","0","0","0","0","0","2","0","0","1","3","6","0","0","0","0","0","0","0","0","0","0","0","0","0","0","0","0","0","0","0","0","0","0","0","clan-bulk-1.2","0","0","0"
"liga_klanow_2_2","Volleyball Szubin Team vs Stratton Oakmont VB 3:0","1297884","2026-09-18 19:00","VST Hala Sportowa","Espoir club Borretti II","1420","Stratton Oakmont VB","","Hartmann, Loïc","2112386","4","1","1","0","0","59.4","12","3","4","33","8","2","1","0","1","0","0","0","0","0","0","0","0","11","19","0","0","0","0","0","0","0","5.1","","0","0","0","0","0","0","11","19","0","1","10","0","0","1","59.4","59.4","1","0","0","0","4","5","0","0","1","0","0","1","0","0","0","0","0","0","3","1","1","0","1","6","0","0","0","0","0","0","0","0","0","0","0","0","0","0","0","0","0","0","0","0","0","0","0","0","0","0","0","0","0","1","0","0","5","0","0","clan-bulk-1.2","0","0","0"
"liga_klanow_2_2","Volleyball Szubin Team vs Stratton Oakmont VB 3:0","1297884","2026-09-18 19:00","VST Hala Sportowa","Espoir club Borretti II","1420","Stratton Oakmont VB","","Esseni, Rossano","2139527","3","3","3","0","0","60.7","4","0","3","75","75","1","1","0","0","0","0","0","0","0","0","0","0","5","12","0","0","0","0","0","0","0","6","","0","0","0","0","0","0","5","12","0","1","5","0","0","0","60.7","50.7","2","0","0","0","1","3","0","0","0","1","0","1","0","0","0","0","0","0","0","0","0","0","0","0","0","0","0","0","0","0","0","0","0","0","0","0","0","0","0","0","0","0","0","0","0","0","0","0","0","0","0","0","0","1","0","2","0","0","0","clan-bulk-1.2","0","0","0"
"liga_klanow_2_2","Volleyball Szubin Team vs Stratton Oakmont VB 3:0","1297884","2026-09-18 19:00","VST Hala Sportowa","Espoir club Borretti II","1420","Stratton Oakmont VB","","Wojda, Karol","1865476","3","1","1","0","0","45.2","8","2","2","25","0","1","1","0","0","0","0","0","0","0","0","0","1","9","13","0","0","0","0","0","0","0","4","","0","0","0","0","0","0","9","13","1","1","8","0","0","1","45.2","45.2","2","0","0","0","2","4","0","0","0","0","0","0","0","0","0","0","0","0","0","0","2","0","2","4","0","0","0","0","0","0","0","0","0","0","0","0","0","0","0","0","0","0","0","0","0","0","0","0","0","0","0","0","0","1","0","0","3","0","0","clan-bulk-1.2","0","0","0"
"liga_klanow_2_2","Volleyball Szubin Team vs Stratton Oakmont VB 3:0","1297884","2026-09-18 19:00","VST Hala Sportowa","Espoir club Borretti II","1420","Stratton Oakmont VB","","Morlet, Gérard","2112387","2","1","2","0","0","54.4","8","1","2","25","13","1","1","0","0","0","0","0","0","0","0","0","0","11","16","0","0","0","0","0","0","0","2.5","","0","0","0","0","0","0","11","16","0","0","9","0","0","2","54.4","51.4","0","0","0","0","1","1","0","0","0","0","0","0","0","0","0","0","0","0","2","0","1","0","4","7","0","0","0","0","0","0","0","0","0","0","0","0","0","0","0","0","0","0","0","0","0","0","0","0","0","0","0","0","0","1","0","2","0","0","0","clan-bulk-1.2","0","0","0"
"liga_klanow_2_2","Carplife 🇵🇱 vs Chomelix Cows 3:0","1297885","2026-09-18 19:00","Kudahuvadhoo 🏝️","EXP Academy","1420","Carplife 🇵🇱","","Bilyarski, Angel","1951203","2","0","21","2","1","66.2","0","0","0","0","0","5","4","3","1","1","80","0","0","0","0","0","1","19","27","27","1","49","22","13","11","3","6.8","{""sets"":[{""h"":25,""a"":9},{""h"":25,""a"":8},{""h"":25,""a"":9}],""parsedSets"":[{""rallies"":[{""type"":""end"",""score"":""25 : 9"",""txt"":""Koniec seta 1 : 0""},{""type"":""end"",""score"":""25 : 9"",""txt"":""Koniec seta 1 : 0""},{""type"":""rally"",""score"":""25 : 9"",""speed"":""54.5 km/h"",""res"":""Punkt: M. Coelho""},{""type"":""rally"",""score"":""24 : 9"",""speed"":""66.7 km/h"",""res"":""Punkt: P. Jaroszek""},{""type"":""rally"",""score"":""23 : 9"",""speed"":""62.5 km/h"",""res"":""Punkt: J. Tianxian""},{""type"":""rally"",""score"":""22 : 9"",""speed"":""55.3 km/h"",""res"":""Punkt: M. Coelho""},{""type"":""rally"",""score"":""21 : 9"",""speed"":""-"",""res"":""Błąd: I. Cunha""},{""type"":""rally"",""score"":""20 : 9"",""speed"":""-"",""res"":""Błąd: P. Cheung""},{""type"":""rally"",""score"":""20 : 8"",""speed"":""65.9 km/h"",""res"":""Punkt: P. Cheung""},{""type"":""rally"",""score"":""19 : 8"",""speed"":""-"",""res"":""Błąd: A. Bilyarski""},{""type"":""rally"",""score"":""19 : 7"",""speed"":""66.0 km/h"",""res"":""Punkt: P. Jaroszek""},{""type"":""rally"",""score"":""18 : 7"",""speed"":""-"",""res"":""Błąd: A. Aldemır""},{""type"":""rally"",""score"":""18 : 6"",""speed"":""70.1 km/h"",""res"":""Punkt: A. Aldemır""},{""type"":""rally"",""score"":""17 : 6"",""speed"":""48.0 km/h"",""res"":""Punkt: V. Ferrer""},{""type"":""rally"",""score"":""17 : 5"",""speed"":""82.9 km/h"",""res"":""Punkt: A. Aldemır""},{""type"":""rally"",""score"":""16 : 5"",""speed"":""55.6 km/h"",""res"":""Punkt: L. Aguado""},{""type"":""tmo"",""score"":""16 : 4"",""txt"":""Czas: ""},{""type"":""rally"",""score"":""16 : 4"",""speed"":""61.8 km/h"",""res"":""Błąd: L. Aguado""},{""type"":""rally"",""score"":""15 : 4"",""speed"":""62.7 km/h"",""res"":""Punkt: J. Tianxian""},{""type"":""rally"",""score"":""14 : 4"",""speed"":""62.1 km/h"",""res"":""Punkt: A. Aldemır""},{""type"":""rally"",""score"":""13 : 4"",""speed"":""62.6 km/h"",""res"":""Punkt: A. Aldemır""},{""type"":""rally"",""score"":""12 : 4"",""speed"":""63.1 km/h"",""res"":""Punkt: M. Sroka""},{""type"":""rally"",""score"":""12 : 3"",""speed"":""54.7 km/h"",""res"":""Punkt: L. Aguado""},{""type"":""rally"",""score"":""12 : 2"",""speed"":""62.3 km/h"",""res"":""Punkt: M. Coelho""},{""type"":""rally"",""score"":""11 : 2"",""speed"":""-"",""res"":""Błąd: P. Cheung""},{""type"":""rally"",""score"":""11 : 1"",""speed"":""62.9 km/h"",""res"":""Punkt: M. Coelho""},{""type"":""rally"",""score"":""10 : 1"",""speed"":""49.2 km/h"",""res"":""Punkt: M. Coelho""},{""type"":""rally"",""score"":""9 : 1"",""speed"":""61.7 km/h"",""res"":""Punkt: M. Coelho""},{""type"":""tmo"",""score"":""8 : 1"",""txt"":""Czas: ""},{""type"":""rally"",""score"":""8 : 1"",""speed"":""62.3 km/h"",""res"":""Punkt: P. Cheung""},{""type"":""chg"",""score"":""7 : 1"",""txt"":""Zmiana: P. Cheung ⇄ K. Hiddink""},{""type"":""chg"",""score"":""7 : 1"",""txt"":""Zmiana: J. Tianxian ⇄ E. Maffezzoni""},{""type"":""chg"",""score"":""7 : 1"",""txt"":""Zmiana: P. Jaroszek ⇄ G. Mallat""},{""type"":""rally"",""score"":""7 : 1"",""speed"":""48.9 km/h"",""res"":""Punkt: K. Hiddink""},{""type"":""rally"",""score"":""6 : 1"",""speed"":""61.4 km/h"",""res"":""Punkt: G. Mallat""},{""type"":""rally"",""score"":""5 : 1"",""speed"":""57.7 km/h"",""res"":""Punkt: M. Coelho""},{""type"":""rally"",""score"":""4 : 1"",""speed"":""48.7 km/h"",""res"":""Punkt: E. Maffezzoni""},{""type"":""rally"",""score"":""3 : 1"",""speed"":""-"",""res"":""Błąd: B. da Mata""},{""type"":""rally"",""score"":""2 : 1"",""speed"":""63.6 km/h"",""res"":""Błąd: G. Mallat""},{""type"":""tmo"",""score"":""2 : 0"",""txt"":""Czas: Chomelix Cows""},{""type"":""rally"",""score"":""2 : 0"",""speed"":""67.1 km/h"",""res"":""Punkt: A. Bilyarski""},{""type"":""tmo"",""score"":""1 : 0"",""txt"":""Czas: Carplife 🇵🇱""},{""type"":""rally"",""score"":""1 : 0"",""speed"":""62.5 km/h"",""res"":""Punkt: G. Mallat""}]},{""rallies"":[{""type"":""end"",""score"":""25 : 8"",""txt"":""Koniec seta 2 : 0""},{""type"":""end"",""score"":""25 : 8"",""txt"":""Koniec seta 2 : 0""},{""type"":""rally"",""score"":""25 : 8"",""speed"":""54.2 km/h"",""res"":""Punkt: M. Coelho""},{""type"":""rally"",""score"":""24 : 8"",""speed"":""54.1 km/h"",""res"":""Punkt: P. Jaroszek""},{""type"":""rally"",""score"":""23 : 8"",""speed"":""63.5 km/h"",""res"":""Błąd: P. Jaroszek""},{""type"":""rally"",""score"":""23 : 7"",""speed"":""64.5 km/h"",""res"":""Punkt: P. Jaroszek""},{""type"":""rally"",""score"":""22 : 7"",""speed"":""51.8 km/h"",""res"":""Punkt: P. Cheung""},{""type"":""rally"",""score"":""21 : 7"",""speed"":""53.6 km/h"",""res"":""Punkt: P. Jaroszek""},{""type"":""rally"",""score"":""20 : 7"",""speed"":""54.0 km/h"",""res"":""Punkt: J. Tianxian""},{""type"":""rally"",""score"":""19 : 7"",""speed"":""53.3 km/h"",""res"":""Punkt: J. Tianxian""},{""type"":""rally"",""score"":""18 : 7"",""speed"":""66.2 km/h"",""res"":""Punkt: P. Jaroszek""},{""type"":""rally"",""score"":""17 : 7"",""speed"":""60.3 km/h"",""res"":""Punkt: P. Cheung""},{""type"":""tmo"",""score"":""16 : 7"",""txt"":""Czas: ""},{""type"":""rally"",""score"":""16 : 7"",""speed"":""56.6 km/h"",""res"":""Punkt: J. Tianxian""},{""type"":""rally"",""score"":""15 : 7"",""speed"":""-"",""res"":""Błąd: V. Ferrer""},{""type"":""rally"",""score"":""14 : 7"",""speed"":""73.1 km/h"",""res"":""Punkt: V. Ferrer""},{""type"":""rally"",""score"":""14 : 6"",""speed"":""70.3 km/h"",""res"":""Punkt: V. Ferrer""},{""type"":""rally"",""score"":""14 : 5"",""speed"":""47.0 km/h"",""res"":""Błąd: P. Jaroszek""},{""type"":""rally"",""score"":""14 : 4"",""speed"":""62.1 km/h"",""res"":""Punkt: B. Mihočko""},{""type"":""rally"",""score"":""13 : 4"",""speed"":""48.3 km/h"",""res"":""Punkt: P. Cheung""},{""type"":""rally"",""score"":""12 : 4"",""speed"":""81.1 km/h"",""res"":""Punkt: J. Tianxian""},{""type"":""rally"",""score"":""11 : 4"",""speed"":""-"",""res"":""Błąd: M. Coelho""},{""type"":""rally"",""score"":""11 : 3"",""speed"":""42.7 km/h"",""res"":""Błąd: B. da Mata""},{""type"":""rally"",""score"":""10 : 3"",""speed"":""47.5 km/h"",""res"":""Punkt: B. Mihočko""},{""type"":""rally"",""score"":""9 : 3"",""speed"":""69.0 km/h"",""res"":""Punkt: M. Coelho""},{""type"":""tmo"",""score"":""8 : 3"",""txt"":""Czas: ""},{""type"":""rally"",""score"":""8 : 3"",""speed"":""42.9 km/h"",""res"":""Punkt: B. Mihočko""},{""type"":""chg"",""score"":""7 : 3"",""txt"":""Zmiana: P. Cheung ⇄ K. Hiddink""},{""type"":""chg"",""score"":""7 : 3"",""txt"":""Zmiana: J. Tianxian ⇄ E. Maffezzoni""},{""type"":""chg"",""score"":""7 : 3"",""txt"":""Zmiana: P. Jaroszek ⇄ G. Mallat""},{""type"":""rally"",""score"":""7 : 3"",""speed"":""69.4 km/h"",""res"":""Punkt: B. Mihočko""},{""type"":""rally"",""score"":""6 : 3"",""speed"":""-"",""res"":""Błąd: E. Maffezzoni""},{""type"":""rally"",""score"":""6 : 2"",""speed"":""61.6 km/h"",""res"":""Punkt: A. Bilyarski""},{""type"":""rally"",""score"":""5 : 2"",""speed"":""64.2 km/h"",""res"":""Punkt: B. Mihočko""},{""type"":""rally"",""score"":""4 : 2"",""speed"":""59.2 km/h"",""res"":""Punkt: B. Mihočko""},{""type"":""rally"",""score"":""3 : 2"",""speed"":""44.9 km/h"",""res"":""Punkt: B. Mihočko""},{""type"":""rally"",""score"":""2 : 2"",""speed"":""53.1 km/h"",""res"":""Punkt: I. Cunha""},{""type"":""rally"",""score"":""2 : 1"",""speed"":""62.0 km/h"",""res"":""Punkt: G. Mallat""},{""type"":""tmo"",""score"":""1 : 1"",""txt"":""Czas: Chomelix Cows""},{""type"":""rally"",""score"":""1 : 1"",""speed"":""49.4 km/h"",""res"":""Błąd: E. Maffezzoni""},{""type"":""chg"",""score"":""1 : 0"",""txt"":""Zmiana: B. Mihočko ⇄ A. Aldemır""},{""type"":""tmo"",""score"":""1 : 0"",""txt"":""Czas: Carplife 🇵🇱""},{""type"":""rally"",""score"":""1 : 0"",""speed"":""66.4 km/h"",""res"":""Punkt: G. Mallat""}]},{""rallies"":[{""type"":""end"",""score"":""25 : 9"",""txt"":""Koniec seta 3 : 0""},{""type"":""end"",""score"":""25 : 9"",""txt"":""Koniec seta 3 : 0""},{""type"":""rally"",""score"":""25 : 9"",""speed"":""64.5 km/h"",""res"":""Punkt: P. Cheung""},{""type"":""rally"",""score"":""24 : 9"",""speed"":""-"",""res"":""Błąd: P. Jaroszek""},{""type"":""rally"",""score"":""24 : 8"",""speed"":""62.3 km/h"",""res"":""Punkt: J. Tianxian""},{""type"":""rally"",""score"":""23 : 8"",""speed"":""52.3 km/h"",""res"":""Punkt: J. Bakuła""},{""type"":""rally"",""score"":""22 : 8"",""speed"":""43.5 km/h"",""res"":""Punkt: J. Tianxian""},{""type"":""rally"",""score"":""21 : 8"",""speed"":""59.7 km/h"",""res"":""Punkt: L. Aguado""},{""type"":""rally"",""score"":""21 : 7"",""speed"":""-"",""res"":""Błąd: M. de Magalhães""},{""type"":""rally"",""score"":""20 : 7"",""speed"":""56.0 km/h"",""res"":""Błąd: P. Cheung""},{""type"":""rally"",""score"":""20 : 6"",""speed"":""64.8 km/h"",""res"":""Punkt: P. Cheung""},{""type"":""rally"",""score"":""19 : 6"",""speed"":""-"",""res"":""Błąd: J. Bakuła""},{""type"":""rally"",""score"":""19 : 5"",""speed"":""63.6 km/h"",""res"":""Punkt: P. Cheung""},{""type"":""rally"",""score"":""18 : 5"",""speed"":""48.5 km/h"",""res"":""Błąd: J. Bakuła""},{""type"":""rally"",""score"":""18 : 4"",""speed"":""55.3 km/h"",""res"":""Punkt: J. Bakuła""},{""type"":""rally"",""score"":""17 : 4"",""speed"":""-"",""res"":""Błąd: L. Aguado""},{""type"":""rally"",""score"":""16 : 4"",""speed"":""-"",""res"":""Błąd: J. Tianxian""},{""type"":""tmo"",""score"":""16 : 3"",""txt"":""Czas: ""},{""type"":""rally"",""score"":""16 : 3"",""speed"":""52.5 km/h"",""res"":""Błąd: L. Aguado""},{""type"":""rally"",""score"":""15 : 3"",""speed"":""58.4 km/h"",""res"":""Punkt: J. Bakuła""},{""type"":""rally"",""score"":""14 : 3"",""speed"":""60.2 km/h"",""res"":""Punkt: J. Bakuła""},{""type"":""rally"",""score"":""13 : 3"",""speed"":""48.7 km/h"",""res"":""Punkt: J. Bakuła""},{""type"":""rally"",""score"":""12 : 3"",""speed"":""79.1 km/h"",""res"":""Punkt: M. Coelho""},{""type"":""rally"",""score"":""11 : 3"",""speed"":""57.7 km/h"",""res"":""Punkt: A. Righter""},{""type"":""rally"",""score"":""11 : 2"",""speed"":""45.4 km/h"",""res"":""Punkt: P. Jaroszek""},{""type"":""rally"",""score"":""10 : 2"",""speed"":""-"",""res"":""Błąd: P. Cheung""},{""type"":""rally"",""score"":""10 : 1"",""speed"":""72.6 km/h"",""res"":""Punkt: P. Jaroszek""},{""type"":""rally"",""score"":""9 : 1"",""speed"":""50.1 km/h"",""res"":""Punkt: M. Coelho""},{""type"":""tmo"",""score"":""8 : 1"",""txt"":""Czas: ""},{""type"":""rally"",""score"":""8 : 1"",""speed"":""75.8 km/h"",""res"":""Punkt: P. Cheung""},{""type"":""chg"",""score"":""7 : 1"",""txt"":""Zmiana: P. Cheung ⇄ K. Hiddink""},{""type"":""chg"",""score"":""7 : 1"",""txt"":""Zmiana: J. Tianxian ⇄ E. Maffezzoni""},{""type"":""chg"",""score"":""7 : 1"",""txt"":""Zmiana: P. Jaroszek ⇄ G. Mallat""},{""type"":""rally"",""score"":""7 : 1"",""speed"":""46.0 km/h"",""res"":""Punkt: G. Mallat""},{""type"":""rally"",""score"":""6 : 1"",""speed"":""-"",""res"":""Błąd: A. Bilyarski""},{""type"":""rally"",""score"":""6 : 0"",""speed"":""64.1 km/h"",""res"":""Punkt: G. Mallat""},{""type"":""rally"",""score"":""5 : 0"",""speed"":""63.6 km/h"",""res"":""Punkt: E. Maffezzoni""},{""type"":""rally"",""score"":""4 : 0"",""speed"":""57.3 km/h"",""res"":""Punkt: E. Maffezzoni""},{""type"":""rally"",""score"":""3 : 0"",""speed"":""55.0 km/h"",""res"":""Punkt: G. Mallat""},{""type"":""tmo"",""score"":""2 : 0"",""txt"":""Czas: Chomelix Cows""},{""type"":""rally"",""score"":""2 : 0"",""speed"":""55.4 km/h"",""res"":""Punkt: G. Mallat""},{""type"":""chg"",""score"":""1 : 0"",""txt"":""Zmiana: A. Righter ⇄ M. Sroka""},{""type"":""chg"",""score"":""1 : 0"",""txt"":""Zmiana: M. de Magalhães ⇄ B. da Mata""},{""type"":""chg"",""score"":""1 : 0"",""txt"":""Zmiana: E. Le Borgne ⇄ J. Von""},{""type"":""chg"",""score"":""1 : 0"",""txt"":""Zmiana: G. Vidigal ⇄ V. Ferrer""},{""type"":""chg"",""score"":""1 : 0"",""txt"":""Zmiana: O. Santos ⇄ J. Bont""},{""type"":""chg"",""score"":""1 : 0"",""txt"":""Zmiana: J. Bakuła ⇄ A. Aldemır""},{""type"":""tmo"",""score"":""1 : 0"",""txt"":""Czas: Carplife 🇵🇱""},{""type"":""rally"",""score"":""1 : 0"",""speed"":""63.5 km/h"",""res"":""Punkt: K. Hiddink""}]}]}","1","1","0","0","0","0","19","27","1","0","18","0","0","1","67.1","59.6","0","0","0","0","0","0","0","0","0","0","0","0","0","0","0","0","0","0","0","0","0","0","0","0","0","0","0","0","0","0","27","1","0","3","18","49","0","0","0","0","0","0","0","0","0","0","0","0","0","0","0","0","0","3","2","1","1","0","0","clan-bulk-1.2","0","0","0"
"liga_klanow_2_2","Carplife 🇵🇱 vs Chomelix Cows 3:0","1297885","2026-09-18 19:00","Kudahuvadhoo 🏝️","EXP Academy","1420","Carplife 🇵🇱","","Hiddink, Kelt","2060234","2","2","5","0","1","61.4","0","0","0","0","0","1","1","1","0","0","100","1","0","100","1","100","1","7","9","0","0","0","0","0","0","0","7.6","","0","0","0","0","0","0","7","9","1","0","7","0","0","0","61.4","53.2","0","0","0","0","0","0","0","0","0","0","0","0","0","0","0","0","0","0","0","0","0","0","0","0","0","0","0","0","0","0","0","0","0","0","0","0","0","0","0","0","0","0","0","0","0","0","0","0","0","0","0","0","0","0","1","0","1","0","0","clan-bulk-1.2","0","0","0"
"liga_klanow_2_2","Carplife 🇵🇱 vs Chomelix Cows 3:0","1297885","2026-09-18 19:00","Kudahuvadhoo 🏝️","EXP Academy","1420","Carplife 🇵🇱","","Mallat, Gabriel","2060666","8","7","1","0","0","53.1","9","1","7","78","67","1","1","0","0","0","0","0","0","0","0","0","1","11","15","0","0","0","0","0","0","0","15.5","","0","0","0","0","0","0","11","15","1","1","11","0","0","0","53.1","53.1","0","0","0","0","0","0","0","0","0","0","0","0","0","0","0","0","0","0","7","1","0","0","1","9","0","0","0","0","0","0","0","0","0","0","0","0","0","0","0","0","0","0","0","0","0","0","0","0","0","0","0","0","0","3","3","2","4","0","0","clan-bulk-1.2","0","0","0"
"liga_klanow_2_2","Carplife 🇵🇱 vs Chomelix Cows 3:0","1297885","2026-09-18 19:00","Kudahuvadhoo 🏝️","EXP Academy","1420","Carplife 🇵🇱","","Maffezzoni, Enzo","2087357","3","1","4","1","0","64.2","2","1","0","0","-50","0","0","0","0","0","0","0","0","0","0","0","3","11","16","0","0","0","0","0","0","0","6.5","","0","0","0","0","0","0","11","16","3","0","11","0","0","0","64.2","61.7","0","0","0","0","0","0","0","0","0","0","0","0","0","1","0","0","1","2","0","0","0","0","0","0","0","0","0","0","0","0","0","0","0","0","0","0","0","0","0","0","0","0","0","0","0","0","0","0","0","0","0","0","0","3","1","2","2","0","0","clan-bulk-1.2","0","0","0"
"liga_klanow_2_2","Carplife 🇵🇱 vs Chomelix Cows 3:0","1297885","2026-09-18 19:00","Kudahuvadhoo 🏝️","EXP Academy","1420","Carplife 🇵🇱","","Coelho, Misael","2032629","11","9","8","1","1","55.3","2","0","1","50","50","5","3","3","2","2","100","8","1","88","4","50","9","30","46","0","0","0","0","0","0","0","36.6","","2","2","0","0","0","0","30","46","9","1","30","0","0","0","69","50.6","0","0","0","0","0","0","0","0","0","0","0","0","1","0","0","0","0","1","0","0","0","0","0","0","0","0","0","0","1","1","0","0","0","0","0","0","0","0","0","0","0","0","0","0","0","0","0","0","0","0","0","0","0","3","7","3","2","0","0","clan-bulk-1.2","0","0","0"
"liga_klanow_2_2","Carplife 🇵🇱 vs Chomelix Cows 3:0","1297885","2026-09-18 19:00","Kudahuvadhoo 🏝️","EXP Academy","1420","Carplife 🇵🇱","","Aldemır, Alkan","2060684","4","2","1","1","0","0","6","1","4","67","50","1","0","0","1","0","0","0","0","0","0","0","0","8","13","0","0","0","0","0","0","0","5.5","","0","0","0","0","0","0","8","13","0","1","8","0","0","0","0","0","1","0","0","0","0","1","0","0","0","0","0","0","0","0","0","0","0","0","3","0","1","0","1","5","0","0","0","0","0","0","0","0","0","0","0","0","0","0","0","0","0","0","0","0","0","0","0","0","0","0","0","0","0","1","5","0","0","0","0","clan-bulk-1.2","0","0","0"
"liga_klanow_2_2","Carplife 🇵🇱 vs Chomelix Cows 3:0","1297885","2026-09-18 19:00","Kudahuvadhoo 🏝️","EXP Academy","1420","Carplife 🇵🇱","","Bartoli, Serafino","1903609","0","0","0","0","0","0","0","0","0","0","0","12","6","6","6","6","100","7","0","100","4","57","0","0","0","1","0","4","2","0","2","0","11.6","","6","6","0","0","0","0","0","0","0","0","0","0","0","0","0","0","0","0","0","0","0","0","0","0","0","0","0","0","0","0","0","0","0","0","0","0","0","0","0","0","0","0","0","0","0","0","1","0","0","2","1","4","0","0","0","0","0","0","0","0","0","0","0","0","0","0","0","0","0","0","0","0","0","0","0","clan-bulk-1.2","0","0","0"
"liga_klanow_2_2","Carplife 🇵🇱 vs Chomelix Cows 3:0","1297885","2026-09-18 19:00","Kudahuvadhoo 🏝️","EXP Academy","1420","Carplife 🇵🇱","","Tianxian, Jingbo","2060885","8","7","9","1","1","62.1","8","0","4","50","50","6","1","0","5","5","83","0","0","0","0","0","3","23","38","0","0","0","0","0","0","0","21","","5","5","0","0","0","0","23","38","3","0","23","0","0","0","62.7","57.8","1","0","0","0","0","1","0","0","0","0","0","0","2","0","0","0","4","6","0","0","0","0","0","0","1","0","0","0","0","1","0","0","0","0","0","0","0","0","0","0","0","0","0","0","0","0","0","0","0","0","0","0","0","3","2","4","3","0","0","clan-bulk-1.2","0","0","0"
"liga_klanow_2_2","Carplife 🇵🇱 vs Chomelix Cows 3:0","1297885","2026-09-18 19:00","Kudahuvadhoo 🏝️","EXP Academy","1420","Carplife 🇵🇱","","Cheung, Pornchai","2032160","9","3","12","3","0","75.8","14","1","7","50","43","6","4","4","2","2","100","6","2","67","1","17","2","17","26","0","0","0","0","0","0","0","26.1","","2","2","0","0","0","0","17","26","2","1","16","0","0","1","75.8","60.9","2","1","0","0","5","8","0","0","0","0","0","0","4","0","0","0","1","5","0","0","0","0","0","0","1","0","0","0","0","1","0","0","0","0","0","0","0","0","0","0","0","0","0","0","0","0","0","0","0","0","0","0","0","3","4","3","6","0","0","clan-bulk-1.2","0","0","0"
"liga_klanow_2_2","Carplife 🇵🇱 vs Chomelix Cows 3:0","1297885","2026-09-18 19:00","Kudahuvadhoo 🏝️","EXP Academy","1420","Carplife 🇵🇱","","Jaroszek, Przemysław","2003465","8","6","9","1","1","62.5","6","1","1","17","0","4","0","0","4","1","25","0","0","0","0","0","6","24","31","0","0","0","0","0","0","0","20.9","","1","3","0","0","0","0","24","31","6","1","22","0","1","2","66.7","58.3","0","0","0","0","2","2","0","0","0","0","0","0","0","0","0","0","0","0","1","1","0","0","2","4","0","0","0","0","0","0","0","0","0","0","0","0","0","0","0","0","0","0","0","0","0","0","0","0","0","0","0","0","0","3","2","6","3","0","0","clan-bulk-1.2","0","0","0"
"liga_klanow_2_2","Carplife 🇵🇱 vs Chomelix Cows 3:0","1297885","2026-09-18 19:00","Kudahuvadhoo 🏝️","EXP Academy","1420","Carplife 🇵🇱","","Bakuła, Jakub","2087483","5","3","1","1","0","0","4","1","2","50","25","0","0","0","0","0","0","0","0","0","0","0","3","10","13","0","0","0","0","0","0","0","10.5","","0","0","0","0","0","0","10","13","3","0","10","0","0","0","0","0","0","0","0","0","1","1","0","0","0","0","0","0","0","0","0","0","0","0","2","1","0","0","0","3","0","0","0","0","0","0","0","0","0","0","0","0","0","0","0","0","0","0","0","0","0","0","0","0","0","0","0","0","0","1","0","0","7","0","0","clan-bulk-1.2","0","0","0"
"liga_klanow_2_2","Carplife 🇵🇱 vs Chomelix Cows 3:0","1297885","2026-09-18 19:00","Kudahuvadhoo 🏝️","EXP Academy","1420","Carplife 🇵🇱","","Mihočko, Bruno","2060676","7","7","3","0","1","48.3","2","0","2","100","100","0","0","0","0","0","0","0","0","0","0","0","4","6","9","0","0","0","0","0","0","0","19","","0","0","0","0","0","0","6","9","4","0","6","0","0","0","62.1","52.5","0","0","0","0","0","0","0","0","0","0","0","0","0","0","0","0","0","0","2","0","0","0","0","2","0","0","0","0","0","0","0","0","0","0","0","0","0","0","0","0","0","0","0","0","0","0","0","0","0","0","0","0","0","1","0","7","0","0","0","clan-bulk-1.2","0","0","0"
"liga_klanow_2_2","Carplife 🇵🇱 vs Chomelix Cows 3:0","1297885","2026-09-18 19:00","Kudahuvadhoo 🏝️","Espoir club Borretti II","1420","Chomelix Cows","","Von, Justyn","1951266","0","0","3","0","0","66.4","0","0","0","0","0","12","5","4","7","0","33","0","0","0","0","0","0","9","16","3","20","50","4","13","14","19","3.2","","0","0","0","0","0","0","9","16","0","0","4","0","0","5","66.4","62.2","0","0","0","0","0","0","0","0","0","0","0","0","0","0","0","0","0","0","0","0","0","0","0","0","0","0","0","0","0","0","3","20","5","2","20","50","0","0","0","0","0","0","0","0","0","0","0","0","0","0","0","0","0","0","0","0","0","0","0","clan-bulk-1.2","0","0","0"
"liga_klanow_2_2","Carplife 🇵🇱 vs Chomelix Cows 3:0","1297885","2026-09-18 19:00","Kudahuvadhoo 🏝️","Espoir club Borretti II","1420","Chomelix Cows","","da Mata, Basílio","2032787","2","-9","3","1","0","65.9","13","9","2","15","-54","8","3","0","5","1","13","16","1","94","1","6","0","0","17","0","0","0","0","0","0","0","-16.5","","1","1","0","0","0","0","0","17","0","0","0","0","0","0","65.9","64","0","0","1","1","1","3","0","0","5","1","0","6","0","0","1","0","0","1","0","0","0","0","0","0","0","1","1","0","1","3","0","0","0","0","0","0","0","0","0","0","0","0","0","0","0","0","0","0","0","0","0","0","0","2","1","1","0","0","0","clan-bulk-1.2","0","0","0"
"liga_klanow_2_2","Carplife 🇵🇱 vs Chomelix Cows 3:0","1297885","2026-09-18 19:00","Kudahuvadhoo 🏝️","Espoir club Borretti II","1420","Chomelix Cows","","Cunha, Igrejas","1927151","1","-5","5","1","0","62.3","10","5","1","10","-40","5","0","0","5","2","40","0","0","0","0","0","0","7","26","0","1","2","0","0","1","1","-5.7","","0","0","0","0","0","0","7","26","0","0","2","0","0","5","62.3","49","0","0","2","0","2","4","0","0","3","0","2","5","0","0","0","0","0","0","1","0","0","0","0","1","0","0","0","0","0","0","0","1","0","0","1","2","0","0","0","0","0","0","0","0","0","0","0","0","0","0","0","0","0","2","1","1","0","0","0","clan-bulk-1.2","0","0","0"
"liga_klanow_2_2","Carplife 🇵🇱 vs Chomelix Cows 3:0","1297885","2026-09-18 19:00","Kudahuvadhoo 🏝️","Espoir club Borretti II","1420","Chomelix Cows","","Sroka, Marcin","1904251","1","-7","3","0","1","69.4","14","8","0","0","-57","9","2","1","7","1","22","0","0","0","0","0","0","1","16","0","0","0","0","0","0","0","-19.2","","1","2","0","0","0","0","1","16","0","0","0","0","0","1","69.4","65","0","0","0","0","3","3","0","0","5","0","0","5","0","0","2","0","1","3","0","0","0","0","0","0","0","0","1","0","2","3","0","0","0","0","0","0","0","0","0","0","0","0","0","0","0","0","0","0","0","0","0","0","0","1","1","0","0","0","0","clan-bulk-1.2","0","0","0"
"liga_klanow_2_2","Carplife 🇵🇱 vs Chomelix Cows 3:0","1297885","2026-09-18 19:00","Kudahuvadhoo 🏝️","Espoir club Borretti II","1420","Chomelix Cows","","Aguado, Lolo","1928783","3","-13","3","1","0","82.9","24","10","2","8","-33","13","9","2","4","3","38","39","5","87","4","10","1","12","28","0","0","0","0","0","0","0","-7.6","","2","2","0","0","0","0","12","28","1","0","6","0","0","6","82.9","82","1","1","0","0","4","6","0","0","4","0","0","4","1","1","3","0","3","8","0","0","0","0","0","0","0","0","1","0","5","6","0","0","0","0","0","0","0","0","0","0","0","0","0","0","0","0","0","0","0","0","0","0","0","2","3","0","3","0","0","clan-bulk-1.2","0","0","0"
"liga_klanow_2_2","Carplife 🇵🇱 vs Chomelix Cows 3:0","1297885","2026-09-18 19:00","Kudahuvadhoo 🏝️","Espoir club Borretti II","1420","Chomelix Cows","","Ferrer, Vasco","1975551","6","4","4","1","2","70.1","6","1","4","67","50","5","1","0","4","1","20","0","0","0","0","0","0","6","15","0","0","0","0","0","0","0","11.9","","0","0","0","0","0","0","6","15","0","0","2","0","0","4","73.1","71.2","0","0","0","0","1","1","0","0","1","3","0","4","0","0","0","0","0","0","1","0","0","0","0","1","0","0","0","0","0","0","0","0","0","0","0","0","0","0","0","0","0","0","0","0","0","0","0","0","0","0","0","0","0","2","1","3","0","0","0","clan-bulk-1.2","0","0","0"
"liga_klanow_2_2","Carplife 🇵🇱 vs Chomelix Cows 3:0","1297885","2026-09-18 19:00","Kudahuvadhoo 🏝️","Espoir club Borretti II","1420","Chomelix Cows","","Bont, Joppe","1929400","0","0","0","0","0","0","0","0","0","0","0","8","6","1","2","0","13","1","0","100","0","0","0","0","0","0","3","3","0","0","0","3","1.2","","0","0","0","0","0","0","0","0","0","0","0","0","0","0","0","0","0","0","0","0","0","0","0","0","0","0","0","0","0","0","0","0","0","0","0","0","0","0","0","0","0","0","0","0","0","0","0","3","0","0","0","3","0","0","0","0","0","0","0","0","0","0","0","0","0","0","0","0","0","0","0","0","0","0","0","clan-bulk-1.2","0","0","0"
"liga_klanow_2_2","Carplife 🇵🇱 vs Chomelix Cows 3:0","1297885","2026-09-18 19:00","Kudahuvadhoo 🏝️","Espoir club Borretti II","1420","Chomelix Cows","","Righter, Adam","2002797","1","0","2","0","0","79.1","8","1","1","13","0","3","2","0","1","0","0","0","0","0","0","0","0","4","13","0","0","0","0","0","0","0","0.5","","0","0","0","0","0","0","4","13","0","0","3","0","0","1","79.1","71.8","1","0","0","0","4","5","0","0","1","0","0","1","0","0","0","0","1","1","0","0","0","0","0","0","0","0","0","0","1","1","0","0","0","0","0","0","0","0","0","0","0","0","0","0","0","0","0","0","0","0","0","0","0","1","0","0","1","0","0","clan-bulk-1.2","0","0","0"
"liga_klanow_2_2","Carplife 🇵🇱 vs Chomelix Cows 3:0","1297885","2026-09-18 19:00","Kudahuvadhoo 🏝️","Espoir club Borretti II","1420","Chomelix Cows","","Vidigal, Genaro","1767237","1","1","1","0","0","63.6","1","0","1","100","100","0","0","0","0","0","0","0","0","0","0","0","0","7","12","0","0","0","0","0","0","0","2","","0","0","0","0","0","0","7","12","0","0","2","0","0","5","63.6","63.6","0","0","0","0","0","0","0","0","0","1","0","1","0","0","0","0","0","0","0","0","0","0","0","0","0","0","0","0","0","0","0","0","0","0","0","0","0","0","0","0","0","0","0","0","0","0","0","0","0","0","0","0","0","0","0","0","0","0","0","clan-bulk-1.2","0","0","0"
"liga_klanow_2_2","Carplife 🇵🇱 vs Chomelix Cows 3:0","1297885","2026-09-18 19:00","Kudahuvadhoo 🏝️","Espoir club Borretti II","1420","Chomelix Cows","","de Magalhães, Maicon","2032455","0","-3","2","1","0","46","5","2","0","0","-40","9","3","1","6","1","22","6","0","100","0","0","0","0","8","0","0","0","0","0","0","0","-0.4","","1","2","0","0","0","0","0","8","0","0","0","0","0","0","46","46","0","0","0","0","2","2","0","0","1","0","0","1","0","0","0","0","0","0","0","0","0","0","0","0","0","0","1","0","1","2","0","0","0","0","0","0","0","0","0","0","0","0","0","0","0","0","0","0","0","0","0","0","0","0","0","0","1","0","0","clan-bulk-1.2","0","0","0"
"liga_klanow_2_2","Carplife 🇵🇱 vs Chomelix Cows 3:0","1297885","2026-09-18 19:00","Kudahuvadhoo 🏝️","Espoir club Borretti II","1420","Chomelix Cows","","Le Borgne, Ethan","1951152","0","0","1","0","0","64.8","0","0","0","0","0","5","3","1","2","0","20","0","0","0","0","0","0","2","8","2","9","26","2","4","10","10","0.8","","0","1","0","0","0","0","2","8","0","0","0","0","0","2","64.8","64.8","0","0","0","0","0","0","0","0","0","0","0","0","0","0","0","0","0","0","0","0","0","0","0","0","0","0","0","0","0","0","2","9","1","1","13","26","0","0","0","0","0","0","0","0","0","0","0","0","0","0","0","0","0","0","0","0","0","0","0","clan-bulk-1.2","0","0","0"
"liga_klanow_2_2","Carplife 🇵🇱 vs Chomelix Cows 3:0","1297885","2026-09-18 19:00","Kudahuvadhoo 🏝️","Espoir club Borretti II","1420","Chomelix Cows","","Santos, Omar","1976795","0","0","0","0","0","0","0","0","0","0","0","8","1","1","7","4","63","1","0","100","0","0","0","0","0","0","0","0","0","0","0","0","2.8","","3","4","0","0","0","0","0","0","0","0","0","0","0","0","0","0","0","0","0","0","0","0","0","0","0","0","0","0","0","0","0","0","0","0","0","0","0","0","0","0","0","0","0","0","0","0","0","0","0","0","0","0","0","0","0","0","0","0","0","0","0","0","0","0","0","0","0","0","0","0","0","0","0","0","0","clan-bulk-1.2","0","0","0"
"liga_klanow_2_2","Smoczy Gród vs Squadra Corsa VB 3:1","1297886","2026-09-18 19:00","Smocza Jama","EXP Academy","1420","Smoczy Gród","","Morice, Emile","1865077","5","5","11","0","0","61.6","2","0","2","100","100","19","12","4","7","4","42","0","0","0","0","0","3","30","57","46","13","114","19","23","49","23","17.8","{""sets"":[{""h"":25,""a"":21},{""h"":25,""a"":14},{""h"":13,""a"":25},{""h"":25,""a"":19}],""parsedSets"":[{""rallies"":[{""type"":""end"",""score"":""25 : 21"",""txt"":""Koniec seta 1 : 0""},{""type"":""end"",""score"":""25 : 21"",""txt"":""Koniec seta 1 : 0""},{""type"":""rally"",""score"":""25 : 21"",""speed"":""82.9 km/h"",""res"":""Punkt: T. Ciping""},{""type"":""tmo"",""score"":""24 : 21"",""txt"":""Czas: Smoczy Gród""},{""type"":""rally"",""score"":""24 : 21"",""speed"":""72.7 km/h"",""res"":""Punkt: C. Escobar""},{""type"":""rally"",""score"":""24 : 20"",""speed"":""77.9 km/h"",""res"":""Punkt: C. Escobar""},{""type"":""rally"",""score"":""24 : 19"",""speed"":""55.1 km/h"",""res"":""Punkt: M. Moura""},{""type"":""rally"",""score"":""24 : 18"",""speed"":""79.1 km/h"",""res"":""Punkt: P. Merda""},{""type"":""rally"",""score"":""23 : 18"",""speed"":""65.2 km/h"",""res"":""Punkt: M. Moura""},{""type"":""tmo"",""score"":""23 : 17"",""txt"":""Czas: Squadra Corsa VB""},{""type"":""rally"",""score"":""23 : 17"",""speed"":""62.4 km/h"",""res"":""Punkt: M. Stachowiak""},{""type"":""rally"",""score"":""22 : 17"",""speed"":""63.7 km/h"",""res"":""Punkt: J. Lepercq""},{""type"":""rally"",""score"":""22 : 16"",""speed"":""68.6 km/h"",""res"":""Punkt: D. Lamares""},{""type"":""rally"",""score"":""21 : 16"",""speed"":""79.4 km/h"",""res"":""Punkt: J. Lepercq""},{""type"":""rally"",""score"":""21 : 15"",""speed"":""60.7 km/h"",""res"":""Punkt: M. Pessegueiro""},{""type"":""rally"",""score"":""21 : 14"",""speed"":""57.5 km/h"",""res"":""Punkt: K. Elias""},{""type"":""rally"",""score"":""20 : 14"",""speed"":""47.5 km/h"",""res"":""Punkt: M. Pessegueiro""},{""type"":""rally"",""score"":""20 : 13"",""speed"":""46.2 km/h"",""res"":""Punkt: M. Stachowiak""},{""type"":""rally"",""score"":""19 : 13"",""speed"":""60.9 km/h"",""res"":""Punkt: P. Merda""},{""type"":""rally"",""score"":""18 : 13"",""speed"":""45.7 km/h"",""res"":""Punkt: P. Robakowski""},{""type"":""rally"",""score"":""18 : 12"",""speed"":""55.1 km/h"",""res"":""Punkt: T. Ciping""},{""type"":""rally"",""score"":""17 : 12"",""speed"":""-"",""res"":""Błąd: M. Stachowiak""},{""type"":""rally"",""score"":""17 : 11"",""speed"":""87.0 km/h"",""res"":""Punkt: T. Ciping""},{""type"":""rally"",""score"":""16 : 11"",""speed"":""75.0 km/h"",""res"":""Punkt: C. Escobar""},{""type"":""rally"",""score"":""16 : 10"",""speed"":""51.7 km/h"",""res"":""Punkt: J. Lepercq""},{""type"":""chg"",""score"":""16 : 9"",""txt"":""Zmiana: A. Moracchini ⇄ P. Ahvenlahti""},{""type"":""tmo"",""score"":""16 : 9"",""txt"":""Czas: ""},{""type"":""rally"",""score"":""16 : 9"",""speed"":""45.7 km/h"",""res"":""Punkt: P. Merda""},{""type"":""rally"",""score"":""15 : 9"",""speed"":""52.1 km/h"",""res"":""Punkt: K. Elias""},{""type"":""rally"",""score"":""14 : 9"",""speed"":""68.9 km/h"",""res"":""Błąd: T. Ciping""},{""type"":""rally"",""score"":""14 : 8"",""speed"":""69.1 km/h"",""res"":""Punkt: M. Stachowiak""},{""type"":""rally"",""score"":""13 : 8"",""speed"":""46.6 km/h"",""res"":""Punkt: M. Moura""},{""type"":""rally"",""score"":""13 : 7"",""speed"":""62.5 km/h"",""res"":""Punkt: D. Lamares""},{""type"":""rally"",""score"":""12 : 7"",""speed"":""44.8 km/h"",""res"":""Punkt: P. Robakowski""},{""type"":""rally"",""score"":""12 : 6"",""speed"":""62.9 km/h"",""res"":""Punkt: P. Merda""},{""type"":""rally"",""score"":""11 : 6"",""speed"":""54.3 km/h"",""res"":""Punkt: M. Moura""},{""type"":""rally"",""score"":""11 : 5"",""speed"":""49.8 km/h"",""res"":""Punkt: K. Elias""},{""type"":""rally"",""score"":""10 : 5"",""speed"":""66.3 km/h"",""res"":""Punkt: T. Ciping""},{""type"":""rally"",""score"":""9 : 5"",""speed"":""85.7 km/h"",""res"":""Punkt: M. Stachowiak""},{""type"":""rally"",""score"":""8 : 5"",""speed"":""60.6 km/h"",""res"":""Punkt: C. Escobar""},{""type"":""tmo"",""score"":""8 : 4"",""txt"":""Czas: ""},{""type"":""rally"",""score"":""8 : 4"",""speed"":""53.4 km/h"",""res"":""Punkt: P. Merda""},{""type"":""rally"",""score"":""7 : 4"",""speed"":""56.8 km/h"",""res"":""Punkt: P. Merda""},{""type"":""rally"",""score"":""6 : 4"",""speed"":""57.5 km/h"",""res"":""Punkt: T. Ciping""},{""type"":""rally"",""score"":""5 : 4"",""speed"":""45.6 km/h"",""res"":""Punkt: M. Stachowiak""},{""type"":""rally"",""score"":""4 : 4"",""speed"":""71.0 km/h"",""res"":""Punkt: M. Stachowiak""},{""type"":""rally"",""score"":""3 : 4"",""speed"":""55.0 km/h"",""res"":""Punkt: J. Lepercq""},{""type"":""rally"",""score"":""3 : 3"",""speed"":""61.0 km/h"",""res"":""Punkt: J. Lepercq""},{""type"":""rally"",""score"":""3 : 2"",""speed"":""45.2 km/h"",""res"":""Punkt: D. Lamares""},{""type"":""rally"",""score"":""2 : 2"",""speed"":""63.7 km/h"",""res"":""Błąd: D. Lamares""},{""type"":""chg"",""score"":""2 : 1"",""txt"":""Zmiana: P. Robakowski ⇄ K. Andres""},{""type"":""rally"",""score"":""2 : 1"",""speed"":""54.3 km/h"",""res"":""Punkt: K. Elias""},{""type"":""rally"",""score"":""1 : 1"",""speed"":""-"",""res"":""Błąd: K. Andres""},{""type"":""chg"",""score"":""0 : 1"",""txt"":""Zmiana: P. Ahvenlahti ⇄ A. Moracchini""},{""type"":""chg"",""score"":""0 : 1"",""txt"":""Zmiana: K. Andres ⇄ P. Robakowski""},{""type"":""rally"",""score"":""0 : 1"",""speed"":""55.5 km/h"",""res"":""Punkt: M. Pessegueiro""}]},{""rallies"":[{""type"":""end"",""score"":""25 : 14"",""txt"":""Koniec seta 2 : 0""},{""type"":""end"",""score"":""25 : 14"",""txt"":""Koniec seta 2 : 0""},{""type"":""rally"",""score"":""25 : 14"",""speed"":""57.1 km/h"",""res"":""Błąd: M. Pessegueiro""},{""type"":""rally"",""score"":""24 : 14"",""speed"":""57.3 km/h"",""res"":""Błąd: M. Pessegueiro""},{""type"":""tmo"",""score"":""23 : 14"",""txt"":""Czas: Squadra Corsa VB""},{""type"":""rally"",""score"":""23 : 14"",""speed"":""54.3 km/h"",""res"":""Punkt: E. Morice""},{""type"":""rally"",""score"":""22 : 14"",""speed"":""57.3 km/h"",""res"":""Punkt: C. Escobar""},{""type"":""rally"",""score"":""22 : 13"",""speed"":""51.5 km/h"",""res"":""Punkt: E. Morice""},{""type"":""rally"",""score"":""21 : 13"",""speed"":""-"",""res"":""Błąd: J. Lepercq""},{""type"":""rally"",""score"":""20 : 13"",""speed"":""63.7 km/h"",""res"":""Punkt: M. Moura""},{""type"":""rally"",""score"":""20 : 12"",""speed"":""85.4 km/h"",""res"":""Punkt: E. Morice""},{""type"":""rally"",""score"":""19 : 12"",""speed"":""46.9 km/h"",""res"":""Punkt: C. Escobar""},{""type"":""rally"",""score"":""19 : 11"",""speed"":""68.9 km/h"",""res"":""Błąd: C. Escobar""},{""type"":""tmo"",""score"":""18 : 11"",""txt"":""Czas: Squadra Corsa VB""},{""type"":""rally"",""score"":""18 : 11"",""speed"":""48.8 km/h"",""res"":""Punkt: T. Ciping""},{""type"":""rally"",""score"":""17 : 11"",""speed"":""72.4 km/h"",""res"":""Punkt: T. Necdet""},{""type"":""tmo"",""score"":""16 : 11"",""txt"":""Czas: ""},{""type"":""rally"",""score"":""16 : 11"",""speed"":""57.1 km/h"",""res"":""Punkt: P. Merda""},{""type"":""rally"",""score"":""15 : 11"",""speed"":""65.2 km/h"",""res"":""Punkt: P. Merda""},{""type"":""rally"",""score"":""14 : 11"",""speed"":""58.2 km/h"",""res"":""Punkt: M. Pessegueiro""},{""type"":""rally"",""score"":""14 : 10"",""speed"":""66.3 km/h"",""res"":""Błąd: P. Merda""},{""type"":""rally"",""score"":""14 : 9"",""speed"":""52.3 km/h"",""res"":""Punkt: T. Necdet""},{""type"":""rally"",""score"":""13 : 9"",""speed"":""56.9 km/h"",""res"":""Punkt: J. Lepercq""},{""type"":""rally"",""score"":""13 : 8"",""speed"":""60.4 km/h"",""res"":""Punkt: T. Necdet""},{""type"":""rally"",""score"":""12 : 8"",""speed"":""-"",""res"":""Błąd: A. Moracchini""},{""type"":""rally"",""score"":""11 : 8"",""speed"":""48.8 km/h"",""res"":""Błąd: D. Lamares""},{""type"":""rally"",""score"":""11 : 7"",""speed"":""47.4 km/h"",""res"":""Punkt: T. Necdet""},{""type"":""rally"",""score"":""10 : 7"",""speed"":""62.1 km/h"",""res"":""Punkt: T. Ciping""},{""type"":""rally"",""score"":""9 : 7"",""speed"":""58.5 km/h"",""res"":""Punkt: C. Escobar""},{""type"":""rally"",""score"":""9 : 6"",""speed"":""72.6 km/h"",""res"":""Punkt: T. Necdet""},{""type"":""rally"",""score"":""8 : 6"",""speed"":""65.6 km/h"",""res"":""Punkt: C. Escobar""},{""type"":""tmo"",""score"":""8 : 5"",""txt"":""Czas: ""},{""type"":""rally"",""score"":""8 : 5"",""speed"":""47.3 km/h"",""res"":""Punkt: C. Krska""},{""type"":""rally"",""score"":""7 : 5"",""speed"":""81.0 km/h"",""res"":""Punkt: P. Merda""},{""type"":""rally"",""score"":""6 : 5"",""speed"":""69.8 km/h"",""res"":""Punkt: C. Escobar""},{""type"":""rally"",""score"":""6 : 4"",""speed"":""75.6 km/h"",""res"":""Punkt: T. Necdet""},{""type"":""rally"",""score"":""5 : 4"",""speed"":""47.7 km/h"",""res"":""Punkt: T. Ciping""},{""type"":""rally"",""score"":""4 : 4"",""speed"":""55.8 km/h"",""res"":""Punkt: T. Necdet""},{""type"":""rally"",""score"":""3 : 4"",""speed"":""50.8 km/h"",""res"":""Błąd: T. Necdet""},{""type"":""rally"",""score"":""3 : 3"",""speed"":""49.5 km/h"",""res"":""Punkt: M. Pessegueiro""},{""type"":""rally"",""score"":""3 : 2"",""speed"":""70.8 km/h"",""res"":""Punkt: T. Ciping""},{""type"":""rally"",""score"":""2 : 2"",""speed"":""54.9 km/h"",""res"":""Punkt: C. Krska""},{""type"":""rally"",""score"":""1 : 2"",""speed"":""59.4 km/h"",""res"":""Błąd: T. Necdet""},{""type"":""rally"",""score"":""1 : 1"",""speed"":""50.6 km/h"",""res"":""Punkt: D. Lamares""},{""type"":""chg"",""score"":""0 : 1"",""txt"":""Zmiana: C. Krska ⇄ K. Elias""},{""type"":""chg"",""score"":""0 : 1"",""txt"":""Zmiana: T. Necdet ⇄ M. Stachowiak""},{""type"":""rally"",""score"":""0 : 1"",""speed"":""63.1 km/h"",""res"":""Punkt: M. Pessegueiro""}]},{""rallies"":[{""type"":""end"",""score"":""13 : 25"",""txt"":""Koniec seta 2 : 1""},{""type"":""end"",""score"":""13 : 25"",""txt"":""Koniec seta 2 : 1""},{""type"":""rally"",""score"":""13 : 25"",""speed"":""50.1 km/h"",""res"":""Punkt: C. Escobar""},{""type"":""rally"",""score"":""13 : 24"",""speed"":""81.1 km/h"",""res"":""Punkt: E. Morice""},{""type"":""rally"",""score"":""12 : 24"",""speed"":""77.0 km/h"",""res"":""Punkt: A. Moracchini""},{""type"":""rally"",""score"":""12 : 23"",""speed"":""41.5 km/h"",""res"":""Punkt: C. Escobar""},{""type"":""rally"",""score"":""12 : 22"",""speed"":""49.1 km/h"",""res"":""Punkt: P. Merda""},{""type"":""rally"",""score"":""11 : 22"",""speed"":""74.8 km/h"",""res"":""Punkt: D. Tkaczyk""},{""type"":""rally"",""score"":""10 : 22"",""speed"":""50.4 km/h"",""res"":""Punkt: C. Escobar""},{""type"":""rally"",""score"":""10 : 21"",""speed"":""55.4 km/h"",""res"":""Punkt: D. Lamares""},{""type"":""rally"",""score"":""9 : 21"",""speed"":""57.3 km/h"",""res"":""Punkt: J. Lepercq""},{""type"":""rally"",""score"":""9 : 20"",""speed"":""54.2 km/h"",""res"":""Punkt: D. Lamares""},{""type"":""rally"",""score"":""8 : 20"",""speed"":""47.8 km/h"",""res"":""Punkt: M. Pessegueiro""},{""type"":""rally"",""score"":""8 : 19"",""speed"":""63.4 km/h"",""res"":""Punkt: M. Moura""},{""type"":""rally"",""score"":""8 : 18"",""speed"":""49.8 km/h"",""res"":""Punkt: M. Moura""},{""type"":""rally"",""score"":""8 : 17"",""speed"":""50.8 km/h"",""res"":""Punkt: D. Lamares""},{""type"":""rally"",""score"":""7 : 17"",""speed"":""42.3 km/h"",""res"":""Punkt: M. Pessegueiro""},{""type"":""tmo"",""score"":""7 : 16"",""txt"":""Czas: ""},{""type"":""rally"",""score"":""7 : 16"",""speed"":""50.4 km/h"",""res"":""Punkt: M. Moura""},{""type"":""rally"",""score"":""7 : 15"",""speed"":""56.6 km/h"",""res"":""Błąd: P. Robakowski""},{""type"":""rally"",""score"":""6 : 15"",""speed"":""43.5 km/h"",""res"":""Punkt: C. Escobar""},{""type"":""rally"",""score"":""6 : 14"",""speed"":""-"",""res"":""Błąd: J. Lepercq""},{""type"":""rally"",""score"":""5 : 14"",""speed"":""75.0 km/h"",""res"":""Punkt: C. Escobar""},{""type"":""rally"",""score"":""5 : 13"",""speed"":""51.9 km/h"",""res"":""Punkt: J. Lepercq""},{""type"":""rally"",""score"":""5 : 12"",""speed"":""53.7 km/h"",""res"":""Punkt: P. Merda""},{""type"":""rally"",""score"":""4 : 12"",""speed"":""41.6 km/h"",""res"":""Punkt: E. Morice""},{""type"":""rally"",""score"":""3 : 12"",""speed"":""52.3 km/h"",""res"":""Punkt: P. Merda""},{""type"":""rally"",""score"":""2 : 12"",""speed"":""107.3 km/h"",""res"":""Punkt: J. Lepercq""},{""type"":""tmo"",""score"":""2 : 11"",""txt"":""Czas: Smoczy Gród""},{""type"":""rally"",""score"":""2 : 11"",""speed"":""91.2 km/h"",""res"":""Punkt: J. Lepercq""},{""type"":""rally"",""score"":""2 : 10"",""speed"":""102.5 km/h"",""res"":""Punkt: C. Escobar""},{""type"":""rally"",""score"":""2 : 9"",""speed"":""55.1 km/h"",""res"":""Punkt: C. Escobar""},{""type"":""rally"",""score"":""2 : 8"",""speed"":""53.6 km/h"",""res"":""Punkt: D. Tkaczyk""},{""type"":""tmo"",""score"":""1 : 8"",""txt"":""Czas: ""},{""type"":""rally"",""score"":""1 : 8"",""speed"":""45.8 km/h"",""res"":""Punkt: J. Lepercq""},{""type"":""rally"",""score"":""1 : 7"",""speed"":""61.7 km/h"",""res"":""Punkt: D. Lamares""},{""type"":""rally"",""score"":""0 : 7"",""speed"":""63.3 km/h"",""res"":""Punkt: M. Pessegueiro""},{""type"":""rally"",""score"":""0 : 6"",""speed"":""61.0 km/h"",""res"":""Błąd: D. Lamares""},{""type"":""rally"",""score"":""0 : 5"",""speed"":""55.2 km/h"",""res"":""Punkt: M. Pessegueiro""},{""type"":""rally"",""score"":""0 : 4"",""speed"":""61.4 km/h"",""res"":""Punkt: J. Lepercq""},{""type"":""rally"",""score"":""0 : 3"",""speed"":""67.1 km/h"",""res"":""Punkt: P. Robakowski""},{""type"":""rally"",""score"":""0 : 2"",""speed"":""78.8 km/h"",""res"":""Punkt: M. Pessegueiro""},{""type"":""chg"",""score"":""0 : 1"",""txt"":""Zmiana: J. Pardoel ⇄ K. Elias""},{""type"":""chg"",""score"":""0 : 1"",""txt"":""Zmiana: D. Tkaczyk ⇄ M. Stachowiak""},{""type"":""chg"",""score"":""0 : 1"",""txt"":""Zmiana: P. Podgórski ⇄ T. Ciping""},{""type"":""rally"",""score"":""0 : 1"",""speed"":""46.8 km/h"",""res"":""Punkt: P. Robakowski""}]},{""rallies"":[{""type"":""end"",""score"":""25 : 19"",""txt"":""Koniec seta 3 : 1""},{""type"":""end"",""score"":""25 : 19"",""txt"":""Koniec seta 3 : 1""},{""type"":""rally"",""score"":""25 : 19"",""speed"":""57.3 km/h"",""res"":""Punkt: T. Ciping""},{""type"":""rally"",""score"":""24 : 19"",""speed"":""57.1 km/h"",""res"":""Punkt: M. Moura""},{""type"":""rally"",""score"":""24 : 18"",""speed"":""60.8 km/h"",""res"":""Punkt: C. Krska""},{""type"":""rally"",""score"":""23 : 18"",""speed"":""61.6 km/h"",""res"":""Punkt: M. Pessegueiro""},{""type"":""tmo"",""score"":""23 : 17"",""txt"":""Czas: Squadra Corsa VB""},{""type"":""rally"",""score"":""23 : 17"",""speed"":""55.0 km/h"",""res"":""Punkt: D. Lamares""},{""type"":""rally"",""score"":""22 : 17"",""speed"":""50.7 km/h"",""res"":""Błąd: T. Ciping""},{""type"":""rally"",""score"":""22 : 16"",""speed"":""62.4 km/h"",""res"":""Punkt: C. Escobar""},{""type"":""rally"",""score"":""22 : 15"",""speed"":""76.0 km/h"",""res"":""Punkt: C. Krska""},{""type"":""rally"",""score"":""21 : 15"",""speed"":""53.3 km/h"",""res"":""Punkt: C. Escobar""},{""type"":""rally"",""score"":""21 : 14"",""speed"":""96.6 km/h"",""res"":""Punkt: P. Merda""},{""type"":""rally"",""score"":""20 : 14"",""speed"":""58.5 km/h"",""res"":""Punkt: C. Escobar""},{""type"":""rally"",""score"":""20 : 13"",""speed"":""58.4 km/h"",""res"":""Punkt: P. Merda""},{""type"":""rally"",""score"":""19 : 13"",""speed"":""61.4 km/h"",""res"":""Punkt: M. Pessegueiro""},{""type"":""rally"",""score"":""19 : 12"",""speed"":""46.4 km/h"",""res"":""Punkt: T. Ciping""},{""type"":""tmo"",""score"":""18 : 12"",""txt"":""Czas: Squadra Corsa VB""},{""type"":""rally"",""score"":""18 : 12"",""speed"":""50.6 km/h"",""res"":""Punkt: T. Necdet""},{""type"":""rally"",""score"":""17 : 12"",""speed"":""65.6 km/h"",""res"":""Błąd: J. Lepercq""},{""type"":""tmo"",""score"":""16 : 12"",""txt"":""Czas: ""},{""type"":""rally"",""score"":""16 : 12"",""speed"":""69.3 km/h"",""res"":""Punkt: P. Merda""},{""type"":""rally"",""score"":""15 : 12"",""speed"":""79.3 km/h"",""res"":""Punkt: T. Necdet""},{""type"":""rally"",""score"":""14 : 12"",""speed"":""55.3 km/h"",""res"":""Błąd: C. Krska""},{""type"":""rally"",""score"":""14 : 11"",""speed"":""52.5 km/h"",""res"":""Punkt: M. Pessegueiro""},{""type"":""rally"",""score"":""14 : 10"",""speed"":""60.5 km/h"",""res"":""Punkt: T. Necdet""},{""type"":""rally"",""score"":""13 : 10"",""speed"":""47.7 km/h"",""res"":""Punkt: J. Lepercq""},{""type"":""rally"",""score"":""13 : 9"",""speed"":""46.4 km/h"",""res"":""Punkt: M. Pessegueiro""},{""type"":""rally"",""score"":""13 : 8"",""speed"":""50.4 km/h"",""res"":""Punkt: C. Krska""},{""type"":""tmo"",""score"":""12 : 8"",""txt"":""Czas: Smoczy Gród""},{""type"":""rally"",""score"":""12 : 8"",""speed"":""58.1 km/h"",""res"":""Punkt: P. Robakowski""},{""type"":""rally"",""score"":""12 : 7"",""speed"":""56.7 km/h"",""res"":""Błąd: D. Lamares""},{""type"":""rally"",""score"":""12 : 6"",""speed"":""51.9 km/h"",""res"":""Punkt: M. Moura""},{""type"":""rally"",""score"":""12 : 5"",""speed"":""44.2 km/h"",""res"":""Punkt: C. Krska""},{""type"":""rally"",""score"":""11 : 5"",""speed"":""46.5 km/h"",""res"":""Punkt: P. Merda""},{""type"":""rally"",""score"":""10 : 5"",""speed"":""67.3 km/h"",""res"":""Punkt: P. Merda""},{""type"":""rally"",""score"":""9 : 5"",""speed"":""43.1 km/h"",""res"":""Punkt: J. Lepercq""},{""type"":""rally"",""score"":""9 : 4"",""speed"":""93.4 km/h"",""res"":""Punkt: P. Merda""},{""type"":""rally"",""score"":""8 : 4"",""speed"":""57.9 km/h"",""res"":""Punkt: M. Moura""},{""type"":""tmo"",""score"":""8 : 3"",""txt"":""Czas: ""},{""type"":""rally"",""score"":""8 : 3"",""speed"":""53.5 km/h"",""res"":""Punkt: T. Necdet""},{""type"":""rally"",""score"":""7 : 3"",""speed"":""71.1 km/h"",""res"":""Punkt: M. Pessegueiro""},{""type"":""rally"",""score"":""7 : 2"",""speed"":""60.8 km/h"",""res"":""Punkt: T. Ciping""},{""type"":""rally"",""score"":""6 : 2"",""speed"":""48.3 km/h"",""res"":""Błąd: J. Lepercq""},{""type"":""rally"",""score"":""5 : 2"",""speed"":""80.5 km/h"",""res"":""Punkt: D. Lamares""},{""type"":""rally"",""score"":""4 : 2"",""speed"":""51.1 km/h"",""res"":""Błąd: C. Krska""},{""type"":""rally"",""score"":""4 : 1"",""speed"":""-"",""res"":""Błąd: C. Krska""},{""type"":""rally"",""score"":""4 : 0"",""speed"":""62.7 km/h"",""res"":""Punkt: T. Necdet""},{""type"":""rally"",""score"":""3 : 0"",""speed"":""65.8 km/h"",""res"":""Błąd: P. Robakowski""},{""type"":""rally"",""score"":""2 : 0"",""speed"":""50.0 km/h"",""res"":""Punkt: T. Necdet""},{""type"":""chg"",""score"":""1 : 0"",""txt"":""Zmiana: C. Krska ⇄ K. Elias""},{""type"":""chg"",""score"":""1 : 0"",""txt"":""Zmiana: T. Necdet ⇄ M. Stachowiak""},{""type"":""rally"",""score"":""1 : 0"",""speed"":""48.5 km/h"",""res"":""Punkt: M. Stachowiak""}]}]}","2","3","0","0","0","0","30","57","3","1","24","0","0","6","61.6","52.5","2","0","0","0","0","2","0","0","0","0","0","0","0","0","0","0","0","0","0","0","0","0","0","0","0","0","0","0","0","0","46","13","3","7","47","114","0","0","0","0","0","4","0","0","0","0","0","4","0","0","0","0","0","2","0","3","2","0","0","clan-bulk-1.2","0","0","0"
"liga_klanow_2_2","Smoczy Gród vs Squadra Corsa VB 3:1","1297886","2026-09-18 19:00","Smocza Jama","EXP Academy","1420","Smoczy Gród","","Elias, Kazimierz","1904396","4","4","4","0","1","68.9","4","0","2","50","50","7","7","4","0","0","57","11","0","100","7","64","1","8","17","0","0","0","0","0","0","0","20.4","","0","0","0","0","0","0","8","17","1","0","8","0","0","0","68.9","62.7","1","0","0","0","1","2","0","0","0","0","0","0","1","0","0","0","1","2","0","0","0","0","0","0","0","0","0","0","0","0","0","0","0","0","0","0","5","2","3","1","11","4","0","0","0","0","0","0","0","0","0","0","0","1","4","0","0","0","0","clan-bulk-1.2","0","0","0"
"liga_klanow_2_2","Smoczy Gród vs Squadra Corsa VB 3:1","1297886","2026-09-18 19:00","Smocza Jama","EXP Academy","1420","Smoczy Gród","","Lamares, Duílio","2003963","11","5","17","0","0","71.1","23","6","9","39","13","10","4","0","6","1","10","0","0","0","0","0","2","44","65","0","1","1","0","0","0","1","18","","1","2","0","0","0","0","44","65","1","1","38","1","1","6","71.1","58.2","1","1","0","0","3","5","1","1","2","0","0","4","0","0","0","0","0","0","7","0","2","0","5","14","0","0","0","0","0","0","0","1","0","0","0","1","0","0","0","0","0","0","0","0","0","0","0","3","0","0","0","0","0","4","4","2","5","3","0","clan-bulk-1.2","0","0","0"
"liga_klanow_2_2","Smoczy Gród vs Squadra Corsa VB 3:1","1297886","2026-09-18 19:00","Smocza Jama","EXP Academy","1420","Smoczy Gród","","Stachowiak, Mariusz","1767883","7","6","7","1","1","60.6","8","0","6","75","75","4","1","1","3","2","75","0","0","0","0","0","0","12","20","0","0","0","0","0","0","0","15.6","","2","2","0","0","0","0","12","20","0","0","11","0","1","1","60.6","54.8","1","0","0","0","0","1","0","0","0","0","0","0","3","0","0","0","1","4","0","0","0","0","0","0","2","0","0","0","1","3","0","0","0","0","0","0","0","0","0","0","0","1","0","0","0","0","0","2","0","0","0","0","0","2","7","0","0","1","0","clan-bulk-1.2","0","0","0"
"liga_klanow_2_2","Smoczy Gród vs Squadra Corsa VB 3:1","1297886","2026-09-18 19:00","Smocza Jama","EXP Academy","1420","Smoczy Gród","","Ciping, Tsou-choi","1865352","12","6","9","0","1","65.6","15","5","5","33","0","12","7","2","5","2","33","17","1","94","8","47","6","39","70","0","0","0","0","0","0","0","33.5","","1","3","0","0","0","0","39","70","6","3","30","0","1","9","66.3","54.3","2","0","1","0","1","4","1","0","1","0","0","2","1","1","1","0","2","5","0","0","0","0","0","0","1","1","0","0","2","4","0","0","0","0","0","0","2","5","5","4","16","2","0","0","0","0","0","2","0","0","0","0","0","3","6","4","0","4","0","clan-bulk-1.2","0","0","0"
"liga_klanow_2_2","Smoczy Gród vs Squadra Corsa VB 3:1","1297886","2026-09-18 19:00","Smocza Jama","EXP Academy","1420","Smoczy Gród","","Merda, Paweł","1976141","20","15","11","0","1","62.4","28","5","12","43","25","6","0","0","6","1","17","0","0","0","0","0","7","53","74","0","0","0","0","0","0","0","45.9","","0","2","0","0","0","0","53","74","6","3","43","1","0","10","62.4","51","2","0","0","1","7","10","1","1","1","0","0","3","0","0","0","0","0","0","8","0","3","0","4","15","0","0","0","0","0","0","0","0","0","0","0","0","0","0","0","0","0","0","0","0","0","0","0","1","0","0","0","0","0","4","6","4","3","6","0","clan-bulk-1.2","0","0","0"
"liga_klanow_2_2","Smoczy Gród vs Squadra Corsa VB 3:1","1297886","2026-09-18 19:00","Smocza Jama","EXP Academy","1420","Smoczy Gród","","Baraniak, Roman","2088149","0","0","0","0","0","0","0","0","0","0","0","17","11","2","6","4","35","5","0","100","1","20","0","0","0","3","1","7","0","0","3","4","5.6","","3","5","0","0","0","0","0","0","0","0","0","0","0","0","0","0","0","0","0","0","0","0","0","0","0","0","0","0","0","0","0","0","0","0","0","0","0","0","0","0","0","0","0","0","0","0","3","1","0","1","2","7","2","1","2","0","5","2","0","0","0","0","0","4","0","0","0","0","0","0","0","0","0","0","0","clan-bulk-1.2","0","0","0"
"liga_klanow_2_2","Smoczy Gród vs Squadra Corsa VB 3:1","1297886","2026-09-18 19:00","Smocza Jama","EXP Academy","1420","Smoczy Gród","","Necdet, Tınaz","1767884","14","12","10","0","1","75.6","22","2","10","45","36","9","5","3","4","1","44","0","0","0","0","0","3","26","46","0","0","0","0","0","0","0","39","","1","4","0","0","0","0","26","46","2","1","22","1","0","4","75.6","60.4","5","0","0","0","1","6","0","2","0","0","0","2","4","0","0","0","9","13","0","0","0","0","0","0","1","0","0","0","0","1","0","0","0","0","0","0","0","0","0","0","0","3","0","0","0","0","0","1","0","0","0","0","0","2","0","9","0","6","0","clan-bulk-1.2","0","0","0"
"liga_klanow_2_2","Smoczy Gród vs Squadra Corsa VB 3:1","1297886","2026-09-18 19:00","Smocza Jama","EXP Academy","1420","Smoczy Gród","","Tkaczyk, Damian","2112483","2","0","5","0","0","53.7","6","2","2","33","0","6","4","1","2","0","17","0","0","0","0","0","0","11","16","0","0","0","0","0","0","0","1.8","","0","0","0","0","0","0","11","16","0","0","8","0","0","3","53.7","47.6","1","0","0","0","0","1","0","0","2","0","1","3","1","0","0","0","1","2","0","0","0","0","0","0","0","0","0","0","0","0","0","0","0","0","0","0","0","0","0","0","0","1","0","0","0","0","0","0","0","0","0","0","0","1","0","0","2","0","0","clan-bulk-1.2","0","0","0"
"liga_klanow_2_2","Smoczy Gród vs Squadra Corsa VB 3:1","1297886","2026-09-18 19:00","Smocza Jama","EXP Academy","1420","Smoczy Gród","","Krska, Capek","1904865","6","4","9","1","0","65.8","8","1","2","25","13","18","13","10","5","3","72","21","0","100","12","57","4","12","25","0","0","0","0","0","0","0","35.9","","3","3","0","0","0","0","12","25","4","0","10","0","0","2","65.8","58.1","0","0","0","0","1","1","0","0","0","0","0","0","1","0","0","0","2","3","0","0","0","0","0","0","1","1","0","0","2","4","0","0","0","0","0","0","8","4","9","0","21","10","0","0","0","0","0","4","0","0","0","0","0","2","0","2","0","7","0","clan-bulk-1.2","0","0","0"
"liga_klanow_2_2","Smoczy Gród vs Squadra Corsa VB 3:1","1297886","2026-09-18 19:00","Smocza Jama","EXP Academy","1420","Smoczy Gród","","Pardoel, Jari","2139525","1","0","2","0","0","57.3","5","1","1","20","0","4","2","2","2","1","75","18","0","100","5","28","0","4","13","0","0","0","0","0","0","0","11.7","","0","1","0","0","0","0","4","13","0","0","2","0","0","2","57.3","51.6","0","0","1","0","1","2","0","0","0","0","0","0","0","0","0","1","1","2","0","0","0","0","0","0","0","0","0","0","1","1","0","0","0","0","0","0","0","1","10","7","18","2","0","0","0","0","0","1","0","0","0","0","0","0","0","0","0","0","0","clan-bulk-1.2","0","0","0"
"liga_klanow_2_2","Smoczy Gród vs Squadra Corsa VB 3:1","1297886","2026-09-18 19:00","Smocza Jama","EXP Academy","1420","Smoczy Gród","","Podgórski, Paweł","2139526","1","0","2","0","0","50.1","3","1","1","33","0","5","3","0","2","1","20","4","0","100","0","0","0","6","14","0","0","0","0","0","0","0","2.5","","1","1","0","0","0","0","6","14","0","0","5","0","0","1","50.1","46.8","0","0","0","0","0","0","0","0","1","0","0","1","0","0","0","1","1","2","0","0","0","0","0","0","0","0","0","0","0","0","0","0","0","0","0","0","0","1","1","2","4","0","0","0","0","0","0","1","0","0","0","0","0","0","0","0","0","0","0","clan-bulk-1.2","0","0","0"
"liga_klanow_2_2","Smoczy Gród vs Squadra Corsa VB 3:1","1297886","2026-09-18 19:00","Smocza Jama","Espoir club Borretti II","1420","Squadra Corsa VB","","Moracchini, Anthony","1767047","1","0","10","1","0","63.1","1","0","0","0","0","26","16","9","10","5","54","0","0","0","0","0","1","30","44","47","18","109","18","25","42","24","11.2","","1","3","0","0","0","0","30","44","1","0","25","0","0","5","63.1","53.5","0","0","0","0","1","1","0","0","0","0","0","0","0","0","0","0","0","0","0","0","0","0","0","0","0","0","0","0","0","0","47","18","8","6","30","109","0","0","0","0","0","0","0","0","0","0","0","0","0","0","0","0","0","2","0","1","1","0","0","clan-bulk-1.2","0","0","0"
"liga_klanow_2_2","Smoczy Gród vs Squadra Corsa VB 3:1","1297886","2026-09-18 19:00","Smocza Jama","Espoir club Borretti II","1420","Squadra Corsa VB","","Robakowski, Przemysław","1976261","6","-3","20","0","0","80.5","17","7","4","24","-18","32","15","8","17","8","50","34","2","94","14","41","2","23","44","0","0","0","0","0","0","0","23.9","","3","7","0","0","0","0","23","44","2","0","14","0","0","9","80.5","63.1","1","0","1","0","2","4","0","0","3","1","0","4","1","2","0","0","2","5","0","0","0","0","0","0","1","0","1","0","2","4","0","0","0","0","0","0","0","0","0","0","0","0","0","0","0","0","0","0","0","0","0","0","0","3","2","0","3","2","0","clan-bulk-1.2","0","0","0"
"liga_klanow_2_2","Smoczy Gród vs Squadra Corsa VB 3:1","1297886","2026-09-18 19:00","Smocza Jama","Espoir club Borretti II","1420","Squadra Corsa VB","","Pessegueiro, Marques","1929405","18","13","11","0","1","65.2","28","5","13","46","29","3","1","0","2","0","0","0","0","0","0","0","4","40","67","0","1","1","0","0","0","1","39.3","","0","1","0","0","0","0","40","67","4","1","32","0","0","8","65.2","55.5","0","0","0","0","4","4","1","0","0","0","0","1","0","0","0","0","0","0","10","2","3","2","6","23","0","0","0","0","0","0","0","1","0","0","0","1","0","0","0","0","0","0","0","0","0","0","0","0","0","0","0","0","0","4","3","5","5","5","0","clan-bulk-1.2","0","0","0"
"liga_klanow_2_2","Smoczy Gród vs Squadra Corsa VB 3:1","1297886","2026-09-18 19:00","Smocza Jama","Espoir club Borretti II","1420","Squadra Corsa VB","","Moura, Madson","1948996","18","10","14","0","0","107.3","33","8","17","52","27","17","6","0","11","4","24","0","0","0","0","0","1","24","70","0","0","0","0","0","0","0","32","","3","6","0","0","0","0","24","70","0","0","18","1","0","6","107.3","82.3","6","0","1","2","5","14","0","0","7","4","0","11","2","0","0","0","0","2","0","0","0","0","0","0","3","0","0","0","3","6","0","0","0","0","0","0","0","0","0","0","0","0","0","0","0","0","0","0","0","0","0","0","0","4","4","1","3","3","0","clan-bulk-1.2","0","0","0"
"liga_klanow_2_2","Smoczy Gród vs Squadra Corsa VB 3:1","1297886","2026-09-18 19:00","Smocza Jama","Espoir club Borretti II","1420","Squadra Corsa VB","","Lepercq, Jean","1864516","16","8","13","2","0","85.7","30","5","12","40","23","18","12","7","6","1","44","35","1","97","16","46","4","53","78","0","0","0","0","0","0","0","55.1","","0","3","0","0","0","0","53","78","4","2","44","0","0","9","85.7","74.8","0","0","0","0","1","1","2","0","0","0","0","2","7","2","3","2","12","26","0","0","0","0","0","0","1","0","0","0","0","1","0","0","0","0","0","0","0","0","0","0","0","0","0","0","0","0","0","0","0","0","0","0","0","4","5","2","7","4","0","clan-bulk-1.2","0","0","0"
"liga_klanow_2_2","Smoczy Gród vs Squadra Corsa VB 3:1","1297886","2026-09-18 19:00","Smocza Jama","Espoir club Borretti II","1420","Squadra Corsa VB","","Escobar, Cássio","2003693","21","13","10","0","0","62.9","31","8","18","58","32","7","2","0","5","0","0","0","0","0","0","0","3","38","55","0","0","0","0","0","0","0","39.4","","0","0","0","0","0","0","38","55","2","0","30","1","0","8","62.9","56.8","5","0","0","0","1","6","0","0","5","1","0","6","0","0","0","0","0","0","12","1","2","0","4","19","0","0","0","0","0","0","0","0","0","0","0","0","0","0","0","0","0","0","0","0","0","0","0","0","0","0","0","0","0","4","4","6","7","3","0","clan-bulk-1.2","0","0","0"
"liga_klanow_2_2","Smoczy Gród vs Squadra Corsa VB 3:1","1297886","2026-09-18 19:00","Smocza Jama","Espoir club Borretti II","1420","Squadra Corsa VB","","Aparecido, Santos","2088223","0","-1","0","0","0","0","0","0","0","0","0","27","15","10","12","8","67","15","1","93","6","40","0","0","0","1","2","13","1","1","6","5","17.2","","8","9","0","0","0","0","0","0","0","0","0","0","0","0","0","0","0","0","0","0","0","0","0","0","0","0","0","0","0","0","0","0","0","0","0","0","0","0","0","0","0","0","0","0","0","0","1","2","3","1","6","13","0","0","0","0","0","0","0","0","0","0","0","0","0","0","0","0","0","0","0","0","0","0","0","clan-bulk-1.2","0","0","0"
"liga_klanow_2_2","Smoczy Gród vs Squadra Corsa VB 3:1","1297886","2026-09-18 19:00","Smocza Jama","Espoir club Borretti II","1420","Squadra Corsa VB","","Andres, Kevin","2032752","0","-2","1","1","0","0","0","0","0","0","0","0","0","0","0","0","0","1","1","0","0","0","0","0","0","0","0","0","0","0","0","0","-3","","0","0","0","0","0","0","0","0","0","0","0","0","0","0","0","0","0","0","0","0","0","0","0","0","0","0","0","0","0","0","0","0","0","0","0","0","0","0","0","0","0","0","0","0","0","0","0","0","0","0","0","0","0","0","0","0","0","0","0","0","0","0","0","0","0","0","0","0","0","0","1","0","0","0","0","clan-bulk-1.2","0","0","0"
"liga_klanow_2_2","Smoczy Gród vs Squadra Corsa VB 3:1","1297886","2026-09-18 19:00","Smocza Jama","Espoir club Borretti II","1420","Squadra Corsa VB","","Ahvenlahti, Petteri","2087531","0","0","1","0","0","62.5","0","0","0","0","0","2","1","0","1","0","0","0","0","0","0","0","0","3","8","4","5","16","0","3","9","4","0","","0","1","0","0","0","0","3","8","0","0","3","0","0","0","62.5","62.5","0","0","0","0","0","0","0","0","0","0","0","0","0","0","0","0","0","0","0","0","0","0","0","0","0","0","0","0","0","0","4","5","1","0","6","16","0","0","0","0","0","0","0","0","0","0","0","0","0","0","0","0","0","0","0","0","0","0","0","clan-bulk-1.2","0","0","0"
"liga_klanow_2_2","Pioruny  i Grzmoty vs Jojolinovich 3:0","1297887","2026-09-18 19:00","Olimp  Arena","EXP Academy","1420","Pioruny  i Grzmoty","","Meksuła, Jan","1950906","0","-2","22","2","0","62.5","0","0","0","0","0","5","3","0","2","1","20","0","0","0","0","0","0","3","23","38","2","55","28","13","12","2","-1.6","{""sets"":[{""h"":25,""a"":11},{""h"":25,""a"":5},{""h"":25,""a"":17}],""parsedSets"":[{""rallies"":[{""type"":""end"",""score"":""25 : 11"",""txt"":""Koniec seta 1 : 0""},{""type"":""end"",""score"":""25 : 11"",""txt"":""Koniec seta 1 : 0""},{""type"":""rally"",""score"":""25 : 11"",""speed"":""61.3 km/h"",""res"":""Punkt: G. Ufuk""},{""type"":""rally"",""score"":""24 : 11"",""speed"":""57.7 km/h"",""res"":""Punkt: V. Pavlović""},{""type"":""rally"",""score"":""23 : 11"",""speed"":""51.7 km/h"",""res"":""Punkt: A. Bura""},{""type"":""rally"",""score"":""22 : 11"",""speed"":""52.9 km/h"",""res"":""Punkt: V. Pavlović""},{""type"":""rally"",""score"":""21 : 11"",""speed"":""75.0 km/h"",""res"":""Punkt: R. Acosta""},{""type"":""rally"",""score"":""20 : 11"",""speed"":""60.5 km/h"",""res"":""Punkt: C. Oprita""},{""type"":""rally"",""score"":""20 : 10"",""speed"":""-"",""res"":""Błąd: W. Leite""},{""type"":""rally"",""score"":""19 : 10"",""speed"":""111.2 km/h"",""res"":""Błąd: R. Acosta""},{""type"":""rally"",""score"":""19 : 9"",""speed"":""42.6 km/h"",""res"":""Błąd: R. Acosta""},{""type"":""rally"",""score"":""19 : 8"",""speed"":""55.8 km/h"",""res"":""Punkt: R. Acosta""},{""type"":""rally"",""score"":""18 : 8"",""speed"":""53.4 km/h"",""res"":""Punkt: R. Acosta""},{""type"":""tmo"",""score"":""17 : 8"",""txt"":""Czas: Pioruny  i Grzmoty""},{""type"":""rally"",""score"":""17 : 8"",""speed"":""60.6 km/h"",""res"":""Punkt: R. Acosta""},{""type"":""tmo"",""score"":""16 : 8"",""txt"":""Czas: ""},{""type"":""rally"",""score"":""16 : 8"",""speed"":""53.1 km/h"",""res"":""Punkt: R. Acosta""},{""type"":""chg"",""score"":""15 : 8"",""txt"":""Zmiana: M. Krakowiak ⇄ G. Bono""},{""type"":""rally"",""score"":""15 : 8"",""speed"":""50.2 km/h"",""res"":""Punkt: R. Acosta""},{""type"":""rally"",""score"":""14 : 8"",""speed"":""58.6 km/h"",""res"":""Punkt: R. Acosta""},{""type"":""rally"",""score"":""13 : 8"",""speed"":""143.4 km/h"",""res"":""Punkt: R. Acosta""},{""type"":""rally"",""score"":""12 : 8"",""speed"":""71.3 km/h"",""res"":""Punkt: C. Oprita""},{""type"":""rally"",""score"":""12 : 7"",""speed"":""58.3 km/h"",""res"":""Punkt: W. Leite""},{""type"":""rally"",""score"":""12 : 6"",""speed"":""68.3 km/h"",""res"":""Punkt: G. Ufuk""},{""type"":""tmo"",""score"":""11 : 6"",""txt"":""Czas: Jojolinovich""},{""type"":""rally"",""score"":""11 : 6"",""speed"":""70.3 km/h"",""res"":""Punkt: G. Bono""},{""type"":""chg"",""score"":""10 : 6"",""txt"":""Zmiana: V. Pavlović ⇄ C. Hoogendijk""},{""type"":""chg"",""score"":""10 : 6"",""txt"":""Zmiana: A. Bura ⇄ S. Sercan""},{""type"":""tmo"",""score"":""10 : 6"",""txt"":""Czas: Pioruny  i Grzmoty""},{""type"":""rally"",""score"":""10 : 6"",""speed"":""53.3 km/h"",""res"":""Punkt: G. Ufuk""},{""type"":""rally"",""score"":""9 : 6"",""speed"":""65.1 km/h"",""res"":""Błąd: R. Vasvari""},{""type"":""rally"",""score"":""8 : 6"",""speed"":""144.3 km/h"",""res"":""Punkt: R. Vasvari""},{""type"":""rally"",""score"":""8 : 5"",""speed"":""-"",""res"":""Błąd: C. Hoogendijk""},{""type"":""tmo"",""score"":""8 : 4"",""txt"":""Czas: ""},{""type"":""rally"",""score"":""8 : 4"",""speed"":""53.4 km/h"",""res"":""Punkt: G. Bono""},{""type"":""rally"",""score"":""7 : 4"",""speed"":""60.3 km/h"",""res"":""Punkt: S. Sercan""},{""type"":""rally"",""score"":""6 : 4"",""speed"":""89.3 km/h"",""res"":""Punkt: G. Ufuk""},{""type"":""rally"",""score"":""5 : 4"",""speed"":""46.7 km/h"",""res"":""Punkt: R. Vasvari""},{""type"":""rally"",""score"":""5 : 3"",""speed"":""58.1 km/h"",""res"":""Punkt: G. Ufuk""},{""type"":""rally"",""score"":""4 : 3"",""speed"":""89.9 km/h"",""res"":""Punkt: S. Sercan""},{""type"":""rally"",""score"":""3 : 3"",""speed"":""61.5 km/h"",""res"":""Punkt: R. Vasvari""},{""type"":""rally"",""score"":""3 : 2"",""speed"":""65.4 km/h"",""res"":""Punkt: S. Sercan""},{""type"":""rally"",""score"":""2 : 2"",""speed"":""57.7 km/h"",""res"":""Punkt: C. Oprita""},{""type"":""rally"",""score"":""2 : 1"",""speed"":""139.8 km/h"",""res"":""Punkt: S. Sercan""},{""type"":""rally"",""score"":""1 : 1"",""speed"":""-"",""res"":""Błąd: J. Meksuła""},{""type"":""rally"",""score"":""1 : 0"",""speed"":""59.8 km/h"",""res"":""Punkt: G. Bono""}]},{""rallies"":[{""type"":""end"",""score"":""25 : 5"",""txt"":""Koniec seta 2 : 0""},{""type"":""end"",""score"":""25 : 5"",""txt"":""Koniec seta 2 : 0""},{""type"":""rally"",""score"":""25 : 5"",""speed"":""58.6 km/h"",""res"":""Punkt: S. Sercan""},{""type"":""rally"",""score"":""24 : 5"",""speed"":""57.3 km/h"",""res"":""Punkt: G. Koopmann""},{""type"":""rally"",""score"":""23 : 5"",""speed"":""54.2 km/h"",""res"":""Punkt: M. Krakowiak""},{""type"":""rally"",""score"":""22 : 5"",""speed"":""53.1 km/h"",""res"":""Punkt: G. Koopmann""},{""type"":""rally"",""score"":""21 : 5"",""speed"":""62.0 km/h"",""res"":""Punkt: G. Koopmann""},{""type"":""rally"",""score"":""20 : 5"",""speed"":""62.5 km/h"",""res"":""Punkt: S. Sercan""},{""type"":""rally"",""score"":""19 : 5"",""speed"":""44.5 km/h"",""res"":""Punkt: G. Koopmann""},{""type"":""rally"",""score"":""18 : 5"",""speed"":""138.7 km/h"",""res"":""Punkt: G. Koopmann""},{""type"":""rally"",""score"":""17 : 5"",""speed"":""61.2 km/h"",""res"":""Punkt: R. Vasvari""},{""type"":""tmo"",""score"":""17 : 4"",""txt"":""Czas: Pioruny  i Grzmoty""},{""type"":""rally"",""score"":""17 : 4"",""speed"":""66.3 km/h"",""res"":""Punkt: S. Sercan""},{""type"":""rally"",""score"":""16 : 4"",""speed"":""61.5 km/h"",""res"":""Punkt: R. Vasvari""},{""type"":""tmo"",""score"":""16 : 3"",""txt"":""Czas: ""},{""type"":""rally"",""score"":""16 : 3"",""speed"":""63.9 km/h"",""res"":""Punkt: C. Hoogendijk""},{""type"":""chg"",""score"":""15 : 3"",""txt"":""Zmiana: M. Krakowiak ⇄ G. Bono""},{""type"":""rally"",""score"":""15 : 3"",""speed"":""69.0 km/h"",""res"":""Punkt: A. Moss""},{""type"":""tmo"",""score"":""14 : 3"",""txt"":""Czas: Jojolinovich""},{""type"":""rally"",""score"":""14 : 3"",""speed"":""72.3 km/h"",""res"":""Punkt: G. Bono""},{""type"":""rally"",""score"":""13 : 3"",""speed"":""56.6 km/h"",""res"":""Punkt: A. Moss""},{""type"":""rally"",""score"":""12 : 3"",""speed"":""102.3 km/h"",""res"":""Punkt: S. Sercan""},{""type"":""rally"",""score"":""11 : 3"",""speed"":""-"",""res"":""Błąd: S. Sercan""},{""type"":""rally"",""score"":""11 : 2"",""speed"":""-"",""res"":""Błąd: C. Oprita""},{""type"":""rally"",""score"":""10 : 2"",""speed"":""-"",""res"":""Błąd: G. Koopmann""},{""type"":""tmo"",""score"":""10 : 1"",""txt"":""Czas: Pioruny  i Grzmoty""},{""type"":""rally"",""score"":""10 : 1"",""speed"":""53.9 km/h"",""res"":""Punkt: A. Moss""},{""type"":""rally"",""score"":""9 : 1"",""speed"":""99.0 km/h"",""res"":""Punkt: S. Sercan""},{""type"":""tmo"",""score"":""8 : 1"",""txt"":""Czas: ""},{""type"":""rally"",""score"":""8 : 1"",""speed"":""92.5 km/h"",""res"":""Punkt: A. Moss""},{""type"":""rally"",""score"":""7 : 1"",""speed"":""65.2 km/h"",""res"":""Punkt: A. Moss""},{""type"":""rally"",""score"":""6 : 1"",""speed"":""80.8 km/h"",""res"":""Punkt: C. Hoogendijk""},{""type"":""chg"",""score"":""5 : 1"",""txt"":""Zmiana: G. Koopmann ⇄ R. Acosta""},{""type"":""rally"",""score"":""5 : 1"",""speed"":""70.0 km/h"",""res"":""Punkt: R. Acosta""},{""type"":""rally"",""score"":""4 : 1"",""speed"":""78.9 km/h"",""res"":""Punkt: S. Sercan""},{""type"":""rally"",""score"":""3 : 1"",""speed"":""71.6 km/h"",""res"":""Punkt: W. Leite""},{""type"":""rally"",""score"":""3 : 0"",""speed"":""63.4 km/h"",""res"":""Punkt: C. Hoogendijk""},{""type"":""chg"",""score"":""2 : 0"",""txt"":""Zmiana: A. Moss ⇄ G. Ufuk""},{""type"":""rally"",""score"":""2 : 0"",""speed"":""66.9 km/h"",""res"":""Punkt: S. Sercan""},{""type"":""rally"",""score"":""1 : 0"",""speed"":""120.6 km/h"",""res"":""Punkt: S. Sercan""}]},{""rallies"":[{""type"":""end"",""score"":""25 : 17"",""txt"":""Koniec seta 3 : 0""},{""type"":""end"",""score"":""25 : 17"",""txt"":""Koniec seta 3 : 0""},{""type"":""rally"",""score"":""25 : 17"",""speed"":""67.3 km/h"",""res"":""Punkt: R. Acosta""},{""type"":""rally"",""score"":""24 : 17"",""speed"":""59.6 km/h"",""res"":""Punkt: C. Oprita""},{""type"":""rally"",""score"":""24 : 16"",""speed"":""77.9 km/h"",""res"":""Punkt: C. Oprita""},{""type"":""rally"",""score"":""24 : 15"",""speed"":""61.0 km/h"",""res"":""Punkt: C. Oprita""},{""type"":""rally"",""score"":""24 : 14"",""speed"":""74.0 km/h"",""res"":""Punkt: C. Oprita""},{""type"":""rally"",""score"":""24 : 13"",""speed"":""60.6 km/h"",""res"":""Punkt: C. Oprita""},{""type"":""rally"",""score"":""24 : 12"",""speed"":""79.7 km/h"",""res"":""Punkt: S. Sercan""},{""type"":""rally"",""score"":""23 : 12"",""speed"":""101.7 km/h"",""res"":""Punkt: R. Acosta""},{""type"":""rally"",""score"":""22 : 12"",""speed"":""98.0 km/h"",""res"":""Punkt: W. Leite""},{""type"":""rally"",""score"":""22 : 11"",""speed"":""52.4 km/h"",""res"":""Punkt: B. Savov""},{""type"":""rally"",""score"":""22 : 10"",""speed"":""93.5 km/h"",""res"":""Punkt: S. Sercan""},{""type"":""rally"",""score"":""21 : 10"",""speed"":""99.0 km/h"",""res"":""Punkt: A. Prusinowski""},{""type"":""rally"",""score"":""21 : 9"",""speed"":""71.9 km/h"",""res"":""Punkt: C. Oprita""},{""type"":""tmo"",""score"":""21 : 8"",""txt"":""Czas: Pioruny  i Grzmoty""},{""type"":""rally"",""score"":""21 : 8"",""speed"":""65.5 km/h"",""res"":""Punkt: R. Acosta""},{""type"":""rally"",""score"":""20 : 8"",""speed"":""67.2 km/h"",""res"":""Punkt: S. Sercan""},{""type"":""rally"",""score"":""19 : 8"",""speed"":""59.0 km/h"",""res"":""Punkt: G. Ufuk""},{""type"":""rally"",""score"":""18 : 8"",""speed"":""110.3 km/h"",""res"":""Punkt: G. Ufuk""},{""type"":""rally"",""score"":""17 : 8"",""speed"":""62.9 km/h"",""res"":""Punkt: R. Vasvari""},{""type"":""rally"",""score"":""17 : 7"",""speed"":""54.1 km/h"",""res"":""Punkt: G. Bono""},{""type"":""tmo"",""score"":""16 : 7"",""txt"":""Czas: ""},{""type"":""rally"",""score"":""16 : 7"",""speed"":""52.7 km/h"",""res"":""Punkt: G. Ufuk""},{""type"":""rally"",""score"":""15 : 7"",""speed"":""53.7 km/h"",""res"":""Punkt: G. Ufuk""},{""type"":""rally"",""score"":""14 : 7"",""speed"":""56.1 km/h"",""res"":""Punkt: S. Sercan""},{""type"":""rally"",""score"":""13 : 7"",""speed"":""70.4 km/h"",""res"":""Punkt: R. Vasvari""},{""type"":""rally"",""score"":""13 : 6"",""speed"":""61.1 km/h"",""res"":""Błąd: G. Ufuk""},{""type"":""rally"",""score"":""13 : 5"",""speed"":""51.2 km/h"",""res"":""Błąd: G. Ufuk""},{""type"":""rally"",""score"":""13 : 4"",""speed"":""53.6 km/h"",""res"":""Błąd: R. Vasvari""},{""type"":""rally"",""score"":""12 : 4"",""speed"":""97.3 km/h"",""res"":""Punkt: G. Ufuk""},{""type"":""rally"",""score"":""11 : 4"",""speed"":""-"",""res"":""Błąd: R. Acosta""},{""type"":""tmo"",""score"":""11 : 3"",""txt"":""Czas: Jojolinovich""},{""type"":""rally"",""score"":""11 : 3"",""speed"":""54.6 km/h"",""res"":""Punkt: G. Ufuk""},{""type"":""chg"",""score"":""10 : 3"",""txt"":""Zmiana: V. Pavlović ⇄ C. Hoogendijk""},{""type"":""tmo"",""score"":""10 : 3"",""txt"":""Czas: Pioruny  i Grzmoty""},{""type"":""rally"",""score"":""10 : 3"",""speed"":""52.6 km/h"",""res"":""Punkt: C. Hoogendijk""},{""type"":""rally"",""score"":""9 : 3"",""speed"":""-"",""res"":""Błąd: C. Oprita""},{""type"":""rally"",""score"":""8 : 3"",""speed"":""55.0 km/h"",""res"":""Punkt: C. Oprita""},{""type"":""rally"",""score"":""8 : 2"",""speed"":""60.0 km/h"",""res"":""Punkt: C. Oprita""},{""type"":""tmo"",""score"":""8 : 1"",""txt"":""Czas: ""},{""type"":""rally"",""score"":""8 : 1"",""speed"":""58.9 km/h"",""res"":""Punkt: C. Hoogendijk""},{""type"":""rally"",""score"":""7 : 1"",""speed"":""45.3 km/h"",""res"":""Punkt: S. Sercan""},{""type"":""rally"",""score"":""6 : 1"",""speed"":""53.3 km/h"",""res"":""Punkt: C. Hoogendijk""},{""type"":""rally"",""score"":""5 : 1"",""speed"":""96.4 km/h"",""res"":""Punkt: R. Acosta""},{""type"":""rally"",""score"":""4 : 1"",""speed"":""-"",""res"":""Błąd: J. Meksuła""},{""type"":""rally"",""score"":""4 : 0"",""speed"":""47.3 km/h"",""res"":""Punkt: G. Bono""},{""type"":""rally"",""score"":""3 : 0"",""speed"":""59.3 km/h"",""res"":""Punkt: S. Sercan""},{""type"":""rally"",""score"":""2 : 0"",""speed"":""58.1 km/h"",""res"":""Punkt: G. Bono""},{""type"":""rally"",""score"":""1 : 0"",""speed"":""58.3 km/h"",""res"":""Punkt: R. Acosta""}]}]}","1","2","0","0","0","0","3","23","0","0","3","0","0","0","62.5","55.1","0","0","0","0","0","0","0","0","0","0","0","0","0","0","0","0","0","0","0","0","0","0","0","0","0","0","0","0","0","0","38","2","2","4","9","55","0","0","0","0","0","0","0","0","0","0","0","1","0","0","0","0","0","2","1","0","1","0","0","clan-bulk-1.2","0","0","0"
"liga_klanow_2_2","Pioruny  i Grzmoty vs Jojolinovich 3:0","1297887","2026-09-18 19:00","Olimp  Arena","EXP Academy","1420","Pioruny  i Grzmoty","","Bono, Gaspare","1951242","8","1","10","0","0","79.7","2","0","1","50","50","6","5","4","1","1","83","19","7","63","10","53","7","17","24","0","0","0","0","0","0","0","21.4","","1","1","0","0","0","0","17","24","6","0","15","1","0","2","79.7","61.7","0","0","0","0","0","0","0","0","0","0","0","0","1","0","0","0","1","2","0","0","0","0","0","0","0","0","0","0","0","0","0","0","0","0","0","0","6","1","4","1","12","4","0","0","0","0","0","1","0","0","0","0","0","3","3","1","3","0","0","clan-bulk-1.2","0","0","0"
"liga_klanow_2_2","Pioruny  i Grzmoty vs Jojolinovich 3:0","1297887","2026-09-18 19:00","Olimp  Arena","EXP Academy","1420","Pioruny  i Grzmoty","","Acosta, Riccardo","1905290","15","11","9","1","1","61.5","15","3","10","67","47","2","1","1","1","0","50","0","0","0","0","0","4","24","34","0","0","0","0","0","0","0","39.7","","0","1","0","0","0","0","24","34","3","1","22","1","0","2","70","57.8","0","0","0","0","0","0","0","0","1","0","0","1","0","0","0","0","0","0","10","2","0","0","2","14","0","0","0","0","0","0","0","0","0","0","0","0","0","0","0","0","0","1","0","0","0","0","0","0","0","0","0","0","0","3","10","1","6","0","0","clan-bulk-1.2","0","0","0"
"liga_klanow_2_2","Pioruny  i Grzmoty vs Jojolinovich 3:0","1297887","2026-09-18 19:00","Olimp  Arena","EXP Academy","1420","Pioruny  i Grzmoty","","Sercan, Sermet","1929559","20","19","5","1","0","58.1","21","0","19","90","90","5","3","2","2","1","60","0","0","0","0","0","1","23","34","0","0","0","0","0","0","0","60","","0","0","0","0","0","0","23","34","1","0","22","0","0","1","58.1","52.4","0","0","0","1","0","1","0","0","0","1","1","2","11","0","0","0","1","12","0","0","0","0","0","0","6","0","0","0","0","6","0","0","0","0","0","0","0","0","0","0","0","2","0","0","0","0","0","1","0","0","0","0","0","3","4","9","6","0","0","clan-bulk-1.2","0","0","0"
"liga_klanow_2_2","Pioruny  i Grzmoty vs Jojolinovich 3:0","1297887","2026-09-18 19:00","Olimp  Arena","EXP Academy","1420","Pioruny  i Grzmoty","","Hoogendijk, Cees","2002485","6","5","8","1","0","72.3","2","0","2","100","100","5","3","2","2","2","80","0","0","0","0","0","4","12","20","0","0","0","0","0","0","0","17.4","","2","2","0","0","0","0","12","20","4","0","12","0","0","0","72.3","62.4","0","0","0","0","0","0","0","0","0","0","0","0","1","0","0","0","0","1","0","0","0","0","0","0","1","0","0","0","0","1","0","0","0","0","0","0","0","0","0","0","0","2","0","0","0","0","0","2","0","0","0","0","0","3","1","3","3","0","0","clan-bulk-1.2","0","0","0"
"liga_klanow_2_2","Pioruny  i Grzmoty vs Jojolinovich 3:0","1297887","2026-09-18 19:00","Olimp  Arena","EXP Academy","1420","Pioruny  i Grzmoty","","Ufuk, Güvenç","2032125","11","8","8","0","3","71.9","9","3","4","44","11","1","1","0","0","0","0","0","0","0","0","0","4","16","19","0","0","0","0","0","0","0","24.5","","0","0","0","0","0","0","16","19","4","0","15","0","0","1","71.9","64.2","0","0","0","0","0","0","0","1","1","0","0","2","0","0","0","0","0","0","4","1","0","0","2","7","0","0","0","0","0","0","0","0","0","0","0","0","0","0","0","0","0","0","0","0","0","0","0","0","0","0","0","0","0","2","5","0","8","0","0","clan-bulk-1.2","0","0","0"
"liga_klanow_2_2","Pioruny  i Grzmoty vs Jojolinovich 3:0","1297887","2026-09-18 19:00","Olimp  Arena","EXP Academy","1420","Pioruny  i Grzmoty","","Schutzbar, Malte","1951189","0","-1","0","0","0","0","0","0","0","0","0","12","6","6","6","6","100","4","1","75","1","25","0","0","0","0","0","0","0","0","0","0","6.8","","5","5","0","0","0","0","0","0","0","0","0","0","0","0","0","0","0","0","0","0","0","0","0","0","0","0","0","0","0","0","0","0","0","0","0","0","0","0","0","0","0","0","0","0","0","0","0","0","0","0","0","0","2","0","1","0","3","6","0","0","0","0","0","6","0","0","0","0","0","0","0","0","0","0","0","clan-bulk-1.2","0","0","0"
"liga_klanow_2_2","Pioruny  i Grzmoty vs Jojolinovich 3:0","1297887","2026-09-18 19:00","Olimp  Arena","EXP Academy","1420","Pioruny  i Grzmoty","","Krakowiak, Marcin","1976212","1","1","1","0","0","60.5","2","0","1","50","50","1","1","0","0","0","0","4","0","100","3","75","0","8","19","0","0","0","0","0","0","0","4.8","","0","0","0","0","0","0","8","19","0","0","8","0","0","0","60.5","60.5","1","0","0","0","0","1","0","0","0","0","0","0","0","0","0","0","1","1","0","0","0","0","0","0","0","0","0","0","0","0","0","0","0","0","0","0","1","2","1","0","4","0","0","0","0","0","0","0","0","0","0","0","0","1","0","1","0","0","0","clan-bulk-1.2","0","0","0"
"liga_klanow_2_2","Pioruny  i Grzmoty vs Jojolinovich 3:0","1297887","2026-09-18 19:00","Olimp  Arena","EXP Academy","1420","Pioruny  i Grzmoty","","Bura, Adrian","2060250","1","1","0","0","0","0","2","0","1","50","50","2","1","0","1","0","0","0","0","0","0","0","0","9","16","0","0","0","0","0","0","0","2","","0","0","0","0","0","0","9","16","0","0","9","0","0","0","0","0","0","0","0","0","0","0","0","0","0","0","0","0","1","0","0","0","1","2","0","0","0","0","0","0","0","0","0","0","0","0","0","0","0","0","0","0","0","0","0","0","0","0","0","0","0","0","0","0","0","0","0","0","0","1","1","0","0","0","0","clan-bulk-1.2","0","0","0"
"liga_klanow_2_2","Pioruny  i Grzmoty vs Jojolinovich 3:0","1297887","2026-09-18 19:00","Olimp  Arena","EXP Academy","1420","Pioruny  i Grzmoty","","Pavlović, Veselin","1950852","2","2","4","0","0","62.9","0","0","0","0","0","8","5","4","3","3","88","4","0","100","2","50","2","7","10","0","0","0","0","0","0","0","12.8","","2","2","0","0","0","0","7","10","2","0","7","0","0","0","62.9","55.9","0","0","0","0","0","0","0","0","0","0","0","0","0","0","0","0","0","0","0","0","0","0","0","0","0","0","0","0","0","0","0","0","0","0","0","0","1","1","2","0","4","4","0","0","0","0","0","3","0","0","0","0","0","1","2","0","0","0","0","clan-bulk-1.2","0","0","0"
"liga_klanow_2_2","Pioruny  i Grzmoty vs Jojolinovich 3:0","1297887","2026-09-18 19:00","Olimp  Arena","EXP Academy","1420","Pioruny  i Grzmoty","","Koopmann, Götz","1976322","5","4","6","1","0","99","3","0","3","100","100","0","0","0","0","0","0","0","0","0","0","0","2","8","9","1","0","1","0","0","1","0","11","","0","0","0","0","0","0","8","9","2","1","8","0","0","0","99","78.3","0","0","0","0","0","0","2","0","0","0","0","2","0","0","0","0","0","0","1","0","0","0","0","1","0","0","0","0","0","0","1","0","0","0","0","1","0","0","0","0","0","0","0","0","0","0","0","0","0","0","0","0","0","1","0","6","0","0","0","clan-bulk-1.2","0","0","0"
"liga_klanow_2_2","Pioruny  i Grzmoty vs Jojolinovich 3:0","1297887","2026-09-18 19:00","Olimp  Arena","EXP Academy","1420","Pioruny  i Grzmoty","","Moss, Ariel","2032123","5","5","1","0","0","61.2","0","0","0","0","0","1","1","0","0","0","0","0","0","0","0","0","5","10","11","0","0","0","0","0","0","0","15","","0","0","0","0","0","0","10","11","5","0","10","0","0","0","61.2","61.2","0","0","0","0","0","0","0","0","0","0","0","0","0","0","0","0","0","0","0","0","0","0","0","0","0","0","0","0","0","0","0","0","0","0","0","0","0","0","0","0","0","0","0","0","0","0","0","0","0","0","0","0","0","1","0","5","0","0","0","clan-bulk-1.2","0","0","0"
"liga_klanow_2_2","Pioruny  i Grzmoty vs Jojolinovich 3:0","1297887","2026-09-18 19:00","Olimp  Arena","Espoir club Borretti II","1420","Jojolinovich","","Prusinowski, Adrian","1976017","1","1","5","0","1","143.4","2","0","0","0","0","13","8","1","5","1","15","0","0","0","0","0","0","8","27","13","29","71","6","17","30","18","4.2","","0","0","0","0","0","0","8","27","0","0","5","0","1","3","143.4","105.6","0","0","0","0","2","2","0","0","0","0","0","0","0","0","0","0","0","0","0","0","0","0","0","0","0","0","0","0","0","0","13","29","2","1","26","71","0","0","0","0","0","0","0","0","0","0","0","0","0","0","0","0","0","1","0","0","1","0","0","clan-bulk-1.2","0","0","0"
"liga_klanow_2_2","Pioruny  i Grzmoty vs Jojolinovich 3:0","1297887","2026-09-18 19:00","Olimp  Arena","Espoir club Borretti II","1420","Jojolinovich","","Leite, Walton","2004517","4","-5","7","1","1","139.8","18","7","3","17","-22","10","5","0","5","0","0","38","1","97","6","16","0","5","36","0","0","0","0","0","0","0","8.3","","0","0","0","0","0","0","5","36","0","0","3","0","0","2","139.8","104.3","0","0","0","1","3","4","0","0","3","0","2","5","2","0","2","0","3","7","0","0","0","0","0","0","0","0","2","0","0","2","0","0","0","0","0","0","0","0","0","0","0","0","0","0","0","0","0","0","0","0","0","0","0","3","2","1","1","0","0","clan-bulk-1.2","0","0","0"
"liga_klanow_2_2","Pioruny  i Grzmoty vs Jojolinovich 3:0","1297887","2026-09-18 19:00","Olimp  Arena","Espoir club Borretti II","1420","Jojolinovich","","Oprita, Cristian","2088397","12","6","10","2","5","75","13","4","6","46","15","6","2","0","4","0","0","0","0","0","0","0","1","16","36","0","0","0","0","0","0","0","25","","0","0","0","0","0","0","16","36","1","0","8","0","0","8","77.9","66.9","1","0","0","0","2","3","1","0","3","0","0","4","0","0","0","0","0","0","3","0","1","1","1","6","0","0","0","0","0","0","0","0","0","0","0","0","0","0","0","0","0","0","0","0","0","0","0","0","0","0","0","0","0","3","3","1","9","0","0","clan-bulk-1.2","0","0","0"
"liga_klanow_2_2","Pioruny  i Grzmoty vs Jojolinovich 3:0","1297887","2026-09-18 19:00","Olimp  Arena","Espoir club Borretti II","1420","Jojolinovich","","Tordai, Ludovic","2004230","0","-7","3","0","0","102.3","13","7","0","0","-54","12","7","1","5","0","8","0","0","0","0","0","0","7","29","0","0","0","0","0","0","0","-20.5","","0","0","0","0","0","0","7","29","0","0","5","0","0","2","102.3","96.5","0","0","0","0","1","1","0","0","4","0","1","5","0","0","3","0","3","6","0","0","0","0","0","0","0","0","0","0","1","1","0","0","0","0","0","0","0","0","0","0","0","0","0","0","0","0","0","0","0","0","0","0","0","0","0","0","0","0","0","clan-bulk-1.2","0","0","0"
"liga_klanow_2_2","Pioruny  i Grzmoty vs Jojolinovich 3:0","1297887","2026-09-18 19:00","Olimp  Arena","Espoir club Borretti II","1420","Jojolinovich","","Savov, Boris","2088317","1","-10","5","0","0","89.3","14","8","1","7","-50","10","7","2","3","0","20","18","3","83","3","17","0","4","20","0","0","0","0","0","0","0","-17.2","","0","0","0","0","0","0","4","20","0","1","4","0","0","0","89.3","68.6","0","0","0","0","2","2","0","0","3","0","0","3","0","0","3","0","0","3","0","0","0","0","0","0","1","0","2","0","3","6","0","0","0","0","0","0","0","0","0","0","0","0","0","0","0","0","0","0","0","0","0","0","0","1","0","0","1","0","0","clan-bulk-1.2","0","0","0"
"liga_klanow_2_2","Pioruny  i Grzmoty vs Jojolinovich 3:0","1297887","2026-09-18 19:00","Olimp  Arena","Espoir club Borretti II","1420","Jojolinovich","","Vasvari, Romeo","2032144","7","3","4","0","1","138.7","15","4","5","33","7","6","2","0","4","0","0","0","0","0","0","0","1","5","20","0","0","0","0","0","0","0","11.4","","0","0","0","0","0","0","5","20","1","0","3","0","0","2","144.3","114.6","1","0","0","0","1","2","0","0","0","0","0","0","0","0","0","0","0","0","4","1","3","0","5","13","0","0","0","0","0","0","0","0","0","0","0","0","0","0","0","0","0","0","0","0","0","0","0","0","0","0","0","0","0","3","4","2","3","0","0","clan-bulk-1.2","0","0","0"
"liga_klanow_2_2","Pioruny  i Grzmoty vs Jojolinovich 3:0","1297887","2026-09-18 19:00","Olimp  Arena","Espoir club Borretti II","1420","Jojolinovich","","Merinero, Francisco","1976002","0","0","0","0","0","0","0","0","0","0","0","21","16","5","5","1","29","12","0","100","4","33","0","0","0","0","0","2","0","0","0","2","10.8","","0","1","0","0","0","0","0","0","0","0","0","0","0","0","0","0","0","0","0","0","0","0","0","0","0","0","0","0","0","0","0","0","0","0","0","0","0","0","0","0","0","0","0","0","0","0","0","0","0","0","2","2","0","0","0","0","0","0","0","0","0","0","0","0","0","0","0","0","0","0","0","0","0","0","0","clan-bulk-1.2","0","0","0"
"liga_klanow_2_2","👽Strażnicy Cienia👽 vs PVC CSKA Sofia 0:3","1297888","2026-09-18 19:00","Mroczna Arena","Side Out","1421","👽Strażnicy Cienia👽","","Piotrowski, Adam","1949942","0","0","10","0","0","64.1","1","0","0","0","0","17","9","1","8","2","18","0","0","0","0","0","0","6","36","30","21","89","5","24","34","26","1.6","{""sets"":[{""h"":22,""a"":25},{""h"":17,""a"":25},{""h"":14,""a"":25}],""parsedSets"":[{""rallies"":[{""type"":""end"",""score"":""22 : 25"",""txt"":""Koniec seta 0 : 1""},{""type"":""end"",""score"":""22 : 25"",""txt"":""Koniec seta 0 : 1""},{""type"":""rally"",""score"":""22 : 25"",""speed"":""60.0 km/h"",""res"":""Punkt: P. Consonni""},{""type"":""rally"",""score"":""22 : 24"",""speed"":""-"",""res"":""Błąd: S. Thévenin""},{""type"":""rally"",""score"":""21 : 24"",""speed"":""58.8 km/h"",""res"":""Punkt: S. Thévenin""},{""type"":""tmo"",""score"":""21 : 23"",""txt"":""Czas: 👽Strażnicy Cienia👽""},{""type"":""rally"",""score"":""21 : 23"",""speed"":""57.6 km/h"",""res"":""Punkt: B. Cyrankowski""},{""type"":""rally"",""score"":""21 : 22"",""speed"":""47.3 km/h"",""res"":""Punkt: P. Consonni""},{""type"":""rally"",""score"":""21 : 21"",""speed"":""56.4 km/h"",""res"":""Punkt: S. Thévenin""},{""type"":""rally"",""score"":""21 : 20"",""speed"":""56.8 km/h"",""res"":""Punkt: B. Vecko""},{""type"":""rally"",""score"":""20 : 20"",""speed"":""43.7 km/h"",""res"":""Punkt: B. Cyrankowski""},{""type"":""rally"",""score"":""20 : 19"",""speed"":""63.3 km/h"",""res"":""Punkt: K. Stoykov""},{""type"":""rally"",""score"":""20 : 18"",""speed"":""67.4 km/h"",""res"":""Punkt: G. Tormettino""},{""type"":""rally"",""score"":""19 : 18"",""speed"":""64.8 km/h"",""res"":""Punkt: P. Consonni""},{""type"":""tmo"",""score"":""19 : 17"",""txt"":""Czas: 👽Strażnicy Cienia👽""},{""type"":""rally"",""score"":""19 : 17"",""speed"":""65.1 km/h"",""res"":""Punkt: P. Consonni""},{""type"":""rally"",""score"":""19 : 16"",""speed"":""89.2 km/h"",""res"":""Punkt: P. Consonni""},{""type"":""rally"",""score"":""19 : 15"",""speed"":""-"",""res"":""Błąd: Y. Brizola""},{""type"":""rally"",""score"":""19 : 14"",""speed"":""70.7 km/h"",""res"":""Błąd: S. Thévenin""},{""type"":""rally"",""score"":""18 : 14"",""speed"":""64.9 km/h"",""res"":""Punkt: G. Tormettino""},{""type"":""tmo"",""score"":""17 : 14"",""txt"":""Czas: PVC CSKA Sofia""},{""type"":""rally"",""score"":""17 : 14"",""speed"":""81.1 km/h"",""res"":""Punkt: G. Tormettino""},{""type"":""tmo"",""score"":""16 : 14"",""txt"":""Czas: ""},{""type"":""rally"",""score"":""16 : 14"",""speed"":""56.6 km/h"",""res"":""Punkt: Y. Brizola""},{""type"":""rally"",""score"":""15 : 14"",""speed"":""44.7 km/h"",""res"":""Punkt: Y. Brizola""},{""type"":""rally"",""score"":""14 : 14"",""speed"":""-"",""res"":""Błąd: D. Calhoun""},{""type"":""rally"",""score"":""14 : 13"",""speed"":""-"",""res"":""Błąd: B. Cyrankowski""},{""type"":""rally"",""score"":""13 : 13"",""speed"":""56.8 km/h"",""res"":""Punkt: B. Cyrankowski""},{""type"":""rally"",""score"":""13 : 12"",""speed"":""74.2 km/h"",""res"":""Punkt: K. Yoshkov""},{""type"":""rally"",""score"":""13 : 11"",""speed"":""56.7 km/h"",""res"":""Punkt: G. Tormettino""},{""type"":""rally"",""score"":""12 : 11"",""speed"":""51.1 km/h"",""res"":""Punkt: Y. Brizola""},{""type"":""rally"",""score"":""11 : 11"",""speed"":""-"",""res"":""Błąd: L. Penev""},{""type"":""rally"",""score"":""11 : 10"",""speed"":""56.1 km/h"",""res"":""Punkt: D. Calhoun""},{""type"":""rally"",""score"":""10 : 10"",""speed"":""58.2 km/h"",""res"":""Punkt: B. Cyrankowski""},{""type"":""rally"",""score"":""10 : 9"",""speed"":""60.3 km/h"",""res"":""Punkt: B. Vecko""},{""type"":""rally"",""score"":""9 : 9"",""speed"":""-"",""res"":""Błąd: G. Tormettino""},{""type"":""tmo"",""score"":""9 : 8"",""txt"":""Czas: PVC CSKA Sofia""},{""type"":""rally"",""score"":""9 : 8"",""speed"":""60.3 km/h"",""res"":""Punkt: G. Tormettino""},{""type"":""rally"",""score"":""8 : 8"",""speed"":""64.3 km/h"",""res"":""Punkt: B. Vecko""},{""type"":""rally"",""score"":""7 : 8"",""speed"":""78.2 km/h"",""res"":""Punkt: G. Tormettino""},{""type"":""tmo"",""score"":""6 : 8"",""txt"":""Czas: ""},{""type"":""rally"",""score"":""6 : 8"",""speed"":""86.7 km/h"",""res"":""Punkt: K. Stoykov""},{""type"":""rally"",""score"":""6 : 7"",""speed"":""69.3 km/h"",""res"":""Punkt: B. Cyrankowski""},{""type"":""rally"",""score"":""6 : 6"",""speed"":""83.8 km/h"",""res"":""Punkt: Y. Brizola""},{""type"":""rally"",""score"":""5 : 6"",""speed"":""57.2 km/h"",""res"":""Punkt: Y. Brizola""},{""type"":""rally"",""score"":""4 : 6"",""speed"":""88.5 km/h"",""res"":""Punkt: K. Yoshkov""},{""type"":""rally"",""score"":""4 : 5"",""speed"":""67.2 km/h"",""res"":""Punkt: Y. Brizola""},{""type"":""rally"",""score"":""3 : 5"",""speed"":""51.6 km/h"",""res"":""Punkt: K. Yoshkov""},{""type"":""rally"",""score"":""3 : 4"",""speed"":""69.1 km/h"",""res"":""Punkt: B. Cyrankowski""},{""type"":""rally"",""score"":""3 : 3"",""speed"":""56.3 km/h"",""res"":""Punkt: Y. Brizola""},{""type"":""rally"",""score"":""2 : 3"",""speed"":""69.0 km/h"",""res"":""Punkt: P. Consonni""},{""type"":""rally"",""score"":""2 : 2"",""speed"":""-"",""res"":""Błąd: L. Penev""},{""type"":""rally"",""score"":""2 : 1"",""speed"":""54.5 km/h"",""res"":""Błąd: S. Thévenin""},{""type"":""rally"",""score"":""1 : 1"",""speed"":""-"",""res"":""Błąd: S. Thévenin""},{""type"":""rally"",""score"":""0 : 1"",""speed"":""64.1 km/h"",""res"":""Punkt: P. Consonni""}]},{""rallies"":[{""type"":""end"",""score"":""17 : 25"",""txt"":""Koniec seta 0 : 2""},{""type"":""end"",""score"":""17 : 25"",""txt"":""Koniec seta 0 : 2""},{""type"":""rally"",""score"":""17 : 25"",""speed"":""84.9 km/h"",""res"":""Punkt: P. Consonni""},{""type"":""rally"",""score"":""17 : 24"",""speed"":""64.1 km/h"",""res"":""Punkt: D. Calhoun""},{""type"":""tmo"",""score"":""16 : 24"",""txt"":""Czas: PVC CSKA Sofia""},{""type"":""rally"",""score"":""16 : 24"",""speed"":""75.8 km/h"",""res"":""Punkt: Y. Brizola""},{""type"":""tmo"",""score"":""15 : 24"",""txt"":""Czas: PVC CSKA Sofia""},{""type"":""rally"",""score"":""15 : 24"",""speed"":""65.0 km/h"",""res"":""Punkt: Y. Brizola""},{""type"":""rally"",""score"":""14 : 24"",""speed"":""51.1 km/h"",""res"":""Punkt: B. Vecko""},{""type"":""rally"",""score"":""13 : 24"",""speed"":""50.4 km/h"",""res"":""Punkt: B. Cyrankowski""},{""type"":""rally"",""score"":""13 : 23"",""speed"":""-"",""res"":""Błąd: K. Yoshkov""},{""type"":""tmo"",""score"":""12 : 23"",""txt"":""Czas: 👽Strażnicy Cienia👽""},{""type"":""rally"",""score"":""12 : 23"",""speed"":""68.5 km/h"",""res"":""Punkt: B. Cyrankowski""},{""type"":""rally"",""score"":""12 : 22"",""speed"":""74.1 km/h"",""res"":""Punkt: G. Tormettino""},{""type"":""rally"",""score"":""11 : 22"",""speed"":""-"",""res"":""Błąd: Y. Brizola""},{""type"":""rally"",""score"":""11 : 21"",""speed"":""61.5 km/h"",""res"":""Punkt: Y. Brizola""},{""type"":""rally"",""score"":""10 : 21"",""speed"":""60.2 km/h"",""res"":""Punkt: K. Yoshkov""},{""type"":""rally"",""score"":""10 : 20"",""speed"":""47.1 km/h"",""res"":""Punkt: K. Yoshkov""},{""type"":""rally"",""score"":""10 : 19"",""speed"":""69.5 km/h"",""res"":""Punkt: B. Cyrankowski""},{""type"":""rally"",""score"":""10 : 18"",""speed"":""69.4 km/h"",""res"":""Punkt: G. Tormettino""},{""type"":""rally"",""score"":""9 : 18"",""speed"":""51.0 km/h"",""res"":""Punkt: B. Cyrankowski""},{""type"":""rally"",""score"":""9 : 17"",""speed"":""-"",""res"":""Błąd: S. Thévenin""},{""type"":""rally"",""score"":""8 : 17"",""speed"":""52.0 km/h"",""res"":""Punkt: D. Georgiev""},{""type"":""tmo"",""score"":""8 : 16"",""txt"":""Czas: ""},{""type"":""rally"",""score"":""8 : 16"",""speed"":""57.1 km/h"",""res"":""Punkt: B. Cyrankowski""},{""type"":""rally"",""score"":""8 : 15"",""speed"":""76.9 km/h"",""res"":""Punkt: P. Consonni""},{""type"":""rally"",""score"":""8 : 14"",""speed"":""49.6 km/h"",""res"":""Punkt: B. Vecko""},{""type"":""rally"",""score"":""7 : 14"",""speed"":""50.8 km/h"",""res"":""Punkt: P. Consonni""},{""type"":""rally"",""score"":""7 : 13"",""speed"":""50.6 km/h"",""res"":""Punkt: B. Cyrankowski""},{""type"":""rally"",""score"":""7 : 12"",""speed"":""51.7 km/h"",""res"":""Błąd: D. Calhoun""},{""type"":""rally"",""score"":""7 : 11"",""speed"":""51.4 km/h"",""res"":""Punkt: D. Georgiev""},{""type"":""rally"",""score"":""7 : 10"",""speed"":""83.5 km/h"",""res"":""Punkt: L. Penev""},{""type"":""rally"",""score"":""6 : 10"",""speed"":""67.4 km/h"",""res"":""Punkt: K. Yoshkov""},{""type"":""rally"",""score"":""6 : 9"",""speed"":""69.8 km/h"",""res"":""Błąd: B. Cyrankowski""},{""type"":""tmo"",""score"":""5 : 9"",""txt"":""Czas: 👽Strażnicy Cienia👽""},{""type"":""rally"",""score"":""5 : 9"",""speed"":""55.4 km/h"",""res"":""Błąd: Y. Brizola""},{""type"":""tmo"",""score"":""5 : 8"",""txt"":""Czas: ""},{""type"":""rally"",""score"":""5 : 8"",""speed"":""55.0 km/h"",""res"":""Punkt: B. Cyrankowski""},{""type"":""rally"",""score"":""5 : 7"",""speed"":""64.5 km/h"",""res"":""Punkt: K. Yoshkov""},{""type"":""rally"",""score"":""5 : 6"",""speed"":""57.9 km/h"",""res"":""Punkt: G. Tormettino""},{""type"":""rally"",""score"":""4 : 6"",""speed"":""76.4 km/h"",""res"":""Punkt: K. Yoshkov""},{""type"":""rally"",""score"":""4 : 5"",""speed"":""64.4 km/h"",""res"":""Punkt: Y. Brizola""},{""type"":""rally"",""score"":""3 : 5"",""speed"":""64.7 km/h"",""res"":""Punkt: B. Cyrankowski""},{""type"":""rally"",""score"":""3 : 4"",""speed"":""-"",""res"":""Błąd: S. Thévenin""},{""type"":""rally"",""score"":""2 : 4"",""speed"":""61.9 km/h"",""res"":""Punkt: B. Cyrankowski""},{""type"":""rally"",""score"":""2 : 3"",""speed"":""67.9 km/h"",""res"":""Punkt: Y. Brizola""},{""type"":""rally"",""score"":""1 : 3"",""speed"":""-"",""res"":""Błąd: J. Crawford""},{""type"":""rally"",""score"":""0 : 3"",""speed"":""63.0 km/h"",""res"":""Punkt: S. Thévenin""},{""type"":""rally"",""score"":""0 : 2"",""speed"":""61.0 km/h"",""res"":""Punkt: J. Crawford""},{""type"":""chg"",""score"":""0 : 1"",""txt"":""Zmiana: J. Crawford ⇄ K. Stoykov""},{""type"":""rally"",""score"":""0 : 1"",""speed"":""59.0 km/h"",""res"":""Punkt: S. Thévenin""}]},{""rallies"":[{""type"":""end"",""score"":""14 : 25"",""txt"":""Koniec seta 0 : 3""},{""type"":""end"",""score"":""14 : 25"",""txt"":""Koniec seta 0 : 3""},{""type"":""rally"",""score"":""14 : 25"",""speed"":""58.0 km/h"",""res"":""Punkt: P. Consonni""},{""type"":""rally"",""score"":""14 : 24"",""speed"":""56.7 km/h"",""res"":""Punkt: P. Consonni""},{""type"":""tmo"",""score"":""14 : 23"",""txt"":""Czas: PVC CSKA Sofia""},{""type"":""rally"",""score"":""14 : 23"",""speed"":""57.1 km/h"",""res"":""Punkt: L. Penev""},{""type"":""rally"",""score"":""13 : 23"",""speed"":""54.3 km/h"",""res"":""Punkt: B. Vecko""},{""type"":""tmo"",""score"":""12 : 23"",""txt"":""Czas: 👽Strażnicy Cienia👽""},{""type"":""rally"",""score"":""12 : 23"",""speed"":""62.3 km/h"",""res"":""Punkt: K. Stoykov""},{""type"":""rally"",""score"":""12 : 22"",""speed"":""-"",""res"":""Błąd: K. Yoshkov""},{""type"":""rally"",""score"":""11 : 22"",""speed"":""50.5 km/h"",""res"":""Punkt: P. Consonni""},{""type"":""rally"",""score"":""11 : 21"",""speed"":""79.1 km/h"",""res"":""Punkt: D. Georgiev""},{""type"":""rally"",""score"":""11 : 20"",""speed"":""61.7 km/h"",""res"":""Punkt: D. Calhoun""},{""type"":""rally"",""score"":""10 : 20"",""speed"":""70.2 km/h"",""res"":""Punkt: K. Yoshkov""},{""type"":""rally"",""score"":""10 : 19"",""speed"":""69.9 km/h"",""res"":""Punkt: G. Tormettino""},{""type"":""rally"",""score"":""9 : 19"",""speed"":""65.4 km/h"",""res"":""Błąd: D. Calhoun""},{""type"":""rally"",""score"":""9 : 18"",""speed"":""70.3 km/h"",""res"":""Punkt: D. Georgiev""},{""type"":""rally"",""score"":""9 : 17"",""speed"":""66.8 km/h"",""res"":""Punkt: D. Georgiev""},{""type"":""tmo"",""score"":""9 : 16"",""txt"":""Czas: ""},{""type"":""rally"",""score"":""9 : 16"",""speed"":""67.9 km/h"",""res"":""Punkt: K. Yoshkov""},{""type"":""rally"",""score"":""9 : 15"",""speed"":""62.6 km/h"",""res"":""Punkt: D. Calhoun""},{""type"":""rally"",""score"":""8 : 15"",""speed"":""52.2 km/h"",""res"":""Punkt: K. Yoshkov""},{""type"":""rally"",""score"":""8 : 14"",""speed"":""-"",""res"":""Błąd: L. Penev""},{""type"":""rally"",""score"":""8 : 13"",""speed"":""-"",""res"":""Błąd: S. Thévenin""},{""type"":""rally"",""score"":""7 : 13"",""speed"":""54.8 km/h"",""res"":""Punkt: B. Cyrankowski""},{""type"":""rally"",""score"":""7 : 12"",""speed"":""55.3 km/h"",""res"":""Punkt: L. Penev""},{""type"":""rally"",""score"":""6 : 12"",""speed"":""74.7 km/h"",""res"":""Punkt: P. Consonni""},{""type"":""rally"",""score"":""6 : 11"",""speed"":""63.4 km/h"",""res"":""Punkt: L. Penev""},{""type"":""rally"",""score"":""5 : 11"",""speed"":""61.5 km/h"",""res"":""Punkt: B. Cyrankowski""},{""type"":""rally"",""score"":""5 : 10"",""speed"":""79.6 km/h"",""res"":""Punkt: K. Yoshkov""},{""type"":""rally"",""score"":""5 : 9"",""speed"":""85.3 km/h"",""res"":""Punkt: K. Yoshkov""},{""type"":""rally"",""score"":""5 : 8"",""speed"":""56.0 km/h"",""res"":""Punkt: G. Tormettino""},{""type"":""tmo"",""score"":""4 : 8"",""txt"":""Czas: ""},{""type"":""rally"",""score"":""4 : 8"",""speed"":""71.3 km/h"",""res"":""Punkt: B. Cyrankowski""},{""type"":""rally"",""score"":""4 : 7"",""speed"":""67.2 km/h"",""res"":""Punkt: Y. Brizola""},{""type"":""rally"",""score"":""3 : 7"",""speed"":""54.8 km/h"",""res"":""Punkt: D. Georgiev""},{""type"":""rally"",""score"":""3 : 6"",""speed"":""61.7 km/h"",""res"":""Punkt: D. Georgiev""},{""type"":""rally"",""score"":""3 : 5"",""speed"":""63.8 km/h"",""res"":""Punkt: Y. Brizola""},{""type"":""tmo"",""score"":""2 : 5"",""txt"":""Czas: 👽Strażnicy Cienia👽""},{""type"":""rally"",""score"":""2 : 5"",""speed"":""43.8 km/h"",""res"":""Punkt: K. Yoshkov""},{""type"":""rally"",""score"":""2 : 4"",""speed"":""54.6 km/h"",""res"":""Punkt: K. Yoshkov""},{""type"":""rally"",""score"":""2 : 3"",""speed"":""58.9 km/h"",""res"":""Punkt: B. Cyrankowski""},{""type"":""rally"",""score"":""2 : 2"",""speed"":""-"",""res"":""Błąd: S. Thévenin""},{""type"":""rally"",""score"":""1 : 2"",""speed"":""57.7 km/h"",""res"":""Punkt: B. Cyrankowski""},{""type"":""rally"",""score"":""1 : 1"",""speed"":""52.7 km/h"",""res"":""Punkt: B. Cyrankowski""},{""type"":""rally"",""score"":""1 : 0"",""speed"":""60.4 km/h"",""res"":""Punkt: D. Calhoun""}]}]}","2","3","0","0","0","0","6","36","0","0","6","0","0","0","64.1","56.2","0","0","0","0","1","1","0","0","0","0","0","0","0","0","0","0","0","0","0","0","0","0","0","0","0","0","0","0","0","0","30","21","4","2","32","89","0","0","0","0","0","0","0","0","0","0","0","0","0","0","0","0","0","0","0","0","0","0","0","clan-bulk-1.2","0","0","0"
"liga_klanow_2_2","👽Strażnicy Cienia👽 vs PVC CSKA Sofia 0:3","1297888","2026-09-18 19:00","Mroczna Arena","Side Out","1421","👽Strażnicy Cienia👽","","Penev, Lyubomir","1948940","6","-12","13","3","0","84.9","29","10","6","21","-14","10","8","1","2","0","10","50","5","90","16","32","0","27","47","0","0","0","0","0","0","0","6.4","","0","0","0","0","0","0","27","47","0","0","23","0","0","4","84.9","67","0","0","0","0","4","4","0","0","8","1","1","10","4","0","2","1","8","15","0","0","0","0","0","0","0","0","0","0","0","0","0","0","0","0","0","0","0","0","0","0","0","0","0","0","0","0","0","0","0","0","0","0","0","3","2","1","4","0","0","clan-bulk-1.2","0","0","0"
"liga_klanow_2_2","👽Strażnicy Cienia👽 vs PVC CSKA Sofia 0:3","1297888","2026-09-18 19:00","Mroczna Arena","Side Out","1421","👽Strażnicy Cienia👽","","Vecko, Bruno","2003333","7","6","7","0","0","74.2","15","1","5","33","27","6","2","0","4","2","33","0","0","0","0","0","2","33","47","0","0","0","0","0","0","0","20.7","","0","0","0","0","0","0","33","47","2","2","29","0","0","4","74.2","63.6","1","0","0","0","1","2","1","0","1","0","0","2","0","0","0","0","0","0","2","0","0","1","8","11","0","0","0","0","0","0","0","0","0","0","0","0","0","0","0","0","0","0","0","0","0","0","0","0","0","0","0","0","0","3","3","2","1","0","0","clan-bulk-1.2","0","0","0"
"liga_klanow_2_2","👽Strażnicy Cienia👽 vs PVC CSKA Sofia 0:3","1297888","2026-09-18 19:00","Mroczna Arena","Side Out","1421","👽Strażnicy Cienia👽","","Calhoun, Davis","1950607","6","0","6","1","0","88.5","13","5","5","38","0","17","7","0","10","4","24","0","0","0","0","0","1","10","46","0","0","0","0","0","0","0","6.1","","4","4","0","0","0","0","10","46","1","0","7","0","0","3","88.5","75.2","2","0","0","1","1","4","0","0","0","0","0","0","1","2","3","0","2","8","0","0","0","0","0","0","1","0","0","0","0","1","0","0","0","0","0","0","0","0","0","0","0","0","0","0","0","0","0","0","0","0","0","0","0","3","2","2","4","0","0","clan-bulk-1.2","0","0","0"
"liga_klanow_2_2","👽Strażnicy Cienia👽 vs PVC CSKA Sofia 0:3","1297888","2026-09-18 19:00","Mroczna Arena","Side Out","1421","👽Strażnicy Cienia👽","","Brizola, Yuri","1950856","14","4","11","2","1","85.3","23","8","9","39","4","15","7","3","8","5","53","9","0","100","5","56","4","18","35","0","0","0","0","0","0","0","29.8","","4","5","0","0","0","0","18","35","4","0","15","0","0","3","85.3","72.8","0","0","0","0","3","3","1","0","1","0","0","2","8","0","4","0","2","14","0","0","0","0","0","0","0","1","2","0","1","4","0","0","0","0","0","0","0","0","0","0","0","0","0","0","0","0","0","0","0","0","0","0","0","3","8","7","2","0","0","clan-bulk-1.2","0","0","0"
"liga_klanow_2_2","👽Strażnicy Cienia👽 vs PVC CSKA Sofia 0:3","1297888","2026-09-18 19:00","Mroczna Arena","Side Out","1421","👽Strażnicy Cienia👽","","Tormettino, Gaspare","1976036","12","10","8","1","1","74.7","12","1","9","75","67","5","1","0","4","2","40","0","0","0","0","0","2","23","35","0","0","0","0","0","0","0","38.7","","1","2","0","0","0","0","23","35","1","1","18","1","0","5","74.7","65.8","1","0","0","0","0","1","0","0","1","0","0","1","0","0","0","0","0","0","8","0","0","0","2","10","0","0","0","0","0","0","0","0","0","0","0","0","0","0","0","0","0","0","0","0","0","0","0","0","0","0","0","0","0","3","7","3","2","0","0","clan-bulk-1.2","0","0","0"
"liga_klanow_2_2","👽Strażnicy Cienia👽 vs PVC CSKA Sofia 0:3","1297888","2026-09-18 19:00","Mroczna Arena","Side Out","1421","👽Strażnicy Cienia👽","","Ivanov, Atanas","1929271","0","0","0","0","0","0","0","0","0","0","0","25","18","12","7","3","60","4","0","100","0","0","0","0","0","0","1","3","0","0","2","1","12.4","","3","4","0","0","0","0","0","0","0","0","0","0","0","0","0","0","0","0","0","0","0","0","0","0","0","0","0","0","0","0","0","0","0","0","0","0","0","0","0","0","0","0","0","0","0","0","0","1","0","1","1","3","0","0","0","0","0","0","0","0","0","0","0","0","0","0","0","0","0","0","0","0","0","0","0","clan-bulk-1.2","0","0","0"
"liga_klanow_2_2","👽Strażnicy Cienia👽 vs PVC CSKA Sofia 0:3","1297888","2026-09-18 19:00","Mroczna Arena","BRIGADIRI","1421","PVC CSKA Sofia","","Stoykov, Konstantin","1685984","3","3","6","0","0","60.3","2","0","1","50","50","10","7","2","3","2","40","0","0","0","0","0","2","26","33","25","4","48","7","23","12","6","10.4","","2","3","0","0","0","0","26","33","2","1","23","0","0","3","60.3","54.9","1","0","0","0","1","2","0","0","0","0","0","0","0","0","0","0","0","0","0","0","0","0","0","0","0","0","0","0","0","0","25","4","1","2","17","48","0","0","0","0","0","0","0","0","0","0","0","0","0","0","0","0","0","2","2","0","1","0","0","clan-bulk-1.2","0","0","0"
"liga_klanow_2_2","👽Strażnicy Cienia👽 vs PVC CSKA Sofia 0:3","1297888","2026-09-18 19:00","Mroczna Arena","BRIGADIRI","1421","PVC CSKA Sofia","","Thévenin, Stéphane","1903684","4","-7","14","6","1","58","11","3","1","9","-18","10","7","6","3","2","80","35","2","94","15","43","2","32","56","0","0","0","0","0","0","0","17.7","","2","2","0","0","0","0","32","56","2","0","31","0","0","1","58.8","55.6","1","0","1","0","4","6","0","0","0","0","0","0","0","1","0","0","2","3","0","0","0","0","0","0","0","1","0","0","1","2","0","0","0","0","0","0","0","0","0","0","0","0","0","0","0","0","0","0","0","0","0","0","0","3","6","4","2","0","0","clan-bulk-1.2","0","0","0"
"liga_klanow_2_2","👽Strażnicy Cienia👽 vs PVC CSKA Sofia 0:3","1297888","2026-09-18 19:00","Mroczna Arena","BRIGADIRI","1421","PVC CSKA Sofia","","Consonni, Paolo","1975953","16","15","10","0","1","69.4","14","1","9","64","57","3","1","0","2","0","0","0","0","0","0","0","6","37","49","0","1","1","0","0","0","1","48.9","","0","1","0","0","0","0","37","49","6","0","36","0","0","1","69.4","58.7","0","0","0","0","1","1","0","0","1","0","0","1","0","0","0","0","0","0","7","0","0","2","3","12","0","0","0","0","0","0","0","1","0","0","0","1","0","0","0","0","0","0","0","0","0","0","0","0","0","0","0","0","0","3","7","3","4","0","0","clan-bulk-1.2","0","0","0"
"liga_klanow_2_2","👽Strażnicy Cienia👽 vs PVC CSKA Sofia 0:3","1297888","2026-09-18 19:00","Mroczna Arena","BRIGADIRI","1421","PVC CSKA Sofia","","Cyrankowski, Bartosz","1745547","23","19","14","1","1","70.3","35","3","18","51","43","14","9","1","5","0","7","0","0","0","0","0","4","32","45","0","0","0","0","0","0","0","54.9","","0","1","0","0","0","0","32","45","3","1","30","1","0","2","70.3","61.3","1","0","0","0","7","8","0","0","2","0","1","3","11","0","0","0","3","14","0","0","0","0","0","0","5","0","1","1","3","10","0","0","0","0","0","0","0","0","0","0","0","0","0","0","0","0","0","0","0","0","0","0","0","3","7","10","6","0","0","clan-bulk-1.2","0","0","0"
"liga_klanow_2_2","👽Strażnicy Cienia👽 vs PVC CSKA Sofia 0:3","1297888","2026-09-18 19:00","Mroczna Arena","BRIGADIRI","1421","PVC CSKA Sofia","","Georgiev, Dimitar","1905586","7","5","8","0","0","74.1","10","2","4","40","20","13","8","6","5","4","77","7","0","100","4","57","3","19","36","0","0","0","0","0","0","0","24.8","","3","3","0","0","0","0","19","36","3","1","16","0","0","3","74.1","59.2","1","0","0","0","1","2","0","0","0","0","0","0","2","0","0","0","0","2","0","0","0","0","0","0","1","0","2","0","3","6","0","0","0","0","0","0","0","0","0","0","0","0","0","0","0","0","0","0","0","0","0","0","0","2","0","2","5","0","0","clan-bulk-1.2","0","0","0"
"liga_klanow_2_2","👽Strażnicy Cienia👽 vs PVC CSKA Sofia 0:3","1297888","2026-09-18 19:00","Mroczna Arena","BRIGADIRI","1421","PVC CSKA Sofia","","Yoshkov, Kliment","1976157","15","11","13","2","1","89.2","12","2","9","75","58","4","3","0","1","1","25","0","0","0","0","0","5","29","43","0","0","0","0","0","0","0","43","","1","1","0","0","0","0","29","43","5","0","26","0","1","3","89.2","71.8","0","0","0","0","0","0","0","0","2","0","0","2","0","0","0","0","0","0","9","0","0","0","1","10","0","0","0","0","0","0","0","0","0","0","0","0","0","0","0","0","0","0","0","0","0","0","0","0","0","0","0","0","0","3","3","6","8","0","0","clan-bulk-1.2","0","0","0"
"liga_klanow_2_2","👽Strażnicy Cienia👽 vs PVC CSKA Sofia 0:3","1297888","2026-09-18 19:00","Mroczna Arena","BRIGADIRI","1421","PVC CSKA Sofia","","Pawłowski, Henryk","2003107","0","0","0","0","0","0","0","0","0","0","0","16","11","9","5","4","81","6","0","100","3","50","0","0","0","0","1","4","0","1","1","2","12.4","","2","2","0","0","0","0","0","0","0","0","0","0","0","0","0","0","0","0","0","0","0","0","0","0","0","0","0","0","0","0","0","0","0","0","0","0","0","0","0","0","0","0","0","0","0","0","0","1","0","0","3","4","0","0","0","0","0","0","0","0","0","0","0","0","0","0","0","0","0","0","0","0","0","0","0","clan-bulk-1.2","0","0","0"
"liga_klanow_2_2","👽Strażnicy Cienia👽 vs PVC CSKA Sofia 0:3","1297888","2026-09-18 19:00","Mroczna Arena","BRIGADIRI","1421","PVC CSKA Sofia","","Crawford, Joe","1950942","1","0","8","1","1","63","0","0","0","0","0","7","4","0","3","1","14","0","0","0","0","0","0","2","14","14","3","29","4","11","13","1","2.4","","0","1","0","0","0","0","2","14","0","0","1","0","0","1","63","54","0","0","0","0","0","0","0","0","0","0","0","0","0","0","0","0","0","0","0","0","0","0","0","0","0","0","0","0","0","0","14","3","2","0","10","29","0","0","0","0","0","0","0","0","0","0","0","0","0","0","0","0","0","1","0","2","0","0","0","clan-bulk-1.2","0","0","0"
"liga_klanow_2_2","QUEERTISONEK TEAM vs VC GRAD 1:3","1297889","2026-09-18 19:00","QUEERTISONEK","Side Out","1421","QUEERTISONEK TEAM","","Celmer, Wojciech","1928937","2","1","24","1","0","58.4","0","0","0","0","0","26","20","7","6","3","38","0","0","0","0","0","2","37","77","43","20","165","27","63","49","26","11.8","{""sets"":[{""h"":23,""a"":25},{""h"":18,""a"":25},{""h"":25,""a"":22},{""h"":21,""a"":25}],""parsedSets"":[{""rallies"":[{""type"":""end"",""score"":""23 : 25"",""txt"":""Koniec seta 0 : 1""},{""type"":""end"",""score"":""23 : 25"",""txt"":""Koniec seta 0 : 1""},{""type"":""rally"",""score"":""23 : 25"",""speed"":""55.0 km/h"",""res"":""Punkt: K. Blagoev""},{""type"":""rally"",""score"":""23 : 24"",""speed"":""51.4 km/h"",""res"":""Punkt: N. Viira""},{""type"":""rally"",""score"":""22 : 24"",""speed"":""53.5 km/h"",""res"":""Punkt: T. Jareš""},{""type"":""rally"",""score"":""22 : 23"",""speed"":""56.1 km/h"",""res"":""Punkt: Ó. Espinheira""},{""type"":""rally"",""score"":""21 : 23"",""speed"":""55.4 km/h"",""res"":""Punkt: M. Piechocki""},{""type"":""rally"",""score"":""21 : 22"",""speed"":""43.8 km/h"",""res"":""Błąd: Ó. Espinheira""},{""type"":""rally"",""score"":""21 : 21"",""speed"":""60.9 km/h"",""res"":""Punkt: T. Jareš""},{""type"":""rally"",""score"":""21 : 20"",""speed"":""52.9 km/h"",""res"":""Punkt: E. Gouy""},{""type"":""rally"",""score"":""21 : 19"",""speed"":""56.0 km/h"",""res"":""Punkt: Ó. Espinheira""},{""type"":""rally"",""score"":""20 : 19"",""speed"":""49.2 km/h"",""res"":""Punkt: M. Piechocki""},{""type"":""rally"",""score"":""20 : 18"",""speed"":""45.0 km/h"",""res"":""Punkt: M. Piechocki""},{""type"":""tmo"",""score"":""20 : 17"",""txt"":""Czas: QUEERTISONEK TEAM""},{""type"":""rally"",""score"":""20 : 17"",""speed"":""64.6 km/h"",""res"":""Punkt: Ó. Espinheira""},{""type"":""rally"",""score"":""19 : 17"",""speed"":""50.7 km/h"",""res"":""Punkt: M. Piechocki""},{""type"":""rally"",""score"":""19 : 16"",""speed"":""65.5 km/h"",""res"":""Punkt: M. Piechocki""},{""type"":""chg"",""score"":""19 : 15"",""txt"":""Zmiana: P. Gilliot ⇄ U. Pessegueiro""},{""type"":""rally"",""score"":""19 : 15"",""speed"":""65.6 km/h"",""res"":""Punkt: Ó. Espinheira""},{""type"":""rally"",""score"":""18 : 15"",""speed"":""46.0 km/h"",""res"":""Punkt: R. Peake""},{""type"":""rally"",""score"":""17 : 15"",""speed"":""65.4 km/h"",""res"":""Punkt: R. Peake""},{""type"":""rally"",""score"":""16 : 15"",""speed"":""50.3 km/h"",""res"":""Punkt: E. Gouy""},{""type"":""tmo"",""score"":""16 : 14"",""txt"":""Czas: ""},{""type"":""rally"",""score"":""16 : 14"",""speed"":""68.6 km/h"",""res"":""Błąd: T. Jareš""},{""type"":""rally"",""score"":""15 : 14"",""speed"":""71.5 km/h"",""res"":""Punkt: T. Jareš""},{""type"":""rally"",""score"":""15 : 13"",""speed"":""62.9 km/h"",""res"":""Punkt: T. Jareš""},{""type"":""rally"",""score"":""15 : 12"",""speed"":""63.9 km/h"",""res"":""Błąd: N. Viira""},{""type"":""rally"",""score"":""15 : 11"",""speed"":""46.5 km/h"",""res"":""Punkt: T. Jareš""},{""type"":""rally"",""score"":""15 : 10"",""speed"":""43.9 km/h"",""res"":""Błąd: E. Gouy""},{""type"":""rally"",""score"":""14 : 10"",""speed"":""60.1 km/h"",""res"":""Punkt: T. Şeyma""},{""type"":""rally"",""score"":""13 : 10"",""speed"":""50.7 km/h"",""res"":""Punkt: É. Bravo""},{""type"":""rally"",""score"":""13 : 9"",""speed"":""52.9 km/h"",""res"":""Punkt: T. Jareš""},{""type"":""chg"",""score"":""13 : 8"",""txt"":""Zmiana: T. Şeyma ⇄ A. Rahşan""},{""type"":""chg"",""score"":""13 : 8"",""txt"":""Zmiana: �. Espinheira ⇄ K. Przewoźniak""},{""type"":""rally"",""score"":""13 : 8"",""speed"":""54.4 km/h"",""res"":""Błąd: K. Blagoev""},{""type"":""rally"",""score"":""12 : 8"",""speed"":""48.7 km/h"",""res"":""Punkt: A. Rahşan""},{""type"":""rally"",""score"":""11 : 8"",""speed"":""48.7 km/h"",""res"":""Błąd: T. Jareš""},{""type"":""rally"",""score"":""10 : 8"",""speed"":""49.7 km/h"",""res"":""Punkt: R. Peake""},{""type"":""rally"",""score"":""9 : 8"",""speed"":""58.1 km/h"",""res"":""Punkt: E. Gouy""},{""type"":""rally"",""score"":""9 : 7"",""speed"":""57.5 km/h"",""res"":""Błąd: M. Piechocki""},{""type"":""rally"",""score"":""8 : 7"",""speed"":""54.4 km/h"",""res"":""Punkt: M. Piechocki""},{""type"":""rally"",""score"":""8 : 6"",""speed"":""56.4 km/h"",""res"":""Punkt: E. Gouy""},{""type"":""rally"",""score"":""8 : 5"",""speed"":""61.5 km/h"",""res"":""Punkt: M. Piechocki""},{""type"":""rally"",""score"":""8 : 4"",""speed"":""59.0 km/h"",""res"":""Błąd: K. Przewoźniak""},{""type"":""chg"",""score"":""8 : 3"",""txt"":""Zmiana: K. Blagoev ⇄ A. Rangachev""},{""type"":""tmo"",""score"":""8 : 3"",""txt"":""Czas: ""},{""type"":""rally"",""score"":""8 : 3"",""speed"":""-"",""res"":""Błąd: A. Rangachev""},{""type"":""chg"",""score"":""7 : 3"",""txt"":""Zmiana: M. Piechocki ⇄ N. Kakavas""},{""type"":""rally"",""score"":""7 : 3"",""speed"":""61.4 km/h"",""res"":""Punkt: N. Kakavas""},{""type"":""chg"",""score"":""7 : 2"",""txt"":""Zmiana: T. Jareš ⇄ P. Chuchev""},{""type"":""rally"",""score"":""7 : 2"",""speed"":""43.0 km/h"",""res"":""Punkt: U. Pessegueiro""},{""type"":""rally"",""score"":""6 : 2"",""speed"":""51.3 km/h"",""res"":""Punkt: P. Chuchev""},{""type"":""rally"",""score"":""6 : 1"",""speed"":""51.3 km/h"",""res"":""Punkt: N. Viira""},{""type"":""rally"",""score"":""5 : 1"",""speed"":""73.1 km/h"",""res"":""Punkt: N. Viira""},{""type"":""rally"",""score"":""4 : 1"",""speed"":""56.1 km/h"",""res"":""Punkt: A. Rangachev""},{""type"":""chg"",""score"":""4 : 0"",""txt"":""Zmiana: P. Chuchev ⇄ T. Jareš""},{""type"":""tmo"",""score"":""4 : 0"",""txt"":""Czas: VC GRAD""},{""type"":""rally"",""score"":""4 : 0"",""speed"":""43.9 km/h"",""res"":""Błąd: É. Bravo""},{""type"":""rally"",""score"":""3 : 0"",""speed"":""44.1 km/h"",""res"":""Punkt: R. Peake""},{""type"":""rally"",""score"":""2 : 0"",""speed"":""42.7 km/h"",""res"":""Punkt: R. Peake""},{""type"":""tmo"",""score"":""1 : 0"",""txt"":""Czas: QUEERTISONEK TEAM""},{""type"":""rally"",""score"":""1 : 0"",""speed"":""51.9 km/h"",""res"":""Punkt: R. Peake""}]},{""rallies"":[{""type"":""end"",""score"":""18 : 25"",""txt"":""Koniec seta 0 : 2""},{""type"":""end"",""score"":""18 : 25"",""txt"":""Koniec seta 0 : 2""},{""type"":""rally"",""score"":""18 : 25"",""speed"":""49.9 km/h"",""res"":""Punkt: M. Piechocki""},{""type"":""rally"",""score"":""18 : 24"",""speed"":""47.2 km/h"",""res"":""Punkt: A. Gaidão""},{""type"":""rally"",""score"":""17 : 24"",""speed"":""54.4 km/h"",""res"":""Punkt: P. Chuchev""},{""type"":""chg"",""score"":""17 : 23"",""txt"":""Zmiana: A. Rangachev ⇄ K. Blagoev""},{""type"":""rally"",""score"":""17 : 23"",""speed"":""50.0 km/h"",""res"":""Punkt: J. Medeiros""},{""type"":""rally"",""score"":""16 : 23"",""speed"":""49.9 km/h"",""res"":""Błąd: J. Medeiros""},{""type"":""chg"",""score"":""16 : 22"",""txt"":""Zmiana: P. Chuchev ⇄ T. Jareš""},{""type"":""rally"",""score"":""16 : 22"",""speed"":""57.0 km/h"",""res"":""Punkt: R. Peake""},{""type"":""rally"",""score"":""15 : 22"",""speed"":""43.6 km/h"",""res"":""Punkt: R. Peake""},{""type"":""rally"",""score"":""14 : 22"",""speed"":""45.2 km/h"",""res"":""Punkt: T. Jareš""},{""type"":""rally"",""score"":""14 : 21"",""speed"":""49.5 km/h"",""res"":""Punkt: R. Peake""},{""type"":""rally"",""score"":""13 : 21"",""speed"":""64.0 km/h"",""res"":""Punkt: M. Piechocki""},{""type"":""tmo"",""score"":""13 : 20"",""txt"":""Czas: QUEERTISONEK TEAM""},{""type"":""rally"",""score"":""13 : 20"",""speed"":""50.4 km/h"",""res"":""Punkt: M. Piechocki""},{""type"":""rally"",""score"":""13 : 19"",""speed"":""-"",""res"":""Błąd: D. Srebrev""},{""type"":""chg"",""score"":""12 : 19"",""txt"":""Zmiana: P. Gilliot ⇄ U. Pessegueiro""},{""type"":""rally"",""score"":""12 : 19"",""speed"":""61.2 km/h"",""res"":""Punkt: M. Piechocki""},{""type"":""rally"",""score"":""12 : 18"",""speed"":""50.5 km/h"",""res"":""Punkt: M. Piechocki""},{""type"":""rally"",""score"":""12 : 17"",""speed"":""-"",""res"":""Błąd: K. Blagoev""},{""type"":""rally"",""score"":""11 : 17"",""speed"":""46.9 km/h"",""res"":""Punkt: K. Blagoev""},{""type"":""tmo"",""score"":""11 : 16"",""txt"":""Czas: ""},{""type"":""rally"",""score"":""11 : 16"",""speed"":""51.6 km/h"",""res"":""Punkt: M. Piechocki""},{""type"":""rally"",""score"":""11 : 15"",""speed"":""69.5 km/h"",""res"":""Punkt: T. Şeyma""},{""type"":""rally"",""score"":""10 : 15"",""speed"":""55.1 km/h"",""res"":""Punkt: K. Blagoev""},{""type"":""rally"",""score"":""10 : 14"",""speed"":""63.8 km/h"",""res"":""Punkt: J. Medeiros""},{""type"":""rally"",""score"":""9 : 14"",""speed"":""48.5 km/h"",""res"":""Punkt: T. Jareš""},{""type"":""rally"",""score"":""9 : 13"",""speed"":""59.7 km/h"",""res"":""Punkt: R. Peake""},{""type"":""chg"",""score"":""8 : 13"",""txt"":""Zmiana: T. Şeyma ⇄ A. Rahşan""},{""type"":""rally"",""score"":""8 : 13"",""speed"":""47.7 km/h"",""res"":""Punkt: K. Blagoev""},{""type"":""rally"",""score"":""8 : 12"",""speed"":""70.6 km/h"",""res"":""Punkt: U. Pessegueiro""},{""type"":""rally"",""score"":""7 : 12"",""speed"":""-"",""res"":""Błąd: A. Gaidão""},{""type"":""rally"",""score"":""7 : 11"",""speed"":""55.0 km/h"",""res"":""Punkt: A. Gaidão""},{""type"":""rally"",""score"":""6 : 11"",""speed"":""54.7 km/h"",""res"":""Błąd: M. Piechocki""},{""type"":""rally"",""score"":""5 : 11"",""speed"":""49.8 km/h"",""res"":""Punkt: K. Blagoev""},{""type"":""rally"",""score"":""5 : 10"",""speed"":""65.8 km/h"",""res"":""Punkt: M. Piechocki""},{""type"":""rally"",""score"":""5 : 9"",""speed"":""56.4 km/h"",""res"":""Punkt: M. Piechocki""},{""type"":""tmo"",""score"":""5 : 8"",""txt"":""Czas: ""},{""type"":""rally"",""score"":""5 : 8"",""speed"":""66.8 km/h"",""res"":""Punkt: M. Piechocki""},{""type"":""rally"",""score"":""5 : 7"",""speed"":""-"",""res"":""Błąd: K. Blagoev""},{""type"":""rally"",""score"":""4 : 7"",""speed"":""44.9 km/h"",""res"":""Punkt: M. Piechocki""},{""type"":""rally"",""score"":""4 : 6"",""speed"":""85.1 km/h"",""res"":""Punkt: A. Gaidão""},{""type"":""rally"",""score"":""3 : 6"",""speed"":""-"",""res"":""Błąd: J. Medeiros""},{""type"":""rally"",""score"":""3 : 5"",""speed"":""59.4 km/h"",""res"":""Punkt: J. Medeiros""},{""type"":""rally"",""score"":""2 : 5"",""speed"":""48.4 km/h"",""res"":""Punkt: M. Grozdanov""},{""type"":""rally"",""score"":""2 : 4"",""speed"":""57.1 km/h"",""res"":""Punkt: D. Srebrev""},{""type"":""chg"",""score"":""2 : 3"",""txt"":""Zmiana: M. Piechocki ⇄ N. Kakavas""},{""type"":""rally"",""score"":""2 : 3"",""speed"":""46.9 km/h"",""res"":""Punkt: T. Jareš""},{""type"":""rally"",""score"":""2 : 2"",""speed"":""57.6 km/h"",""res"":""Błąd: J. Medeiros""},{""type"":""rally"",""score"":""2 : 1"",""speed"":""46.4 km/h"",""res"":""Punkt: D. Srebrev""},{""type"":""chg"",""score"":""2 : 0"",""txt"":""Zmiana: K. Blagoev ⇄ A. Rangachev""},{""type"":""rally"",""score"":""2 : 0"",""speed"":""61.2 km/h"",""res"":""Punkt: J. Medeiros""},{""type"":""chg"",""score"":""1 : 0"",""txt"":""Zmiana: M. Grozdanov ⇄ E. Gouy""},{""type"":""chg"",""score"":""1 : 0"",""txt"":""Zmiana: A. Gaidão ⇄ K. Przewoźniak""},{""type"":""chg"",""score"":""1 : 0"",""txt"":""Zmiana: J. Medeiros ⇄ N. Viira""},{""type"":""tmo"",""score"":""1 : 0"",""txt"":""Czas: QUEERTISONEK TEAM""},{""type"":""rally"",""score"":""1 : 0"",""speed"":""59.0 km/h"",""res"":""Punkt: N. Viira""}]},{""rallies"":[{""type"":""end"",""score"":""25 : 22"",""txt"":""Koniec seta 1 : 2""},{""type"":""end"",""score"":""25 : 22"",""txt"":""Koniec seta 1 : 2""},{""type"":""rally"",""score"":""25 : 22"",""speed"":""52.2 km/h"",""res"":""Punkt: R. Peake""},{""type"":""rally"",""score"":""24 : 22"",""speed"":""52.2 km/h"",""res"":""Punkt: K. Blagoev""},{""type"":""rally"",""score"":""24 : 21"",""speed"":""58.4 km/h"",""res"":""Punkt: N. Viira""},{""type"":""rally"",""score"":""23 : 21"",""speed"":""45.7 km/h"",""res"":""Punkt: N. Viira""},{""type"":""rally"",""score"":""22 : 21"",""speed"":""48.5 km/h"",""res"":""Punkt: R. Peake""},{""type"":""rally"",""score"":""21 : 21"",""speed"":""48.1 km/h"",""res"":""Punkt: É. Bravo""},{""type"":""rally"",""score"":""21 : 20"",""speed"":""48.3 km/h"",""res"":""Punkt: D. Srebrev""},{""type"":""rally"",""score"":""21 : 19"",""speed"":""59.5 km/h"",""res"":""Punkt: R. Peake""},{""type"":""rally"",""score"":""20 : 19"",""speed"":""67.1 km/h"",""res"":""Punkt: P. Chuchev""},{""type"":""rally"",""score"":""20 : 18"",""speed"":""66.4 km/h"",""res"":""Błąd: Ó. Espinheira""},{""type"":""tmo"",""score"":""20 : 17"",""txt"":""Czas: VC GRAD""},{""type"":""rally"",""score"":""20 : 17"",""speed"":""42.2 km/h"",""res"":""Punkt: M. Piechocki""},{""type"":""tmo"",""score"":""20 : 16"",""txt"":""Czas: QUEERTISONEK TEAM""},{""type"":""rally"",""score"":""20 : 16"",""speed"":""50.0 km/h"",""res"":""Punkt: Ó. Espinheira""},{""type"":""rally"",""score"":""19 : 16"",""speed"":""55.2 km/h"",""res"":""Błąd: P. Gilliot""},{""type"":""chg"",""score"":""19 : 15"",""txt"":""Zmiana: K. Blagoev ⇄ A. Rangachev""},{""type"":""chg"",""score"":""19 : 15"",""txt"":""Zmiana: P. Gilliot ⇄ U. Pessegueiro""},{""type"":""rally"",""score"":""19 : 15"",""speed"":""60.1 km/h"",""res"":""Punkt: R. Peake""},{""type"":""rally"",""score"":""18 : 15"",""speed"":""55.1 km/h"",""res"":""Punkt: U. Pessegueiro""},{""type"":""rally"",""score"":""17 : 15"",""speed"":""76.9 km/h"",""res"":""Punkt: M. Piechocki""},{""type"":""rally"",""score"":""17 : 14"",""speed"":""67.9 km/h"",""res"":""Punkt: M. Piechocki""},{""type"":""rally"",""score"":""17 : 13"",""speed"":""-"",""res"":""Błąd: P. Chuchev""},{""type"":""rally"",""score"":""16 : 13"",""speed"":""-"",""res"":""Błąd: T. Şeyma""},{""type"":""chg"",""score"":""16 : 12"",""txt"":""Zmiana: D. Srebrev ⇄ M. Grozdanov""},{""type"":""tmo"",""score"":""16 : 12"",""txt"":""Czas: ""},{""type"":""rally"",""score"":""16 : 12"",""speed"":""53.6 km/h"",""res"":""Punkt: T. Şeyma""},{""type"":""rally"",""score"":""15 : 12"",""speed"":""43.6 km/h"",""res"":""Punkt: N. Viira""},{""type"":""rally"",""score"":""14 : 12"",""speed"":""52.7 km/h"",""res"":""Punkt: P. Chuchev""},{""type"":""rally"",""score"":""14 : 11"",""speed"":""55.9 km/h"",""res"":""Punkt: N. Viira""},{""type"":""chg"",""score"":""13 : 11"",""txt"":""Zmiana: T. Şeyma ⇄ A. Rahşan""},{""type"":""chg"",""score"":""13 : 11"",""txt"":""Zmiana: �. Espinheira ⇄ K. Przewoźniak""},{""type"":""rally"",""score"":""13 : 11"",""speed"":""44.6 km/h"",""res"":""Punkt: R. Peake""},{""type"":""rally"",""score"":""12 : 11"",""speed"":""-"",""res"":""Błąd: É. Bravo""},{""type"":""rally"",""score"":""11 : 11"",""speed"":""49.7 km/h"",""res"":""Punkt: A. Rangachev""},{""type"":""rally"",""score"":""11 : 10"",""speed"":""50.0 km/h"",""res"":""Punkt: A. Gerasimov""},{""type"":""rally"",""score"":""11 : 9"",""speed"":""56.3 km/h"",""res"":""Punkt: R. Peake""},{""type"":""rally"",""score"":""10 : 9"",""speed"":""48.4 km/h"",""res"":""Punkt: É. Bravo""},{""type"":""rally"",""score"":""10 : 8"",""speed"":""47.4 km/h"",""res"":""Punkt: A. Rangachev""},{""type"":""rally"",""score"":""10 : 7"",""speed"":""57.6 km/h"",""res"":""Błąd: R. Peake""},{""type"":""chg"",""score"":""10 : 6"",""txt"":""Zmiana: P. Chuchev ⇄ T. Jareš""},{""type"":""tmo"",""score"":""10 : 6"",""txt"":""Czas: VC GRAD""},{""type"":""rally"",""score"":""10 : 6"",""speed"":""60.0 km/h"",""res"":""Punkt: K. Przewoźniak""},{""type"":""rally"",""score"":""9 : 6"",""speed"":""48.8 km/h"",""res"":""Punkt: K. Przewoźniak""},{""type"":""tmo"",""score"":""8 : 6"",""txt"":""Czas: ""},{""type"":""rally"",""score"":""8 : 6"",""speed"":""57.3 km/h"",""res"":""Punkt: K. Przewoźniak""},{""type"":""rally"",""score"":""7 : 6"",""speed"":""57.2 km/h"",""res"":""Punkt: R. Peake""},{""type"":""rally"",""score"":""6 : 6"",""speed"":""56.3 km/h"",""res"":""Punkt: M. Piechocki""},{""type"":""rally"",""score"":""6 : 5"",""speed"":""47.3 km/h"",""res"":""Punkt: W. Celmer""},{""type"":""rally"",""score"":""5 : 5"",""speed"":""61.2 km/h"",""res"":""Punkt: K. Przewoźniak""},{""type"":""rally"",""score"":""4 : 5"",""speed"":""57.5 km/h"",""res"":""Punkt: K. Przewoźniak""},{""type"":""chg"",""score"":""3 : 5"",""txt"":""Zmiana: A. Gerasimov ⇄ E. Gouy""},{""type"":""rally"",""score"":""3 : 5"",""speed"":""60.8 km/h"",""res"":""Punkt: M. Piechocki""},{""type"":""rally"",""score"":""3 : 4"",""speed"":""54.9 km/h"",""res"":""Punkt: M. Piechocki""},{""type"":""rally"",""score"":""3 : 3"",""speed"":""53.4 km/h"",""res"":""Punkt: N. Viira""},{""type"":""chg"",""score"":""2 : 3"",""txt"":""Zmiana: M. Piechocki ⇄ N. Kakavas""},{""type"":""rally"",""score"":""2 : 3"",""speed"":""44.8 km/h"",""res"":""Punkt: T. Jareš""},{""type"":""rally"",""score"":""2 : 2"",""speed"":""57.6 km/h"",""res"":""Punkt: N. Viira""},{""type"":""rally"",""score"":""1 : 2"",""speed"":""63.3 km/h"",""res"":""Punkt: T. Jareš""},{""type"":""rally"",""score"":""1 : 1"",""speed"":""53.1 km/h"",""res"":""Punkt: T. Jareš""},{""type"":""chg"",""score"":""1 : 0"",""txt"":""Zmiana: M. Grozdanov ⇄ D. Srebrev""},{""type"":""tmo"",""score"":""1 : 0"",""txt"":""Czas: QUEERTISONEK TEAM""},{""type"":""rally"",""score"":""1 : 0"",""speed"":""55.0 km/h"",""res"":""Punkt: N. Viira""}]},{""rallies"":[{""type"":""end"",""score"":""21 : 25"",""txt"":""Koniec seta 1 : 3""},{""type"":""end"",""score"":""21 : 25"",""txt"":""Koniec seta 1 : 3""},{""type"":""rally"",""score"":""21 : 25"",""speed"":""47.6 km/h"",""res"":""Punkt: P. Chuchev""},{""type"":""rally"",""score"":""21 : 24"",""speed"":""51.2 km/h"",""res"":""Punkt: E. Gouy""},{""type"":""chg"",""score"":""21 : 23"",""txt"":""Zmiana: P. Chuchev ⇄ T. Jareš""},{""type"":""rally"",""score"":""21 : 23"",""speed"":""55.1 km/h"",""res"":""Punkt: R. Peake""},{""type"":""rally"",""score"":""20 : 23"",""speed"":""66.9 km/h"",""res"":""Punkt: N. Viira""},{""type"":""rally"",""score"":""19 : 23"",""speed"":""47.9 km/h"",""res"":""Punkt: M. Piechocki""},{""type"":""rally"",""score"":""19 : 22"",""speed"":""62.2 km/h"",""res"":""Punkt: Ó. Espinheira""},{""type"":""rally"",""score"":""18 : 22"",""speed"":""43.2 km/h"",""res"":""Punkt: E. Gouy""},{""type"":""rally"",""score"":""18 : 21"",""speed"":""60.7 km/h"",""res"":""Punkt: M. Piechocki""},{""type"":""tmo"",""score"":""18 : 20"",""txt"":""Czas: QUEERTISONEK TEAM""},{""type"":""rally"",""score"":""18 : 20"",""speed"":""51.8 km/h"",""res"":""Błąd: R. Peake""},{""type"":""rally"",""score"":""18 : 19"",""speed"":""50.7 km/h"",""res"":""Punkt: W. Celmer""},{""type"":""chg"",""score"":""17 : 19"",""txt"":""Zmiana: P. Gilliot ⇄ U. Pessegueiro""},{""type"":""rally"",""score"":""17 : 19"",""speed"":""53.3 km/h"",""res"":""Punkt: M. Piechocki""},{""type"":""rally"",""score"":""17 : 18"",""speed"":""63.1 km/h"",""res"":""Punkt: E. Gouy""},{""type"":""rally"",""score"":""17 : 17"",""speed"":""75.2 km/h"",""res"":""Punkt: U. Pessegueiro""},{""type"":""rally"",""score"":""16 : 17"",""speed"":""54.9 km/h"",""res"":""Punkt: T. Jareš""},{""type"":""rally"",""score"":""16 : 16"",""speed"":""53.7 km/h"",""res"":""Punkt: R. Peake""},{""type"":""rally"",""score"":""15 : 16"",""speed"":""57.7 km/h"",""res"":""Punkt: N. Viira""},{""type"":""tmo"",""score"":""14 : 16"",""txt"":""Czas: ""},{""type"":""rally"",""score"":""14 : 16"",""speed"":""59.2 km/h"",""res"":""Punkt: T. Jareš""},{""type"":""rally"",""score"":""14 : 15"",""speed"":""58.7 km/h"",""res"":""Błąd: N. Viira""},{""type"":""rally"",""score"":""14 : 14"",""speed"":""48.4 km/h"",""res"":""Punkt: T. Jareš""},{""type"":""rally"",""score"":""14 : 13"",""speed"":""53.4 km/h"",""res"":""Punkt: T. Jareš""},{""type"":""rally"",""score"":""14 : 12"",""speed"":""46.8 km/h"",""res"":""Punkt: N. Viira""},{""type"":""rally"",""score"":""13 : 12"",""speed"":""45.7 km/h"",""res"":""Punkt: T. Jareš""},{""type"":""rally"",""score"":""13 : 11"",""speed"":""-"",""res"":""Błąd: W. Celmer""},{""type"":""chg"",""score"":""13 : 10"",""txt"":""Zmiana: T. Şeyma ⇄ A. Rahşan""},{""type"":""chg"",""score"":""13 : 10"",""txt"":""Zmiana: �. Espinheira ⇄ K. Przewoźniak""},{""type"":""tmo"",""score"":""13 : 10"",""txt"":""Czas: VC GRAD""},{""type"":""rally"",""score"":""13 : 10"",""speed"":""45.8 km/h"",""res"":""Punkt: R. Peake""},{""type"":""rally"",""score"":""12 : 10"",""speed"":""55.0 km/h"",""res"":""Punkt: R. Peake""},{""type"":""rally"",""score"":""11 : 10"",""speed"":""47.0 km/h"",""res"":""Punkt: N. Viira""},{""type"":""rally"",""score"":""10 : 10"",""speed"":""65.2 km/h"",""res"":""Punkt: N. Viira""},{""type"":""chg"",""score"":""9 : 10"",""txt"":""Zmiana: E. Gouy ⇄ A. Gerasimov""},{""type"":""rally"",""score"":""9 : 10"",""speed"":""55.9 km/h"",""res"":""Punkt: M. Piechocki""},{""type"":""rally"",""score"":""9 : 9"",""speed"":""48.6 km/h"",""res"":""Błąd: A. Gerasimov""},{""type"":""rally"",""score"":""8 : 9"",""speed"":""47.2 km/h"",""res"":""Punkt: K. Blagoev""},{""type"":""rally"",""score"":""8 : 8"",""speed"":""62.0 km/h"",""res"":""Punkt: K. Przewoźniak""},{""type"":""rally"",""score"":""7 : 8"",""speed"":""61.8 km/h"",""res"":""Punkt: A. Rahşan""},{""type"":""rally"",""score"":""6 : 8"",""speed"":""63.2 km/h"",""res"":""Punkt: R. Peake""},{""type"":""tmo"",""score"":""5 : 8"",""txt"":""Czas: ""},{""type"":""rally"",""score"":""5 : 8"",""speed"":""-"",""res"":""Błąd: R. Peake""},{""type"":""rally"",""score"":""5 : 7"",""speed"":""90.0 km/h"",""res"":""Punkt: K. Przewoźniak""},{""type"":""rally"",""score"":""4 : 7"",""speed"":""87.9 km/h"",""res"":""Punkt: T. Jareš""},{""type"":""rally"",""score"":""4 : 6"",""speed"":""82.4 km/h"",""res"":""Punkt: M. Piechocki""},{""type"":""chg"",""score"":""4 : 5"",""txt"":""Zmiana: A. Gerasimov ⇄ E. Gouy""},{""type"":""rally"",""score"":""4 : 5"",""speed"":""51.7 km/h"",""res"":""Punkt: M. Piechocki""},{""type"":""rally"",""score"":""4 : 4"",""speed"":""49.5 km/h"",""res"":""Punkt: T. Jareš""},{""type"":""rally"",""score"":""4 : 3"",""speed"":""62.7 km/h"",""res"":""Punkt: K. Przewoźniak""},{""type"":""rally"",""score"":""3 : 3"",""speed"":""-"",""res"":""Błąd: E. Gouy""},{""type"":""chg"",""score"":""2 : 3"",""txt"":""Zmiana: M. Piechocki ⇄ N. Kakavas""},{""type"":""rally"",""score"":""2 : 3"",""speed"":""55.2 km/h"",""res"":""Punkt: T. Jareš""},{""type"":""rally"",""score"":""2 : 2"",""speed"":""47.3 km/h"",""res"":""Punkt: T. Jareš""},{""type"":""chg"",""score"":""2 : 1"",""txt"":""Zmiana: K. Blagoev ⇄ A. Rangachev""},{""type"":""rally"",""score"":""2 : 1"",""speed"":""55.8 km/h"",""res"":""Punkt: U. Pessegueiro""},{""type"":""rally"",""score"":""1 : 1"",""speed"":""46.8 km/h"",""res"":""Punkt: R. Peake""},{""type"":""tmo"",""score"":""0 : 1"",""txt"":""Czas: QUEERTISONEK TEAM""},{""type"":""rally"",""score"":""0 : 1"",""speed"":""55.2 km/h"",""res"":""Błąd: R. Peake""}]}]}","3","3","0","0","0","0","37","77","2","0","36","0","0","1","58.4","49.9","0","0","0","0","0","0","0","0","0","0","0","0","0","0","0","0","0","0","0","0","0","0","0","0","0","0","0","0","0","0","43","20","1","10","91","165","0","0","0","0","0","7","0","0","0","0","0","3","0","0","0","0","0","2","0","0","1","2","0","clan-bulk-1.2","0","0","0"
"liga_klanow_2_2","QUEERTISONEK TEAM vs VC GRAD 1:3","1297889","2026-09-18 19:00","QUEERTISONEK","Side Out","1421","QUEERTISONEK TEAM","","Rahşan, Alptekin","1864963","2","2","7","0","0","61.2","3","0","0","0","0","15","9","5","6","3","53","22","0","100","5","23","2","30","49","0","0","0","0","0","0","0","22","","3","5","0","0","0","0","30","49","2","2","29","0","0","1","61.2","51.2","0","0","0","0","1","1","0","0","0","0","0","0","0","0","0","0","1","1","0","0","0","0","0","0","0","0","0","0","1","1","0","0","0","0","0","0","5","9","5","3","22","5","0","0","0","0","0","3","0","0","0","0","0","2","1","0","0","1","0","clan-bulk-1.2","0","0","0"
"liga_klanow_2_2","QUEERTISONEK TEAM vs VC GRAD 1:3","1297889","2026-09-18 19:00","QUEERTISONEK","Side Out","1421","QUEERTISONEK TEAM","","Viira, Nazar","2059879","17","12","10","0","0","67.9","36","5","14","39","25","2","2","0","0","0","0","0","0","0","0","0","3","51","78","0","1","2","0","0","1","1","34.5","","0","0","0","0","0","0","51","78","3","0","51","0","0","0","67.9","58.2","2","0","0","0","5","7","0","0","1","1","0","2","0","0","0","0","0","0","11","2","2","0","12","27","0","0","0","0","0","0","0","1","0","0","1","2","0","0","0","0","0","0","0","0","0","0","0","0","0","0","0","0","0","4","4","1","7","6","0","clan-bulk-1.2","0","0","0"
"liga_klanow_2_2","QUEERTISONEK TEAM vs VC GRAD 1:3","1297889","2026-09-18 19:00","QUEERTISONEK","Side Out","1421","QUEERTISONEK TEAM","","Peake, Robert","1929221","23","14","12","1","0","63.1","65","8","13","20","8","22","15","9","7","5","64","0","0","0","0","0","10","65","104","0","0","0","0","0","0","0","53.8","","5","5","0","0","0","0","65","104","10","2","65","0","0","0","63.1","54","4","0","0","0","11","15","0","0","3","0","2","5","4","1","0","0","18","23","0","0","0","0","0","0","5","2","2","0","13","22","0","0","0","0","0","0","0","0","0","0","0","9","0","0","0","0","0","5","0","0","0","0","0","4","6","4","8","9","0","clan-bulk-1.2","0","0","0"
"liga_klanow_2_2","QUEERTISONEK TEAM vs VC GRAD 1:3","1297889","2026-09-18 19:00","QUEERTISONEK","Side Out","1421","QUEERTISONEK TEAM","","Pessegueiro, Urbino","1929350","5","2","10","0","0","66.8","13","2","2","15","0","26","16","13","10","2","58","26","1","96","6","23","3","32","70","0","0","0","0","0","0","0","31.6","","2","4","0","0","0","0","32","70","3","0","31","0","0","1","66.8","57","0","0","0","0","2","2","0","0","0","0","0","0","1","0","1","0","3","5","0","0","0","0","0","0","1","0","1","0","4","6","0","0","0","0","0","0","5","7","11","2","25","13","0","0","0","0","0","2","0","0","0","0","0","4","1","1","1","2","0","clan-bulk-1.2","0","0","0"
"liga_klanow_2_2","QUEERTISONEK TEAM vs VC GRAD 1:3","1297889","2026-09-18 19:00","QUEERTISONEK","Side Out","1421","QUEERTISONEK TEAM","","Przewoźniak, Kamil","2060515","8","4","5","0","0","55.9","20","4","6","30","10","3","2","0","1","1","33","0","0","0","0","0","2","30","41","0","0","0","0","0","0","0","14.4","","1","1","0","0","0","0","30","41","2","0","29","0","0","1","55.9","51.5","2","0","1","0","3","6","1","0","0","0","0","1","0","0","0","0","0","0","3","1","2","0","7","13","0","0","0","0","0","0","0","0","0","0","0","0","0","0","0","0","0","0","0","0","0","0","0","1","0","0","0","0","0","3","1","0","5","3","0","clan-bulk-1.2","0","0","0"
"liga_klanow_2_2","QUEERTISONEK TEAM vs VC GRAD 1:3","1297889","2026-09-18 19:00","QUEERTISONEK","Side Out","1421","QUEERTISONEK TEAM","","Kotlarski, Krzysztof","1928995","0","-1","0","0","0","0","0","0","0","0","0","46","33","21","13","11","70","7","1","86","3","43","0","0","0","1","1","7","0","1","1","5","22.8","","11","12","0","0","0","0","0","0","0","0","0","0","0","0","0","0","0","0","0","0","0","0","0","0","0","0","0","0","0","0","0","0","0","0","0","0","0","0","0","0","0","0","0","0","0","0","1","1","0","1","4","7","2","3","1","0","6","21","0","0","0","0","0","11","0","0","0","0","0","0","0","0","0","0","0","clan-bulk-1.2","0","0","0"
"liga_klanow_2_2","QUEERTISONEK TEAM vs VC GRAD 1:3","1297889","2026-09-18 19:00","QUEERTISONEK","Side Out","1421","QUEERTISONEK TEAM","","Şeyma, Turhan","1929351","3","-2","7","1","1","57","6","2","2","33","0","13","8","6","5","1","54","25","2","92","7","28","0","18","45","0","0","0","0","0","0","0","16.2","","1","1","0","0","0","0","18","45","0","0","18","0","0","0","57","52.1","2","0","0","0","0","2","0","0","0","0","0","0","0","0","2","0","0","2","0","0","0","0","0","0","0","0","0","0","2","2","0","0","0","0","0","0","3","14","3","3","23","6","0","0","0","0","0","1","0","0","0","0","0","3","1","1","2","0","0","clan-bulk-1.2","0","0","0"
"liga_klanow_2_2","QUEERTISONEK TEAM vs VC GRAD 1:3","1297889","2026-09-18 19:00","QUEERTISONEK","Side Out","1421","QUEERTISONEK TEAM","","Medeiros, João","2060670","4","-1","3","1","0","55.1","8","4","2","25","-25","1","0","0","1","0","0","0","0","0","0","0","2","13","21","0","1","1","0","0","0","1","3","","0","1","0","0","0","0","13","21","2","0","13","0","0","0","55.1","54.8","0","0","0","0","2","2","0","0","1","0","0","1","0","0","0","0","0","0","2","2","1","0","0","5","0","0","0","0","0","0","0","1","0","0","0","1","0","0","0","0","0","0","0","0","0","0","0","0","0","0","0","0","0","1","0","7","0","0","0","clan-bulk-1.2","0","0","0"
"liga_klanow_2_2","QUEERTISONEK TEAM vs VC GRAD 1:3","1297889","2026-09-18 19:00","QUEERTISONEK","Side Out","1421","QUEERTISONEK TEAM","","Gilliot, Philippe","2113376","0","-2","3","0","0","52.9","1","1","0","0","-100","7","4","2","3","1","43","9","1","89","0","0","0","7","17","0","0","0","0","0","0","0","1.7","","1","1","0","0","0","0","7","17","0","0","7","0","0","0","52.9","49","0","0","0","0","0","0","0","0","0","0","0","0","0","1","0","0","0","1","0","0","0","0","0","0","0","0","0","0","0","0","0","0","0","0","0","0","1","1","4","2","8","2","0","0","0","0","0","1","0","0","0","0","0","1","0","0","1","0","0","clan-bulk-1.2","0","0","0"
"liga_klanow_2_2","QUEERTISONEK TEAM vs VC GRAD 1:3","1297889","2026-09-18 19:00","QUEERTISONEK","Side Out","1421","QUEERTISONEK TEAM","","Espinheira, Óscar","2060700","6","1","4","0","0","0","13","5","4","31","-8","4","2","0","2","0","0","0","0","0","0","0","2","13","23","0","0","0","0","0","0","0","4.9","","0","0","0","0","0","0","13","23","2","0","10","0","0","3","53.5","50.7","2","1","1","0","0","4","0","0","1","0","0","1","0","0","0","0","0","0","2","1","1","0","4","8","0","0","0","0","0","0","0","0","0","0","0","0","0","0","0","0","0","0","0","0","0","0","0","0","0","0","0","0","0","3","5","0","2","1","0","clan-bulk-1.2","0","0","0"
"liga_klanow_2_2","QUEERTISONEK TEAM vs VC GRAD 1:3","1297889","2026-09-18 19:00","QUEERTISONEK","Side Out","1421","QUEERTISONEK TEAM","","Gaidão, Apolo","2112080","3","-1","3","1","1","50.4","10","3","2","20","-10","2","0","0","2","1","50","0","0","0","0","0","0","3","18","0","0","0","0","0","0","0","1.9","","1","1","0","0","0","0","3","18","0","0","3","0","0","0","55","52.7","1","0","0","0","2","3","0","0","1","0","0","1","0","0","0","0","0","0","1","0","2","0","3","6","0","0","0","0","0","0","0","0","0","0","0","0","0","0","0","0","0","0","0","0","0","0","0","1","0","0","0","0","0","1","0","4","0","0","0","clan-bulk-1.2","0","0","0"
"liga_klanow_2_2","QUEERTISONEK TEAM vs VC GRAD 1:3","1297889","2026-09-18 19:00","QUEERTISONEK","BRIGADIRI","1421","VC GRAD","","Bravo, Éder","1725281","3","2","15","1","2","0","1","0","0","0","0","22","9","6","13","6","55","0","0","0","0","0","1","27","82","51","22","169","26","55","49","39","15.2","","6","8","0","0","0","0","27","82","1","0","26","0","0","1","60.1","50.9","0","0","0","0","1","1","0","0","0","0","0","0","0","0","0","0","0","0","0","0","0","0","0","0","0","0","0","0","0","0","51","22","4","7","85","169","0","0","0","0","0","0","0","0","0","0","0","0","0","0","0","0","0","2","2","0","3","0","0","clan-bulk-1.2","0","0","0"
"liga_klanow_2_2","QUEERTISONEK TEAM vs VC GRAD 1:3","1297889","2026-09-18 19:00","QUEERTISONEK","BRIGADIRI","1421","VC GRAD","","Gouy, Eugène","2087380","7","3","13","1","0","73.1","15","3","4","27","7","14","11","11","3","2","93","21","0","100","5","24","3","22","46","0","0","0","0","0","0","0","32.9","","1","1","0","0","0","0","22","46","3","0","19","0","0","3","73.1","61.7","1","0","0","0","1","2","0","0","1","0","0","1","1","1","0","0","4","6","0","0","0","0","0","0","2","0","1","0","3","6","0","0","0","0","0","0","0","0","0","0","0","0","0","0","0","0","0","0","0","0","0","0","0","2","5","0","0","4","0","clan-bulk-1.2","0","0","0"
"liga_klanow_2_2","QUEERTISONEK TEAM vs VC GRAD 1:3","1297889","2026-09-18 19:00","QUEERTISONEK","BRIGADIRI","1421","VC GRAD","","Jareš, Tibor","1724889","24","11","9","0","1","90","49","13","18","37","10","8","3","2","5","0","25","0","0","0","0","0","5","43","62","0","0","1","0","0","1","0","38.1","","0","3","0","0","0","0","43","62","5","0","35","0","1","8","90","73.4","0","0","1","0","5","6","0","0","3","0","1","4","0","0","0","0","0","0","15","2","7","3","12","39","0","0","0","0","0","0","0","0","0","0","1","1","0","0","0","0","0","0","0","0","0","0","0","0","0","0","0","0","0","4","8","3","3","9","0","clan-bulk-1.2","0","0","0"
"liga_klanow_2_2","QUEERTISONEK TEAM vs VC GRAD 1:3","1297889","2026-09-18 19:00","QUEERTISONEK","BRIGADIRI","1421","VC GRAD","","Rangachev, Andrey","2032102","3","2","5","1","0","76.9","10","0","2","20","20","9","4","2","5","0","22","0","0","0","0","0","1","17","34","0","0","0","0","0","0","0","7.6","","0","1","0","0","0","0","17","34","1","0","13","0","0","4","76.9","62.6","1","0","0","0","4","5","0","0","0","0","1","1","0","0","0","0","2","2","0","0","0","0","0","0","1","0","0","0","1","2","0","0","0","0","0","0","0","0","0","0","0","0","0","0","0","0","0","0","0","0","0","0","0","2","2","0","2","0","0","clan-bulk-1.2","0","0","0"
"liga_klanow_2_2","QUEERTISONEK TEAM vs VC GRAD 1:3","1297889","2026-09-18 19:00","QUEERTISONEK","BRIGADIRI","1421","VC GRAD","","Srebrev, Delyan","2002661","4","2","17","1","0","65.8","9","0","3","33","33","18","8","6","10","2","44","28","1","96","6","21","1","28","67","0","0","0","0","0","0","0","24.8","","2","5","0","0","0","0","28","67","0","0","24","1","0","4","65.8","55.5","0","0","0","0","3","3","0","0","0","0","0","0","1","0","0","0","1","2","0","0","0","0","0","0","2","0","0","0","2","4","0","0","0","0","0","0","0","0","0","0","0","0","0","0","0","0","0","0","0","0","0","0","0","2","0","3","1","0","0","clan-bulk-1.2","0","0","0"
"liga_klanow_2_2","QUEERTISONEK TEAM vs VC GRAD 1:3","1297889","2026-09-18 19:00","QUEERTISONEK","BRIGADIRI","1421","VC GRAD","","Kakavas, Nikos","2113430","1","0","0","0","0","0","3","1","1","33","0","0","0","0","0","0","0","0","0","0","0","0","0","2","2","0","0","0","0","0","0","0","0.5","","0","0","0","0","0","0","2","2","0","0","2","0","0","0","0","0","0","0","1","0","0","1","0","0","0","0","0","0","0","0","0","0","0","0","1","0","0","0","1","2","0","0","0","0","0","0","0","0","0","0","0","0","0","0","0","0","0","0","0","0","0","0","0","0","0","0","0","0","0","0","1","0","0","0","0","clan-bulk-1.2","0","0","0"
"liga_klanow_2_2","QUEERTISONEK TEAM vs VC GRAD 1:3","1297889","2026-09-18 19:00","QUEERTISONEK","BRIGADIRI","1421","VC GRAD","","Dochkov, Kiril","1928347","0","0","0","0","0","0","0","0","0","0","0","59","37","25","22","16","69","8","0","100","3","38","0","0","0","3","3","10","0","1","4","5","30.8","","14","16","0","0","0","0","0","0","0","0","0","0","0","0","0","0","0","0","0","0","0","0","0","0","0","0","0","0","0","0","0","0","0","0","0","0","0","0","0","0","0","0","0","0","0","0","3","3","0","0","4","10","0","0","0","0","0","0","0","0","0","0","0","0","0","0","0","0","0","0","0","0","0","0","0","clan-bulk-1.2","0","0","0"
"liga_klanow_2_2","QUEERTISONEK TEAM vs VC GRAD 1:3","1297889","2026-09-18 19:00","QUEERTISONEK","BRIGADIRI","1421","VC GRAD","","Blagoev, Konstantin","1864161","7","3","8","2","0","64.6","14","2","5","36","21","23","17","12","6","3","65","0","0","0","0","0","2","18","59","0","0","0","0","0","0","0","26","","2","3","0","0","0","0","18","59","2","0","16","0","0","2","64.6","54.9","1","1","0","0","1","3","1","0","1","0","1","3","1","0","0","0","1","2","0","0","0","0","0","0","2","0","0","0","4","6","0","0","0","0","0","0","0","0","0","0","0","0","0","0","0","0","0","0","0","0","0","0","0","4","2","6","1","1","0","clan-bulk-1.2","0","0","0"
"liga_klanow_2_2","QUEERTISONEK TEAM vs VC GRAD 1:3","1297889","2026-09-18 19:00","QUEERTISONEK","BRIGADIRI","1421","VC GRAD","","Piechocki, Mateusz","1864582","30","23","16","0","2","70.6","48","7","19","40","25","7","4","0","3","1","14","0","0","0","0","0","9","58","77","0","0","0","0","0","0","0","65.9","","0","1","0","0","0","0","58","77","9","0","55","0","0","3","70.6","57.9","1","0","0","0","4","5","1","0","0","0","0","1","0","0","0","0","0","0","16","2","5","1","18","42","0","0","0","0","0","0","0","0","0","0","0","0","0","0","0","0","0","0","0","0","0","0","0","0","0","0","0","0","0","4","8","11","6","6","0","clan-bulk-1.2","0","0","0"
"liga_klanow_2_2","QUEERTISONEK TEAM vs VC GRAD 1:3","1297889","2026-09-18 19:00","QUEERTISONEK","BRIGADIRI","1421","VC GRAD","","Chuchev, Pavlin","2088651","5","3","3","1","0","47.2","14","1","4","29","21","0","0","0","0","0","0","0","0","0","0","0","1","21","34","0","1","1","0","0","0","1","12.7","","0","0","0","0","0","0","21","34","1","0","18","0","0","3","47.2","45.1","1","0","1","0","4","6","0","0","0","0","0","0","0","0","0","0","0","0","3","0","0","0","5","8","0","0","0","0","0","0","0","1","0","0","0","1","0","0","0","0","0","0","0","0","0","0","0","0","0","0","0","0","0","4","1","1","3","1","0","clan-bulk-1.2","0","0","0"
"liga_klanow_2_2","QUEERTISONEK TEAM vs VC GRAD 1:3","1297889","2026-09-18 19:00","QUEERTISONEK","BRIGADIRI","1421","VC GRAD","","Grozdanov, Marin","2087379","1","-2","8","0","0","63.8","7","2","1","14","-14","8","5","4","3","1","63","16","1","94","8","50","0","13","29","0","0","0","0","0","0","0","9.8","","1","1","0","0","0","0","13","29","0","0","12","0","0","1","63.8","55.1","1","0","0","0","3","4","0","0","2","0","0","2","0","0","0","0","0","0","0","0","0","0","0","0","0","0","0","0","1","1","0","0","0","0","0","0","0","0","0","0","0","0","0","0","0","0","0","0","0","0","0","0","0","1","0","1","0","0","0","clan-bulk-1.2","0","0","0"
"liga_klanow_2_2","QUEERTISONEK TEAM vs VC GRAD 1:3","1297889","2026-09-18 19:00","QUEERTISONEK","BRIGADIRI","1421","VC GRAD","","Gerasimov, Angel","2087378","1","-3","2","0","0","52.2","12","4","1","8","-25","4","3","2","1","0","50","10","0","100","2","20","0","16","33","0","0","0","0","0","0","0","-2.6","","0","0","0","0","0","0","16","33","0","0","15","0","0","1","52.2","47.9","0","0","1","0","2","3","0","0","1","0","0","1","1","1","0","0","5","7","0","0","0","0","0","0","0","0","1","0","0","1","0","0","0","0","0","0","0","0","0","0","0","0","0","0","0","0","0","0","0","0","0","0","0","2","0","0","1","1","0","clan-bulk-1.2","0","0","0"
"liga_klanow_2_2","Victoria Dobra vs VC Bourgas 3:0","1297890","2026-09-18 19:00","Dobrzynianka","Side Out","1421","Victoria Dobra","","Kolski, Bakary","1864711","5","4","15","1","1","60.8","0","0","0","0","0","14","11","7","3","2","64","0","0","0","0","0","4","26","45","40","7","84","12","41","22","9","20.4","{""sets"":[{""h"":25,""a"":23},{""h"":30,""a"":28},{""h"":25,""a"":18}],""parsedSets"":[{""rallies"":[{""type"":""end"",""score"":""25 : 23"",""txt"":""Koniec seta 1 : 0""},{""type"":""end"",""score"":""25 : 23"",""txt"":""Koniec seta 1 : 0""},{""type"":""rally"",""score"":""25 : 23"",""speed"":""55.0 km/h"",""res"":""Punkt: L. Borecki""},{""type"":""rally"",""score"":""24 : 23"",""speed"":""53.5 km/h"",""res"":""Punkt: J. Doloy""},{""type"":""rally"",""score"":""24 : 22"",""speed"":""58.7 km/h"",""res"":""Punkt: L. Borecki""},{""type"":""rally"",""score"":""23 : 22"",""speed"":""57.1 km/h"",""res"":""Błąd: G. Trueman""},{""type"":""rally"",""score"":""22 : 22"",""speed"":""50.4 km/h"",""res"":""Punkt: F. Rosiński""},{""type"":""rally"",""score"":""22 : 21"",""speed"":""51.0 km/h"",""res"":""Punkt: O. Siena""},{""type"":""rally"",""score"":""21 : 21"",""speed"":""50.3 km/h"",""res"":""Punkt: E. de Albuquerque""},{""type"":""rally"",""score"":""20 : 21"",""speed"":""53.7 km/h"",""res"":""Punkt: E. de Albuquerque""},{""type"":""rally"",""score"":""19 : 21"",""speed"":""46.1 km/h"",""res"":""Punkt: I. Stefanov""},{""type"":""rally"",""score"":""19 : 20"",""speed"":""50.2 km/h"",""res"":""Punkt: O. Siena""},{""type"":""rally"",""score"":""18 : 20"",""speed"":""54.7 km/h"",""res"":""Punkt: O. Siena""},{""type"":""tmo"",""score"":""17 : 20"",""txt"":""Czas: VC Bourgas""},{""type"":""rally"",""score"":""17 : 20"",""speed"":""51.3 km/h"",""res"":""Punkt: O. Siena""},{""type"":""tmo"",""score"":""16 : 20"",""txt"":""Czas: VC Bourgas""},{""type"":""rally"",""score"":""16 : 20"",""speed"":""49.9 km/h"",""res"":""Punkt: B. Kolski""},{""type"":""rally"",""score"":""15 : 20"",""speed"":""46.6 km/h"",""res"":""Punkt: M. Maziarski""},{""type"":""rally"",""score"":""14 : 20"",""speed"":""47.3 km/h"",""res"":""Punkt: E. de Albuquerque""},{""type"":""rally"",""score"":""13 : 20"",""speed"":""55.1 km/h"",""res"":""Punkt: F. Rosiński""},{""type"":""rally"",""score"":""13 : 19"",""speed"":""50.5 km/h"",""res"":""Błąd: F. Rosiński""},{""type"":""rally"",""score"":""12 : 19"",""speed"":""57.1 km/h"",""res"":""Punkt: J. Doloy""},{""type"":""rally"",""score"":""12 : 18"",""speed"":""47.0 km/h"",""res"":""Błąd: J. Doloy""},{""type"":""rally"",""score"":""11 : 18"",""speed"":""74.2 km/h"",""res"":""Punkt: L. Borecki""},{""type"":""rally"",""score"":""10 : 18"",""speed"":""43.9 km/h"",""res"":""Punkt: J. Doloy""},{""type"":""rally"",""score"":""10 : 17"",""speed"":""61.5 km/h"",""res"":""Punkt: L. Borecki""},{""type"":""rally"",""score"":""9 : 17"",""speed"":""49.3 km/h"",""res"":""Punkt: I. Stefanov""},{""type"":""tmo"",""score"":""9 : 16"",""txt"":""Czas: ""},{""type"":""rally"",""score"":""9 : 16"",""speed"":""-"",""res"":""Błąd: O. Siena""},{""type"":""rally"",""score"":""9 : 15"",""speed"":""47.5 km/h"",""res"":""Punkt: K. Skłodowski""},{""type"":""rally"",""score"":""8 : 15"",""speed"":""53.2 km/h"",""res"":""Punkt: F. Rosiński""},{""type"":""rally"",""score"":""8 : 14"",""speed"":""68.3 km/h"",""res"":""Punkt: M. Maziarski""},{""type"":""rally"",""score"":""7 : 14"",""speed"":""53.8 km/h"",""res"":""Punkt: V. Nanov""},{""type"":""rally"",""score"":""7 : 13"",""speed"":""46.9 km/h"",""res"":""Punkt: E. de Albuquerque""},{""type"":""rally"",""score"":""6 : 13"",""speed"":""62.7 km/h"",""res"":""Punkt: G. Trueman""},{""type"":""rally"",""score"":""6 : 12"",""speed"":""66.2 km/h"",""res"":""Punkt: M. Maziarski""},{""type"":""rally"",""score"":""5 : 12"",""speed"":""56.2 km/h"",""res"":""Punkt: I. Stefanov""},{""type"":""rally"",""score"":""5 : 11"",""speed"":""60.7 km/h"",""res"":""Punkt: V. Nanov""},{""type"":""rally"",""score"":""5 : 10"",""speed"":""52.0 km/h"",""res"":""Błąd: L. Borecki""},{""type"":""rally"",""score"":""5 : 9"",""speed"":""59.3 km/h"",""res"":""Punkt: I. Stefanov""},{""type"":""tmo"",""score"":""5 : 8"",""txt"":""Czas: ""},{""type"":""rally"",""score"":""5 : 8"",""speed"":""58.9 km/h"",""res"":""Punkt: G. Trueman""},{""type"":""rally"",""score"":""5 : 7"",""speed"":""79.4 km/h"",""res"":""Punkt: E. de Albuquerque""},{""type"":""rally"",""score"":""4 : 7"",""speed"":""55.0 km/h"",""res"":""Punkt: J. Doloy""},{""type"":""rally"",""score"":""4 : 6"",""speed"":""-"",""res"":""Błąd: K. Skłodowski""},{""type"":""rally"",""score"":""4 : 5"",""speed"":""43.1 km/h"",""res"":""Punkt: E. de Albuquerque""},{""type"":""rally"",""score"":""3 : 5"",""speed"":""51.4 km/h"",""res"":""Punkt: I. Stefanov""},{""type"":""rally"",""score"":""3 : 4"",""speed"":""54.6 km/h"",""res"":""Punkt: L. Borecki""},{""type"":""rally"",""score"":""2 : 4"",""speed"":""65.6 km/h"",""res"":""Punkt: K. Skłodowski""},{""type"":""tmo"",""score"":""1 : 4"",""txt"":""Czas: Victoria Dobra""},{""type"":""rally"",""score"":""1 : 4"",""speed"":""68.9 km/h"",""res"":""Punkt: J. Doloy""},{""type"":""rally"",""score"":""1 : 3"",""speed"":""60.5 km/h"",""res"":""Punkt: I. Stefanov""},{""type"":""rally"",""score"":""1 : 2"",""speed"":""50.3 km/h"",""res"":""Punkt: F. Rosiński""},{""type"":""rally"",""score"":""1 : 1"",""speed"":""-"",""res"":""Błąd: V. Nanov""},{""type"":""chg"",""score"":""0 : 1"",""txt"":""Zmiana: J. Doloy ⇄ F. Panato""},{""type"":""rally"",""score"":""0 : 1"",""speed"":""52.9 km/h"",""res"":""Punkt: G. Trueman""}]},{""rallies"":[{""type"":""end"",""score"":""30 : 28"",""txt"":""Koniec seta 2 : 0""},{""type"":""end"",""score"":""30 : 28"",""txt"":""Koniec seta 2 : 0""},{""type"":""rally"",""score"":""30 : 28"",""speed"":""45.6 km/h"",""res"":""Błąd: F. Panato""},{""type"":""rally"",""score"":""29 : 28"",""speed"":""-"",""res"":""Błąd: V. Novoselski""},{""type"":""rally"",""score"":""28 : 28"",""speed"":""46.8 km/h"",""res"":""Punkt: V. Novoselski""},{""type"":""rally"",""score"":""28 : 27"",""speed"":""53.1 km/h"",""res"":""Punkt: E. de Albuquerque""},{""type"":""rally"",""score"":""27 : 27"",""speed"":""43.6 km/h"",""res"":""Punkt: V. Novoselski""},{""type"":""rally"",""score"":""27 : 26"",""speed"":""48.1 km/h"",""res"":""Punkt: L. Borecki""},{""type"":""rally"",""score"":""26 : 26"",""speed"":""59.6 km/h"",""res"":""Punkt: L. Borecki""},{""type"":""rally"",""score"":""25 : 26"",""speed"":""69.0 km/h"",""res"":""Punkt: J. Doloy""},{""type"":""rally"",""score"":""25 : 25"",""speed"":""49.2 km/h"",""res"":""Punkt: J. Doloy""},{""type"":""rally"",""score"":""25 : 24"",""speed"":""49.5 km/h"",""res"":""Punkt: E. de Albuquerque""},{""type"":""rally"",""score"":""24 : 24"",""speed"":""51.2 km/h"",""res"":""Punkt: K. Skłodowski""},{""type"":""rally"",""score"":""23 : 24"",""speed"":""46.0 km/h"",""res"":""Punkt: G. Trueman""},{""type"":""rally"",""score"":""23 : 23"",""speed"":""45.9 km/h"",""res"":""Punkt: K. Skłodowski""},{""type"":""rally"",""score"":""22 : 23"",""speed"":""49.0 km/h"",""res"":""Punkt: J. Doloy""},{""type"":""rally"",""score"":""22 : 22"",""speed"":""45.7 km/h"",""res"":""Punkt: P. Dantin""},{""type"":""rally"",""score"":""22 : 21"",""speed"":""44.6 km/h"",""res"":""Błąd: O. Siena""},{""type"":""rally"",""score"":""22 : 20"",""speed"":""47.9 km/h"",""res"":""Punkt: G. Trueman""},{""type"":""rally"",""score"":""22 : 19"",""speed"":""43.2 km/h"",""res"":""Punkt: G. Trueman""},{""type"":""rally"",""score"":""22 : 18"",""speed"":""61.1 km/h"",""res"":""Punkt: O. Siena""},{""type"":""rally"",""score"":""21 : 18"",""speed"":""-"",""res"":""Błąd: L. Borecki""},{""type"":""rally"",""score"":""21 : 17"",""speed"":""46.9 km/h"",""res"":""Punkt: L. Borecki""},{""type"":""rally"",""score"":""20 : 17"",""speed"":""52.3 km/h"",""res"":""Punkt: F. Panato""},{""type"":""rally"",""score"":""20 : 16"",""speed"":""45.2 km/h"",""res"":""Punkt: L. Borecki""},{""type"":""rally"",""score"":""19 : 16"",""speed"":""51.2 km/h"",""res"":""Punkt: V. Novoselski""},{""type"":""rally"",""score"":""19 : 15"",""speed"":""56.5 km/h"",""res"":""Punkt: B. Kolski""},{""type"":""rally"",""score"":""18 : 15"",""speed"":""58.4 km/h"",""res"":""Punkt: L. Borecki""},{""type"":""rally"",""score"":""17 : 15"",""speed"":""60.7 km/h"",""res"":""Punkt: F. Panato""},{""type"":""rally"",""score"":""17 : 14"",""speed"":""68.4 km/h"",""res"":""Punkt: G. Trueman""},{""type"":""rally"",""score"":""17 : 13"",""speed"":""51.2 km/h"",""res"":""Punkt: G. Trueman""},{""type"":""rally"",""score"":""17 : 12"",""speed"":""47.3 km/h"",""res"":""Punkt: M. Maziarski""},{""type"":""rally"",""score"":""16 : 12"",""speed"":""43.9 km/h"",""res"":""Punkt: G. Trueman""},{""type"":""tmo"",""score"":""16 : 11"",""txt"":""Czas: ""},{""type"":""rally"",""score"":""16 : 11"",""speed"":""52.6 km/h"",""res"":""Punkt: K. Skłodowski""},{""type"":""rally"",""score"":""15 : 11"",""speed"":""48.8 km/h"",""res"":""Punkt: E. de Albuquerque""},{""type"":""rally"",""score"":""14 : 11"",""speed"":""47.0 km/h"",""res"":""Punkt: K. Skłodowski""},{""type"":""rally"",""score"":""13 : 11"",""speed"":""45.1 km/h"",""res"":""Punkt: O. Siena""},{""type"":""tmo"",""score"":""12 : 11"",""txt"":""Czas: Victoria Dobra""},{""type"":""rally"",""score"":""12 : 11"",""speed"":""49.4 km/h"",""res"":""Punkt: P. Dantin""},{""type"":""rally"",""score"":""12 : 10"",""speed"":""44.4 km/h"",""res"":""Punkt: J. Doloy""},{""type"":""rally"",""score"":""12 : 9"",""speed"":""60.8 km/h"",""res"":""Punkt: J. Doloy""},{""type"":""rally"",""score"":""12 : 8"",""speed"":""53.1 km/h"",""res"":""Punkt: E. de Albuquerque""},{""type"":""rally"",""score"":""11 : 8"",""speed"":""56.2 km/h"",""res"":""Punkt: F. Panato""},{""type"":""rally"",""score"":""11 : 7"",""speed"":""55.3 km/h"",""res"":""Punkt: L. Borecki""},{""type"":""rally"",""score"":""10 : 7"",""speed"":""63.3 km/h"",""res"":""Punkt: V. Novoselski""},{""type"":""rally"",""score"":""10 : 6"",""speed"":""55.4 km/h"",""res"":""Punkt: G. Trueman""},{""type"":""tmo"",""score"":""10 : 5"",""txt"":""Czas: VC Bourgas""},{""type"":""rally"",""score"":""10 : 5"",""speed"":""52.3 km/h"",""res"":""Punkt: B. Kolski""},{""type"":""rally"",""score"":""9 : 5"",""speed"":""59.2 km/h"",""res"":""Błąd: F. Panato""},{""type"":""tmo"",""score"":""8 : 5"",""txt"":""Czas: ""},{""type"":""rally"",""score"":""8 : 5"",""speed"":""47.8 km/h"",""res"":""Punkt: L. Borecki""},{""type"":""rally"",""score"":""7 : 5"",""speed"":""57.2 km/h"",""res"":""Punkt: G. Trueman""},{""type"":""rally"",""score"":""7 : 4"",""speed"":""56.5 km/h"",""res"":""Punkt: K. Skłodowski""},{""type"":""rally"",""score"":""6 : 4"",""speed"":""46.2 km/h"",""res"":""Punkt: J. Doloy""},{""type"":""rally"",""score"":""6 : 3"",""speed"":""49.2 km/h"",""res"":""Punkt: K. Skłodowski""},{""type"":""rally"",""score"":""5 : 3"",""speed"":""53.3 km/h"",""res"":""Punkt: O. Siena""},{""type"":""rally"",""score"":""4 : 3"",""speed"":""46.1 km/h"",""res"":""Punkt: V. Novoselski""},{""type"":""rally"",""score"":""4 : 2"",""speed"":""49.5 km/h"",""res"":""Punkt: K. Skłodowski""},{""type"":""tmo"",""score"":""3 : 2"",""txt"":""Czas: VC Bourgas""},{""type"":""rally"",""score"":""3 : 2"",""speed"":""45.0 km/h"",""res"":""Punkt: E. de Albuquerque""},{""type"":""rally"",""score"":""2 : 2"",""speed"":""43.1 km/h"",""res"":""Punkt: E. de Albuquerque""},{""type"":""rally"",""score"":""1 : 2"",""speed"":""49.5 km/h"",""res"":""Punkt: K. Skłodowski""},{""type"":""rally"",""score"":""0 : 2"",""speed"":""50.5 km/h"",""res"":""Punkt: R. Hintescu""},{""type"":""chg"",""score"":""0 : 1"",""txt"":""Zmiana: J. Doloy ⇄ F. Rosiński""},{""type"":""chg"",""score"":""0 : 1"",""txt"":""Zmiana: V. Novoselski ⇄ I. Stefanov""},{""type"":""chg"",""score"":""0 : 1"",""txt"":""Zmiana: R. Hintescu ⇄ V. Nanov""},{""type"":""rally"",""score"":""0 : 1"",""speed"":""46.5 km/h"",""res"":""Punkt: P. Dantin""}]},{""rallies"":[{""type"":""end"",""score"":""25 : 18"",""txt"":""Koniec seta 3 : 0""},{""type"":""end"",""score"":""25 : 18"",""txt"":""Koniec seta 3 : 0""},{""type"":""rally"",""score"":""25 : 18"",""speed"":""46.0 km/h"",""res"":""Punkt: M. Kaszubowski""},{""type"":""rally"",""score"":""24 : 18"",""speed"":""50.4 km/h"",""res"":""Błąd: K. Skłodowski""},{""type"":""rally"",""score"":""24 : 17"",""speed"":""53.8 km/h"",""res"":""Punkt: L. Borecki""},{""type"":""rally"",""score"":""23 : 17"",""speed"":""53.3 km/h"",""res"":""Punkt: L. Borecki""},{""type"":""rally"",""score"":""22 : 17"",""speed"":""50.4 km/h"",""res"":""Błąd: K. Skłodowski""},{""type"":""rally"",""score"":""22 : 16"",""speed"":""46.8 km/h"",""res"":""Punkt: G. Trueman""},{""type"":""rally"",""score"":""22 : 15"",""speed"":""47.7 km/h"",""res"":""Punkt: M. Maziarski""},{""type"":""rally"",""score"":""21 : 15"",""speed"":""63.4 km/h"",""res"":""Punkt: E. de Albuquerque""},{""type"":""rally"",""score"":""20 : 15"",""speed"":""70.8 km/h"",""res"":""Punkt: I. Stefanov""},{""type"":""rally"",""score"":""20 : 14"",""speed"":""55.9 km/h"",""res"":""Punkt: G. Trueman""},{""type"":""rally"",""score"":""20 : 13"",""speed"":""59.3 km/h"",""res"":""Punkt: E. de Albuquerque""},{""type"":""rally"",""score"":""19 : 13"",""speed"":""51.6 km/h"",""res"":""Punkt: L. Borecki""},{""type"":""rally"",""score"":""18 : 13"",""speed"":""48.7 km/h"",""res"":""Punkt: L. Borecki""},{""type"":""rally"",""score"":""17 : 13"",""speed"":""48.5 km/h"",""res"":""Punkt: I. Stefanov""},{""type"":""rally"",""score"":""17 : 12"",""speed"":""60.5 km/h"",""res"":""Punkt: K. Skłodowski""},{""type"":""tmo"",""score"":""16 : 12"",""txt"":""Czas: ""},{""type"":""rally"",""score"":""16 : 12"",""speed"":""48.9 km/h"",""res"":""Punkt: E. de Albuquerque""},{""type"":""rally"",""score"":""15 : 12"",""speed"":""43.6 km/h"",""res"":""Punkt: M. Kaszubowski""},{""type"":""rally"",""score"":""14 : 12"",""speed"":""45.8 km/h"",""res"":""Punkt: F. Panato""},{""type"":""rally"",""score"":""14 : 11"",""speed"":""-"",""res"":""Błąd: M. Maziarski""},{""type"":""rally"",""score"":""14 : 10"",""speed"":""51.9 km/h"",""res"":""Punkt: K. Skłodowski""},{""type"":""rally"",""score"":""13 : 10"",""speed"":""53.6 km/h"",""res"":""Punkt: M. Kaszubowski""},{""type"":""rally"",""score"":""12 : 10"",""speed"":""-"",""res"":""Błąd: B. Kolski""},{""type"":""rally"",""score"":""12 : 9"",""speed"":""45.0 km/h"",""res"":""Punkt: E. de Albuquerque""},{""type"":""rally"",""score"":""11 : 9"",""speed"":""56.0 km/h"",""res"":""Punkt: F. Rosiński""},{""type"":""tmo"",""score"":""11 : 8"",""txt"":""Czas: VC Bourgas""},{""type"":""rally"",""score"":""11 : 8"",""speed"":""46.8 km/h"",""res"":""Punkt: B. Kolski""},{""type"":""rally"",""score"":""10 : 8"",""speed"":""59.0 km/h"",""res"":""Punkt: M. Kaszubowski""},{""type"":""rally"",""score"":""9 : 8"",""speed"":""47.6 km/h"",""res"":""Punkt: E. de Albuquerque""},{""type"":""rally"",""score"":""8 : 8"",""speed"":""44.6 km/h"",""res"":""Błąd: L. Borecki""},{""type"":""tmo"",""score"":""8 : 7"",""txt"":""Czas: ""},{""type"":""rally"",""score"":""8 : 7"",""speed"":""47.5 km/h"",""res"":""Punkt: B. Kolski""},{""type"":""rally"",""score"":""7 : 7"",""speed"":""-"",""res"":""Błąd: I. Stefanov""},{""type"":""rally"",""score"":""6 : 7"",""speed"":""56.6 km/h"",""res"":""Punkt: I. Stefanov""},{""type"":""rally"",""score"":""6 : 6"",""speed"":""-"",""res"":""Błąd: G. Trueman""},{""type"":""rally"",""score"":""5 : 6"",""speed"":""47.8 km/h"",""res"":""Punkt: G. Trueman""},{""type"":""rally"",""score"":""5 : 5"",""speed"":""45.2 km/h"",""res"":""Punkt: I. Stefanov""},{""type"":""rally"",""score"":""5 : 4"",""speed"":""55.8 km/h"",""res"":""Punkt: M. Kaszubowski""},{""type"":""rally"",""score"":""4 : 4"",""speed"":""61.4 km/h"",""res"":""Punkt: F. Panato""},{""type"":""rally"",""score"":""4 : 3"",""speed"":""51.4 km/h"",""res"":""Punkt: G. Trueman""},{""type"":""rally"",""score"":""4 : 2"",""speed"":""63.1 km/h"",""res"":""Punkt: K. Skłodowski""},{""type"":""rally"",""score"":""3 : 2"",""speed"":""47.2 km/h"",""res"":""Błąd: M. Kaszubowski""},{""type"":""rally"",""score"":""3 : 1"",""speed"":""59.4 km/h"",""res"":""Punkt: G. Trueman""},{""type"":""tmo"",""score"":""3 : 0"",""txt"":""Czas: VC Bourgas""},{""type"":""rally"",""score"":""3 : 0"",""speed"":""51.9 km/h"",""res"":""Punkt: K. Skłodowski""},{""type"":""rally"",""score"":""2 : 0"",""speed"":""44.3 km/h"",""res"":""Punkt: M. Maziarski""},{""type"":""chg"",""score"":""1 : 0"",""txt"":""Zmiana: M. Kaszubowski ⇄ O. Siena""},{""type"":""rally"",""score"":""1 : 0"",""speed"":""53.4 km/h"",""res"":""Punkt: O. Siena""}]}]}","2","3","0","0","0","0","26","45","4","0","24","0","1","2","60.8","51.3","0","0","0","0","0","0","0","0","0","0","0","0","0","0","0","0","0","0","0","0","0","0","0","0","0","0","0","0","0","0","40","7","3","4","30","84","0","0","0","0","0","7","0","0","0","0","0","2","0","0","0","0","0","3","1","2","3","0","0","clan-bulk-1.2","0","0","0"
"liga_klanow_2_2","Victoria Dobra vs VC Bourgas 3:0","1297890","2026-09-18 19:00","Dobrzynianka","Side Out","1421","Victoria Dobra","","Maziarski, Mateusz","1681938","8","5","17","1","0","53.2","10","2","5","50","30","12","8","5","4","3","67","50","0","100","24","48","3","35","53","0","0","0","0","0","0","0","49.8","","1","1","0","0","0","0","35","53","3","0","32","0","0","3","53.2","48.8","1","0","0","1","0","2","1","0","1","0","1","3","1","0","0","0","1","2","0","0","0","0","0","0","0","0","1","1","1","3","0","0","0","0","0","0","7","26","10","7","50","5","0","0","0","0","0","3","0","0","0","0","0","3","3","1","3","0","0","clan-bulk-1.2","0","0","0"
"liga_klanow_2_2","Victoria Dobra vs VC Bourgas 3:0","1297890","2026-09-18 19:00","Dobrzynianka","Side Out","1421","Victoria Dobra","","Siena, Orlando","1929563","8","3","10","1","0","58.7","10","4","4","40","0","2","0","0","2","2","100","0","0","0","0","0","4","33","38","1","2","3","0","0","2","1","13.8","","1","1","0","0","0","0","33","38","4","0","32","0","0","1","58.7","51.5","0","0","1","0","1","2","0","0","0","0","0","0","0","0","0","0","0","0","4","1","2","0","1","8","0","0","0","0","0","0","1","2","0","0","0","3","0","0","0","0","0","0","0","0","0","0","0","2","0","0","0","0","0","3","5","4","1","0","0","clan-bulk-1.2","0","0","0"
"liga_klanow_2_2","Victoria Dobra vs VC Bourgas 3:0","1297890","2026-09-18 19:00","Dobrzynianka","Side Out","1421","Victoria Dobra","","Skłodowski, Krzysztof","1905183","14","10","11","1","0","59.3","24","3","11","46","33","12","6","0","6","1","8","0","0","0","0","0","3","43","60","0","0","0","0","0","0","0","32.5","","1","2","0","0","0","0","43","60","3","0","42","0","0","1","59.3","52.4","0","1","1","0","4","6","1","0","0","0","1","2","10","0","0","0","3","13","0","0","0","0","0","0","0","1","0","0","2","3","0","0","0","0","0","0","0","0","0","0","0","0","0","0","0","0","0","1","0","0","0","0","0","3","3","8","6","0","0","clan-bulk-1.2","0","0","0"
"liga_klanow_2_2","Victoria Dobra vs VC Bourgas 3:0","1297890","2026-09-18 19:00","Dobrzynianka","Side Out","1421","Victoria Dobra","","de Albuquerque, Emerson","1745121","18","17","12","0","0","59.2","22","1","10","45","41","18","13","10","5","2","67","10","0","100","4","40","8","43","52","0","0","0","0","0","0","0","65.1","","2","4","0","0","0","0","43","52","8","1","40","0","0","3","59.2","51.3","2","0","0","0","3","5","1","0","1","0","0","2","2","0","0","0","1","3","0","0","0","0","0","0","4","0","0","1","7","12","0","0","0","0","0","0","3","4","3","0","10","10","0","0","0","0","0","2","0","0","0","0","0","3","6","6","5","0","0","clan-bulk-1.2","0","0","0"
"liga_klanow_2_2","Victoria Dobra vs VC Bourgas 3:0","1297890","2026-09-18 19:00","Dobrzynianka","Side Out","1421","Victoria Dobra","","Borecki, Leon","1927335","17","13","10","1","1","62.7","19","3","11","58","42","3","1","0","2","0","0","0","0","0","0","0","5","42","55","0","0","0","0","0","0","0","42.9","","0","0","0","0","0","0","42","55","4","0","39","1","0","3","62.7","54","2","0","0","0","1","3","1","0","0","0","0","1","0","0","0","0","0","0","8","1","2","0","4","15","0","0","0","0","0","0","0","0","0","0","0","0","0","0","0","0","0","0","0","0","0","0","0","1","0","0","0","0","0","3","6","8","5","0","0","clan-bulk-1.2","0","0","0"
"liga_klanow_2_2","Victoria Dobra vs VC Bourgas 3:0","1297890","2026-09-18 19:00","Dobrzynianka","Side Out","1421","Victoria Dobra","","Kokot, Harun","2060413","0","-6","0","0","0","0","0","0","0","0","0","23","14","0","9","0","0","6","6","0","0","0","0","0","0","1","2","5","1","1","1","2","-12","","0","5","0","0","0","0","0","0","0","0","0","0","0","0","0","0","0","0","0","0","0","0","0","0","0","0","0","0","0","0","0","0","0","0","0","0","0","0","0","0","0","0","0","0","0","0","1","2","0","1","1","5","0","0","0","0","0","0","0","0","0","0","0","0","0","0","0","0","0","0","0","0","0","0","0","clan-bulk-1.2","0","0","0"
"liga_klanow_2_2","Victoria Dobra vs VC Bourgas 3:0","1297890","2026-09-18 19:00","Dobrzynianka","Side Out","1421","Victoria Dobra","","Kaszubowski, Marek","1975102","5","2","4","0","0","60.5","8","3","4","50","13","2","1","0","1","1","50","0","0","0","0","0","1","9","12","0","0","1","0","0","0","1","6.9","","1","1","0","0","0","0","9","12","1","0","9","0","0","0","60.5","50.8","0","0","2","0","0","2","0","0","0","0","0","0","0","0","0","0","0","0","4","1","0","0","1","6","0","0","0","0","0","0","0","0","0","0","1","1","0","0","0","0","0","0","0","0","0","0","0","1","0","0","0","0","0","1","0","0","6","0","0","clan-bulk-1.2","0","0","0"
"liga_klanow_2_2","Victoria Dobra vs VC Bourgas 3:0","1297890","2026-09-18 19:00","Dobrzynianka","BRIGADIRI","1421","VC Bourgas","","Dantin, Patrick","1682091","3","3","15","0","3","50.5","0","0","0","0","0","25","15","1","10","1","8","0","0","0","0","0","0","6","36","40","28","103","4","14","44","41","10.2","","1","2","0","0","0","0","6","36","0","0","4","0","0","2","50.5","46.9","0","0","0","0","0","0","0","0","0","0","0","0","0","0","0","0","0","0","0","0","0","0","0","0","0","0","0","0","0","0","40","28","2","4","29","103","0","0","0","0","0","0","0","0","0","0","0","0","0","0","0","0","0","1","0","3","0","0","0","clan-bulk-1.2","0","0","0"
"liga_klanow_2_2","Victoria Dobra vs VC Bourgas 3:0","1297890","2026-09-18 19:00","Dobrzynianka","BRIGADIRI","1421","VC Bourgas","","Nanov, Ventzislav","2032646","2","-4","6","1","0","68.3","10","4","1","10","-30","10","8","4","2","0","40","32","1","97","8","25","1","10","29","0","0","0","0","0","0","0","14.8","","0","0","0","0","0","0","10","29","1","0","8","0","0","2","68.3","57.2","0","0","1","0","0","1","0","0","1","0","1","2","1","0","2","0","3","6","0","0","0","0","0","0","0","0","0","0","1","1","0","0","0","0","0","0","0","0","0","0","0","0","0","0","0","0","0","0","0","0","0","0","0","1","3","0","0","0","0","clan-bulk-1.2","0","0","0"
"liga_klanow_2_2","Victoria Dobra vs VC Bourgas 3:0","1297890","2026-09-18 19:00","Dobrzynianka","BRIGADIRI","1421","VC Bourgas","","Rosiński, Franciszek","1950507","5","1","9","0","0","68.9","11","4","3","27","-9","4","2","1","2","0","25","0","0","0","0","0","2","21","31","0","0","0","0","0","0","0","5","","0","0","0","0","0","0","21","31","2","0","20","0","0","1","68.9","56.2","0","0","0","0","0","0","0","0","0","0","1","1","0","0","0","0","0","0","3","1","3","0","3","10","0","0","0","0","0","0","0","0","0","0","0","0","0","0","0","0","0","0","0","0","0","0","0","0","0","0","0","0","0","2","5","0","1","0","0","clan-bulk-1.2","0","0","0"
"liga_klanow_2_2","Victoria Dobra vs VC Bourgas 3:0","1297890","2026-09-18 19:00","Dobrzynianka","BRIGADIRI","1421","VC Bourgas","","Trueman, Grant","1974749","16","1","10","1","1","61.5","41","14","14","34","0","14","8","2","6","3","36","0","0","0","0","0","1","21","57","0","0","0","0","0","0","0","14.8","","3","4","0","0","0","0","21","57","1","1","19","0","0","2","61.5","50.2","6","1","1","0","8","16","0","0","1","0","0","1","5","0","9","0","3","17","0","0","0","0","0","0","3","0","2","0","2","7","0","0","0","0","0","0","0","0","0","0","0","0","0","0","0","0","0","0","0","0","0","0","0","3","4","8","6","0","0","clan-bulk-1.2","0","0","0"
"liga_klanow_2_2","Victoria Dobra vs VC Bourgas 3:0","1297890","2026-09-18 19:00","Dobrzynianka","BRIGADIRI","1421","VC Bourgas","","Stefanov, Iliya","2032647","11","8","6","1","1","79.4","13","2","10","77","62","13","4","3","9","2","38","5","0","100","1","20","0","16","32","0","0","0","0","0","0","0","37","","2","2","0","0","0","0","16","32","0","0","16","0","0","0","79.4","68.6","1","0","0","0","0","1","0","0","0","0","0","0","5","0","2","1","1","9","0","0","0","0","0","0","3","0","0","0","0","3","0","0","0","0","0","0","0","0","0","0","0","0","0","0","0","0","0","0","0","0","0","0","0","2","6","0","5","0","0","clan-bulk-1.2","0","0","0"
"liga_klanow_2_2","Victoria Dobra vs VC Bourgas 3:0","1297890","2026-09-18 19:00","Dobrzynianka","BRIGADIRI","1421","VC Bourgas","","Panato, Franco","1903740","6","2","5","0","0","61.1","9","4","3","33","-11","4","2","1","2","1","50","0","0","0","0","0","3","17","21","0","0","0","0","0","0","0","10.2","","0","0","0","0","0","0","17","21","3","0","15","0","0","2","61.1","53.1","0","1","0","0","0","1","0","0","1","1","0","2","0","0","0","0","0","0","2","1","1","0","2","6","0","0","0","0","0","0","0","0","0","0","0","0","0","0","0","0","0","0","0","0","0","0","0","0","0","0","0","0","0","2","0","5","2","0","0","clan-bulk-1.2","0","0","0"
"liga_klanow_2_2","Victoria Dobra vs VC Bourgas 3:0","1297890","2026-09-18 19:00","Dobrzynianka","BRIGADIRI","1421","VC Bourgas","","Matković, Sredoje","2060102","0","-1","0","0","0","0","0","0","0","0","0","15","10","7","5","1","53","14","1","93","7","50","0","0","0","1","0","2","0","0","0","2","12","","1","3","0","0","0","0","0","0","0","0","0","0","0","0","0","0","0","0","0","0","0","0","0","0","0","0","0","0","0","0","0","0","0","0","0","0","0","0","0","0","0","0","0","0","0","0","1","0","0","0","1","2","0","0","0","0","0","0","0","0","0","0","0","0","0","0","0","0","0","0","0","0","0","0","0","clan-bulk-1.2","0","0","0"
"liga_klanow_2_2","Victoria Dobra vs VC Bourgas 3:0","1297890","2026-09-18 19:00","Dobrzynianka","BRIGADIRI","1421","VC Bourgas","","Hintescu, Robert","2112401","1","0","3","0","0","53.3","3","1","1","33","0","3","3","0","0","0","0","22","0","100","10","45","0","10","18","0","0","0","0","0","0","0","13.3","","0","0","0","0","0","0","10","18","0","0","10","0","0","0","53.3","50.6","0","0","0","0","0","0","0","0","0","0","0","0","1","0","1","0","1","3","0","0","0","0","0","0","0","0","0","0","0","0","0","0","0","0","0","0","0","0","0","0","0","0","0","0","0","0","0","0","0","0","0","0","0","1","0","1","0","0","0","clan-bulk-1.2","0","0","0"
"liga_klanow_2_2","Victoria Dobra vs VC Bourgas 3:0","1297890","2026-09-18 19:00","Dobrzynianka","BRIGADIRI","1421","VC Bourgas","","Novoselski, Vasil","2112400","5","2","4","1","0","63.3","8","2","5","63","38","9","5","1","4","1","22","1","0","100","1","100","0","4","14","0","0","0","0","0","0","0","8","","1","1","0","0","0","0","4","14","0","0","4","0","0","0","63.3","55.2","1","0","0","0","0","1","0","0","1","0","0","1","3","0","1","0","1","5","0","0","0","0","0","0","1","0","0","0","0","1","0","0","0","0","0","0","0","0","0","0","0","0","0","0","0","0","0","0","0","0","0","0","0","1","0","6","0","0","0","clan-bulk-1.2","0","0","0"
"liga_klanow_2_2","Victoria Dobra vs VC Bourgas 3:0","1297890","2026-09-18 19:00","Dobrzynianka","BRIGADIRI","1421","VC Bourgas","","Doloy, Jean-Bernard","1904736","11","10","12","0","1","68.4","10","1","6","60","50","6","3","3","3","1","67","0","0","0","0","0","4","26","41","0","0","0","0","0","0","0","28.3","","1","2","0","0","0","0","26","41","4","1","21","0","1","5","69","59.8","1","0","1","0","0","2","0","0","0","0","0","0","0","0","0","0","0","0","5","0","0","0","3","8","0","0","0","0","0","0","0","0","0","0","0","0","0","0","0","0","0","0","0","0","0","0","0","0","0","0","0","0","0","2","6","6","0","0","0","clan-bulk-1.2","0","0","0"
"liga_klanow_2_2","Spartans Volley vs City of Belogradchik 1:3","1297891","2026-09-18 19:00","Volley Citadel","Side Out","1421","Spartans Volley","","Słowiński, Zbigniew","2088483","0","0","2","0","0","48.9","0","0","0","0","0","8","4","0","4","0","0","0","0","0","0","0","0","0","0","2","12","21","7","3","7","4","0","{""sets"":[{""h"":19,""a"":25},{""h"":16,""a"":25},{""h"":25,""a"":23},{""h"":16,""a"":25}],""parsedSets"":[{""rallies"":[{""type"":""end"",""score"":""19 : 25"",""txt"":""Koniec seta 0 : 1""},{""type"":""end"",""score"":""19 : 25"",""txt"":""Koniec seta 0 : 1""},{""type"":""rally"",""score"":""19 : 25"",""speed"":""73.4 km/h"",""res"":""Punkt: B. Kozhuharov""},{""type"":""rally"",""score"":""19 : 24"",""speed"":""60.5 km/h"",""res"":""Punkt: J. Bonsucesso""},{""type"":""rally"",""score"":""19 : 23"",""speed"":""-"",""res"":""Błąd: V. Stoicescu""},{""type"":""rally"",""score"":""19 : 22"",""speed"":""53.8 km/h"",""res"":""Błąd: B. Kozhuharov""},{""type"":""rally"",""score"":""18 : 22"",""speed"":""70.3 km/h"",""res"":""Punkt: B. Pietraszewski""},{""type"":""rally"",""score"":""17 : 22"",""speed"":""43.2 km/h"",""res"":""Punkt: K. Serafimov""},{""type"":""rally"",""score"":""17 : 21"",""speed"":""48.7 km/h"",""res"":""Punkt: W. Niedbał""},{""type"":""rally"",""score"":""16 : 21"",""speed"":""72.4 km/h"",""res"":""Punkt: K. Serafimov""},{""type"":""tmo"",""score"":""16 : 20"",""txt"":""Czas: City of Belogradchik""},{""type"":""rally"",""score"":""16 : 20"",""speed"":""68.0 km/h"",""res"":""Punkt: T. Garcia""},{""type"":""rally"",""score"":""15 : 20"",""speed"":""49.1 km/h"",""res"":""Punkt: W. Niedbał""},{""type"":""rally"",""score"":""14 : 20"",""speed"":""61.6 km/h"",""res"":""Punkt: J. Fonseca""},{""type"":""rally"",""score"":""14 : 19"",""speed"":""61.0 km/h"",""res"":""Punkt: K. Ura""},{""type"":""rally"",""score"":""14 : 18"",""speed"":""44.3 km/h"",""res"":""Punkt: J. Bonsucesso""},{""type"":""rally"",""score"":""14 : 17"",""speed"":""77.6 km/h"",""res"":""Punkt: D. Petrov""},{""type"":""rally"",""score"":""13 : 17"",""speed"":""41.1 km/h"",""res"":""Punkt: T. Tsatsarelis""},{""type"":""rally"",""score"":""13 : 16"",""speed"":""42.8 km/h"",""res"":""Punkt: D. Petrov""},{""type"":""rally"",""score"":""12 : 16"",""speed"":""74.8 km/h"",""res"":""Punkt: B. Pietraszewski""},{""type"":""tmo"",""score"":""11 : 16"",""txt"":""Czas: ""},{""type"":""rally"",""score"":""11 : 16"",""speed"":""66.7 km/h"",""res"":""Punkt: J. Fonseca""},{""type"":""rally"",""score"":""11 : 15"",""speed"":""62.4 km/h"",""res"":""Punkt: J. Fonseca""},{""type"":""rally"",""score"":""11 : 14"",""speed"":""-"",""res"":""Błąd: J. Michalak""},{""type"":""rally"",""score"":""11 : 13"",""speed"":""48.3 km/h"",""res"":""Punkt: J. Michalak""},{""type"":""rally"",""score"":""10 : 13"",""speed"":""52.9 km/h"",""res"":""Błąd: K. Serafimov""},{""type"":""rally"",""score"":""9 : 13"",""speed"":""47.2 km/h"",""res"":""Punkt: J. Bonsucesso""},{""type"":""rally"",""score"":""9 : 12"",""speed"":""57.9 km/h"",""res"":""Punkt: B. Kozhuharov""},{""type"":""rally"",""score"":""9 : 11"",""speed"":""-"",""res"":""Błąd: K. Ura""},{""type"":""rally"",""score"":""8 : 11"",""speed"":""77.9 km/h"",""res"":""Punkt: T. Tsatsarelis""},{""type"":""rally"",""score"":""8 : 10"",""speed"":""-"",""res"":""Błąd: W. Niedbał""},{""type"":""rally"",""score"":""8 : 9"",""speed"":""73.2 km/h"",""res"":""Punkt: W. Niedbał""},{""type"":""rally"",""score"":""7 : 9"",""speed"":""68.8 km/h"",""res"":""Punkt: J. Fonseca""},{""type"":""rally"",""score"":""7 : 8"",""speed"":""60.6 km/h"",""res"":""Punkt: W. Niedbał""},{""type"":""tmo"",""score"":""6 : 8"",""txt"":""Czas: ""},{""type"":""rally"",""score"":""6 : 8"",""speed"":""67.6 km/h"",""res"":""Punkt: J. Bonsucesso""},{""type"":""rally"",""score"":""6 : 7"",""speed"":""68.7 km/h"",""res"":""Punkt: W. Niedbał""},{""type"":""rally"",""score"":""5 : 7"",""speed"":""70.3 km/h"",""res"":""Punkt: W. Niedbał""},{""type"":""rally"",""score"":""4 : 7"",""speed"":""41.9 km/h"",""res"":""Punkt: J. Fonseca""},{""type"":""rally"",""score"":""4 : 6"",""speed"":""40.7 km/h"",""res"":""Punkt: W. Niedbał""},{""type"":""rally"",""score"":""3 : 6"",""speed"":""43.6 km/h"",""res"":""Punkt: W. Niedbał""},{""type"":""rally"",""score"":""2 : 6"",""speed"":""64.0 km/h"",""res"":""Punkt: B. Pietraszewski""},{""type"":""chg"",""score"":""1 : 6"",""txt"":""Zmiana: V. Stoicescu ⇄ Z. Słowiński""},{""type"":""chg"",""score"":""1 : 6"",""txt"":""Zmiana: W. Niedbał ⇄ R. Toledano""},{""type"":""rally"",""score"":""1 : 6"",""speed"":""79.8 km/h"",""res"":""Punkt: K. Serafimov""},{""type"":""chg"",""score"":""1 : 5"",""txt"":""Zmiana: R. Toledano ⇄ W. Niedbał""},{""type"":""rally"",""score"":""1 : 5"",""speed"":""63.5 km/h"",""res"":""Punkt: K. Serafimov""},{""type"":""rally"",""score"":""1 : 4"",""speed"":""67.8 km/h"",""res"":""Punkt: T. Tsatsarelis""},{""type"":""rally"",""score"":""1 : 3"",""speed"":""50.3 km/h"",""res"":""Punkt: T. Tsatsarelis""},{""type"":""rally"",""score"":""1 : 2"",""speed"":""54.5 km/h"",""res"":""Punkt: T. Garcia""},{""type"":""rally"",""score"":""0 : 2"",""speed"":""87.3 km/h"",""res"":""Punkt: J. Bonsucesso""},{""type"":""rally"",""score"":""0 : 1"",""speed"":""48.9 km/h"",""res"":""Punkt: B. Kozhuharov""}]},{""rallies"":[{""type"":""end"",""score"":""16 : 25"",""txt"":""Koniec seta 0 : 2""},{""type"":""end"",""score"":""16 : 25"",""txt"":""Koniec seta 0 : 2""},{""type"":""rally"",""score"":""16 : 25"",""speed"":""54.2 km/h"",""res"":""Punkt: J. Bonsucesso""},{""type"":""rally"",""score"":""16 : 24"",""speed"":""58.8 km/h"",""res"":""Punkt: M. Meller""},{""type"":""rally"",""score"":""15 : 24"",""speed"":""68.9 km/h"",""res"":""Punkt: T. Tsatsarelis""},{""type"":""rally"",""score"":""15 : 23"",""speed"":""47.8 km/h"",""res"":""Punkt: J. Michalak""},{""type"":""rally"",""score"":""14 : 23"",""speed"":""43.4 km/h"",""res"":""Punkt: J. Fonseca""},{""type"":""rally"",""score"":""14 : 22"",""speed"":""50.6 km/h"",""res"":""Błąd: K. Serafimov""},{""type"":""rally"",""score"":""13 : 22"",""speed"":""52.8 km/h"",""res"":""Punkt: W. Niedbał""},{""type"":""rally"",""score"":""12 : 22"",""speed"":""49.7 km/h"",""res"":""Punkt: J. Bonsucesso""},{""type"":""tmo"",""score"":""12 : 21"",""txt"":""Czas: City of Belogradchik""},{""type"":""rally"",""score"":""12 : 21"",""speed"":""47.5 km/h"",""res"":""Punkt: M. Meller""},{""type"":""rally"",""score"":""11 : 21"",""speed"":""53.2 km/h"",""res"":""Punkt: M. Meller""},{""type"":""rally"",""score"":""10 : 21"",""speed"":""41.8 km/h"",""res"":""Punkt: T. Tsatsarelis""},{""type"":""rally"",""score"":""10 : 20"",""speed"":""79.3 km/h"",""res"":""Punkt: T. Garcia""},{""type"":""rally"",""score"":""9 : 20"",""speed"":""55.2 km/h"",""res"":""Punkt: T. Tsatsarelis""},{""type"":""rally"",""score"":""9 : 19"",""speed"":""56.2 km/h"",""res"":""Punkt: J. Bonsucesso""},{""type"":""rally"",""score"":""9 : 18"",""speed"":""65.5 km/h"",""res"":""Punkt: J. Michalak""},{""type"":""rally"",""score"":""8 : 18"",""speed"":""58.2 km/h"",""res"":""Punkt: T. Tsatsarelis""},{""type"":""rally"",""score"":""8 : 17"",""speed"":""74.5 km/h"",""res"":""Punkt: K. Ura""},{""type"":""tmo"",""score"":""8 : 16"",""txt"":""Czas: ""},{""type"":""rally"",""score"":""8 : 16"",""speed"":""76.2 km/h"",""res"":""Punkt: B. Kozhuharov""},{""type"":""rally"",""score"":""8 : 15"",""speed"":""55.1 km/h"",""res"":""Punkt: J. Bonsucesso""},{""type"":""rally"",""score"":""8 : 14"",""speed"":""61.8 km/h"",""res"":""Punkt: M. Meller""},{""type"":""rally"",""score"":""7 : 14"",""speed"":""59.4 km/h"",""res"":""Punkt: J. Bonsucesso""},{""type"":""rally"",""score"":""7 : 13"",""speed"":""60.1 km/h"",""res"":""Punkt: W. Niedbał""},{""type"":""rally"",""score"":""6 : 13"",""speed"":""76.2 km/h"",""res"":""Punkt: K. Serafimov""},{""type"":""rally"",""score"":""6 : 12"",""speed"":""72.2 km/h"",""res"":""Punkt: T. Tsatsarelis""},{""type"":""rally"",""score"":""6 : 11"",""speed"":""51.7 km/h"",""res"":""Błąd: J. Fonseca""},{""type"":""rally"",""score"":""5 : 11"",""speed"":""57.8 km/h"",""res"":""Punkt: W. Niedbał""},{""type"":""rally"",""score"":""4 : 11"",""speed"":""54.2 km/h"",""res"":""Punkt: T. Savio""},{""type"":""rally"",""score"":""3 : 11"",""speed"":""61.0 km/h"",""res"":""Punkt: K. Ura""},{""type"":""rally"",""score"":""3 : 10"",""speed"":""48.9 km/h"",""res"":""Punkt: J. Fonseca""},{""type"":""rally"",""score"":""3 : 9"",""speed"":""60.9 km/h"",""res"":""Punkt: W. Niedbał""},{""type"":""rally"",""score"":""2 : 9"",""speed"":""42.5 km/h"",""res"":""Punkt: B. Kozhuharov""},{""type"":""rally"",""score"":""2 : 8"",""speed"":""46.0 km/h"",""res"":""Punkt: B. Pietraszewski""},{""type"":""tmo"",""score"":""1 : 8"",""txt"":""Czas: ""},{""type"":""rally"",""score"":""1 : 8"",""speed"":""58.6 km/h"",""res"":""Punkt: T. Tsatsarelis""},{""type"":""rally"",""score"":""1 : 7"",""speed"":""63.6 km/h"",""res"":""Punkt: B. Kozhuharov""},{""type"":""rally"",""score"":""1 : 6"",""speed"":""71.3 km/h"",""res"":""Błąd: J. Bonsucesso""},{""type"":""rally"",""score"":""0 : 6"",""speed"":""81.5 km/h"",""res"":""Punkt: J. Bonsucesso""},{""type"":""chg"",""score"":""0 : 5"",""txt"":""Zmiana: T. Savio ⇄ Z. Słowiński""},{""type"":""rally"",""score"":""0 : 5"",""speed"":""63.5 km/h"",""res"":""Punkt: T. Tsatsarelis""},{""type"":""chg"",""score"":""0 : 4"",""txt"":""Zmiana: W. Niedbał ⇄ R. Toledano""},{""type"":""rally"",""score"":""0 : 4"",""speed"":""60.8 km/h"",""res"":""Punkt: B. Kozhuharov""},{""type"":""chg"",""score"":""0 : 3"",""txt"":""Zmiana: R. Toledano ⇄ W. Niedbał""},{""type"":""rally"",""score"":""0 : 3"",""speed"":""80.7 km/h"",""res"":""Punkt: B. Kozhuharov""},{""type"":""chg"",""score"":""0 : 2"",""txt"":""Zmiana: M. Meller ⇄ D. Petrov""},{""type"":""rally"",""score"":""0 : 2"",""speed"":""52.6 km/h"",""res"":""Punkt: T. Tsatsarelis""},{""type"":""rally"",""score"":""0 : 1"",""speed"":""65.1 km/h"",""res"":""Punkt: T. Tsatsarelis""}]},{""rallies"":[{""type"":""end"",""score"":""25 : 23"",""txt"":""Koniec seta 1 : 2""},{""type"":""end"",""score"":""25 : 23"",""txt"":""Koniec seta 1 : 2""},{""type"":""rally"",""score"":""25 : 23"",""speed"":""68.6 km/h"",""res"":""Punkt: W. Niedbał""},{""type"":""rally"",""score"":""24 : 23"",""speed"":""53.4 km/h"",""res"":""Punkt: J. Fonseca""},{""type"":""rally"",""score"":""24 : 22"",""speed"":""42.1 km/h"",""res"":""Błąd: K. Serafimov""},{""type"":""rally"",""score"":""23 : 22"",""speed"":""57.1 km/h"",""res"":""Punkt: D. Petrov""},{""type"":""rally"",""score"":""22 : 22"",""speed"":""43.5 km/h"",""res"":""Punkt: J. Bonsucesso""},{""type"":""rally"",""score"":""22 : 21"",""speed"":""-"",""res"":""Błąd: B. Kozhuharov""},{""type"":""rally"",""score"":""21 : 21"",""speed"":""52.1 km/h"",""res"":""Punkt: T. Tsatsarelis""},{""type"":""rally"",""score"":""21 : 20"",""speed"":""67.9 km/h"",""res"":""Błąd: K. Serafimov""},{""type"":""rally"",""score"":""20 : 20"",""speed"":""62.6 km/h"",""res"":""Punkt: B. Pietraszewski""},{""type"":""rally"",""score"":""19 : 20"",""speed"":""62.3 km/h"",""res"":""Punkt: B. Kozhuharov""},{""type"":""rally"",""score"":""19 : 19"",""speed"":""59.7 km/h"",""res"":""Punkt: T. Tsatsarelis""},{""type"":""rally"",""score"":""19 : 18"",""speed"":""75.2 km/h"",""res"":""Punkt: J. Bonsucesso""},{""type"":""rally"",""score"":""19 : 17"",""speed"":""60.6 km/h"",""res"":""Punkt: B. Kozhuharov""},{""type"":""rally"",""score"":""19 : 16"",""speed"":""51.2 km/h"",""res"":""Punkt: T. Tsatsarelis""},{""type"":""rally"",""score"":""19 : 15"",""speed"":""50.9 km/h"",""res"":""Punkt: J. Michalak""},{""type"":""rally"",""score"":""18 : 15"",""speed"":""64.7 km/h"",""res"":""Punkt: J. Michalak""},{""type"":""rally"",""score"":""17 : 15"",""speed"":""63.7 km/h"",""res"":""Punkt: J. Bonsucesso""},{""type"":""rally"",""score"":""17 : 14"",""speed"":""56.0 km/h"",""res"":""Punkt: W. Niedbał""},{""type"":""rally"",""score"":""16 : 14"",""speed"":""64.4 km/h"",""res"":""Błąd: J. Michalak""},{""type"":""rally"",""score"":""16 : 13"",""speed"":""69.3 km/h"",""res"":""Punkt: J. Bonsucesso""},{""type"":""tmo"",""score"":""16 : 12"",""txt"":""Czas: ""},{""type"":""rally"",""score"":""16 : 12"",""speed"":""56.8 km/h"",""res"":""Punkt: W. Niedbał""},{""type"":""rally"",""score"":""15 : 12"",""speed"":""64.9 km/h"",""res"":""Punkt: W. Niedbał""},{""type"":""rally"",""score"":""14 : 12"",""speed"":""54.8 km/h"",""res"":""Punkt: J. Michalak""},{""type"":""rally"",""score"":""13 : 12"",""speed"":""59.5 km/h"",""res"":""Punkt: W. Niedbał""},{""type"":""rally"",""score"":""12 : 12"",""speed"":""64.6 km/h"",""res"":""Punkt: K. Serafimov""},{""type"":""rally"",""score"":""12 : 11"",""speed"":""66.2 km/h"",""res"":""Punkt: J. Fonseca""},{""type"":""rally"",""score"":""12 : 10"",""speed"":""46.6 km/h"",""res"":""Punkt: T. Tsatsarelis""},{""type"":""tmo"",""score"":""12 : 9"",""txt"":""Czas: City of Belogradchik""},{""type"":""rally"",""score"":""12 : 9"",""speed"":""50.0 km/h"",""res"":""Punkt: W. Niedbał""},{""type"":""rally"",""score"":""11 : 9"",""speed"":""46.4 km/h"",""res"":""Punkt: W. Niedbał""},{""type"":""rally"",""score"":""10 : 9"",""speed"":""48.1 km/h"",""res"":""Punkt: W. Niedbał""},{""type"":""rally"",""score"":""9 : 9"",""speed"":""62.5 km/h"",""res"":""Punkt: W. Niedbał""},{""type"":""rally"",""score"":""8 : 9"",""speed"":""51.0 km/h"",""res"":""Punkt: W. Niedbał""},{""type"":""rally"",""score"":""7 : 9"",""speed"":""46.6 km/h"",""res"":""Punkt: W. Niedbał""},{""type"":""rally"",""score"":""6 : 9"",""speed"":""65.1 km/h"",""res"":""Punkt: J. Fonseca""},{""type"":""tmo"",""score"":""6 : 8"",""txt"":""Czas: ""},{""type"":""rally"",""score"":""6 : 8"",""speed"":""42.4 km/h"",""res"":""Punkt: J. Fonseca""},{""type"":""rally"",""score"":""6 : 7"",""speed"":""40.6 km/h"",""res"":""Punkt: D. Petrov""},{""type"":""tmo"",""score"":""5 : 7"",""txt"":""Czas: City of Belogradchik""},{""type"":""rally"",""score"":""5 : 7"",""speed"":""42.3 km/h"",""res"":""Błąd: T. Tsatsarelis""},{""type"":""rally"",""score"":""4 : 7"",""speed"":""42.2 km/h"",""res"":""Punkt: D. Petrov""},{""type"":""rally"",""score"":""3 : 7"",""speed"":""43.1 km/h"",""res"":""Punkt: D. Petrov""},{""type"":""rally"",""score"":""2 : 7"",""speed"":""53.5 km/h"",""res"":""Punkt: B. Pietraszewski""},{""type"":""rally"",""score"":""1 : 7"",""speed"":""74.2 km/h"",""res"":""Punkt: J. Fonseca""},{""type"":""chg"",""score"":""1 : 6"",""txt"":""Zmiana: K. Dillon ⇄ Z. Słowiński""},{""type"":""chg"",""score"":""1 : 6"",""txt"":""Zmiana: W. Niedbał ⇄ R. Toledano""},{""type"":""rally"",""score"":""1 : 6"",""speed"":""50.6 km/h"",""res"":""Punkt: K. Serafimov""},{""type"":""chg"",""score"":""1 : 5"",""txt"":""Zmiana: R. Toledano ⇄ W. Niedbał""},{""type"":""rally"",""score"":""1 : 5"",""speed"":""60.5 km/h"",""res"":""Błąd: B. Pietraszewski""},{""type"":""rally"",""score"":""1 : 4"",""speed"":""71.0 km/h"",""res"":""Punkt: T. Tsatsarelis""},{""type"":""rally"",""score"":""1 : 3"",""speed"":""52.5 km/h"",""res"":""Punkt: B. Kozhuharov""},{""type"":""rally"",""score"":""1 : 2"",""speed"":""54.5 km/h"",""res"":""Błąd: T. Tsatsarelis""},{""type"":""rally"",""score"":""0 : 2"",""speed"":""55.0 km/h"",""res"":""Punkt: B. Kozhuharov""},{""type"":""rally"",""score"":""0 : 1"",""speed"":""47.8 km/h"",""res"":""Punkt: B. Kozhuharov""}]},{""rallies"":[{""type"":""end"",""score"":""16 : 25"",""txt"":""Koniec seta 1 : 3""},{""type"":""end"",""score"":""16 : 25"",""txt"":""Koniec seta 1 : 3""},{""type"":""rally"",""score"":""16 : 25"",""speed"":""51.0 km/h"",""res"":""Punkt: B. Kozhuharov""},{""type"":""rally"",""score"":""16 : 24"",""speed"":""49.8 km/h"",""res"":""Punkt: B. Kozhuharov""},{""type"":""rally"",""score"":""16 : 23"",""speed"":""64.5 km/h"",""res"":""Punkt: T. Garcia""},{""type"":""rally"",""score"":""15 : 23"",""speed"":""67.7 km/h"",""res"":""Punkt: K. Serafimov""},{""type"":""rally"",""score"":""15 : 22"",""speed"":""70.4 km/h"",""res"":""Błąd: J. Bonsucesso""},{""type"":""rally"",""score"":""14 : 22"",""speed"":""61.5 km/h"",""res"":""Błąd: K. Serafimov""},{""type"":""rally"",""score"":""13 : 22"",""speed"":""44.2 km/h"",""res"":""Punkt: K. Serafimov""},{""type"":""rally"",""score"":""13 : 21"",""speed"":""67.6 km/h"",""res"":""Punkt: W. Niedbał""},{""type"":""rally"",""score"":""12 : 21"",""speed"":""56.4 km/h"",""res"":""Punkt: J. Fonseca""},{""type"":""tmo"",""score"":""12 : 20"",""txt"":""Czas: City of Belogradchik""},{""type"":""rally"",""score"":""12 : 20"",""speed"":""49.1 km/h"",""res"":""Punkt: T. Garcia""},{""type"":""rally"",""score"":""11 : 20"",""speed"":""66.3 km/h"",""res"":""Punkt: D. Petrov""},{""type"":""rally"",""score"":""10 : 20"",""speed"":""41.4 km/h"",""res"":""Punkt: B. Kozhuharov""},{""type"":""rally"",""score"":""10 : 19"",""speed"":""61.4 km/h"",""res"":""Błąd: T. Tsatsarelis""},{""type"":""rally"",""score"":""9 : 19"",""speed"":""74.8 km/h"",""res"":""Punkt: T. Tsatsarelis""},{""type"":""rally"",""score"":""9 : 18"",""speed"":""51.0 km/h"",""res"":""Punkt: K. Serafimov""},{""type"":""rally"",""score"":""9 : 17"",""speed"":""43.2 km/h"",""res"":""Punkt: B. Kozhuharov""},{""type"":""rally"",""score"":""9 : 16"",""speed"":""67.8 km/h"",""res"":""Punkt: B. Pietraszewski""},{""type"":""tmo"",""score"":""8 : 16"",""txt"":""Czas: ""},{""type"":""rally"",""score"":""8 : 16"",""speed"":""53.7 km/h"",""res"":""Punkt: B. Kozhuharov""},{""type"":""rally"",""score"":""8 : 15"",""speed"":""-"",""res"":""Błąd: J. Fonseca""},{""type"":""rally"",""score"":""7 : 15"",""speed"":""49.9 km/h"",""res"":""Punkt: J. Fonseca""},{""type"":""rally"",""score"":""7 : 14"",""speed"":""60.6 km/h"",""res"":""Punkt: J. Michalak""},{""type"":""rally"",""score"":""6 : 14"",""speed"":""-"",""res"":""Błąd: K. Serafimov""},{""type"":""rally"",""score"":""5 : 14"",""speed"":""70.7 km/h"",""res"":""Punkt: J. Fonseca""},{""type"":""rally"",""score"":""5 : 13"",""speed"":""67.1 km/h"",""res"":""Punkt: W. Niedbał""},{""type"":""rally"",""score"":""4 : 13"",""speed"":""60.9 km/h"",""res"":""Punkt: K. Serafimov""},{""type"":""rally"",""score"":""4 : 12"",""speed"":""57.2 km/h"",""res"":""Punkt: J. Fonseca""},{""type"":""rally"",""score"":""4 : 11"",""speed"":""69.2 km/h"",""res"":""Punkt: K. Serafimov""},{""type"":""rally"",""score"":""4 : 10"",""speed"":""-"",""res"":""Błąd: D. Petrov""},{""type"":""rally"",""score"":""4 : 9"",""speed"":""47.2 km/h"",""res"":""Punkt: J. Michalak""},{""type"":""rally"",""score"":""3 : 9"",""speed"":""53.0 km/h"",""res"":""Punkt: W. Niedbał""},{""type"":""rally"",""score"":""2 : 9"",""speed"":""43.1 km/h"",""res"":""Punkt: B. Kozhuharov""},{""type"":""rally"",""score"":""2 : 8"",""speed"":""72.0 km/h"",""res"":""Punkt: T. Garcia""},{""type"":""tmo"",""score"":""1 : 8"",""txt"":""Czas: ""},{""type"":""rally"",""score"":""1 : 8"",""speed"":""59.4 km/h"",""res"":""Punkt: B. Kozhuharov""},{""type"":""rally"",""score"":""1 : 7"",""speed"":""65.2 km/h"",""res"":""Punkt: T. Tsatsarelis""},{""type"":""chg"",""score"":""1 : 6"",""txt"":""Zmiana: V. Stoicescu ⇄ Z. Słowiński""},{""type"":""chg"",""score"":""1 : 6"",""txt"":""Zmiana: W. Niedbał ⇄ R. Toledano""},{""type"":""rally"",""score"":""1 : 6"",""speed"":""66.0 km/h"",""res"":""Punkt: T. Tsatsarelis""},{""type"":""chg"",""score"":""1 : 5"",""txt"":""Zmiana: R. Toledano ⇄ W. Niedbał""},{""type"":""rally"",""score"":""1 : 5"",""speed"":""59.3 km/h"",""res"":""Błąd: B. Pietraszewski""},{""type"":""rally"",""score"":""1 : 4"",""speed"":""70.7 km/h"",""res"":""Punkt: T. Tsatsarelis""},{""type"":""rally"",""score"":""1 : 3"",""speed"":""64.2 km/h"",""res"":""Punkt: J. Bonsucesso""},{""type"":""rally"",""score"":""1 : 2"",""speed"":""63.8 km/h"",""res"":""Punkt: B. Kozhuharov""},{""type"":""rally"",""score"":""1 : 1"",""speed"":""53.5 km/h"",""res"":""Punkt: T. Tsatsarelis""},{""type"":""rally"",""score"":""1 : 0"",""speed"":""73.7 km/h"",""res"":""Punkt: J. Michalak""}]}]}","0","1","0","0","0","0","0","0","0","0","0","0","0","0","48.9","48.3","0","0","0","0","0","0","0","0","0","0","0","0","0","0","0","0","0","0","0","0","0","0","0","0","0","0","0","0","0","0","2","12","0","2","5","21","0","0","0","0","0","0","0","0","0","0","0","0","0","0","0","0","0","0","0","0","0","0","0","clan-bulk-1.2","0","0","0"
"liga_klanow_2_2","Spartans Volley vs City of Belogradchik 1:3","1297891","2026-09-18 19:00","Volley Citadel","Side Out","1421","Spartans Volley","","Michalak, Julian","1974456","9","1","10","1","0","67.9","11","3","5","45","18","22","8","4","14","7","50","51","4","92","11","22","4","32","55","0","0","0","0","0","0","0","41.3","","5","7","0","0","0","0","32","55","4","0","29","0","0","3","67.9","54.2","0","0","0","0","1","1","0","0","0","0","0","0","3","1","1","0","1","6","0","0","0","0","0","0","2","0","1","0","1","4","0","0","0","0","0","0","0","0","0","0","0","0","0","0","0","0","0","0","0","0","0","0","0","4","2","2","4","3","0","clan-bulk-1.2","0","0","0"
"liga_klanow_2_2","Spartans Volley vs City of Belogradchik 1:3","1297891","2026-09-18 19:00","Volley Citadel","Side Out","1421","Spartans Volley","","Pietraszewski, Bronisław","1948913","13","-19","15","0","0","43.6","56","32","13","23","-34","9","3","0","6","1","11","0","0","0","0","0","0","0","53","2","0","3","0","0","1","2","-28.4","","1","1","0","0","0","0","0","53","0","0","0","0","0","0","43.6","42.2","0","0","3","0","0","3","0","0","4","1","0","5","0","0","0","0","0","0","7","2","23","5","11","48","0","0","0","0","0","0","2","0","0","0","1","3","0","0","0","0","0","0","0","0","0","0","0","0","0","0","0","0","0","4","3","1","3","2","0","clan-bulk-1.2","0","0","0"
"liga_klanow_2_2","Spartans Volley vs City of Belogradchik 1:3","1297891","2026-09-18 19:00","Volley Citadel","Side Out","1421","Spartans Volley","","Petrov, Dimitar","1927043","7","6","15","1","0","68.7","8","0","4","50","50","17","9","3","8","2","29","0","0","0","0","0","3","35","49","0","0","0","0","0","0","0","19.2","","1","3","0","0","0","0","35","49","3","0","32","0","0","3","68.7","52.4","0","0","0","0","0","0","0","0","0","0","1","1","4","0","0","0","1","5","0","0","0","0","0","0","0","0","0","0","2","2","0","0","0","0","0","0","0","0","0","0","0","0","0","0","0","0","0","0","0","0","0","0","0","3","2","0","4","2","0","clan-bulk-1.2","0","0","0"
"liga_klanow_2_2","Spartans Volley vs City of Belogradchik 1:3","1297891","2026-09-18 19:00","Volley Citadel","Side Out","1421","Spartans Volley","","Garcia, Troy","1950851","6","2","14","0","1","72.4","10","3","4","40","10","16","8","3","8","1","25","32","1","97","12","38","1","37","67","0","0","0","0","0","0","0","27.5","","1","1","0","0","0","0","37","67","1","4","36","0","0","1","72.4","60.4","0","0","0","0","0","0","0","0","1","0","0","1","2","0","1","0","1","4","0","0","0","0","0","0","2","0","1","0","2","5","0","0","0","0","0","0","0","0","0","0","0","0","0","0","0","0","0","0","0","0","0","0","0","3","2","1","0","3","0","clan-bulk-1.2","0","0","0"
"liga_klanow_2_2","Spartans Volley vs City of Belogradchik 1:3","1297891","2026-09-18 19:00","Volley Citadel","Side Out","1421","Spartans Volley","","Niedbał, Wiesław","1904655","27","21","9","1","0","70.4","40","5","21","53","40","2","2","1","0","0","50","0","0","0","0","0","6","55","69","0","0","0","0","0","0","0","60.3","","0","0","0","0","0","0","55","69","6","1","51","0","0","4","70.4","60.5","1","0","0","0","2","3","2","0","2","0","1","5","0","0","0","0","0","0","17","0","3","1","11","32","0","0","0","0","0","0","0","0","0","0","0","0","0","0","0","0","0","0","0","0","0","0","0","0","0","0","0","0","0","4","9","4","11","3","0","clan-bulk-1.2","0","0","0"
"liga_klanow_2_2","Spartans Volley vs City of Belogradchik 1:3","1297891","2026-09-18 19:00","Volley Citadel","Side Out","1421","Spartans Volley","","Fido, Percy","2003349","0","0","0","0","0","0","0","0","0","0","0","31","19","11","12","7","58","10","0","100","4","40","0","0","0","0","1","2","0","1","0","1","17.2","","4","4","0","0","0","0","0","0","0","0","0","0","0","0","0","0","0","0","0","0","0","0","0","0","0","0","0","0","0","0","0","0","0","0","0","0","0","0","0","0","0","0","0","0","0","0","0","1","0","0","1","2","0","0","0","0","0","0","0","0","0","0","0","0","0","0","0","0","0","0","0","0","0","0","0","clan-bulk-1.2","0","0","0"
"liga_klanow_2_2","Spartans Volley vs City of Belogradchik 1:3","1297891","2026-09-18 19:00","Volley Citadel","Side Out","1421","Spartans Volley","","Stoicescu, Vladimir","2088692","0","-1","5","1","0","57.9","0","0","0","0","0","11","8","1","3","1","18","0","0","0","0","0","0","8","24","18","14","51","15","16","17","3","0.2","","1","1","0","0","0","0","8","24","0","0","8","0","0","0","57.9","53.8","0","0","0","0","0","0","0","0","0","0","0","0","0","0","0","0","0","0","0","0","0","0","0","0","0","0","0","0","0","0","18","14","3","0","16","51","0","0","0","0","0","0","0","0","0","0","0","0","0","0","0","0","0","1","1","0","0","0","0","clan-bulk-1.2","0","0","0"
"liga_klanow_2_2","Spartans Volley vs City of Belogradchik 1:3","1297891","2026-09-18 19:00","Volley Citadel","Side Out","1421","Spartans Volley","","Savio, Tiziano","2088726","1","1","2","0","0","55.1","1","0","1","100","100","6","5","0","1","0","0","0","0","0","0","0","0","2","16","12","8","26","5","8","9","4","2","","0","0","0","0","0","0","2","16","0","0","2","0","0","0","55.1","54.7","1","0","0","0","0","1","0","0","0","0","0","0","0","0","0","0","0","0","0","0","0","0","0","0","0","0","0","0","0","0","12","8","1","0","6","26","0","0","0","0","0","0","0","0","0","0","0","0","0","0","0","0","0","1","0","1","0","0","0","clan-bulk-1.2","0","0","0"
"liga_klanow_2_2","Spartans Volley vs City of Belogradchik 1:3","1297891","2026-09-18 19:00","Volley Citadel","Side Out","1421","Spartans Volley","","Dillon, Keith","2088705","0","0","2","0","0","51.2","0","0","0","0","0","5","3","2","2","1","60","0","0","0","0","0","0","10","20","11","7","30","5","7","10","8","2","","1","1","0","0","0","0","10","20","0","1","10","0","0","0","51.2","51.1","0","0","0","0","0","0","0","0","0","0","0","0","0","0","0","0","0","0","0","0","0","0","0","0","0","0","0","0","0","0","11","7","3","1","8","30","0","0","0","0","0","0","0","0","0","0","0","0","0","0","0","0","0","0","0","0","0","0","0","clan-bulk-1.2","0","0","0"
"liga_klanow_2_2","Spartans Volley vs City of Belogradchik 1:3","1297891","2026-09-18 19:00","Volley Citadel","Side Out","1421","Spartans Volley","","Toledano, Robustiano","1976580","0","0","0","0","0","0","0","0","0","0","0","0","0","0","0","0","0","0","0","0","0","0","0","0","0","0","0","0","0","0","0","0","0","","0","0","0","0","0","0","0","0","0","0","0","0","0","0","0","0","0","0","0","0","0","0","0","0","0","0","0","0","0","0","0","0","0","0","0","0","0","0","0","0","0","0","0","0","0","0","0","0","0","0","0","0","0","0","0","0","0","0","0","0","0","0","0","0","0","0","0","0","0","0","0","0","0","0","0","clan-bulk-1.2","0","0","0"
"liga_klanow_2_2","Spartans Volley vs City of Belogradchik 1:3","1297891","2026-09-18 19:00","Volley Citadel","Side Out","1421","Spartans Volley","","Meller, Martin","2113686","4","2","3","0","0","49.7","8","2","4","50","25","5","3","0","2","1","20","0","0","0","0","0","0","1","13","0","0","0","0","0","0","0","5.4","","1","1","0","0","0","0","1","13","0","0","1","0","0","0","49.7","48.7","0","0","0","0","1","1","0","0","2","0","1","3","1","0","0","0","0","1","0","0","0","0","0","0","3","0","0","0","0","3","0","0","0","0","0","0","0","0","0","0","0","0","0","0","0","0","0","0","0","0","0","0","0","1","0","4","0","0","0","clan-bulk-1.2","0","0","0"
"liga_klanow_2_2","Spartans Volley vs City of Belogradchik 1:3","1297891","2026-09-18 19:00","Volley Citadel","BRIGADIRI","1421","City of Belogradchik","","Ura, Konrad","1928147","3","2","18","1","1","81.5","1","0","0","0","0","16","12","2","4","3","31","0","0","0","0","0","2","25","50","50","12","117","17","50","30","20","10.8","","0","0","0","0","0","0","25","50","2","1","19","0","0","6","81.5","68","0","0","0","0","1","1","0","0","0","0","0","0","0","0","0","0","0","0","0","0","0","0","0","0","0","0","0","0","0","0","50","12","6","11","38","117","0","0","0","0","0","0","0","0","0","0","0","0","0","0","0","0","0","2","2","2","0","0","0","clan-bulk-1.2","0","0","0"
"liga_klanow_2_2","Spartans Volley vs City of Belogradchik 1:3","1297891","2026-09-18 19:00","Volley Citadel","BRIGADIRI","1421","City of Belogradchik","","Bonsucesso, Januário","1976026","17","13","28","0","3","79.3","24","4","12","50","33","21","15","7","6","1","38","57","0","100","24","42","2","19","50","0","0","0","0","0","0","0","78","","0","1","0","0","0","0","19","50","2","0","13","0","0","6","87.3","62.6","0","0","0","0","2","2","1","0","1","0","0","2","5","2","1","1","3","12","0","0","0","0","0","0","5","0","0","0","3","8","0","0","0","0","0","0","0","0","0","0","0","0","0","0","0","0","0","0","0","0","0","0","0","4","5","7","4","2","0","clan-bulk-1.2","0","0","0"
"liga_klanow_2_2","Spartans Volley vs City of Belogradchik 1:3","1297891","2026-09-18 19:00","Volley Citadel","BRIGADIRI","1421","City of Belogradchik","","Kozhuharov, Blagoy","2003729","27","24","17","1","0","79.8","19","2","14","74","63","7","4","1","3","2","43","0","0","0","0","0","13","38","65","0","0","1","0","0","1","0","77.2","","0","0","0","0","0","0","38","65","8","3","26","5","0","12","79.8","63.9","1","1","0","0","2","4","1","0","0","0","0","1","0","0","0","0","0","0","11","0","1","1","1","14","0","0","0","0","0","0","0","0","0","0","1","1","0","0","0","0","0","0","0","0","0","0","0","0","0","0","0","0","0","4","4","5","6","8","0","clan-bulk-1.2","0","0","0"
"liga_klanow_2_2","Spartans Volley vs City of Belogradchik 1:3","1297891","2026-09-18 19:00","Volley Citadel","BRIGADIRI","1421","City of Belogradchik","","Tsatsarelis, Thiseas","1928853","26","22","13","0","0","77.6","27","4","11","41","26","11","8","6","3","1","64","0","0","0","0","0","15","37","83","0","0","0","0","0","0","0","71.4","","0","0","0","0","0","0","37","83","12","2","32","3","1","5","77.6","62.1","2","0","1","0","2","5","0","1","0","0","1","2","7","2","0","0","4","13","0","0","0","0","0","0","2","0","0","0","5","7","0","0","0","0","0","0","0","0","0","0","0","0","0","0","0","0","0","0","0","0","0","0","0","4","4","9","7","6","0","clan-bulk-1.2","0","0","0"
"liga_klanow_2_2","Spartans Volley vs City of Belogradchik 1:3","1297891","2026-09-18 19:00","Volley Citadel","BRIGADIRI","1421","City of Belogradchik","","Serafimov, Kiril","1948917","14","5","13","1","1","68.6","21","7","8","38","5","13","7","3","6","4","54","7","1","86","4","57","5","24","83","0","0","0","0","0","0","0","29.5","","1","1","0","0","0","0","24","83","5","0","21","0","0","3","76.2","61.4","0","1","0","0","3","4","0","0","0","0","0","0","2","3","3","2","3","13","0","0","0","0","0","0","4","0","0","0","0","4","0","0","0","0","0","0","0","0","0","0","0","0","0","0","0","0","0","0","0","0","0","0","0","4","5","2","4","7","0","clan-bulk-1.2","0","0","0"
"liga_klanow_2_2","Spartans Volley vs City of Belogradchik 1:3","1297891","2026-09-18 19:00","Volley Citadel","BRIGADIRI","1421","City of Belogradchik","","Fonseca, Jardel","2059907","18","9","8","1","0","73.2","31","8","13","42","16","4","3","0","1","0","0","0","0","0","0","0","5","46","68","0","0","0","0","0","0","0","31.2","","0","0","0","0","0","0","46","68","5","0","37","0","0","9","73.2","61.1","2","0","1","0","5","8","1","0","2","1","1","5","0","0","0","0","0","0","8","1","4","1","4","18","0","0","0","0","0","0","0","0","0","0","0","0","0","0","0","0","0","0","0","0","0","0","0","0","0","0","0","0","0","4","5","3","5","5","0","clan-bulk-1.2","0","0","0"
"liga_klanow_2_2","Spartans Volley vs City of Belogradchik 1:3","1297891","2026-09-18 19:00","Volley Citadel","BRIGADIRI","1421","City of Belogradchik","","Mitov, Ivan","1950387","0","0","0","0","0","0","0","0","0","0","0","39","27","14","12","7","54","9","0","100","4","44","0","0","0","2","2","4","0","1","2","1","19.2","","3","4","0","0","0","0","0","0","0","0","0","0","0","0","0","0","0","0","0","0","0","0","0","0","0","0","0","0","0","0","0","0","0","0","0","0","0","0","0","0","0","0","0","0","0","0","2","2","0","0","0","4","0","0","0","0","0","0","0","0","0","0","0","0","0","0","0","0","0","0","0","0","0","0","0","clan-bulk-1.2","0","0","0"
"liga_klanow_2_2","Błyskawica Janów vs Energiq 3:1","1297892","2026-09-18 19:00","Janów hall","Side Out","1421","Błyskawica Janów","","Bednarz, Patryk","1927423","1","1","15","0","0","56.6","1","0","0","0","0","28","14","4","14","6","36","0","0","0","0","0","1","47","78","39","25","135","20","54","36","25","8.6","{""sets"":[{""h"":25,""a"":12},{""h"":25,""a"":18},{""h"":13,""a"":25},{""h"":26,""a"":24}],""parsedSets"":[{""rallies"":[{""type"":""end"",""score"":""25 : 12"",""txt"":""Koniec seta 1 : 0""},{""type"":""end"",""score"":""25 : 12"",""txt"":""Koniec seta 1 : 0""},{""type"":""rally"",""score"":""25 : 12"",""speed"":""51.5 km/h"",""res"":""Punkt: G. Chiappi""},{""type"":""rally"",""score"":""24 : 12"",""speed"":""-"",""res"":""Błąd: C. Anders-Akinyemi""},{""type"":""rally"",""score"":""24 : 11"",""speed"":""43.9 km/h"",""res"":""Punkt: D. Kubik""},{""type"":""rally"",""score"":""23 : 11"",""speed"":""51.7 km/h"",""res"":""Punkt: G. Chiappi""},{""type"":""rally"",""score"":""22 : 11"",""speed"":""40.9 km/h"",""res"":""Punkt: F. Tagini""},{""type"":""rally"",""score"":""22 : 10"",""speed"":""42.9 km/h"",""res"":""Punkt: G. Chiappi""},{""type"":""rally"",""score"":""21 : 10"",""speed"":""56.6 km/h"",""res"":""Punkt: G. Chiappi""},{""type"":""rally"",""score"":""20 : 10"",""speed"":""45.3 km/h"",""res"":""Punkt: D. Kubik""},{""type"":""rally"",""score"":""19 : 10"",""speed"":""48.7 km/h"",""res"":""Punkt: V. Grozdanov""},{""type"":""rally"",""score"":""19 : 9"",""speed"":""51.3 km/h"",""res"":""Punkt: H. Kichev""},{""type"":""rally"",""score"":""19 : 8"",""speed"":""47.0 km/h"",""res"":""Punkt: G. Chiappi""},{""type"":""rally"",""score"":""18 : 8"",""speed"":""45.6 km/h"",""res"":""Błąd: V. Grozdanov""},{""type"":""rally"",""score"":""17 : 8"",""speed"":""50.0 km/h"",""res"":""Punkt: A. Canuto""},{""type"":""rally"",""score"":""16 : 8"",""speed"":""42.3 km/h"",""res"":""Punkt: P. Zdaniewicz""},{""type"":""tmo"",""score"":""16 : 7"",""txt"":""Czas: ""},{""type"":""rally"",""score"":""16 : 7"",""speed"":""49.4 km/h"",""res"":""Punkt: C. Anders-Akinyemi""},{""type"":""rally"",""score"":""15 : 7"",""speed"":""59.2 km/h"",""res"":""Punkt: L. Barbosa""},{""type"":""rally"",""score"":""14 : 7"",""speed"":""58.7 km/h"",""res"":""Punkt: P. Zdaniewicz""},{""type"":""rally"",""score"":""14 : 6"",""speed"":""58.9 km/h"",""res"":""Punkt: L. Barbosa""},{""type"":""rally"",""score"":""13 : 6"",""speed"":""60.4 km/h"",""res"":""Punkt: L. Barbosa""},{""type"":""rally"",""score"":""12 : 6"",""speed"":""43.3 km/h"",""res"":""Punkt: D. Kubik""},{""type"":""rally"",""score"":""11 : 6"",""speed"":""42.8 km/h"",""res"":""Punkt: L. Barbosa""},{""type"":""rally"",""score"":""10 : 6"",""speed"":""43.5 km/h"",""res"":""Punkt: P. Bednarz""},{""type"":""rally"",""score"":""9 : 6"",""speed"":""64.9 km/h"",""res"":""Punkt: L. Barbosa""},{""type"":""rally"",""score"":""8 : 6"",""speed"":""77.0 km/h"",""res"":""Punkt: S. Kula""},{""type"":""chg"",""score"":""8 : 5"",""txt"":""Zmiana: L. Barbosa ⇄ P. Remonato""},{""type"":""rally"",""score"":""8 : 5"",""speed"":""68.6 km/h"",""res"":""Punkt: P. Zdaniewicz""},{""type"":""chg"",""score"":""8 : 4"",""txt"":""Zmiana: P. Remonato ⇄ L. Barbosa""},{""type"":""rally"",""score"":""8 : 4"",""speed"":""56.9 km/h"",""res"":""Punkt: S. Kula""},{""type"":""rally"",""score"":""8 : 3"",""speed"":""60.1 km/h"",""res"":""Punkt: S. Kula""},{""type"":""tmo"",""score"":""8 : 2"",""txt"":""Czas: ""},{""type"":""rally"",""score"":""8 : 2"",""speed"":""65.3 km/h"",""res"":""Punkt: A. Canuto""},{""type"":""rally"",""score"":""7 : 2"",""speed"":""58.4 km/h"",""res"":""Punkt: A. Canuto""},{""type"":""rally"",""score"":""6 : 2"",""speed"":""56.8 km/h"",""res"":""Punkt: L. Barbosa""},{""type"":""tmo"",""score"":""5 : 2"",""txt"":""Czas: Energiq""},{""type"":""rally"",""score"":""5 : 2"",""speed"":""46.2 km/h"",""res"":""Punkt: L. Barbosa""},{""type"":""rally"",""score"":""4 : 2"",""speed"":""49.7 km/h"",""res"":""Punkt: L. Barbosa""},{""type"":""rally"",""score"":""3 : 2"",""speed"":""69.9 km/h"",""res"":""Punkt: G. Chiappi""},{""type"":""rally"",""score"":""2 : 2"",""speed"":""43.1 km/h"",""res"":""Punkt: H. Kichev""},{""type"":""rally"",""score"":""2 : 1"",""speed"":""-"",""res"":""Błąd: H. Kichev""},{""type"":""rally"",""score"":""1 : 1"",""speed"":""51.9 km/h"",""res"":""Punkt: V. Grozdanov""},{""type"":""rally"",""score"":""1 : 0"",""speed"":""45.4 km/h"",""res"":""Punkt: G. Chiappi""}]},{""rallies"":[{""type"":""end"",""score"":""25 : 18"",""txt"":""Koniec seta 2 : 0""},{""type"":""end"",""score"":""25 : 18"",""txt"":""Koniec seta 2 : 0""},{""type"":""rally"",""score"":""25 : 18"",""speed"":""-"",""res"":""Błąd: V. Grozdanov""},{""type"":""rally"",""score"":""24 : 18"",""speed"":""54.1 km/h"",""res"":""Punkt: I. Georgiev""},{""type"":""rally"",""score"":""24 : 17"",""speed"":""46.1 km/h"",""res"":""Punkt: G. Chiappi""},{""type"":""rally"",""score"":""23 : 17"",""speed"":""42.8 km/h"",""res"":""Punkt: I. Georgiev""},{""type"":""rally"",""score"":""23 : 16"",""speed"":""65.1 km/h"",""res"":""Punkt: G. Chiappi""},{""type"":""rally"",""score"":""22 : 16"",""speed"":""54.0 km/h"",""res"":""Punkt: V. Grozdanov""},{""type"":""rally"",""score"":""22 : 15"",""speed"":""48.6 km/h"",""res"":""Punkt: G. Chiappi""},{""type"":""rally"",""score"":""21 : 15"",""speed"":""46.2 km/h"",""res"":""Punkt: G. Chiappi""},{""type"":""rally"",""score"":""20 : 15"",""speed"":""45.7 km/h"",""res"":""Punkt: G. Chiappi""},{""type"":""rally"",""score"":""19 : 15"",""speed"":""54.1 km/h"",""res"":""Punkt: V. Grozdanov""},{""type"":""rally"",""score"":""19 : 14"",""speed"":""60.5 km/h"",""res"":""Punkt: V. Grozdanov""},{""type"":""rally"",""score"":""19 : 13"",""speed"":""64.1 km/h"",""res"":""Punkt: J. Ramires""},{""type"":""rally"",""score"":""19 : 12"",""speed"":""45.7 km/h"",""res"":""Punkt: S. Kula""},{""type"":""rally"",""score"":""19 : 11"",""speed"":""58.9 km/h"",""res"":""Punkt: L. Barbosa""},{""type"":""rally"",""score"":""18 : 11"",""speed"":""51.6 km/h"",""res"":""Punkt: I. Georgiev""},{""type"":""rally"",""score"":""18 : 10"",""speed"":""-"",""res"":""Błąd: I. Georgiev""},{""type"":""rally"",""score"":""17 : 10"",""speed"":""54.3 km/h"",""res"":""Punkt: I. Georgiev""},{""type"":""rally"",""score"":""17 : 9"",""speed"":""65.5 km/h"",""res"":""Punkt: L. Barbosa""},{""type"":""rally"",""score"":""16 : 9"",""speed"":""43.1 km/h"",""res"":""Punkt: I. Georgiev""},{""type"":""tmo"",""score"":""16 : 8"",""txt"":""Czas: ""},{""type"":""rally"",""score"":""16 : 8"",""speed"":""44.1 km/h"",""res"":""Punkt: D. Kubik""},{""type"":""rally"",""score"":""15 : 8"",""speed"":""47.2 km/h"",""res"":""Punkt: J. Ramires""},{""type"":""tmo"",""score"":""15 : 7"",""txt"":""Czas: Energiq""},{""type"":""rally"",""score"":""15 : 7"",""speed"":""50.0 km/h"",""res"":""Punkt: D. Kubik""},{""type"":""rally"",""score"":""14 : 7"",""speed"":""53.2 km/h"",""res"":""Punkt: G. Chiappi""},{""type"":""rally"",""score"":""13 : 7"",""speed"":""42.7 km/h"",""res"":""Punkt: C. Anders-Akinyemi""},{""type"":""rally"",""score"":""12 : 7"",""speed"":""55.3 km/h"",""res"":""Punkt: V. Grozdanov""},{""type"":""rally"",""score"":""12 : 6"",""speed"":""68.2 km/h"",""res"":""Punkt: A. Canuto""},{""type"":""rally"",""score"":""11 : 6"",""speed"":""51.1 km/h"",""res"":""Punkt: V. Grozdanov""},{""type"":""rally"",""score"":""11 : 5"",""speed"":""41.9 km/h"",""res"":""Punkt: J. Ramires""},{""type"":""rally"",""score"":""11 : 4"",""speed"":""49.5 km/h"",""res"":""Punkt: G. Chiappi""},{""type"":""rally"",""score"":""10 : 4"",""speed"":""46.2 km/h"",""res"":""Punkt: C. Anders-Akinyemi""},{""type"":""rally"",""score"":""9 : 4"",""speed"":""48.3 km/h"",""res"":""Punkt: J. Ramires""},{""type"":""rally"",""score"":""9 : 3"",""speed"":""51.5 km/h"",""res"":""Błąd: P. Zdaniewicz""},{""type"":""tmo"",""score"":""8 : 3"",""txt"":""Czas: ""},{""type"":""rally"",""score"":""8 : 3"",""speed"":""63.2 km/h"",""res"":""Błąd: J. Ramires""},{""type"":""chg"",""score"":""7 : 3"",""txt"":""Zmiana: L. Barbosa ⇄ M. Jurzak""},{""type"":""rally"",""score"":""7 : 3"",""speed"":""48.6 km/h"",""res"":""Punkt: I. Georgiev""},{""type"":""rally"",""score"":""7 : 2"",""speed"":""63.9 km/h"",""res"":""Punkt: A. Canuto""},{""type"":""rally"",""score"":""6 : 2"",""speed"":""48.4 km/h"",""res"":""Punkt: I. Georgiev""},{""type"":""chg"",""score"":""6 : 1"",""txt"":""Zmiana: M. Jurzak ⇄ L. Barbosa""},{""type"":""rally"",""score"":""6 : 1"",""speed"":""47.8 km/h"",""res"":""Punkt: L. Barbosa""},{""type"":""rally"",""score"":""5 : 1"",""speed"":""48.6 km/h"",""res"":""Punkt: G. Chiappi""},{""type"":""chg"",""score"":""4 : 1"",""txt"":""Zmiana: G. Chiappi ⇄ C. Radziszewski""},{""type"":""rally"",""score"":""4 : 1"",""speed"":""46.0 km/h"",""res"":""Punkt: V. Grozdanov""},{""type"":""chg"",""score"":""4 : 0"",""txt"":""Zmiana: C. Radziszewski ⇄ G. Chiappi""},{""type"":""rally"",""score"":""4 : 0"",""speed"":""43.8 km/h"",""res"":""Błąd: I. Georgiev""},{""type"":""rally"",""score"":""3 : 0"",""speed"":""45.6 km/h"",""res"":""Punkt: D. Kubik""},{""type"":""rally"",""score"":""2 : 0"",""speed"":""46.9 km/h"",""res"":""Punkt: D. Kubik""},{""type"":""chg"",""score"":""1 : 0"",""txt"":""Zmiana: G. Markov ⇄ R. Lasek""},{""type"":""chg"",""score"":""1 : 0"",""txt"":""Zmiana: J. Ramires ⇄ H. Kichev""},{""type"":""chg"",""score"":""1 : 0"",""txt"":""Zmiana: I. Georgiev ⇄ F. Tagini""},{""type"":""rally"",""score"":""1 : 0"",""speed"":""54.5 km/h"",""res"":""Punkt: G. Chiappi""}]},{""rallies"":[{""type"":""end"",""score"":""13 : 25"",""txt"":""Koniec seta 2 : 1""},{""type"":""end"",""score"":""13 : 25"",""txt"":""Koniec seta 2 : 1""},{""type"":""rally"",""score"":""13 : 25"",""speed"":""42.6 km/h"",""res"":""Punkt: G. Bettelheim""},{""type"":""rally"",""score"":""13 : 24"",""speed"":""52.4 km/h"",""res"":""Punkt: L. Barbosa""},{""type"":""rally"",""score"":""12 : 24"",""speed"":""64.2 km/h"",""res"":""Punkt: D. Kubik""},{""type"":""rally"",""score"":""11 : 24"",""speed"":""45.2 km/h"",""res"":""Punkt: V. Grozdanov""},{""type"":""rally"",""score"":""11 : 23"",""speed"":""46.4 km/h"",""res"":""Punkt: G. Chiappi""},{""type"":""rally"",""score"":""10 : 23"",""speed"":""54.3 km/h"",""res"":""Punkt: A. Canuto""},{""type"":""rally"",""score"":""9 : 23"",""speed"":""48.5 km/h"",""res"":""Punkt: G. Bettelheim""},{""type"":""rally"",""score"":""9 : 22"",""speed"":""49.2 km/h"",""res"":""Punkt: V. Grozdanov""},{""type"":""rally"",""score"":""9 : 21"",""speed"":""55.7 km/h"",""res"":""Punkt: G. Bettelheim""},{""type"":""rally"",""score"":""9 : 20"",""speed"":""42.8 km/h"",""res"":""Błąd: A. Canuto""},{""type"":""rally"",""score"":""9 : 19"",""speed"":""61.4 km/h"",""res"":""Punkt: G. Chiappi""},{""type"":""rally"",""score"":""8 : 19"",""speed"":""66.8 km/h"",""res"":""Punkt: J. Ramires""},{""type"":""rally"",""score"":""8 : 18"",""speed"":""57.1 km/h"",""res"":""Punkt: G. Bettelheim""},{""type"":""chg"",""score"":""8 : 17"",""txt"":""Zmiana: G. Chiappi ⇄ W. Köstlinger""},{""type"":""tmo"",""score"":""8 : 17"",""txt"":""Czas: Błyskawica Janów""},{""type"":""rally"",""score"":""8 : 17"",""speed"":""56.3 km/h"",""res"":""Punkt: V. Grozdanov""},{""type"":""tmo"",""score"":""8 : 16"",""txt"":""Czas: ""},{""type"":""rally"",""score"":""8 : 16"",""speed"":""54.5 km/h"",""res"":""Punkt: S. Kula""},{""type"":""rally"",""score"":""8 : 15"",""speed"":""45.4 km/h"",""res"":""Punkt: V. Grozdanov""},{""type"":""rally"",""score"":""8 : 14"",""speed"":""54.9 km/h"",""res"":""Punkt: L. Barbosa""},{""type"":""rally"",""score"":""7 : 14"",""speed"":""51.5 km/h"",""res"":""Punkt: G. Bettelheim""},{""type"":""rally"",""score"":""7 : 13"",""speed"":""59.8 km/h"",""res"":""Punkt: G. Bettelheim""},{""type"":""rally"",""score"":""7 : 12"",""speed"":""50.4 km/h"",""res"":""Punkt: V. Grozdanov""},{""type"":""rally"",""score"":""7 : 11"",""speed"":""52.1 km/h"",""res"":""Punkt: P. Zdaniewicz""},{""type"":""tmo"",""score"":""7 : 10"",""txt"":""Czas: Energiq""},{""type"":""rally"",""score"":""7 : 10"",""speed"":""42.0 km/h"",""res"":""Punkt: L. Barbosa""},{""type"":""rally"",""score"":""6 : 10"",""speed"":""45.5 km/h"",""res"":""Punkt: L. Barbosa""},{""type"":""rally"",""score"":""5 : 10"",""speed"":""50.0 km/h"",""res"":""Punkt: L. Barbosa""},{""type"":""chg"",""score"":""4 : 10"",""txt"":""Zmiana: L. Barbosa ⇄ I. Vickers""},{""type"":""tmo"",""score"":""4 : 10"",""txt"":""Czas: Błyskawica Janów""},{""type"":""rally"",""score"":""4 : 10"",""speed"":""72.5 km/h"",""res"":""Błąd: I. Vickers""},{""type"":""rally"",""score"":""4 : 9"",""speed"":""72.6 km/h"",""res"":""Punkt: P. Zdaniewicz""},{""type"":""tmo"",""score"":""4 : 8"",""txt"":""Czas: ""},{""type"":""rally"",""score"":""4 : 8"",""speed"":""61.6 km/h"",""res"":""Punkt: P. Zdaniewicz""},{""type"":""rally"",""score"":""4 : 7"",""speed"":""-"",""res"":""Błąd: G. Bettelheim""},{""type"":""rally"",""score"":""3 : 7"",""speed"":""57.2 km/h"",""res"":""Błąd: C. Anders-Akinyemi""},{""type"":""rally"",""score"":""3 : 6"",""speed"":""55.0 km/h"",""res"":""Punkt: S. Kula""},{""type"":""chg"",""score"":""3 : 5"",""txt"":""Zmiana: I. Vickers ⇄ L. Barbosa""},{""type"":""rally"",""score"":""3 : 5"",""speed"":""44.7 km/h"",""res"":""Punkt: G. Bettelheim""},{""type"":""rally"",""score"":""3 : 4"",""speed"":""52.3 km/h"",""res"":""Punkt: P. Zdaniewicz""},{""type"":""rally"",""score"":""3 : 3"",""speed"":""58.0 km/h"",""res"":""Punkt: W. Köstlinger""},{""type"":""chg"",""score"":""2 : 3"",""txt"":""Zmiana: W. Köstlinger ⇄ G. Chiappi""},{""type"":""rally"",""score"":""2 : 3"",""speed"":""51.2 km/h"",""res"":""Punkt: P. Zdaniewicz""},{""type"":""rally"",""score"":""2 : 2"",""speed"":""42.4 km/h"",""res"":""Błąd: A. Canuto""},{""type"":""rally"",""score"":""2 : 1"",""speed"":""48.6 km/h"",""res"":""Punkt: C. Anders-Akinyemi""},{""type"":""rally"",""score"":""1 : 1"",""speed"":""48.8 km/h"",""res"":""Punkt: G. Chiappi""},{""type"":""chg"",""score"":""0 : 1"",""txt"":""Zmiana: G. Markov ⇄ R. Lasek""},{""type"":""chg"",""score"":""0 : 1"",""txt"":""Zmiana: J. Ramires ⇄ H. Kichev""},{""type"":""chg"",""score"":""0 : 1"",""txt"":""Zmiana: G. Bettelheim ⇄ F. Tagini""},{""type"":""rally"",""score"":""0 : 1"",""speed"":""48.6 km/h"",""res"":""Punkt: F. Tagini""}]},{""rallies"":[{""type"":""end"",""score"":""26 : 24"",""txt"":""Koniec seta 3 : 1""},{""type"":""end"",""score"":""26 : 24"",""txt"":""Koniec seta 3 : 1""},{""type"":""rally"",""score"":""26 : 24"",""speed"":""47.2 km/h"",""res"":""Punkt: L. Barbosa""},{""type"":""rally"",""score"":""25 : 24"",""speed"":""52.9 km/h"",""res"":""Punkt: L. Barbosa""},{""type"":""rally"",""score"":""24 : 24"",""speed"":""43.9 km/h"",""res"":""Punkt: P. Zdaniewicz""},{""type"":""rally"",""score"":""24 : 23"",""speed"":""57.3 km/h"",""res"":""Punkt: L. Barbosa""},{""type"":""rally"",""score"":""23 : 23"",""speed"":""52.3 km/h"",""res"":""Punkt: P. Zdaniewicz""},{""type"":""rally"",""score"":""23 : 22"",""speed"":""56.8 km/h"",""res"":""Punkt: V. Grozdanov""},{""type"":""rally"",""score"":""23 : 21"",""speed"":""-"",""res"":""Błąd: J. Ramires""},{""type"":""rally"",""score"":""22 : 21"",""speed"":""53.5 km/h"",""res"":""Punkt: J. Ramires""},{""type"":""rally"",""score"":""22 : 20"",""speed"":""67.3 km/h"",""res"":""Punkt: G. Chiappi""},{""type"":""rally"",""score"":""21 : 20"",""speed"":""51.7 km/h"",""res"":""Punkt: V. Grozdanov""},{""type"":""rally"",""score"":""21 : 19"",""speed"":""43.2 km/h"",""res"":""Punkt: G. Chiappi""},{""type"":""rally"",""score"":""20 : 19"",""speed"":""49.5 km/h"",""res"":""Punkt: D. Kubik""},{""type"":""rally"",""score"":""19 : 19"",""speed"":""51.5 km/h"",""res"":""Punkt: P. Zdaniewicz""},{""type"":""rally"",""score"":""19 : 18"",""speed"":""53.5 km/h"",""res"":""Punkt: L. Barbosa""},{""type"":""rally"",""score"":""18 : 18"",""speed"":""49.7 km/h"",""res"":""Punkt: P. Zdaniewicz""},{""type"":""rally"",""score"":""18 : 17"",""speed"":""54.1 km/h"",""res"":""Błąd: P. Zdaniewicz""},{""type"":""rally"",""score"":""17 : 17"",""speed"":""46.4 km/h"",""res"":""Punkt: G. Bettelheim""},{""type"":""rally"",""score"":""17 : 16"",""speed"":""57.4 km/h"",""res"":""Błąd: S. Kula""},{""type"":""rally"",""score"":""16 : 16"",""speed"":""53.1 km/h"",""res"":""Błąd: G. Bettelheim""},{""type"":""rally"",""score"":""15 : 16"",""speed"":""57.1 km/h"",""res"":""Punkt: L. Barbosa""},{""type"":""tmo"",""score"":""14 : 16"",""txt"":""Czas: ""},{""type"":""rally"",""score"":""14 : 16"",""speed"":""73.6 km/h"",""res"":""Punkt: P. Zdaniewicz""},{""type"":""tmo"",""score"":""14 : 15"",""txt"":""Czas: Błyskawica Janów""},{""type"":""rally"",""score"":""14 : 15"",""speed"":""50.9 km/h"",""res"":""Błąd: L. Barbosa""},{""type"":""rally"",""score"":""14 : 14"",""speed"":""45.1 km/h"",""res"":""Punkt: P. Zdaniewicz""},{""type"":""rally"",""score"":""14 : 13"",""speed"":""51.7 km/h"",""res"":""Punkt: G. Bettelheim""},{""type"":""rally"",""score"":""14 : 12"",""speed"":""47.5 km/h"",""res"":""Punkt: A. Canuto""},{""type"":""rally"",""score"":""13 : 12"",""speed"":""47.9 km/h"",""res"":""Punkt: G. Bettelheim""},{""type"":""rally"",""score"":""13 : 11"",""speed"":""43.2 km/h"",""res"":""Punkt: J. Ramires""},{""type"":""rally"",""score"":""13 : 10"",""speed"":""67.3 km/h"",""res"":""Punkt: G. Chiappi""},{""type"":""rally"",""score"":""12 : 10"",""speed"":""42.1 km/h"",""res"":""Punkt: V. Grozdanov""},{""type"":""rally"",""score"":""12 : 9"",""speed"":""53.4 km/h"",""res"":""Punkt: G. Chiappi""},{""type"":""rally"",""score"":""11 : 9"",""speed"":""54.5 km/h"",""res"":""Punkt: G. Chiappi""},{""type"":""rally"",""score"":""10 : 9"",""speed"":""65.1 km/h"",""res"":""Punkt: J. Ramires""},{""type"":""rally"",""score"":""10 : 8"",""speed"":""58.7 km/h"",""res"":""Błąd: J. Ramires""},{""type"":""rally"",""score"":""9 : 8"",""speed"":""56.3 km/h"",""res"":""Punkt: L. Barbosa""},{""type"":""rally"",""score"":""8 : 8"",""speed"":""50.4 km/h"",""res"":""Punkt: S. Kula""},{""type"":""tmo"",""score"":""8 : 7"",""txt"":""Czas: ""},{""type"":""rally"",""score"":""8 : 7"",""speed"":""51.5 km/h"",""res"":""Błąd: G. Bettelheim""},{""type"":""rally"",""score"":""7 : 7"",""speed"":""44.8 km/h"",""res"":""Punkt: L. Barbosa""},{""type"":""tmo"",""score"":""6 : 7"",""txt"":""Czas: Energiq""},{""type"":""rally"",""score"":""6 : 7"",""speed"":""43.9 km/h"",""res"":""Punkt: L. Barbosa""},{""type"":""rally"",""score"":""5 : 7"",""speed"":""43.7 km/h"",""res"":""Punkt: C. Anders-Akinyemi""},{""type"":""rally"",""score"":""4 : 7"",""speed"":""48.5 km/h"",""res"":""Punkt: D. Kubik""},{""type"":""rally"",""score"":""3 : 7"",""speed"":""50.2 km/h"",""res"":""Punkt: P. Zdaniewicz""},{""type"":""rally"",""score"":""3 : 6"",""speed"":""60.7 km/h"",""res"":""Punkt: S. Kula""},{""type"":""rally"",""score"":""3 : 5"",""speed"":""60.1 km/h"",""res"":""Punkt: G. Bettelheim""},{""type"":""rally"",""score"":""3 : 4"",""speed"":""46.1 km/h"",""res"":""Punkt: P. Zdaniewicz""},{""type"":""rally"",""score"":""3 : 3"",""speed"":""58.0 km/h"",""res"":""Punkt: L. Barbosa""},{""type"":""rally"",""score"":""2 : 3"",""speed"":""62.4 km/h"",""res"":""Punkt: V. Grozdanov""},{""type"":""rally"",""score"":""2 : 2"",""speed"":""56.4 km/h"",""res"":""Punkt: G. Chiappi""},{""type"":""rally"",""score"":""1 : 2"",""speed"":""52.3 km/h"",""res"":""Punkt: J. Ramires""},{""type"":""rally"",""score"":""1 : 1"",""speed"":""55.1 km/h"",""res"":""Punkt: V. Grozdanov""},{""type"":""chg"",""score"":""1 : 0"",""txt"":""Zmiana: G. Markov ⇄ R. Lasek""},{""type"":""chg"",""score"":""1 : 0"",""txt"":""Zmiana: J. Ramires ⇄ H. Kichev""},{""type"":""chg"",""score"":""1 : 0"",""txt"":""Zmiana: G. Bettelheim ⇄ F. Tagini""},{""type"":""rally"",""score"":""1 : 0"",""speed"":""72.7 km/h"",""res"":""Punkt: G. Chiappi""}]}]}","4","6","0","0","0","0","47","78","1","1","43","0","0","4","56.6","48.2","0","0","0","0","1","1","0","0","0","0","0","0","0","0","0","0","0","0","0","0","0","0","0","0","0","0","0","0","0","0","39","25","4","3","64","135","0","0","0","0","0","4","0","0","0","0","0","6","0","0","0","0","0","1","1","0","0","0","0","clan-bulk-1.2","0","0","0"
"liga_klanow_2_2","Błyskawica Janów vs Energiq 3:1","1297892","2026-09-18 19:00","Janów hall","Side Out","1421","Błyskawica Janów","","Anders-Akinyemi, Carsten","1929520","5","-2","18","1","1","55.1","10","5","1","10","-40","24","10","5","14","9","58","59","1","98","19","32","3","43","78","0","0","0","0","0","0","0","41.9","","7","7","0","0","0","0","43","78","3","0","39","0","0","4","55.1","46.9","0","1","1","0","0","2","0","0","3","0","0","3","1","0","0","0","2","3","0","0","0","0","0","0","0","0","0","0","2","2","0","0","0","0","0","0","4","25","19","10","58","5","0","0","0","0","0","9","0","0","0","0","0","4","2","2","2","1","0","clan-bulk-1.2","0","0","0"
"liga_klanow_2_2","Błyskawica Janów vs Energiq 3:1","1297892","2026-09-18 19:00","Janów hall","Side Out","1421","Błyskawica Janów","","Chiappi, Gigi","1975259","28","23","15","0","0","65.3","51","5","20","39","29","4","1","0","3","1","25","0","0","0","0","0","8","51","74","1","0","2","0","0","1","1","62.7","","1","2","0","0","0","0","51","74","8","1","48","0","1","3","65.3","53.1","1","0","1","0","8","10","2","0","1","0","0","3","0","0","0","0","0","0","15","0","3","2","18","38","0","0","0","0","0","0","1","0","0","0","1","2","0","0","0","0","0","0","0","0","0","0","0","1","0","0","0","0","0","4","7","9","3","7","0","clan-bulk-1.2","0","0","0"
"liga_klanow_2_2","Błyskawica Janów vs Energiq 3:1","1297892","2026-09-18 19:00","Janów hall","Side Out","1421","Błyskawica Janów","","Canuto, Alberto","1685989","8","2","14","0","0","61.6","23","6","6","26","0","22","14","9","8","1","45","0","0","0","0","0","2","45","79","0","0","0","0","0","0","0","16.6","","1","3","0","0","0","0","45","79","2","2","41","0","0","4","61.6","51.4","0","0","1","0","3","4","1","0","4","0","3","8","2","1","0","0","2","5","0","0","0","0","0","0","2","0","0","1","3","6","0","0","0","0","0","0","0","0","0","0","0","9","0","0","0","0","0","2","0","0","0","0","0","4","3","2","3","1","0","clan-bulk-1.2","0","0","0"
"liga_klanow_2_2","Błyskawica Janów vs Energiq 3:1","1297892","2026-09-18 19:00","Janów hall","Side Out","1421","Błyskawica Janów","","Kubik, Damian","1709905","12","8","15","0","0","52.1","17","3","5","29","12","28","15","11","13","9","71","8","1","88","2","25","7","53","79","0","0","0","0","0","0","0","42.9","","9","11","0","0","0","0","53","79","7","0","43","0","0","10","52.1","47.6","0","0","0","0","4","4","1","0","1","2","0","4","0","0","1","0","4","5","0","0","0","0","0","0","2","0","1","0","1","4","0","0","0","0","0","0","4","1","1","1","7","11","0","0","0","0","0","9","0","0","0","0","0","4","3","4","1","2","0","clan-bulk-1.2","0","0","0"
"liga_klanow_2_2","Błyskawica Janów vs Energiq 3:1","1297892","2026-09-18 19:00","Janów hall","Side Out","1421","Błyskawica Janów","","Barbosa, Lucílio","1951417","26","18","10","0","0","65.1","37","8","13","35","14","6","1","0","5","0","0","0","0","0","0","0","13","58","74","0","0","0","0","0","0","0","55.8","","0","1","0","0","0","0","58","74","12","0","51","1","0","7","65.1","50.2","3","0","2","0","5","10","0","0","1","0","1","2","0","0","0","0","0","0","10","1","4","0","10","25","0","0","0","0","0","0","0","0","0","0","0","0","0","0","0","0","0","0","0","0","0","0","0","0","0","0","0","0","0","4","8","3","5","10","0","clan-bulk-1.2","0","0","0"
"liga_klanow_2_2","Błyskawica Janów vs Energiq 3:1","1297892","2026-09-18 19:00","Janów hall","Side Out","1421","Błyskawica Janów","","Krzysiak, Mariusz","1976324","0","0","0","0","0","0","0","0","0","0","0","30","19","9","11","8","57","8","0","100","2","25","0","0","0","1","3","8","0","1","3","4","14.4","","6","7","0","0","0","0","0","0","0","0","0","0","0","0","0","0","0","0","0","0","0","0","0","0","0","0","0","0","0","0","0","0","0","0","0","0","0","0","0","0","0","0","0","0","0","0","1","3","1","1","2","8","2","2","4","0","8","9","0","0","0","0","0","8","0","0","0","0","0","0","0","0","0","0","0","clan-bulk-1.2","0","0","0"
"liga_klanow_2_2","Błyskawica Janów vs Energiq 3:1","1297892","2026-09-18 19:00","Janów hall","Side Out","1421","Błyskawica Janów","","Remonato, Placido","2113680","0","-2","0","0","0","0","2","2","0","0","-100","0","0","0","0","0","0","0","0","0","0","0","0","0","1","0","0","0","0","0","0","0","-3","","0","0","0","0","0","0","0","1","0","0","0","0","0","0","0","0","0","0","0","0","0","0","0","0","0","0","0","0","0","0","0","0","0","0","0","0","2","0","0","2","0","0","0","0","0","0","0","0","0","0","0","0","0","0","0","0","0","0","0","0","0","0","0","0","0","0","0","0","0","0","0","0","0","0","0","clan-bulk-1.2","0","0","0"
"liga_klanow_2_2","Błyskawica Janów vs Energiq 3:1","1297892","2026-09-18 19:00","Janów hall","Side Out","1421","Błyskawica Janów","","Köstlinger, William","2088583","1","0","1","0","0","52.3","2","1","1","50","0","2","1","1","1","0","50","0","0","0","0","0","0","1","2","0","0","0","0","0","0","0","1.3","","0","0","0","0","0","0","1","2","0","0","1","0","0","0","52.3","52.3","0","0","0","0","0","0","0","0","0","0","0","0","0","0","0","0","0","0","1","0","1","0","0","2","0","0","0","0","0","0","0","0","0","0","0","0","0","0","0","0","0","1","0","0","0","0","0","0","0","0","0","0","0","0","0","0","1","0","0","clan-bulk-1.2","0","0","0"
"liga_klanow_2_2","Błyskawica Janów vs Energiq 3:1","1297892","2026-09-18 19:00","Janów hall","Side Out","1421","Błyskawica Janów","","Jurzak, Mateusz","2088522","0","0","0","0","0","0","1","0","0","0","0","0","0","0","0","0","0","0","0","0","0","0","0","1","3","0","0","0","0","0","0","0","0","","0","0","0","0","0","0","1","3","0","0","1","0","0","0","0","0","0","0","0","0","1","1","0","0","0","0","0","0","0","0","0","0","0","0","0","0","0","0","0","0","0","0","0","0","0","0","0","0","0","0","0","0","0","0","0","0","0","0","0","0","0","0","0","0","0","0","0","0","0","0","0","0","0","0","0","clan-bulk-1.2","0","0","0"
"liga_klanow_2_2","Błyskawica Janów vs Energiq 3:1","1297892","2026-09-18 19:00","Janów hall","Side Out","1421","Błyskawica Janów","","Vickers, Ivor","2113041","0","-1","0","0","0","0","1","1","0","0","-100","1","0","0","1","0","0","0","0","0","0","0","0","1","2","0","0","0","0","0","0","0","-1.5","","0","0","0","0","0","0","1","2","0","0","0","0","0","1","0","0","0","0","0","0","0","0","0","0","0","0","0","0","0","0","0","0","0","0","0","1","0","0","0","1","0","0","0","0","0","0","0","0","0","0","0","0","0","0","0","0","0","0","0","0","0","0","0","0","0","0","0","0","0","0","0","0","1","0","0","clan-bulk-1.2","0","0","0"
"liga_klanow_2_2","Błyskawica Janów vs Energiq 3:1","1297892","2026-09-18 19:00","Janów hall","Side Out","1421","Błyskawica Janów","","Radziszewski, Czesław","2112086","0","-1","0","0","0","0","1","1","0","0","-100","0","0","0","0","0","0","0","0","0","0","0","0","1","1","0","0","0","0","0","0","0","-1.5","","0","0","0","0","0","0","1","1","0","0","1","0","0","0","0","0","0","0","0","0","0","0","0","0","0","0","0","0","0","0","0","0","0","0","0","0","1","0","0","1","0","0","0","0","0","0","0","0","0","0","0","0","0","0","0","0","0","0","0","0","0","0","0","0","0","0","0","0","0","0","0","0","0","0","0","clan-bulk-1.2","0","0","0"
"liga_klanow_2_2","Błyskawica Janów vs Energiq 3:1","1297892","2026-09-18 19:00","Janów hall","BRIGADIRI","1421","Energiq","","Lasek, Robert","1927580","0","0","4","0","0","72.7","2","0","0","0","0","7","3","0","4","1","14","0","0","0","0","0","0","3","18","6","11","40","2","10","14","14","0.4","","1","2","0","0","0","0","3","18","0","0","3","0","0","0","72.7","55.3","0","0","0","0","2","2","0","0","0","0","0","0","0","0","0","0","0","0","0","0","0","0","0","0","0","0","0","0","0","0","6","11","2","1","20","40","0","0","0","0","0","0","0","0","0","0","0","0","0","0","0","0","0","0","0","0","0","0","0","clan-bulk-1.2","0","0","0"
"liga_klanow_2_2","Błyskawica Janów vs Energiq 3:1","1297892","2026-09-18 19:00","Janów hall","BRIGADIRI","1421","Energiq","","Kichev, Hristo","2004028","3","1","2","1","0","51.7","7","1","3","43","29","2","1","0","1","0","0","7","0","100","1","14","0","6","19","0","0","0","0","0","0","0","6.7","","0","0","0","0","0","0","6","19","0","0","6","0","0","0","51.7","51.7","1","0","0","0","0","1","0","0","0","0","1","1","0","0","1","1","2","4","0","0","0","0","0","0","1","0","0","0","0","1","0","0","0","0","0","0","0","0","0","0","0","0","0","0","0","0","0","0","0","0","0","0","0","1","3","0","0","0","0","clan-bulk-1.2","0","0","0"
"liga_klanow_2_2","Błyskawica Janów vs Energiq 3:1","1297892","2026-09-18 19:00","Janów hall","BRIGADIRI","1421","Energiq","","Grozdanov, Vasil","1928816","18","11","15","1","0","73.6","29","6","11","38","17","8","3","0","5","1","13","0","0","0","0","0","7","52","67","1","3","6","0","1","3","2","36.8","","0","1","0","0","0","0","52","67","7","1","48","0","0","4","73.6","58.5","3","1","0","0","2","6","2","0","2","0","1","5","0","0","0","0","0","0","6","0","3","0","9","18","0","0","0","0","0","0","1","3","0","0","2","6","0","0","0","0","0","0","0","0","0","0","0","0","0","0","0","0","0","4","3","7","5","5","0","clan-bulk-1.2","0","0","0"
"liga_klanow_2_2","Błyskawica Janów vs Energiq 3:1","1297892","2026-09-18 19:00","Janów hall","BRIGADIRI","1421","Energiq","","Tagini, Florindo","2003806","2","1","4","0","0","77","7","1","2","29","14","5","3","1","2","1","40","0","0","0","0","0","0","4","19","0","0","0","0","0","0","0","3.7","","0","1","0","0","0","0","4","19","0","0","4","0","0","0","77","66.9","1","0","0","0","3","4","0","0","1","0","0","1","1","0","0","0","1","2","0","0","0","0","0","0","0","0","0","0","0","0","0","0","0","0","0","0","0","0","0","0","0","0","0","0","0","0","0","0","0","0","0","0","0","2","1","0","1","0","0","clan-bulk-1.2","0","0","0"
"liga_klanow_2_2","Błyskawica Janów vs Energiq 3:1","1297892","2026-09-18 19:00","Janów hall","BRIGADIRI","1421","Energiq","","Kula, Stanisław","1904979","10","6","8","0","0","72.6","14","4","3","21","-7","28","15","12","13","7","68","48","0","100","15","31","7","42","72","0","0","0","0","0","0","0","57.2","","7","7","0","0","0","0","42","72","5","0","32","2","0","10","72.6","58.7","2","1","2","0","6","11","1","0","1","0","0","2","0","0","0","0","1","1","0","0","0","0","0","0","0","0","0","0","0","0","0","0","0","0","0","0","0","0","0","0","0","0","0","0","0","0","0","0","0","0","0","0","0","4","3","1","2","3","0","clan-bulk-1.2","0","0","0"
"liga_klanow_2_2","Błyskawica Janów vs Energiq 3:1","1297892","2026-09-18 19:00","Janów hall","BRIGADIRI","1421","Energiq","","Zdaniewicz, Piotr","1745014","17","5","13","0","0","68.2","29","12","6","21","-21","11","4","0","7","1","9","0","0","0","0","0","11","59","78","0","0","0","0","0","0","0","23.2","","1","1","0","0","0","0","59","78","11","3","46","0","0","13","68.2","54.9","1","0","1","0","3","5","0","0","1","0","0","1","0","0","0","0","0","0","4","2","8","1","8","23","0","0","0","0","0","0","0","0","0","0","0","0","0","0","0","0","0","0","0","0","0","0","0","0","0","0","0","0","0","4","3","1","5","9","0","clan-bulk-1.2","0","0","0"
"liga_klanow_2_2","Błyskawica Janów vs Energiq 3:1","1297892","2026-09-18 19:00","Janów hall","BRIGADIRI","1421","Energiq","","Brizola, Dilson","1681966","0","0","0","0","0","0","0","0","0","0","0","39","26","18","13","7","64","4","0","100","0","0","0","0","0","2","3","7","0","1","2","4","18.8","","5","5","0","0","0","0","0","0","0","0","0","0","0","0","0","0","0","0","0","0","0","0","0","0","0","0","0","0","0","0","0","0","0","0","0","0","0","0","0","0","0","0","0","0","0","0","2","3","0","0","2","7","0","0","0","0","0","0","0","0","0","0","0","0","0","0","0","0","0","0","0","0","0","0","0","clan-bulk-1.2","0","0","0"
"liga_klanow_2_2","Błyskawica Janów vs Energiq 3:1","1297892","2026-09-18 19:00","Janów hall","BRIGADIRI","1421","Energiq","","Markov, Georgi","1950401","0","0","9","0","0","67.3","1","0","0","0","0","20","10","6","10","6","60","0","0","0","0","0","0","16","51","36","17","104","10","26","39","29","7.2","","4","4","0","0","0","0","16","51","0","0","16","0","0","0","67.3","59.8","0","0","0","0","1","1","0","0","0","0","0","0","0","0","0","0","0","0","0","0","0","0","0","0","0","0","0","0","0","0","36","17","3","8","40","104","0","0","0","0","0","0","0","0","0","0","0","0","0","0","0","0","0","0","0","0","0","0","0","clan-bulk-1.2","0","0","0"
"liga_klanow_2_2","Błyskawica Janów vs Energiq 3:1","1297892","2026-09-18 19:00","Janów hall","BRIGADIRI","1421","Energiq","","Ramires, Josino","1681992","12","2","13","1","1","56.4","37","8","11","30","8","14","10","4","4","2","43","28","1","96","10","36","0","18","54","0","0","0","0","0","0","0","30.4","","2","2","0","0","0","0","18","54","0","0","16","0","0","2","56.4","49.9","1","0","1","0","7","9","0","0","2","0","0","2","6","1","2","3","10","22","0","0","0","0","0","0","1","1","1","0","1","4","0","0","0","0","0","0","0","0","0","0","0","0","0","0","0","0","0","0","0","0","0","0","0","3","0","5","1","6","0","clan-bulk-1.2","0","0","0"
"liga_klanow_2_2","Błyskawica Janów vs Energiq 3:1","1297892","2026-09-18 19:00","Janów hall","BRIGADIRI","1421","Energiq","","Georgiev, Ivan","2002428","7","0","2","1","0","63.2","15","6","7","47","7","7","4","4","3","1","71","0","0","0","0","0","0","6","18","0","0","0","0","0","0","0","9","","1","1","0","0","0","0","6","18","0","0","5","0","0","1","63.2","63.2","0","0","0","0","1","1","0","0","2","0","0","2","6","1","3","0","1","11","0","0","0","0","0","0","1","0","0","0","0","1","0","0","0","0","0","0","0","0","0","0","0","0","0","0","0","0","0","0","0","0","0","0","0","1","0","9","0","0","0","clan-bulk-1.2","0","0","0"
"liga_klanow_2_2","Błyskawica Janów vs Energiq 3:1","1297892","2026-09-18 19:00","Janów hall","BRIGADIRI","1421","Energiq","","Bettelheim, Gerald","1929560","11","5","10","1","1","60.7","19","5","7","37","11","7","4","1","3","1","29","0","0","0","0","0","3","19","39","0","0","0","0","0","0","0","20.9","","1","2","0","0","0","0","19","39","3","1","17","0","0","2","60.7","53.7","0","0","0","0","3","3","0","0","1","0","0","1","4","1","1","0","4","10","0","0","0","0","0","0","3","1","1","0","0","5","0","0","0","0","0","0","0","0","0","0","0","0","0","0","0","0","0","0","0","0","0","0","0","2","0","0","8","6","0","clan-bulk-1.2","0","0","0"
"liga_klanow_2_2","The Ops vs Атлетик Слава 23 3:0","1297893","2026-09-18 19:00","Bagno","Side Out","1421","The Ops","","Père, Clément","1767902","2","2","16","0","0","59.4","0","0","0","0","0","12","11","6","1","0","50","0","0","0","0","0","2","29","51","38","6","72","21","34","13","4","10.8","{""sets"":[{""h"":25,""a"":22},{""h"":25,""a"":13},{""h"":25,""a"":12}],""parsedSets"":[{""rallies"":[{""type"":""end"",""score"":""25 : 22"",""txt"":""Koniec seta 1 : 0""},{""type"":""end"",""score"":""25 : 22"",""txt"":""Koniec seta 1 : 0""},{""type"":""rally"",""score"":""25 : 22"",""speed"":""47.8 km/h"",""res"":""Punkt: C. Ferrante""},{""type"":""rally"",""score"":""24 : 22"",""speed"":""56.1 km/h"",""res"":""Punkt: M. Nogueira""},{""type"":""rally"",""score"":""23 : 22"",""speed"":""44.4 km/h"",""res"":""Punkt: C. Ferrante""},{""type"":""rally"",""score"":""22 : 22"",""speed"":""53.6 km/h"",""res"":""Błąd: C. Ferrante""},{""type"":""rally"",""score"":""22 : 21"",""speed"":""44.1 km/h"",""res"":""Punkt: V. Kúnev""},{""type"":""rally"",""score"":""22 : 20"",""speed"":""51.8 km/h"",""res"":""Punkt: V. Kúnev""},{""type"":""rally"",""score"":""22 : 19"",""speed"":""57.9 km/h"",""res"":""Punkt: V. Kúnev""},{""type"":""rally"",""score"":""22 : 18"",""speed"":""55.4 km/h"",""res"":""Punkt: C. Ferrante""},{""type"":""rally"",""score"":""21 : 18"",""speed"":""51.2 km/h"",""res"":""Punkt: K. Tomšík""},{""type"":""rally"",""score"":""20 : 18"",""speed"":""53.8 km/h"",""res"":""Punkt: V. Kúnev""},{""type"":""tmo"",""score"":""20 : 17"",""txt"":""Czas: The Ops""},{""type"":""rally"",""score"":""20 : 17"",""speed"":""49.2 km/h"",""res"":""Punkt: V. Kúnev""},{""type"":""rally"",""score"":""20 : 16"",""speed"":""59.8 km/h"",""res"":""Punkt: V. Kúnev""},{""type"":""rally"",""score"":""20 : 15"",""speed"":""47.4 km/h"",""res"":""Punkt: Ł. Kaliński""},{""type"":""rally"",""score"":""20 : 14"",""speed"":""59.4 km/h"",""res"":""Punkt: K. Tomšík""},{""type"":""rally"",""score"":""19 : 14"",""speed"":""58.6 km/h"",""res"":""Punkt: V. Dimov""},{""type"":""rally"",""score"":""19 : 13"",""speed"":""57.7 km/h"",""res"":""Punkt: Ł. Kaliński""},{""type"":""tmo"",""score"":""19 : 12"",""txt"":""Czas: Атлетик Слава 23""},{""type"":""rally"",""score"":""19 : 12"",""speed"":""46.3 km/h"",""res"":""Punkt: P. Klein""},{""type"":""rally"",""score"":""18 : 12"",""speed"":""65.2 km/h"",""res"":""Punkt: K. Tomšík""},{""type"":""rally"",""score"":""17 : 12"",""speed"":""52.3 km/h"",""res"":""Błąd: K. Tomšík""},{""type"":""rally"",""score"":""17 : 11"",""speed"":""48.5 km/h"",""res"":""Punkt: C. Ferrante""},{""type"":""rally"",""score"":""16 : 11"",""speed"":""45.5 km/h"",""res"":""Punkt: V. Kúnev""},{""type"":""chg"",""score"":""16 : 10"",""txt"":""Zmiana: V. Mladenov ⇄ P. Stoyanov""},{""type"":""tmo"",""score"":""16 : 10"",""txt"":""Czas: ""},{""type"":""rally"",""score"":""16 : 10"",""speed"":""58.3 km/h"",""res"":""Punkt: C. Ferrante""},{""type"":""rally"",""score"":""15 : 10"",""speed"":""64.4 km/h"",""res"":""Punkt: C. Ferrante""},{""type"":""rally"",""score"":""14 : 10"",""speed"":""58.0 km/h"",""res"":""Punkt: V. Kúnev""},{""type"":""tmo"",""score"":""14 : 9"",""txt"":""Czas: Атлетик Слава 23""},{""type"":""rally"",""score"":""14 : 9"",""speed"":""41.4 km/h"",""res"":""Punkt: C. Ferrante""},{""type"":""rally"",""score"":""13 : 9"",""speed"":""58.1 km/h"",""res"":""Błąd: V. Kúnev""},{""type"":""chg"",""score"":""12 : 9"",""txt"":""Zmiana: J. Czarnecki ⇄ R. Kabranski""},{""type"":""rally"",""score"":""12 : 9"",""speed"":""47.6 km/h"",""res"":""Punkt: P. Väin""},{""type"":""rally"",""score"":""11 : 9"",""speed"":""54.2 km/h"",""res"":""Punkt: V. Kúnev""},{""type"":""rally"",""score"":""11 : 8"",""speed"":""50.9 km/h"",""res"":""Punkt: K. Tomšík""},{""type"":""rally"",""score"":""10 : 8"",""speed"":""51.1 km/h"",""res"":""Punkt: Ł. Kaliński""},{""type"":""rally"",""score"":""10 : 7"",""speed"":""48.1 km/h"",""res"":""Punkt: K. Tomšík""},{""type"":""rally"",""score"":""9 : 7"",""speed"":""49.5 km/h"",""res"":""Punkt: M. Nogueira""},{""type"":""rally"",""score"":""8 : 7"",""speed"":""55.5 km/h"",""res"":""Punkt: Ł. Kaliński""},{""type"":""tmo"",""score"":""8 : 6"",""txt"":""Czas: ""},{""type"":""rally"",""score"":""8 : 6"",""speed"":""52.9 km/h"",""res"":""Punkt: P. Klein""},{""type"":""rally"",""score"":""7 : 6"",""speed"":""52.0 km/h"",""res"":""Punkt: M. Nogueira""},{""type"":""rally"",""score"":""6 : 6"",""speed"":""45.1 km/h"",""res"":""Punkt: Ł. Kaliński""},{""type"":""rally"",""score"":""6 : 5"",""speed"":""45.8 km/h"",""res"":""Punkt: Ł. Kaliński""},{""type"":""rally"",""score"":""6 : 4"",""speed"":""59.5 km/h"",""res"":""Punkt: K. Tomšík""},{""type"":""rally"",""score"":""5 : 4"",""speed"":""47.2 km/h"",""res"":""Punkt: M. Nogueira""},{""type"":""rally"",""score"":""4 : 4"",""speed"":""54.8 km/h"",""res"":""Punkt: C. Ferrante""},{""type"":""chg"",""score"":""3 : 4"",""txt"":""Zmiana: C. Père ⇄ K. Rönk""},{""type"":""rally"",""score"":""3 : 4"",""speed"":""59.6 km/h"",""res"":""Punkt: Ł. Kaliński""},{""type"":""rally"",""score"":""3 : 3"",""speed"":""-"",""res"":""Błąd: P. Väin""},{""type"":""rally"",""score"":""3 : 2"",""speed"":""54.5 km/h"",""res"":""Punkt: P. Väin""},{""type"":""rally"",""score"":""2 : 2"",""speed"":""72.0 km/h"",""res"":""Błąd: C. Ferrante""},{""type"":""rally"",""score"":""2 : 1"",""speed"":""56.9 km/h"",""res"":""Punkt: V. Dimov""},{""type"":""rally"",""score"":""2 : 0"",""speed"":""54.1 km/h"",""res"":""Punkt: M. Nogueira""},{""type"":""chg"",""score"":""1 : 0"",""txt"":""Zmiana: M. Nogueira ⇄ I. De Lima""},{""type"":""chg"",""score"":""1 : 0"",""txt"":""Zmiana: K. Rönk ⇄ C. Père""},{""type"":""chg"",""score"":""1 : 0"",""txt"":""Zmiana: P. Väin ⇄ M. Mihaylov""},{""type"":""chg"",""score"":""1 : 0"",""txt"":""Zmiana: C. Ferrante ⇄ W. Juarez""},{""type"":""rally"",""score"":""1 : 0"",""speed"":""57.7 km/h"",""res"":""Punkt: W. Juarez""}]},{""rallies"":[{""type"":""end"",""score"":""25 : 13"",""txt"":""Koniec seta 2 : 0""},{""type"":""end"",""score"":""25 : 13"",""txt"":""Koniec seta 2 : 0""},{""type"":""rally"",""score"":""25 : 13"",""speed"":""69.4 km/h"",""res"":""Punkt: P. Klein""},{""type"":""rally"",""score"":""24 : 13"",""speed"":""50.3 km/h"",""res"":""Punkt: I. De Lima""},{""type"":""rally"",""score"":""23 : 13"",""speed"":""51.3 km/h"",""res"":""Punkt: K. Lichev""},{""type"":""rally"",""score"":""23 : 12"",""speed"":""54.3 km/h"",""res"":""Punkt: K. Tomšík""},{""type"":""rally"",""score"":""22 : 12"",""speed"":""61.4 km/h"",""res"":""Punkt: P. Klein""},{""type"":""rally"",""score"":""21 : 12"",""speed"":""67.3 km/h"",""res"":""Punkt: K. Tomšík""},{""type"":""rally"",""score"":""20 : 12"",""speed"":""-"",""res"":""Błąd: V. Dimov""},{""type"":""rally"",""score"":""19 : 12"",""speed"":""67.4 km/h"",""res"":""Punkt: V. Dimov""},{""type"":""rally"",""score"":""19 : 11"",""speed"":""64.5 km/h"",""res"":""Punkt: V. Dimov""},{""type"":""rally"",""score"":""19 : 10"",""speed"":""-"",""res"":""Błąd: M. Kaczmarczyk""},{""type"":""rally"",""score"":""18 : 10"",""speed"":""48.8 km/h"",""res"":""Punkt: K. Lichev""},{""type"":""rally"",""score"":""18 : 9"",""speed"":""44.0 km/h"",""res"":""Punkt: W. Juarez""},{""type"":""rally"",""score"":""17 : 9"",""speed"":""52.8 km/h"",""res"":""Punkt: W. Juarez""},{""type"":""rally"",""score"":""16 : 9"",""speed"":""58.5 km/h"",""res"":""Punkt: Ł. Kaliński""},{""type"":""chg"",""score"":""16 : 8"",""txt"":""Zmiana: V. Mladenov ⇄ P. Stoyanov""},{""type"":""tmo"",""score"":""16 : 8"",""txt"":""Czas: ""},{""type"":""rally"",""score"":""16 : 8"",""speed"":""54.8 km/h"",""res"":""Punkt: K. Tomšík""},{""type"":""rally"",""score"":""15 : 8"",""speed"":""57.5 km/h"",""res"":""Punkt: Ł. Kaliński""},{""type"":""rally"",""score"":""15 : 7"",""speed"":""49.0 km/h"",""res"":""Punkt: M. Mihaylov""},{""type"":""rally"",""score"":""14 : 7"",""speed"":""51.0 km/h"",""res"":""Punkt: K. Tomšík""},{""type"":""rally"",""score"":""13 : 7"",""speed"":""44.4 km/h"",""res"":""Punkt: K. Tomšík""},{""type"":""chg"",""score"":""12 : 7"",""txt"":""Zmiana: J. Czarnecki ⇄ R. Kabranski""},{""type"":""rally"",""score"":""12 : 7"",""speed"":""56.1 km/h"",""res"":""Punkt: K. Tomšík""},{""type"":""rally"",""score"":""11 : 7"",""speed"":""60.8 km/h"",""res"":""Punkt: P. Klein""},{""type"":""rally"",""score"":""10 : 7"",""speed"":""60.1 km/h"",""res"":""Punkt: Ł. Kaliński""},{""type"":""rally"",""score"":""10 : 6"",""speed"":""64.5 km/h"",""res"":""Punkt: Ł. Kaliński""},{""type"":""rally"",""score"":""10 : 5"",""speed"":""58.6 km/h"",""res"":""Punkt: K. Tomšík""},{""type"":""tmo"",""score"":""9 : 5"",""txt"":""Czas: Атлетик Слава 23""},{""type"":""rally"",""score"":""9 : 5"",""speed"":""70.5 km/h"",""res"":""Punkt: K. Tomšík""},{""type"":""tmo"",""score"":""8 : 5"",""txt"":""Czas: ""},{""type"":""rally"",""score"":""8 : 5"",""speed"":""54.8 km/h"",""res"":""Punkt: K. Tomšík""},{""type"":""rally"",""score"":""7 : 5"",""speed"":""66.2 km/h"",""res"":""Punkt: I. De Lima""},{""type"":""rally"",""score"":""6 : 5"",""speed"":""61.0 km/h"",""res"":""Punkt: K. Lichev""},{""type"":""rally"",""score"":""6 : 4"",""speed"":""-"",""res"":""Błąd: V. Dimov""},{""type"":""rally"",""score"":""5 : 4"",""speed"":""60.9 km/h"",""res"":""Punkt: B. Popov""},{""type"":""rally"",""score"":""5 : 3"",""speed"":""56.3 km/h"",""res"":""Punkt: K. Lichev""},{""type"":""tmo"",""score"":""5 : 2"",""txt"":""Czas: Атлетик Слава 23""},{""type"":""rally"",""score"":""5 : 2"",""speed"":""44.1 km/h"",""res"":""Punkt: I. De Lima""},{""type"":""rally"",""score"":""4 : 2"",""speed"":""47.8 km/h"",""res"":""Punkt: P. Klein""},{""type"":""rally"",""score"":""3 : 2"",""speed"":""44.7 km/h"",""res"":""Punkt: P. Klein""},{""type"":""rally"",""score"":""2 : 2"",""speed"":""54.2 km/h"",""res"":""Punkt: I. De Lima""},{""type"":""rally"",""score"":""1 : 2"",""speed"":""49.4 km/h"",""res"":""Punkt: W. Juarez""},{""type"":""rally"",""score"":""0 : 2"",""speed"":""45.3 km/h"",""res"":""Punkt: K. Lichev""},{""type"":""chg"",""score"":""0 : 1"",""txt"":""Zmiana: K. Lichev ⇄ V. Kúnev""},{""type"":""rally"",""score"":""0 : 1"",""speed"":""53.1 km/h"",""res"":""Punkt: V. Kúnev""}]},{""rallies"":[{""type"":""end"",""score"":""25 : 12"",""txt"":""Koniec seta 3 : 0""},{""type"":""end"",""score"":""25 : 12"",""txt"":""Koniec seta 3 : 0""},{""type"":""rally"",""score"":""25 : 12"",""speed"":""47.5 km/h"",""res"":""Punkt: K. Tomšík""},{""type"":""rally"",""score"":""24 : 12"",""speed"":""57.0 km/h"",""res"":""Punkt: Ł. Kaliński""},{""type"":""rally"",""score"":""24 : 11"",""speed"":""-"",""res"":""Błąd: B. Popov""},{""type"":""rally"",""score"":""23 : 11"",""speed"":""53.7 km/h"",""res"":""Punkt: Ł. Kaliński""},{""type"":""rally"",""score"":""23 : 10"",""speed"":""68.0 km/h"",""res"":""Punkt: I. De Lima""},{""type"":""rally"",""score"":""22 : 10"",""speed"":""63.2 km/h"",""res"":""Punkt: P. Klein""},{""type"":""rally"",""score"":""21 : 10"",""speed"":""46.1 km/h"",""res"":""Punkt: V. Mladenov""},{""type"":""rally"",""score"":""21 : 9"",""speed"":""50.7 km/h"",""res"":""Punkt: I. De Lima""},{""type"":""rally"",""score"":""20 : 9"",""speed"":""66.3 km/h"",""res"":""Punkt: V. Mladenov""},{""type"":""rally"",""score"":""20 : 8"",""speed"":""46.9 km/h"",""res"":""Błąd: V. Mladenov""},{""type"":""rally"",""score"":""19 : 8"",""speed"":""54.0 km/h"",""res"":""Punkt: W. Juarez""},{""type"":""rally"",""score"":""18 : 8"",""speed"":""50.0 km/h"",""res"":""Punkt: M. Mihaylov""},{""type"":""rally"",""score"":""17 : 8"",""speed"":""59.6 km/h"",""res"":""Punkt: I. De Lima""},{""type"":""rally"",""score"":""16 : 8"",""speed"":""44.9 km/h"",""res"":""Punkt: V. Kúnev""},{""type"":""chg"",""score"":""16 : 7"",""txt"":""Zmiana: V. Mladenov ⇄ P. Stoyanov""},{""type"":""tmo"",""score"":""16 : 7"",""txt"":""Czas: ""},{""type"":""rally"",""score"":""16 : 7"",""speed"":""47.0 km/h"",""res"":""Punkt: I. De Lima""},{""type"":""rally"",""score"":""15 : 7"",""speed"":""58.6 km/h"",""res"":""Punkt: V. Dimov""},{""type"":""rally"",""score"":""15 : 6"",""speed"":""53.1 km/h"",""res"":""Błąd: V. Kúnev""},{""type"":""rally"",""score"":""14 : 6"",""speed"":""61.0 km/h"",""res"":""Punkt: P. Stoyanov""},{""type"":""rally"",""score"":""14 : 5"",""speed"":""44.6 km/h"",""res"":""Punkt: C. Père""},{""type"":""rally"",""score"":""13 : 5"",""speed"":""50.9 km/h"",""res"":""Punkt: K. Tomšík""},{""type"":""rally"",""score"":""12 : 5"",""speed"":""53.9 km/h"",""res"":""Błąd: K. Tomšík""},{""type"":""rally"",""score"":""12 : 4"",""speed"":""69.5 km/h"",""res"":""Błąd: K. Tomšík""},{""type"":""chg"",""score"":""12 : 3"",""txt"":""Zmiana: J. Czarnecki ⇄ R. Kabranski""},{""type"":""tmo"",""score"":""12 : 3"",""txt"":""Czas: Атлетик Слава 23""},{""type"":""rally"",""score"":""12 : 3"",""speed"":""50.9 km/h"",""res"":""Punkt: K. Tomšík""},{""type"":""rally"",""score"":""11 : 3"",""speed"":""57.8 km/h"",""res"":""Punkt: C. Père""},{""type"":""rally"",""score"":""10 : 3"",""speed"":""46.8 km/h"",""res"":""Punkt: I. De Lima""},{""type"":""rally"",""score"":""9 : 3"",""speed"":""55.8 km/h"",""res"":""Punkt: Ł. Kaliński""},{""type"":""rally"",""score"":""9 : 2"",""speed"":""59.7 km/h"",""res"":""Błąd: B. Popov""},{""type"":""tmo"",""score"":""8 : 2"",""txt"":""Czas: ""},{""type"":""rally"",""score"":""8 : 2"",""speed"":""52.6 km/h"",""res"":""Punkt: M. Mihaylov""},{""type"":""rally"",""score"":""7 : 2"",""speed"":""44.2 km/h"",""res"":""Błąd: I. De Lima""},{""type"":""rally"",""score"":""7 : 1"",""speed"":""53.4 km/h"",""res"":""Punkt: I. De Lima""},{""type"":""rally"",""score"":""6 : 1"",""speed"":""59.4 km/h"",""res"":""Punkt: V. Kúnev""},{""type"":""rally"",""score"":""6 : 0"",""speed"":""50.2 km/h"",""res"":""Punkt: W. Juarez""},{""type"":""rally"",""score"":""5 : 0"",""speed"":""59.3 km/h"",""res"":""Punkt: M. Mihaylov""},{""type"":""rally"",""score"":""4 : 0"",""speed"":""51.9 km/h"",""res"":""Punkt: M. Mihaylov""},{""type"":""tmo"",""score"":""3 : 0"",""txt"":""Czas: Атлетик Слава 23""},{""type"":""rally"",""score"":""3 : 0"",""speed"":""52.0 km/h"",""res"":""Punkt: W. Juarez""},{""type"":""rally"",""score"":""2 : 0"",""speed"":""53.0 km/h"",""res"":""Punkt: W. Juarez""},{""type"":""rally"",""score"":""1 : 0"",""speed"":""44.3 km/h"",""res"":""Punkt: I. De Lima""}]}]}","0","0","0","0","0","0","29","51","2","0","25","0","0","4","59.4","51.7","0","0","0","0","0","0","0","0","0","0","0","0","0","0","0","0","0","0","0","0","0","0","0","0","0","0","0","0","0","0","38","6","2","3","23","72","0","0","0","0","0","0","0","0","0","0","0","0","0","0","0","0","0","1","0","0","2","0","0","clan-bulk-1.2","0","0","0"
"liga_klanow_2_2","The Ops vs Атлетик Слава 23 3:0","1297893","2026-09-18 19:00","Bagno","Side Out","1421","The Ops","","Mihaylov, Mladen","1864454","5","5","11","0","0","66.3","4","0","3","75","75","9","8","4","1","1","56","5","0","100","2","40","2","18","27","0","0","0","0","0","0","0","18.4","","1","1","0","0","0","0","18","27","2","1","16","0","0","2","66.3","52.1","0","0","0","0","0","0","0","0","0","0","0","0","1","0","0","0","1","2","0","0","0","0","0","0","2","0","0","0","0","2","0","0","0","0","0","0","0","0","0","0","0","0","0","0","0","0","0","0","0","0","0","0","0","2","0","1","4","0","0","clan-bulk-1.2","0","0","0"
"liga_klanow_2_2","The Ops vs Атлетик Слава 23 3:0","1297893","2026-09-18 19:00","Bagno","Side Out","1421","The Ops","","Juarez, Walter","2032551","8","7","8","0","0","67.3","9","1","6","67","56","2","2","0","0","0","0","0","0","0","0","0","2","19","28","0","1","1","0","0","1","0","16.5","","0","0","0","0","0","0","19","28","2","0","16","0","0","3","67.3","57.1","1","0","0","0","2","3","0","0","1","0","0","1","0","0","0","0","0","0","5","0","0","0","0","5","0","0","0","0","0","0","0","1","0","0","0","1","0","0","0","0","0","0","0","0","0","0","0","0","0","0","0","0","0","3","1","3","4","0","0","clan-bulk-1.2","0","0","0"
"liga_klanow_2_2","The Ops vs Атлетик Слава 23 3:0","1297893","2026-09-18 19:00","Bagno","Side Out","1421","The Ops","","De Lima, Isildo","2003952","12","11","10","0","1","70.5","15","1","11","73","67","6","4","2","2","1","50","0","0","0","0","0","0","20","35","0","0","0","0","0","0","0","38.9","","1","1","0","0","0","0","20","35","0","0","16","0","1","4","70.5","61.8","1","0","0","0","1","2","1","0","1","0","0","2","8","0","0","1","1","10","0","0","0","0","0","0","0","0","0","0","1","1","0","0","0","0","0","0","0","0","0","0","0","0","0","0","0","0","0","0","0","0","0","0","0","2","0","4","8","0","0","clan-bulk-1.2","0","0","0"
"liga_klanow_2_2","The Ops vs Атлетик Слава 23 3:0","1297893","2026-09-18 19:00","Bagno","Side Out","1421","The Ops","","Klein, Patrick","1903796","9","9","11","0","0","61","2","0","1","50","50","17","13","5","4","2","41","23","0","100","10","43","8","38","54","0","0","0","0","0","0","0","44","","1","1","0","0","0","0","38","54","7","0","31","1","0","7","61","51.6","1","0","0","0","0","1","0","0","0","0","0","0","0","0","0","0","0","0","0","0","0","0","0","0","0","0","0","0","1","1","0","0","0","0","0","0","0","0","0","0","0","0","0","0","0","0","0","0","0","0","0","0","0","3","2","5","1","0","0","clan-bulk-1.2","0","0","0"
"liga_klanow_2_2","The Ops vs Атлетик Слава 23 3:0","1297893","2026-09-18 19:00","Bagno","Side Out","1421","The Ops","","Tomšík, Karl","2003344","19","14","5","0","0","58.6","27","5","12","44","26","4","1","1","3","2","75","0","0","0","0","0","7","42","58","0","0","0","0","0","0","0","44.3","","0","0","0","0","0","0","42","58","7","1","38","0","0","4","58.6","56.9","0","0","0","0","1","1","0","1","1","0","1","3","0","0","0","0","0","0","11","2","1","1","8","23","0","0","0","0","0","0","0","0","0","0","0","0","0","0","0","0","0","0","0","0","0","0","0","0","0","0","0","0","0","3","7","9","5","0","0","clan-bulk-1.2","0","0","0"
"liga_klanow_2_2","The Ops vs Атлетик Слава 23 3:0","1297893","2026-09-18 19:00","Bagno","Side Out","1421","The Ops","","Hürrem, Veli","1686107","0","0","0","0","0","0","0","0","0","0","0","14","12","8","2","1","64","12","0","100","7","58","0","0","0","3","0","5","0","2","1","2","14.4","","1","1","0","0","0","0","0","0","0","0","0","0","0","0","0","0","0","0","0","0","0","0","0","0","0","0","0","0","0","0","0","0","0","0","0","0","0","0","0","0","0","0","0","0","0","0","3","0","0","0","2","5","0","0","0","0","0","0","0","0","0","0","0","0","0","0","0","0","0","0","0","0","0","0","0","clan-bulk-1.2","0","0","0"
"liga_klanow_2_2","The Ops vs Атлетик Слава 23 3:0","1297893","2026-09-18 19:00","Bagno","Side Out","1421","The Ops","","Nogueira, Martinho","1928968","5","5","4","0","0","57.7","5","0","1","20","20","8","7","3","1","0","38","0","0","0","0","0","4","9","17","0","0","0","0","0","0","0","16.4","","0","1","0","0","0","0","9","17","4","0","8","0","0","1","57.7","53.1","0","0","0","0","2","2","0","0","0","0","0","0","0","0","0","0","1","1","0","0","0","0","0","0","1","0","0","0","1","2","0","0","0","0","0","0","0","0","0","0","0","0","0","0","0","0","0","0","0","0","0","0","0","1","5","0","0","0","0","clan-bulk-1.2","0","0","0"
"liga_klanow_2_2","The Ops vs Атлетик Слава 23 3:0","1297893","2026-09-18 19:00","Bagno","Side Out","1421","The Ops","","Väin, Paadu","2089009","2","0","3","1","0","58.3","5","1","2","40","20","4","4","1","0","0","25","4","0","100","1","25","0","9","22","0","0","0","0","0","0","0","4.3","","0","0","0","0","0","0","9","22","0","1","9","0","0","0","58.3","51.9","0","0","1","0","1","2","0","0","0","0","0","0","2","0","0","0","1","3","0","0","0","0","0","0","0","0","0","0","0","0","0","0","0","0","0","0","0","0","0","0","0","0","0","0","0","0","0","0","0","0","0","0","0","1","3","0","0","0","0","clan-bulk-1.2","0","0","0"
"liga_klanow_2_2","The Ops vs Атлетик Слава 23 3:0","1297893","2026-09-18 19:00","Bagno","Side Out","1421","The Ops","","Rönk, Karl","1724774","0","0","2","0","0","56.9","0","0","0","0","0","3","3","1","0","0","33","0","0","0","0","0","0","0","0","1","0","3","1","1","1","0","0.8","","0","0","0","0","0","0","0","0","0","0","0","0","0","0","56.9","55.5","0","0","0","0","0","0","0","0","0","0","0","0","0","0","0","0","0","0","0","0","0","0","0","0","0","0","0","0","0","0","1","0","0","1","1","3","0","0","0","0","0","0","0","0","0","0","0","0","0","0","0","0","0","0","0","0","0","0","0","clan-bulk-1.2","0","0","0"
"liga_klanow_2_2","The Ops vs Атлетик Слава 23 3:0","1297893","2026-09-18 19:00","Bagno","Side Out","1421","The Ops","","Ferrante, Crispim","2032836","8","4","4","0","0","59.5","15","4","8","53","27","0","0","0","0","0","0","0","0","0","0","0","0","8","17","0","0","1","0","0","1","0","15.4","","0","0","0","0","0","0","8","17","0","0","5","0","0","3","59.5","51.2","0","0","0","0","1","1","1","1","0","0","0","2","0","0","0","0","0","0","7","1","2","0","2","12","0","0","0","0","0","0","0","0","0","1","0","1","0","0","0","0","0","0","0","0","0","0","0","0","0","0","0","0","0","1","10","0","0","0","0","clan-bulk-1.2","0","0","0"
"liga_klanow_2_2","The Ops vs Атлетик Слава 23 3:0","1297893","2026-09-18 19:00","Bagno","BRIGADIRI","1421","Атлетик Слава 23","","Kaczmarczyk, Marek","1975859","0","-1","10","1","0","53.6","0","0","0","0","0","16","11","1","5","0","6","0","0","0","0","0","0","7","40","34","25","102","10","21","44","27","-0.2","","0","0","0","0","0","0","7","40","0","0","7","0","0","0","53.6","48.5","0","0","0","0","0","0","0","0","0","0","0","0","0","0","0","0","0","0","0","0","0","0","0","0","0","0","0","0","0","0","34","25","4","4","35","102","0","0","0","0","0","1","0","0","0","0","0","0","0","0","0","0","0","1","0","1","0","0","0","clan-bulk-1.2","0","0","0"
"liga_klanow_2_2","The Ops vs Атлетик Слава 23 3:0","1297893","2026-09-18 19:00","Bagno","BRIGADIRI","1421","Атлетик Слава 23","","Dimov, Vasil","2087640","5","-4","9","2","0","72","13","6","4","31","-15","16","10","3","6","0","19","57","1","98","15","26","1","11","43","0","0","0","0","0","0","0","25.8","","0","0","0","0","0","0","11","43","1","0","10","0","0","1","72","61.7","0","0","0","0","1","1","0","0","2","0","0","2","3","0","2","0","1","6","0","0","0","0","0","0","1","0","2","0","1","4","0","0","0","0","0","0","3","11","23","19","56","3","0","0","0","0","0","0","0","0","0","0","0","3","2","4","1","0","0","clan-bulk-1.2","0","0","0"
"liga_klanow_2_2","The Ops vs Атлетик Слава 23 3:0","1297893","2026-09-18 19:00","Bagno","BRIGADIRI","1421","Атлетик Слава 23","","Kúnev, Vasil","2002804","15","11","5","0","0","59.6","26","4","12","46","31","2","1","0","1","0","0","0","0","0","0","0","3","22","35","0","0","0","0","0","0","0","33.2","","0","0","0","0","0","0","22","35","2","1","19","1","0","3","59.6","53.2","1","0","0","0","0","1","1","0","2","2","0","5","0","0","0","0","0","0","8","2","0","0","10","20","0","0","0","0","0","0","0","0","0","0","0","0","0","0","0","0","0","0","0","0","0","0","0","0","0","0","0","0","0","3","10","1","3","0","0","clan-bulk-1.2","0","0","0"
"liga_klanow_2_2","The Ops vs Атлетик Слава 23 3:0","1297893","2026-09-18 19:00","Bagno","BRIGADIRI","1421","Атлетик Слава 23","","Stoyanov, Pavel","2088525","2","-2","5","0","0","60.8","8","4","2","25","-25","7","5","3","2","2","71","0","0","0","0","0","0","2","27","0","0","0","0","0","0","0","1.2","","1","1","0","0","0","0","2","27","0","0","2","0","0","0","60.8","53","0","0","0","0","1","1","0","0","3","0","0","3","0","0","0","0","1","1","0","0","0","0","0","0","1","0","1","1","0","3","0","0","0","0","0","0","0","0","0","0","0","3","0","0","0","0","0","2","0","0","0","0","0","1","0","0","1","0","0","clan-bulk-1.2","0","0","0"
"liga_klanow_2_2","The Ops vs Атлетик Слава 23 3:0","1297893","2026-09-18 19:00","Bagno","BRIGADIRI","1421","Атлетик Слава 23","","Popov, Boris","2087641","1","-4","7","1","0","59.4","7","4","0","0","-57","20","8","4","12","5","45","7","0","100","2","29","1","10","39","0","0","0","0","0","0","0","4.8","","3","4","0","0","0","0","10","39","1","0","8","0","0","2","59.4","54.5","0","0","1","0","0","1","0","0","0","0","0","0","0","1","2","0","3","6","0","0","0","0","0","0","0","0","0","0","0","0","0","0","0","0","0","0","3","1","3","0","7","4","0","0","0","0","0","5","0","0","0","0","0","2","0","1","2","0","0","clan-bulk-1.2","0","0","0"
"liga_klanow_2_2","The Ops vs Атлетик Слава 23 3:0","1297893","2026-09-18 19:00","Bagno","BRIGADIRI","1421","Атлетик Слава 23","","Kaliński, Łukasz","2002803","15","10","8","0","0","59.8","29","5","15","52","34","7","2","0","5","1","14","0","0","0","0","0","0","20","36","0","0","0","0","0","0","0","29.7","","1","2","0","0","0","0","20","36","0","1","18","0","0","2","59.8","52.3","0","0","0","0","1","1","1","0","3","1","1","6","0","0","0","0","0","0","13","0","2","0","7","22","0","0","0","0","0","0","0","0","0","0","0","0","0","0","0","0","0","0","0","0","0","0","0","1","0","0","0","0","0","3","7","4","3","0","0","clan-bulk-1.2","0","0","0"
"liga_klanow_2_2","The Ops vs Атлетик Слава 23 3:0","1297893","2026-09-18 19:00","Bagno","BRIGADIRI","1421","Атлетик Слава 23","","Kabranski, Radoy","2004152","0","0","0","0","0","0","0","0","0","0","0","10","7","3","3","1","40","3","0","100","0","0","0","0","0","0","0","0","0","0","0","0","4","","1","1","0","0","0","0","0","0","0","0","0","0","0","0","0","0","0","0","0","0","0","0","0","0","0","0","0","0","0","0","0","0","0","0","0","0","0","0","0","0","0","0","0","0","0","0","0","0","0","0","0","0","1","1","1","0","3","3","0","0","0","0","0","1","0","0","0","0","0","0","0","0","0","0","0","clan-bulk-1.2","0","0","0"
"liga_klanow_2_2","The Ops vs Атлетик Слава 23 3:0","1297893","2026-09-18 19:00","Bagno","BRIGADIRI","1421","Атлетик Слава 23","","Czarnecki, Jerzy","2088608","0","0","0","0","0","0","0","0","0","0","0","12","9","3","3","2","42","6","0","100","4","67","0","0","0","1","0","1","0","0","1","0","7.2","","2","3","0","0","0","0","0","0","0","0","0","0","0","0","0","0","0","0","0","0","0","0","0","0","0","0","0","0","0","0","0","0","0","0","0","0","0","0","0","0","0","0","0","0","0","0","1","0","0","0","0","1","2","2","1","1","6","3","0","0","0","0","0","2","0","0","0","0","0","0","0","0","0","0","0","clan-bulk-1.2","0","0","0"
"liga_klanow_2_2","The Ops vs Атлетик Слава 23 3:0","1297893","2026-09-18 19:00","Bagno","BRIGADIRI","1421","Атлетик Слава 23","","Mladenov, Vasil","1928521","3","1","2","0","0","65.2","7","2","2","29","0","6","4","1","2","1","33","0","0","0","0","0","1","9","15","0","0","0","0","0","0","0","5.2","","0","0","0","0","0","0","9","15","0","0","7","1","0","2","65.2","64.2","0","0","0","0","1","1","0","0","0","0","0","0","2","1","0","0","1","4","0","0","0","0","0","0","0","0","1","0","1","2","0","0","0","0","0","0","0","0","0","0","0","1","0","0","0","0","0","1","0","0","0","0","0","1","0","0","3","0","0","clan-bulk-1.2","0","0","0"
"liga_klanow_2_2","The Ops vs Атлетик Слава 23 3:0","1297893","2026-09-18 19:00","Bagno","BRIGADIRI","1421","Атлетик Слава 23","","Lichev, Krasimir","1951173","5","1","2","0","0","66.2","13","4","4","31","0","1","0","0","1","1","100","0","0","0","0","0","1","8","11","0","0","0","0","0","0","0","5.4","","0","0","0","0","0","0","8","11","1","0","6","0","0","2","66.2","58.3","0","0","0","0","0","0","1","0","3","0","0","4","0","0","0","0","0","0","3","0","1","0","5","9","0","0","0","0","0","0","0","0","0","0","0","0","0","0","0","0","0","0","0","0","0","0","0","1","0","0","0","0","0","1","0","5","0","0","0","clan-bulk-1.2","0","0","0"