"Liga","Mecz","MatchId","Data","Arena","Klan","ClanMatchId","Drużyna","TeamId","Zawodnik","PlayerId","Pkt","W-L","Serwisy","S_błędy","Asy","MaxSpeed_kmh","Ataki","A_błędy","A_pkt","SK%","EF%","Próby_Obr_Asek","Próby_Obrony","Udane_Obrony","Próby_Asekuracji","Udane_Asekuracje","Obr_SK%","Przyjęcia","P_błędy","Poz%","Prf","Perf%","Bloki","Wybloki","Próby_Bloku","Wystawy_Udane","Wystawy_Złe","Wystawy_Tot","Rozegranie_Bez_Bloku","Rozegranie_Pojedynczy","Rozegranie_Podwójny","Rozegranie_Potrójny","MVP_Score","PBP_Data","D1_Asek_Kiwki_Udane","D1_Asek_Kiwki_Tot","D1_Asek_Bloku_Aktywnego_Udane","D1_Asek_Bloku_Aktywnego_Tot","D1_Asek_Bloku_Pasywnego_Udane","D1_Asek_Bloku_Pasywnego_Tot","D2_Ustawienie_Blok_Udane","D2_Ustawienie_Blok_Tot","D2_Blok_Aktywny_Udane","D2_Blok_Aktywny_Nieudane","D2_Blok_Aktywny_Tot","D2_Blok_Pasywny_Udane","D2_Blok_Pasywny_Nieudane","D2_Blok_Pasywny_Tot","O1_Serwis_Max_kmh","O1_Serwis_Śr_kmh","O1_Kiwka_Udane","O1_Kiwka_Błędy","O1_Kiwka_Zablokowane_Skutecznie","O1_Kiwka_Zablokowane_Nieskutecznie","O1_Kiwka_Wyasekurowane","O1_Kiwka_Tot","O1_Atak_BlokAut_Udane","O1_Atak_BlokAut_Błędy","O1_Atak_BlokAut_Zablokowane","O1_Atak_BlokAut_Zablokowane_Nieskutecznie","O1_Atak_BlokAut_Wybronione","O1_Atak_BlokAut_Tot","O2_Atak_1Linia_Skrzydło_Udane","O2_Atak_1Linia_Skrzydło_Błędy","O2_Atak_1Linia_Skrzydło_Zablokowane","O2_Atak_1Linia_Skrzydło_Zablokowane_Nieskutecznie","O2_Atak_1Linia_Skrzydło_Wybronione","O2_Atak_1Linia_Skrzydło_Tot","O2_Atak_1Linia_Środek_Udane","O2_Atak_1Linia_Środek_Błędy","O2_Atak_1Linia_Środek_Zablokowane","O2_Atak_1Linia_Środek_Zablokowane_Nieskutecznie","O2_Atak_1Linia_Środek_Wybronione","O2_Atak_1Linia_Środek_Tot","O2_Atak_2Linia_Udane","O2_Atak_2Linia_Błędy","O2_Atak_2Linia_Zablokowane","O2_Atak_2Linia_Zablokowane_Nieskutecznie","O2_Atak_2Linia_Wybronione","O2_Atak_2Linia_Tot","OTH_Wystawa_Punkt","OTH_Wystawa_Atakujący_Zablokowany","OTH_Wystawa_Atakujący_Nieskutecznie_Zablokowany","OTH_Wystawa_Atakujący_Błąd","OTH_Wystawa_Atak_Obroniony","OTH_Rozegranie_Tot","PBP_Przyjecie_Blok0","PBP_Przyjecie_Blok1","PBP_Przyjecie_Blok2","PBP_Przyjecie_Blok3","PBP_Przyjecie_Blok_Razem","PBP_OB_Atak_Razem","PBP_OB_Atak_Punkt","PBP_OB_Atak_Blok","PBP_OB_Atak_Blad","PBP_OB_Atak_Obroniony","PBP_OB_Atak_Inne","PBP_SEK_Atak_Razem","PBP_SEK_Atak_Punkt","PBP_SEK_Atak_Blok","PBP_SEK_Atak_Blad","PBP_SEK_Atak_Obroniony","PBP_SEK_Atak_Inne","Sety_Zagrane_PBP","PBP_Set1_Akcje","PBP_Set2_Akcje","PBP_Set3_Akcje","PBP_Set4_Akcje","PBP_Set5_Akcje","Exporter_Version","Is_Walkover","Walkover_MP_For","Walkover_MP_Against"
"liga_klanow_2_1","VC Friesland vs sanah 1:3","1297846","2026-09-18 19:00","Friesen-Arena","unschlagBAR","1390","VC Friesland","","Ehrlichauf, Matthias","1975568","0","0","2","0","0","61.3","0","0","0","0","0","8","2","1","6","1","25","0","0","0","0","0","0","1","6","7","7","25","1","9","9","6","1.2","{""sets"":[{""h"":18,""a"":25},{""h"":13,""a"":25},{""h"":25,""a"":16},{""h"":23,""a"":25}],""parsedSets"":[{""rallies"":[{""type"":""end"",""score"":""18 : 25"",""txt"":""Koniec seta 0 : 1""},{""type"":""end"",""score"":""18 : 25"",""txt"":""Koniec seta 0 : 1""},{""type"":""rally"",""score"":""18 : 25"",""speed"":""56.7 km/h"",""res"":""Punkt: V. Orro""},{""type"":""rally"",""score"":""18 : 24"",""speed"":""61.3 km/h"",""res"":""Punkt: V. Orro""},{""type"":""rally"",""score"":""18 : 23"",""speed"":""61.2 km/h"",""res"":""Punkt: E. Powell""},{""type"":""rally"",""score"":""17 : 23"",""speed"":""70.9 km/h"",""res"":""Punkt: V. Orro""},{""type"":""rally"",""score"":""17 : 22"",""speed"":""-"",""res"":""Błąd: B. Wohlgenannt""},{""type"":""rally"",""score"":""17 : 21"",""speed"":""68.4 km/h"",""res"":""Punkt: B. Wohlgenannt""},{""type"":""rally"",""score"":""16 : 21"",""speed"":""67.2 km/h"",""res"":""Punkt: B. Wojciechowski""},{""type"":""rally"",""score"":""15 : 21"",""speed"":""80.8 km/h"",""res"":""Punkt: B. Wohlgenannt""},{""type"":""tmo"",""score"":""14 : 21"",""txt"":""Czas: VC Friesland""},{""type"":""rally"",""score"":""14 : 21"",""speed"":""66.7 km/h"",""res"":""Punkt: V. Gyudurov""},{""type"":""rally"",""score"":""14 : 20"",""speed"":""70.9 km/h"",""res"":""Punkt: B. Wohlgenannt""},{""type"":""rally"",""score"":""13 : 20"",""speed"":""49.8 km/h"",""res"":""Punkt: V. Gyudurov""},{""type"":""rally"",""score"":""13 : 19"",""speed"":""54.9 km/h"",""res"":""Punkt: V. Gyudurov""},{""type"":""rally"",""score"":""13 : 18"",""speed"":""72.9 km/h"",""res"":""Błąd: I. Czapla""},{""type"":""rally"",""score"":""12 : 18"",""speed"":""51.4 km/h"",""res"":""Punkt: V. Gyudurov""},{""type"":""rally"",""score"":""12 : 17"",""speed"":""52.6 km/h"",""res"":""Punkt: E. Powell""},{""type"":""rally"",""score"":""11 : 17"",""speed"":""52.3 km/h"",""res"":""Punkt: B. Wojciechowski""},{""type"":""rally"",""score"":""10 : 17"",""speed"":""64.3 km/h"",""res"":""Punkt: G. Nobili""},{""type"":""rally"",""score"":""10 : 16"",""speed"":""51.4 km/h"",""res"":""Punkt: E. Powell""},{""type"":""tmo"",""score"":""9 : 16"",""txt"":""Czas: ""},{""type"":""rally"",""score"":""9 : 16"",""speed"":""58.5 km/h"",""res"":""Punkt: G. Nobili""},{""type"":""rally"",""score"":""9 : 15"",""speed"":""45.4 km/h"",""res"":""Punkt: V. Orro""},{""type"":""rally"",""score"":""9 : 14"",""speed"":""72.2 km/h"",""res"":""Błąd: V. Orro""},{""type"":""rally"",""score"":""8 : 14"",""speed"":""45.6 km/h"",""res"":""Punkt: G. Nobili""},{""type"":""rally"",""score"":""8 : 13"",""speed"":""69.2 km/h"",""res"":""Punkt: B. Wohlgenannt""},{""type"":""rally"",""score"":""7 : 13"",""speed"":""45.3 km/h"",""res"":""Punkt: G. Nobili""},{""type"":""rally"",""score"":""7 : 12"",""speed"":""53.4 km/h"",""res"":""Punkt: B. Wohlgenannt""},{""type"":""rally"",""score"":""6 : 12"",""speed"":""66.2 km/h"",""res"":""Punkt: V. Gyudurov""},{""type"":""rally"",""score"":""6 : 11"",""speed"":""50.0 km/h"",""res"":""Punkt: M. Oleś""},{""type"":""rally"",""score"":""6 : 10"",""speed"":""72.2 km/h"",""res"":""Punkt: B. Wohlgenannt""},{""type"":""rally"",""score"":""5 : 10"",""speed"":""67.1 km/h"",""res"":""Błąd: C. Murken""},{""type"":""chg"",""score"":""5 : 9"",""txt"":""Zmiana: E. Powell ⇄ M. Specker""},{""type"":""rally"",""score"":""5 : 9"",""speed"":""66.3 km/h"",""res"":""Punkt: G. Nobili""},{""type"":""tmo"",""score"":""5 : 8"",""txt"":""Czas: ""},{""type"":""rally"",""score"":""5 : 8"",""speed"":""42.3 km/h"",""res"":""Punkt: V. Gyudurov""},{""type"":""rally"",""score"":""5 : 7"",""speed"":""64.8 km/h"",""res"":""Punkt: M. Specker""},{""type"":""rally"",""score"":""4 : 7"",""speed"":""47.9 km/h"",""res"":""Punkt: V. Orro""},{""type"":""rally"",""score"":""4 : 6"",""speed"":""51.3 km/h"",""res"":""Punkt: M. Specker""},{""type"":""chg"",""score"":""3 : 6"",""txt"":""Zmiana: B. Wohlgenannt ⇄ I. Tošovský""},{""type"":""chg"",""score"":""3 : 6"",""txt"":""Zmiana: B. Wojciechowski ⇄ R. Drozd""},{""type"":""chg"",""score"":""3 : 6"",""txt"":""Zmiana: M. Mizutori ⇄ M. Ehrlichauf""},{""type"":""rally"",""score"":""3 : 6"",""speed"":""54.4 km/h"",""res"":""Punkt: V. Orro""},{""type"":""rally"",""score"":""3 : 5"",""speed"":""58.9 km/h"",""res"":""Punkt: R. Drozd""},{""type"":""rally"",""score"":""2 : 5"",""speed"":""50.0 km/h"",""res"":""Punkt: V. Orro""},{""type"":""rally"",""score"":""2 : 4"",""speed"":""53.1 km/h"",""res"":""Punkt: R. Drozd""},{""type"":""rally"",""score"":""1 : 4"",""speed"":""69.7 km/h"",""res"":""Punkt: V. Orro""},{""type"":""tmo"",""score"":""1 : 3"",""txt"":""Czas: sanah""},{""type"":""rally"",""score"":""1 : 3"",""speed"":""77.7 km/h"",""res"":""Punkt: I. Czapla""},{""type"":""rally"",""score"":""1 : 2"",""speed"":""67.4 km/h"",""res"":""Punkt: V. Gyudurov""},{""type"":""chg"",""score"":""1 : 1"",""txt"":""Zmiana: I. Czapla ⇄ D. Hartmann""},{""type"":""tmo"",""score"":""1 : 1"",""txt"":""Czas: sanah""},{""type"":""rally"",""score"":""1 : 1"",""speed"":""-"",""res"":""Błąd: G. Nobili""},{""type"":""chg"",""score"":""0 : 1"",""txt"":""Zmiana: V. Gyudurov ⇄ M. Graovac""},{""type"":""chg"",""score"":""0 : 1"",""txt"":""Zmiana: D. Hartmann ⇄ I. Czapla""},{""type"":""tmo"",""score"":""0 : 1"",""txt"":""Czas: VC Friesland""},{""type"":""rally"",""score"":""0 : 1"",""speed"":""49.2 km/h"",""res"":""Punkt: M. Graovac""}]},{""rallies"":[{""type"":""end"",""score"":""13 : 25"",""txt"":""Koniec seta 0 : 2""},{""type"":""end"",""score"":""13 : 25"",""txt"":""Koniec seta 0 : 2""},{""type"":""rally"",""score"":""13 : 25"",""speed"":""58.3 km/h"",""res"":""Punkt: V. Orro""},{""type"":""chg"",""score"":""13 : 24"",""txt"":""Zmiana: G. Nobili ⇄ D. Hartmann""},{""type"":""rally"",""score"":""13 : 24"",""speed"":""79.5 km/h"",""res"":""Punkt: E. Powell""},{""type"":""rally"",""score"":""12 : 24"",""speed"":""70.5 km/h"",""res"":""Błąd: E. Powell""},{""type"":""rally"",""score"":""12 : 23"",""speed"":""56.9 km/h"",""res"":""Błąd: E. Powell""},{""type"":""rally"",""score"":""12 : 22"",""speed"":""60.7 km/h"",""res"":""Punkt: E. Powell""},{""type"":""rally"",""score"":""11 : 22"",""speed"":""53.4 km/h"",""res"":""Punkt: E. Powell""},{""type"":""rally"",""score"":""10 : 22"",""speed"":""66.6 km/h"",""res"":""Punkt: B. Wojciechowski""},{""type"":""rally"",""score"":""9 : 22"",""speed"":""42.0 km/h"",""res"":""Punkt: M. Graovac""},{""type"":""rally"",""score"":""9 : 21"",""speed"":""56.6 km/h"",""res"":""Punkt: B. Wohlgenannt""},{""type"":""rally"",""score"":""8 : 21"",""speed"":""60.2 km/h"",""res"":""Punkt: M. Graovac""},{""type"":""rally"",""score"":""8 : 20"",""speed"":""46.1 km/h"",""res"":""Punkt: M. Graovac""},{""type"":""chg"",""score"":""8 : 19"",""txt"":""Zmiana: D. Hartmann ⇄ G. Nobili""},{""type"":""rally"",""score"":""8 : 19"",""speed"":""59.0 km/h"",""res"":""Błąd: B. Wohlgenannt""},{""type"":""rally"",""score"":""8 : 18"",""speed"":""52.1 km/h"",""res"":""Błąd: L. Barnfield""},{""type"":""rally"",""score"":""8 : 17"",""speed"":""44.0 km/h"",""res"":""Błąd: B. Wojciechowski""},{""type"":""tmo"",""score"":""8 : 16"",""txt"":""Czas: ""},{""type"":""rally"",""score"":""8 : 16"",""speed"":""49.0 km/h"",""res"":""Punkt: I. Czapla""},{""type"":""rally"",""score"":""8 : 15"",""speed"":""54.5 km/h"",""res"":""Punkt: G. Nobili""},{""type"":""rally"",""score"":""8 : 14"",""speed"":""60.9 km/h"",""res"":""Punkt: B. Wojciechowski""},{""type"":""rally"",""score"":""7 : 14"",""speed"":""69.6 km/h"",""res"":""Punkt: B. Wohlgenannt""},{""type"":""rally"",""score"":""6 : 14"",""speed"":""57.5 km/h"",""res"":""Błąd: B. Wohlgenannt""},{""type"":""rally"",""score"":""6 : 13"",""speed"":""74.3 km/h"",""res"":""Punkt: D. Angelov""},{""type"":""rally"",""score"":""6 : 12"",""speed"":""49.3 km/h"",""res"":""Punkt: I. Czapla""},{""type"":""rally"",""score"":""6 : 11"",""speed"":""42.0 km/h"",""res"":""Punkt: B. Wohlgenannt""},{""type"":""rally"",""score"":""5 : 11"",""speed"":""57.7 km/h"",""res"":""Punkt: V. Orro""},{""type"":""rally"",""score"":""5 : 10"",""speed"":""63.1 km/h"",""res"":""Punkt: E. Powell""},{""type"":""rally"",""score"":""4 : 10"",""speed"":""58.1 km/h"",""res"":""Punkt: G. Nobili""},{""type"":""rally"",""score"":""4 : 9"",""speed"":""61.9 km/h"",""res"":""Punkt: E. Powell""},{""type"":""chg"",""score"":""3 : 9"",""txt"":""Zmiana: E. Powell ⇄ M. Specker""},{""type"":""rally"",""score"":""3 : 9"",""speed"":""66.5 km/h"",""res"":""Punkt: V. Orro""},{""type"":""tmo"",""score"":""3 : 8"",""txt"":""Czas: ""},{""type"":""rally"",""score"":""3 : 8"",""speed"":""59.9 km/h"",""res"":""Punkt: V. Orro""},{""type"":""rally"",""score"":""3 : 7"",""speed"":""-"",""res"":""Błąd: M. Graovac""},{""type"":""tmo"",""score"":""2 : 7"",""txt"":""Czas: VC Friesland""},{""type"":""rally"",""score"":""2 : 7"",""speed"":""68.1 km/h"",""res"":""Punkt: V. Orro""},{""type"":""chg"",""score"":""2 : 6"",""txt"":""Zmiana: B. Wohlgenannt ⇄ I. Tošovský""},{""type"":""chg"",""score"":""2 : 6"",""txt"":""Zmiana: B. Wojciechowski ⇄ R. Drozd""},{""type"":""chg"",""score"":""2 : 6"",""txt"":""Zmiana: M. Mizutori ⇄ M. Ehrlichauf""},{""type"":""rally"",""score"":""2 : 6"",""speed"":""63.1 km/h"",""res"":""Punkt: M. Oleś""},{""type"":""rally"",""score"":""2 : 5"",""speed"":""66.6 km/h"",""res"":""Błąd: C. Murken""},{""type"":""rally"",""score"":""2 : 4"",""speed"":""60.2 km/h"",""res"":""Punkt: M. Oleś""},{""type"":""rally"",""score"":""2 : 3"",""speed"":""59.6 km/h"",""res"":""Punkt: I. Tošovský""},{""type"":""tmo"",""score"":""1 : 3"",""txt"":""Czas: sanah""},{""type"":""rally"",""score"":""1 : 3"",""speed"":""51.1 km/h"",""res"":""Punkt: M. Graovac""},{""type"":""rally"",""score"":""1 : 2"",""speed"":""63.4 km/h"",""res"":""Punkt: G. Nobili""},{""type"":""chg"",""score"":""1 : 1"",""txt"":""Zmiana: M. Oleś ⇄ E. Daimer""},{""type"":""tmo"",""score"":""1 : 1"",""txt"":""Czas: sanah""},{""type"":""rally"",""score"":""1 : 1"",""speed"":""-"",""res"":""Błąd: D. Angelov""},{""type"":""chg"",""score"":""0 : 1"",""txt"":""Zmiana: E. Daimer ⇄ M. Oleś""},{""type"":""tmo"",""score"":""0 : 1"",""txt"":""Czas: VC Friesland""},{""type"":""rally"",""score"":""0 : 1"",""speed"":""53.7 km/h"",""res"":""Błąd: I. Tošovský""}]},{""rallies"":[{""type"":""end"",""score"":""25 : 16"",""txt"":""Koniec seta 1 : 2""},{""type"":""end"",""score"":""25 : 16"",""txt"":""Koniec seta 1 : 2""},{""type"":""rally"",""score"":""25 : 16"",""speed"":""52.3 km/h"",""res"":""Punkt: B. Wojciechowski""},{""type"":""rally"",""score"":""24 : 16"",""speed"":""54.3 km/h"",""res"":""Punkt: C. Murken""},{""type"":""rally"",""score"":""23 : 16"",""speed"":""52.6 km/h"",""res"":""Punkt: B. Wojciechowski""},{""type"":""rally"",""score"":""22 : 16"",""speed"":""45.6 km/h"",""res"":""Punkt: M. Oleś""},{""type"":""rally"",""score"":""22 : 15"",""speed"":""62.0 km/h"",""res"":""Punkt: B. Wojciechowski""},{""type"":""tmo"",""score"":""21 : 15"",""txt"":""Czas: VC Friesland""},{""type"":""rally"",""score"":""21 : 15"",""speed"":""55.3 km/h"",""res"":""Punkt: B. Wohlgenannt""},{""type"":""rally"",""score"":""20 : 15"",""speed"":""64.0 km/h"",""res"":""Punkt: M. Oleś""},{""type"":""chg"",""score"":""20 : 14"",""txt"":""Zmiana: D. Hartmann ⇄ G. Nobili""},{""type"":""rally"",""score"":""20 : 14"",""speed"":""46.6 km/h"",""res"":""Błąd: M. Graovac""},{""type"":""rally"",""score"":""19 : 14"",""speed"":""55.7 km/h"",""res"":""Punkt: B. Wojciechowski""},{""type"":""rally"",""score"":""18 : 14"",""speed"":""55.1 km/h"",""res"":""Punkt: M. Graovac""},{""type"":""rally"",""score"":""18 : 13"",""speed"":""57.5 km/h"",""res"":""Punkt: E. Powell""},{""type"":""rally"",""score"":""17 : 13"",""speed"":""46.1 km/h"",""res"":""Punkt: V. Orro""},{""type"":""rally"",""score"":""17 : 12"",""speed"":""56.9 km/h"",""res"":""Błąd: V. Orro""},{""type"":""rally"",""score"":""16 : 12"",""speed"":""61.9 km/h"",""res"":""Punkt: V. Orro""},{""type"":""tmo"",""score"":""16 : 11"",""txt"":""Czas: ""},{""type"":""rally"",""score"":""16 : 11"",""speed"":""67.2 km/h"",""res"":""Punkt: C. Murken""},{""type"":""rally"",""score"":""15 : 11"",""speed"":""55.3 km/h"",""res"":""Punkt: V. Orro""},{""type"":""rally"",""score"":""15 : 10"",""speed"":""68.6 km/h"",""res"":""Punkt: B. Wojciechowski""},{""type"":""rally"",""score"":""14 : 10"",""speed"":""66.7 km/h"",""res"":""Punkt: I. Czapla""},{""type"":""rally"",""score"":""14 : 9"",""speed"":""-"",""res"":""Błąd: L. Barnfield""},{""type"":""rally"",""score"":""14 : 8"",""speed"":""43.0 km/h"",""res"":""Punkt: B. Wojciechowski""},{""type"":""rally"",""score"":""13 : 8"",""speed"":""51.2 km/h"",""res"":""Punkt: C. Murken""},{""type"":""rally"",""score"":""12 : 8"",""speed"":""66.1 km/h"",""res"":""Błąd: M. Oleś""},{""type"":""rally"",""score"":""11 : 8"",""speed"":""52.8 km/h"",""res"":""Punkt: B. Wojciechowski""},{""type"":""rally"",""score"":""10 : 8"",""speed"":""61.8 km/h"",""res"":""Punkt: M. Graovac""},{""type"":""rally"",""score"":""10 : 7"",""speed"":""57.0 km/h"",""res"":""Punkt: M. Graovac""},{""type"":""rally"",""score"":""10 : 6"",""speed"":""67.0 km/h"",""res"":""Punkt: M. Mizutori""},{""type"":""chg"",""score"":""9 : 6"",""txt"":""Zmiana: E. Powell ⇄ M. Specker""},{""type"":""rally"",""score"":""9 : 6"",""speed"":""52.0 km/h"",""res"":""Punkt: B. Wohlgenannt""},{""type"":""rally"",""score"":""8 : 6"",""speed"":""53.6 km/h"",""res"":""Punkt: D. Angelov""},{""type"":""tmo"",""score"":""8 : 5"",""txt"":""Czas: ""},{""type"":""rally"",""score"":""8 : 5"",""speed"":""54.6 km/h"",""res"":""Punkt: M. Specker""},{""type"":""rally"",""score"":""7 : 5"",""speed"":""55.8 km/h"",""res"":""Błąd: M. Graovac""},{""type"":""chg"",""score"":""6 : 5"",""txt"":""Zmiana: B. Wohlgenannt ⇄ I. Tošovský""},{""type"":""chg"",""score"":""6 : 5"",""txt"":""Zmiana: B. Wojciechowski ⇄ R. Drozd""},{""type"":""chg"",""score"":""6 : 5"",""txt"":""Zmiana: M. Mizutori ⇄ M. Ehrlichauf""},{""type"":""rally"",""score"":""6 : 5"",""speed"":""60.2 km/h"",""res"":""Punkt: M. Specker""},{""type"":""rally"",""score"":""5 : 5"",""speed"":""65.6 km/h"",""res"":""Punkt: V. Orro""},{""type"":""rally"",""score"":""5 : 4"",""speed"":""58.0 km/h"",""res"":""Punkt: L. Barnfield""},{""type"":""rally"",""score"":""4 : 4"",""speed"":""53.6 km/h"",""res"":""Punkt: V. Orro""},{""type"":""chg"",""score"":""4 : 3"",""txt"":""Zmiana: M. Oleś ⇄ A. Marchisio""},{""type"":""rally"",""score"":""4 : 3"",""speed"":""76.9 km/h"",""res"":""Błąd: V. Orro""},{""type"":""rally"",""score"":""3 : 3"",""speed"":""57.0 km/h"",""res"":""Punkt: I. Czapla""},{""type"":""tmo"",""score"":""3 : 2"",""txt"":""Czas: sanah""},{""type"":""rally"",""score"":""3 : 2"",""speed"":""69.5 km/h"",""res"":""Punkt: C. Murken""},{""type"":""rally"",""score"":""2 : 2"",""speed"":""62.2 km/h"",""res"":""Punkt: R. Drozd""},{""type"":""rally"",""score"":""1 : 2"",""speed"":""58.2 km/h"",""res"":""Punkt: A. Marchisio""},{""type"":""tmo"",""score"":""1 : 1"",""txt"":""Czas: sanah""},{""type"":""rally"",""score"":""1 : 1"",""speed"":""63.7 km/h"",""res"":""Punkt: R. Drozd""},{""type"":""chg"",""score"":""0 : 1"",""txt"":""Zmiana: A. Marchisio ⇄ M. Oleś""},{""type"":""tmo"",""score"":""0 : 1"",""txt"":""Czas: VC Friesland""},{""type"":""rally"",""score"":""0 : 1"",""speed"":""61.3 km/h"",""res"":""Punkt: M. Graovac""}]},{""rallies"":[{""type"":""end"",""score"":""23 : 25"",""txt"":""Koniec seta 1 : 3""},{""type"":""end"",""score"":""23 : 25"",""txt"":""Koniec seta 1 : 3""},{""type"":""rally"",""score"":""23 : 25"",""speed"":""50.1 km/h"",""res"":""Punkt: M. Graovac""},{""type"":""rally"",""score"":""23 : 24"",""speed"":""72.3 km/h"",""res"":""Punkt: B. Wohlgenannt""},{""type"":""rally"",""score"":""22 : 24"",""speed"":""-"",""res"":""Błąd: L. Barnfield""},{""type"":""rally"",""score"":""22 : 23"",""speed"":""47.9 km/h"",""res"":""Punkt: B. Wohlgenannt""},{""type"":""rally"",""score"":""21 : 23"",""speed"":""65.6 km/h"",""res"":""Punkt: L. Barnfield""},{""type"":""rally"",""score"":""20 : 23"",""speed"":""45.5 km/h"",""res"":""Błąd: M. Graovac""},{""type"":""rally"",""score"":""19 : 23"",""speed"":""59.5 km/h"",""res"":""Punkt: C. Murken""},{""type"":""rally"",""score"":""18 : 23"",""speed"":""52.7 km/h"",""res"":""Punkt: G. Nobili""},{""type"":""chg"",""score"":""18 : 22"",""txt"":""Zmiana: G. Nobili ⇄ D. Hartmann""},{""type"":""rally"",""score"":""18 : 22"",""speed"":""57.4 km/h"",""res"":""Błąd: M. Graovac""},{""type"":""rally"",""score"":""17 : 22"",""speed"":""54.8 km/h"",""res"":""Punkt: B. Wohlgenannt""},{""type"":""rally"",""score"":""16 : 22"",""speed"":""66.3 km/h"",""res"":""Punkt: B. Wohlgenannt""},{""type"":""rally"",""score"":""15 : 22"",""speed"":""61.7 km/h"",""res"":""Punkt: V. Orro""},{""type"":""rally"",""score"":""15 : 21"",""speed"":""48.6 km/h"",""res"":""Błąd: V. Orro""},{""type"":""rally"",""score"":""14 : 21"",""speed"":""49.2 km/h"",""res"":""Punkt: B. Wohlgenannt""},{""type"":""rally"",""score"":""13 : 21"",""speed"":""46.7 km/h"",""res"":""Błąd: V. Orro""},{""type"":""rally"",""score"":""12 : 21"",""speed"":""47.1 km/h"",""res"":""Punkt: E. Powell""},{""type"":""rally"",""score"":""11 : 21"",""speed"":""48.3 km/h"",""res"":""Punkt: I. Czapla""},{""type"":""rally"",""score"":""11 : 20"",""speed"":""56.4 km/h"",""res"":""Punkt: V. Orro""},{""type"":""chg"",""score"":""11 : 19"",""txt"":""Zmiana: D. Hartmann ⇄ G. Nobili""},{""type"":""rally"",""score"":""11 : 19"",""speed"":""60.1 km/h"",""res"":""Punkt: V. Orro""},{""type"":""rally"",""score"":""11 : 18"",""speed"":""79.4 km/h"",""res"":""Punkt: E. Powell""},{""type"":""rally"",""score"":""10 : 18"",""speed"":""58.2 km/h"",""res"":""Punkt: V. Orro""},{""type"":""tmo"",""score"":""10 : 17"",""txt"":""Czas: VC Friesland""},{""type"":""rally"",""score"":""10 : 17"",""speed"":""67.0 km/h"",""res"":""Punkt: V. Orro""},{""type"":""tmo"",""score"":""10 : 16"",""txt"":""Czas: ""},{""type"":""rally"",""score"":""10 : 16"",""speed"":""65.6 km/h"",""res"":""Punkt: I. Czapla""},{""type"":""rally"",""score"":""10 : 15"",""speed"":""79.0 km/h"",""res"":""Błąd: E. Powell""},{""type"":""rally"",""score"":""10 : 14"",""speed"":""68.5 km/h"",""res"":""Punkt: M. Oleś""},{""type"":""rally"",""score"":""10 : 13"",""speed"":""47.1 km/h"",""res"":""Błąd: E. Powell""},{""type"":""rally"",""score"":""10 : 12"",""speed"":""68.8 km/h"",""res"":""Punkt: E. Powell""},{""type"":""rally"",""score"":""9 : 12"",""speed"":""62.1 km/h"",""res"":""Punkt: M. Graovac""},{""type"":""rally"",""score"":""9 : 11"",""speed"":""47.9 km/h"",""res"":""Punkt: B. Wojciechowski""},{""type"":""rally"",""score"":""8 : 11"",""speed"":""62.5 km/h"",""res"":""Punkt: M. Graovac""},{""type"":""rally"",""score"":""8 : 10"",""speed"":""63.7 km/h"",""res"":""Punkt: I. Czapla""},{""type"":""rally"",""score"":""8 : 9"",""speed"":""58.1 km/h"",""res"":""Punkt: B. Wojciechowski""},{""type"":""rally"",""score"":""7 : 9"",""speed"":""70.9 km/h"",""res"":""Punkt: B. Wohlgenannt""},{""type"":""chg"",""score"":""6 : 9"",""txt"":""Zmiana: E. Powell ⇄ M. Specker""},{""type"":""rally"",""score"":""6 : 9"",""speed"":""68.6 km/h"",""res"":""Punkt: M. Oleś""},{""type"":""tmo"",""score"":""6 : 8"",""txt"":""Czas: ""},{""type"":""rally"",""score"":""6 : 8"",""speed"":""44.2 km/h"",""res"":""Punkt: M. Graovac""},{""type"":""rally"",""score"":""6 : 7"",""speed"":""54.4 km/h"",""res"":""Punkt: B. Wohlgenannt""},{""type"":""rally"",""score"":""5 : 7"",""speed"":""56.5 km/h"",""res"":""Punkt: V. Orro""},{""type"":""rally"",""score"":""5 : 6"",""speed"":""-"",""res"":""Błąd: I. Czapla""},{""type"":""chg"",""score"":""4 : 6"",""txt"":""Zmiana: B. Wohlgenannt ⇄ I. Tošovský""},{""type"":""chg"",""score"":""4 : 6"",""txt"":""Zmiana: B. Wojciechowski ⇄ R. Drozd""},{""type"":""chg"",""score"":""4 : 6"",""txt"":""Zmiana: M. Mizutori ⇄ M. Ehrlichauf""},{""type"":""rally"",""score"":""4 : 6"",""speed"":""60.3 km/h"",""res"":""Punkt: V. Orro""},{""type"":""rally"",""score"":""4 : 5"",""speed"":""51.3 km/h"",""res"":""Punkt: M. Specker""},{""type"":""rally"",""score"":""3 : 5"",""speed"":""51.1 km/h"",""res"":""Punkt: V. Orro""},{""type"":""rally"",""score"":""3 : 4"",""speed"":""63.6 km/h"",""res"":""Punkt: R. Drozd""},{""type"":""rally"",""score"":""2 : 4"",""speed"":""64.7 km/h"",""res"":""Punkt: M. Oleś""},{""type"":""tmo"",""score"":""2 : 3"",""txt"":""Czas: sanah""},{""type"":""rally"",""score"":""2 : 3"",""speed"":""50.4 km/h"",""res"":""Punkt: V. Orro""},{""type"":""rally"",""score"":""2 : 2"",""speed"":""-"",""res"":""Błąd: I. Tošovský""},{""type"":""rally"",""score"":""2 : 1"",""speed"":""62.3 km/h"",""res"":""Punkt: I. Tošovský""},{""type"":""tmo"",""score"":""1 : 1"",""txt"":""Czas: sanah""},{""type"":""rally"",""score"":""1 : 1"",""speed"":""63.3 km/h"",""res"":""Punkt: M. Graovac""},{""type"":""tmo"",""score"":""1 : 0"",""txt"":""Czas: VC Friesland""},{""type"":""rally"",""score"":""1 : 0"",""speed"":""61.3 km/h"",""res"":""Błąd: I. Czapla""}]}]}","1","4","0","0","0","0","1","6","0","0","0","0","0","1","61.3","55.3","0","0","0","0","0","0","0","0","0","0","0","0","0","0","0","0","0","0","0","0","0","0","0","0","0","0","0","0","0","0","7","7","0","2","9","25","0","0","0","0","0","0","0","0","0","0","0","0","0","0","0","0","0","0","0","0","0","0","0","clan-bulk-1.2","0","0","0"
"liga_klanow_2_1","VC Friesland vs sanah 1:3","1297846","2026-09-18 19:00","Friesen-Arena","unschlagBAR","1390","VC Friesland","","Barnfield, Lewis","2060625","2","-5","20","2","1","67.4","15","5","1","7","-27","24","14","6","10","7","54","45","0","100","18","40","0","25","69","0","0","0","0","0","0","0","22.9","","6","7","0","0","0","0","25","69","0","0","24","0","0","1","67.4","57.1","1","1","3","0","5","10","0","0","1","0","0","1","0","0","0","0","3","3","0","0","0","0","0","0","0","0","0","0","1","1","0","0","0","0","0","0","0","0","0","0","0","0","0","0","0","0","0","0","0","0","0","0","0","3","0","1","2","2","0","clan-bulk-1.2","0","0","0"
"liga_klanow_2_1","VC Friesland vs sanah 1:3","1297846","2026-09-18 19:00","Friesen-Arena","unschlagBAR","1390","VC Friesland","","Tošovský, Igor","2003529","2","-2","5","1","0","69.5","11","3","2","18","-9","1","1","0","0","0","0","0","0","0","0","0","0","8","14","0","0","0","0","0","0","0","-3.3","","0","0","0","0","0","0","8","14","0","0","8","0","0","0","69.5","59.2","1","0","0","0","3","4","0","0","1","0","0","1","0","0","0","0","0","0","1","1","1","0","3","6","0","0","0","0","0","0","0","0","0","0","0","0","0","0","0","0","0","0","0","0","0","0","0","0","0","0","0","0","0","2","0","2","0","2","0","clan-bulk-1.2","0","0","0"
"liga_klanow_2_1","VC Friesland vs sanah 1:3","1297846","2026-09-18 19:00","Friesen-Arena","unschlagBAR","1390","VC Friesland","","Drozd, Roman","1865717","5","5","3","0","0","54.4","3","0","2","67","67","3","1","0","2","0","0","0","0","0","0","0","3","12","20","0","0","0","0","0","0","0","13","","0","0","0","0","0","0","12","20","3","0","12","0","0","0","54.4","53","0","0","0","0","0","0","0","0","0","0","0","0","2","0","0","0","1","3","0","0","0","0","0","0","0","0","0","0","0","0","0","0","0","0","0","0","0","0","0","0","0","0","0","0","0","0","0","0","0","0","0","0","0","3","2","0","2","1","0","clan-bulk-1.2","0","0","0"
"liga_klanow_2_1","VC Friesland vs sanah 1:3","1297846","2026-09-18 19:00","Friesen-Arena","unschlagBAR","1390","VC Friesland","","Murken, Christian","1926985","6","1","8","0","0","65.6","17","4","3","18","-6","22","10","7","12","7","64","35","1","97","13","37","3","38","82","0","0","0","0","0","0","0","33","","4","8","0","0","0","0","38","82","2","0","35","1","0","3","65.6","57.6","2","2","0","0","8","12","0","0","1","0","0","1","1","0","0","0","0","1","0","0","0","0","0","0","0","0","1","0","2","3","0","0","0","0","0","0","0","0","0","0","0","0","0","0","0","0","0","0","0","0","0","0","0","4","1","1","4","1","0","clan-bulk-1.2","0","0","0"
"liga_klanow_2_1","VC Friesland vs sanah 1:3","1297846","2026-09-18 19:00","Friesen-Arena","unschlagBAR","1390","VC Friesland","","Specker, Mirco","1744761","5","1","5","0","1","56.5","12","4","4","33","0","3","1","1","2","1","67","0","0","0","0","0","0","8","16","0","0","0","0","0","0","0","6.2","","0","0","0","0","0","0","8","16","0","0","7","0","0","1","56.5","52.6","0","0","0","0","0","0","0","0","0","0","0","0","0","0","0","0","0","0","4","0","4","0","4","12","0","0","0","0","0","0","0","0","0","0","0","0","0","0","0","0","0","0","0","0","0","0","0","0","0","0","0","0","0","3","2","0","2","1","0","clan-bulk-1.2","0","0","0"
"liga_klanow_2_1","VC Friesland vs sanah 1:3","1297846","2026-09-18 19:00","Friesen-Arena","unschlagBAR","1390","VC Friesland","","Bieńkowski, Filip","1904322","0","0","0","0","0","0","0","0","0","0","0","39","24","15","15","10","64","6","0","100","1","17","0","0","0","1","4","11","0","1","5","5","18.8","","10","12","0","0","0","0","0","0","0","0","0","0","0","0","0","0","0","0","0","0","0","0","0","0","0","0","0","0","0","0","0","0","0","0","0","0","0","0","0","0","0","0","0","0","0","0","1","4","0","1","5","11","0","0","0","0","0","0","0","0","0","0","0","0","0","0","0","0","0","0","0","0","0","0","0","clan-bulk-1.2","0","0","0"
"liga_klanow_2_1","VC Friesland vs sanah 1:3","1297846","2026-09-18 19:00","Friesen-Arena","unschlagBAR","1390","VC Friesland","","Wojciechowski, Bartosz","1949267","15","12","8","0","0","61.9","23","3","8","35","22","17","9","5","8","2","41","0","0","0","0","0","7","42","66","0","0","0","0","0","0","0","41.7","","1","4","0","0","0","0","42","66","5","0","33","2","0","9","61.9","55.8","0","0","0","0","2","2","0","0","0","0","0","0","6","1","1","0","5","13","0","0","0","0","0","0","2","0","1","0","5","8","0","0","0","0","0","0","0","0","0","0","0","0","0","0","0","0","0","0","0","0","0","0","0","4","2","3","7","2","0","clan-bulk-1.2","0","0","0"
"liga_klanow_2_1","VC Friesland vs sanah 1:3","1297846","2026-09-18 19:00","Friesen-Arena","unschlagBAR","1390","VC Friesland","","Mizutori, Monta","1745067","2","2","11","0","1","64","2","0","0","0","0","22","9","5","13","5","45","0","0","0","0","0","1","25","59","38","11","120","18","37","39","26","12","","4","7","0","0","0","0","25","59","0","1","23","1","0","2","67","54.4","0","0","0","0","2","2","0","0","0","0","0","0","0","0","0","0","0","0","0","0","0","0","0","0","0","0","0","0","0","0","38","11","2","8","61","120","0","0","0","0","0","0","0","0","0","0","0","0","0","0","0","0","0","1","0","0","1","0","0","clan-bulk-1.2","0","0","0"
"liga_klanow_2_1","VC Friesland vs sanah 1:3","1297846","2026-09-18 19:00","Friesen-Arena","unschlagBAR","1390","VC Friesland","","Wohlgenannt, Bardolf","1865194","20","12","10","1","1","67.2","44","7","18","41","25","5","1","0","4","0","0","0","0","0","0","0","1","40","76","1","0","1","0","0","1","0","35.5","","0","1","0","0","0","0","40","76","0","1","37","1","0","3","68.4","55.3","7","1","1","0","8","17","1","0","2","0","0","3","0","0","0","0","0","0","9","1","2","1","11","24","0","0","0","0","0","0","1","0","0","0","0","1","0","0","0","0","0","0","0","0","0","0","0","0","0","0","0","0","0","4","7","5","2","7","0","clan-bulk-1.2","0","0","0"
"liga_klanow_2_1","VC Friesland vs sanah 1:3","1297846","2026-09-18 19:00","Friesen-Arena","unschlagBAR","1390","VC Friesland","","Powell, Eike","2004394","13","6","8","0","1","61.7","32","7","11","34","13","5","3","0","2","1","20","0","0","0","0","0","1","32","45","0","0","0","0","0","0","0","20.5","","1","2","0","0","0","0","32","45","1","1","28","0","0","4","61.7","52.9","3","2","0","0","6","11","0","0","2","1","0","3","0","0","0","0","0","0","7","2","1","0","8","18","0","0","0","0","0","0","0","0","0","0","0","0","0","0","0","0","0","0","0","0","0","0","0","0","0","0","0","0","0","4","3","7","1","5","0","clan-bulk-1.2","0","0","0"
"liga_klanow_2_1","VC Friesland vs sanah 1:3","1297846","2026-09-18 19:00","Friesen-Arena","Sons of Eternity","1390","sanah","","Angelov, Dragomir","1950402","2","1","15","1","1","72.9","0","0","0","0","0","27","15","10","12","6","59","0","0","0","0","0","1","22","69","50","12","135","31","43","32","29","15.4","","5","9","0","0","0","0","22","69","1","0","20","0","0","2","74.3","64.4","0","0","0","0","0","0","0","0","0","0","0","0","0","0","0","0","0","0","0","0","0","0","0","0","0","0","0","0","0","0","50","12","3","8","62","135","0","0","0","0","0","0","0","0","0","0","0","0","0","0","0","0","0","2","0","2","1","0","0","clan-bulk-1.2","0","0","0"
"liga_klanow_2_1","VC Friesland vs sanah 1:3","1297846","2026-09-18 19:00","Friesen-Arena","Sons of Eternity","1390","sanah","","Nobili, Gustavo","1745422","9","5","18","1","0","72.3","14","1","8","57","50","18","9","8","9","7","83","41","2","95","21","51","1","34","57","0","0","0","0","0","0","0","55.7","","7","8","0","0","0","0","34","57","1","0","30","0","0","4","72.3","57.6","4","0","0","0","0","4","0","0","1","0","0","1","3","0","0","0","4","7","0","0","0","0","0","0","1","0","0","0","1","2","0","0","0","0","0","0","0","0","0","0","0","0","0","0","0","0","0","0","0","0","0","0","0","3","6","3","0","1","0","clan-bulk-1.2","0","0","0"
"liga_klanow_2_1","VC Friesland vs sanah 1:3","1297846","2026-09-18 19:00","Friesen-Arena","Sons of Eternity","1390","sanah","","Graovac, Mak","1928561","15","4","13","1","0","68.8","42","10","11","26","2","2","1","0","1","0","0","0","0","0","0","0","4","40","67","1","0","3","0","1","2","0","18.4","","0","0","0","0","0","0","40","67","4","0","38","0","0","2","68.8","63.5","2","1","1","0","8","12","0","0","2","0","0","2","0","0","0","0","0","0","8","3","3","1","13","28","0","0","0","0","0","0","1","0","0","0","2","3","0","0","0","0","0","0","0","0","0","0","0","0","0","0","0","0","0","4","1","5","6","7","0","clan-bulk-1.2","0","0","0"
"liga_klanow_2_1","VC Friesland vs sanah 1:3","1297846","2026-09-18 19:00","Friesen-Arena","Sons of Eternity","1390","sanah","","Oleś, Michał","1905480","8","4","16","0","0","79.5","20","4","5","25","5","28","11","8","17","10","64","0","0","0","0","0","3","41","84","0","0","0","0","0","0","0","24.4","","9","12","0","0","0","0","41","84","3","0","38","0","0","3","79.5","67.4","5","1","2","0","7","15","0","0","1","0","0","1","0","0","0","0","0","0","0","0","0","0","0","0","0","0","0","0","4","4","0","0","0","0","0","0","0","0","0","0","0","0","0","0","0","0","0","0","0","0","0","0","0","4","1","2","3","3","0","clan-bulk-1.2","0","0","0"
"liga_klanow_2_1","VC Friesland vs sanah 1:3","1297846","2026-09-18 19:00","Friesen-Arena","Sons of Eternity","1390","sanah","","Czapla, Igor","1686025","8","3","11","1","0","63.1","15","3","4","27","7","17","11","5","6","3","47","8","1","88","3","38","4","57","89","0","0","0","0","0","0","0","23.1","","2","4","0","0","0","0","57","89","4","1","49","0","0","8","63.1","54.8","2","2","1","0","2","7","0","0","0","0","0","0","1","0","0","0","3","4","0","0","0","0","0","0","1","0","0","0","3","4","0","0","0","0","0","0","0","0","0","0","0","0","0","0","0","0","0","0","0","0","0","0","0","4","2","2","2","5","0","clan-bulk-1.2","0","0","0"
"liga_klanow_2_1","VC Friesland vs sanah 1:3","1297846","2026-09-18 19:00","Friesen-Arena","Sons of Eternity","1390","sanah","","Orro, Väino","1767055","28","18","7","0","0","66.3","47","10","20","43","21","6","4","0","2","0","0","0","0","0","0","0","8","58","77","0","0","0","0","0","0","0","53.2","","0","0","0","0","0","0","58","77","8","1","50","0","0","8","66.3","56.8","4","2","1","0","7","14","1","1","1","0","1","4","0","0","0","0","0","0","14","2","3","1","9","29","0","0","0","0","0","0","0","0","0","0","0","0","0","0","0","0","0","0","0","0","0","0","0","0","0","0","0","0","0","4","9","5","7","11","0","clan-bulk-1.2","0","0","0"
"liga_klanow_2_1","VC Friesland vs sanah 1:3","1297846","2026-09-18 19:00","Friesen-Arena","Sons of Eternity","1390","sanah","","Specker, Gotthelf","2002904","0","-2","0","0","0","56.5","0","0","0","0","0","35","22","12","13","10","63","15","2","87","2","13","0","0","0","2","4","13","0","2","3","8","15.6","","10","13","0","0","0","0","0","0","0","0","0","0","0","0","0","0","0","0","0","0","0","0","0","0","0","0","0","0","0","0","0","0","0","0","0","0","0","0","0","0","0","0","0","0","0","0","2","4","0","4","3","13","0","0","0","0","0","0","0","0","0","0","0","0","0","0","0","0","0","0","0","0","0","0","0","clan-bulk-1.2","0","0","0"
"liga_klanow_2_1","VC Friesland vs sanah 1:3","1297846","2026-09-18 19:00","Friesen-Arena","Sons of Eternity","1390","sanah","","Gyudurov, Vladimir","1975816","8","8","5","0","0","80.8","10","0","8","80","80","3","1","0","2","1","33","0","0","0","0","0","0","8","13","0","0","0","0","0","0","0","16.4","","1","2","0","0","0","0","8","13","0","0","8","0","0","0","80.8","70.1","1","0","0","0","0","1","0","0","0","0","0","0","0","0","0","0","0","0","6","0","0","1","2","9","0","0","0","0","0","0","0","0","0","0","0","0","0","0","0","0","0","0","0","0","0","0","0","0","0","0","0","0","0","1","7","0","0","0","0","clan-bulk-1.2","0","0","0"
"liga_klanow_2_1","VC Friesland vs sanah 1:3","1297846","2026-09-18 19:00","Friesen-Arena","Sons of Eternity","1390","sanah","","Marchisio, Anselmo","2032110","1","1","1","0","0","76.9","0","0","0","0","0","0","0","0","0","0","0","0","0","0","0","0","1","2","4","0","0","0","0","0","0","0","3","","0","0","0","0","0","0","2","4","1","0","2","0","0","0","76.9","76.9","0","0","0","0","0","0","0","0","0","0","0","0","0","0","0","0","0","0","0","0","0","0","0","0","0","0","0","0","0","0","0","0","0","0","0","0","0","0","0","0","0","0","0","0","0","0","0","0","0","0","0","0","0","0","0","0","1","0","0","clan-bulk-1.2","0","0","0"
"liga_klanow_2_1","VC Friesland vs sanah 1:3","1297846","2026-09-18 19:00","Friesen-Arena","Sons of Eternity","1390","sanah","","Daimer, Edgar","1927141","0","0","0","0","0","0","0","0","0","0","0","0","0","0","0","0","0","0","0","0","0","0","0","0","0","0","0","0","0","0","0","0","0","","0","0","0","0","0","0","0","0","0","0","0","0","0","0","0","0","0","0","0","0","0","0","0","0","0","0","0","0","0","0","0","0","0","0","0","0","0","0","0","0","0","0","0","0","0","0","0","0","0","0","0","0","0","0","0","0","0","0","0","0","0","0","0","0","0","0","0","0","0","0","0","0","0","0","0","clan-bulk-1.2","0","0","0"
"liga_klanow_2_1","VC Friesland vs sanah 1:3","1297846","2026-09-18 19:00","Friesen-Arena","Sons of Eternity","1390","sanah","","Hartmann, Dorian","2087487","0","0","4","0","0","60.2","3","0","0","0","0","2","2","0","0","0","0","12","0","100","1","8","0","4","11","0","0","0","0","0","0","0","5.2","","0","0","0","0","0","0","4","11","0","0","3","0","0","1","60.2","54.6","0","0","0","0","3","3","0","0","0","0","0","0","0","0","0","0","0","0","0","0","0","0","0","0","0","0","0","0","0","0","0","0","0","0","0","0","0","0","0","0","0","0","0","0","0","0","0","0","0","0","0","0","0","0","0","0","0","0","0","clan-bulk-1.2","0","0","0"
"liga_klanow_2_1","VC Breakpoint vs Cargo Kamieniec Ząbkowicki 3:2","1297847","2026-09-18 19:00","Volleydome","unschlagBAR","1390","VC Breakpoint","","Strindberg, Eberhard","1950924","7","4","19","3","1","64.6","3","0","0","0","0","25","13","2","12","3","20","0","0","0","0","0","6","51","97","54","20","150","20","40","56","34","20.8","{""sets"":[{""h"":17,""a"":25},{""h"":25,""a"":14},{""h"":25,""a"":19},{""h"":24,""a"":26},{""h"":15,""a"":11}],""parsedSets"":[{""rallies"":[{""type"":""end"",""score"":""17 : 25"",""txt"":""Koniec seta 0 : 1""},{""type"":""end"",""score"":""17 : 25"",""txt"":""Koniec seta 0 : 1""},{""type"":""rally"",""score"":""17 : 25"",""speed"":""53.9 km/h"",""res"":""Punkt: T. Michta""},{""type"":""rally"",""score"":""17 : 24"",""speed"":""68.9 km/h"",""res"":""Punkt: T. Bösenberg""},{""type"":""rally"",""score"":""16 : 24"",""speed"":""66.6 km/h"",""res"":""Punkt: D. Tomczak""},{""type"":""rally"",""score"":""16 : 23"",""speed"":""72.6 km/h"",""res"":""Punkt: T. Michta""},{""type"":""rally"",""score"":""16 : 22"",""speed"":""70.5 km/h"",""res"":""Punkt: G. Gyurdzhiyski""},{""type"":""rally"",""score"":""15 : 22"",""speed"":""52.9 km/h"",""res"":""Błąd: G. Gyurdzhiyski""},{""type"":""rally"",""score"":""15 : 21"",""speed"":""59.2 km/h"",""res"":""Punkt: G. Gyurdzhiyski""},{""type"":""rally"",""score"":""14 : 21"",""speed"":""64.8 km/h"",""res"":""Punkt: G. Gyurdzhiyski""},{""type"":""rally"",""score"":""13 : 21"",""speed"":""59.0 km/h"",""res"":""Punkt: J. Jerzak""},{""type"":""tmo"",""score"":""13 : 20"",""txt"":""Czas: VC Breakpoint""},{""type"":""rally"",""score"":""13 : 20"",""speed"":""50.7 km/h"",""res"":""Punkt: J. Jerzak""},{""type"":""rally"",""score"":""13 : 19"",""speed"":""68.9 km/h"",""res"":""Błąd: G. Gyurdzhiyski""},{""type"":""rally"",""score"":""13 : 18"",""speed"":""55.4 km/h"",""res"":""Punkt: J. Jerzak""},{""type"":""rally"",""score"":""13 : 17"",""speed"":""59.7 km/h"",""res"":""Punkt: O. Timpanaro""},{""type"":""tmo"",""score"":""13 : 16"",""txt"":""Czas: ""},{""type"":""rally"",""score"":""13 : 16"",""speed"":""48.0 km/h"",""res"":""Punkt: J. Jerzak""},{""type"":""rally"",""score"":""13 : 15"",""speed"":""58.3 km/h"",""res"":""Punkt: J. Jerzak""},{""type"":""rally"",""score"":""13 : 14"",""speed"":""67.1 km/h"",""res"":""Punkt: A. Tiesies""},{""type"":""rally"",""score"":""12 : 14"",""speed"":""58.7 km/h"",""res"":""Punkt: D. Tomczak""},{""type"":""rally"",""score"":""12 : 13"",""speed"":""57.3 km/h"",""res"":""Punkt: D. Tomczak""},{""type"":""rally"",""score"":""12 : 12"",""speed"":""52.4 km/h"",""res"":""Punkt: L. Padrão""},{""type"":""rally"",""score"":""11 : 12"",""speed"":""59.3 km/h"",""res"":""Punkt: T. Michta""},{""type"":""rally"",""score"":""11 : 11"",""speed"":""52.6 km/h"",""res"":""Punkt: L. Padrão""},{""type"":""rally"",""score"":""10 : 11"",""speed"":""43.1 km/h"",""res"":""Punkt: V. Iliev""},{""type"":""rally"",""score"":""10 : 10"",""speed"":""48.2 km/h"",""res"":""Punkt: L. Padrão""},{""type"":""rally"",""score"":""9 : 10"",""speed"":""60.9 km/h"",""res"":""Punkt: T. Michta""},{""type"":""rally"",""score"":""9 : 9"",""speed"":""57.1 km/h"",""res"":""Punkt: T. Michta""},{""type"":""rally"",""score"":""9 : 8"",""speed"":""67.9 km/h"",""res"":""Punkt: G. Gyurdzhiyski""},{""type"":""rally"",""score"":""8 : 8"",""speed"":""51.2 km/h"",""res"":""Błąd: G. Gyurdzhiyski""},{""type"":""rally"",""score"":""8 : 7"",""speed"":""58.8 km/h"",""res"":""Punkt: O. Timpanaro""},{""type"":""tmo"",""score"":""8 : 6"",""txt"":""Czas: ""},{""type"":""rally"",""score"":""8 : 6"",""speed"":""47.1 km/h"",""res"":""Punkt: G. Gyurdzhiyski""},{""type"":""rally"",""score"":""7 : 6"",""speed"":""59.4 km/h"",""res"":""Punkt: G. Gyurdzhiyski""},{""type"":""rally"",""score"":""6 : 6"",""speed"":""56.4 km/h"",""res"":""Punkt: G. Gyurdzhiyski""},{""type"":""rally"",""score"":""5 : 6"",""speed"":""62.6 km/h"",""res"":""Błąd: T. Bösenberg""},{""type"":""tmo"",""score"":""5 : 5"",""txt"":""Czas: VC Breakpoint""},{""type"":""rally"",""score"":""5 : 5"",""speed"":""57.7 km/h"",""res"":""Punkt: K. Garczarczyk""},{""type"":""rally"",""score"":""5 : 4"",""speed"":""53.1 km/h"",""res"":""Punkt: J. Jerzak""},{""type"":""rally"",""score"":""5 : 3"",""speed"":""50.6 km/h"",""res"":""Punkt: E. Strindberg""},{""type"":""chg"",""score"":""4 : 3"",""txt"":""Zmiana: D. Tomczak ⇄ F. Köpp""},{""type"":""rally"",""score"":""4 : 3"",""speed"":""41.9 km/h"",""res"":""Punkt: G. Gyurdzhiyski""},{""type"":""rally"",""score"":""3 : 3"",""speed"":""50.3 km/h"",""res"":""Punkt: J. Jerzak""},{""type"":""rally"",""score"":""3 : 2"",""speed"":""58.9 km/h"",""res"":""Punkt: A. Tiesies""},{""type"":""rally"",""score"":""2 : 2"",""speed"":""51.2 km/h"",""res"":""Punkt: T. Michta""},{""type"":""rally"",""score"":""2 : 1"",""speed"":""63.8 km/h"",""res"":""Punkt: L. Padrão""},{""type"":""rally"",""score"":""1 : 1"",""speed"":""-"",""res"":""Błąd: E. Strindberg""},{""type"":""chg"",""score"":""1 : 0"",""txt"":""Zmiana: O. Timpanaro ⇄ A. Fochler""},{""type"":""tmo"",""score"":""1 : 0"",""txt"":""Czas: Cargo Kamieniec Ząbkowicki""},{""type"":""rally"",""score"":""1 : 0"",""speed"":""57.2 km/h"",""res"":""Punkt: E. Wehmeier""}]},{""rallies"":[{""type"":""end"",""score"":""25 : 14"",""txt"":""Koniec seta 1 : 1""},{""type"":""end"",""score"":""25 : 14"",""txt"":""Koniec seta 1 : 1""},{""type"":""rally"",""score"":""25 : 14"",""speed"":""55.8 km/h"",""res"":""Błąd: V. Iliev""},{""type"":""rally"",""score"":""24 : 14"",""speed"":""66.5 km/h"",""res"":""Punkt: G. Gyurdzhiyski""},{""type"":""rally"",""score"":""23 : 14"",""speed"":""60.2 km/h"",""res"":""Punkt: G. Gyurdzhiyski""},{""type"":""rally"",""score"":""22 : 14"",""speed"":""56.2 km/h"",""res"":""Punkt: T. Bösenberg""},{""type"":""tmo"",""score"":""21 : 14"",""txt"":""Czas: VC Breakpoint""},{""type"":""rally"",""score"":""21 : 14"",""speed"":""52.1 km/h"",""res"":""Punkt: E. Wehmeier""},{""type"":""rally"",""score"":""20 : 14"",""speed"":""55.7 km/h"",""res"":""Błąd: V. Iliev""},{""type"":""rally"",""score"":""19 : 14"",""speed"":""52.1 km/h"",""res"":""Punkt: E. Strindberg""},{""type"":""rally"",""score"":""18 : 14"",""speed"":""58.0 km/h"",""res"":""Punkt: G. Gyurdzhiyski""},{""type"":""rally"",""score"":""17 : 14"",""speed"":""-"",""res"":""Błąd: D. Tomczak""},{""type"":""rally"",""score"":""16 : 14"",""speed"":""61.6 km/h"",""res"":""Punkt: J. Jerzak""},{""type"":""rally"",""score"":""16 : 13"",""speed"":""48.8 km/h"",""res"":""Punkt: J. Jerzak""},{""type"":""tmo"",""score"":""16 : 12"",""txt"":""Czas: ""},{""type"":""rally"",""score"":""16 : 12"",""speed"":""50.9 km/h"",""res"":""Punkt: G. Gyurdzhiyski""},{""type"":""rally"",""score"":""15 : 12"",""speed"":""46.7 km/h"",""res"":""Błąd: J. Jerzak""},{""type"":""rally"",""score"":""14 : 12"",""speed"":""56.4 km/h"",""res"":""Punkt: G. Gyurdzhiyski""},{""type"":""rally"",""score"":""13 : 12"",""speed"":""53.6 km/h"",""res"":""Punkt: G. Gyurdzhiyski""},{""type"":""rally"",""score"":""12 : 12"",""speed"":""57.8 km/h"",""res"":""Punkt: T. Michta""},{""type"":""rally"",""score"":""12 : 11"",""speed"":""60.8 km/h"",""res"":""Punkt: L. Padrão""},{""type"":""rally"",""score"":""11 : 11"",""speed"":""44.9 km/h"",""res"":""Punkt: T. Michta""},{""type"":""rally"",""score"":""11 : 10"",""speed"":""60.3 km/h"",""res"":""Punkt: T. Michta""},{""type"":""rally"",""score"":""11 : 9"",""speed"":""69.9 km/h"",""res"":""Punkt: E. Wehmeier""},{""type"":""rally"",""score"":""10 : 9"",""speed"":""73.9 km/h"",""res"":""Błąd: A. Tiesies""},{""type"":""rally"",""score"":""10 : 8"",""speed"":""82.0 km/h"",""res"":""Punkt: T. Michta""},{""type"":""tmo"",""score"":""10 : 7"",""txt"":""Czas: VC Breakpoint""},{""type"":""rally"",""score"":""10 : 7"",""speed"":""50.4 km/h"",""res"":""Punkt: D. Tomczak""},{""type"":""rally"",""score"":""10 : 6"",""speed"":""64.6 km/h"",""res"":""Punkt: T. Michta""},{""type"":""rally"",""score"":""10 : 5"",""speed"":""-"",""res"":""Błąd: J. Jerzak""},{""type"":""rally"",""score"":""9 : 5"",""speed"":""58.2 km/h"",""res"":""Punkt: J. Jerzak""},{""type"":""tmo"",""score"":""9 : 4"",""txt"":""Czas: Cargo Kamieniec Ząbkowicki""},{""type"":""rally"",""score"":""9 : 4"",""speed"":""55.7 km/h"",""res"":""Punkt: L. Padrão""},{""type"":""tmo"",""score"":""8 : 4"",""txt"":""Czas: ""},{""type"":""rally"",""score"":""8 : 4"",""speed"":""52.1 km/h"",""res"":""Punkt: L. Padrão""},{""type"":""rally"",""score"":""7 : 4"",""speed"":""48.9 km/h"",""res"":""Punkt: L. Padrão""},{""type"":""rally"",""score"":""6 : 4"",""speed"":""59.1 km/h"",""res"":""Punkt: G. Gyurdzhiyski""},{""type"":""rally"",""score"":""5 : 4"",""speed"":""54.6 km/h"",""res"":""Punkt: J. Jerzak""},{""type"":""rally"",""score"":""5 : 3"",""speed"":""62.6 km/h"",""res"":""Punkt: E. Wehmeier""},{""type"":""chg"",""score"":""4 : 3"",""txt"":""Zmiana: D. Tomczak ⇄ F. Köpp""},{""type"":""rally"",""score"":""4 : 3"",""speed"":""46.9 km/h"",""res"":""Punkt: T. Bösenberg""},{""type"":""rally"",""score"":""3 : 3"",""speed"":""51.2 km/h"",""res"":""Błąd: G. Gyurdzhiyski""},{""type"":""rally"",""score"":""3 : 2"",""speed"":""57.2 km/h"",""res"":""Punkt: A. Tiesies""},{""type"":""rally"",""score"":""2 : 2"",""speed"":""47.4 km/h"",""res"":""Punkt: T. Michta""},{""type"":""rally"",""score"":""2 : 1"",""speed"":""63.9 km/h"",""res"":""Punkt: L. Padrão""},{""type"":""rally"",""score"":""1 : 1"",""speed"":""56.9 km/h"",""res"":""Punkt: T. Michta""},{""type"":""tmo"",""score"":""1 : 0"",""txt"":""Czas: Cargo Kamieniec Ząbkowicki""},{""type"":""rally"",""score"":""1 : 0"",""speed"":""59.3 km/h"",""res"":""Punkt: L. Padrão""}]},{""rallies"":[{""type"":""end"",""score"":""25 : 19"",""txt"":""Koniec seta 2 : 1""},{""type"":""end"",""score"":""25 : 19"",""txt"":""Koniec seta 2 : 1""},{""type"":""rally"",""score"":""25 : 19"",""speed"":""52.9 km/h"",""res"":""Punkt: L. Padrão""},{""type"":""rally"",""score"":""24 : 19"",""speed"":""65.8 km/h"",""res"":""Punkt: L. Padrão""},{""type"":""rally"",""score"":""23 : 19"",""speed"":""54.0 km/h"",""res"":""Punkt: T. Michta""},{""type"":""rally"",""score"":""23 : 18"",""speed"":""55.5 km/h"",""res"":""Błąd: O. Timpanaro""},{""type"":""rally"",""score"":""22 : 18"",""speed"":""54.1 km/h"",""res"":""Punkt: L. Padrão""},{""type"":""tmo"",""score"":""21 : 18"",""txt"":""Czas: VC Breakpoint""},{""type"":""rally"",""score"":""21 : 18"",""speed"":""70.0 km/h"",""res"":""Punkt: T. Bösenberg""},{""type"":""rally"",""score"":""20 : 18"",""speed"":""56.3 km/h"",""res"":""Punkt: T. Michta""},{""type"":""rally"",""score"":""20 : 17"",""speed"":""41.5 km/h"",""res"":""Punkt: G. Gyurdzhiyski""},{""type"":""rally"",""score"":""19 : 17"",""speed"":""51.8 km/h"",""res"":""Punkt: B. Topurov""},{""type"":""rally"",""score"":""19 : 16"",""speed"":""61.2 km/h"",""res"":""Punkt: G. Gyurdzhiyski""},{""type"":""rally"",""score"":""18 : 16"",""speed"":""79.8 km/h"",""res"":""Błąd: G. Gyurdzhiyski""},{""type"":""rally"",""score"":""18 : 15"",""speed"":""48.9 km/h"",""res"":""Punkt: B. Topurov""},{""type"":""rally"",""score"":""18 : 14"",""speed"":""49.7 km/h"",""res"":""Punkt: G. Gyurdzhiyski""},{""type"":""rally"",""score"":""17 : 14"",""speed"":""-"",""res"":""Błąd: D. Tomczak""},{""type"":""rally"",""score"":""16 : 14"",""speed"":""51.6 km/h"",""res"":""Punkt: B. Topurov""},{""type"":""rally"",""score"":""16 : 13"",""speed"":""59.2 km/h"",""res"":""Punkt: B. Topurov""},{""type"":""tmo"",""score"":""16 : 12"",""txt"":""Czas: ""},{""type"":""rally"",""score"":""16 : 12"",""speed"":""42.7 km/h"",""res"":""Punkt: L. Padrão""},{""type"":""rally"",""score"":""15 : 12"",""speed"":""47.5 km/h"",""res"":""Punkt: O. Timpanaro""},{""type"":""rally"",""score"":""15 : 11"",""speed"":""70.0 km/h"",""res"":""Punkt: L. Padrão""},{""type"":""rally"",""score"":""14 : 11"",""speed"":""57.1 km/h"",""res"":""Punkt: T. Michta""},{""type"":""rally"",""score"":""14 : 10"",""speed"":""52.6 km/h"",""res"":""Punkt: E. Strindberg""},{""type"":""rally"",""score"":""13 : 10"",""speed"":""55.9 km/h"",""res"":""Punkt: A. Tiesies""},{""type"":""rally"",""score"":""12 : 10"",""speed"":""54.3 km/h"",""res"":""Punkt: L. Padrão""},{""type"":""rally"",""score"":""11 : 10"",""speed"":""63.5 km/h"",""res"":""Punkt: L. Padrão""},{""type"":""rally"",""score"":""10 : 10"",""speed"":""62.6 km/h"",""res"":""Punkt: T. Michta""},{""type"":""rally"",""score"":""10 : 9"",""speed"":""59.0 km/h"",""res"":""Punkt: E. Wehmeier""},{""type"":""rally"",""score"":""9 : 9"",""speed"":""64.1 km/h"",""res"":""Punkt: B. Topurov""},{""type"":""rally"",""score"":""9 : 8"",""speed"":""50.8 km/h"",""res"":""Punkt: E. Strindberg""},{""type"":""rally"",""score"":""8 : 8"",""speed"":""46.2 km/h"",""res"":""Punkt: G. Gyurdzhiyski""},{""type"":""rally"",""score"":""7 : 8"",""speed"":""-"",""res"":""Błąd: S. Bisiacchi""},{""type"":""tmo"",""score"":""6 : 8"",""txt"":""Czas: ""},{""type"":""rally"",""score"":""6 : 8"",""speed"":""78.0 km/h"",""res"":""Punkt: O. Timpanaro""},{""type"":""rally"",""score"":""6 : 7"",""speed"":""54.7 km/h"",""res"":""Punkt: B. Topurov""},{""type"":""rally"",""score"":""6 : 6"",""speed"":""53.2 km/h"",""res"":""Błąd: B. Topurov""},{""type"":""tmo"",""score"":""5 : 6"",""txt"":""Czas: Cargo Kamieniec Ząbkowicki""},{""type"":""rally"",""score"":""5 : 6"",""speed"":""59.1 km/h"",""res"":""Punkt: G. Gyurdzhiyski""},{""type"":""rally"",""score"":""4 : 6"",""speed"":""55.8 km/h"",""res"":""Błąd: B. Topurov""},{""type"":""rally"",""score"":""3 : 6"",""speed"":""59.0 km/h"",""res"":""Punkt: A. Tiesies""},{""type"":""rally"",""score"":""2 : 6"",""speed"":""60.4 km/h"",""res"":""Punkt: D. Tomczak""},{""type"":""rally"",""score"":""2 : 5"",""speed"":""60.4 km/h"",""res"":""Punkt: B. Topurov""},{""type"":""rally"",""score"":""2 : 4"",""speed"":""53.4 km/h"",""res"":""Punkt: E. Wehmeier""},{""type"":""chg"",""score"":""1 : 4"",""txt"":""Zmiana: D. Tomczak ⇄ F. Köpp""},{""type"":""rally"",""score"":""1 : 4"",""speed"":""49.8 km/h"",""res"":""Punkt: F. Köpp""},{""type"":""rally"",""score"":""1 : 3"",""speed"":""49.0 km/h"",""res"":""Błąd: O. Timpanaro""},{""type"":""rally"",""score"":""0 : 3"",""speed"":""78.1 km/h"",""res"":""Błąd: L. Padrão""},{""type"":""tmo"",""score"":""0 : 2"",""txt"":""Czas: VC Breakpoint""},{""type"":""rally"",""score"":""0 : 2"",""speed"":""48.1 km/h"",""res"":""Punkt: F. Köpp""},{""type"":""chg"",""score"":""0 : 1"",""txt"":""Zmiana: O. Bulín ⇄ A. Pluta""},{""type"":""chg"",""score"":""0 : 1"",""txt"":""Zmiana: S. Bisiacchi ⇄ A. Fochler""},{""type"":""chg"",""score"":""0 : 1"",""txt"":""Zmiana: O. Timpanaro ⇄ V. Iliev""},{""type"":""chg"",""score"":""0 : 1"",""txt"":""Zmiana: B. Topurov ⇄ J. Jerzak""},{""type"":""tmo"",""score"":""0 : 1"",""txt"":""Czas: Cargo Kamieniec Ząbkowicki""},{""type"":""rally"",""score"":""0 : 1"",""speed"":""56.9 km/h"",""res"":""Punkt: T. Michta""}]},{""rallies"":[{""type"":""end"",""score"":""24 : 26"",""txt"":""Koniec seta 2 : 2""},{""type"":""end"",""score"":""24 : 26"",""txt"":""Koniec seta 2 : 2""},{""type"":""rally"",""score"":""24 : 26"",""speed"":""55.8 km/h"",""res"":""Punkt: D. Tomczak""},{""type"":""rally"",""score"":""24 : 25"",""speed"":""59.9 km/h"",""res"":""Punkt: T. Michta""},{""type"":""rally"",""score"":""24 : 24"",""speed"":""59.2 km/h"",""res"":""Punkt: E. Wehmeier""},{""type"":""rally"",""score"":""23 : 24"",""speed"":""60.6 km/h"",""res"":""Punkt: T. Michta""},{""type"":""rally"",""score"":""23 : 23"",""speed"":""70.5 km/h"",""res"":""Punkt: L. Padrão""},{""type"":""rally"",""score"":""22 : 23"",""speed"":""51.2 km/h"",""res"":""Punkt: T. Michta""},{""type"":""rally"",""score"":""22 : 22"",""speed"":""46.9 km/h"",""res"":""Punkt: A. Tiesies""},{""type"":""rally"",""score"":""21 : 22"",""speed"":""45.1 km/h"",""res"":""Punkt: L. Padrão""},{""type"":""rally"",""score"":""20 : 22"",""speed"":""-"",""res"":""Błąd: G. Gyurdzhiyski""},{""type"":""rally"",""score"":""20 : 21"",""speed"":""60.8 km/h"",""res"":""Punkt: E. Wehmeier""},{""type"":""rally"",""score"":""19 : 21"",""speed"":""49.3 km/h"",""res"":""Punkt: A. Fochler""},{""type"":""rally"",""score"":""19 : 20"",""speed"":""-"",""res"":""Błąd: T. Bösenberg""},{""type"":""rally"",""score"":""19 : 19"",""speed"":""52.3 km/h"",""res"":""Punkt: A. Tiesies""},{""type"":""rally"",""score"":""18 : 19"",""speed"":""-"",""res"":""Błąd: D. Tomczak""},{""type"":""tmo"",""score"":""17 : 19"",""txt"":""Czas: VC Breakpoint""},{""type"":""rally"",""score"":""17 : 19"",""speed"":""54.9 km/h"",""res"":""Błąd: G. Gyurdzhiyski""},{""type"":""rally"",""score"":""17 : 18"",""speed"":""47.9 km/h"",""res"":""Punkt: J. Jerzak""},{""type"":""rally"",""score"":""17 : 17"",""speed"":""57.6 km/h"",""res"":""Punkt: D. Tomczak""},{""type"":""rally"",""score"":""17 : 16"",""speed"":""61.8 km/h"",""res"":""Punkt: J. Jerzak""},{""type"":""rally"",""score"":""17 : 15"",""speed"":""57.8 km/h"",""res"":""Punkt: J. Jerzak""},{""type"":""rally"",""score"":""17 : 14"",""speed"":""54.2 km/h"",""res"":""Punkt: J. Jerzak""},{""type"":""rally"",""score"":""17 : 13"",""speed"":""55.2 km/h"",""res"":""Punkt: G. Gyurdzhiyski""},{""type"":""rally"",""score"":""16 : 13"",""speed"":""46.0 km/h"",""res"":""Punkt: T. Michta""},{""type"":""tmo"",""score"":""16 : 12"",""txt"":""Czas: ""},{""type"":""rally"",""score"":""16 : 12"",""speed"":""67.7 km/h"",""res"":""Punkt: L. Padrão""},{""type"":""rally"",""score"":""15 : 12"",""speed"":""62.5 km/h"",""res"":""Punkt: A. Fochler""},{""type"":""rally"",""score"":""15 : 11"",""speed"":""54.9 km/h"",""res"":""Punkt: A. Fochler""},{""type"":""rally"",""score"":""15 : 10"",""speed"":""61.1 km/h"",""res"":""Punkt: T. Michta""},{""type"":""rally"",""score"":""15 : 9"",""speed"":""49.0 km/h"",""res"":""Punkt: T. Michta""},{""type"":""rally"",""score"":""15 : 8"",""speed"":""-"",""res"":""Błąd: K. Garczarczyk""},{""type"":""rally"",""score"":""14 : 8"",""speed"":""53.6 km/h"",""res"":""Punkt: A. Fochler""},{""type"":""rally"",""score"":""14 : 7"",""speed"":""59.8 km/h"",""res"":""Punkt: T. Bösenberg""},{""type"":""rally"",""score"":""13 : 7"",""speed"":""58.0 km/h"",""res"":""Punkt: J. Jerzak""},{""type"":""rally"",""score"":""13 : 6"",""speed"":""51.0 km/h"",""res"":""Punkt: L. Padrão""},{""type"":""rally"",""score"":""12 : 6"",""speed"":""62.0 km/h"",""res"":""Punkt: E. Strindberg""},{""type"":""rally"",""score"":""11 : 6"",""speed"":""62.6 km/h"",""res"":""Błąd: D. Tomczak""},{""type"":""rally"",""score"":""10 : 6"",""speed"":""52.1 km/h"",""res"":""Punkt: E. Strindberg""},{""type"":""rally"",""score"":""9 : 6"",""speed"":""56.0 km/h"",""res"":""Punkt: O. Timpanaro""},{""type"":""rally"",""score"":""9 : 5"",""speed"":""49.5 km/h"",""res"":""Punkt: G. Gyurdzhiyski""},{""type"":""tmo"",""score"":""8 : 5"",""txt"":""Czas: ""},{""type"":""rally"",""score"":""8 : 5"",""speed"":""50.8 km/h"",""res"":""Punkt: G. Gyurdzhiyski""},{""type"":""rally"",""score"":""7 : 5"",""speed"":""64.3 km/h"",""res"":""Punkt: G. Gyurdzhiyski""},{""type"":""rally"",""score"":""6 : 5"",""speed"":""55.6 km/h"",""res"":""Punkt: J. Jerzak""},{""type"":""rally"",""score"":""6 : 4"",""speed"":""55.3 km/h"",""res"":""Punkt: G. Gyurdzhiyski""},{""type"":""tmo"",""score"":""5 : 4"",""txt"":""Czas: VC Breakpoint""},{""type"":""rally"",""score"":""5 : 4"",""speed"":""46.8 km/h"",""res"":""Punkt: J. Jerzak""},{""type"":""rally"",""score"":""5 : 3"",""speed"":""64.3 km/h"",""res"":""Punkt: T. Michta""},{""type"":""rally"",""score"":""5 : 2"",""speed"":""65.9 km/h"",""res"":""Punkt: A. Tiesies""},{""type"":""chg"",""score"":""4 : 2"",""txt"":""Zmiana: D. Tomczak ⇄ F. Köpp""},{""type"":""rally"",""score"":""4 : 2"",""speed"":""72.2 km/h"",""res"":""Punkt: L. Padrão""},{""type"":""rally"",""score"":""3 : 2"",""speed"":""51.3 km/h"",""res"":""Punkt: A. Fochler""},{""type"":""tmo"",""score"":""3 : 1"",""txt"":""Czas: Cargo Kamieniec Ząbkowicki""},{""type"":""rally"",""score"":""3 : 1"",""speed"":""54.5 km/h"",""res"":""Punkt: L. Padrão""},{""type"":""rally"",""score"":""2 : 1"",""speed"":""63.8 km/h"",""res"":""Błąd: F. Köpp""},{""type"":""rally"",""score"":""1 : 1"",""speed"":""60.1 km/h"",""res"":""Punkt: E. Wehmeier""},{""type"":""chg"",""score"":""0 : 1"",""txt"":""Zmiana: O. Timpanaro ⇄ V. Iliev""},{""type"":""tmo"",""score"":""0 : 1"",""txt"":""Czas: Cargo Kamieniec Ząbkowicki""},{""type"":""rally"",""score"":""0 : 1"",""speed"":""54.1 km/h"",""res"":""Punkt: A. Fochler""}]},{""rallies"":[{""type"":""end"",""score"":""15 : 11"",""txt"":""Koniec seta 3 : 2""},{""type"":""end"",""score"":""15 : 11"",""txt"":""Koniec seta 3 : 2""},{""type"":""rally"",""score"":""15 : 11"",""speed"":""55.0 km/h"",""res"":""Punkt: E. Wehmeier""},{""type"":""rally"",""score"":""14 : 11"",""speed"":""60.7 km/h"",""res"":""Punkt: E. Wehmeier""},{""type"":""rally"",""score"":""13 : 11"",""speed"":""64.4 km/h"",""res"":""Punkt: A. Tiesies""},{""type"":""rally"",""score"":""12 : 11"",""speed"":""56.1 km/h"",""res"":""Punkt: J. Jerzak""},{""type"":""rally"",""score"":""12 : 10"",""speed"":""-"",""res"":""Błąd: D. Tomczak""},{""type"":""rally"",""score"":""11 : 10"",""speed"":""65.9 km/h"",""res"":""Punkt: J. Jerzak""},{""type"":""rally"",""score"":""11 : 9"",""speed"":""54.4 km/h"",""res"":""Punkt: L. Padrão""},{""type"":""rally"",""score"":""10 : 9"",""speed"":""51.1 km/h"",""res"":""Punkt: V. Iliev""},{""type"":""rally"",""score"":""10 : 8"",""speed"":""59.3 km/h"",""res"":""Punkt: A. Tiesies""},{""type"":""rally"",""score"":""9 : 8"",""speed"":""-"",""res"":""Błąd: E. Strindberg""},{""type"":""rally"",""score"":""9 : 7"",""speed"":""61.5 km/h"",""res"":""Punkt: L. Padrão""},{""type"":""tmo"",""score"":""8 : 7"",""txt"":""Czas: VC Breakpoint""},{""type"":""rally"",""score"":""8 : 7"",""speed"":""62.5 km/h"",""res"":""Punkt: T. Michta""},{""type"":""rally"",""score"":""8 : 6"",""speed"":""-"",""res"":""Błąd: G. Gyurdzhiyski""},{""type"":""rally"",""score"":""8 : 5"",""speed"":""46.8 km/h"",""res"":""Punkt: E. Wehmeier""},{""type"":""rally"",""score"":""7 : 5"",""speed"":""-"",""res"":""Błąd: T. Bösenberg""},{""type"":""rally"",""score"":""7 : 4"",""speed"":""58.9 km/h"",""res"":""Błąd: D. Tomczak""},{""type"":""rally"",""score"":""6 : 4"",""speed"":""62.9 km/h"",""res"":""Punkt: E. Strindberg""},{""type"":""rally"",""score"":""5 : 4"",""speed"":""-"",""res"":""Błąd: A. Tiesies""},{""type"":""rally"",""score"":""5 : 3"",""speed"":""50.6 km/h"",""res"":""Punkt: G. Gyurdzhiyski""},{""type"":""rally"",""score"":""4 : 3"",""speed"":""51.2 km/h"",""res"":""Punkt: J. Jerzak""},{""type"":""chg"",""score"":""4 : 2"",""txt"":""Zmiana: D. Tomczak ⇄ F. Köpp""},{""type"":""rally"",""score"":""4 : 2"",""speed"":""-"",""res"":""Błąd: T. Michta""},{""type"":""rally"",""score"":""3 : 2"",""speed"":""64.4 km/h"",""res"":""Punkt: T. Michta""},{""type"":""rally"",""score"":""3 : 1"",""speed"":""52.7 km/h"",""res"":""Błąd: V. Iliev""},{""type"":""rally"",""score"":""2 : 1"",""speed"":""52.8 km/h"",""res"":""Punkt: L. Padrão""},{""type"":""rally"",""score"":""1 : 1"",""speed"":""-"",""res"":""Błąd: E. Strindberg""},{""type"":""tmo"",""score"":""1 : 0"",""txt"":""Czas: Cargo Kamieniec Ząbkowicki""},{""type"":""rally"",""score"":""1 : 0"",""speed"":""58.3 km/h"",""res"":""Punkt: L. Padrão""}]}]}","2","6","0","0","0","0","51","97","6","0","47","0","1","4","64.6","54.3","0","0","0","0","3","3","0","0","0","0","0","0","0","0","0","0","0","0","0","0","0","0","0","0","0","0","0","0","0","0","54","20","8","8","60","150","0","0","0","0","0","2","0","0","0","0","0","3","0","0","0","0","0","5","2","1","2","2","3","clan-bulk-1.2","0","0","0"
"liga_klanow_2_1","VC Breakpoint vs Cargo Kamieniec Ząbkowicki 3:2","1297847","2026-09-18 19:00","Volleydome","unschlagBAR","1390","VC Breakpoint","","Wehmeier, Erich","1904813","12","6","15","0","0","64.4","14","4","4","29","0","26","11","7","15","9","62","41","2","95","12","29","8","48","77","0","0","0","0","0","0","0","51.6","","8","11","0","0","0","0","48","77","8","2","45","0","0","3","64.4","55","1","0","0","0","2","3","0","0","2","0","0","2","1","0","0","0","3","4","0","0","0","0","0","0","2","0","2","0","1","5","0","0","0","0","0","0","4","15","14","6","39","7","0","0","0","0","0","9","0","0","0","0","0","5","1","3","2","3","3","clan-bulk-1.2","0","0","0"
"liga_klanow_2_1","VC Breakpoint vs Cargo Kamieniec Ząbkowicki 3:2","1297847","2026-09-18 19:00","Volleydome","unschlagBAR","1390","VC Breakpoint","","Padrão, Lino","1976724","30","22","12","0","0","65.9","48","8","28","58","42","4","4","0","0","0","0","0","0","0","0","0","2","45","64","0","0","2","0","1","0","1","58.4","","0","0","0","0","0","0","45","64","2","0","44","0","0","1","65.9","57.1","0","0","0","0","2","2","3","1","3","1","2","10","0","0","0","0","0","0","22","0","4","2","8","36","0","0","0","0","0","0","0","0","0","0","2","2","0","0","0","0","0","0","0","0","0","0","0","0","0","0","0","0","0","5","4","6","8","6","4","clan-bulk-1.2","0","0","0"
"liga_klanow_2_1","VC Breakpoint vs Cargo Kamieniec Ząbkowicki 3:2","1297847","2026-09-18 19:00","Volleydome","unschlagBAR","1390","VC Breakpoint","","Tiesies, Armin","1905901","12","8","18","1","0","59.1","14","3","4","29","7","25","12","7","13","7","56","0","0","0","0","0","8","39","72","0","0","0","0","0","0","0","36.3","","7","8","0","0","0","0","39","72","8","1","37","0","0","2","59.1","53.1","0","1","0","0","2","3","0","0","1","1","0","2","0","0","0","0","3","3","0","0","0","0","0","0","2","0","1","1","2","6","0","0","0","0","0","0","0","0","0","0","0","7","0","0","0","0","0","7","0","0","0","0","0","5","2","2","2","3","3","clan-bulk-1.2","0","0","0"
"liga_klanow_2_1","VC Breakpoint vs Cargo Kamieniec Ząbkowicki 3:2","1297847","2026-09-18 19:00","Volleydome","unschlagBAR","1390","VC Breakpoint","","Bösenberg, Torben","1904518","6","-1","28","2","1","66.5","18","5","4","22","-6","24","8","5","16","9","58","36","0","100","14","39","1","59","92","0","0","0","0","0","0","0","30.9","","7","8","0","0","0","0","59","92","1","2","58","0","0","1","66.5","55.7","1","0","3","0","7","11","0","0","1","0","0","1","0","0","1","0","2","3","0","0","0","0","0","0","2","0","0","1","0","3","0","0","0","0","0","0","6","9","16","5","36","5","0","0","0","0","0","10","0","0","0","0","0","5","2","2","1","2","1","clan-bulk-1.2","0","0","0"
"liga_klanow_2_1","VC Breakpoint vs Cargo Kamieniec Ząbkowicki 3:2","1297847","2026-09-18 19:00","Volleydome","unschlagBAR","1390","VC Breakpoint","","Gyurdzhiyski, Georgi","1864120","28","17","14","2","0","72.6","61","9","23","38","23","6","4","0","2","1","17","0","0","0","0","0","5","73","105","0","0","0","0","0","0","0","50.5","","0","0","0","0","0","0","73","105","5","3","69","0","0","4","72.6","58.1","2","0","1","0","10","13","1","2","2","2","1","8","0","0","0","0","0","0","18","4","0","0","18","40","0","0","0","0","0","0","0","0","0","0","0","0","0","0","0","0","0","0","0","0","0","0","0","1","0","0","0","0","0","5","11","8","6","7","2","clan-bulk-1.2","0","0","0"
"liga_klanow_2_1","VC Breakpoint vs Cargo Kamieniec Ząbkowicki 3:2","1297847","2026-09-18 19:00","Volleydome","unschlagBAR","1390","VC Breakpoint","","Hock, Ingmar","1865751","0","-1","0","0","0","0","0","0","0","0","0","40","24","14","16","10","60","10","1","90","2","20","0","0","0","1","1","3","0","0","1","2","17.6","","7","11","0","0","0","0","0","0","0","0","0","0","0","0","0","0","0","0","0","0","0","0","0","0","0","0","0","0","0","0","0","0","0","0","0","0","0","0","0","0","0","0","0","0","0","0","1","1","0","0","1","3","2","1","5","1","9","14","0","0","0","0","0","10","0","0","0","0","0","0","0","0","0","0","0","clan-bulk-1.2","0","0","0"
"liga_klanow_2_1","VC Breakpoint vs Cargo Kamieniec Ząbkowicki 3:2","1297847","2026-09-18 19:00","Volleydome","Sons of Eternity","1390","Cargo Kamieniec Ząbkowicki","","Garczarczyk, Kacper","1864360","1","0","17","1","0","82","1","0","0","0","0","20","12","2","8","3","25","0","0","0","0","0","1","27","79","54","30","164","17","43","52","52","4.8","","3","4","0","0","0","0","27","79","1","0","25","0","0","2","82","63.9","0","0","0","0","1","1","0","0","0","0","0","0","0","0","0","0","0","0","0","0","0","0","0","0","0","0","0","0","0","0","54","30","9","11","60","164","0","0","0","0","0","0","0","0","0","0","0","0","0","0","0","0","0","2","1","0","0","1","0","clan-bulk-1.2","0","0","0"
"liga_klanow_2_1","VC Breakpoint vs Cargo Kamieniec Ząbkowicki 3:2","1297847","2026-09-18 19:00","Volleydome","Sons of Eternity","1390","Cargo Kamieniec Ząbkowicki","","Iliev, Valentin","1975735","3","-9","7","0","0","63.9","18","11","3","17","-44","22","15","9","7","5","64","5","1","80","2","40","0","25","46","0","0","0","0","0","0","0","-9.7","","3","3","0","0","0","0","25","46","0","1","22","0","0","3","63.9","56.9","2","2","8","0","2","14","0","0","0","1","0","1","0","0","0","0","1","1","0","0","0","0","0","0","0","1","0","0","1","2","0","0","0","0","0","0","0","0","0","0","0","0","0","0","0","0","0","0","0","0","0","0","0","3","1","2","0","0","2","clan-bulk-1.2","0","0","0"
"liga_klanow_2_1","VC Breakpoint vs Cargo Kamieniec Ząbkowicki 3:2","1297847","2026-09-18 19:00","Volleydome","Sons of Eternity","1390","Cargo Kamieniec Ząbkowicki","","Michta, Tomasz","1684343","28","22","12","1","0","58.9","39","5","23","59","46","4","0","0","4","1","25","0","0","0","0","0","5","47","63","0","0","1","0","0","1","0","62.1","","1","2","0","0","0","0","47","63","5","2","46","0","0","1","58.9","53.2","0","0","1","0","3","4","0","0","1","0","0","1","0","0","0","0","0","0","22","0","3","1","8","34","0","0","0","0","0","0","0","0","0","0","1","1","0","0","0","0","0","0","0","0","0","0","0","0","0","0","0","0","0","5","6","7","5","7","3","clan-bulk-1.2","0","0","0"
"liga_klanow_2_1","VC Breakpoint vs Cargo Kamieniec Ząbkowicki 3:2","1297847","2026-09-18 19:00","Volleydome","Sons of Eternity","1390","Cargo Kamieniec Ząbkowicki","","Köpp, Florent","1744890","3","2","2","0","0","46.9","4","1","1","25","0","2","0","0","2","1","50","0","0","0","0","0","2","10","20","0","0","0","0","0","0","0","6.9","","0","0","0","0","0","0","10","20","2","0","9","0","0","1","46.9","44.4","0","0","0","0","1","1","0","0","0","0","0","0","0","1","0","1","1","3","0","0","0","0","0","0","0","0","0","0","0","0","0","0","0","0","0","0","0","0","0","0","0","0","0","0","0","0","0","0","0","0","0","0","0","2","0","0","2","1","0","clan-bulk-1.2","0","0","0"
"liga_klanow_2_1","VC Breakpoint vs Cargo Kamieniec Ząbkowicki 3:2","1297847","2026-09-18 19:00","Volleydome","Sons of Eternity","1390","Cargo Kamieniec Ząbkowicki","","Fochler, Alf","1975736","8","6","6","0","1","64.4","10","2","5","50","30","15","8","3","7","4","47","45","0","100","13","29","2","36","59","0","0","0","0","0","0","0","43.2","","2","3","0","0","0","0","36","59","2","1","34","0","0","2","64.4","58.1","3","0","1","2","2","8","0","0","0","0","0","0","0","0","0","0","0","0","0","0","0","0","0","0","0","0","1","0","1","2","0","0","0","0","0","0","0","0","0","0","0","0","0","0","0","0","0","0","0","0","0","0","0","1","0","0","0","6","0","clan-bulk-1.2","0","0","0"
"liga_klanow_2_1","VC Breakpoint vs Cargo Kamieniec Ząbkowicki 3:2","1297847","2026-09-18 19:00","Volleydome","Sons of Eternity","1390","Cargo Kamieniec Ząbkowicki","","Jerzak, Jacek","1725275","24","13","7","1","0","70.5","56","10","17","30","13","5","1","0","4","0","0","0","0","0","0","0","7","50","81","0","0","0","0","0","0","0","41.6","","0","0","0","0","0","0","50","81","7","3","43","0","0","7","70.5","56.9","3","0","1","0","9","13","1","0","1","0","1","3","0","0","0","0","0","0","10","1","7","3","19","40","0","0","0","0","0","0","0","0","0","0","0","0","0","0","0","0","0","0","0","0","0","0","0","0","0","0","0","0","0","4","7","6","0","7","3","clan-bulk-1.2","0","0","0"
"liga_klanow_2_1","VC Breakpoint vs Cargo Kamieniec Ząbkowicki 3:2","1297847","2026-09-18 19:00","Volleydome","Sons of Eternity","1390","Cargo Kamieniec Ząbkowicki","","Pluta, Andrzej","2003647","0","0","0","0","0","0","0","0","0","0","0","35","23","17","12","8","71","6","0","100","1","17","0","0","0","0","0","4","0","1","0","3","19.6","","7","7","0","0","0","0","0","0","0","0","0","0","0","0","0","0","0","0","0","0","0","0","0","0","0","0","0","0","0","0","0","0","0","0","0","0","0","0","0","0","0","0","0","0","0","0","0","0","0","0","4","4","0","0","0","0","0","0","0","0","0","0","0","0","0","0","0","0","0","0","0","0","0","0","0","clan-bulk-1.2","0","0","0"
"liga_klanow_2_1","VC Breakpoint vs Cargo Kamieniec Ząbkowicki 3:2","1297847","2026-09-18 19:00","Volleydome","Sons of Eternity","1390","Cargo Kamieniec Ząbkowicki","","Topurov, Boycho","1744944","7","3","2","0","0","59","13","4","6","46","15","0","0","0","0","0","0","0","0","0","0","0","1","10","11","0","0","0","0","0","0","0","12","","0","0","0","0","0","0","10","11","1","0","9","0","0","1","59","50.3","1","0","1","0","1","3","0","0","0","0","0","0","0","0","0","0","0","0","5","2","1","0","2","10","0","0","0","0","0","0","0","0","0","0","0","0","0","0","0","0","0","0","0","0","0","0","0","0","0","0","0","0","0","1","0","0","9","0","0","clan-bulk-1.2","0","0","0"
"liga_klanow_2_1","VC Breakpoint vs Cargo Kamieniec Ząbkowicki 3:2","1297847","2026-09-18 19:00","Volleydome","Sons of Eternity","1390","Cargo Kamieniec Ząbkowicki","","Tomczak, Dawid","1929205","7","-2","17","4","2","67.1","14","5","3","21","-14","21","13","4","8","4","38","0","0","0","0","0","2","32","56","0","0","0","0","0","0","0","8.5","","3","3","0","0","0","0","32","56","2","0","31","0","0","1","67.1","57.9","2","1","0","0","6","9","0","0","2","0","0","2","1","0","0","0","0","1","0","0","0","0","0","0","0","1","1","0","0","2","0","0","0","0","0","0","0","0","0","0","0","0","0","0","0","0","0","0","0","0","0","0","0","5","3","2","2","4","2","clan-bulk-1.2","0","0","0"
"liga_klanow_2_1","VC Breakpoint vs Cargo Kamieniec Ząbkowicki 3:2","1297847","2026-09-18 19:00","Volleydome","Sons of Eternity","1390","Cargo Kamieniec Ząbkowicki","","Bulín, Otmar","1976235","0","0","0","0","0","0","0","0","0","0","0","6","5","1","1","0","17","1","0","100","1","100","0","0","0","0","0","0","0","0","0","0","1.6","","0","0","0","0","0","0","0","0","0","0","0","0","0","0","0","0","0","0","0","0","0","0","0","0","0","0","0","0","0","0","0","0","0","0","0","0","0","0","0","0","0","0","0","0","0","0","0","0","0","0","0","0","0","0","0","0","0","0","0","0","0","0","0","0","0","0","0","0","0","0","0","0","0","0","0","clan-bulk-1.2","0","0","0"
"liga_klanow_2_1","VC Breakpoint vs Cargo Kamieniec Ząbkowicki 3:2","1297847","2026-09-18 19:00","Volleydome","Sons of Eternity","1390","Cargo Kamieniec Ząbkowicki","","Timpanaro, Orlando","1710028","6","3","21","0","0","78.1","13","3","5","38","15","23","10","4","13","7","48","21","0","100","9","43","1","20","37","0","0","0","0","0","0","0","29.5","","6","7","0","0","0","0","20","37","1","1","20","0","0","0","78.1","60.6","2","2","1","0","4","9","1","0","0","1","0","2","0","0","0","0","0","0","0","0","0","0","0","0","1","0","0","0","1","2","0","0","0","0","0","0","0","0","0","0","0","0","0","0","0","0","0","0","0","0","0","0","0","3","2","0","4","1","0","clan-bulk-1.2","0","0","0"
"liga_klanow_2_1","VC Breakpoint vs Cargo Kamieniec Ząbkowicki 3:2","1297847","2026-09-18 19:00","Volleydome","Sons of Eternity","1390","Cargo Kamieniec Ząbkowicki","","Bisiacchi, Silvano","1974426","0","-2","4","1","0","79.8","2","0","0","0","0","6","4","0","2","1","17","20","1","95","10","50","0","9","13","0","0","0","0","0","0","0","9","","1","1","0","0","0","0","9","13","0","0","8","0","0","1","79.8","73","0","0","0","0","2","2","0","0","0","0","0","0","0","0","0","0","0","0","0","0","0","0","0","0","0","0","0","0","0","0","0","0","0","0","0","0","0","0","0","0","0","0","0","0","0","0","0","0","0","0","0","0","0","1","0","0","1","0","0","clan-bulk-1.2","0","0","0"
"liga_klanow_2_1","Tantris Volleys vs Tymon Tymowa 3:0","1297848","2026-09-18 19:00","TantriStoikum","unschlagBAR","1390","Tantris Volleys","","Luber, Ulf","1976244","4","4","4","0","1","71.5","0","0","0","0","0","5","3","2","2","1","60","0","0","0","0","0","3","8","11","15","2","20","3","7","7","3","14","{""sets"":[{""h"":25,""a"":5},{""h"":25,""a"":3},{""h"":25,""a"":8}],""parsedSets"":[{""rallies"":[{""type"":""end"",""score"":""25 : 5"",""txt"":""Koniec seta 1 : 0""},{""type"":""end"",""score"":""25 : 5"",""txt"":""Koniec seta 1 : 0""},{""type"":""rally"",""score"":""25 : 5"",""speed"":""50.4 km/h"",""res"":""Punkt: K. Heppke""},{""type"":""rally"",""score"":""24 : 5"",""speed"":""50.0 km/h"",""res"":""Punkt: F. Roßgotterer""},{""type"":""rally"",""score"":""23 : 5"",""speed"":""43.2 km/h"",""res"":""Punkt: K. Cichocki""},{""type"":""rally"",""score"":""23 : 4"",""speed"":""44.0 km/h"",""res"":""Punkt: F. Roßgotterer""},{""type"":""rally"",""score"":""22 : 4"",""speed"":""53.4 km/h"",""res"":""Punkt: F. Roßgotterer""},{""type"":""rally"",""score"":""21 : 4"",""speed"":""45.0 km/h"",""res"":""Punkt: F. Roßgotterer""},{""type"":""rally"",""score"":""20 : 4"",""speed"":""50.5 km/h"",""res"":""Punkt: H. Tscharf""},{""type"":""rally"",""score"":""19 : 4"",""speed"":""51.7 km/h"",""res"":""Punkt: K. Heppke""},{""type"":""rally"",""score"":""18 : 4"",""speed"":""48.2 km/h"",""res"":""Punkt: K. Heppke""},{""type"":""rally"",""score"":""17 : 4"",""speed"":""57.5 km/h"",""res"":""Punkt: A. Lovagnini""},{""type"":""rally"",""score"":""17 : 3"",""speed"":""46.0 km/h"",""res"":""Punkt: F. Roßgotterer""},{""type"":""tmo"",""score"":""16 : 3"",""txt"":""Czas: ""},{""type"":""rally"",""score"":""16 : 3"",""speed"":""53.1 km/h"",""res"":""Punkt: F. Roßgotterer""},{""type"":""chg"",""score"":""15 : 3"",""txt"":""Zmiana: K. Cichocki ⇄ R. Buchner""},{""type"":""rally"",""score"":""15 : 3"",""speed"":""49.6 km/h"",""res"":""Punkt: M. Anrep""},{""type"":""rally"",""score"":""14 : 3"",""speed"":""55.2 km/h"",""res"":""Punkt: F. Roßgotterer""},{""type"":""rally"",""score"":""13 : 3"",""speed"":""54.6 km/h"",""res"":""Punkt: F. Roßgotterer""},{""type"":""rally"",""score"":""12 : 3"",""speed"":""44.8 km/h"",""res"":""Punkt: K. Heppke""},{""type"":""chg"",""score"":""11 : 3"",""txt"":""Zmiana: C. Agah ⇄ G. Pelgrim""},{""type"":""chg"",""score"":""11 : 3"",""txt"":""Zmiana: J. Mirabel ⇄ R. Krawczyk""},{""type"":""chg"",""score"":""11 : 3"",""txt"":""Zmiana: U. Garbellini ⇄ M. Kotwica""},{""type"":""rally"",""score"":""11 : 3"",""speed"":""47.2 km/h"",""res"":""Punkt: F. Roßgotterer""},{""type"":""tmo"",""score"":""10 : 3"",""txt"":""Czas: Tymon Tymowa""},{""type"":""rally"",""score"":""10 : 3"",""speed"":""52.8 km/h"",""res"":""Punkt: H. Tscharf""},{""type"":""chg"",""score"":""9 : 3"",""txt"":""Zmiana: F. Roßgotterer ⇄ M. Brößler""},{""type"":""rally"",""score"":""9 : 3"",""speed"":""44.9 km/h"",""res"":""Punkt: M. Brößler""},{""type"":""chg"",""score"":""8 : 3"",""txt"":""Zmiana: M. Brößler ⇄ F. Roßgotterer""},{""type"":""tmo"",""score"":""8 : 3"",""txt"":""Czas: ""},{""type"":""rally"",""score"":""8 : 3"",""speed"":""56.8 km/h"",""res"":""Punkt: F. Roßgotterer""},{""type"":""rally"",""score"":""7 : 3"",""speed"":""55.9 km/h"",""res"":""Punkt: F. Roßgotterer""},{""type"":""rally"",""score"":""6 : 3"",""speed"":""43.5 km/h"",""res"":""Punkt: M. Anrep""},{""type"":""rally"",""score"":""5 : 3"",""speed"":""65.2 km/h"",""res"":""Punkt: R. Buchner""},{""type"":""rally"",""score"":""5 : 2"",""speed"":""60.9 km/h"",""res"":""Punkt: G. Tauchnitz""},{""type"":""rally"",""score"":""4 : 2"",""speed"":""44.9 km/h"",""res"":""Punkt: H. Sieciński""},{""type"":""rally"",""score"":""4 : 1"",""speed"":""83.0 km/h"",""res"":""Punkt: G. Tauchnitz""},{""type"":""rally"",""score"":""3 : 1"",""speed"":""50.6 km/h"",""res"":""Punkt: R. Buchner""},{""type"":""rally"",""score"":""3 : 0"",""speed"":""50.9 km/h"",""res"":""Punkt: H. Tscharf""},{""type"":""rally"",""score"":""2 : 0"",""speed"":""57.8 km/h"",""res"":""Błąd: R. Buchner""},{""type"":""chg"",""score"":""1 : 0"",""txt"":""Zmiana: K. Heppke ⇄ L. Satzinger""},{""type"":""chg"",""score"":""1 : 0"",""txt"":""Zmiana: H. Tscharf ⇄ U. Luber""},{""type"":""tmo"",""score"":""1 : 0"",""txt"":""Czas: Tantris Volleys""},{""type"":""rally"",""score"":""1 : 0"",""speed"":""53.2 km/h"",""res"":""Punkt: M. Posern""}]},{""rallies"":[{""type"":""end"",""score"":""25 : 3"",""txt"":""Koniec seta 2 : 0""},{""type"":""end"",""score"":""25 : 3"",""txt"":""Koniec seta 2 : 0""},{""type"":""rally"",""score"":""25 : 3"",""speed"":""53.7 km/h"",""res"":""Punkt: F. Roßgotterer""},{""type"":""rally"",""score"":""24 : 3"",""speed"":""56.6 km/h"",""res"":""Punkt: M. Anrep""},{""type"":""rally"",""score"":""23 : 3"",""speed"":""51.0 km/h"",""res"":""Punkt: M. Posern""},{""type"":""rally"",""score"":""22 : 3"",""speed"":""49.0 km/h"",""res"":""Punkt: F. Roßgotterer""},{""type"":""rally"",""score"":""21 : 3"",""speed"":""53.0 km/h"",""res"":""Punkt: M. Anrep""},{""type"":""chg"",""score"":""20 : 3"",""txt"":""Zmiana: M. Anrep ⇄ K. Heppke""},{""type"":""rally"",""score"":""20 : 3"",""speed"":""54.9 km/h"",""res"":""Punkt: H. Tscharf""},{""type"":""rally"",""score"":""19 : 3"",""speed"":""54.5 km/h"",""res"":""Punkt: H. Tscharf""},{""type"":""rally"",""score"":""18 : 3"",""speed"":""44.5 km/h"",""res"":""Punkt: F. Roßgotterer""},{""type"":""rally"",""score"":""17 : 3"",""speed"":""46.9 km/h"",""res"":""Punkt: F. Roßgotterer""},{""type"":""tmo"",""score"":""16 : 3"",""txt"":""Czas: ""},{""type"":""rally"",""score"":""16 : 3"",""speed"":""51.3 km/h"",""res"":""Punkt: F. Roßgotterer""},{""type"":""rally"",""score"":""15 : 3"",""speed"":""-"",""res"":""Błąd: G. Tauchnitz""},{""type"":""rally"",""score"":""15 : 2"",""speed"":""65.2 km/h"",""res"":""Punkt: M. Posern""},{""type"":""rally"",""score"":""14 : 2"",""speed"":""63.9 km/h"",""res"":""Punkt: F. Roßgotterer""},{""type"":""chg"",""score"":""13 : 2"",""txt"":""Zmiana: H. Tscharf ⇄ U. Luber""},{""type"":""chg"",""score"":""13 : 2"",""txt"":""Zmiana: T. Feltkamp ⇄ H. Mechernich""},{""type"":""rally"",""score"":""13 : 2"",""speed"":""55.3 km/h"",""res"":""Punkt: M. Posern""},{""type"":""rally"",""score"":""12 : 2"",""speed"":""46.0 km/h"",""res"":""Punkt: F. Roßgotterer""},{""type"":""chg"",""score"":""11 : 2"",""txt"":""Zmiana: K. Heppke ⇄ M. Anrep""},{""type"":""rally"",""score"":""11 : 2"",""speed"":""63.0 km/h"",""res"":""Punkt: F. Roßgotterer""},{""type"":""rally"",""score"":""10 : 2"",""speed"":""50.4 km/h"",""res"":""Punkt: M. Anrep""},{""type"":""rally"",""score"":""9 : 2"",""speed"":""48.0 km/h"",""res"":""Punkt: G. Tauchnitz""},{""type"":""rally"",""score"":""8 : 2"",""speed"":""55.5 km/h"",""res"":""Punkt: R. Buchner""},{""type"":""rally"",""score"":""8 : 1"",""speed"":""-"",""res"":""Błąd: L. Satzinger""},{""type"":""tmo"",""score"":""8 : 0"",""txt"":""Czas: ""},{""type"":""rally"",""score"":""8 : 0"",""speed"":""55.9 km/h"",""res"":""Punkt: G. Tauchnitz""},{""type"":""rally"",""score"":""7 : 0"",""speed"":""60.7 km/h"",""res"":""Punkt: G. Tauchnitz""},{""type"":""chg"",""score"":""6 : 0"",""txt"":""Zmiana: C. Agah ⇄ G. Pelgrim""},{""type"":""chg"",""score"":""6 : 0"",""txt"":""Zmiana: J. Mirabel ⇄ R. Krawczyk""},{""type"":""chg"",""score"":""6 : 0"",""txt"":""Zmiana: U. Garbellini ⇄ M. Kotwica""},{""type"":""rally"",""score"":""6 : 0"",""speed"":""63.0 km/h"",""res"":""Punkt: G. Tauchnitz""},{""type"":""tmo"",""score"":""5 : 0"",""txt"":""Czas: Tymon Tymowa""},{""type"":""rally"",""score"":""5 : 0"",""speed"":""49.4 km/h"",""res"":""Błąd: R. Buchner""},{""type"":""rally"",""score"":""4 : 0"",""speed"":""64.5 km/h"",""res"":""Punkt: G. Tauchnitz""},{""type"":""rally"",""score"":""3 : 0"",""speed"":""49.1 km/h"",""res"":""Punkt: M. Posern""},{""type"":""rally"",""score"":""2 : 0"",""speed"":""56.8 km/h"",""res"":""Punkt: G. Tauchnitz""},{""type"":""tmo"",""score"":""1 : 0"",""txt"":""Czas: Tantris Volleys""},{""type"":""rally"",""score"":""1 : 0"",""speed"":""-"",""res"":""Błąd: R. Krawczyk""}]},{""rallies"":[{""type"":""end"",""score"":""25 : 8"",""txt"":""Koniec seta 3 : 0""},{""type"":""end"",""score"":""25 : 8"",""txt"":""Koniec seta 3 : 0""},{""type"":""rally"",""score"":""25 : 8"",""speed"":""68.5 km/h"",""res"":""Punkt: G. Tauchnitz""},{""type"":""rally"",""score"":""24 : 8"",""speed"":""65.8 km/h"",""res"":""Punkt: G. Tauchnitz""},{""type"":""rally"",""score"":""23 : 8"",""speed"":""54.0 km/h"",""res"":""Punkt: M. Anrep""},{""type"":""rally"",""score"":""22 : 8"",""speed"":""57.3 km/h"",""res"":""Punkt: F. Roßgotterer""},{""type"":""rally"",""score"":""21 : 8"",""speed"":""59.7 km/h"",""res"":""Punkt: F. Roßgotterer""},{""type"":""rally"",""score"":""20 : 8"",""speed"":""51.2 km/h"",""res"":""Punkt: M. Anrep""},{""type"":""rally"",""score"":""19 : 8"",""speed"":""49.1 km/h"",""res"":""Punkt: M. Anrep""},{""type"":""rally"",""score"":""18 : 8"",""speed"":""-"",""res"":""Błąd: L. Satzinger""},{""type"":""rally"",""score"":""18 : 7"",""speed"":""55.8 km/h"",""res"":""Punkt: G. Tauchnitz""},{""type"":""rally"",""score"":""17 : 7"",""speed"":""57.6 km/h"",""res"":""Błąd: G. Tauchnitz""},{""type"":""rally"",""score"":""17 : 6"",""speed"":""50.9 km/h"",""res"":""Punkt: G. Tauchnitz""},{""type"":""rally"",""score"":""16 : 6"",""speed"":""55.4 km/h"",""res"":""Punkt: C. Agah""},{""type"":""tmo"",""score"":""16 : 5"",""txt"":""Czas: ""},{""type"":""rally"",""score"":""16 : 5"",""speed"":""45.9 km/h"",""res"":""Punkt: F. Roßgotterer""},{""type"":""chg"",""score"":""15 : 5"",""txt"":""Zmiana: C. Agah ⇄ G. Pelgrim""},{""type"":""chg"",""score"":""15 : 5"",""txt"":""Zmiana: J. Mirabel ⇄ R. Krawczyk""},{""type"":""chg"",""score"":""15 : 5"",""txt"":""Zmiana: U. Garbellini ⇄ M. Kotwica""},{""type"":""rally"",""score"":""15 : 5"",""speed"":""53.5 km/h"",""res"":""Punkt: U. Luber""},{""type"":""tmo"",""score"":""14 : 5"",""txt"":""Czas: Tymon Tymowa""},{""type"":""rally"",""score"":""14 : 5"",""speed"":""59.2 km/h"",""res"":""Punkt: G. Tauchnitz""},{""type"":""rally"",""score"":""13 : 5"",""speed"":""52.9 km/h"",""res"":""Punkt: G. Tauchnitz""},{""type"":""rally"",""score"":""12 : 5"",""speed"":""56.2 km/h"",""res"":""Punkt: G. Tauchnitz""},{""type"":""rally"",""score"":""11 : 5"",""speed"":""65.7 km/h"",""res"":""Punkt: U. Luber""},{""type"":""rally"",""score"":""10 : 5"",""speed"":""53.5 km/h"",""res"":""Punkt: M. Anrep""},{""type"":""rally"",""score"":""9 : 5"",""speed"":""-"",""res"":""Błąd: M. Anrep""},{""type"":""rally"",""score"":""9 : 4"",""speed"":""64.7 km/h"",""res"":""Punkt: F. Roßgotterer""},{""type"":""tmo"",""score"":""8 : 4"",""txt"":""Czas: ""},{""type"":""rally"",""score"":""8 : 4"",""speed"":""60.6 km/h"",""res"":""Punkt: M. Anrep""},{""type"":""rally"",""score"":""7 : 4"",""speed"":""51.9 km/h"",""res"":""Punkt: F. Roßgotterer""},{""type"":""rally"",""score"":""6 : 4"",""speed"":""62.9 km/h"",""res"":""Punkt: F. Roßgotterer""},{""type"":""rally"",""score"":""5 : 4"",""speed"":""53.5 km/h"",""res"":""Punkt: A. Lovagnini""},{""type"":""rally"",""score"":""5 : 3"",""speed"":""56.4 km/h"",""res"":""Punkt: U. Luber""},{""type"":""rally"",""score"":""4 : 3"",""speed"":""60.4 km/h"",""res"":""Punkt: F. Roßgotterer""},{""type"":""rally"",""score"":""3 : 3"",""speed"":""59.5 km/h"",""res"":""Punkt: A. Lovagnini""},{""type"":""rally"",""score"":""3 : 2"",""speed"":""50.2 km/h"",""res"":""Punkt: G. Tauchnitz""},{""type"":""rally"",""score"":""2 : 2"",""speed"":""-"",""res"":""Błąd: L. Satzinger""},{""type"":""rally"",""score"":""2 : 1"",""speed"":""63.8 km/h"",""res"":""Punkt: G. Tauchnitz""},{""type"":""rally"",""score"":""1 : 1"",""speed"":""71.5 km/h"",""res"":""Punkt: H. Sieciński""},{""type"":""tmo"",""score"":""1 : 0"",""txt"":""Czas: Tantris Volleys""},{""type"":""rally"",""score"":""1 : 0"",""speed"":""71.4 km/h"",""res"":""Punkt: U. Luber""}]}]}","1","1","0","0","0","0","8","11","3","0","8","0","0","0","71.5","63.4","0","0","0","0","0","0","0","0","0","0","0","0","0","0","0","0","0","0","0","0","0","0","0","0","0","0","0","0","0","0","15","2","0","0","3","20","0","0","0","0","0","0","0","0","0","0","0","0","0","0","0","0","0","1","0","0","4","0","0","clan-bulk-1.2","0","0","0"
"liga_klanow_2_1","Tantris Volleys vs Tymon Tymowa 3:0","1297848","2026-09-18 19:00","TantriStoikum","unschlagBAR","1390","Tantris Volleys","","Satzinger, Lennart","1904631","0","-3","10","3","0","64.5","1","0","0","0","0","5","3","3","2","2","100","4","0","100","1","25","0","8","11","0","0","0","0","0","0","0","2.2","","2","2","0","0","0","0","8","11","0","0","7","0","0","1","64.5","57.1","0","0","0","0","1","1","0","0","0","0","0","0","0","0","0","0","0","0","0","0","0","0","0","0","0","0","0","0","0","0","0","0","0","0","0","0","0","0","0","0","0","0","0","0","0","0","0","0","0","0","0","0","0","1","0","1","2","0","0","clan-bulk-1.2","0","0","0"
"liga_klanow_2_1","Tantris Volleys vs Tymon Tymowa 3:0","1297848","2026-09-18 19:00","TantriStoikum","unschlagBAR","1390","Tantris Volleys","","Tauchnitz, Götz","1904984","17","14","15","1","2","65.2","17","2","13","76","65","2","1","0","1","0","0","0","0","0","0","0","2","18","23","2","0","2","0","2","0","0","47","","0","0","0","0","0","0","18","23","2","0","15","0","1","3","68.5","58.9","0","0","1","0","1","2","0","0","0","0","0","0","0","0","0","0","0","0","13","0","1","0","1","15","0","0","0","0","0","0","2","0","0","0","0","2","0","0","0","0","0","0","0","0","0","0","0","0","0","0","0","0","0","3","2","7","10","0","0","clan-bulk-1.2","0","0","0"
"liga_klanow_2_1","Tantris Volleys vs Tymon Tymowa 3:0","1297848","2026-09-18 19:00","TantriStoikum","unschlagBAR","1390","Tantris Volleys","","Posern, Marcel","1724967","5","4","23","0","1","57.5","4","1","1","25","0","10","5","5","5","2","70","0","0","0","0","0","3","25","30","0","0","0","0","0","0","0","17.3","","2","5","0","0","0","0","25","30","3","0","22","0","0","3","57.5","51.8","0","0","1","0","1","2","0","0","0","0","0","0","1","0","0","0","1","2","0","0","0","0","0","0","0","0","0","0","0","0","0","0","0","0","0","0","0","0","0","0","0","0","0","0","0","0","0","0","0","0","0","0","0","2","1","4","0","0","0","clan-bulk-1.2","0","0","0"
"liga_klanow_2_1","Tantris Volleys vs Tymon Tymowa 3:0","1297848","2026-09-18 19:00","TantriStoikum","unschlagBAR","1390","Tantris Volleys","","Anrep, Marcus","1745069","10","9","10","1","1","64.7","2","0","2","100","100","5","4","3","1","0","60","2","0","100","2","100","7","29","38","0","0","0","0","0","0","0","31","","0","1","0","0","0","0","29","38","7","0","28","0","0","1","64.7","51.7","0","0","0","0","0","0","1","0","0","0","0","1","0","0","0","0","0","0","0","0","0","0","0","0","1","0","0","0","0","1","0","0","0","0","0","0","0","0","0","0","0","0","0","0","0","0","0","0","0","0","0","0","0","3","2","3","6","0","0","clan-bulk-1.2","0","0","0"
"liga_klanow_2_1","Tantris Volleys vs Tymon Tymowa 3:0","1297848","2026-09-18 19:00","TantriStoikum","unschlagBAR","1390","Tantris Volleys","","Roßgotterer, Franz","1904189","26","26","8","0","1","65.7","15","0","14","93","93","0","0","0","0","0","0","0","0","0","0","0","11","38","45","0","0","0","0","0","0","0","82.6","","0","0","0","0","0","0","38","45","11","1","36","0","0","2","65.7","54.9","0","0","0","0","0","0","0","0","0","0","0","0","0","0","0","0","0","0","14","0","0","0","1","15","0","0","0","0","0","0","0","0","0","0","0","0","0","0","0","0","0","0","0","0","0","0","0","0","0","0","0","0","0","3","11","8","7","0","0","clan-bulk-1.2","0","0","0"
"liga_klanow_2_1","Tantris Volleys vs Tymon Tymowa 3:0","1297848","2026-09-18 19:00","TantriStoikum","unschlagBAR","1390","Tantris Volleys","","Mechernich, Herbert","1928979","0","0","0","0","0","0","0","0","0","0","0","6","4","4","2","1","83","9","0","100","8","89","0","0","0","2","0","2","0","0","0","2","10.4","","1","1","0","0","0","0","0","0","0","0","0","0","0","0","0","0","0","0","0","0","0","0","0","0","0","0","0","0","0","0","0","0","0","0","0","0","0","0","0","0","0","0","0","0","0","0","2","0","0","0","0","2","0","0","0","0","0","0","0","0","0","0","0","0","0","0","0","0","0","0","0","0","0","0","0","clan-bulk-1.2","0","0","0"
"liga_klanow_2_1","Tantris Volleys vs Tymon Tymowa 3:0","1297848","2026-09-18 19:00","TantriStoikum","unschlagBAR","1390","Tantris Volleys","","Tscharf, Henrik","1976518","6","6","3","0","1","57.8","0","0","0","0","0","1","0","0","1","1","100","0","0","0","0","0","5","23","28","14","1","18","5","6","4","3","18.4","","1","1","0","0","0","0","23","28","4","0","22","1","0","1","57.8","53.1","0","0","0","0","0","0","0","0","0","0","0","0","0","0","0","0","0","0","0","0","0","0","0","0","0","0","0","0","0","0","14","1","0","0","3","18","0","0","0","0","0","0","0","0","0","0","0","0","0","0","0","0","0","2","3","2","0","0","0","clan-bulk-1.2","0","0","0"
"liga_klanow_2_1","Tantris Volleys vs Tymon Tymowa 3:0","1297848","2026-09-18 19:00","TantriStoikum","unschlagBAR","1390","Tantris Volleys","","Feltkamp, Toon","2003426","0","0","0","0","0","0","0","0","0","0","0","1","0","0","1","1","100","0","0","0","0","0","0","0","0","0","0","0","0","0","0","0","0.4","","0","0","0","0","0","0","0","0","0","0","0","0","0","0","0","0","0","0","0","0","0","0","0","0","0","0","0","0","0","0","0","0","0","0","0","0","0","0","0","0","0","0","0","0","0","0","0","0","0","0","0","0","0","0","0","0","0","0","0","0","0","0","0","0","0","0","0","0","0","0","0","0","0","0","0","clan-bulk-1.2","0","0","0"
"liga_klanow_2_1","Tantris Volleys vs Tymon Tymowa 3:0","1297848","2026-09-18 19:00","TantriStoikum","unschlagBAR","1390","Tantris Volleys","","Brößler, Magnus","1904598","1","1","0","0","0","0","1","0","1","100","100","0","0","0","0","0","0","0","0","0","0","0","0","0","1","0","0","0","0","0","0","0","2","","0","0","0","0","0","0","0","1","0","0","0","0","0","0","0","0","0","0","0","0","0","0","0","0","0","0","0","0","0","0","0","0","0","0","1","0","0","0","0","1","0","0","0","0","0","0","0","0","0","0","0","0","0","0","0","0","0","0","0","0","0","0","0","0","0","0","0","0","0","0","1","0","0","0","0","clan-bulk-1.2","0","0","0"
"liga_klanow_2_1","Tantris Volleys vs Tymon Tymowa 3:0","1297848","2026-09-18 19:00","TantriStoikum","unschlagBAR","1390","Tantris Volleys","","Heppke, Kai-Jürgen","1951258","4","4","1","0","0","44.9","2","0","2","100","100","2","1","0","1","1","50","1","0","100","1","100","2","16","20","0","0","0","0","0","0","0","11.2","","1","1","0","0","0","0","16","20","2","0","16","0","0","0","44.9","44.9","0","0","0","0","0","0","0","0","0","0","0","0","0","0","0","0","0","0","0","0","0","0","0","0","2","0","0","0","0","2","0","0","0","0","0","0","0","0","0","0","0","0","0","0","0","0","0","0","0","0","0","0","0","1","4","0","0","0","0","clan-bulk-1.2","0","0","0"
"liga_klanow_2_1","Tantris Volleys vs Tymon Tymowa 3:0","1297848","2026-09-18 19:00","TantriStoikum","Sons of Eternity","1390","Tymon Tymowa","","Krawczyk, Radosław","1949086","1","0","1","1","0","0","0","0","0","0","0","1","1","0","0","0","0","0","0","0","0","0","1","5","10","5","9","28","1","6","10","11","2","","0","0","0","0","0","0","5","10","0","0","3","1","0","2","0","0","0","0","0","0","0","0","0","0","0","0","0","0","0","0","0","0","0","0","0","0","0","0","0","0","0","0","0","0","0","0","5","9","0","2","12","28","0","0","0","0","0","0","0","0","0","0","0","0","0","0","0","0","0","0","0","1","0","0","0","clan-bulk-1.2","0","0","0"
"liga_klanow_2_1","Tantris Volleys vs Tymon Tymowa 3:0","1297848","2026-09-18 19:00","TantriStoikum","Sons of Eternity","1390","Tymon Tymowa","","Lovagnini, August","1904596","3","-13","5","0","0","83","24","12","3","13","-37","15","5","1","10","2","20","53","4","92","7","13","0","10","19","0","0","0","0","0","0","0","-3.4","","0","0","0","0","0","0","10","19","0","0","7","0","0","3","83","61.2","2","0","1","0","2","5","0","0","11","0","0","11","0","0","0","0","4","4","0","0","0","0","0","0","1","0","0","0","3","4","0","0","0","0","0","0","0","0","0","0","0","0","0","0","0","0","0","0","0","0","0","0","0","2","1","0","2","0","0","clan-bulk-1.2","0","0","0"
"liga_klanow_2_1","Tantris Volleys vs Tymon Tymowa 3:0","1297848","2026-09-18 19:00","TantriStoikum","Sons of Eternity","1390","Tymon Tymowa","","Sieciński, Henryk","1767923","2","1","4","0","0","60.9","3","1","1","33","0","2","2","0","0","0","0","0","0","0","0","0","1","16","22","0","1","1","0","0","0","1","3.5","","0","0","0","0","0","0","16","22","1","0","13","0","0","3","60.9","52.9","0","0","0","0","0","0","1","0","1","0","0","2","0","0","0","0","0","0","0","0","0","0","1","1","0","0","0","0","0","0","0","1","0","0","0","1","0","0","0","0","0","0","0","0","0","0","0","0","0","0","0","0","0","2","1","0","1","0","0","clan-bulk-1.2","0","0","0"
"liga_klanow_2_1","Tantris Volleys vs Tymon Tymowa 3:0","1297848","2026-09-18 19:00","TantriStoikum","Sons of Eternity","1390","Tymon Tymowa","","Buchner, Rafał","1745591","3","-5","2","0","0","60.4","16","8","2","13","-37","6","2","0","4","0","0","0","0","0","0","0","1","9","24","0","0","0","0","0","0","0","-12.4","","0","0","0","0","0","0","9","24","1","0","5","0","0","4","60.4","52","1","1","4","0","2","8","0","1","1","0","0","2","1","0","1","0","3","5","0","0","0","0","0","0","0","0","0","0","1","1","0","0","0","0","0","0","0","0","0","0","0","0","0","0","0","0","0","0","0","0","0","0","0","2","3","2","0","0","0","clan-bulk-1.2","0","0","0"
"liga_klanow_2_1","Tantris Volleys vs Tymon Tymowa 3:0","1297848","2026-09-18 19:00","TantriStoikum","Sons of Eternity","1390","Tymon Tymowa","","Pelgrim, Gomarus","1904355","0","-2","1","0","0","62.9","3","2","0","0","-67","5","4","0","1","1","20","2","0","100","0","0","0","3","9","0","0","0","0","0","0","0","-1.8","","1","1","0","0","0","0","3","9","0","0","2","0","0","1","62.9","62.9","0","0","0","0","0","0","0","0","1","0","0","1","0","0","0","0","0","0","0","0","0","0","0","0","0","0","1","0","1","2","0","0","0","0","0","0","0","0","0","0","0","0","0","0","0","0","0","0","0","0","0","0","0","0","0","0","0","0","0","clan-bulk-1.2","0","0","0"
"liga_klanow_2_1","Tantris Volleys vs Tymon Tymowa 3:0","1297848","2026-09-18 19:00","TantriStoikum","Sons of Eternity","1390","Tymon Tymowa","","Kotwica, Marcin","1681817","0","-2","1","0","0","53.5","2","2","0","0","-100","1","1","0","0","0","0","0","0","0","0","0","0","7","10","0","0","0","0","0","0","0","-3","","0","0","0","0","0","0","7","10","0","0","5","0","0","2","53.5","53.5","0","0","0","0","0","0","0","0","2","0","0","2","0","0","0","0","0","0","0","0","0","0","0","0","0","0","0","0","0","0","0","0","0","0","0","0","0","0","0","0","0","0","0","0","0","0","0","0","0","0","0","0","0","0","0","0","0","0","0","clan-bulk-1.2","0","0","0"
"liga_klanow_2_1","Tantris Volleys vs Tymon Tymowa 3:0","1297848","2026-09-18 19:00","TantriStoikum","Sons of Eternity","1390","Tymon Tymowa","","Silva, Aventino","1865576","0","-2","0","0","0","0","0","0","0","0","0","17","10","0","7","1","6","7","2","71","1","14","0","0","0","0","1","1","0","0","0","1","-1.2","","1","1","0","0","0","0","0","0","0","0","0","0","0","0","0","0","0","0","0","0","0","0","0","0","0","0","0","0","0","0","0","0","0","0","0","0","0","0","0","0","0","0","0","0","0","0","0","1","0","0","0","1","0","0","0","0","0","0","0","0","0","0","0","0","0","0","0","0","0","0","0","0","0","0","0","clan-bulk-1.2","0","0","0"
"liga_klanow_2_1","Tantris Volleys vs Tymon Tymowa 3:0","1297848","2026-09-18 19:00","TantriStoikum","Sons of Eternity","1390","Tymon Tymowa","","Cichocki, Krzysztof","2003268","1","0","0","0","0","0","3","1","1","33","0","1","0","0","1","1","100","0","0","0","0","0","0","0","0","0","0","0","0","0","0","0","0.9","","1","1","0","0","0","0","0","0","0","0","0","0","0","0","0","0","1","0","0","0","0","1","0","0","1","0","0","1","0","0","0","0","0","0","0","0","0","0","0","0","0","0","0","0","1","1","0","0","0","0","0","0","0","0","0","0","0","0","0","0","0","0","0","0","0","0","0","0","0","0","1","0","0","0","0","clan-bulk-1.2","0","0","0"
"liga_klanow_2_1","Tantris Volleys vs Tymon Tymowa 3:0","1297848","2026-09-18 19:00","TantriStoikum","Sons of Eternity","1390","Tymon Tymowa","","Agah, Cüneyt","1864406","3","-2","1","0","0","48.2","11","4","3","27","-9","11","3","0","8","0","0","7","1","86","0","0","0","3","14","0","0","0","0","0","0","0","-1.4","","0","0","0","0","0","0","3","14","0","0","2","0","0","1","48.2","48.2","0","0","1","0","2","3","1","0","1","1","0","3","0","0","2","1","2","5","0","0","0","0","0","0","0","0","0","0","0","0","0","0","0","0","0","0","0","0","0","0","0","0","0","0","0","0","0","0","0","0","0","0","0","1","0","0","1","0","0","clan-bulk-1.2","0","0","0"
"liga_klanow_2_1","Tantris Volleys vs Tymon Tymowa 3:0","1297848","2026-09-18 19:00","TantriStoikum","Sons of Eternity","1390","Tymon Tymowa","","Garbellini, Umberto","1976343","0","-5","1","0","0","50","7","5","0","0","-71","2","0","0","2","0","0","0","0","0","0","0","0","7","10","0","0","0","0","0","0","0","-7.5","","0","0","0","0","0","0","7","10","0","0","5","0","0","2","50","50","0","0","4","0","1","5","0","0","1","0","0","1","0","0","0","0","0","0","0","0","0","0","1","1","0","0","0","0","0","0","0","0","0","0","0","0","0","0","0","0","0","0","0","0","0","0","0","0","0","0","0","0","0","0","0","0","0","0","0","clan-bulk-1.2","0","0","0"
"liga_klanow_2_1","Tantris Volleys vs Tymon Tymowa 3:0","1297848","2026-09-18 19:00","TantriStoikum","Sons of Eternity","1390","Tymon Tymowa","","Mirabel, Jean-Paul","1927418","0","0","1","0","0","50.9","1","0","0","0","0","12","8","2","4","0","17","0","0","0","0","0","0","1","8","3","22","39","0","1","15","23","1.6","","0","0","0","0","0","0","1","8","0","0","1","0","0","0","50.9","50.9","0","0","0","0","1","1","0","0","0","0","0","0","0","0","0","0","0","0","0","0","0","0","0","0","0","0","0","0","0","0","3","22","2","0","12","39","0","0","0","0","0","0","0","0","0","0","0","0","0","0","0","0","0","0","0","0","0","0","0","clan-bulk-1.2","0","0","0"
"liga_klanow_2_1","Dresden Eagles vs Czarne plamy 3:0","1297849","2026-09-18 19:00","Eagles Stadium","unschlagBAR","1390","Dresden Eagles","","Anrep, Gotthelf","1864864","1","1","10","0","0","71.6","0","0","0","0","0","9","6","2","3","2","44","0","0","0","0","0","1","23","48","35","6","70","12","27","22","9","5.4","{""sets"":[{""h"":25,""a"":22},{""h"":25,""a"":20},{""h"":25,""a"":21}],""parsedSets"":[{""rallies"":[{""type"":""end"",""score"":""25 : 22"",""txt"":""Koniec seta 1 : 0""},{""type"":""end"",""score"":""25 : 22"",""txt"":""Koniec seta 1 : 0""},{""type"":""rally"",""score"":""25 : 22"",""speed"":""59.4 km/h"",""res"":""Punkt: R. Wanderer""},{""type"":""rally"",""score"":""24 : 22"",""speed"":""58.3 km/h"",""res"":""Punkt: R. Wanderer""},{""type"":""rally"",""score"":""23 : 22"",""speed"":""89.7 km/h"",""res"":""Punkt: R. Wanderer""},{""type"":""rally"",""score"":""22 : 22"",""speed"":""54.6 km/h"",""res"":""Punkt: S. Miranda""},{""type"":""rally"",""score"":""22 : 21"",""speed"":""72.1 km/h"",""res"":""Punkt: D. Schedel""},{""type"":""rally"",""score"":""21 : 21"",""speed"":""61.7 km/h"",""res"":""Punkt: S. Miranda""},{""type"":""rally"",""score"":""21 : 20"",""speed"":""49.9 km/h"",""res"":""Punkt: S. Miranda""},{""type"":""rally"",""score"":""21 : 19"",""speed"":""64.2 km/h"",""res"":""Punkt: R. Titz""},{""type"":""chg"",""score"":""20 : 19"",""txt"":""Zmiana: M. Liszkowski ⇄ T. Maszkowski""},{""type"":""rally"",""score"":""20 : 19"",""speed"":""45.7 km/h"",""res"":""Punkt: Z. Gliszczyński""},{""type"":""rally"",""score"":""20 : 18"",""speed"":""57.1 km/h"",""res"":""Punkt: R. Rübenkoppel""},{""type"":""rally"",""score"":""19 : 18"",""speed"":""75.6 km/h"",""res"":""Punkt: R. Titz""},{""type"":""rally"",""score"":""18 : 18"",""speed"":""74.0 km/h"",""res"":""Punkt: S. Miranda""},{""type"":""rally"",""score"":""18 : 17"",""speed"":""55.1 km/h"",""res"":""Punkt: B. Dettori""},{""type"":""rally"",""score"":""17 : 17"",""speed"":""56.6 km/h"",""res"":""Punkt: R. Titz""},{""type"":""rally"",""score"":""16 : 17"",""speed"":""57.7 km/h"",""res"":""Punkt: T. Maszkowski""},{""type"":""rally"",""score"":""16 : 16"",""speed"":""-"",""res"":""Błąd: M. Nowak""},{""type"":""tmo"",""score"":""15 : 16"",""txt"":""Czas: ""},{""type"":""rally"",""score"":""15 : 16"",""speed"":""83.6 km/h"",""res"":""Punkt: M. Nowak""},{""type"":""rally"",""score"":""15 : 15"",""speed"":""52.5 km/h"",""res"":""Punkt: K. Ramires""},{""type"":""chg"",""score"":""15 : 14"",""txt"":""Zmiana: T. Maszkowski ⇄ M. Liszkowski""},{""type"":""tmo"",""score"":""15 : 14"",""txt"":""Czas: Czarne plamy""},{""type"":""rally"",""score"":""15 : 14"",""speed"":""57.9 km/h"",""res"":""Punkt: R. Rübenkoppel""},{""type"":""rally"",""score"":""14 : 14"",""speed"":""53.6 km/h"",""res"":""Punkt: R. Wanderer""},{""type"":""rally"",""score"":""13 : 14"",""speed"":""57.2 km/h"",""res"":""Punkt: D. Schedel""},{""type"":""rally"",""score"":""12 : 14"",""speed"":""65.9 km/h"",""res"":""Punkt: S. Miranda""},{""type"":""rally"",""score"":""12 : 13"",""speed"":""-"",""res"":""Błąd: K. Ramires""},{""type"":""rally"",""score"":""11 : 13"",""speed"":""49.0 km/h"",""res"":""Punkt: K. Ramires""},{""type"":""rally"",""score"":""11 : 12"",""speed"":""-"",""res"":""Błąd: Z. Gliszczyński""},{""type"":""rally"",""score"":""10 : 12"",""speed"":""110.5 km/h"",""res"":""Punkt: K. Ramires""},{""type"":""rally"",""score"":""10 : 11"",""speed"":""54.9 km/h"",""res"":""Punkt: Z. Gliszczyński""},{""type"":""chg"",""score"":""10 : 10"",""txt"":""Zmiana: G. Emerton ⇄ O. Tamagnini""},{""type"":""rally"",""score"":""10 : 10"",""speed"":""81.7 km/h"",""res"":""Punkt: R. Titz""},{""type"":""rally"",""score"":""9 : 10"",""speed"":""66.4 km/h"",""res"":""Punkt: S. Miranda""},{""type"":""tmo"",""score"":""9 : 9"",""txt"":""Czas: Czarne plamy""},{""type"":""rally"",""score"":""9 : 9"",""speed"":""70.6 km/h"",""res"":""Punkt: R. Titz""},{""type"":""rally"",""score"":""8 : 9"",""speed"":""66.5 km/h"",""res"":""Punkt: D. Schedel""},{""type"":""rally"",""score"":""7 : 9"",""speed"":""47.1 km/h"",""res"":""Błąd: M. Liszkowski""},{""type"":""rally"",""score"":""6 : 9"",""speed"":""64.7 km/h"",""res"":""Punkt: Z. Gliszczyński""},{""type"":""rally"",""score"":""6 : 8"",""speed"":""100.6 km/h"",""res"":""Punkt: R. Wanderer""},{""type"":""chg"",""score"":""5 : 8"",""txt"":""Zmiana: M. Nowak ⇄ K. Murawski""},{""type"":""tmo"",""score"":""5 : 8"",""txt"":""Czas: ""},{""type"":""rally"",""score"":""5 : 8"",""speed"":""49.1 km/h"",""res"":""Punkt: S. Miranda""},{""type"":""rally"",""score"":""5 : 7"",""speed"":""85.4 km/h"",""res"":""Punkt: R. Wanderer""},{""type"":""tmo"",""score"":""4 : 7"",""txt"":""Czas: Dresden Eagles""},{""type"":""rally"",""score"":""4 : 7"",""speed"":""59.9 km/h"",""res"":""Punkt: M. Liszkowski""},{""type"":""chg"",""score"":""4 : 6"",""txt"":""Zmiana: O. Tamagnini ⇄ G. Emerton""},{""type"":""rally"",""score"":""4 : 6"",""speed"":""93.1 km/h"",""res"":""Punkt: S. Miranda""},{""type"":""rally"",""score"":""4 : 5"",""speed"":""46.4 km/h"",""res"":""Punkt: K. Murawski""},{""type"":""rally"",""score"":""4 : 4"",""speed"":""-"",""res"":""Błąd: K. Ramires""},{""type"":""rally"",""score"":""3 : 4"",""speed"":""71.2 km/h"",""res"":""Punkt: K. Murawski""},{""type"":""rally"",""score"":""3 : 3"",""speed"":""87.4 km/h"",""res"":""Punkt: R. Titz""},{""type"":""tmo"",""score"":""2 : 3"",""txt"":""Czas: Dresden Eagles""},{""type"":""rally"",""score"":""2 : 3"",""speed"":""86.0 km/h"",""res"":""Punkt: Z. Gliszczyński""},{""type"":""rally"",""score"":""2 : 2"",""speed"":""61.8 km/h"",""res"":""Punkt: Z. Gliszczyński""},{""type"":""rally"",""score"":""2 : 1"",""speed"":""52.3 km/h"",""res"":""Błąd: M. Liszkowski""},{""type"":""rally"",""score"":""1 : 1"",""speed"":""60.7 km/h"",""res"":""Punkt: R. Titz""},{""type"":""chg"",""score"":""0 : 1"",""txt"":""Zmiana: D. Schedel ⇄ H. Fohn""},{""type"":""chg"",""score"":""0 : 1"",""txt"":""Zmiana: B. Dettori ⇄ G. Anrep""},{""type"":""chg"",""score"":""0 : 1"",""txt"":""Zmiana: N. Schoderer ⇄ H. Anders-Akinyemi""},{""type"":""chg"",""score"":""0 : 1"",""txt"":""Zmiana: R. Rübenkoppel ⇄ J. Werner""},{""type"":""chg"",""score"":""0 : 1"",""txt"":""Zmiana: S. Merkel ⇄ C. Schmallenberg""},{""type"":""rally"",""score"":""0 : 1"",""speed"":""53.6 km/h"",""res"":""Punkt: Z. Gliszczyński""}]},{""rallies"":[{""type"":""end"",""score"":""25 : 20"",""txt"":""Koniec seta 2 : 0""},{""type"":""end"",""score"":""25 : 20"",""txt"":""Koniec seta 2 : 0""},{""type"":""rally"",""score"":""25 : 20"",""speed"":""50.4 km/h"",""res"":""Punkt: H. Fohn""},{""type"":""rally"",""score"":""24 : 20"",""speed"":""62.3 km/h"",""res"":""Błąd: R. Titz""},{""type"":""rally"",""score"":""24 : 19"",""speed"":""51.2 km/h"",""res"":""Punkt: M. Liszkowski""},{""type"":""rally"",""score"":""24 : 18"",""speed"":""68.7 km/h"",""res"":""Punkt: S. Miranda""},{""type"":""rally"",""score"":""24 : 17"",""speed"":""53.6 km/h"",""res"":""Punkt: R. Titz""},{""type"":""rally"",""score"":""23 : 17"",""speed"":""-"",""res"":""Błąd: R. Wanderer""},{""type"":""rally"",""score"":""23 : 16"",""speed"":""87.6 km/h"",""res"":""Punkt: R. Wanderer""},{""type"":""rally"",""score"":""22 : 16"",""speed"":""68.6 km/h"",""res"":""Błąd: R. Wanderer""},{""type"":""rally"",""score"":""22 : 15"",""speed"":""59.1 km/h"",""res"":""Punkt: K. Murawski""},{""type"":""rally"",""score"":""22 : 14"",""speed"":""50.4 km/h"",""res"":""Punkt: K. Murawski""},{""type"":""rally"",""score"":""22 : 13"",""speed"":""61.2 km/h"",""res"":""Punkt: R. Wanderer""},{""type"":""rally"",""score"":""21 : 13"",""speed"":""66.3 km/h"",""res"":""Punkt: K. Murawski""},{""type"":""rally"",""score"":""21 : 12"",""speed"":""54.2 km/h"",""res"":""Punkt: H. Fohn""},{""type"":""rally"",""score"":""20 : 12"",""speed"":""57.6 km/h"",""res"":""Punkt: R. Wanderer""},{""type"":""rally"",""score"":""19 : 12"",""speed"":""59.8 km/h"",""res"":""Punkt: R. Wanderer""},{""type"":""rally"",""score"":""18 : 12"",""speed"":""59.5 km/h"",""res"":""Punkt: H. Fohn""},{""type"":""rally"",""score"":""17 : 12"",""speed"":""54.6 km/h"",""res"":""Punkt: R. Wanderer""},{""type"":""tmo"",""score"":""16 : 12"",""txt"":""Czas: ""},{""type"":""rally"",""score"":""16 : 12"",""speed"":""109.1 km/h"",""res"":""Punkt: R. Wanderer""},{""type"":""rally"",""score"":""15 : 12"",""speed"":""70.3 km/h"",""res"":""Punkt: K. Ramires""},{""type"":""rally"",""score"":""15 : 11"",""speed"":""60.0 km/h"",""res"":""Punkt: R. Titz""},{""type"":""tmo"",""score"":""14 : 11"",""txt"":""Czas: Dresden Eagles""},{""type"":""rally"",""score"":""14 : 11"",""speed"":""86.8 km/h"",""res"":""Punkt: K. Ramires""},{""type"":""rally"",""score"":""14 : 10"",""speed"":""86.6 km/h"",""res"":""Punkt: K. Ramires""},{""type"":""chg"",""score"":""14 : 9"",""txt"":""Zmiana: Z. Gliszczyński ⇄ G. Kasprzyk""},{""type"":""rally"",""score"":""14 : 9"",""speed"":""52.0 km/h"",""res"":""Punkt: M. Liszkowski""},{""type"":""rally"",""score"":""14 : 8"",""speed"":""64.8 km/h"",""res"":""Punkt: R. Titz""},{""type"":""chg"",""score"":""13 : 8"",""txt"":""Zmiana: S. Miranda ⇄ T. Maszkowski""},{""type"":""rally"",""score"":""13 : 8"",""speed"":""71.6 km/h"",""res"":""Punkt: M. Liszkowski""},{""type"":""rally"",""score"":""13 : 7"",""speed"":""55.5 km/h"",""res"":""Punkt: R. Titz""},{""type"":""tmo"",""score"":""12 : 7"",""txt"":""Czas: Czarne plamy""},{""type"":""rally"",""score"":""12 : 7"",""speed"":""58.4 km/h"",""res"":""Punkt: R. Titz""},{""type"":""rally"",""score"":""11 : 7"",""speed"":""53.3 km/h"",""res"":""Punkt: G. Kasprzyk""},{""type"":""rally"",""score"":""11 : 6"",""speed"":""60.9 km/h"",""res"":""Punkt: M. Liszkowski""},{""type"":""rally"",""score"":""11 : 5"",""speed"":""57.6 km/h"",""res"":""Punkt: R. Titz""},{""type"":""rally"",""score"":""10 : 5"",""speed"":""53.2 km/h"",""res"":""Punkt: R. Wanderer""},{""type"":""rally"",""score"":""9 : 5"",""speed"":""68.3 km/h"",""res"":""Punkt: K. Ramires""},{""type"":""chg"",""score"":""9 : 4"",""txt"":""Zmiana: G. Kasprzyk ⇄ Z. Gliszczyński""},{""type"":""tmo"",""score"":""9 : 4"",""txt"":""Czas: Czarne plamy""},{""type"":""rally"",""score"":""9 : 4"",""speed"":""73.7 km/h"",""res"":""Punkt: R. Wanderer""},{""type"":""tmo"",""score"":""8 : 4"",""txt"":""Czas: ""},{""type"":""rally"",""score"":""8 : 4"",""speed"":""77.3 km/h"",""res"":""Punkt: J. Werner""},{""type"":""chg"",""score"":""7 : 4"",""txt"":""Zmiana: T. Maszkowski ⇄ S. Miranda""},{""type"":""rally"",""score"":""7 : 4"",""speed"":""73.7 km/h"",""res"":""Punkt: J. Werner""},{""type"":""rally"",""score"":""6 : 4"",""speed"":""56.4 km/h"",""res"":""Punkt: J. Werner""},{""type"":""tmo"",""score"":""5 : 4"",""txt"":""Czas: Dresden Eagles""},{""type"":""rally"",""score"":""5 : 4"",""speed"":""66.0 km/h"",""res"":""Punkt: K. Murawski""},{""type"":""rally"",""score"":""5 : 3"",""speed"":""54.9 km/h"",""res"":""Punkt: S. Miranda""},{""type"":""rally"",""score"":""5 : 2"",""speed"":""48.8 km/h"",""res"":""Punkt: R. Wanderer""},{""type"":""rally"",""score"":""4 : 2"",""speed"":""94.8 km/h"",""res"":""Punkt: H. Fohn""},{""type"":""rally"",""score"":""3 : 2"",""speed"":""49.3 km/h"",""res"":""Punkt: K. Ramires""},{""type"":""rally"",""score"":""3 : 1"",""speed"":""48.4 km/h"",""res"":""Punkt: R. Titz""},{""type"":""rally"",""score"":""2 : 1"",""speed"":""-"",""res"":""Błąd: H. Anders-Akinyemi""},{""type"":""rally"",""score"":""2 : 0"",""speed"":""69.7 km/h"",""res"":""Punkt: R. Titz""},{""type"":""rally"",""score"":""1 : 0"",""speed"":""-"",""res"":""Błąd: G. Emerton""}]},{""rallies"":[{""type"":""end"",""score"":""25 : 21"",""txt"":""Koniec seta 3 : 0""},{""type"":""end"",""score"":""25 : 21"",""txt"":""Koniec seta 3 : 0""},{""type"":""rally"",""score"":""25 : 21"",""speed"":""45.2 km/h"",""res"":""Błąd: S. Miranda""},{""type"":""rally"",""score"":""24 : 21"",""speed"":""68.3 km/h"",""res"":""Błąd: Z. Gliszczyński""},{""type"":""rally"",""score"":""23 : 21"",""speed"":""85.8 km/h"",""res"":""Punkt: R. Titz""},{""type"":""rally"",""score"":""22 : 21"",""speed"":""53.6 km/h"",""res"":""Punkt: M. Liszkowski""},{""type"":""rally"",""score"":""22 : 20"",""speed"":""48.6 km/h"",""res"":""Punkt: R. Titz""},{""type"":""rally"",""score"":""21 : 20"",""speed"":""52.4 km/h"",""res"":""Punkt: K. Ramires""},{""type"":""rally"",""score"":""21 : 19"",""speed"":""57.6 km/h"",""res"":""Błąd: R. Titz""},{""type"":""rally"",""score"":""21 : 18"",""speed"":""58.6 km/h"",""res"":""Punkt: Z. Gliszczyński""},{""type"":""rally"",""score"":""21 : 17"",""speed"":""48.3 km/h"",""res"":""Punkt: G. Anrep""},{""type"":""rally"",""score"":""20 : 17"",""speed"":""60.3 km/h"",""res"":""Punkt: H. Anders-Akinyemi""},{""type"":""rally"",""score"":""19 : 17"",""speed"":""58.9 km/h"",""res"":""Punkt: M. Liszkowski""},{""type"":""rally"",""score"":""19 : 16"",""speed"":""76.5 km/h"",""res"":""Punkt: R. Wanderer""},{""type"":""rally"",""score"":""18 : 16"",""speed"":""73.8 km/h"",""res"":""Punkt: R. Wanderer""},{""type"":""rally"",""score"":""17 : 16"",""speed"":""76.8 km/h"",""res"":""Punkt: R. Wanderer""},{""type"":""rally"",""score"":""16 : 16"",""speed"":""67.7 km/h"",""res"":""Punkt: R. Wanderer""},{""type"":""tmo"",""score"":""15 : 16"",""txt"":""Czas: ""},{""type"":""rally"",""score"":""15 : 16"",""speed"":""72.6 km/h"",""res"":""Punkt: M. Liszkowski""},{""type"":""rally"",""score"":""15 : 15"",""speed"":""48.1 km/h"",""res"":""Punkt: S. Miranda""},{""type"":""tmo"",""score"":""15 : 14"",""txt"":""Czas: Czarne plamy""},{""type"":""rally"",""score"":""15 : 14"",""speed"":""46.0 km/h"",""res"":""Punkt: R. Wanderer""},{""type"":""rally"",""score"":""14 : 14"",""speed"":""57.0 km/h"",""res"":""Punkt: R. Wanderer""},{""type"":""chg"",""score"":""13 : 14"",""txt"":""Zmiana: Z. Gliszczyński ⇄ G. Kasprzyk""},{""type"":""rally"",""score"":""13 : 14"",""speed"":""64.7 km/h"",""res"":""Punkt: K. Murawski""},{""type"":""rally"",""score"":""13 : 13"",""speed"":""66.5 km/h"",""res"":""Punkt: R. Titz""},{""type"":""rally"",""score"":""12 : 13"",""speed"":""54.4 km/h"",""res"":""Punkt: S. Miranda""},{""type"":""rally"",""score"":""12 : 12"",""speed"":""66.8 km/h"",""res"":""Punkt: H. Anders-Akinyemi""},{""type"":""rally"",""score"":""11 : 12"",""speed"":""47.9 km/h"",""res"":""Punkt: K. Ramires""},{""type"":""rally"",""score"":""11 : 11"",""speed"":""58.3 km/h"",""res"":""Punkt: R. Titz""},{""type"":""chg"",""score"":""10 : 11"",""txt"":""Zmiana: G. Emerton ⇄ O. Tamagnini""},{""type"":""rally"",""score"":""10 : 11"",""speed"":""48.8 km/h"",""res"":""Punkt: G. Kasprzyk""},{""type"":""rally"",""score"":""10 : 10"",""speed"":""63.3 km/h"",""res"":""Punkt: G. Kasprzyk""},{""type"":""rally"",""score"":""10 : 9"",""speed"":""67.0 km/h"",""res"":""Punkt: H. Fohn""},{""type"":""rally"",""score"":""9 : 9"",""speed"":""69.5 km/h"",""res"":""Punkt: M. Liszkowski""},{""type"":""chg"",""score"":""9 : 8"",""txt"":""Zmiana: G. Kasprzyk ⇄ Z. Gliszczyński""},{""type"":""tmo"",""score"":""9 : 8"",""txt"":""Czas: Czarne plamy""},{""type"":""rally"",""score"":""9 : 8"",""speed"":""58.3 km/h"",""res"":""Punkt: R. Wanderer""},{""type"":""rally"",""score"":""8 : 8"",""speed"":""52.0 km/h"",""res"":""Błąd: M. Liszkowski""},{""type"":""rally"",""score"":""7 : 8"",""speed"":""62.0 km/h"",""res"":""Punkt: R. Wanderer""},{""type"":""tmo"",""score"":""6 : 8"",""txt"":""Czas: ""},{""type"":""rally"",""score"":""6 : 8"",""speed"":""58.2 km/h"",""res"":""Błąd: R. Wanderer""},{""type"":""rally"",""score"":""6 : 7"",""speed"":""53.7 km/h"",""res"":""Punkt: H. Fohn""},{""type"":""rally"",""score"":""5 : 7"",""speed"":""68.1 km/h"",""res"":""Punkt: K. Murawski""},{""type"":""chg"",""score"":""5 : 6"",""txt"":""Zmiana: O. Tamagnini ⇄ G. Emerton""},{""type"":""rally"",""score"":""5 : 6"",""speed"":""60.3 km/h"",""res"":""Punkt: K. Murawski""},{""type"":""rally"",""score"":""5 : 5"",""speed"":""61.4 km/h"",""res"":""Punkt: R. Titz""},{""type"":""rally"",""score"":""4 : 5"",""speed"":""98.9 km/h"",""res"":""Punkt: Z. Gliszczyński""},{""type"":""rally"",""score"":""4 : 4"",""speed"":""58.1 km/h"",""res"":""Punkt: S. Miranda""},{""type"":""rally"",""score"":""4 : 3"",""speed"":""86.2 km/h"",""res"":""Punkt: R. Titz""},{""type"":""tmo"",""score"":""3 : 3"",""txt"":""Czas: Dresden Eagles""},{""type"":""rally"",""score"":""3 : 3"",""speed"":""70.8 km/h"",""res"":""Punkt: M. Liszkowski""},{""type"":""tmo"",""score"":""3 : 2"",""txt"":""Czas: Dresden Eagles""},{""type"":""rally"",""score"":""3 : 2"",""speed"":""60.9 km/h"",""res"":""Punkt: S. Miranda""},{""type"":""rally"",""score"":""3 : 1"",""speed"":""61.5 km/h"",""res"":""Punkt: M. Liszkowski""},{""type"":""rally"",""score"":""3 : 0"",""speed"":""66.7 km/h"",""res"":""Punkt: R. Titz""},{""type"":""rally"",""score"":""2 : 0"",""speed"":""50.6 km/h"",""res"":""Punkt: R. Titz""},{""type"":""rally"",""score"":""1 : 0"",""speed"":""65.2 km/h"",""res"":""Punkt: R. Titz""}]}]}","1","1","0","0","0","0","23","48","1","0","22","0","0","1","71.6","59.5","0","0","0","0","0","0","0","0","0","0","0","0","0","0","0","0","0","0","0","0","0","0","0","0","0","0","0","0","0","0","35","6","0","4","25","70","0","0","0","0","0","0","0","0","0","0","0","0","0","0","0","0","0","1","0","0","1","0","0","clan-bulk-1.2","0","0","0"
"liga_klanow_2_1","Dresden Eagles vs Czarne plamy 3:0","1297849","2026-09-18 19:00","Eagles Stadium","unschlagBAR","1390","Dresden Eagles","","Anders-Akinyemi, Henning","1927483","2","1","7","1","0","69.7","6","0","1","17","17","12","7","5","5","3","67","9","0","100","4","44","1","18","43","0","0","0","0","0","0","0","14.4","","2","4","0","0","0","0","18","43","1","1","14","0","0","4","69.7","57.9","0","0","0","0","0","0","0","0","0","0","0","0","1","0","0","0","2","3","0","0","0","0","0","0","0","0","0","0","3","3","0","0","0","0","0","0","0","0","0","0","0","0","0","0","0","0","0","0","0","0","0","0","0","2","0","1","2","0","0","clan-bulk-1.2","0","0","0"
"liga_klanow_2_1","Dresden Eagles vs Czarne plamy 3:0","1297849","2026-09-18 19:00","Eagles Stadium","unschlagBAR","1390","Dresden Eagles","","Titz, Reinhardt","1951244","26","19","7","0","0","71.2","37","7","24","65","46","5","4","0","1","0","0","0","0","0","0","0","2","31","50","0","0","2","0","0","0","2","52.7","","0","1","0","0","0","0","31","50","0","0","24","2","0","7","71.2","59.2","2","0","1","0","1","4","4","0","1","0","1","6","0","0","0","0","0","0","18","2","3","0","4","27","0","0","0","0","0","0","0","0","0","0","2","2","0","0","0","0","0","0","0","0","0","0","0","0","0","0","0","0","0","3","7","9","10","0","0","clan-bulk-1.2","0","0","0"
"liga_klanow_2_1","Dresden Eagles vs Czarne plamy 3:0","1297849","2026-09-18 19:00","Eagles Stadium","unschlagBAR","1390","Dresden Eagles","","Fohn, Hinrich","1744746","6","6","11","0","1","66.3","9","0","4","44","44","11","9","9","2","0","82","0","0","0","0","0","1","10","30","0","0","0","0","0","0","0","21.2","","0","1","0","0","0","0","10","30","1","0","8","0","0","2","66.3","55.3","1","0","0","0","0","1","1","0","0","0","1","2","1","0","0","0","2","3","0","0","0","0","0","0","1","0","0","0","2","3","0","0","0","0","0","0","0","0","0","0","0","0","0","0","0","0","0","0","0","0","0","0","0","2","0","4","2","0","0","clan-bulk-1.2","0","0","0"
"liga_klanow_2_1","Dresden Eagles vs Czarne plamy 3:0","1297849","2026-09-18 19:00","Eagles Stadium","unschlagBAR","1390","Dresden Eagles","","Werner, Josef","1950301","3","0","12","0","0","77.3","6","1","2","33","17","11","8","5","3","1","55","28","2","93","8","29","1","17","35","0","0","0","0","0","0","0","19.5","","1","1","0","0","0","0","17","35","1","0","15","0","0","2","77.3","67.4","0","0","0","0","1","1","1","0","0","0","1","2","0","0","0","0","0","0","0","0","0","0","0","0","1","0","1","0","1","3","0","0","0","0","0","0","0","0","0","0","0","0","0","0","0","0","0","0","0","0","0","0","0","1","0","3","0","0","0","clan-bulk-1.2","0","0","0"
"liga_klanow_2_1","Dresden Eagles vs Czarne plamy 3:0","1297849","2026-09-18 19:00","Eagles Stadium","unschlagBAR","1390","Dresden Eagles","","Wanderer, Roger","1951243","24","19","8","1","0","64.7","38","4","17","45","34","2","1","0","1","0","0","0","0","0","0","0","7","41","62","0","0","0","0","0","0","0","54.8","","0","0","0","0","0","0","41","62","6","2","38","1","0","3","64.7","58.7","0","0","0","0","4","4","1","0","0","0","0","1","0","0","0","0","0","0","16","2","2","0","13","33","0","0","0","0","0","0","0","0","0","0","0","0","0","0","0","0","0","0","0","0","0","0","0","0","0","0","0","0","0","3","6","11","9","0","0","clan-bulk-1.2","0","0","0"
"liga_klanow_2_1","Dresden Eagles vs Czarne plamy 3:0","1297849","2026-09-18 19:00","Eagles Stadium","unschlagBAR","1390","Dresden Eagles","","Schmallenberg, Conrad","1864497","0","0","0","0","0","0","0","0","0","0","0","22","15","6","7","2","36","4","0","100","2","50","0","0","0","1","1","2","1","0","0","1","8","","2","6","0","0","0","0","0","0","0","0","0","0","0","0","0","0","0","0","0","0","0","0","0","0","0","0","0","0","0","0","0","0","0","0","0","0","0","0","0","0","0","0","0","0","0","0","1","1","0","0","0","2","0","0","0","0","0","0","0","0","0","0","0","0","0","0","0","0","0","0","0","0","0","0","0","clan-bulk-1.2","0","0","0"
"liga_klanow_2_1","Dresden Eagles vs Czarne plamy 3:0","1297849","2026-09-18 19:00","Eagles Stadium","unschlagBAR","1390","Dresden Eagles","","Merkel, Silvester","2113281","0","0","0","0","0","0","0","0","0","0","0","7","5","2","2","2","57","3","0","100","0","0","0","0","0","1","1","2","0","0","1","1","3.6","","1","1","0","0","0","0","0","0","0","0","0","0","0","0","0","0","0","0","0","0","0","0","0","0","0","0","0","0","0","0","0","0","0","0","0","0","0","0","0","0","0","0","0","0","0","0","1","1","0","0","0","2","0","0","0","0","0","0","0","0","0","0","0","0","0","0","0","0","0","0","0","0","0","0","0","clan-bulk-1.2","0","0","0"
"liga_klanow_2_1","Dresden Eagles vs Czarne plamy 3:0","1297849","2026-09-18 19:00","Eagles Stadium","unschlagBAR","1390","Dresden Eagles","","Rübenkoppel, Reinhardt","2113282","2","0","6","0","1","59.4","1","0","0","0","0","6","4","3","2","2","83","10","2","80","6","60","1","6","20","0","0","0","0","0","0","0","10.8","","2","2","0","0","0","0","6","20","1","0","5","0","0","1","59.4","55.1","0","0","0","0","0","0","0","0","0","0","0","0","0","0","0","0","1","1","0","0","0","0","0","0","0","0","0","0","0","0","0","0","0","0","0","0","0","0","0","0","0","0","0","0","0","0","0","0","0","0","0","0","0","1","2","0","0","0","0","clan-bulk-1.2","0","0","0"
"liga_klanow_2_1","Dresden Eagles vs Czarne plamy 3:0","1297849","2026-09-18 19:00","Eagles Stadium","unschlagBAR","1390","Dresden Eagles","","Schoderer, Nils","2113284","0","-1","5","0","0","61.8","1","0","0","0","0","6","4","0","2","0","0","5","1","80","1","20","0","3","14","0","0","0","0","0","0","0","0","","0","2","0","0","0","0","3","14","0","0","2","0","0","1","61.8","54.4","0","0","0","0","0","0","0","0","0","0","1","1","0","0","0","0","0","0","0","0","0","0","0","0","0","0","0","0","0","0","0","0","0","0","0","0","0","0","0","0","0","0","0","0","0","0","0","0","0","0","0","0","0","0","0","0","0","0","0","clan-bulk-1.2","0","0","0"
"liga_klanow_2_1","Dresden Eagles vs Czarne plamy 3:0","1297849","2026-09-18 19:00","Eagles Stadium","unschlagBAR","1390","Dresden Eagles","","Schedel, Dominik","2088513","3","3","3","0","0","65.9","3","0","2","67","67","5","4","1","1","0","20","0","0","0","0","0","1","6","20","0","0","0","0","0","0","0","7.8","","0","1","0","0","0","0","6","20","1","0","6","0","0","0","65.9","55.6","0","0","0","0","0","0","0","0","0","0","0","0","1","0","0","0","0","1","0","0","0","0","0","0","1","0","0","0","1","2","0","0","0","0","0","0","0","0","0","0","0","0","0","0","0","0","0","0","0","0","0","0","0","1","3","0","0","0","0","clan-bulk-1.2","0","0","0"
"liga_klanow_2_1","Dresden Eagles vs Czarne plamy 3:0","1297849","2026-09-18 19:00","Eagles Stadium","unschlagBAR","1390","Dresden Eagles","","Dettori, Biagio","2059933","1","1","5","0","1","74","0","0","0","0","0","3","3","2","0","0","67","0","0","0","0","0","0","2","14","13","0","25","4","9","8","4","4.6","","0","0","0","0","0","0","2","14","0","0","1","0","0","1","74","66.5","0","0","0","0","0","0","0","0","0","0","0","0","0","0","0","0","0","0","0","0","0","0","0","0","0","0","0","0","0","0","13","0","0","0","12","25","0","0","0","0","0","0","0","0","0","0","0","0","0","0","0","0","0","1","1","0","0","0","0","clan-bulk-1.2","0","0","0"
"liga_klanow_2_1","Dresden Eagles vs Czarne plamy 3:0","1297849","2026-09-18 19:00","Eagles Stadium","Sons of Eternity","1390","Czarne plamy","","Emerton, Gilbert","1709299","0","-1","10","1","0","64.8","1","0","0","0","0","18","12","3","6","1","22","0","0","0","0","0","0","12","39","36","12","88","20","28","25","15","1.8","","0","2","0","0","0","0","12","39","0","0","12","0","0","0","64.8","55.8","0","0","0","0","1","1","0","0","0","0","0","0","0","0","0","0","0","0","0","0","0","0","0","0","0","0","0","0","0","0","36","12","2","3","35","88","0","0","0","0","0","0","0","0","0","0","0","0","0","0","0","0","0","1","0","1","0","0","0","clan-bulk-1.2","0","0","0"
"liga_klanow_2_1","Dresden Eagles vs Czarne plamy 3:0","1297849","2026-09-18 19:00","Eagles Stadium","Sons of Eternity","1390","Czarne plamy","","Liszkowski, Mateusz","1974552","13","5","11","0","1","86.8","24","8","11","46","13","16","13","5","3","0","31","7","0","100","3","43","1","27","49","0","0","0","0","0","0","0","26.6","","0","1","0","0","0","0","27","49","1","0","25","0","0","2","86.8","72.2","1","0","0","1","1","3","0","1","2","1","0","4","8","1","2","0","4","15","0","0","0","0","0","0","0","1","1","0","0","2","0","0","0","0","0","0","0","0","0","0","0","0","0","0","0","0","0","0","0","0","0","0","0","3","3","4","7","0","0","clan-bulk-1.2","0","0","0"
"liga_klanow_2_1","Dresden Eagles vs Czarne plamy 3:0","1297849","2026-09-18 19:00","Eagles Stadium","Sons of Eternity","1390","Czarne plamy","","Gliszczyński, Zbigniew","1903811","10","5","9","1","2","110.5","15","4","5","33","7","2","0","0","2","1","50","0","0","0","0","0","3","23","34","0","0","1","0","0","1","0","19.8","","0","0","0","0","0","0","23","34","1","0","20","2","0","3","110.5","89","2","1","0","0","1","4","0","0","1","0","0","1","0","0","0","0","0","0","3","0","2","0","5","10","0","0","0","0","0","0","0","0","0","0","1","1","0","0","0","0","0","0","0","0","0","0","0","0","0","0","0","0","0","2","7","0","3","0","0","clan-bulk-1.2","0","0","0"
"liga_klanow_2_1","Dresden Eagles vs Czarne plamy 3:0","1297849","2026-09-18 19:00","Eagles Stadium","Sons of Eternity","1390","Czarne plamy","","Ramires, Kaio","1949052","10","7","10","2","0","72.1","19","1","9","47","42","15","12","4","3","1","33","0","0","0","0","0","1","18","49","0","0","0","0","0","0","0","29.5","","1","1","0","0","0","0","18","49","1","0","15","0","0","3","72.1","62","4","0","0","0","3","7","0","0","1","0","0","1","5","0","0","0","3","8","0","0","0","0","0","0","0","0","0","0","3","3","0","0","0","0","0","0","0","0","0","0","0","0","0","0","0","0","0","0","0","0","0","0","0","3","5","5","2","0","0","clan-bulk-1.2","0","0","0"
"liga_klanow_2_1","Dresden Eagles vs Czarne plamy 3:0","1297849","2026-09-18 19:00","Eagles Stadium","Sons of Eternity","1390","Czarne plamy","","Miranda, Sérgio","1974554","15","7","11","0","1","89.7","26","5","13","50","31","11","8","3","3","1","36","55","3","95","23","42","1","28","47","0","0","0","0","0","0","0","57.5","","1","1","0","0","0","0","28","47","1","0","25","0","0","3","93.1","73","1","0","0","0","1","2","0","0","2","0","1","3","7","1","1","1","5","15","0","0","0","0","0","0","4","0","1","0","1","6","0","0","0","0","0","0","0","0","0","0","0","0","0","0","0","0","0","0","0","0","0","0","0","3","8","2","5","0","0","clan-bulk-1.2","0","0","0"
"liga_klanow_2_1","Dresden Eagles vs Czarne plamy 3:0","1297849","2026-09-18 19:00","Eagles Stadium","Sons of Eternity","1390","Czarne plamy","","Murawski, Kamil","1904354","9","7","5","0","0","67","19","2","7","37","26","5","1","0","4","4","80","0","0","0","0","0","2","28","46","0","0","0","0","0","0","0","23.8","","2","2","0","0","0","0","28","46","2","0","26","0","0","2","67","58.5","1","0","0","0","2","3","0","0","0","0","0","0","0","0","0","0","0","0","6","0","2","0","8","16","0","0","0","0","0","0","0","0","0","0","0","0","0","0","0","0","0","0","0","0","0","0","0","0","0","0","0","0","0","3","2","4","3","0","0","clan-bulk-1.2","0","0","0"
"liga_klanow_2_1","Dresden Eagles vs Czarne plamy 3:0","1297849","2026-09-18 19:00","Eagles Stadium","Sons of Eternity","1390","Czarne plamy","","Telles, Gregório","1864453","0","0","0","0","0","0","0","0","0","0","0","34","30","17","4","3","59","5","0","100","2","40","0","0","0","2","1","3","0","1","2","0","17.6","","2","2","0","0","0","0","0","0","0","0","0","0","0","0","0","0","0","0","0","0","0","0","0","0","0","0","0","0","0","0","0","0","0","0","0","0","0","0","0","0","0","0","0","0","0","0","2","1","0","0","0","3","0","0","0","0","0","0","0","0","0","0","0","0","0","0","0","0","0","0","0","0","0","0","0","clan-bulk-1.2","0","0","0"
"liga_klanow_2_1","Dresden Eagles vs Czarne plamy 3:0","1297849","2026-09-18 19:00","Eagles Stadium","Sons of Eternity","1390","Czarne plamy","","Maszkowski, Tomasz","1949690","1","1","2","0","0","75.6","4","0","1","25","25","2","2","1","0","0","50","5","0","100","3","60","0","0","5","0","0","0","0","0","0","0","6","","0","0","0","0","0","0","0","5","0","0","0","0","0","0","75.6","64.4","0","0","0","0","0","0","0","0","0","0","0","0","1","0","0","0","3","4","0","0","0","0","0","0","0","0","0","0","0","0","0","0","0","0","0","0","0","0","0","0","0","0","0","0","0","0","0","0","0","0","0","0","0","0","1","0","0","0","0","clan-bulk-1.2","0","0","0"
"liga_klanow_2_1","Dresden Eagles vs Czarne plamy 3:0","1297849","2026-09-18 19:00","Eagles Stadium","Sons of Eternity","1390","Czarne plamy","","Kasprzyk, Grzegorz","1903812","3","3","1","0","0","66.5","4","0","3","75","75","1","1","0","0","0","0","0","0","0","0","0","0","6","11","0","0","0","0","0","0","0","6","","0","0","0","0","0","0","6","11","0","0","5","0","0","1","66.5","66.5","2","0","0","0","0","2","0","0","0","0","0","0","0","0","0","0","0","0","1","0","0","0","1","2","0","0","0","0","0","0","0","0","0","0","0","0","0","0","0","0","0","0","0","0","0","0","0","0","0","0","0","0","0","1","0","1","2","0","0","clan-bulk-1.2","0","0","0"
"liga_klanow_2_1","Dresden Eagles vs Czarne plamy 3:0","1297849","2026-09-18 19:00","Eagles Stadium","Sons of Eternity","1390","Czarne plamy","","Nowak, Michał","1904995","1","0","3","1","1","100.6","1","0","0","0","0","1","0","0","1","0","0","0","0","0","0","0","0","6","10","0","0","0","0","0","0","0","2","","0","0","0","0","0","0","6","10","0","0","6","0","0","0","100.6","92.1","0","0","0","0","0","0","0","0","0","0","0","0","0","0","0","0","0","0","0","0","0","0","1","1","0","0","0","0","0","0","0","0","0","0","0","0","0","0","0","0","0","0","0","0","0","0","0","0","0","0","0","0","0","1","2","0","0","0","0","clan-bulk-1.2","0","0","0"
"liga_klanow_2_1","Dresden Eagles vs Czarne plamy 3:0","1297849","2026-09-18 19:00","Eagles Stadium","Sons of Eternity","1390","Czarne plamy","","Tamagnini, Octávio","2002911","0","0","2","0","0","48.8","0","0","0","0","0","1","1","0","0","0","0","0","0","0","0","0","0","1","13","8","2","20","5","7","4","4","0","","0","0","0","0","0","0","1","13","0","0","1","0","0","0","48.8","48","0","0","0","0","0","0","0","0","0","0","0","0","0","0","0","0","0","0","0","0","0","0","0","0","0","0","0","0","0","0","8","2","1","2","7","20","0","0","0","0","0","0","0","0","0","0","0","0","0","0","0","0","0","0","0","0","0","0","0","clan-bulk-1.2","0","0","0"
"liga_klanow_2_1","TVM Allstars vs Warta Zawiercie 3:0","1297850","2026-09-18 19:00","Rittersport-Park","unschlagBAR","1390","TVM Allstars","","Geitel, Jotaarkka","1951456","1","1","18","0","0","74.4","0","0","0","0","0","15","6","3","9","7","67","0","0","0","0","0","1","15","37","38","10","72","19","21","20","12","8.2","{""sets"":[{""h"":25,""a"":14},{""h"":25,""a"":10},{""h"":25,""a"":6}],""parsedSets"":[{""rallies"":[{""type"":""end"",""score"":""25 : 14"",""txt"":""Koniec seta 1 : 0""},{""type"":""end"",""score"":""25 : 14"",""txt"":""Koniec seta 1 : 0""},{""type"":""rally"",""score"":""25 : 14"",""speed"":""46.7 km/h"",""res"":""Punkt: A. Schnetter""},{""type"":""rally"",""score"":""24 : 14"",""speed"":""47.6 km/h"",""res"":""Punkt: J. Mroczek""},{""type"":""rally"",""score"":""24 : 13"",""speed"":""53.3 km/h"",""res"":""Punkt: A. Lindinger""},{""type"":""rally"",""score"":""23 : 13"",""speed"":""47.5 km/h"",""res"":""Punkt: I. Nowicki""},{""type"":""rally"",""score"":""23 : 12"",""speed"":""55.4 km/h"",""res"":""Punkt: J. Rossen""},{""type"":""tmo"",""score"":""22 : 12"",""txt"":""Czas: TVM Allstars ""},{""type"":""rally"",""score"":""22 : 12"",""speed"":""54.4 km/h"",""res"":""Punkt: A. Schnetter""},{""type"":""rally"",""score"":""21 : 12"",""speed"":""53.0 km/h"",""res"":""Punkt: J. Mroczek""},{""type"":""rally"",""score"":""21 : 11"",""speed"":""44.7 km/h"",""res"":""Punkt: J. Rossen""},{""type"":""rally"",""score"":""20 : 11"",""speed"":""48.1 km/h"",""res"":""Punkt: A. Jawor""},{""type"":""rally"",""score"":""20 : 10"",""speed"":""51.4 km/h"",""res"":""Punkt: R. Wössner""},{""type"":""rally"",""score"":""19 : 10"",""speed"":""55.6 km/h"",""res"":""Punkt: J. Mroczek""},{""type"":""rally"",""score"":""19 : 9"",""speed"":""50.4 km/h"",""res"":""Punkt: R. Wössner""},{""type"":""rally"",""score"":""18 : 9"",""speed"":""61.3 km/h"",""res"":""Punkt: A. Jawor""},{""type"":""rally"",""score"":""18 : 8"",""speed"":""45.7 km/h"",""res"":""Punkt: S. Beran-Lyde""},{""type"":""rally"",""score"":""17 : 8"",""speed"":""47.9 km/h"",""res"":""Punkt: J. Mroczek""},{""type"":""rally"",""score"":""17 : 7"",""speed"":""45.6 km/h"",""res"":""Punkt: A. Lindinger""},{""type"":""tmo"",""score"":""16 : 7"",""txt"":""Czas: ""},{""type"":""rally"",""score"":""16 : 7"",""speed"":""60.8 km/h"",""res"":""Punkt: A. Lindinger""},{""type"":""rally"",""score"":""15 : 7"",""speed"":""48.4 km/h"",""res"":""Błąd: A. Lindinger""},{""type"":""chg"",""score"":""15 : 6"",""txt"":""Zmiana: A. Lindinger ⇄ R. Krebsförden""},{""type"":""rally"",""score"":""15 : 6"",""speed"":""53.7 km/h"",""res"":""Punkt: R. Krebsförden""},{""type"":""rally"",""score"":""14 : 6"",""speed"":""44.3 km/h"",""res"":""Punkt: S. Beran-Lyde""},{""type"":""rally"",""score"":""13 : 6"",""speed"":""52.5 km/h"",""res"":""Błąd: J. Mroczek""},{""type"":""rally"",""score"":""12 : 6"",""speed"":""64.4 km/h"",""res"":""Punkt: W. Halman""},{""type"":""chg"",""score"":""12 : 5"",""txt"":""Zmiana: R. Krebsförden ⇄ A. Lindinger""},{""type"":""rally"",""score"":""12 : 5"",""speed"":""53.8 km/h"",""res"":""Punkt: A. Lindinger""},{""type"":""rally"",""score"":""11 : 5"",""speed"":""-"",""res"":""Błąd: A. Jawor""},{""type"":""rally"",""score"":""10 : 5"",""speed"":""45.1 km/h"",""res"":""Punkt: W. Halman""},{""type"":""rally"",""score"":""10 : 4"",""speed"":""60.7 km/h"",""res"":""Punkt: J. Geitel""},{""type"":""rally"",""score"":""9 : 4"",""speed"":""57.6 km/h"",""res"":""Punkt: A. Jawor""},{""type"":""rally"",""score"":""9 : 3"",""speed"":""45.6 km/h"",""res"":""Punkt: R. Wössner""},{""type"":""tmo"",""score"":""8 : 3"",""txt"":""Czas: ""},{""type"":""rally"",""score"":""8 : 3"",""speed"":""52.8 km/h"",""res"":""Punkt: A. Schnetter""},{""type"":""rally"",""score"":""7 : 3"",""speed"":""69.7 km/h"",""res"":""Punkt: A. Schnetter""},{""type"":""rally"",""score"":""6 : 3"",""speed"":""59.2 km/h"",""res"":""Punkt: J. Mroczek""},{""type"":""rally"",""score"":""6 : 2"",""speed"":""46.3 km/h"",""res"":""Punkt: A. Lindinger""},{""type"":""rally"",""score"":""5 : 2"",""speed"":""-"",""res"":""Błąd: J. Rossen""},{""type"":""rally"",""score"":""5 : 1"",""speed"":""48.6 km/h"",""res"":""Punkt: A. Lindinger""},{""type"":""chg"",""score"":""4 : 1"",""txt"":""Zmiana: S. Beran-Lyde ⇄ D. Tajchman""},{""type"":""rally"",""score"":""4 : 1"",""speed"":""44.1 km/h"",""res"":""Punkt: A. Lindinger""},{""type"":""rally"",""score"":""3 : 1"",""speed"":""57.6 km/h"",""res"":""Punkt: W. Halman""},{""type"":""rally"",""score"":""3 : 0"",""speed"":""72.1 km/h"",""res"":""Punkt: A. Lindinger""},{""type"":""chg"",""score"":""2 : 0"",""txt"":""Zmiana: I. Nowicki ⇄ C. Kippekausen""},{""type"":""rally"",""score"":""2 : 0"",""speed"":""63.8 km/h"",""res"":""Punkt: A. Lindinger""},{""type"":""chg"",""score"":""1 : 0"",""txt"":""Zmiana: C. Kippekausen ⇄ I. Nowicki""},{""type"":""rally"",""score"":""1 : 0"",""speed"":""65.5 km/h"",""res"":""Punkt: D. Tajchman""}]},{""rallies"":[{""type"":""end"",""score"":""25 : 10"",""txt"":""Koniec seta 2 : 0""},{""type"":""end"",""score"":""25 : 10"",""txt"":""Koniec seta 2 : 0""},{""type"":""rally"",""score"":""25 : 10"",""speed"":""43.2 km/h"",""res"":""Punkt: J. Rossen""},{""type"":""chg"",""score"":""24 : 10"",""txt"":""Zmiana: R. Wössner ⇄ R. Krebsförden""},{""type"":""rally"",""score"":""24 : 10"",""speed"":""50.4 km/h"",""res"":""Punkt: J. Mroczek""},{""type"":""rally"",""score"":""24 : 9"",""speed"":""60.7 km/h"",""res"":""Punkt: D. Tajchman""},{""type"":""rally"",""score"":""23 : 9"",""speed"":""54.9 km/h"",""res"":""Punkt: D. Tajchman""},{""type"":""rally"",""score"":""22 : 9"",""speed"":""55.3 km/h"",""res"":""Punkt: I. Nowicki""},{""type"":""tmo"",""score"":""22 : 8"",""txt"":""Czas: TVM Allstars ""},{""type"":""rally"",""score"":""22 : 8"",""speed"":""51.5 km/h"",""res"":""Punkt: D. Tajchman""},{""type"":""rally"",""score"":""21 : 8"",""speed"":""43.3 km/h"",""res"":""Punkt: D. Tajchman""},{""type"":""rally"",""score"":""20 : 8"",""speed"":""58.5 km/h"",""res"":""Punkt: A. Lindinger""},{""type"":""chg"",""score"":""19 : 8"",""txt"":""Zmiana: A. Lindinger ⇄ H. Schleritzko""},{""type"":""rally"",""score"":""19 : 8"",""speed"":""47.6 km/h"",""res"":""Punkt: D. Tajchman""},{""type"":""rally"",""score"":""18 : 8"",""speed"":""50.7 km/h"",""res"":""Punkt: I. Nowicki""},{""type"":""tmo"",""score"":""18 : 7"",""txt"":""Czas: Warta Zawiercie""},{""type"":""rally"",""score"":""18 : 7"",""speed"":""61.1 km/h"",""res"":""Punkt: J. Rossen""},{""type"":""rally"",""score"":""17 : 7"",""speed"":""46.1 km/h"",""res"":""Punkt: H. Schleritzko""},{""type"":""tmo"",""score"":""16 : 7"",""txt"":""Czas: ""},{""type"":""rally"",""score"":""16 : 7"",""speed"":""74.4 km/h"",""res"":""Punkt: J. Rossen""},{""type"":""rally"",""score"":""15 : 7"",""speed"":""66.5 km/h"",""res"":""Punkt: D. Tajchman""},{""type"":""chg"",""score"":""14 : 7"",""txt"":""Zmiana: H. Schleritzko ⇄ A. Lindinger""},{""type"":""rally"",""score"":""14 : 7"",""speed"":""50.4 km/h"",""res"":""Błąd: I. Nowicki""},{""type"":""rally"",""score"":""13 : 7"",""speed"":""55.5 km/h"",""res"":""Punkt: A. Lindinger""},{""type"":""chg"",""score"":""12 : 7"",""txt"":""Zmiana: J. Geitel ⇄ H. Fußer""},{""type"":""rally"",""score"":""12 : 7"",""speed"":""69.6 km/h"",""res"":""Punkt: I. Nowicki""},{""type"":""rally"",""score"":""12 : 6"",""speed"":""54.1 km/h"",""res"":""Punkt: M. Malinowski""},{""type"":""chg"",""score"":""12 : 5"",""txt"":""Zmiana: H. Fußer ⇄ J. Geitel""},{""type"":""rally"",""score"":""12 : 5"",""speed"":""47.3 km/h"",""res"":""Punkt: J. Rossen""},{""type"":""rally"",""score"":""11 : 5"",""speed"":""45.3 km/h"",""res"":""Punkt: J. Rossen""},{""type"":""chg"",""score"":""10 : 5"",""txt"":""Zmiana: D. Szwajkowski ⇄ M. Izdebski""},{""type"":""chg"",""score"":""10 : 5"",""txt"":""Zmiana: J. Mroczek ⇄ M. Wolny""},{""type"":""chg"",""score"":""10 : 5"",""txt"":""Zmiana: M. Malinowski ⇄ W. Kowalewski""},{""type"":""rally"",""score"":""10 : 5"",""speed"":""44.5 km/h"",""res"":""Błąd: A. Jawor""},{""type"":""chg"",""score"":""9 : 5"",""txt"":""Zmiana: W. Kowalewski ⇄ M. Malinowski""},{""type"":""chg"",""score"":""9 : 5"",""txt"":""Zmiana: M. Wolny ⇄ J. Mroczek""},{""type"":""chg"",""score"":""9 : 5"",""txt"":""Zmiana: M. Izdebski ⇄ D. Szwajkowski""},{""type"":""rally"",""score"":""9 : 5"",""speed"":""50.2 km/h"",""res"":""Błąd: J. Mroczek""},{""type"":""tmo"",""score"":""8 : 5"",""txt"":""Czas: ""},{""type"":""rally"",""score"":""8 : 5"",""speed"":""44.0 km/h"",""res"":""Punkt: A. Lindinger""},{""type"":""rally"",""score"":""7 : 5"",""speed"":""51.6 km/h"",""res"":""Punkt: A. Lindinger""},{""type"":""rally"",""score"":""6 : 5"",""speed"":""53.6 km/h"",""res"":""Punkt: J. Rossen""},{""type"":""rally"",""score"":""5 : 5"",""speed"":""61.2 km/h"",""res"":""Punkt: R. Krebsförden""},{""type"":""rally"",""score"":""4 : 5"",""speed"":""59.1 km/h"",""res"":""Punkt: A. Jawor""},{""type"":""rally"",""score"":""4 : 4"",""speed"":""53.7 km/h"",""res"":""Punkt: R. Krebsförden""},{""type"":""rally"",""score"":""3 : 4"",""speed"":""-"",""res"":""Błąd: D. Tajchman""},{""type"":""rally"",""score"":""3 : 3"",""speed"":""47.5 km/h"",""res"":""Punkt: D. Tajchman""},{""type"":""chg"",""score"":""2 : 3"",""txt"":""Zmiana: R. Krebsförden ⇄ R. Wössner""},{""type"":""rally"",""score"":""2 : 3"",""speed"":""58.0 km/h"",""res"":""Punkt: I. Nowicki""},{""type"":""rally"",""score"":""2 : 2"",""speed"":""46.4 km/h"",""res"":""Punkt: A. Lindinger""},{""type"":""rally"",""score"":""1 : 2"",""speed"":""52.6 km/h"",""res"":""Błąd: A. Lindinger""},{""type"":""chg"",""score"":""1 : 1"",""txt"":""Zmiana: I. Nowicki ⇄ C. Kippekausen""},{""type"":""rally"",""score"":""1 : 1"",""speed"":""60.7 km/h"",""res"":""Punkt: J. Rossen""},{""type"":""chg"",""score"":""0 : 1"",""txt"":""Zmiana: C. Kippekausen ⇄ I. Nowicki""},{""type"":""rally"",""score"":""0 : 1"",""speed"":""57.2 km/h"",""res"":""Punkt: J. Mroczek""}]},{""rallies"":[{""type"":""end"",""score"":""25 : 6"",""txt"":""Koniec seta 3 : 0""},{""type"":""end"",""score"":""25 : 6"",""txt"":""Koniec seta 3 : 0""},{""type"":""rally"",""score"":""25 : 6"",""speed"":""54.0 km/h"",""res"":""Punkt: J. Rossen""},{""type"":""rally"",""score"":""24 : 6"",""speed"":""74.4 km/h"",""res"":""Punkt: A. Lindinger""},{""type"":""rally"",""score"":""23 : 6"",""speed"":""49.7 km/h"",""res"":""Punkt: J. Rossen""},{""type"":""rally"",""score"":""22 : 6"",""speed"":""59.6 km/h"",""res"":""Punkt: I. Nowicki""},{""type"":""tmo"",""score"":""22 : 5"",""txt"":""Czas: TVM Allstars ""},{""type"":""rally"",""score"":""22 : 5"",""speed"":""49.7 km/h"",""res"":""Błąd: W. Halman""},{""type"":""rally"",""score"":""21 : 5"",""speed"":""59.6 km/h"",""res"":""Punkt: A. Lindinger""},{""type"":""rally"",""score"":""20 : 5"",""speed"":""-"",""res"":""Błąd: A. Jawor""},{""type"":""rally"",""score"":""19 : 5"",""speed"":""-"",""res"":""Błąd: A. Schnetter""},{""type"":""tmo"",""score"":""19 : 4"",""txt"":""Czas: Warta Zawiercie""},{""type"":""rally"",""score"":""19 : 4"",""speed"":""56.7 km/h"",""res"":""Punkt: R. Wössner""},{""type"":""rally"",""score"":""18 : 4"",""speed"":""44.2 km/h"",""res"":""Punkt: R. Wössner""},{""type"":""rally"",""score"":""17 : 4"",""speed"":""58.5 km/h"",""res"":""Punkt: R. Wössner""},{""type"":""rally"",""score"":""16 : 4"",""speed"":""54.7 km/h"",""res"":""Punkt: J. Mroczek""},{""type"":""tmo"",""score"":""16 : 3"",""txt"":""Czas: ""},{""type"":""rally"",""score"":""16 : 3"",""speed"":""-"",""res"":""Błąd: J. Mroczek""},{""type"":""rally"",""score"":""15 : 3"",""speed"":""64.8 km/h"",""res"":""Punkt: D. Szwajkowski""},{""type"":""rally"",""score"":""15 : 2"",""speed"":""45.6 km/h"",""res"":""Punkt: A. Schnetter""},{""type"":""rally"",""score"":""14 : 2"",""speed"":""47.3 km/h"",""res"":""Punkt: I. Nowicki""},{""type"":""rally"",""score"":""14 : 1"",""speed"":""42.5 km/h"",""res"":""Punkt: A. Lindinger""},{""type"":""rally"",""score"":""13 : 1"",""speed"":""55.7 km/h"",""res"":""Punkt: D. Tajchman""},{""type"":""rally"",""score"":""12 : 1"",""speed"":""49.0 km/h"",""res"":""Punkt: A. Lindinger""},{""type"":""rally"",""score"":""11 : 1"",""speed"":""54.0 km/h"",""res"":""Punkt: A. Lindinger""},{""type"":""rally"",""score"":""10 : 1"",""speed"":""44.7 km/h"",""res"":""Punkt: J. Rossen""},{""type"":""rally"",""score"":""9 : 1"",""speed"":""58.3 km/h"",""res"":""Punkt: D. Tajchman""},{""type"":""tmo"",""score"":""8 : 1"",""txt"":""Czas: ""},{""type"":""rally"",""score"":""8 : 1"",""speed"":""42.9 km/h"",""res"":""Punkt: A. Lindinger""},{""type"":""rally"",""score"":""7 : 1"",""speed"":""56.5 km/h"",""res"":""Punkt: A. Lindinger""},{""type"":""chg"",""score"":""6 : 1"",""txt"":""Zmiana: D. Szwajkowski ⇄ M. Izdebski""},{""type"":""chg"",""score"":""6 : 1"",""txt"":""Zmiana: J. Mroczek ⇄ M. Wolny""},{""type"":""chg"",""score"":""6 : 1"",""txt"":""Zmiana: M. Malinowski ⇄ W. Kowalewski""},{""type"":""rally"",""score"":""6 : 1"",""speed"":""55.8 km/h"",""res"":""Punkt: A. Lindinger""},{""type"":""chg"",""score"":""5 : 1"",""txt"":""Zmiana: W. Kowalewski ⇄ M. Malinowski""},{""type"":""chg"",""score"":""5 : 1"",""txt"":""Zmiana: M. Wolny ⇄ J. Mroczek""},{""type"":""chg"",""score"":""5 : 1"",""txt"":""Zmiana: M. Izdebski ⇄ D. Szwajkowski""},{""type"":""chg"",""score"":""5 : 1"",""txt"":""Zmiana: F. Emminger ⇄ �. Nikolić""},{""type"":""rally"",""score"":""5 : 1"",""speed"":""54.0 km/h"",""res"":""Punkt: A. Lindinger""},{""type"":""rally"",""score"":""4 : 1"",""speed"":""60.5 km/h"",""res"":""Punkt: J. Rossen""},{""type"":""rally"",""score"":""3 : 1"",""speed"":""54.4 km/h"",""res"":""Punkt: D. Tajchman""},{""type"":""rally"",""score"":""2 : 1"",""speed"":""59.2 km/h"",""res"":""Punkt: A. Schnetter""},{""type"":""chg"",""score"":""1 : 1"",""txt"":""Zmiana: I. Nowicki ⇄ C. Kippekausen""},{""type"":""rally"",""score"":""1 : 1"",""speed"":""47.5 km/h"",""res"":""Błąd: J. Mroczek""},{""type"":""chg"",""score"":""0 : 1"",""txt"":""Zmiana: C. Kippekausen ⇄ I. Nowicki""},{""type"":""rally"",""score"":""0 : 1"",""speed"":""60.4 km/h"",""res"":""Punkt: J. Mroczek""}]}]}","4","5","0","0","0","0","15","37","1","0","14","0","0","1","74.4","58.1","0","0","0","0","0","0","0","0","0","0","0","0","0","0","0","0","0","0","0","0","0","0","0","0","0","0","0","0","0","0","38","10","1","2","21","72","0","0","0","0","0","0","0","0","0","0","0","0","0","0","0","0","0","1","1","0","0","0","0","clan-bulk-1.2","0","0","0"
"liga_klanow_2_1","TVM Allstars vs Warta Zawiercie 3:0","1297850","2026-09-18 19:00","Rittersport-Park","unschlagBAR","1390","TVM Allstars","","Rossen, Jörn","1974500","15","10","24","1","2","59.2","17","4","10","59","35","15","6","5","9","5","67","13","0","100","7","54","3","39","61","0","0","0","0","0","0","0","49","","3","5","0","0","0","0","39","61","1","2","34","2","0","5","60.5","51.6","0","0","1","0","1","2","2","0","1","0","0","3","7","0","1","0","2","10","0","0","0","0","0","0","1","0","1","0","0","2","0","0","0","0","0","0","0","0","0","0","0","0","0","0","0","0","0","0","0","0","0","0","0","3","3","7","4","0","0","clan-bulk-1.2","0","0","0"
"liga_klanow_2_1","TVM Allstars vs Warta Zawiercie 3:0","1297850","2026-09-18 19:00","Rittersport-Park","unschlagBAR","1390","TVM Allstars","","Lindinger, Austin","1950524","26","22","6","0","0","64.8","20","4","11","55","35","3","1","0","2","1","33","0","0","0","0","0","15","41","61","0","0","0","0","0","0","0","68.4","","1","1","0","0","0","0","41","61","12","0","34","3","0","7","64.8","59.1","2","0","0","0","1","3","1","0","1","0","0","2","0","0","0","0","0","0","8","2","1","0","4","15","0","0","0","0","0","0","0","0","0","0","0","0","0","0","0","0","0","0","0","0","0","0","0","0","0","0","0","0","0","3","10","6","9","0","0","clan-bulk-1.2","0","0","0"
"liga_klanow_2_1","TVM Allstars vs Warta Zawiercie 3:0","1297850","2026-09-18 19:00","Rittersport-Park","unschlagBAR","1390","TVM Allstars","","Tajchman, Delf","2004017","13","12","2","1","0","54.7","14","0","11","79","79","2","1","1","1","1","100","0","0","0","0","0","2","24","50","0","0","0","0","0","0","0","44","","1","1","0","0","0","0","24","50","1","0","20","1","0","4","54.7","54.7","0","0","0","1","2","3","0","0","0","0","0","0","10","0","0","0","1","11","0","0","0","0","0","0","0","0","0","0","0","0","0","0","0","0","0","0","0","0","0","0","0","0","0","0","0","0","0","0","0","0","0","0","0","3","1","8","3","0","0","clan-bulk-1.2","0","0","0"
"liga_klanow_2_1","TVM Allstars vs Warta Zawiercie 3:0","1297850","2026-09-18 19:00","Rittersport-Park","unschlagBAR","1390","TVM Allstars","","Schnetter, Alexander","1904509","6","3","6","1","0","59.1","9","2","5","56","33","17","14","9","3","3","71","11","0","100","6","55","1","29","45","0","0","0","0","0","0","0","24.2","","3","3","0","0","0","0","29","45","1","0","23","0","0","6","59.1","50.6","0","0","0","0","0","0","0","0","1","0","0","1","4","0","0","0","1","5","0","0","0","0","0","0","1","0","1","0","1","3","0","0","0","0","0","0","0","0","0","0","0","0","0","0","0","0","0","0","0","0","0","0","0","2","4","0","3","0","0","clan-bulk-1.2","0","0","0"
"liga_klanow_2_1","TVM Allstars vs Warta Zawiercie 3:0","1297850","2026-09-18 19:00","Rittersport-Park","unschlagBAR","1390","TVM Allstars","","Wössner, Ramon","1928800","6","5","6","0","0","64.4","8","1","4","50","38","2","0","0","2","1","50","0","0","0","0","0","2","14","21","0","0","0","0","0","0","0","12.9","","1","1","0","0","0","0","14","21","2","0","12","0","0","2","64.4","56.7","0","0","0","0","1","1","0","0","0","0","0","0","0","0","0","0","0","0","4","0","1","0","2","7","0","0","0","0","0","0","0","0","0","0","0","0","0","0","0","0","0","0","0","0","0","0","0","0","0","0","0","0","0","2","3","0","3","0","0","clan-bulk-1.2","0","0","0"
"liga_klanow_2_1","TVM Allstars vs Warta Zawiercie 3:0","1297850","2026-09-18 19:00","Rittersport-Park","unschlagBAR","1390","TVM Allstars","","Nikolić, Žarko","1950498","0","0","0","0","0","0","0","0","0","0","0","15","6","3","9","8","73","3","0","100","1","33","0","0","0","5","0","9","2","3","1","3","7.2","","7","8","0","0","0","0","0","0","0","0","0","0","0","0","0","0","0","0","0","0","0","0","0","0","0","0","0","0","0","0","0","0","0","0","0","0","0","0","0","0","0","0","0","0","0","0","5","0","0","0","4","9","0","0","0","0","0","0","0","0","0","0","0","0","0","0","0","0","0","0","0","0","0","0","0","clan-bulk-1.2","0","0","0"
"liga_klanow_2_1","TVM Allstars vs Warta Zawiercie 3:0","1297850","2026-09-18 19:00","Rittersport-Park","unschlagBAR","1390","TVM Allstars","","Emminger, Falkmar","1865452","0","0","0","0","0","0","0","0","0","0","0","3","2","2","1","1","100","1","0","100","1","100","0","0","0","0","0","1","0","0","0","1","2.8","","1","1","0","0","0","0","0","0","0","0","0","0","0","0","0","0","0","0","0","0","0","0","0","0","0","0","0","0","0","0","0","0","0","0","0","0","0","0","0","0","0","0","0","0","0","0","0","0","0","0","1","1","0","0","0","0","0","0","0","0","0","0","0","0","0","0","0","0","0","0","0","0","0","0","0","clan-bulk-1.2","0","0","0"
"liga_klanow_2_1","TVM Allstars vs Warta Zawiercie 3:0","1297850","2026-09-18 19:00","Rittersport-Park","unschlagBAR","1390","TVM Allstars","","Beran-Lyde, Stephan","1864757","2","1","4","0","0","57.6","4","1","1","25","0","7","3","2","4","3","71","0","0","0","0","0","1","14","17","0","0","0","0","0","0","0","6.3","","3","4","0","0","0","0","14","17","1","1","12","0","0","2","57.6","52.9","0","0","1","0","0","1","0","0","0","0","0","0","1","0","0","0","2","3","0","0","0","0","0","0","0","0","0","0","0","0","0","0","0","0","0","0","0","0","0","0","0","0","0","0","0","0","0","0","0","0","0","0","0","1","2","0","0","0","0","clan-bulk-1.2","0","0","0"
"liga_klanow_2_1","TVM Allstars vs Warta Zawiercie 3:0","1297850","2026-09-18 19:00","Rittersport-Park","unschlagBAR","1390","TVM Allstars","","Krebsförden, Romanus","2140100","3","1","8","0","0","54.1","7","2","1","14","-14","1","0","0","1","1","100","0","0","0","0","0","2","6","12","0","0","0","0","0","0","0","5.4","","1","1","0","0","0","0","6","12","2","0","6","0","0","0","54.1","48.8","0","0","0","0","2","2","0","0","1","0","0","1","0","0","0","0","0","0","1","0","1","0","2","4","0","0","0","0","0","0","0","0","0","0","0","0","0","0","0","0","0","0","0","0","0","0","0","0","0","0","0","0","0","2","1","2","0","0","0","clan-bulk-1.2","0","0","0"
"liga_klanow_2_1","TVM Allstars vs Warta Zawiercie 3:0","1297850","2026-09-18 19:00","Rittersport-Park","unschlagBAR","1390","TVM Allstars","","Schleritzko, Harald-Peter","1928987","1","1","0","0","0","0","5","0","1","20","20","1","0","0","1","1","100","0","0","0","0","0","0","7","12","0","0","0","0","0","0","0","2.4","","0","0","0","0","0","0","7","12","0","1","6","0","0","1","0","0","0","0","0","0","1","1","0","0","0","0","1","1","0","0","0","0","0","0","1","0","0","0","2","3","0","0","0","0","0","0","0","0","0","0","0","0","0","0","0","0","0","0","0","0","0","0","0","0","0","0","0","0","0","1","0","1","0","0","0","clan-bulk-1.2","0","0","0"
"liga_klanow_2_1","TVM Allstars vs Warta Zawiercie 3:0","1297850","2026-09-18 19:00","Rittersport-Park","unschlagBAR","1390","TVM Allstars","","Fußer, Heiko","1725048","0","0","0","0","0","0","1","0","0","0","0","1","0","0","1","0","0","0","0","0","0","0","0","2","2","0","2","2","0","0","1","1","0","","0","0","0","0","0","0","2","2","0","0","1","0","0","1","0","0","0","0","0","0","1","1","0","0","0","0","0","0","0","0","0","0","0","0","0","0","0","0","0","0","0","0","0","0","0","0","0","2","0","0","0","2","0","0","0","0","0","0","0","0","0","0","0","0","0","0","0","0","0","0","0","0","0","0","0","clan-bulk-1.2","0","0","0"
"liga_klanow_2_1","TVM Allstars vs Warta Zawiercie 3:0","1297850","2026-09-18 19:00","Rittersport-Park","Sons of Eternity","1390","Warta Zawiercie","","Malinowski, Mieczysław","1864700","2","2","6","0","0","60.7","0","0","0","0","0","19","13","4","6","2","32","0","0","0","0","0","2","22","40","18","23","98","8","29","40","21","10","","0","0","0","0","0","0","22","40","1","0","14","1","0","8","60.7","53.7","0","0","0","0","0","0","0","0","0","0","0","0","0","0","0","0","0","0","0","0","0","0","0","0","0","0","0","0","0","0","18","23","4","5","48","98","0","0","0","0","0","0","0","0","0","0","0","0","0","0","0","0","0","1","0","1","0","0","0","clan-bulk-1.2","0","0","0"
"liga_klanow_2_1","TVM Allstars vs Warta Zawiercie 3:0","1297850","2026-09-18 19:00","Rittersport-Park","Sons of Eternity","1390","Warta Zawiercie","","Halman, Wojciech","1685433","4","-2","6","0","0","60.8","14","5","3","21","-14","13","1","0","12","2","15","34","1","97","8","24","1","11","49","0","0","0","0","0","0","0","13.9","","0","2","0","0","0","0","11","49","1","1","9","0","0","2","60.8","51.2","1","0","0","0","1","2","1","0","3","1","0","5","0","1","1","0","4","6","0","0","0","0","0","0","0","0","0","0","1","1","0","0","0","0","0","0","0","0","0","0","0","0","0","0","0","0","0","0","0","0","0","0","0","2","3","0","1","0","0","clan-bulk-1.2","0","0","0"
"liga_klanow_2_1","TVM Allstars vs Warta Zawiercie 3:0","1297850","2026-09-18 19:00","Rittersport-Park","Sons of Eternity","1390","Warta Zawiercie","","Nowicki, Igor","1976802","8","2","6","0","0","47.5","28","6","6","21","0","3","2","0","1","0","0","0","0","0","0","0","2","37","53","0","1","1","0","0","0","1","9","","0","0","0","0","0","0","37","53","2","0","24","0","0","13","47.5","45.8","1","1","0","0","9","11","0","0","2","0","0","2","0","0","0","0","0","0","4","0","3","1","7","15","0","0","0","0","0","0","0","1","0","0","0","1","0","0","0","0","0","0","0","0","0","0","0","0","0","0","0","0","0","3","1","5","2","0","0","clan-bulk-1.2","0","0","0"
"liga_klanow_2_1","TVM Allstars vs Warta Zawiercie 3:0","1297850","2026-09-18 19:00","Rittersport-Park","Sons of Eternity","1390","Warta Zawiercie","","Mroczek, Jakub","1951290","10","-4","4","1","0","69.7","35","13","8","23","-14","12","7","0","5","2","17","0","0","0","0","0","2","14","43","0","0","0","0","0","0","0","-0.5","","1","1","0","0","0","0","14","43","2","0","9","0","0","5","69.7","57.9","2","2","1","0","8","13","0","0","3","0","1","4","4","0","6","0","4","14","0","0","0","0","0","0","1","1","0","1","1","4","0","0","0","0","0","0","0","0","0","0","0","0","0","0","0","0","0","0","0","0","0","0","0","3","6","3","4","0","0","clan-bulk-1.2","0","0","0"
"liga_klanow_2_1","TVM Allstars vs Warta Zawiercie 3:0","1297850","2026-09-18 19:00","Rittersport-Park","Sons of Eternity","1390","Warta Zawiercie","","Szwajkowski, Dariusz","1976226","4","1","4","0","0","61.2","12","3","2","17","-8","15","10","5","5","5","67","28","0","100","4","14","2","21","34","0","0","0","0","0","0","0","22.7","","2","2","0","0","0","0","21","34","0","0","11","2","0","10","61.2","58","1","0","1","0","4","6","0","0","2","1","1","4","0","0","0","0","1","1","0","0","0","0","0","0","0","0","0","0","1","1","0","0","0","0","0","0","0","0","0","0","0","0","0","0","0","0","0","0","0","0","0","0","0","1","0","0","1","0","0","clan-bulk-1.2","0","0","0"
"liga_klanow_2_1","TVM Allstars vs Warta Zawiercie 3:0","1297850","2026-09-18 19:00","Rittersport-Park","Sons of Eternity","1390","Warta Zawiercie","","Jawor, Aleksander","1950983","7","-1","5","2","0","69.6","16","6","4","25","-12","4","2","0","2","1","25","0","0","0","0","0","3","14","29","0","0","0","0","0","0","0","4","","0","0","0","0","0","0","14","29","0","0","7","3","0","7","69.6","56.6","0","0","0","0","3","3","1","0","4","0","0","5","0","0","0","0","0","0","3","1","1","0","3","8","0","0","0","0","0","0","0","0","0","0","0","0","0","0","0","0","0","0","0","0","0","0","0","0","0","0","0","0","0","3","4","2","1","0","0","clan-bulk-1.2","0","0","0"
"liga_klanow_2_1","TVM Allstars vs Warta Zawiercie 3:0","1297850","2026-09-18 19:00","Rittersport-Park","Sons of Eternity","1390","Warta Zawiercie","","Piasecki, Konrad","1927814","0","-1","0","0","0","0","0","0","0","0","0","33","23","9","10","7","48","8","1","88","1","13","0","0","0","1","3","5","1","0","1","3","11.2","","6","6","0","0","0","0","0","0","0","0","0","0","0","0","0","0","0","0","0","0","0","0","0","0","0","0","0","0","0","0","0","0","0","0","0","0","0","0","0","0","0","0","0","0","0","0","1","3","0","0","1","5","0","0","0","0","0","0","0","0","0","0","0","0","0","0","0","0","0","0","0","0","0","0","0","clan-bulk-1.2","0","0","0"
"liga_klanow_2_1","TVM Allstars vs Warta Zawiercie 3:0","1297850","2026-09-18 19:00","Rittersport-Park","Sons of Eternity","1390","Warta Zawiercie","","Wolny, Michał","2032514","0","0","0","0","0","0","1","0","0","0","0","0","0","0","0","0","0","0","0","0","0","0","0","0","1","0","0","0","0","0","0","0","0","","0","0","0","0","0","0","0","1","0","0","0","0","0","0","0","0","0","0","0","0","0","0","0","0","0","0","0","0","0","0","0","0","1","1","0","0","0","0","0","0","0","0","0","0","0","0","0","0","0","0","0","0","0","0","0","0","0","0","0","0","0","0","0","0","0","0","0","0","0","0","0","0","0","0","0","clan-bulk-1.2","0","0","0"
"liga_klanow_2_1","TVM Allstars vs Warta Zawiercie 3:0","1297850","2026-09-18 19:00","Rittersport-Park","Sons of Eternity","1390","Warta Zawiercie","","Izdebski, Maciej","2002309","0","0","0","0","0","0","0","0","0","0","0","0","0","0","0","0","0","1","0","100","0","0","0","0","1","0","0","0","0","0","0","0","0.4","","0","0","0","0","0","0","0","1","0","0","0","0","0","0","0","0","0","0","0","0","0","0","0","0","0","0","0","0","0","0","0","0","0","0","0","0","0","0","0","0","0","0","0","0","0","0","0","0","0","0","0","0","0","0","0","0","0","0","0","0","0","0","0","0","0","0","0","0","0","0","0","0","0","0","0","clan-bulk-1.2","0","0","0"
"liga_klanow_2_1","TVM Allstars vs Warta Zawiercie 3:0","1297850","2026-09-18 19:00","Rittersport-Park","Sons of Eternity","1390","Warta Zawiercie","","Kippekausen, Cornelius","1974762","0","0","0","0","0","0","0","0","0","0","0","1","0","0","1","0","0","0","0","0","0","0","0","0","2","0","0","0","0","0","0","0","0","","0","0","0","0","0","0","0","2","0","0","0","0","0","0","0","0","0","0","0","0","0","0","0","0","0","0","0","0","0","0","0","0","0","0","0","0","0","0","0","0","0","0","0","0","0","0","0","0","0","0","0","0","0","0","0","0","0","0","0","0","0","0","0","0","0","0","0","0","0","0","0","0","0","0","0","clan-bulk-1.2","0","0","0"
"liga_klanow_2_1","TVM Allstars vs Warta Zawiercie 3:0","1297850","2026-09-18 19:00","Rittersport-Park","Sons of Eternity","1390","Warta Zawiercie","","Kowalewski, Wiktor","1974924","0","0","0","0","0","0","0","0","0","0","0","1","1","0","0","0","0","0","0","0","0","0","0","0","0","0","0","2","0","0","1","1","0","","0","0","0","0","0","0","0","0","0","0","0","0","0","0","0","0","0","0","0","0","0","0","0","0","0","0","0","0","0","0","0","0","0","0","0","0","0","0","0","0","0","0","0","0","0","0","0","0","0","1","1","2","0","0","0","0","0","0","0","0","0","0","0","0","0","0","0","0","0","0","0","0","0","0","0","clan-bulk-1.2","0","0","0"
"liga_klanow_2_1","Kreisligalegenden vs Latające Imadła 3:2","1297851","2026-09-18 19:00","Bier-Dome","unschlagBAR","1390","Kreisligalegenden","","Steinert, Korkmaz","1976557","7","5","25","2","1","78.1","1","0","0","0","0","27","16","11","11","1","44","0","0","0","0","0","6","36","65","66","25","150","31","48","40","31","28.2","{""sets"":[{""h"":25,""a"":18},{""h"":23,""a"":25},{""h"":21,""a"":25},{""h"":25,""a"":22},{""h"":21,""a"":19}],""parsedSets"":[{""rallies"":[{""type"":""end"",""score"":""25 : 18"",""txt"":""Koniec seta 1 : 0""},{""type"":""end"",""score"":""25 : 18"",""txt"":""Koniec seta 1 : 0""},{""type"":""rally"",""score"":""25 : 18"",""speed"":""62.8 km/h"",""res"":""Punkt: M. Goros""},{""type"":""rally"",""score"":""24 : 18"",""speed"":""62.5 km/h"",""res"":""Punkt: J. Špehar""},{""type"":""rally"",""score"":""24 : 17"",""speed"":""68.0 km/h"",""res"":""Punkt: G. Adamek""},{""type"":""rally"",""score"":""23 : 17"",""speed"":""76.5 km/h"",""res"":""Punkt: S. Chapman""},{""type"":""tmo"",""score"":""23 : 16"",""txt"":""Czas: Latające Imadła""},{""type"":""rally"",""score"":""23 : 16"",""speed"":""60.5 km/h"",""res"":""Punkt: G. Adamek""},{""type"":""rally"",""score"":""22 : 16"",""speed"":""71.9 km/h"",""res"":""Punkt: H. Fohn""},{""type"":""rally"",""score"":""22 : 15"",""speed"":""52.6 km/h"",""res"":""Punkt: K. Steinert""},{""type"":""rally"",""score"":""21 : 15"",""speed"":""-"",""res"":""Błąd: M. Goros""},{""type"":""chg"",""score"":""21 : 14"",""txt"":""Zmiana: H. Fohn ⇄ S. Szmajdziński""},{""type"":""rally"",""score"":""21 : 14"",""speed"":""57.2 km/h"",""res"":""Punkt: G. Adamek""},{""type"":""rally"",""score"":""20 : 14"",""speed"":""56.2 km/h"",""res"":""Punkt: C. Pauleau""},{""type"":""rally"",""score"":""19 : 14"",""speed"":""49.3 km/h"",""res"":""Punkt: V. Eliáš""},{""type"":""rally"",""score"":""19 : 13"",""speed"":""53.7 km/h"",""res"":""Punkt: G. Rouille""},{""type"":""rally"",""score"":""18 : 13"",""speed"":""70.5 km/h"",""res"":""Punkt: M. Goros""},{""type"":""rally"",""score"":""17 : 13"",""speed"":""62.0 km/h"",""res"":""Punkt: M. Goros""},{""type"":""tmo"",""score"":""16 : 13"",""txt"":""Czas: ""},{""type"":""rally"",""score"":""16 : 13"",""speed"":""54.6 km/h"",""res"":""Punkt: G. Heer""},{""type"":""rally"",""score"":""15 : 13"",""speed"":""58.0 km/h"",""res"":""Błąd: M. Goros""},{""type"":""chg"",""score"":""15 : 12"",""txt"":""Zmiana: S. Szmajdziński ⇄ H. Fohn""},{""type"":""rally"",""score"":""15 : 12"",""speed"":""64.7 km/h"",""res"":""Punkt: M. Goros""},{""type"":""rally"",""score"":""14 : 12"",""speed"":""59.7 km/h"",""res"":""Punkt: V. Eliáš""},{""type"":""rally"",""score"":""14 : 11"",""speed"":""53.6 km/h"",""res"":""Punkt: S. Chapman""},{""type"":""rally"",""score"":""14 : 10"",""speed"":""51.6 km/h"",""res"":""Punkt: G. Adamek""},{""type"":""chg"",""score"":""13 : 10"",""txt"":""Zmiana: T. Nègre ⇄ V. Lüder""},{""type"":""rally"",""score"":""13 : 10"",""speed"":""61.4 km/h"",""res"":""Punkt: J. Špehar""},{""type"":""rally"",""score"":""13 : 9"",""speed"":""72.1 km/h"",""res"":""Punkt: G. Adamek""},{""type"":""rally"",""score"":""12 : 9"",""speed"":""72.1 km/h"",""res"":""Punkt: G. Rouille""},{""type"":""rally"",""score"":""11 : 9"",""speed"":""-"",""res"":""Błąd: K. Steinert""},{""type"":""rally"",""score"":""11 : 8"",""speed"":""44.0 km/h"",""res"":""Punkt: K. Steinert""},{""type"":""rally"",""score"":""10 : 8"",""speed"":""43.7 km/h"",""res"":""Punkt: H. Fohn""},{""type"":""rally"",""score"":""10 : 7"",""speed"":""58.7 km/h"",""res"":""Punkt: H. Fohn""},{""type"":""chg"",""score"":""10 : 6"",""txt"":""Zmiana: G. Heer ⇄ C. Kadri""},{""type"":""chg"",""score"":""10 : 6"",""txt"":""Zmiana: C. Pauleau ⇄ M. Lech""},{""type"":""chg"",""score"":""10 : 6"",""txt"":""Zmiana: G. Adamek ⇄ C. Arachovitis""},{""type"":""chg"",""score"":""10 : 6"",""txt"":""Zmiana: M. Goros ⇄ A. Patsiavouras""},{""type"":""chg"",""score"":""10 : 6"",""txt"":""Zmiana: G. Rouille ⇄ D. Neef""},{""type"":""rally"",""score"":""10 : 6"",""speed"":""45.4 km/h"",""res"":""Punkt: D. Neef""},{""type"":""rally"",""score"":""9 : 6"",""speed"":""54.0 km/h"",""res"":""Punkt: J. Kowalik""},{""type"":""tmo"",""score"":""9 : 5"",""txt"":""Czas: Latające Imadła""},{""type"":""rally"",""score"":""9 : 5"",""speed"":""68.4 km/h"",""res"":""Punkt: M. Lech""},{""type"":""tmo"",""score"":""8 : 5"",""txt"":""Czas: ""},{""type"":""rally"",""score"":""8 : 5"",""speed"":""62.6 km/h"",""res"":""Punkt: C. Kadri""},{""type"":""rally"",""score"":""7 : 5"",""speed"":""72.8 km/h"",""res"":""Punkt: K. Steinert""},{""type"":""rally"",""score"":""6 : 5"",""speed"":""76.2 km/h"",""res"":""Punkt: A. Patsiavouras""},{""type"":""rally"",""score"":""5 : 5"",""speed"":""66.1 km/h"",""res"":""Punkt: J. Špehar""},{""type"":""rally"",""score"":""5 : 4"",""speed"":""65.9 km/h"",""res"":""Punkt: A. Patsiavouras""},{""type"":""rally"",""score"":""4 : 4"",""speed"":""84.1 km/h"",""res"":""Punkt: V. Eliáš""},{""type"":""rally"",""score"":""4 : 3"",""speed"":""63.5 km/h"",""res"":""Punkt: C. Arachovitis""},{""type"":""tmo"",""score"":""3 : 3"",""txt"":""Czas: Kreisligalegenden""},{""type"":""rally"",""score"":""3 : 3"",""speed"":""63.2 km/h"",""res"":""Punkt: V. Eliáš""},{""type"":""rally"",""score"":""3 : 2"",""speed"":""55.2 km/h"",""res"":""Punkt: S. Chapman""},{""type"":""chg"",""score"":""3 : 1"",""txt"":""Zmiana: S. Chapman ⇄ M. Klimkiewicz""},{""type"":""rally"",""score"":""3 : 1"",""speed"":""55.4 km/h"",""res"":""Punkt: C. Arachovitis""},{""type"":""rally"",""score"":""2 : 1"",""speed"":""52.2 km/h"",""res"":""Punkt: J. Špehar""},{""type"":""rally"",""score"":""2 : 0"",""speed"":""67.6 km/h"",""res"":""Punkt: M. Lech""},{""type"":""rally"",""score"":""1 : 0"",""speed"":""68.3 km/h"",""res"":""Błąd: H. Fohn""}]},{""rallies"":[{""type"":""end"",""score"":""23 : 25"",""txt"":""Koniec seta 1 : 1""},{""type"":""end"",""score"":""23 : 25"",""txt"":""Koniec seta 1 : 1""},{""type"":""rally"",""score"":""23 : 25"",""speed"":""73.7 km/h"",""res"":""Punkt: J. Špehar""},{""type"":""rally"",""score"":""23 : 24"",""speed"":""53.7 km/h"",""res"":""Punkt: S. Chapman""},{""type"":""rally"",""score"":""23 : 23"",""speed"":""60.8 km/h"",""res"":""Błąd: V. Eliáš""},{""type"":""rally"",""score"":""22 : 23"",""speed"":""47.9 km/h"",""res"":""Punkt: M. Goros""},{""type"":""rally"",""score"":""21 : 23"",""speed"":""-"",""res"":""Błąd: G. Adamek""},{""type"":""rally"",""score"":""21 : 22"",""speed"":""74.4 km/h"",""res"":""Punkt: G. Adamek""},{""type"":""rally"",""score"":""20 : 22"",""speed"":""54.8 km/h"",""res"":""Błąd: S. Chapman""},{""type"":""rally"",""score"":""19 : 22"",""speed"":""65.1 km/h"",""res"":""Punkt: J. Špehar""},{""type"":""rally"",""score"":""19 : 21"",""speed"":""56.3 km/h"",""res"":""Punkt: G. Rouille""},{""type"":""rally"",""score"":""18 : 21"",""speed"":""72.0 km/h"",""res"":""Punkt: H. Fohn""},{""type"":""rally"",""score"":""18 : 20"",""speed"":""-"",""res"":""Błąd: V. Eliáš""},{""type"":""rally"",""score"":""17 : 20"",""speed"":""52.6 km/h"",""res"":""Punkt: J. Kowalik""},{""type"":""rally"",""score"":""17 : 19"",""speed"":""56.5 km/h"",""res"":""Punkt: J. Kowalik""},{""type"":""rally"",""score"":""17 : 18"",""speed"":""59.3 km/h"",""res"":""Punkt: J. Kowalik""},{""type"":""rally"",""score"":""17 : 17"",""speed"":""63.7 km/h"",""res"":""Punkt: J. Kowalik""},{""type"":""rally"",""score"":""17 : 16"",""speed"":""45.8 km/h"",""res"":""Punkt: G. Rouille""},{""type"":""rally"",""score"":""16 : 16"",""speed"":""64.9 km/h"",""res"":""Punkt: V. Eliáš""},{""type"":""tmo"",""score"":""16 : 15"",""txt"":""Czas: ""},{""type"":""rally"",""score"":""16 : 15"",""speed"":""68.2 km/h"",""res"":""Punkt: C. Pauleau""},{""type"":""rally"",""score"":""15 : 15"",""speed"":""54.2 km/h"",""res"":""Błąd: M. Goros""},{""type"":""rally"",""score"":""15 : 14"",""speed"":""74.0 km/h"",""res"":""Punkt: V. Eliáš""},{""type"":""rally"",""score"":""15 : 13"",""speed"":""59.3 km/h"",""res"":""Punkt: C. Pauleau""},{""type"":""rally"",""score"":""14 : 13"",""speed"":""63.1 km/h"",""res"":""Punkt: J. Špehar""},{""type"":""rally"",""score"":""14 : 12"",""speed"":""51.5 km/h"",""res"":""Punkt: G. Adamek""},{""type"":""rally"",""score"":""13 : 12"",""speed"":""52.2 km/h"",""res"":""Punkt: H. Fohn""},{""type"":""rally"",""score"":""13 : 11"",""speed"":""52.2 km/h"",""res"":""Punkt: G. Adamek""},{""type"":""rally"",""score"":""12 : 11"",""speed"":""61.7 km/h"",""res"":""Punkt: J. Kowalik""},{""type"":""rally"",""score"":""12 : 10"",""speed"":""73.6 km/h"",""res"":""Punkt: G. Adamek""},{""type"":""rally"",""score"":""11 : 10"",""speed"":""56.7 km/h"",""res"":""Punkt: G. Heer""},{""type"":""chg"",""score"":""10 : 10"",""txt"":""Zmiana: T. Nègre ⇄ V. Lüder""},{""type"":""rally"",""score"":""10 : 10"",""speed"":""-"",""res"":""Błąd: M. Goros""},{""type"":""chg"",""score"":""10 : 9"",""txt"":""Zmiana: G. Heer ⇄ C. Kadri""},{""type"":""chg"",""score"":""10 : 9"",""txt"":""Zmiana: C. Pauleau ⇄ M. Lech""},{""type"":""chg"",""score"":""10 : 9"",""txt"":""Zmiana: G. Adamek ⇄ C. Arachovitis""},{""type"":""chg"",""score"":""10 : 9"",""txt"":""Zmiana: M. Goros ⇄ A. Patsiavouras""},{""type"":""chg"",""score"":""10 : 9"",""txt"":""Zmiana: G. Rouille ⇄ D. Neef""},{""type"":""rally"",""score"":""10 : 9"",""speed"":""45.0 km/h"",""res"":""Punkt: A. Patsiavouras""},{""type"":""rally"",""score"":""9 : 9"",""speed"":""54.5 km/h"",""res"":""Punkt: A. Patsiavouras""},{""type"":""rally"",""score"":""8 : 9"",""speed"":""46.4 km/h"",""res"":""Punkt: J. Kowalik""},{""type"":""rally"",""score"":""8 : 8"",""speed"":""73.0 km/h"",""res"":""Punkt: J. Špehar""},{""type"":""rally"",""score"":""8 : 7"",""speed"":""-"",""res"":""Błąd: C. Kadri""},{""type"":""tmo"",""score"":""8 : 6"",""txt"":""Czas: ""},{""type"":""rally"",""score"":""8 : 6"",""speed"":""60.7 km/h"",""res"":""Punkt: A. Patsiavouras""},{""type"":""rally"",""score"":""7 : 6"",""speed"":""52.9 km/h"",""res"":""Punkt: A. Patsiavouras""},{""type"":""rally"",""score"":""6 : 6"",""speed"":""74.9 km/h"",""res"":""Punkt: J. Špehar""},{""type"":""rally"",""score"":""6 : 5"",""speed"":""51.2 km/h"",""res"":""Punkt: A. Patsiavouras""},{""type"":""tmo"",""score"":""5 : 5"",""txt"":""Czas: Latające Imadła""},{""type"":""rally"",""score"":""5 : 5"",""speed"":""65.4 km/h"",""res"":""Punkt: M. Lech""},{""type"":""rally"",""score"":""4 : 5"",""speed"":""63.8 km/h"",""res"":""Błąd: S. Chapman""},{""type"":""rally"",""score"":""3 : 5"",""speed"":""-"",""res"":""Błąd: H. Fohn""},{""type"":""rally"",""score"":""2 : 5"",""speed"":""54.5 km/h"",""res"":""Punkt: J. Špehar""},{""type"":""rally"",""score"":""2 : 4"",""speed"":""55.9 km/h"",""res"":""Punkt: V. Eliáš""},{""type"":""chg"",""score"":""2 : 3"",""txt"":""Zmiana: S. Chapman ⇄ M. Klimkiewicz""},{""type"":""rally"",""score"":""2 : 3"",""speed"":""71.1 km/h"",""res"":""Punkt: M. Klimkiewicz""},{""type"":""rally"",""score"":""2 : 2"",""speed"":""49.5 km/h"",""res"":""Punkt: C. Arachovitis""},{""type"":""tmo"",""score"":""1 : 2"",""txt"":""Czas: Kreisligalegenden""},{""type"":""rally"",""score"":""1 : 2"",""speed"":""65.0 km/h"",""res"":""Punkt: H. Fohn""},{""type"":""rally"",""score"":""1 : 1"",""speed"":""69.4 km/h"",""res"":""Punkt: J. Špehar""},{""type"":""rally"",""score"":""1 : 0"",""speed"":""-"",""res"":""Błąd: V. Lüder""}]},{""rallies"":[{""type"":""end"",""score"":""21 : 25"",""txt"":""Koniec seta 1 : 2""},{""type"":""end"",""score"":""21 : 25"",""txt"":""Koniec seta 1 : 2""},{""type"":""rally"",""score"":""21 : 25"",""speed"":""60.8 km/h"",""res"":""Punkt: H. Fohn""},{""type"":""rally"",""score"":""21 : 24"",""speed"":""57.3 km/h"",""res"":""Punkt: C. Pauleau""},{""type"":""rally"",""score"":""20 : 24"",""speed"":""71.1 km/h"",""res"":""Punkt: J. Kowalik""},{""type"":""rally"",""score"":""20 : 23"",""speed"":""-"",""res"":""Błąd: T. Nègre""},{""type"":""rally"",""score"":""19 : 23"",""speed"":""44.4 km/h"",""res"":""Punkt: J. Kowalik""},{""type"":""rally"",""score"":""19 : 22"",""speed"":""64.3 km/h"",""res"":""Punkt: H. Fohn""},{""type"":""rally"",""score"":""19 : 21"",""speed"":""53.6 km/h"",""res"":""Punkt: T. Nègre""},{""type"":""rally"",""score"":""19 : 20"",""speed"":""62.9 km/h"",""res"":""Punkt: H. Fohn""},{""type"":""rally"",""score"":""19 : 19"",""speed"":""56.5 km/h"",""res"":""Punkt: M. Goros""},{""type"":""rally"",""score"":""18 : 19"",""speed"":""66.9 km/h"",""res"":""Punkt: J. Kowalik""},{""type"":""rally"",""score"":""18 : 18"",""speed"":""63.1 km/h"",""res"":""Błąd: J. Kowalik""},{""type"":""rally"",""score"":""17 : 18"",""speed"":""61.2 km/h"",""res"":""Punkt: S. Chapman""},{""type"":""rally"",""score"":""17 : 17"",""speed"":""59.6 km/h"",""res"":""Punkt: G. Heer""},{""type"":""rally"",""score"":""16 : 17"",""speed"":""79.7 km/h"",""res"":""Punkt: G. Heer""},{""type"":""rally"",""score"":""15 : 17"",""speed"":""48.0 km/h"",""res"":""Punkt: J. Kowalik""},{""type"":""rally"",""score"":""15 : 16"",""speed"":""47.7 km/h"",""res"":""Błąd: J. Špehar""},{""type"":""tmo"",""score"":""14 : 16"",""txt"":""Czas: ""},{""type"":""rally"",""score"":""14 : 16"",""speed"":""62.4 km/h"",""res"":""Punkt: H. Fohn""},{""type"":""tmo"",""score"":""14 : 15"",""txt"":""Czas: Latające Imadła""},{""type"":""rally"",""score"":""14 : 15"",""speed"":""76.4 km/h"",""res"":""Punkt: G. Adamek""},{""type"":""rally"",""score"":""13 : 15"",""speed"":""51.5 km/h"",""res"":""Punkt: G. Rouille""},{""type"":""rally"",""score"":""12 : 15"",""speed"":""50.3 km/h"",""res"":""Punkt: G. Adamek""},{""type"":""rally"",""score"":""11 : 15"",""speed"":""61.4 km/h"",""res"":""Błąd: G. Adamek""},{""type"":""rally"",""score"":""11 : 14"",""speed"":""55.6 km/h"",""res"":""Punkt: J. Kowalik""},{""type"":""rally"",""score"":""11 : 13"",""speed"":""44.9 km/h"",""res"":""Punkt: G. Adamek""},{""type"":""rally"",""score"":""10 : 13"",""speed"":""52.3 km/h"",""res"":""Punkt: H. Fohn""},{""type"":""rally"",""score"":""10 : 12"",""speed"":""65.3 km/h"",""res"":""Punkt: G. Adamek""},{""type"":""rally"",""score"":""9 : 12"",""speed"":""56.5 km/h"",""res"":""Punkt: G. Rouille""},{""type"":""rally"",""score"":""8 : 12"",""speed"":""54.8 km/h"",""res"":""Punkt: J. Kowalik""},{""type"":""rally"",""score"":""8 : 11"",""speed"":""68.0 km/h"",""res"":""Punkt: M. Goros""},{""type"":""rally"",""score"":""7 : 11"",""speed"":""61.5 km/h"",""res"":""Błąd: M. Goros""},{""type"":""chg"",""score"":""7 : 10"",""txt"":""Zmiana: T. Nègre ⇄ V. Lüder""},{""type"":""chg"",""score"":""7 : 10"",""txt"":""Zmiana: G. Heer ⇄ C. Kadri""},{""type"":""chg"",""score"":""7 : 10"",""txt"":""Zmiana: C. Pauleau ⇄ M. Lech""},{""type"":""chg"",""score"":""7 : 10"",""txt"":""Zmiana: G. Adamek ⇄ C. Arachovitis""},{""type"":""chg"",""score"":""7 : 10"",""txt"":""Zmiana: M. Goros ⇄ A. Patsiavouras""},{""type"":""chg"",""score"":""7 : 10"",""txt"":""Zmiana: G. Rouille ⇄ D. Neef""},{""type"":""rally"",""score"":""7 : 10"",""speed"":""47.1 km/h"",""res"":""Punkt: J. Špehar""},{""type"":""rally"",""score"":""7 : 9"",""speed"":""55.5 km/h"",""res"":""Punkt: C. Kadri""},{""type"":""rally"",""score"":""6 : 9"",""speed"":""66.8 km/h"",""res"":""Punkt: A. Patsiavouras""},{""type"":""rally"",""score"":""5 : 9"",""speed"":""68.3 km/h"",""res"":""Błąd: A. Patsiavouras""},{""type"":""tmo"",""score"":""5 : 8"",""txt"":""Czas: ""},{""type"":""rally"",""score"":""5 : 8"",""speed"":""64.4 km/h"",""res"":""Błąd: D. Neef""},{""type"":""rally"",""score"":""5 : 7"",""speed"":""72.5 km/h"",""res"":""Punkt: V. Eliáš""},{""type"":""rally"",""score"":""5 : 6"",""speed"":""48.4 km/h"",""res"":""Punkt: C. Arachovitis""},{""type"":""rally"",""score"":""4 : 6"",""speed"":""64.4 km/h"",""res"":""Punkt: V. Eliáš""},{""type"":""rally"",""score"":""4 : 5"",""speed"":""56.9 km/h"",""res"":""Punkt: V. Eliáš""},{""type"":""rally"",""score"":""4 : 4"",""speed"":""53.8 km/h"",""res"":""Punkt: H. Fohn""},{""type"":""rally"",""score"":""4 : 3"",""speed"":""43.7 km/h"",""res"":""Punkt: D. Neef""},{""type"":""rally"",""score"":""3 : 3"",""speed"":""65.8 km/h"",""res"":""Punkt: S. Chapman""},{""type"":""tmo"",""score"":""3 : 2"",""txt"":""Czas: Kreisligalegenden""},{""type"":""rally"",""score"":""3 : 2"",""speed"":""48.4 km/h"",""res"":""Punkt: J. Špehar""},{""type"":""rally"",""score"":""3 : 1"",""speed"":""58.2 km/h"",""res"":""Punkt: J. Kowalik""},{""type"":""chg"",""score"":""3 : 0"",""txt"":""Zmiana: S. Chapman ⇄ M. Klimkiewicz""},{""type"":""rally"",""score"":""3 : 0"",""speed"":""69.2 km/h"",""res"":""Punkt: C. Arachovitis""},{""type"":""rally"",""score"":""2 : 0"",""speed"":""78.1 km/h"",""res"":""Punkt: M. Lech""},{""type"":""rally"",""score"":""1 : 0"",""speed"":""77.2 km/h"",""res"":""Punkt: M. Lech""}]},{""rallies"":[{""type"":""end"",""score"":""25 : 22"",""txt"":""Koniec seta 2 : 2""},{""type"":""end"",""score"":""25 : 22"",""txt"":""Koniec seta 2 : 2""},{""type"":""rally"",""score"":""25 : 22"",""speed"":""59.6 km/h"",""res"":""Punkt: G. Adamek""},{""type"":""rally"",""score"":""24 : 22"",""speed"":""78.1 km/h"",""res"":""Punkt: J. Kowalik""},{""type"":""chg"",""score"":""24 : 21"",""txt"":""Zmiana: S. Szmajdziński ⇄ H. Fohn""},{""type"":""rally"",""score"":""24 : 21"",""speed"":""78.1 km/h"",""res"":""Punkt: K. Steinert""},{""type"":""tmo"",""score"":""23 : 21"",""txt"":""Czas: Latające Imadła""},{""type"":""rally"",""score"":""23 : 21"",""speed"":""59.5 km/h"",""res"":""Punkt: G. Rouille""},{""type"":""rally"",""score"":""22 : 21"",""speed"":""41.8 km/h"",""res"":""Punkt: C. Pauleau""},{""type"":""rally"",""score"":""21 : 21"",""speed"":""63.2 km/h"",""res"":""Punkt: J. Kowalik""},{""type"":""rally"",""score"":""21 : 20"",""speed"":""66.9 km/h"",""res"":""Punkt: M. Goros""},{""type"":""rally"",""score"":""20 : 20"",""speed"":""54.8 km/h"",""res"":""Punkt: G. Rouille""},{""type"":""rally"",""score"":""19 : 20"",""speed"":""62.1 km/h"",""res"":""Błąd: M. Goros""},{""type"":""rally"",""score"":""19 : 19"",""speed"":""-"",""res"":""Błąd: G. Heer""},{""type"":""rally"",""score"":""19 : 18"",""speed"":""50.6 km/h"",""res"":""Punkt: M. Goros""},{""type"":""rally"",""score"":""18 : 18"",""speed"":""64.9 km/h"",""res"":""Punkt: J. Špehar""},{""type"":""rally"",""score"":""18 : 17"",""speed"":""-"",""res"":""Błąd: C. Pauleau""},{""type"":""rally"",""score"":""18 : 16"",""speed"":""47.8 km/h"",""res"":""Punkt: G. Heer""},{""type"":""rally"",""score"":""17 : 16"",""speed"":""52.8 km/h"",""res"":""Punkt: G. Heer""},{""type"":""rally"",""score"":""16 : 16"",""speed"":""66.5 km/h"",""res"":""Błąd: G. Rouille""},{""type"":""rally"",""score"":""16 : 15"",""speed"":""63.6 km/h"",""res"":""Punkt: H. Fohn""},{""type"":""tmo"",""score"":""16 : 14"",""txt"":""Czas: ""},{""type"":""rally"",""score"":""16 : 14"",""speed"":""48.1 km/h"",""res"":""Punkt: G. Heer""},{""type"":""rally"",""score"":""15 : 14"",""speed"":""57.2 km/h"",""res"":""Punkt: G. Adamek""},{""type"":""rally"",""score"":""14 : 14"",""speed"":""64.9 km/h"",""res"":""Punkt: J. Špehar""},{""type"":""rally"",""score"":""14 : 13"",""speed"":""53.4 km/h"",""res"":""Punkt: G. Rouille""},{""type"":""rally"",""score"":""13 : 13"",""speed"":""59.2 km/h"",""res"":""Punkt: T. Nègre""},{""type"":""rally"",""score"":""13 : 12"",""speed"":""64.6 km/h"",""res"":""Punkt: H. Fohn""},{""type"":""rally"",""score"":""13 : 11"",""speed"":""63.8 km/h"",""res"":""Punkt: H. Fohn""},{""type"":""rally"",""score"":""13 : 10"",""speed"":""49.7 km/h"",""res"":""Punkt: G. Adamek""},{""type"":""rally"",""score"":""12 : 10"",""speed"":""68.2 km/h"",""res"":""Punkt: G. Adamek""},{""type"":""rally"",""score"":""11 : 10"",""speed"":""57.6 km/h"",""res"":""Punkt: G. Adamek""},{""type"":""chg"",""score"":""10 : 10"",""txt"":""Zmiana: T. Nègre ⇄ V. Lüder""},{""type"":""rally"",""score"":""10 : 10"",""speed"":""50.6 km/h"",""res"":""Punkt: H. Fohn""},{""type"":""rally"",""score"":""10 : 9"",""speed"":""46.4 km/h"",""res"":""Punkt: V. Eliáš""},{""type"":""chg"",""score"":""10 : 8"",""txt"":""Zmiana: G. Heer ⇄ C. Kadri""},{""type"":""chg"",""score"":""10 : 8"",""txt"":""Zmiana: C. Pauleau ⇄ M. Lech""},{""type"":""chg"",""score"":""10 : 8"",""txt"":""Zmiana: G. Adamek ⇄ C. Arachovitis""},{""type"":""chg"",""score"":""10 : 8"",""txt"":""Zmiana: M. Goros ⇄ A. Patsiavouras""},{""type"":""chg"",""score"":""10 : 8"",""txt"":""Zmiana: G. Rouille ⇄ D. Neef""},{""type"":""tmo"",""score"":""10 : 8"",""txt"":""Czas: Latające Imadła""},{""type"":""rally"",""score"":""10 : 8"",""speed"":""60.4 km/h"",""res"":""Punkt: C. Arachovitis""},{""type"":""rally"",""score"":""9 : 8"",""speed"":""51.2 km/h"",""res"":""Punkt: C. Arachovitis""},{""type"":""rally"",""score"":""8 : 8"",""speed"":""68.5 km/h"",""res"":""Punkt: A. Patsiavouras""},{""type"":""tmo"",""score"":""7 : 8"",""txt"":""Czas: ""},{""type"":""rally"",""score"":""7 : 8"",""speed"":""61.3 km/h"",""res"":""Punkt: J. Kowalik""},{""type"":""rally"",""score"":""7 : 7"",""speed"":""67.8 km/h"",""res"":""Punkt: C. Kadri""},{""type"":""rally"",""score"":""6 : 7"",""speed"":""62.4 km/h"",""res"":""Punkt: S. Chapman""},{""type"":""rally"",""score"":""6 : 6"",""speed"":""53.8 km/h"",""res"":""Punkt: K. Steinert""},{""type"":""rally"",""score"":""5 : 6"",""speed"":""66.7 km/h"",""res"":""Punkt: C. Kadri""},{""type"":""rally"",""score"":""4 : 6"",""speed"":""60.3 km/h"",""res"":""Punkt: S. Chapman""},{""type"":""rally"",""score"":""4 : 5"",""speed"":""74.4 km/h"",""res"":""Punkt: H. Fohn""},{""type"":""rally"",""score"":""4 : 4"",""speed"":""52.6 km/h"",""res"":""Punkt: A. Patsiavouras""},{""type"":""rally"",""score"":""3 : 4"",""speed"":""58.9 km/h"",""res"":""Punkt: C. Arachovitis""},{""type"":""rally"",""score"":""2 : 4"",""speed"":""62.6 km/h"",""res"":""Punkt: H. Fohn""},{""type"":""rally"",""score"":""2 : 3"",""speed"":""48.3 km/h"",""res"":""Punkt: C. Arachovitis""},{""type"":""rally"",""score"":""1 : 3"",""speed"":""44.2 km/h"",""res"":""Punkt: M. Lech""},{""type"":""chg"",""score"":""0 : 3"",""txt"":""Zmiana: S. Chapman ⇄ M. Klimkiewicz""},{""type"":""rally"",""score"":""0 : 3"",""speed"":""42.1 km/h"",""res"":""Punkt: J. Kowalik""},{""type"":""tmo"",""score"":""0 : 2"",""txt"":""Czas: Kreisligalegenden""},{""type"":""rally"",""score"":""0 : 2"",""speed"":""43.4 km/h"",""res"":""Błąd: C. Arachovitis""},{""type"":""rally"",""score"":""0 : 1"",""speed"":""45.9 km/h"",""res"":""Punkt: J. Špehar""}]},{""rallies"":[{""type"":""end"",""score"":""21 : 19"",""txt"":""Koniec seta 3 : 2""},{""type"":""end"",""score"":""21 : 19"",""txt"":""Koniec seta 3 : 2""},{""type"":""rally"",""score"":""21 : 19"",""speed"":""61.8 km/h"",""res"":""Punkt: K. Steinert""},{""type"":""rally"",""score"":""20 : 19"",""speed"":""60.7 km/h"",""res"":""Punkt: M. Goros""},{""type"":""rally"",""score"":""19 : 19"",""speed"":""52.8 km/h"",""res"":""Punkt: S. Chapman""},{""type"":""rally"",""score"":""19 : 18"",""speed"":""68.3 km/h"",""res"":""Punkt: M. Goros""},{""type"":""rally"",""score"":""18 : 18"",""speed"":""48.7 km/h"",""res"":""Punkt: S. Chapman""},{""type"":""rally"",""score"":""18 : 17"",""speed"":""64.8 km/h"",""res"":""Punkt: C. Pauleau""},{""type"":""rally"",""score"":""17 : 17"",""speed"":""53.1 km/h"",""res"":""Punkt: J. Špehar""},{""type"":""rally"",""score"":""17 : 16"",""speed"":""55.5 km/h"",""res"":""Punkt: G. Rouille""},{""type"":""rally"",""score"":""16 : 16"",""speed"":""61.5 km/h"",""res"":""Błąd: G. Adamek""},{""type"":""rally"",""score"":""16 : 15"",""speed"":""72.3 km/h"",""res"":""Punkt: C. Pauleau""},{""type"":""rally"",""score"":""15 : 15"",""speed"":""46.4 km/h"",""res"":""Punkt: G. Adamek""},{""type"":""rally"",""score"":""14 : 15"",""speed"":""55.2 km/h"",""res"":""Punkt: H. Fohn""},{""type"":""rally"",""score"":""14 : 14"",""speed"":""58.7 km/h"",""res"":""Punkt: K. Steinert""},{""type"":""rally"",""score"":""13 : 14"",""speed"":""57.3 km/h"",""res"":""Punkt: J. Kowalik""},{""type"":""rally"",""score"":""13 : 13"",""speed"":""57.7 km/h"",""res"":""Punkt: M. Goros""},{""type"":""rally"",""score"":""12 : 13"",""speed"":""71.0 km/h"",""res"":""Punkt: S. Chapman""},{""type"":""rally"",""score"":""12 : 12"",""speed"":""51.1 km/h"",""res"":""Punkt: C. Pauleau""},{""type"":""rally"",""score"":""11 : 12"",""speed"":""57.6 km/h"",""res"":""Punkt: S. Chapman""},{""type"":""rally"",""score"":""11 : 11"",""speed"":""54.8 km/h"",""res"":""Punkt: G. Adamek""},{""type"":""rally"",""score"":""10 : 11"",""speed"":""56.7 km/h"",""res"":""Punkt: J. Špehar""},{""type"":""rally"",""score"":""10 : 10"",""speed"":""72.0 km/h"",""res"":""Punkt: G. Adamek""},{""type"":""rally"",""score"":""9 : 10"",""speed"":""54.8 km/h"",""res"":""Punkt: G. Rouille""},{""type"":""chg"",""score"":""8 : 10"",""txt"":""Zmiana: T. Nègre ⇄ V. Lüder""},{""type"":""chg"",""score"":""8 : 10"",""txt"":""Zmiana: G. Heer ⇄ C. Kadri""},{""type"":""chg"",""score"":""8 : 10"",""txt"":""Zmiana: C. Pauleau ⇄ M. Lech""},{""type"":""chg"",""score"":""8 : 10"",""txt"":""Zmiana: G. Adamek ⇄ C. Arachovitis""},{""type"":""chg"",""score"":""8 : 10"",""txt"":""Zmiana: M. Goros ⇄ A. Patsiavouras""},{""type"":""chg"",""score"":""8 : 10"",""txt"":""Zmiana: G. Rouille ⇄ D. Neef""},{""type"":""rally"",""score"":""8 : 10"",""speed"":""48.0 km/h"",""res"":""Punkt: H. Fohn""},{""type"":""rally"",""score"":""8 : 9"",""speed"":""63.2 km/h"",""res"":""Punkt: H. Fohn""},{""type"":""rally"",""score"":""8 : 8"",""speed"":""44.9 km/h"",""res"":""Punkt: C. Arachovitis""},{""type"":""rally"",""score"":""7 : 8"",""speed"":""40.7 km/h"",""res"":""Błąd: C. Arachovitis""},{""type"":""rally"",""score"":""7 : 7"",""speed"":""43.4 km/h"",""res"":""Punkt: J. Špehar""},{""type"":""rally"",""score"":""7 : 6"",""speed"":""46.8 km/h"",""res"":""Punkt: C. Kadri""},{""type"":""rally"",""score"":""6 : 6"",""speed"":""-"",""res"":""Błąd: C. Kadri""},{""type"":""rally"",""score"":""6 : 5"",""speed"":""58.6 km/h"",""res"":""Punkt: A. Patsiavouras""},{""type"":""rally"",""score"":""5 : 5"",""speed"":""-"",""res"":""Błąd: S. Chapman""},{""type"":""rally"",""score"":""4 : 5"",""speed"":""56.4 km/h"",""res"":""Punkt: J. Špehar""},{""type"":""rally"",""score"":""4 : 4"",""speed"":""64.9 km/h"",""res"":""Punkt: A. Patsiavouras""},{""type"":""rally"",""score"":""3 : 4"",""speed"":""80.0 km/h"",""res"":""Punkt: S. Chapman""},{""type"":""rally"",""score"":""3 : 3"",""speed"":""66.5 km/h"",""res"":""Punkt: M. Lech""},{""type"":""chg"",""score"":""2 : 3"",""txt"":""Zmiana: S. Chapman ⇄ M. Klimkiewicz""},{""type"":""tmo"",""score"":""2 : 3"",""txt"":""Czas: Kreisligalegenden""},{""type"":""rally"",""score"":""2 : 3"",""speed"":""46.1 km/h"",""res"":""Błąd: C. Arachovitis""},{""type"":""rally"",""score"":""2 : 2"",""speed"":""55.0 km/h"",""res"":""Punkt: H. Fohn""},{""type"":""rally"",""score"":""2 : 1"",""speed"":""54.9 km/h"",""res"":""Punkt: C. Arachovitis""},{""type"":""rally"",""score"":""1 : 1"",""speed"":""-"",""res"":""Błąd: K. Steinert""},{""type"":""rally"",""score"":""1 : 0"",""speed"":""60.4 km/h"",""res"":""Punkt: C. Arachovitis""}]}]}","1","3","0","0","0","0","36","65","6","0","33","0","0","3","78.1","66.6","0","0","0","0","1","1","0","0","0","0","0","0","0","0","0","0","0","0","0","0","0","0","0","0","0","0","0","0","0","0","66","25","3","12","44","150","0","0","0","0","0","11","0","0","0","0","0","1","0","0","0","0","0","3","4","0","0","2","3","clan-bulk-1.2","0","0","0"
"liga_klanow_2_1","Kreisligalegenden vs Latające Imadła 3:2","1297851","2026-09-18 19:00","Bier-Dome","unschlagBAR","1390","Kreisligalegenden","","Neef, Don","2139313","2","-2","6","0","0","69.4","8","4","2","25","-25","9","7","2","2","0","22","13","0","100","6","46","0","14","27","0","0","0","0","0","0","0","7.2","","0","1","0","0","0","0","14","27","0","0","14","0","0","0","69.4","57.4","0","0","0","0","1","1","0","0","1","0","0","1","2","0","2","0","0","4","0","0","0","0","0","0","0","1","0","0","1","2","0","0","0","0","0","0","3","6","3","1","13","2","0","0","0","0","0","0","0","0","0","0","0","2","1","0","2","0","0","clan-bulk-1.2","0","0","0"
"liga_klanow_2_1","Kreisligalegenden vs Latające Imadła 3:2","1297851","2026-09-18 19:00","Bier-Dome","unschlagBAR","1390","Kreisligalegenden","","Arachovitis, Charalampos","1950921","13","9","6","0","0","84.1","19","4","11","58","37","6","3","1","3","0","17","0","0","0","0","0","2","18","26","0","0","1","0","0","1","0","30.2","","0","0","0","0","0","0","18","26","2","0","18","0","0","0","84.1","72.5","0","0","0","0","0","0","0","0","0","0","0","0","0","0","0","0","0","0","10","3","1","1","4","19","0","0","0","0","0","0","0","0","0","0","1","1","0","0","0","0","0","1","0","0","0","0","0","0","0","0","0","0","0","5","2","1","2","5","5","clan-bulk-1.2","0","0","0"
"liga_klanow_2_1","Kreisligalegenden vs Latające Imadła 3:2","1297851","2026-09-18 19:00","Bier-Dome","unschlagBAR","1390","Kreisligalegenden","","Lech, Mariusz","2060541","7","5","10","0","1","74.9","9","2","3","33","11","12","9","4","3","2","50","0","0","0","0","0","3","20","31","0","0","0","0","0","0","0","19","","1","1","0","0","0","0","20","31","3","0","20","0","0","0","74.9","59.7","1","0","0","0","0","1","0","0","1","0","0","1","2","0","1","0","2","5","0","0","0","0","0","0","0","0","0","0","2","2","0","0","0","0","0","0","0","0","0","0","0","4","0","0","0","0","0","2","0","0","0","0","0","5","2","1","2","1","1","clan-bulk-1.2","0","0","0"
"liga_klanow_2_1","Kreisligalegenden vs Latające Imadła 3:2","1297851","2026-09-18 19:00","Bier-Dome","unschlagBAR","1390","Kreisligalegenden","","Kadri, Christian","2139532","6","1","9","2","1","72.8","13","3","5","38","15","9","6","1","3","2","33","4","0","100","1","25","0","8","29","0","0","0","0","0","0","0","13.1","","2","2","0","0","0","0","8","29","0","0","8","0","0","0","72.8","62.6","0","0","0","0","1","1","0","0","2","0","0","2","3","0","1","0","2","6","0","0","0","0","0","0","1","0","0","1","2","4","0","0","0","0","0","0","1","1","0","2","4","1","0","0","0","0","0","2","0","0","0","0","0","5","1","1","1","2","2","clan-bulk-1.2","0","0","0"
"liga_klanow_2_1","Kreisligalegenden vs Latające Imadła 3:2","1297851","2026-09-18 19:00","Bier-Dome","unschlagBAR","1390","Kreisligalegenden","","Patsiavouras, Aristofanis","2003780","12","8","4","0","1","60.4","18","4","11","61","39","1","0","0","1","1","100","0","0","0","0","0","0","20","30","0","0","0","0","0","0","0","27.2","","0","0","0","0","0","0","20","30","0","0","20","0","0","0","60.4","50","1","0","1","0","1","3","0","0","1","0","2","3","0","0","0","0","0","0","10","1","1","0","0","12","0","0","0","0","0","0","0","0","0","0","0","0","0","0","0","0","0","0","0","0","0","0","0","1","0","0","0","0","0","5","2","5","2","2","2","clan-bulk-1.2","0","0","0"
"liga_klanow_2_1","Kreisligalegenden vs Latające Imadła 3:2","1297851","2026-09-18 19:00","Bier-Dome","unschlagBAR","1390","Kreisligalegenden","","Jorge, Mathieu","2003609","0","-2","0","0","0","0","0","0","0","0","0","33","23","14","10","5","58","67","2","97","27","40","0","0","0","2","2","10","0","1","3","6","46","","5","5","0","0","0","0","0","0","0","0","0","0","0","0","0","0","0","0","0","0","0","0","0","0","0","0","0","0","0","0","0","0","0","0","0","0","0","0","0","0","0","0","0","0","0","0","2","2","1","0","5","10","18","21","14","12","65","14","0","0","0","0","0","5","0","0","0","0","0","0","0","0","0","0","0","clan-bulk-1.2","0","0","0"
"liga_klanow_2_1","Kreisligalegenden vs Latające Imadła 3:2","1297851","2026-09-18 19:00","Bier-Dome","unschlagBAR","1390","Kreisligalegenden","","Rouille, Gérard","2004075","11","9","13","0","1","76.5","12","1","6","50","42","16","13","5","3","2","44","10","1","90","4","40","4","24","49","0","0","0","0","0","0","0","41.9","","2","2","0","0","0","0","24","49","4","1","23","0","0","1","76.5","63.5","2","0","0","0","5","7","1","1","0","0","0","2","3","0","0","0","0","3","0","0","0","0","0","0","0","0","0","0","0","0","0","0","0","0","0","0","1","3","4","1","9","5","0","0","0","0","0","2","0","0","0","0","0","5","2","2","2","4","2","clan-bulk-1.2","0","0","0"
"liga_klanow_2_1","Kreisligalegenden vs Latające Imadła 3:2","1297851","2026-09-18 19:00","Bier-Dome","unschlagBAR","1390","Kreisligalegenden","","Heer, Gotthold","2088264","8","5","10","1","0","70.5","11","2","4","36","18","13","10","4","3","1","38","10","0","100","6","60","4","30","51","0","0","0","0","0","0","0","29.6","","0","0","0","0","0","0","30","51","4","0","26","0","0","4","70.5","60.1","0","0","0","0","1","1","0","0","0","0","0","0","2","0","0","1","1","4","0","0","0","0","0","0","1","0","2","0","3","6","0","0","0","0","0","0","4","6","0","0","10","4","0","0","0","0","0","1","0","0","0","0","0","4","1","1","2","4","0","clan-bulk-1.2","0","0","0"
"liga_klanow_2_1","Kreisligalegenden vs Latające Imadła 3:2","1297851","2026-09-18 19:00","Bier-Dome","unschlagBAR","1390","Kreisligalegenden","","Pauleau, Christophe","2088761","8","5","10","1","0","74","10","2","5","50","30","10","6","2","4","0","20","0","0","0","0","0","3","34","60","0","0","0","0","0","0","0","16.6","","0","1","0","0","0","0","34","60","3","0","33","0","0","1","74","59.9","2","0","0","0","0","2","0","0","1","0","0","1","0","0","1","0","1","2","0","0","0","0","0","0","3","0","0","0","2","5","0","0","0","0","0","0","0","0","0","0","0","2","0","0","0","0","0","0","0","0","0","0","0","5","1","2","1","2","3","clan-bulk-1.2","0","0","0"
"liga_klanow_2_1","Kreisligalegenden vs Latające Imadła 3:2","1297851","2026-09-18 19:00","Bier-Dome","unschlagBAR","1390","Kreisligalegenden","","Goros, Malte","2003446","12","4","12","2","1","65.3","22","6","9","41","14","5","3","0","2","2","40","0","0","0","0","0","2","28","41","0","0","0","0","0","0","0","19.6","","2","2","0","0","0","0","28","41","2","2","25","0","0","3","66.9","59.2","0","0","0","0","3","3","0","0","0","0","0","0","0","0","0","0","0","0","9","4","2","0","4","19","0","0","0","0","0","0","0","0","0","0","0","0","0","0","0","0","0","0","0","0","0","0","0","2","0","0","0","0","0","5","6","3","3","3","3","clan-bulk-1.2","0","0","0"
"liga_klanow_2_1","Kreisligalegenden vs Latające Imadła 3:2","1297851","2026-09-18 19:00","Bier-Dome","unschlagBAR","1390","Kreisligalegenden","","Adamek, Gabriel","1950740","22","10","10","1","1","63.6","40","11","16","40","13","6","4","1","2","1","33","0","0","0","0","0","5","39","59","0","0","1","0","0","0","1","36.3","","0","1","0","0","0","0","39","59","5","2","38","0","0","1","74.4","57.7","0","0","1","0","4","5","0","0","2","0","2","4","0","0","0","0","0","0","15","2","6","1","7","31","0","0","0","0","0","0","0","0","0","0","1","1","0","0","0","0","0","1","0","0","0","0","0","1","0","0","0","0","0","5","5","5","5","5","4","clan-bulk-1.2","0","0","0"
"liga_klanow_2_1","Kreisligalegenden vs Latające Imadła 3:2","1297851","2026-09-18 19:00","Bier-Dome","Sons of Eternity","1390","Latające Imadła","","Lüder, Volkart","2060713","0","-1","9","1","0","45.9","2","0","0","0","0","10","8","2","2","1","30","0","0","0","0","0","0","2","30","26","8","61","9","19","13","20","1","","1","1","0","0","0","0","2","30","0","0","2","0","0","0","45.9","43.6","0","0","0","0","2","2","0","0","0","0","0","0","0","0","0","0","0","0","0","0","0","0","0","0","0","0","0","0","0","0","26","8","0","2","25","61","0","0","0","0","0","0","0","0","0","0","0","0","0","0","0","0","0","1","0","1","0","0","0","clan-bulk-1.2","0","0","0"
"liga_klanow_2_1","Kreisligalegenden vs Latające Imadła 3:2","1297851","2026-09-18 19:00","Bier-Dome","Sons of Eternity","1390","Latające Imadła","","Kowalik, Jakub","1904051","20","8","19","0","0","72.1","38","7","19","50","32","27","18","9","9","4","48","49","5","90","19","39","1","34","74","0","0","0","0","0","0","0","60.9","","2","2","0","0","0","0","34","74","1","1","28","0","0","6","72.1","56.1","0","0","1","0","4","5","2","0","0","1","0","3","14","1","5","0","6","26","0","0","0","0","0","0","2","0","0","0","2","4","0","0","0","0","0","0","0","0","0","0","0","0","0","0","0","0","0","0","0","0","0","0","0","5","1","6","8","4","1","clan-bulk-1.2","0","0","0"
"liga_klanow_2_1","Kreisligalegenden vs Latające Imadła 3:2","1297851","2026-09-18 19:00","Bier-Dome","Sons of Eternity","1390","Latające Imadła","","Fohn, Hannsjörg","1905317","25","18","21","1","0","68","30","6","11","37","17","7","4","1","3","0","14","0","0","0","0","0","14","56","81","0","1","3","0","1","0","2","58.2","","0","0","0","0","0","0","56","81","13","0","46","1","0","10","68","58","2","1","0","0","2","5","0","0","5","1","0","6","0","0","0","0","0","0","7","0","0","1","11","19","0","0","0","0","0","0","0","1","0","1","1","3","0","0","0","0","0","0","0","0","0","0","0","0","0","0","0","0","0","5","4","4","6","6","4","clan-bulk-1.2","0","0","0"
"liga_klanow_2_1","Kreisligalegenden vs Latające Imadła 3:2","1297851","2026-09-18 19:00","Bier-Dome","Sons of Eternity","1390","Latające Imadła","","Špehar, Jadran","1865401","20","6","18","0","1","79.7","42","14","18","43","10","23","13","3","10","4","30","0","0","0","0","0","1","56","93","0","0","0","0","0","0","0","27","","2","3","0","0","0","0","56","93","1","0","51","0","0","5","79.7","63.8","1","0","1","0","2","4","2","0","7","0","0","9","11","1","5","0","8","25","0","0","0","0","0","0","4","0","0","0","0","4","0","0","0","0","0","0","0","0","0","0","0","0","0","0","0","0","0","0","0","0","0","0","0","5","4","7","3","3","4","clan-bulk-1.2","0","0","0"
"liga_klanow_2_1","Kreisligalegenden vs Latające Imadła 3:2","1297851","2026-09-18 19:00","Bier-Dome","Sons of Eternity","1390","Latające Imadła","","Klimkiewicz, Mariusz","2112188","1","1","0","0","0","0","4","0","1","25","25","4","2","1","2","0","25","4","0","100","0","0","0","3","7","0","0","0","0","0","0","0","4.4","","0","0","0","0","0","0","3","7","0","0","3","0","0","0","0","0","0","0","0","0","0","0","0","0","0","0","0","0","1","0","0","0","2","3","0","0","0","0","0","0","0","0","0","0","1","1","0","0","0","0","0","0","0","0","0","0","0","0","0","0","0","0","0","0","0","0","0","0","0","0","0","1","0","0","0","clan-bulk-1.2","0","0","0"
"liga_klanow_2_1","Kreisligalegenden vs Latające Imadła 3:2","1297851","2026-09-18 19:00","Bier-Dome","Sons of Eternity","1390","Latające Imadła","","Eliáš, Valter","2003643","12","10","14","1","0","59.3","6","1","4","67","50","7","6","0","1","0","0","0","0","0","0","0","8","49","78","0","0","0","0","0","0","0","29.5","","0","0","0","0","0","0","49","78","7","2","38","1","0","11","59.3","53.5","0","0","0","0","1","1","0","1","0","0","0","1","0","0","0","0","0","0","4","0","0","0","0","4","0","0","0","0","0","0","0","0","0","0","0","0","0","0","0","0","0","0","0","0","0","0","0","0","0","0","0","0","0","4","4","5","3","1","0","clan-bulk-1.2","0","0","0"
"liga_klanow_2_1","Kreisligalegenden vs Latające Imadła 3:2","1297851","2026-09-18 19:00","Bier-Dome","Sons of Eternity","1390","Latające Imadła","","Leeper, Jimmy","2003820","0","0","0","0","0","0","0","0","0","0","0","40","27","12","13","8","50","4","0","100","3","75","0","0","0","0","1","5","0","0","0","5","15.6","","8","10","0","0","0","0","0","0","0","0","0","0","0","0","0","0","0","0","0","0","0","0","0","0","0","0","0","0","0","0","0","0","0","0","0","0","0","0","0","0","0","0","0","0","0","0","0","1","1","0","3","5","0","0","0","0","0","0","0","0","0","0","0","0","0","0","0","0","0","0","0","0","0","0","0","clan-bulk-1.2","0","0","0"
"liga_klanow_2_1","Kreisligalegenden vs Latające Imadła 3:2","1297851","2026-09-18 19:00","Bier-Dome","Sons of Eternity","1390","Latające Imadła","","Chapman, Sam","1767865","15","6","15","1","0","76.2","34","6","12","35","18","20","14","6","6","3","45","49","2","96","22","45","3","42","81","0","0","0","0","0","0","0","56.2","","1","1","0","0","0","0","42","81","3","1","33","0","0","9","76.2","60.5","2","0","0","0","2","4","2","0","2","0","0","4","6","2","2","2","11","23","0","0","0","0","0","0","0","0","0","0","3","3","0","0","0","0","0","0","0","0","0","0","0","0","0","0","0","0","0","0","0","0","0","0","0","5","3","3","2","2","6","clan-bulk-1.2","0","0","0"
"liga_klanow_2_1","Kreisligalegenden vs Latające Imadła 3:2","1297851","2026-09-18 19:00","Bier-Dome","Sons of Eternity","1390","Latające Imadła","","Szmajdziński, Szymon","1864859","0","-1","0","0","0","0","2","1","0","0","-50","1","0","0","1","0","0","0","0","0","0","0","0","1","3","0","0","0","0","0","0","0","-1.5","","0","0","0","0","0","0","1","3","0","0","1","0","0","0","0","0","0","0","0","0","0","0","0","0","1","0","1","2","0","0","0","0","0","0","0","0","0","0","0","0","0","0","0","0","0","0","0","0","0","0","0","0","0","0","0","0","0","0","0","0","0","0","0","0","0","0","0","0","0","0","0","0","0","0","0","clan-bulk-1.2","0","0","0"
"liga_klanow_2_1","Kreisligalegenden vs Latające Imadła 3:2","1297851","2026-09-18 19:00","Bier-Dome","Sons of Eternity","1390","Latające Imadła","","Nègre, Thierry","1745408","2","1","13","1","2","64.6","0","0","0","0","0","17","5","1","12","4","29","0","0","0","0","0","0","8","39","34","19","87","11","30","24","22","7.4","","3","6","0","0","0","0","8","39","0","0","6","0","0","2","64.6","54.3","0","0","0","0","0","0","0","0","0","0","0","0","0","0","0","0","0","0","0","0","0","0","0","0","0","0","0","0","0","0","34","19","4","3","27","87","0","0","0","0","0","0","0","0","0","0","0","0","0","0","0","0","0","2","0","0","2","1","0","clan-bulk-1.2","0","0","0"
"liga_klanow_2_1","ERoS SPOR vs Drużyna Pierścienia 2:3","1297852","2026-09-18 19:00","KoNDoM CLUB","Turkey II","1391","ERoS SPOR","","Sąsiadek, Maksymilian","1905669","2","-1","15","3","1","99.7","0","0","0","0","0","25","13","2","12","7","36","0","0","0","0","0","1","13","55","54","21","123","32","41","31","19","7.4","{""sets"":[{""h"":13,""a"":25},{""h"":19,""a"":25},{""h"":26,""a"":24},{""h"":25,""a"":11},{""h"":12,""a"":15}],""parsedSets"":[{""rallies"":[{""type"":""end"",""score"":""13 : 25"",""txt"":""Koniec seta 0 : 1""},{""type"":""end"",""score"":""13 : 25"",""txt"":""Koniec seta 0 : 1""},{""type"":""rally"",""score"":""13 : 25"",""speed"":""53.0 km/h"",""res"":""Punkt: C. Anghelina""},{""type"":""rally"",""score"":""13 : 24"",""speed"":""-"",""res"":""Błąd: M. Sąsiadek""},{""type"":""rally"",""score"":""13 : 23"",""speed"":""-"",""res"":""Błąd: K. Vatra""},{""type"":""rally"",""score"":""12 : 23"",""speed"":""45.1 km/h"",""res"":""Punkt: C. Anghelina""},{""type"":""rally"",""score"":""12 : 22"",""speed"":""45.4 km/h"",""res"":""Punkt: C. Anghelina""},{""type"":""rally"",""score"":""12 : 21"",""speed"":""46.8 km/h"",""res"":""Punkt: K. Barć""},{""type"":""rally"",""score"":""12 : 20"",""speed"":""53.2 km/h"",""res"":""Punkt: C. Anghelina""},{""type"":""rally"",""score"":""12 : 19"",""speed"":""54.2 km/h"",""res"":""Punkt: C. Anghelina""},{""type"":""rally"",""score"":""12 : 18"",""speed"":""46.5 km/h"",""res"":""Punkt: C. Anghelina""},{""type"":""rally"",""score"":""12 : 17"",""speed"":""59.6 km/h"",""res"":""Punkt: K. Barć""},{""type"":""rally"",""score"":""12 : 16"",""speed"":""45.1 km/h"",""res"":""Punkt: R. Diamanti""},{""type"":""tmo"",""score"":""11 : 16"",""txt"":""Czas: ""},{""type"":""rally"",""score"":""11 : 16"",""speed"":""-"",""res"":""Błąd: D. Giemza""},{""type"":""rally"",""score"":""11 : 15"",""speed"":""50.5 km/h"",""res"":""Punkt: J. Pokorski""},{""type"":""rally"",""score"":""10 : 15"",""speed"":""44.5 km/h"",""res"":""Punkt: I. Kobusiński""},{""type"":""rally"",""score"":""10 : 14"",""speed"":""-"",""res"":""Błąd: J. Pokorski""},{""type"":""rally"",""score"":""10 : 13"",""speed"":""87.5 km/h"",""res"":""Punkt: J. Pokorski""},{""type"":""rally"",""score"":""9 : 13"",""speed"":""43.6 km/h"",""res"":""Punkt: S. Saunders""},{""type"":""rally"",""score"":""8 : 13"",""speed"":""52.0 km/h"",""res"":""Punkt: M. Molena""},{""type"":""rally"",""score"":""8 : 12"",""speed"":""43.3 km/h"",""res"":""Punkt: D. Giemza""},{""type"":""rally"",""score"":""7 : 12"",""speed"":""54.2 km/h"",""res"":""Punkt: I. Kobusiński""},{""type"":""rally"",""score"":""7 : 11"",""speed"":""64.8 km/h"",""res"":""Punkt: I. Kobusiński""},{""type"":""rally"",""score"":""7 : 10"",""speed"":""53.6 km/h"",""res"":""Punkt: C. Anghelina""},{""type"":""rally"",""score"":""7 : 9"",""speed"":""57.7 km/h"",""res"":""Punkt: J. Pokorski""},{""type"":""rally"",""score"":""6 : 9"",""speed"":""48.5 km/h"",""res"":""Punkt: P. Wierzchowski""},{""type"":""tmo"",""score"":""6 : 8"",""txt"":""Czas: ""},{""type"":""rally"",""score"":""6 : 8"",""speed"":""99.7 km/h"",""res"":""Punkt: K. Barć""},{""type"":""rally"",""score"":""6 : 7"",""speed"":""59.7 km/h"",""res"":""Punkt: J. Pokorski""},{""type"":""rally"",""score"":""5 : 7"",""speed"":""50.6 km/h"",""res"":""Punkt: C. Anghelina""},{""type"":""rally"",""score"":""5 : 6"",""speed"":""-"",""res"":""Błąd: I. Kobusiński""},{""type"":""rally"",""score"":""4 : 6"",""speed"":""46.6 km/h"",""res"":""Punkt: I. Kobusiński""},{""type"":""rally"",""score"":""4 : 5"",""speed"":""42.2 km/h"",""res"":""Punkt: J. Pokorski""},{""type"":""rally"",""score"":""3 : 5"",""speed"":""43.7 km/h"",""res"":""Punkt: I. Kobusiński""},{""type"":""rally"",""score"":""3 : 4"",""speed"":""42.8 km/h"",""res"":""Punkt: D. Giemza""},{""type"":""rally"",""score"":""2 : 4"",""speed"":""51.9 km/h"",""res"":""Punkt: I. Kobusiński""},{""type"":""rally"",""score"":""2 : 3"",""speed"":""81.0 km/h"",""res"":""Punkt: I. Kobusiński""},{""type"":""rally"",""score"":""2 : 2"",""speed"":""63.4 km/h"",""res"":""Błąd: P. Wierzchowski""},{""type"":""rally"",""score"":""1 : 2"",""speed"":""80.1 km/h"",""res"":""Punkt: C. Anghelina""},{""type"":""tmo"",""score"":""1 : 1"",""txt"":""Czas: Drużyna Pierścienia""},{""type"":""rally"",""score"":""1 : 1"",""speed"":""55.0 km/h"",""res"":""Punkt: B. Ferracioli""},{""type"":""chg"",""score"":""0 : 1"",""txt"":""Zmiana: K. Vatra ⇄ L. Mamele""},{""type"":""tmo"",""score"":""0 : 1"",""txt"":""Czas: ERoS SPOR""},{""type"":""rally"",""score"":""0 : 1"",""speed"":""-"",""res"":""Błąd: M. Sąsiadek""}]},{""rallies"":[{""type"":""end"",""score"":""19 : 25"",""txt"":""Koniec seta 0 : 2""},{""type"":""end"",""score"":""19 : 25"",""txt"":""Koniec seta 0 : 2""},{""type"":""rally"",""score"":""19 : 25"",""speed"":""56.7 km/h"",""res"":""Punkt: I. Kobusiński""},{""type"":""rally"",""score"":""19 : 24"",""speed"":""79.9 km/h"",""res"":""Punkt: I. Kobusiński""},{""type"":""rally"",""score"":""19 : 23"",""speed"":""64.1 km/h"",""res"":""Punkt: S. Saunders""},{""type"":""rally"",""score"":""18 : 23"",""speed"":""70.6 km/h"",""res"":""Punkt: K. Barć""},{""type"":""rally"",""score"":""18 : 22"",""speed"":""50.1 km/h"",""res"":""Punkt: B. Ferracioli""},{""type"":""rally"",""score"":""17 : 22"",""speed"":""56.1 km/h"",""res"":""Punkt: P. Wierzchowski""},{""type"":""rally"",""score"":""17 : 21"",""speed"":""75.1 km/h"",""res"":""Punkt: C. Anghelina""},{""type"":""rally"",""score"":""17 : 20"",""speed"":""66.2 km/h"",""res"":""Punkt: B. Ferracioli""},{""type"":""rally"",""score"":""16 : 20"",""speed"":""54.7 km/h"",""res"":""Punkt: B. Ferracioli""},{""type"":""rally"",""score"":""15 : 20"",""speed"":""47.6 km/h"",""res"":""Punkt: C. Anghelina""},{""type"":""rally"",""score"":""15 : 19"",""speed"":""77.7 km/h"",""res"":""Punkt: C. Anghelina""},{""type"":""rally"",""score"":""15 : 18"",""speed"":""53.9 km/h"",""res"":""Punkt: J. Pokorski""},{""type"":""rally"",""score"":""14 : 18"",""speed"":""50.7 km/h"",""res"":""Punkt: K. Barć""},{""type"":""rally"",""score"":""14 : 17"",""speed"":""73.5 km/h"",""res"":""Punkt: I. Kobusiński""},{""type"":""rally"",""score"":""14 : 16"",""speed"":""46.7 km/h"",""res"":""Punkt: R. Diamanti""},{""type"":""tmo"",""score"":""13 : 16"",""txt"":""Czas: ""},{""type"":""rally"",""score"":""13 : 16"",""speed"":""97.8 km/h"",""res"":""Punkt: I. Kobusiński""},{""type"":""rally"",""score"":""13 : 15"",""speed"":""91.0 km/h"",""res"":""Punkt: S. Saunders""},{""type"":""rally"",""score"":""12 : 15"",""speed"":""91.4 km/h"",""res"":""Punkt: R. Diamanti""},{""type"":""rally"",""score"":""11 : 15"",""speed"":""44.7 km/h"",""res"":""Błąd: I. Kobusiński""},{""type"":""rally"",""score"":""10 : 15"",""speed"":""52.6 km/h"",""res"":""Punkt: I. Kobusiński""},{""type"":""rally"",""score"":""10 : 14"",""speed"":""-"",""res"":""Błąd: J. Pokorski""},{""type"":""rally"",""score"":""10 : 13"",""speed"":""-"",""res"":""Błąd: C. Anghelina""},{""type"":""rally"",""score"":""9 : 13"",""speed"":""67.1 km/h"",""res"":""Punkt: C. Anghelina""},{""type"":""rally"",""score"":""9 : 12"",""speed"":""62.9 km/h"",""res"":""Punkt: C. Anghelina""},{""type"":""rally"",""score"":""9 : 11"",""speed"":""56.3 km/h"",""res"":""Punkt: B. Ferracioli""},{""type"":""rally"",""score"":""8 : 11"",""speed"":""68.5 km/h"",""res"":""Punkt: C. Anghelina""},{""type"":""rally"",""score"":""8 : 10"",""speed"":""63.7 km/h"",""res"":""Punkt: J. Pokorski""},{""type"":""rally"",""score"":""7 : 10"",""speed"":""54.4 km/h"",""res"":""Punkt: J. Pokorski""},{""type"":""rally"",""score"":""6 : 10"",""speed"":""87.4 km/h"",""res"":""Punkt: M. Molena""},{""type"":""rally"",""score"":""6 : 9"",""speed"":""42.6 km/h"",""res"":""Punkt: J. Pokorski""},{""type"":""rally"",""score"":""5 : 9"",""speed"":""57.4 km/h"",""res"":""Błąd: S. Saunders""},{""type"":""rally"",""score"":""5 : 8"",""speed"":""46.3 km/h"",""res"":""Punkt: S. Saunders""},{""type"":""tmo"",""score"":""4 : 8"",""txt"":""Czas: ""},{""type"":""rally"",""score"":""4 : 8"",""speed"":""-"",""res"":""Błąd: D. Giemza""},{""type"":""rally"",""score"":""4 : 7"",""speed"":""-"",""res"":""Błąd: K. Barć""},{""type"":""rally"",""score"":""3 : 7"",""speed"":""92.6 km/h"",""res"":""Punkt: I. Kobusiński""},{""type"":""rally"",""score"":""3 : 6"",""speed"":""60.8 km/h"",""res"":""Punkt: S. Saunders""},{""type"":""rally"",""score"":""2 : 6"",""speed"":""50.5 km/h"",""res"":""Punkt: I. Kobusiński""},{""type"":""rally"",""score"":""2 : 5"",""speed"":""83.8 km/h"",""res"":""Punkt: C. Anghelina""},{""type"":""rally"",""score"":""2 : 4"",""speed"":""43.5 km/h"",""res"":""Punkt: R. Diamanti""},{""type"":""rally"",""score"":""1 : 4"",""speed"":""59.1 km/h"",""res"":""Punkt: C. Anghelina""},{""type"":""rally"",""score"":""1 : 3"",""speed"":""58.9 km/h"",""res"":""Punkt: C. Anghelina""},{""type"":""rally"",""score"":""1 : 2"",""speed"":""73.0 km/h"",""res"":""Punkt: C. Anghelina""},{""type"":""tmo"",""score"":""1 : 1"",""txt"":""Czas: Drużyna Pierścienia""},{""type"":""rally"",""score"":""1 : 1"",""speed"":""43.8 km/h"",""res"":""Punkt: B. Ferracioli""},{""type"":""chg"",""score"":""0 : 1"",""txt"":""Zmiana: A. Rouleau ⇄ L. Mamele""},{""type"":""tmo"",""score"":""0 : 1"",""txt"":""Czas: ERoS SPOR""},{""type"":""rally"",""score"":""0 : 1"",""speed"":""48.7 km/h"",""res"":""Punkt: C. Anghelina""}]},{""rallies"":[{""type"":""end"",""score"":""26 : 24"",""txt"":""Koniec seta 1 : 2""},{""type"":""end"",""score"":""26 : 24"",""txt"":""Koniec seta 1 : 2""},{""type"":""rally"",""score"":""26 : 24"",""speed"":""78.1 km/h"",""res"":""Punkt: R. Diamanti""},{""type"":""rally"",""score"":""25 : 24"",""speed"":""-"",""res"":""Błąd: G. Antoni""},{""type"":""rally"",""score"":""24 : 24"",""speed"":""78.8 km/h"",""res"":""Punkt: I. Kobusiński""},{""type"":""rally"",""score"":""24 : 23"",""speed"":""52.9 km/h"",""res"":""Błąd: I. Kobusiński""},{""type"":""rally"",""score"":""23 : 23"",""speed"":""49.0 km/h"",""res"":""Punkt: I. Kobusiński""},{""type"":""rally"",""score"":""23 : 22"",""speed"":""70.0 km/h"",""res"":""Punkt: I. Kobusiński""},{""type"":""rally"",""score"":""23 : 21"",""speed"":""59.5 km/h"",""res"":""Punkt: B. Ferracioli""},{""type"":""rally"",""score"":""22 : 21"",""speed"":""61.6 km/h"",""res"":""Punkt: C. Anghelina""},{""type"":""rally"",""score"":""22 : 20"",""speed"":""68.8 km/h"",""res"":""Punkt: C. Anghelina""},{""type"":""rally"",""score"":""22 : 19"",""speed"":""-"",""res"":""Błąd: M. Molena""},{""type"":""rally"",""score"":""21 : 19"",""speed"":""58.0 km/h"",""res"":""Punkt: C. Anghelina""},{""type"":""rally"",""score"":""21 : 18"",""speed"":""-"",""res"":""Błąd: M. Sąsiadek""},{""type"":""rally"",""score"":""21 : 17"",""speed"":""44.6 km/h"",""res"":""Punkt: B. Ferracioli""},{""type"":""rally"",""score"":""20 : 17"",""speed"":""53.0 km/h"",""res"":""Punkt: C. Anghelina""},{""type"":""rally"",""score"":""20 : 16"",""speed"":""41.3 km/h"",""res"":""Punkt: R. Diamanti""},{""type"":""rally"",""score"":""19 : 16"",""speed"":""83.0 km/h"",""res"":""Punkt: I. Kobusiński""},{""type"":""rally"",""score"":""19 : 15"",""speed"":""46.3 km/h"",""res"":""Punkt: S. Saunders""},{""type"":""chg"",""score"":""18 : 15"",""txt"":""Zmiana: J. Kotek ⇄ D. Giemza""},{""type"":""rally"",""score"":""18 : 15"",""speed"":""44.5 km/h"",""res"":""Punkt: I. Kobusiński""},{""type"":""rally"",""score"":""18 : 14"",""speed"":""57.5 km/h"",""res"":""Punkt: G. Antoni""},{""type"":""rally"",""score"":""18 : 13"",""speed"":""95.4 km/h"",""res"":""Punkt: S. Saunders""},{""type"":""rally"",""score"":""17 : 13"",""speed"":""63.4 km/h"",""res"":""Błąd: I. Kobusiński""},{""type"":""tmo"",""score"":""16 : 13"",""txt"":""Czas: ""},{""type"":""rally"",""score"":""16 : 13"",""speed"":""68.4 km/h"",""res"":""Punkt: J. Pokorski""},{""type"":""rally"",""score"":""15 : 13"",""speed"":""48.7 km/h"",""res"":""Punkt: D. Giemza""},{""type"":""rally"",""score"":""14 : 13"",""speed"":""54.9 km/h"",""res"":""Punkt: I. Kobusiński""},{""type"":""rally"",""score"":""14 : 12"",""speed"":""44.4 km/h"",""res"":""Punkt: I. Kobusiński""},{""type"":""rally"",""score"":""14 : 11"",""speed"":""-"",""res"":""Błąd: B. Ferracioli""},{""type"":""rally"",""score"":""14 : 10"",""speed"":""48.0 km/h"",""res"":""Błąd: I. Kobusiński""},{""type"":""rally"",""score"":""13 : 10"",""speed"":""57.4 km/h"",""res"":""Punkt: D. Giemza""},{""type"":""rally"",""score"":""12 : 10"",""speed"":""61.6 km/h"",""res"":""Punkt: C. Anghelina""},{""type"":""rally"",""score"":""12 : 9"",""speed"":""54.5 km/h"",""res"":""Błąd: C. Anghelina""},{""type"":""rally"",""score"":""11 : 9"",""speed"":""57.4 km/h"",""res"":""Punkt: C. Anghelina""},{""type"":""rally"",""score"":""11 : 8"",""speed"":""44.9 km/h"",""res"":""Punkt: K. Barć""},{""type"":""rally"",""score"":""11 : 7"",""speed"":""54.7 km/h"",""res"":""Punkt: C. Anghelina""},{""type"":""rally"",""score"":""11 : 6"",""speed"":""83.1 km/h"",""res"":""Punkt: M. Sąsiadek""},{""type"":""rally"",""score"":""10 : 6"",""speed"":""67.2 km/h"",""res"":""Punkt: B. Ferracioli""},{""type"":""rally"",""score"":""9 : 6"",""speed"":""47.5 km/h"",""res"":""Punkt: B. Ferracioli""},{""type"":""rally"",""score"":""8 : 6"",""speed"":""62.8 km/h"",""res"":""Punkt: C. Anghelina""},{""type"":""tmo"",""score"":""8 : 5"",""txt"":""Czas: ""},{""type"":""rally"",""score"":""8 : 5"",""speed"":""46.5 km/h"",""res"":""Punkt: R. Diamanti""},{""type"":""rally"",""score"":""7 : 5"",""speed"":""72.4 km/h"",""res"":""Punkt: I. Kobusiński""},{""type"":""rally"",""score"":""7 : 4"",""speed"":""-"",""res"":""Błąd: G. Antoni""},{""type"":""rally"",""score"":""6 : 4"",""speed"":""77.0 km/h"",""res"":""Punkt: I. Kobusiński""},{""type"":""rally"",""score"":""6 : 3"",""speed"":""49.8 km/h"",""res"":""Punkt: J. Pokorski""},{""type"":""rally"",""score"":""5 : 3"",""speed"":""52.6 km/h"",""res"":""Punkt: I. Kobusiński""},{""type"":""rally"",""score"":""5 : 2"",""speed"":""46.1 km/h"",""res"":""Błąd: I. Kobusiński""},{""type"":""rally"",""score"":""4 : 2"",""speed"":""61.6 km/h"",""res"":""Punkt: K. Barć""},{""type"":""rally"",""score"":""4 : 1"",""speed"":""68.9 km/h"",""res"":""Punkt: D. Giemza""},{""type"":""rally"",""score"":""3 : 1"",""speed"":""51.0 km/h"",""res"":""Punkt: B. Ferracioli""},{""type"":""rally"",""score"":""2 : 1"",""speed"":""64.4 km/h"",""res"":""Punkt: C. Anghelina""},{""type"":""tmo"",""score"":""2 : 0"",""txt"":""Czas: Drużyna Pierścienia""},{""type"":""rally"",""score"":""2 : 0"",""speed"":""62.3 km/h"",""res"":""Punkt: B. Ferracioli""},{""type"":""chg"",""score"":""1 : 0"",""txt"":""Zmiana: G. Antoni ⇄ P. Wierzchowski""},{""type"":""tmo"",""score"":""1 : 0"",""txt"":""Czas: ERoS SPOR""},{""type"":""rally"",""score"":""1 : 0"",""speed"":""60.8 km/h"",""res"":""Punkt: R. Diamanti""}]},{""rallies"":[{""type"":""end"",""score"":""25 : 11"",""txt"":""Koniec seta 2 : 2""},{""type"":""end"",""score"":""25 : 11"",""txt"":""Koniec seta 2 : 2""},{""type"":""rally"",""score"":""25 : 11"",""speed"":""111.6 km/h"",""res"":""Punkt: S. Saunders""},{""type"":""rally"",""score"":""24 : 11"",""speed"":""82.3 km/h"",""res"":""Punkt: S. Saunders""},{""type"":""rally"",""score"":""23 : 11"",""speed"":""53.6 km/h"",""res"":""Punkt: S. Saunders""},{""type"":""rally"",""score"":""22 : 11"",""speed"":""52.4 km/h"",""res"":""Punkt: I. Kobusiński""},{""type"":""rally"",""score"":""22 : 10"",""speed"":""44.8 km/h"",""res"":""Punkt: J. Pokorski""},{""type"":""rally"",""score"":""21 : 10"",""speed"":""61.0 km/h"",""res"":""Błąd: J. Pokorski""},{""type"":""rally"",""score"":""21 : 9"",""speed"":""58.0 km/h"",""res"":""Błąd: J. Pokorski""},{""type"":""rally"",""score"":""21 : 8"",""speed"":""54.8 km/h"",""res"":""Punkt: S. Saunders""},{""type"":""rally"",""score"":""20 : 8"",""speed"":""75.5 km/h"",""res"":""Punkt: S. Saunders""},{""type"":""rally"",""score"":""19 : 8"",""speed"":""75.0 km/h"",""res"":""Punkt: S. Saunders""},{""type"":""rally"",""score"":""18 : 8"",""speed"":""55.9 km/h"",""res"":""Punkt: B. Ferracioli""},{""type"":""rally"",""score"":""17 : 8"",""speed"":""59.6 km/h"",""res"":""Punkt: J. Pokorski""},{""type"":""rally"",""score"":""16 : 8"",""speed"":""51.9 km/h"",""res"":""Punkt: C. Anghelina""},{""type"":""tmo"",""score"":""16 : 7"",""txt"":""Czas: ""},{""type"":""rally"",""score"":""16 : 7"",""speed"":""55.5 km/h"",""res"":""Punkt: J. Kotek""},{""type"":""rally"",""score"":""15 : 7"",""speed"":""60.4 km/h"",""res"":""Punkt: J. Pokorski""},{""type"":""rally"",""score"":""14 : 7"",""speed"":""49.7 km/h"",""res"":""Punkt: J. Kotek""},{""type"":""chg"",""score"":""13 : 7"",""txt"":""Zmiana: J. Kotek ⇄ D. Giemza""},{""type"":""rally"",""score"":""13 : 7"",""speed"":""70.8 km/h"",""res"":""Punkt: D. Giemza""},{""type"":""rally"",""score"":""12 : 7"",""speed"":""40.2 km/h"",""res"":""Punkt: B. Ferracioli""},{""type"":""rally"",""score"":""11 : 7"",""speed"":""91.0 km/h"",""res"":""Punkt: C. Anghelina""},{""type"":""rally"",""score"":""11 : 6"",""speed"":""42.1 km/h"",""res"":""Punkt: B. Ferracioli""},{""type"":""rally"",""score"":""10 : 6"",""speed"":""63.6 km/h"",""res"":""Punkt: I. Kobusiński""},{""type"":""rally"",""score"":""10 : 5"",""speed"":""68.4 km/h"",""res"":""Punkt: B. Ferracioli""},{""type"":""rally"",""score"":""9 : 5"",""speed"":""45.7 km/h"",""res"":""Punkt: S. Saunders""},{""type"":""rally"",""score"":""8 : 5"",""speed"":""91.8 km/h"",""res"":""Punkt: M. Molena""},{""type"":""tmo"",""score"":""8 : 4"",""txt"":""Czas: ""},{""type"":""rally"",""score"":""8 : 4"",""speed"":""76.2 km/h"",""res"":""Punkt: S. Saunders""},{""type"":""rally"",""score"":""7 : 4"",""speed"":""49.9 km/h"",""res"":""Punkt: S. Saunders""},{""type"":""rally"",""score"":""6 : 4"",""speed"":""-"",""res"":""Błąd: J. Pokorski""},{""type"":""rally"",""score"":""6 : 3"",""speed"":""57.4 km/h"",""res"":""Punkt: M. Sąsiadek""},{""type"":""rally"",""score"":""5 : 3"",""speed"":""65.8 km/h"",""res"":""Punkt: S. Saunders""},{""type"":""rally"",""score"":""4 : 3"",""speed"":""57.4 km/h"",""res"":""Punkt: D. Giemza""},{""type"":""rally"",""score"":""3 : 3"",""speed"":""70.1 km/h"",""res"":""Punkt: D. Giemza""},{""type"":""rally"",""score"":""2 : 3"",""speed"":""75.1 km/h"",""res"":""Punkt: C. Anghelina""},{""type"":""rally"",""score"":""2 : 2"",""speed"":""41.7 km/h"",""res"":""Punkt: B. Ferracioli""},{""type"":""rally"",""score"":""1 : 2"",""speed"":""56.6 km/h"",""res"":""Punkt: C. Anghelina""},{""type"":""tmo"",""score"":""1 : 1"",""txt"":""Czas: Drużyna Pierścienia""},{""type"":""rally"",""score"":""1 : 1"",""speed"":""63.7 km/h"",""res"":""Punkt: C. Anghelina""},{""type"":""chg"",""score"":""1 : 0"",""txt"":""Zmiana: J. Smith ⇄ L. Mamele""},{""type"":""tmo"",""score"":""1 : 0"",""txt"":""Czas: ERoS SPOR""},{""type"":""rally"",""score"":""1 : 0"",""speed"":""41.2 km/h"",""res"":""Punkt: R. Diamanti""}]},{""rallies"":[{""type"":""end"",""score"":""12 : 15"",""txt"":""Koniec seta 2 : 3""},{""type"":""end"",""score"":""12 : 15"",""txt"":""Koniec seta 2 : 3""},{""type"":""rally"",""score"":""12 : 15"",""speed"":""65.8 km/h"",""res"":""Punkt: I. Kobusiński""},{""type"":""rally"",""score"":""12 : 14"",""speed"":""62.1 km/h"",""res"":""Punkt: J. Kotek""},{""type"":""rally"",""score"":""11 : 14"",""speed"":""52.1 km/h"",""res"":""Punkt: P. Wierzchowski""},{""type"":""rally"",""score"":""11 : 13"",""speed"":""46.6 km/h"",""res"":""Punkt: B. Ferracioli""},{""type"":""rally"",""score"":""10 : 13"",""speed"":""56.6 km/h"",""res"":""Punkt: C. Anghelina""},{""type"":""rally"",""score"":""10 : 12"",""speed"":""55.9 km/h"",""res"":""Punkt: C. Anghelina""},{""type"":""rally"",""score"":""10 : 11"",""speed"":""51.0 km/h"",""res"":""Punkt: J. Pokorski""},{""type"":""rally"",""score"":""9 : 11"",""speed"":""46.1 km/h"",""res"":""Błąd: B. Ferracioli""},{""type"":""rally"",""score"":""9 : 10"",""speed"":""46.2 km/h"",""res"":""Błąd: B. Ferracioli""},{""type"":""rally"",""score"":""9 : 9"",""speed"":""49.8 km/h"",""res"":""Punkt: K. Barć""},{""type"":""rally"",""score"":""9 : 8"",""speed"":""71.4 km/h"",""res"":""Punkt: C. Anghelina""},{""type"":""rally"",""score"":""9 : 7"",""speed"":""44.2 km/h"",""res"":""Punkt: R. Diamanti""},{""type"":""rally"",""score"":""8 : 7"",""speed"":""77.0 km/h"",""res"":""Punkt: K. Barć""},{""type"":""rally"",""score"":""8 : 6"",""speed"":""50.8 km/h"",""res"":""Punkt: J. Kotek""},{""type"":""rally"",""score"":""7 : 6"",""speed"":""80.1 km/h"",""res"":""Punkt: I. Kobusiński""},{""type"":""rally"",""score"":""7 : 5"",""speed"":""48.8 km/h"",""res"":""Punkt: S. Saunders""},{""type"":""rally"",""score"":""6 : 5"",""speed"":""57.0 km/h"",""res"":""Punkt: J. Kotek""},{""type"":""rally"",""score"":""5 : 5"",""speed"":""55.2 km/h"",""res"":""Punkt: J. Pokorski""},{""type"":""rally"",""score"":""4 : 5"",""speed"":""50.7 km/h"",""res"":""Punkt: P. Wierzchowski""},{""type"":""rally"",""score"":""4 : 4"",""speed"":""83.9 km/h"",""res"":""Błąd: K. Barć""},{""type"":""rally"",""score"":""3 : 4"",""speed"":""47.2 km/h"",""res"":""Punkt: S. Saunders""},{""type"":""rally"",""score"":""2 : 4"",""speed"":""45.2 km/h"",""res"":""Błąd: L. Mamele""},{""type"":""rally"",""score"":""1 : 4"",""speed"":""50.7 km/h"",""res"":""Punkt: I. Kobusiński""},{""type"":""rally"",""score"":""1 : 3"",""speed"":""75.7 km/h"",""res"":""Punkt: P. Wierzchowski""},{""type"":""rally"",""score"":""1 : 2"",""speed"":""57.0 km/h"",""res"":""Punkt: B. Ferracioli""},{""type"":""tmo"",""score"":""0 : 2"",""txt"":""Czas: Drużyna Pierścienia""},{""type"":""rally"",""score"":""0 : 2"",""speed"":""50.6 km/h"",""res"":""Punkt: P. Wierzchowski""},{""type"":""chg"",""score"":""0 : 1"",""txt"":""Zmiana: J. Kotek ⇄ D. Giemza""},{""type"":""tmo"",""score"":""0 : 1"",""txt"":""Czas: ERoS SPOR""},{""type"":""rally"",""score"":""0 : 1"",""speed"":""57.0 km/h"",""res"":""Punkt: C. Anghelina""}]}]}","6","9","0","0","0","0","13","55","1","1","11","0","0","2","99.7","71.8","0","0","0","0","0","0","0","0","0","0","0","0","0","0","0","0","0","0","0","0","0","0","0","0","0","0","0","0","0","0","54","21","4","4","40","123","0","0","0","0","0","2","0","0","0","0","0","7","0","0","0","0","0","3","2","0","2","1","0","clan-bulk-1.2","0","0","0"
"liga_klanow_2_1","ERoS SPOR vs Drużyna Pierścienia 2:3","1297852","2026-09-18 19:00","KoNDoM CLUB","Turkey II","1391","ERoS SPOR","","Diamanti, Ruggero","1949325","11","3","19","0","0","80.1","18","7","7","39","0","22","13","8","9","5","59","62","1","98","25","40","4","33","52","0","0","0","0","0","0","0","56.3","","4","4","0","0","0","0","33","52","4","0","29","0","0","4","80.1","64.3","0","0","0","1","0","1","0","0","3","0","1","4","5","0","4","0","3","12","0","0","0","0","0","0","1","0","0","0","0","1","0","0","0","0","0","0","23","18","13","7","61","8","0","0","0","0","0","5","0","0","0","0","0","5","1","3","4","1","1","clan-bulk-1.2","0","0","0"
"liga_klanow_2_1","ERoS SPOR vs Drużyna Pierścienia 2:3","1297852","2026-09-18 19:00","KoNDoM CLUB","Turkey II","1391","ERoS SPOR","","Ferracioli, Benedetto","1725176","21","15","19","1","1","83.9","31","5","15","48","32","10","6","0","4","1","10","0","0","0","0","0","5","43","70","0","1","1","0","0","1","0","46.3","","1","1","0","0","0","0","43","70","4","1","34","1","1","9","83.9","64.6","1","0","1","0","5","7","0","1","1","1","0","3","0","0","0","0","0","0","13","1","1","0","6","21","0","0","0","0","0","0","0","1","0","0","0","1","0","0","0","0","0","0","0","0","0","0","0","1","0","0","0","0","0","5","1","5","7","5","4","clan-bulk-1.2","0","0","0"
"liga_klanow_2_1","ERoS SPOR vs Drużyna Pierścienia 2:3","1297852","2026-09-18 19:00","KoNDoM CLUB","Turkey II","1391","ERoS SPOR","","Pokorski, Jakub","1904099","17","2","20","3","1","95.4","41","12","16","39","10","20","12","2","8","1","15","0","0","0","0","0","0","34","78","0","0","0","0","0","0","0","18","","0","2","0","0","0","0","34","78","0","1","27","0","0","7","95.4","68.4","1","1","1","0","4","7","0","0","2","0","2","4","8","1","4","1","6","20","0","0","0","0","0","0","6","0","3","0","1","10","0","0","0","0","0","0","0","0","0","0","0","2","0","0","0","0","0","1","0","0","0","0","0","5","6","5","2","6","2","clan-bulk-1.2","0","0","0"
"liga_klanow_2_1","ERoS SPOR vs Drużyna Pierścienia 2:3","1297852","2026-09-18 19:00","KoNDoM CLUB","Turkey II","1391","ERoS SPOR","","Giemza, Dariusz","1745503","9","5","9","2","0","97.8","17","2","7","41","29","7","4","1","3","0","14","15","0","100","4","27","2","6","50","0","0","0","0","0","0","0","29.2","","0","1","0","0","0","0","6","50","2","0","6","0","0","0","97.8","81","1","0","0","0","0","1","1","0","0","1","0","2","4","0","2","0","7","13","0","0","0","0","0","0","0","0","0","0","1","1","0","0","0","0","0","0","2","4","6","3","15","1","0","0","0","0","0","0","0","0","0","0","0","4","3","1","3","3","0","clan-bulk-1.2","0","0","0"
"liga_klanow_2_1","ERoS SPOR vs Drużyna Pierścienia 2:3","1297852","2026-09-18 19:00","KoNDoM CLUB","Turkey II","1391","ERoS SPOR","","Saunders, Spencer","1949709","20","19","9","0","0","73.5","17","1","10","59","53","8","2","1","6","0","13","0","0","0","0","0","10","48","63","0","0","0","0","0","0","0","59.9","","0","0","0","0","0","0","48","63","9","1","39","1","0","9","73.5","62.3","0","0","0","0","1","1","0","0","0","0","0","0","0","0","0","0","0","0","10","0","1","0","5","16","0","0","0","0","0","0","0","0","0","0","0","0","0","0","0","0","0","1","0","0","0","0","0","1","0","0","0","0","0","5","1","5","2","10","2","clan-bulk-1.2","0","0","0"
"liga_klanow_2_1","ERoS SPOR vs Drużyna Pierścienia 2:3","1297852","2026-09-18 19:00","KoNDoM CLUB","Turkey II","1391","ERoS SPOR","","Yosun, Refiğ","1949166","0","-1","0","0","0","0","0","0","0","0","0","32","23","7","9","5","38","12","1","92","9","75","0","0","0","1","2","8","0","1","4","3","13.6","","4","7","0","0","0","0","0","0","0","0","0","0","0","0","0","0","0","0","0","0","0","0","0","0","0","0","0","0","0","0","0","0","0","0","0","0","0","0","0","0","0","0","0","0","0","0","1","2","0","0","5","8","3","3","3","2","11","7","0","0","0","0","0","5","0","0","0","0","0","0","0","0","0","0","0","clan-bulk-1.2","0","0","0"
"liga_klanow_2_1","ERoS SPOR vs Drużyna Pierścienia 2:3","1297852","2026-09-18 19:00","KoNDoM CLUB","Turkey II","1391","ERoS SPOR","","Kotek, Jan","1865618","5","4","5","0","0","111.6","8","1","4","50","38","3","1","0","2","2","67","3","0","100","2","67","1","18","31","0","0","0","0","0","0","0","12.3","","2","2","0","0","0","0","18","31","1","0","15","0","0","3","111.6","86.4","0","0","0","0","0","0","1","0","0","0","0","1","3","0","1","0","3","7","0","0","0","0","0","0","0","0","0","0","0","0","0","0","0","0","0","0","1","2","0","0","3","0","0","0","0","0","0","2","0","0","0","0","0","2","0","0","0","2","3","clan-bulk-1.2","0","0","0"
"liga_klanow_2_1","ERoS SPOR vs Drużyna Pierścienia 2:3","1297852","2026-09-18 19:00","KoNDoM CLUB","Sons of Eternity II","1391","Drużyna Pierścienia","","Mamele, Ludovic","2032695","0","0","8","0","0","51","0","0","0","0","0","7","5","0","2","0","0","0","0","0","0","0","0","7","22","25","11","57","15","20","15","7","0","","0","0","0","0","0","0","7","22","0","1","7","0","0","0","51","46.9","0","0","0","0","0","0","0","0","0","0","0","0","0","0","0","0","0","0","0","0","0","0","0","0","0","0","0","0","0","0","25","11","1","6","14","57","0","0","0","0","0","0","0","0","0","0","0","0","0","0","0","0","0","1","0","0","0","0","1","clan-bulk-1.2","0","0","0"
"liga_klanow_2_1","ERoS SPOR vs Drużyna Pierścienia 2:3","1297852","2026-09-18 19:00","KoNDoM CLUB","Sons of Eternity II","1391","Drużyna Pierścienia","","Molena, Marco","1927255","4","0","23","1","0","59.6","9","2","4","44","22","25","17","11","8","5","64","17","1","94","5","29","0","21","53","0","0","0","0","0","0","0","21.2","","4","4","0","0","0","0","21","53","0","0","19","0","0","2","59.6","53.3","1","0","0","0","0","1","0","0","1","1","1","3","1","0","1","0","0","2","0","0","0","0","0","0","1","0","0","0","2","3","0","0","0","0","0","0","0","0","0","0","0","0","0","0","0","0","0","0","0","0","0","0","0","4","1","1","1","1","0","clan-bulk-1.2","0","0","0"
"liga_klanow_2_1","ERoS SPOR vs Drużyna Pierścienia 2:3","1297852","2026-09-18 19:00","KoNDoM CLUB","Sons of Eternity II","1391","Drużyna Pierścienia","","Anghelina, Constantin","1950550","41","35","19","1","2","70.1","53","5","34","64","55","4","3","0","1","0","0","0","0","0","0","0","5","40","72","0","0","0","0","0","0","0","91.5","","0","0","0","0","0","0","40","72","4","1","35","1","0","5","70.1","57","6","0","0","0","5","11","2","0","1","0","2","5","0","0","0","0","0","0","24","1","3","2","7","37","0","0","0","0","0","0","0","0","0","0","0","0","0","0","0","0","0","0","0","0","0","0","0","0","0","0","0","0","0","5","9","12","10","5","4","clan-bulk-1.2","0","0","0"
"liga_klanow_2_1","ERoS SPOR vs Drużyna Pierścienia 2:3","1297852","2026-09-18 19:00","KoNDoM CLUB","Sons of Eternity II","1391","Drużyna Pierścienia","","Barć, Krzysztof","1686131","11","6","16","1","0","56.7","16","4","6","38","13","22","16","6","6","2","36","0","0","0","0","0","5","43","81","0","0","0","0","0","0","0","28.2","","1","2","0","0","0","0","43","81","4","0","33","1","1","10","56.7","50","0","0","0","1","4","5","2","1","3","0","0","6","1","0","0","0","2","3","0","0","0","0","0","0","2","0","0","0","0","2","0","0","0","0","0","0","0","0","0","0","0","0","0","0","0","0","0","0","0","0","0","0","0","4","3","3","2","0","3","clan-bulk-1.2","0","0","0"
"liga_klanow_2_1","ERoS SPOR vs Drużyna Pierścienia 2:3","1297852","2026-09-18 19:00","KoNDoM CLUB","Sons of Eternity II","1391","Drużyna Pierścienia","","Wierzchowski, Piotr","1681788","6","3","7","0","0","50.8","7","3","2","29","-14","15","9","4","6","1","33","44","0","100","21","48","4","26","54","0","0","0","0","0","0","0","41.1","","0","1","0","0","0","0","26","54","4","0","20","0","0","6","50.8","46.7","1","0","0","0","2","3","1","0","1","0","0","2","0","0","2","0","0","2","0","0","0","0","0","0","0","0","0","0","0","0","0","0","0","0","0","0","0","0","0","0","0","0","0","0","0","0","0","0","0","0","0","0","0","3","2","1","0","0","4","clan-bulk-1.2","0","0","0"
"liga_klanow_2_1","ERoS SPOR vs Drużyna Pierścienia 2:3","1297852","2026-09-18 19:00","KoNDoM CLUB","Sons of Eternity II","1391","Drużyna Pierścienia","","Kobusiński, Igor","1681965","30","15","9","1","0","53.9","46","14","21","46","15","4","2","0","2","0","0","0","0","0","0","0","9","32","60","0","0","0","0","0","0","0","50","","0","0","0","0","0","0","32","60","9","0","27","0","1","5","53.9","45.8","1","0","0","0","4","5","0","0","4","1","2","7","0","0","0","0","0","0","19","5","5","0","5","34","0","0","0","0","0","0","0","0","0","0","0","0","0","0","0","0","0","0","0","0","0","0","0","0","0","0","0","0","0","5","8","8","14","2","3","clan-bulk-1.2","0","0","0"
"liga_klanow_2_1","ERoS SPOR vs Drużyna Pierścienia 2:3","1297852","2026-09-18 19:00","KoNDoM CLUB","Sons of Eternity II","1391","Drużyna Pierścienia","","Ewertowski, Kacper","1905299","0","-1","0","0","0","0","0","0","0","0","0","31","21","12","10","6","58","10","1","90","5","50","0","0","0","1","0","2","0","1","1","0","15.6","","5","5","0","0","0","0","0","0","0","0","0","0","0","0","0","0","0","0","0","0","0","0","0","0","0","0","0","0","0","0","0","0","0","0","0","0","0","0","0","0","0","0","0","0","0","0","1","0","0","0","1","2","0","0","0","0","0","0","0","0","0","0","0","0","0","0","0","0","0","0","0","0","0","0","0","clan-bulk-1.2","0","0","0"
"liga_klanow_2_1","ERoS SPOR vs Drużyna Pierścienia 2:3","1297852","2026-09-18 19:00","KoNDoM CLUB","Sons of Eternity II","1391","Drużyna Pierścienia","","Rouleau, Archibald","2088378","0","0","4","0","0","54.7","1","0","0","0","0","5","4","0","1","1","20","0","0","0","0","0","0","1","12","12","2","25","2","11","11","1","0.4","","0","0","0","0","0","0","1","12","0","0","1","0","0","0","54.7","50.1","0","0","0","0","1","1","0","0","0","0","0","0","0","0","0","0","0","0","0","0","0","0","0","0","0","0","0","0","0","0","12","2","3","1","7","25","0","0","0","0","0","0","0","0","0","0","0","0","0","0","0","0","0","0","0","0","0","0","0","clan-bulk-1.2","0","0","0"
"liga_klanow_2_1","ERoS SPOR vs Drużyna Pierścienia 2:3","1297852","2026-09-18 19:00","KoNDoM CLUB","Sons of Eternity II","1391","Drużyna Pierścienia","","Vatra, Kornel","1950900","0","-1","8","1","0","59.7","1","0","0","0","0","2","1","0","1","1","50","0","0","0","0","0","0","1","8","17","1","18","6","5","6","1","-0.6","","0","0","0","0","0","0","1","8","0","0","1","0","0","0","59.7","50.1","0","0","0","0","1","1","0","0","0","0","0","0","0","0","0","0","0","0","0","0","0","0","0","0","0","0","0","0","0","0","17","1","0","0","0","18","0","0","0","0","0","0","0","0","0","0","0","0","0","0","0","0","0","0","1","0","0","0","0","clan-bulk-1.2","0","0","0"
"liga_klanow_2_1","ERoS SPOR vs Drużyna Pierścienia 2:3","1297852","2026-09-18 19:00","KoNDoM CLUB","Sons of Eternity II","1391","Drużyna Pierścienia","","Antoni, Giovanni","1744950","1","-4","4","2","0","46.3","2","2","0","0","-100","5","3","2","2","0","40","16","1","94","6","38","1","9","25","0","0","0","0","0","0","0","6","","0","1","0","0","0","0","9","25","1","0","9","0","0","0","46.3","45.4","0","0","1","0","0","1","0","0","1","0","0","1","0","0","0","0","0","0","0","0","0","0","0","0","0","0","0","0","0","0","0","0","0","0","0","0","0","0","0","0","0","0","0","0","0","0","0","0","0","0","0","0","0","1","0","0","3","0","0","clan-bulk-1.2","0","0","0"
"liga_klanow_2_1","ERoS SPOR vs Drużyna Pierścienia 2:3","1297852","2026-09-18 19:00","KoNDoM CLUB","Sons of Eternity II","1391","Drużyna Pierścienia","","Smith, Jesse","2004495","0","0","1","0","0","40.2","0","0","0","0","0","9","6","0","3","0","0","0","0","0","0","0","0","0","9","7","9","31","2","4","14","11","0","","0","0","0","0","0","0","0","9","0","0","0","0","0","0","40.2","40.2","0","0","0","0","0","0","0","0","0","0","0","0","0","0","0","0","0","0","0","0","0","0","0","0","0","0","0","0","0","0","7","9","1","0","14","31","0","0","0","0","0","0","0","0","0","0","0","0","0","0","0","0","0","0","0","0","0","0","0","clan-bulk-1.2","0","0","0"
"liga_klanow_2_1","ECZACIBAŞI DYNAVİT vs W124 3:0","1297853","2026-09-18 19:00","Eczacıbaşı Spor Salonu","Turkey II","1391","ECZACIBAŞI DYNAVİT","","Nicolita, Carol","1709268","0","-3","11","3","0","71.2","0","0","0","0","0","12","6","4","6","3","58","0","0","0","0","0","0","7","36","57","19","90","12","36","29","13","1.4","{""sets"":[{""h"":25,""a"":23},{""h"":26,""a"":24},{""h"":25,""a"":18}],""parsedSets"":[{""rallies"":[{""type"":""end"",""score"":""25 : 23"",""txt"":""Koniec seta 1 : 0""},{""type"":""end"",""score"":""25 : 23"",""txt"":""Koniec seta 1 : 0""},{""type"":""rally"",""score"":""25 : 23"",""speed"":""-"",""res"":""Błąd: F. Hatała""},{""type"":""rally"",""score"":""24 : 23"",""speed"":""65.6 km/h"",""res"":""Punkt: L. Tyler""},{""type"":""rally"",""score"":""24 : 22"",""speed"":""51.8 km/h"",""res"":""Punkt: B. Paver""},{""type"":""rally"",""score"":""23 : 22"",""speed"":""46.5 km/h"",""res"":""Punkt: L. Bourelly""},{""type"":""rally"",""score"":""23 : 21"",""speed"":""49.0 km/h"",""res"":""Punkt: G. Roma""},{""type"":""rally"",""score"":""22 : 21"",""speed"":""62.2 km/h"",""res"":""Punkt: I. Pintilii""},{""type"":""rally"",""score"":""22 : 20"",""speed"":""53.0 km/h"",""res"":""Punkt: I. Pintilii""},{""type"":""rally"",""score"":""22 : 19"",""speed"":""45.2 km/h"",""res"":""Punkt: I. Pintilii""},{""type"":""rally"",""score"":""22 : 18"",""speed"":""74.0 km/h"",""res"":""Punkt: J. Clements""},{""type"":""rally"",""score"":""21 : 18"",""speed"":""54.2 km/h"",""res"":""Punkt: I. Pintilii""},{""type"":""rally"",""score"":""21 : 17"",""speed"":""50.2 km/h"",""res"":""Punkt: F. Hatała""},{""type"":""rally"",""score"":""21 : 16"",""speed"":""47.8 km/h"",""res"":""Punkt: B. Paver""},{""type"":""rally"",""score"":""20 : 16"",""speed"":""70.1 km/h"",""res"":""Punkt: G. Robert""},{""type"":""rally"",""score"":""19 : 16"",""speed"":""50.2 km/h"",""res"":""Punkt: L. Bourelly""},{""type"":""rally"",""score"":""19 : 15"",""speed"":""60.7 km/h"",""res"":""Punkt: G. Roma""},{""type"":""rally"",""score"":""18 : 15"",""speed"":""50.6 km/h"",""res"":""Punkt: G. Roma""},{""type"":""rally"",""score"":""17 : 15"",""speed"":""42.8 km/h"",""res"":""Punkt: L. Tyler""},{""type"":""rally"",""score"":""17 : 14"",""speed"":""57.9 km/h"",""res"":""Punkt: S. Lunardi""},{""type"":""tmo"",""score"":""16 : 14"",""txt"":""Czas: ""},{""type"":""rally"",""score"":""16 : 14"",""speed"":""48.0 km/h"",""res"":""Punkt: J. Clements""},{""type"":""chg"",""score"":""15 : 14"",""txt"":""Zmiana: I. Pintilii ⇄ T. Chou""},{""type"":""rally"",""score"":""15 : 14"",""speed"":""59.1 km/h"",""res"":""Punkt: L. Tyler""},{""type"":""rally"",""score"":""15 : 13"",""speed"":""57.2 km/h"",""res"":""Punkt: B. Paver""},{""type"":""rally"",""score"":""14 : 13"",""speed"":""58.5 km/h"",""res"":""Punkt: T. Chou""},{""type"":""rally"",""score"":""14 : 12"",""speed"":""48.7 km/h"",""res"":""Punkt: G. Robert""},{""type"":""rally"",""score"":""13 : 12"",""speed"":""54.1 km/h"",""res"":""Punkt: L. Bourelly""},{""type"":""rally"",""score"":""13 : 11"",""speed"":""72.9 km/h"",""res"":""Punkt: J. Clements""},{""type"":""rally"",""score"":""12 : 11"",""speed"":""43.7 km/h"",""res"":""Punkt: T. Chou""},{""type"":""rally"",""score"":""12 : 10"",""speed"":""57.1 km/h"",""res"":""Punkt: G. Roma""},{""type"":""rally"",""score"":""11 : 10"",""speed"":""65.2 km/h"",""res"":""Punkt: L. Tyler""},{""type"":""rally"",""score"":""11 : 9"",""speed"":""57.2 km/h"",""res"":""Punkt: S. Lunardi""},{""type"":""chg"",""score"":""10 : 9"",""txt"":""Zmiana: T. Chou ⇄ I. Pintilii""},{""type"":""rally"",""score"":""10 : 9"",""speed"":""43.5 km/h"",""res"":""Punkt: G. Robert""},{""type"":""rally"",""score"":""9 : 9"",""speed"":""64.2 km/h"",""res"":""Punkt: F. Hatała""},{""type"":""rally"",""score"":""9 : 8"",""speed"":""55.0 km/h"",""res"":""Punkt: G. Roma""},{""type"":""rally"",""score"":""8 : 8"",""speed"":""59.4 km/h"",""res"":""Punkt: S. Lunardi""},{""type"":""tmo"",""score"":""7 : 8"",""txt"":""Czas: ""},{""type"":""rally"",""score"":""7 : 8"",""speed"":""58.0 km/h"",""res"":""Punkt: F. Hatała""},{""type"":""rally"",""score"":""7 : 7"",""speed"":""64.6 km/h"",""res"":""Punkt: J. Clements""},{""type"":""rally"",""score"":""6 : 7"",""speed"":""59.4 km/h"",""res"":""Punkt: I. Pintilii""},{""type"":""tmo"",""score"":""6 : 6"",""txt"":""Czas: ECZACIBAŞI DYNAVİT""},{""type"":""rally"",""score"":""6 : 6"",""speed"":""50.0 km/h"",""res"":""Punkt: L. Tyler""},{""type"":""rally"",""score"":""6 : 5"",""speed"":""67.6 km/h"",""res"":""Punkt: L. Tyler""},{""type"":""rally"",""score"":""6 : 4"",""speed"":""60.8 km/h"",""res"":""Punkt: L. Tyler""},{""type"":""rally"",""score"":""6 : 3"",""speed"":""43.0 km/h"",""res"":""Punkt: F. Hatała""},{""type"":""rally"",""score"":""6 : 2"",""speed"":""50.3 km/h"",""res"":""Punkt: B. Paver""},{""type"":""rally"",""score"":""5 : 2"",""speed"":""51.0 km/h"",""res"":""Punkt: J. Clements""},{""type"":""tmo"",""score"":""4 : 2"",""txt"":""Czas: W124""},{""type"":""rally"",""score"":""4 : 2"",""speed"":""41.6 km/h"",""res"":""Punkt: B. Paver""},{""type"":""rally"",""score"":""3 : 2"",""speed"":""51.6 km/h"",""res"":""Punkt: G. Roma""},{""type"":""tmo"",""score"":""2 : 2"",""txt"":""Czas: ECZACIBAŞI DYNAVİT""},{""type"":""rally"",""score"":""2 : 2"",""speed"":""65.3 km/h"",""res"":""Punkt: G. Roma""},{""type"":""rally"",""score"":""1 : 2"",""speed"":""58.9 km/h"",""res"":""Błąd: B. Paver""},{""type"":""rally"",""score"":""1 : 1"",""speed"":""-"",""res"":""Błąd: C. Nicolita""},{""type"":""rally"",""score"":""1 : 0"",""speed"":""53.0 km/h"",""res"":""Punkt: G. Robert""}]},{""rallies"":[{""type"":""end"",""score"":""26 : 24"",""txt"":""Koniec seta 2 : 0""},{""type"":""end"",""score"":""26 : 24"",""txt"":""Koniec seta 2 : 0""},{""type"":""rally"",""score"":""26 : 24"",""speed"":""65.2 km/h"",""res"":""Punkt: S. Lunardi""},{""type"":""rally"",""score"":""25 : 24"",""speed"":""-"",""res"":""Błąd: F. Hatała""},{""type"":""rally"",""score"":""24 : 24"",""speed"":""62.4 km/h"",""res"":""Punkt: L. Tyler""},{""type"":""rally"",""score"":""24 : 23"",""speed"":""-"",""res"":""Błąd: I. Pintilii""},{""type"":""rally"",""score"":""23 : 23"",""speed"":""-"",""res"":""Błąd: B. Paver""},{""type"":""rally"",""score"":""23 : 22"",""speed"":""48.0 km/h"",""res"":""Punkt: B. Paver""},{""type"":""rally"",""score"":""22 : 22"",""speed"":""54.6 km/h"",""res"":""Punkt: F. Hatała""},{""type"":""rally"",""score"":""22 : 21"",""speed"":""46.8 km/h"",""res"":""Punkt: I. Pintilii""},{""type"":""rally"",""score"":""22 : 20"",""speed"":""64.5 km/h"",""res"":""Punkt: G. Roma""},{""type"":""rally"",""score"":""21 : 20"",""speed"":""71.2 km/h"",""res"":""Punkt: I. Pintilii""},{""type"":""rally"",""score"":""21 : 19"",""speed"":""64.7 km/h"",""res"":""Punkt: G. Robert""},{""type"":""rally"",""score"":""20 : 19"",""speed"":""40.9 km/h"",""res"":""Punkt: L. Bourelly""},{""type"":""rally"",""score"":""20 : 18"",""speed"":""56.0 km/h"",""res"":""Błąd: F. Hatała""},{""type"":""rally"",""score"":""19 : 18"",""speed"":""68.8 km/h"",""res"":""Punkt: G. Roma""},{""type"":""rally"",""score"":""18 : 18"",""speed"":""-"",""res"":""Błąd: G. Roma""},{""type"":""chg"",""score"":""18 : 17"",""txt"":""Zmiana: I. Pintilii ⇄ T. Chou""},{""type"":""tmo"",""score"":""18 : 17"",""txt"":""Czas: W124""},{""type"":""rally"",""score"":""18 : 17"",""speed"":""53.3 km/h"",""res"":""Punkt: J. Clements""},{""type"":""rally"",""score"":""17 : 17"",""speed"":""49.4 km/h"",""res"":""Błąd: L. Tyler""},{""type"":""rally"",""score"":""16 : 17"",""speed"":""70.5 km/h"",""res"":""Punkt: G. Roma""},{""type"":""rally"",""score"":""15 : 17"",""speed"":""63.7 km/h"",""res"":""Punkt: F. Hatała""},{""type"":""rally"",""score"":""15 : 16"",""speed"":""58.0 km/h"",""res"":""Punkt: G. Roma""},{""type"":""rally"",""score"":""14 : 16"",""speed"":""67.7 km/h"",""res"":""Punkt: G. Robert""},{""type"":""rally"",""score"":""13 : 16"",""speed"":""49.4 km/h"",""res"":""Punkt: J. Clements""},{""type"":""tmo"",""score"":""12 : 16"",""txt"":""Czas: ""},{""type"":""rally"",""score"":""12 : 16"",""speed"":""74.6 km/h"",""res"":""Punkt: L. Tyler""},{""type"":""rally"",""score"":""12 : 15"",""speed"":""51.6 km/h"",""res"":""Punkt: T. Chou""},{""type"":""rally"",""score"":""12 : 14"",""speed"":""46.4 km/h"",""res"":""Punkt: F. Hatała""},{""type"":""chg"",""score"":""12 : 13"",""txt"":""Zmiana: T. Chou ⇄ I. Pintilii""},{""type"":""rally"",""score"":""12 : 13"",""speed"":""50.7 km/h"",""res"":""Punkt: S. Lunardi""},{""type"":""rally"",""score"":""11 : 13"",""speed"":""64.1 km/h"",""res"":""Punkt: S. Lunardi""},{""type"":""rally"",""score"":""10 : 13"",""speed"":""59.9 km/h"",""res"":""Punkt: B. Paver""},{""type"":""rally"",""score"":""9 : 13"",""speed"":""45.4 km/h"",""res"":""Punkt: B. Paver""},{""type"":""rally"",""score"":""8 : 13"",""speed"":""53.6 km/h"",""res"":""Punkt: F. Hatała""},{""type"":""rally"",""score"":""8 : 12"",""speed"":""50.5 km/h"",""res"":""Błąd: F. Hatała""},{""type"":""rally"",""score"":""7 : 12"",""speed"":""84.4 km/h"",""res"":""Punkt: G. Robert""},{""type"":""rally"",""score"":""6 : 12"",""speed"":""49.4 km/h"",""res"":""Punkt: L. Bourelly""},{""type"":""rally"",""score"":""6 : 11"",""speed"":""77.9 km/h"",""res"":""Punkt: I. Oguri""},{""type"":""rally"",""score"":""6 : 10"",""speed"":""58.8 km/h"",""res"":""Punkt: I. Pintilii""},{""type"":""rally"",""score"":""6 : 9"",""speed"":""73.0 km/h"",""res"":""Punkt: J. Clements""},{""type"":""rally"",""score"":""5 : 9"",""speed"":""42.8 km/h"",""res"":""Punkt: L. Bourelly""},{""type"":""rally"",""score"":""5 : 8"",""speed"":""48.7 km/h"",""res"":""Punkt: J. Clements""},{""type"":""tmo"",""score"":""4 : 8"",""txt"":""Czas: ""},{""type"":""rally"",""score"":""4 : 8"",""speed"":""66.5 km/h"",""res"":""Punkt: L. Tyler""},{""type"":""rally"",""score"":""4 : 7"",""speed"":""54.1 km/h"",""res"":""Punkt: L. Bourelly""},{""type"":""tmo"",""score"":""4 : 6"",""txt"":""Czas: ECZACIBAŞI DYNAVİT""},{""type"":""rally"",""score"":""4 : 6"",""speed"":""74.3 km/h"",""res"":""Błąd: J. Clements""},{""type"":""rally"",""score"":""4 : 5"",""speed"":""56.2 km/h"",""res"":""Punkt: L. Tyler""},{""type"":""rally"",""score"":""4 : 4"",""speed"":""62.5 km/h"",""res"":""Punkt: L. Tyler""},{""type"":""rally"",""score"":""4 : 3"",""speed"":""53.7 km/h"",""res"":""Punkt: G. Roma""},{""type"":""rally"",""score"":""3 : 3"",""speed"":""62.7 km/h"",""res"":""Punkt: F. Hatała""},{""type"":""rally"",""score"":""3 : 2"",""speed"":""55.6 km/h"",""res"":""Punkt: G. Robert""},{""type"":""rally"",""score"":""2 : 2"",""speed"":""52.6 km/h"",""res"":""Punkt: K. Rudzki""},{""type"":""tmo"",""score"":""2 : 1"",""txt"":""Czas: ECZACIBAŞI DYNAVİT""},{""type"":""rally"",""score"":""2 : 1"",""speed"":""55.7 km/h"",""res"":""Punkt: G. Roma""},{""type"":""rally"",""score"":""1 : 1"",""speed"":""46.5 km/h"",""res"":""Punkt: L. Bourelly""},{""type"":""rally"",""score"":""1 : 0"",""speed"":""70.5 km/h"",""res"":""Punkt: B. Paver""}]},{""rallies"":[{""type"":""end"",""score"":""25 : 18"",""txt"":""Koniec seta 3 : 0""},{""type"":""end"",""score"":""25 : 18"",""txt"":""Koniec seta 3 : 0""},{""type"":""rally"",""score"":""25 : 18"",""speed"":""-"",""res"":""Błąd: I. Pintilii""},{""type"":""rally"",""score"":""24 : 18"",""speed"":""59.3 km/h"",""res"":""Błąd: A. Adamiak""},{""type"":""rally"",""score"":""24 : 17"",""speed"":""55.6 km/h"",""res"":""Punkt: G. Robert""},{""type"":""rally"",""score"":""23 : 17"",""speed"":""59.4 km/h"",""res"":""Punkt: G. Robert""},{""type"":""rally"",""score"":""22 : 17"",""speed"":""51.1 km/h"",""res"":""Punkt: K. Rudzki""},{""type"":""rally"",""score"":""22 : 16"",""speed"":""47.1 km/h"",""res"":""Punkt: B. Paver""},{""type"":""rally"",""score"":""21 : 16"",""speed"":""74.5 km/h"",""res"":""Punkt: G. Robert""},{""type"":""rally"",""score"":""20 : 16"",""speed"":""54.1 km/h"",""res"":""Punkt: F. Hatała""},{""type"":""rally"",""score"":""20 : 15"",""speed"":""53.3 km/h"",""res"":""Punkt: I. Pintilii""},{""type"":""rally"",""score"":""20 : 14"",""speed"":""72.4 km/h"",""res"":""Punkt: G. Robert""},{""type"":""rally"",""score"":""19 : 14"",""speed"":""63.4 km/h"",""res"":""Punkt: L. Tyler""},{""type"":""rally"",""score"":""19 : 13"",""speed"":""45.8 km/h"",""res"":""Punkt: G. Robert""},{""type"":""rally"",""score"":""18 : 13"",""speed"":""42.7 km/h"",""res"":""Punkt: S. Lunardi""},{""type"":""rally"",""score"":""17 : 13"",""speed"":""54.1 km/h"",""res"":""Punkt: L. Tyler""},{""type"":""rally"",""score"":""17 : 12"",""speed"":""60.2 km/h"",""res"":""Punkt: G. Roma""},{""type"":""tmo"",""score"":""16 : 12"",""txt"":""Czas: ""},{""type"":""rally"",""score"":""16 : 12"",""speed"":""52.2 km/h"",""res"":""Punkt: S. Lunardi""},{""type"":""rally"",""score"":""15 : 12"",""speed"":""54.2 km/h"",""res"":""Punkt: F. Hatała""},{""type"":""rally"",""score"":""15 : 11"",""speed"":""51.4 km/h"",""res"":""Punkt: G. Roma""},{""type"":""rally"",""score"":""14 : 11"",""speed"":""66.1 km/h"",""res"":""Punkt: G. Robert""},{""type"":""rally"",""score"":""13 : 11"",""speed"":""44.4 km/h"",""res"":""Punkt: F. Hatała""},{""type"":""rally"",""score"":""13 : 10"",""speed"":""53.7 km/h"",""res"":""Punkt: I. Pintilii""},{""type"":""rally"",""score"":""13 : 9"",""speed"":""41.8 km/h"",""res"":""Punkt: B. Paver""},{""type"":""tmo"",""score"":""12 : 9"",""txt"":""Czas: W124""},{""type"":""rally"",""score"":""12 : 9"",""speed"":""50.1 km/h"",""res"":""Punkt: J. Clements""},{""type"":""rally"",""score"":""11 : 9"",""speed"":""41.6 km/h"",""res"":""Błąd: L. Bourelly""},{""type"":""rally"",""score"":""10 : 9"",""speed"":""44.1 km/h"",""res"":""Punkt: B. Paver""},{""type"":""rally"",""score"":""9 : 9"",""speed"":""-"",""res"":""Błąd: C. Nicolita""},{""type"":""rally"",""score"":""9 : 8"",""speed"":""75.7 km/h"",""res"":""Punkt: G. Robert""},{""type"":""rally"",""score"":""8 : 8"",""speed"":""41.1 km/h"",""res"":""Punkt: F. Hatała""},{""type"":""tmo"",""score"":""8 : 7"",""txt"":""Czas: ""},{""type"":""rally"",""score"":""8 : 7"",""speed"":""50.0 km/h"",""res"":""Punkt: G. Robert""},{""type"":""rally"",""score"":""7 : 7"",""speed"":""53.9 km/h"",""res"":""Punkt: J. Clements""},{""type"":""rally"",""score"":""6 : 7"",""speed"":""56.6 km/h"",""res"":""Punkt: L. Tyler""},{""type"":""rally"",""score"":""6 : 6"",""speed"":""75.5 km/h"",""res"":""Punkt: G. Roma""},{""type"":""rally"",""score"":""5 : 6"",""speed"":""63.5 km/h"",""res"":""Punkt: L. Tyler""},{""type"":""rally"",""score"":""5 : 5"",""speed"":""50.3 km/h"",""res"":""Punkt: J. Clements""},{""type"":""rally"",""score"":""4 : 5"",""speed"":""67.4 km/h"",""res"":""Punkt: F. Hatała""},{""type"":""rally"",""score"":""4 : 4"",""speed"":""71.8 km/h"",""res"":""Punkt: G. Robert""},{""type"":""rally"",""score"":""3 : 4"",""speed"":""47.4 km/h"",""res"":""Punkt: K. Rudzki""},{""type"":""rally"",""score"":""3 : 3"",""speed"":""60.5 km/h"",""res"":""Punkt: G. Robert""},{""type"":""tmo"",""score"":""2 : 3"",""txt"":""Czas: ECZACIBAŞI DYNAVİT""},{""type"":""rally"",""score"":""2 : 3"",""speed"":""-"",""res"":""Błąd: L. Bourelly""},{""type"":""tmo"",""score"":""1 : 3"",""txt"":""Czas: ECZACIBAŞI DYNAVİT""},{""type"":""rally"",""score"":""1 : 3"",""speed"":""41.9 km/h"",""res"":""Błąd: G. Roma""},{""type"":""rally"",""score"":""1 : 2"",""speed"":""63.9 km/h"",""res"":""Punkt: F. Hatała""},{""type"":""rally"",""score"":""1 : 1"",""speed"":""-"",""res"":""Błąd: C. Nicolita""},{""type"":""rally"",""score"":""1 : 0"",""speed"":""62.7 km/h"",""res"":""Punkt: B. Paver""}]}]}","2","2","0","0","0","0","7","36","0","0","3","0","0","4","71.2","55.4","0","0","0","0","0","0","0","0","0","0","0","0","0","0","0","0","0","0","0","0","0","0","0","0","0","0","0","0","0","0","57","19","2","3","9","90","0","0","0","0","0","4","0","0","0","0","0","3","0","0","0","0","0","2","1","0","2","0","0","clan-bulk-1.2","0","0","0"
"liga_klanow_2_1","ECZACIBAŞI DYNAVİT vs W124 3:0","1297853","2026-09-18 19:00","Eczacıbaşı Spor Salonu","Turkey II","1391","ECZACIBAŞI DYNAVİT","","Clements, Joshua","1927746","13","3","19","0","1","60.5","25","8","12","48","16","13","8","1","5","2","23","10","2","80","2","20","0","2","36","0","0","0","0","0","0","0","19.8","","1","2","0","0","0","0","2","36","0","0","2","0","0","0","60.5","50","3","1","0","0","2","6","1","0","6","1","0","8","5","0","1","0","0","6","0","0","0","0","0","0","2","0","0","0","3","5","0","0","0","0","0","0","0","2","3","3","8","1","0","0","0","0","0","2","0","0","0","0","0","3","5","5","3","0","0","clan-bulk-1.2","0","0","0"
"liga_klanow_2_1","ECZACIBAŞI DYNAVİT vs W124 3:0","1297853","2026-09-18 19:00","Eczacıbaşı Spor Salonu","Turkey II","1391","ECZACIBAŞI DYNAVİT","","Paver, Bruno","1767867","14","10","12","1","1","67.4","15","3","11","73","53","6","4","1","2","1","33","0","0","0","0","0","2","19","41","0","1","4","0","2","2","0","37.3","","0","0","0","0","0","0","19","41","2","0","14","0","1","5","67.4","57.2","1","0","0","0","0","1","0","0","0","0","0","0","0","0","0","0","0","0","9","1","2","1","1","14","0","0","0","0","0","0","0","1","0","0","3","4","0","0","0","0","0","1","0","0","0","0","0","1","0","0","0","0","0","3","6","5","4","0","0","clan-bulk-1.2","0","0","0"
"liga_klanow_2_1","ECZACIBAŞI DYNAVİT vs W124 3:0","1297853","2026-09-18 19:00","Eczacıbaşı Spor Salonu","Turkey II","1391","ECZACIBAŞI DYNAVİT","","Robert, Gaëtan","1951194","18","14","12","0","1","64.2","21","4","16","76","57","14","9","2","5","2","29","0","0","0","0","0","1","21","46","0","0","0","0","0","0","0","45.8","","2","2","0","0","0","0","21","46","1","0","10","0","0","11","67.7","59.4","3","0","0","0","1","4","3","0","2","0","0","5","4","0","1","0","0","5","0","0","0","0","0","0","6","0","1","0","0","7","0","0","0","0","0","0","0","0","0","0","0","2","0","0","0","0","0","2","0","0","0","0","0","3","4","4","10","0","0","clan-bulk-1.2","0","0","0"
"liga_klanow_2_1","ECZACIBAŞI DYNAVİT vs W124 3:0","1297853","2026-09-18 19:00","Eczacıbaşı Spor Salonu","Turkey II","1391","ECZACIBAŞI DYNAVİT","","Roma, Gaspare","1865462","20","11","12","1","1","65.2","24","7","15","63","33","14","8","2","6","3","36","43","1","98","30","70","4","15","46","0","0","0","0","0","0","0","69.7","","0","0","0","0","0","0","15","46","0","0","3","4","0","12","65.2","57.2","3","1","0","0","2","6","4","0","4","0","0","8","6","0","2","0","0","8","0","0","0","0","0","0","2","0","0","0","0","2","0","0","0","0","0","0","7","18","14","3","42","2","0","0","0","0","0","3","0","0","0","0","0","3","7","7","4","0","0","clan-bulk-1.2","0","0","0"
"liga_klanow_2_1","ECZACIBAŞI DYNAVİT vs W124 3:0","1297853","2026-09-18 19:00","Eczacıbaşı Spor Salonu","Turkey II","1391","ECZACIBAŞI DYNAVİT","","Lunardi, Silvano","1725021","10","8","9","0","0","56","12","2","6","50","33","6","3","1","3","0","17","0","0","0","0","0","4","33","41","0","0","0","0","0","0","0","28.4","","0","0","0","0","0","0","33","41","2","0","17","2","0","16","56","47.3","1","0","1","0","2","4","3","0","1","0","1","5","0","0","0","0","0","0","2","0","0","0","1","3","0","0","0","0","0","0","0","0","0","0","0","0","0","0","0","0","0","1","0","0","0","0","0","0","0","0","0","0","0","3","3","3","2","0","0","clan-bulk-1.2","0","0","0"
"liga_klanow_2_1","ECZACIBAŞI DYNAVİT vs W124 3:0","1297853","2026-09-18 19:00","Eczacıbaşı Spor Salonu","Turkey II","1391","ECZACIBAŞI DYNAVİT","","Adamiak, Adam","1767046","0","0","0","0","0","0","0","0","0","0","0","28","21","14","7","3","61","8","0","100","6","75","0","0","0","1","1","3","0","0","0","3","18","","1","1","0","0","0","0","0","0","0","0","0","0","0","0","0","0","0","0","0","0","0","0","0","0","0","0","0","0","0","0","0","0","0","0","0","0","0","0","0","0","0","0","0","0","0","0","1","1","0","0","1","3","2","2","3","1","8","14","0","0","0","0","0","4","0","0","0","0","0","0","0","0","1","0","0","clan-bulk-1.2","0","0","0"
"liga_klanow_2_1","ECZACIBAŞI DYNAVİT vs W124 3:0","1297853","2026-09-18 19:00","Eczacıbaşı Spor Salonu","Sons of Eternity II","1391","W124","","Oguri, Isao","1929356","1","1","11","0","1","84.4","0","0","0","0","0","17","13","2","4","2","24","0","0","0","0","0","0","16","38","34","11","78","19","35","17","7","5.4","","1","3","0","0","0","0","16","38","0","0","15","0","0","1","84.4","68.4","0","0","0","0","0","0","0","0","0","0","0","0","0","0","0","0","0","0","0","0","0","0","0","0","0","0","0","0","0","0","34","11","1","4","28","78","0","0","0","0","0","0","0","0","0","0","0","0","0","0","0","0","0","1","0","1","0","0","0","clan-bulk-1.2","0","0","0"
"liga_klanow_2_1","ECZACIBAŞI DYNAVİT vs W124 3:0","1297853","2026-09-18 19:00","Eczacıbaşı Spor Salonu","Sons of Eternity II","1391","W124","","Bourelly, Laurent","1745085","10","2","15","1","0","65.3","23","6","7","30","4","16","9","1","7","3","25","21","1","95","11","52","3","23","38","0","0","0","0","0","0","0","26.2","","2","4","0","0","0","0","23","38","2","0","21","1","0","2","65.3","53.6","0","0","0","0","3","3","1","0","3","1","1","6","4","0","0","0","3","7","0","0","0","0","0","0","1","1","2","0","3","7","0","0","0","0","0","0","0","0","0","0","0","0","0","0","0","0","0","0","0","0","0","0","0","3","3","5","2","0","0","clan-bulk-1.2","0","0","0"
"liga_klanow_2_1","ECZACIBAŞI DYNAVİT vs W124 3:0","1297853","2026-09-18 19:00","Eczacıbaşı Spor Salonu","Sons of Eternity II","1391","W124","","Pintilii, Ivan","2032218","11","8","12","2","1","71.8","11","1","6","55","45","5","4","0","1","0","0","0","0","0","0","0","4","25","46","0","0","0","0","0","0","0","32.5","","0","0","0","0","0","0","25","46","3","1","24","1","0","1","71.8","59.2","0","0","0","0","0","0","1","0","1","0","0","2","0","0","0","0","0","0","5","0","0","0","4","9","0","0","0","0","0","0","0","0","0","0","0","0","0","0","0","0","0","0","0","0","0","0","0","0","0","0","0","0","0","3","5","4","3","0","0","clan-bulk-1.2","0","0","0"
"liga_klanow_2_1","ECZACIBAŞI DYNAVİT vs W124 3:0","1297853","2026-09-18 19:00","Eczacıbaşı Spor Salonu","Sons of Eternity II","1391","W124","","Hatała, Franciszek","1929357","15","10","8","2","0","70.5","20","3","10","50","35","14","11","1","3","0","7","0","0","0","0","0","5","39","59","0","0","0","0","0","0","0","36.3","","0","3","0","0","0","0","39","59","5","0","34","0","0","5","70.5","55.7","0","0","0","0","1","1","1","0","1","0","0","2","6","1","0","0","4","11","0","0","0","0","0","0","3","1","0","0","2","6","0","0","0","0","0","0","0","0","0","0","0","0","0","0","0","0","0","0","0","0","0","0","0","3","5","8","6","0","0","clan-bulk-1.2","0","0","0"
"liga_klanow_2_1","ECZACIBAŞI DYNAVİT vs W124 3:0","1297853","2026-09-18 19:00","Eczacıbaşı Spor Salonu","Sons of Eternity II","1391","W124","","Rudzki, Kamil","2139491","3","-2","10","0","0","75.5","12","3","3","25","0","9","5","1","4","1","22","24","2","92","10","42","0","10","59","0","0","0","0","0","0","0","11.5","","1","2","0","0","0","0","10","59","0","0","10","0","0","0","75.5","58.1","1","0","0","0","2","3","0","0","3","0","0","3","1","0","0","0","2","3","0","0","0","0","0","0","1","0","0","0","2","3","0","0","0","0","0","0","0","0","0","0","0","0","0","0","0","0","0","0","0","0","0","0","0","2","0","1","2","0","0","clan-bulk-1.2","0","0","0"
"liga_klanow_2_1","ECZACIBAŞI DYNAVİT vs W124 3:0","1297853","2026-09-18 19:00","Eczacıbaşı Spor Salonu","Sons of Eternity II","1391","W124","","Tyler, Leif","2032217","17","15","6","0","0","73","14","2","8","57","43","3","1","0","2","0","0","0","0","0","0","0","9","33","48","0","0","0","0","0","0","0","48.6","","0","2","0","0","0","0","33","48","8","1","31","1","0","2","73","65.2","0","0","0","0","0","0","1","0","0","0","2","3","0","0","0","0","0","0","7","1","1","0","2","11","0","0","0","0","0","0","0","0","0","0","0","0","0","0","0","0","0","0","0","0","0","0","0","0","0","0","0","0","0","3","7","6","4","0","0","clan-bulk-1.2","0","0","0"
"liga_klanow_2_1","ECZACIBAŞI DYNAVİT vs W124 3:0","1297853","2026-09-18 19:00","Eczacıbaşı Spor Salonu","Sons of Eternity II","1391","W124","","Pavlov, Alexander","1904095","0","-1","0","0","0","0","0","0","0","0","0","13","9","1","4","3","31","25","1","96","9","36","0","0","0","1","0","4","1","0","2","1","13.2","","3","4","0","0","0","0","0","0","0","0","0","0","0","0","0","0","0","0","0","0","0","0","0","0","0","0","0","0","0","0","0","0","0","0","0","0","0","0","0","0","0","0","0","0","0","0","1","0","0","0","3","4","0","0","0","0","0","0","0","0","0","0","0","0","0","0","0","0","0","0","0","0","0","0","0","clan-bulk-1.2","0","0","0"
"liga_klanow_2_1","ECZACIBAŞI DYNAVİT vs W124 3:0","1297853","2026-09-18 19:00","Eczacıbaşı Spor Salonu","Sons of Eternity II","1391","W124","","Chou, Tanakorn","2032219","3","3","4","0","1","74.6","2","0","2","100","100","2","1","0","1","1","50","0","0","0","0","0","0","2","3","0","0","0","0","0","0","0","7.4","","0","0","0","0","0","0","2","3","0","0","2","0","0","0","74.6","58.2","0","0","0","0","0","0","0","0","0","0","0","0","0","0","0","0","0","0","2","0","0","0","0","2","0","0","0","0","0","0","0","0","0","0","0","0","0","0","0","0","0","0","0","0","0","0","0","0","0","0","0","0","0","1","2","1","0","0","0","clan-bulk-1.2","0","0","0"
"liga_klanow_2_1","Fedorovtseva 🌿 vs Vollley Rybnik 3:0","1297854","2026-09-18 19:00","FB Medicana10","Turkey II","1391","Fedorovtseva 🌿","","Król, Olaf","2032196","3","3","9","0","1","50.7","0","0","0","0","0","12","7","1","5","3","33","0","0","0","0","0","2","25","49","37","13","77","19","23","29","6","11","{""sets"":[{""h"":25,""a"":14},{""h"":25,""a"":15},{""h"":25,""a"":10}],""parsedSets"":[{""rallies"":[{""type"":""end"",""score"":""25 : 14"",""txt"":""Koniec seta 1 : 0""},{""type"":""end"",""score"":""25 : 14"",""txt"":""Koniec seta 1 : 0""},{""type"":""rally"",""score"":""25 : 14"",""speed"":""41.4 km/h"",""res"":""Punkt: D. Kaczorek""},{""type"":""rally"",""score"":""24 : 14"",""speed"":""53.4 km/h"",""res"":""Punkt: D. Kaczorek""},{""type"":""rally"",""score"":""23 : 14"",""speed"":""-"",""res"":""Błąd: J. Bentley""},{""type"":""rally"",""score"":""22 : 14"",""speed"":""46.8 km/h"",""res"":""Punkt: J. Bentley""},{""type"":""rally"",""score"":""22 : 13"",""speed"":""45.6 km/h"",""res"":""Punkt: O. Król""},{""type"":""rally"",""score"":""21 : 13"",""speed"":""55.7 km/h"",""res"":""Punkt: Ž. Kolacić""},{""type"":""rally"",""score"":""20 : 13"",""speed"":""63.6 km/h"",""res"":""Punkt: J. Bentley""},{""type"":""rally"",""score"":""20 : 12"",""speed"":""58.3 km/h"",""res"":""Błąd: S. Dudko""},{""type"":""rally"",""score"":""20 : 11"",""speed"":""42.8 km/h"",""res"":""Punkt: J. Bentley""},{""type"":""rally"",""score"":""20 : 10"",""speed"":""50.5 km/h"",""res"":""Punkt: Ž. Kolacić""},{""type"":""rally"",""score"":""19 : 10"",""speed"":""47.3 km/h"",""res"":""Punkt: Ž. Kolacić""},{""type"":""tmo"",""score"":""18 : 10"",""txt"":""Czas: Vollley Rybnik""},{""type"":""rally"",""score"":""18 : 10"",""speed"":""58.7 km/h"",""res"":""Punkt: Ž. Kolacić""},{""type"":""rally"",""score"":""17 : 10"",""speed"":""45.4 km/h"",""res"":""Punkt: Ž. Kolacić""},{""type"":""tmo"",""score"":""16 : 10"",""txt"":""Czas: ""},{""type"":""rally"",""score"":""16 : 10"",""speed"":""69.7 km/h"",""res"":""Punkt: S. Dudko""},{""type"":""rally"",""score"":""15 : 10"",""speed"":""41.9 km/h"",""res"":""Punkt: M. Głowacki""},{""type"":""rally"",""score"":""15 : 9"",""speed"":""47.6 km/h"",""res"":""Punkt: D. Kaczorek""},{""type"":""rally"",""score"":""14 : 9"",""speed"":""47.5 km/h"",""res"":""Punkt: M. Janjic""},{""type"":""rally"",""score"":""14 : 8"",""speed"":""65.8 km/h"",""res"":""Punkt: D. Kaczorek""},{""type"":""rally"",""score"":""13 : 8"",""speed"":""41.7 km/h"",""res"":""Punkt: M. Janjic""},{""type"":""rally"",""score"":""13 : 7"",""speed"":""57.1 km/h"",""res"":""Błąd: R. Newman""},{""type"":""rally"",""score"":""12 : 7"",""speed"":""46.9 km/h"",""res"":""Punkt: M. Janjic""},{""type"":""rally"",""score"":""12 : 6"",""speed"":""53.5 km/h"",""res"":""Punkt: D. Kaczorek""},{""type"":""rally"",""score"":""11 : 6"",""speed"":""47.3 km/h"",""res"":""Punkt: D. Kaczorek""},{""type"":""rally"",""score"":""10 : 6"",""speed"":""49.9 km/h"",""res"":""Punkt: D. Kaczorek""},{""type"":""rally"",""score"":""9 : 6"",""speed"":""56.6 km/h"",""res"":""Punkt: R. Nikolov""},{""type"":""rally"",""score"":""8 : 6"",""speed"":""44.0 km/h"",""res"":""Punkt: J. Bentley""},{""type"":""tmo"",""score"":""8 : 5"",""txt"":""Czas: ""},{""type"":""rally"",""score"":""8 : 5"",""speed"":""57.4 km/h"",""res"":""Punkt: Ž. Kolacić""},{""type"":""rally"",""score"":""7 : 5"",""speed"":""52.7 km/h"",""res"":""Punkt: Ž. Kolacić""},{""type"":""chg"",""score"":""6 : 5"",""txt"":""Zmiana: M. Janjic ⇄ K. Tanabe""},{""type"":""rally"",""score"":""6 : 5"",""speed"":""53.6 km/h"",""res"":""Punkt: Ž. Kolacić""},{""type"":""rally"",""score"":""5 : 5"",""speed"":""53.6 km/h"",""res"":""Punkt: M. Głowacki""},{""type"":""rally"",""score"":""5 : 4"",""speed"":""56.4 km/h"",""res"":""Punkt: O. Król""},{""type"":""rally"",""score"":""4 : 4"",""speed"":""42.6 km/h"",""res"":""Punkt: Ž. Kolacić""},{""type"":""chg"",""score"":""3 : 4"",""txt"":""Zmiana: A. Zalewski ⇄ N. Vallieri""},{""type"":""rally"",""score"":""3 : 4"",""speed"":""55.4 km/h"",""res"":""Punkt: Ž. Kolacić""},{""type"":""chg"",""score"":""2 : 4"",""txt"":""Zmiana: J. Bentley ⇄ S. Chevrier""},{""type"":""rally"",""score"":""2 : 4"",""speed"":""47.0 km/h"",""res"":""Punkt: K. Tanabe""},{""type"":""rally"",""score"":""2 : 3"",""speed"":""49.4 km/h"",""res"":""Punkt: D. Kaczorek""},{""type"":""rally"",""score"":""1 : 3"",""speed"":""64.3 km/h"",""res"":""Błąd: S. Dudko""},{""type"":""rally"",""score"":""1 : 2"",""speed"":""42.5 km/h"",""res"":""Punkt: K. Tanabe""},{""type"":""rally"",""score"":""1 : 1"",""speed"":""67.3 km/h"",""res"":""Punkt: D. Kaczorek""},{""type"":""chg"",""score"":""0 : 1"",""txt"":""Zmiana: S. Chevrier ⇄ J. Bentley""},{""type"":""chg"",""score"":""0 : 1"",""txt"":""Zmiana: N. Vallieri ⇄ A. Zalewski""},{""type"":""chg"",""score"":""0 : 1"",""txt"":""Zmiana: K. Tanabe ⇄ M. Janjic""},{""type"":""rally"",""score"":""0 : 1"",""speed"":""47.6 km/h"",""res"":""Punkt: M. Janjic""}]},{""rallies"":[{""type"":""end"",""score"":""25 : 15"",""txt"":""Koniec seta 2 : 0""},{""type"":""end"",""score"":""25 : 15"",""txt"":""Koniec seta 2 : 0""},{""type"":""rally"",""score"":""25 : 15"",""speed"":""51.2 km/h"",""res"":""Punkt: D. Kaczorek""},{""type"":""rally"",""score"":""24 : 15"",""speed"":""44.0 km/h"",""res"":""Punkt: J. Bentley""},{""type"":""rally"",""score"":""24 : 14"",""speed"":""59.5 km/h"",""res"":""Punkt: Ž. Kolacić""},{""type"":""rally"",""score"":""23 : 14"",""speed"":""56.4 km/h"",""res"":""Punkt: J. Bentley""},{""type"":""rally"",""score"":""23 : 13"",""speed"":""-"",""res"":""Błąd: M. Janjic""},{""type"":""rally"",""score"":""22 : 13"",""speed"":""47.8 km/h"",""res"":""Punkt: J. Bentley""},{""type"":""rally"",""score"":""22 : 12"",""speed"":""45.2 km/h"",""res"":""Punkt: M. Cornet""},{""type"":""rally"",""score"":""21 : 12"",""speed"":""58.0 km/h"",""res"":""Punkt: Ž. Kolacić""},{""type"":""rally"",""score"":""20 : 12"",""speed"":""57.5 km/h"",""res"":""Punkt: R. Newman""},{""type"":""rally"",""score"":""20 : 11"",""speed"":""69.0 km/h"",""res"":""Punkt: R. Nikolov""},{""type"":""rally"",""score"":""19 : 11"",""speed"":""46.8 km/h"",""res"":""Punkt: R. Newman""},{""type"":""rally"",""score"":""19 : 10"",""speed"":""58.2 km/h"",""res"":""Punkt: M. Cornet""},{""type"":""rally"",""score"":""18 : 10"",""speed"":""63.3 km/h"",""res"":""Punkt: D. Kaczorek""},{""type"":""rally"",""score"":""17 : 10"",""speed"":""54.6 km/h"",""res"":""Punkt: R. Newman""},{""type"":""rally"",""score"":""17 : 9"",""speed"":""49.8 km/h"",""res"":""Błąd: D. Kaczorek""},{""type"":""rally"",""score"":""17 : 8"",""speed"":""45.4 km/h"",""res"":""Punkt: D. Kaczorek""},{""type"":""rally"",""score"":""16 : 8"",""speed"":""53.6 km/h"",""res"":""Punkt: D. Hervet""},{""type"":""tmo"",""score"":""16 : 7"",""txt"":""Czas: ""},{""type"":""rally"",""score"":""16 : 7"",""speed"":""50.1 km/h"",""res"":""Punkt: Ž. Kolacić""},{""type"":""rally"",""score"":""15 : 7"",""speed"":""57.8 km/h"",""res"":""Błąd: M. Wróbel""},{""type"":""rally"",""score"":""15 : 6"",""speed"":""51.2 km/h"",""res"":""Błąd: M. Głowacki""},{""type"":""rally"",""score"":""14 : 6"",""speed"":""70.4 km/h"",""res"":""Punkt: Ž. Kolacić""},{""type"":""rally"",""score"":""13 : 6"",""speed"":""70.3 km/h"",""res"":""Błąd: Ž. Kolacić""},{""type"":""rally"",""score"":""13 : 5"",""speed"":""47.3 km/h"",""res"":""Punkt: J. Bentley""},{""type"":""rally"",""score"":""13 : 4"",""speed"":""59.3 km/h"",""res"":""Punkt: A. Zalewski""},{""type"":""rally"",""score"":""13 : 3"",""speed"":""59.5 km/h"",""res"":""Błąd: Ž. Kolacić""},{""type"":""rally"",""score"":""13 : 2"",""speed"":""56.7 km/h"",""res"":""Punkt: Ž. Kolacić""},{""type"":""rally"",""score"":""12 : 2"",""speed"":""57.0 km/h"",""res"":""Błąd: M. Janjic""},{""type"":""rally"",""score"":""11 : 2"",""speed"":""58.5 km/h"",""res"":""Punkt: Ž. Kolacić""},{""type"":""rally"",""score"":""10 : 2"",""speed"":""48.8 km/h"",""res"":""Błąd: J. Bentley""},{""type"":""chg"",""score"":""9 : 2"",""txt"":""Zmiana: M. Janjic ⇄ K. Tanabe""},{""type"":""rally"",""score"":""9 : 2"",""speed"":""57.9 km/h"",""res"":""Punkt: Ž. Kolacić""},{""type"":""tmo"",""score"":""8 : 2"",""txt"":""Czas: ""},{""type"":""rally"",""score"":""8 : 2"",""speed"":""43.2 km/h"",""res"":""Punkt: Ž. Kolacić""},{""type"":""rally"",""score"":""7 : 2"",""speed"":""59.6 km/h"",""res"":""Punkt: R. Nikolov""},{""type"":""rally"",""score"":""6 : 2"",""speed"":""52.7 km/h"",""res"":""Punkt: R. Nikolov""},{""type"":""chg"",""score"":""5 : 2"",""txt"":""Zmiana: A. Zalewski ⇄ N. Vallieri""},{""type"":""rally"",""score"":""5 : 2"",""speed"":""42.7 km/h"",""res"":""Punkt: M. Cornet""},{""type"":""chg"",""score"":""4 : 2"",""txt"":""Zmiana: J. Bentley ⇄ S. Chevrier""},{""type"":""rally"",""score"":""4 : 2"",""speed"":""54.5 km/h"",""res"":""Punkt: R. Newman""},{""type"":""rally"",""score"":""4 : 1"",""speed"":""49.7 km/h"",""res"":""Punkt: Ž. Kolacić""},{""type"":""rally"",""score"":""3 : 1"",""speed"":""62.5 km/h"",""res"":""Punkt: R. Nikolov""},{""type"":""rally"",""score"":""2 : 1"",""speed"":""60.3 km/h"",""res"":""Punkt: D. Kaczorek""},{""type"":""rally"",""score"":""1 : 1"",""speed"":""52.0 km/h"",""res"":""Punkt: K. Tanabe""},{""type"":""chg"",""score"":""1 : 0"",""txt"":""Zmiana: S. Chevrier ⇄ J. Bentley""},{""type"":""chg"",""score"":""1 : 0"",""txt"":""Zmiana: N. Vallieri ⇄ A. Zalewski""},{""type"":""chg"",""score"":""1 : 0"",""txt"":""Zmiana: K. Tanabe ⇄ M. Janjic""},{""type"":""chg"",""score"":""1 : 0"",""txt"":""Zmiana: M. Cornet ⇄ S. Dudko""},{""type"":""rally"",""score"":""1 : 0"",""speed"":""49.0 km/h"",""res"":""Punkt: R. Nikolov""}]},{""rallies"":[{""type"":""end"",""score"":""25 : 10"",""txt"":""Koniec seta 3 : 0""},{""type"":""end"",""score"":""25 : 10"",""txt"":""Koniec seta 3 : 0""},{""type"":""rally"",""score"":""25 : 10"",""speed"":""57.9 km/h"",""res"":""Punkt: Ö. Aykan""},{""type"":""rally"",""score"":""24 : 10"",""speed"":""51.8 km/h"",""res"":""Błąd: M. Janjic""},{""type"":""rally"",""score"":""23 : 10"",""speed"":""41.6 km/h"",""res"":""Punkt: A. Takahashi""},{""type"":""tmo"",""score"":""22 : 10"",""txt"":""Czas: Vollley Rybnik""},{""type"":""rally"",""score"":""22 : 10"",""speed"":""58.9 km/h"",""res"":""Błąd: M. Janjic""},{""type"":""rally"",""score"":""21 : 10"",""speed"":""52.2 km/h"",""res"":""Punkt: Ö. Aykan""},{""type"":""rally"",""score"":""20 : 10"",""speed"":""60.8 km/h"",""res"":""Błąd: D. Hervet""},{""type"":""rally"",""score"":""19 : 10"",""speed"":""49.4 km/h"",""res"":""Punkt: R. Newman""},{""type"":""rally"",""score"":""19 : 9"",""speed"":""50.7 km/h"",""res"":""Punkt: R. Newman""},{""type"":""rally"",""score"":""19 : 8"",""speed"":""46.7 km/h"",""res"":""Błąd: D. Hervet""},{""type"":""rally"",""score"":""18 : 8"",""speed"":""50.8 km/h"",""res"":""Błąd: R. Newman""},{""type"":""rally"",""score"":""17 : 8"",""speed"":""43.7 km/h"",""res"":""Punkt: D. Hervet""},{""type"":""rally"",""score"":""17 : 7"",""speed"":""61.5 km/h"",""res"":""Punkt: E. Wright""},{""type"":""rally"",""score"":""16 : 7"",""speed"":""54.8 km/h"",""res"":""Punkt: J. Bentley""},{""type"":""rally"",""score"":""16 : 6"",""speed"":""-"",""res"":""Błąd: S. Dudko""},{""type"":""tmo"",""score"":""16 : 5"",""txt"":""Czas: ""},{""type"":""rally"",""score"":""16 : 5"",""speed"":""44.6 km/h"",""res"":""Punkt: E. Wright""},{""type"":""rally"",""score"":""15 : 5"",""speed"":""54.2 km/h"",""res"":""Punkt: Ž. Kolacić""},{""type"":""rally"",""score"":""14 : 5"",""speed"":""44.6 km/h"",""res"":""Punkt: Ž. Kolacić""},{""type"":""rally"",""score"":""13 : 5"",""speed"":""57.1 km/h"",""res"":""Punkt: A. Zalewski""},{""type"":""rally"",""score"":""13 : 4"",""speed"":""71.8 km/h"",""res"":""Punkt: Ö. Aykan""},{""type"":""rally"",""score"":""12 : 4"",""speed"":""44.7 km/h"",""res"":""Błąd: A. Takahashi""},{""type"":""rally"",""score"":""12 : 3"",""speed"":""51.3 km/h"",""res"":""Punkt: Ž. Kolacić""},{""type"":""rally"",""score"":""11 : 3"",""speed"":""66.5 km/h"",""res"":""Punkt: Ö. Aykan""},{""type"":""rally"",""score"":""10 : 3"",""speed"":""57.3 km/h"",""res"":""Punkt: M. Janjic""},{""type"":""rally"",""score"":""10 : 2"",""speed"":""46.4 km/h"",""res"":""Punkt: E. Wright""},{""type"":""chg"",""score"":""9 : 2"",""txt"":""Zmiana: M. Janjic ⇄ K. Tanabe""},{""type"":""rally"",""score"":""9 : 2"",""speed"":""46.9 km/h"",""res"":""Punkt: Ö. Aykan""},{""type"":""tmo"",""score"":""8 : 2"",""txt"":""Czas: ""},{""type"":""rally"",""score"":""8 : 2"",""speed"":""42.6 km/h"",""res"":""Punkt: A. Takahashi""},{""type"":""rally"",""score"":""7 : 2"",""speed"":""57.3 km/h"",""res"":""Punkt: Ö. Aykan""},{""type"":""rally"",""score"":""6 : 2"",""speed"":""47.1 km/h"",""res"":""Punkt: Ö. Aykan""},{""type"":""chg"",""score"":""5 : 2"",""txt"":""Zmiana: A. Zalewski ⇄ N. Vallieri""},{""type"":""rally"",""score"":""5 : 2"",""speed"":""44.6 km/h"",""res"":""Punkt: Ö. Aykan""},{""type"":""chg"",""score"":""4 : 2"",""txt"":""Zmiana: J. Bentley ⇄ S. Chevrier""},{""type"":""rally"",""score"":""4 : 2"",""speed"":""49.0 km/h"",""res"":""Punkt: S. Dudko""},{""type"":""rally"",""score"":""3 : 2"",""speed"":""73.9 km/h"",""res"":""Punkt: K. Tanabe""},{""type"":""rally"",""score"":""3 : 1"",""speed"":""48.4 km/h"",""res"":""Punkt: K. Tanabe""},{""type"":""rally"",""score"":""3 : 0"",""speed"":""48.3 km/h"",""res"":""Punkt: E. Wright""},{""type"":""rally"",""score"":""2 : 0"",""speed"":""42.5 km/h"",""res"":""Punkt: O. Król""},{""type"":""chg"",""score"":""1 : 0"",""txt"":""Zmiana: S. Chevrier ⇄ J. Bentley""},{""type"":""chg"",""score"":""1 : 0"",""txt"":""Zmiana: N. Vallieri ⇄ A. Zalewski""},{""type"":""chg"",""score"":""1 : 0"",""txt"":""Zmiana: K. Tanabe ⇄ M. Janjic""},{""type"":""chg"",""score"":""1 : 0"",""txt"":""Zmiana: A. Takahashi ⇄ D. Kaczorek""},{""type"":""chg"",""score"":""1 : 0"",""txt"":""Zmiana: �. Aykan ⇄ R. Nikolov""},{""type"":""rally"",""score"":""1 : 0"",""speed"":""44.4 km/h"",""res"":""Punkt: D. Kaczorek""}]}]}","2","2","0","0","0","0","25","49","2","0","21","0","0","4","50.7","46.7","0","0","0","0","0","0","0","0","0","0","0","0","0","0","0","0","0","0","0","0","0","0","0","0","0","0","0","0","0","0","37","13","5","4","18","77","0","0","0","0","0","0","0","0","0","0","0","0","0","0","0","0","0","2","2","0","1","0","0","clan-bulk-1.2","0","0","0"
"liga_klanow_2_1","Fedorovtseva 🌿 vs Vollley Rybnik 3:0","1297854","2026-09-18 19:00","FB Medicana10","Turkey II","1391","Fedorovtseva 🌿","","Wright, Ethan","1950850","5","3","17","0","1","58.9","4","2","1","25","-25","14","8","8","6","5","93","16","0","100","7","44","3","24","35","0","0","0","0","0","0","0","28.6","","4","4","0","0","0","0","24","35","3","0","19","0","0","5","58.9","50.1","0","0","0","0","0","0","0","0","2","1","0","3","0","0","0","0","1","1","0","0","0","0","0","0","0","0","0","0","0","0","0","0","0","0","0","0","0","0","0","0","0","0","0","0","0","0","0","0","0","0","0","0","0","1","0","0","4","0","0","clan-bulk-1.2","0","0","0"
"liga_klanow_2_1","Fedorovtseva 🌿 vs Vollley Rybnik 3:0","1297854","2026-09-18 19:00","FB Medicana10","Turkey II","1391","Fedorovtseva 🌿","","Kaczorek, Dariusz","1904043","15","13","6","0","0","62.5","17","2","14","82","71","2","1","1","1","1","100","0","0","0","0","0","1","14","23","0","1","1","0","0","0","1","43.4","","1","1","0","0","0","0","14","23","1","0","9","0","0","5","62.5","52.2","2","0","0","0","1","3","1","0","1","1","0","3","0","0","0","0","0","0","10","1","0","0","0","11","0","0","0","0","0","0","0","1","0","0","0","1","0","0","0","0","0","0","0","0","0","0","0","0","0","0","0","0","0","3","9","5","1","0","0","clan-bulk-1.2","0","0","0"
"liga_klanow_2_1","Fedorovtseva 🌿 vs Vollley Rybnik 3:0","1297854","2026-09-18 19:00","FB Medicana10","Turkey II","1391","Fedorovtseva 🌿","","Nikolov, Rumen","1903435","7","5","19","0","2","59.5","9","2","4","44","22","12","7","3","5","4","58","0","0","0","0","0","1","12","22","0","0","0","0","0","0","0","18","","4","4","0","0","0","0","12","22","1","1","10","0","0","2","59.6","51.8","0","0","0","0","2","2","0","0","2","1","0","3","2","0","0","0","1","3","0","0","0","0","0","0","1","0","0","0","0","1","0","0","0","0","0","0","0","0","0","0","0","0","0","0","0","0","0","0","0","0","0","0","0","2","1","5","0","0","0","clan-bulk-1.2","0","0","0"
"liga_klanow_2_1","Fedorovtseva 🌿 vs Vollley Rybnik 3:0","1297854","2026-09-18 19:00","FB Medicana10","Turkey II","1391","Fedorovtseva 🌿","","Dudko, Szymon","1905493","2","-2","8","1","0","57.4","6","2","2","33","0","8","2","1","6","5","75","14","1","93","3","21","0","22","39","0","0","0","0","0","0","0","7.2","","4","4","0","0","0","0","22","39","0","0","17","0","0","5","57.4","49.3","0","0","0","0","2","2","0","1","0","0","0","1","1","0","1","0","0","2","0","0","0","0","0","0","1","0","0","0","0","1","0","0","0","0","0","0","0","0","0","0","0","0","0","0","0","0","0","0","0","0","0","0","0","2","3","0","2","0","0","clan-bulk-1.2","0","0","0"
"liga_klanow_2_1","Fedorovtseva 🌿 vs Vollley Rybnik 3:0","1297854","2026-09-18 19:00","FB Medicana10","Turkey II","1391","Fedorovtseva 🌿","","Kolacić, Žarko","2003328","24","18","9","0","0","0","31","6","17","55","35","3","2","0","1","0","0","0","0","0","0","0","7","35","49","0","0","0","0","0","0","0","53","","0","0","0","0","0","0","35","49","5","0","23","2","3","12","53.6","48.2","1","0","2","0","3","6","3","0","1","0","0","4","0","0","0","0","0","0","13","2","1","0","5","21","0","0","0","0","0","0","0","0","0","0","0","0","0","0","0","0","0","0","0","0","0","0","0","0","0","0","0","0","0","3","10","11","3","0","0","clan-bulk-1.2","0","0","0"
"liga_klanow_2_1","Fedorovtseva 🌿 vs Vollley Rybnik 3:0","1297854","2026-09-18 19:00","FB Medicana10","Turkey II","1391","Fedorovtseva 🌿","","Wróbel, Michał","1951102","0","0","0","0","0","0","0","0","0","0","0","16","10","6","6","2","50","2","0","100","2","100","0","0","0","1","0","3","0","0","3","0","7.2","","2","4","0","0","0","0","0","0","0","0","0","0","0","0","0","0","0","0","0","0","0","0","0","0","0","0","0","0","0","0","0","0","0","0","0","0","0","0","0","0","0","0","0","0","0","0","1","0","0","0","2","3","0","0","0","0","0","0","0","0","0","0","0","0","0","0","0","0","0","0","0","1","0","0","0","clan-bulk-1.2","0","0","0"
"liga_klanow_2_1","Fedorovtseva 🌿 vs Vollley Rybnik 3:0","1297854","2026-09-18 19:00","FB Medicana10","Turkey II","1391","Fedorovtseva 🌿","","Takahashi, Akihisa","2060429","3","1","2","0","0","51.3","5","2","2","40","0","2","0","0","2","0","0","0","0","0","0","0","1","20","24","0","0","0","0","0","0","0","4","","0","0","0","0","0","0","20","24","1","1","19","0","0","1","51.3","48","0","0","0","0","1","1","1","0","2","0","0","3","0","0","0","0","0","0","0","0","0","1","0","1","0","0","0","0","0","0","0","0","0","0","0","0","0","0","0","0","0","0","0","0","0","0","0","0","0","0","0","0","0","1","0","0","3","0","0","clan-bulk-1.2","0","0","0"
"liga_klanow_2_1","Fedorovtseva 🌿 vs Vollley Rybnik 3:0","1297854","2026-09-18 19:00","FB Medicana10","Turkey II","1391","Fedorovtseva 🌿","","Cornet, Marc","2032479","3","1","3","0","0","57.8","4","2","1","25","-25","5","2","1","3","1","40","6","0","100","4","67","2","11","22","0","0","0","0","0","0","0","10.2","","0","0","0","0","0","0","11","22","2","0","10","0","0","1","57.8","55.1","0","0","0","0","0","0","0","0","2","0","0","2","1","0","0","0","1","2","0","0","0","0","0","0","0","0","0","0","0","0","0","0","0","0","0","0","0","0","0","0","0","0","0","0","0","0","0","0","0","0","0","0","0","1","0","3","0","0","0","clan-bulk-1.2","0","0","0"
"liga_klanow_2_1","Fedorovtseva 🌿 vs Vollley Rybnik 3:0","1297854","2026-09-18 19:00","FB Medicana10","Turkey II","1391","Fedorovtseva 🌿","","Aykan, Özkan","1950797","9","9","1","0","0","0","5","0","2","40","40","3","1","1","2","1","67","0","0","0","0","0","7","20","25","0","0","0","0","0","0","0","26.2","","1","1","0","0","0","0","20","25","7","1","18","0","0","2","57.1","57.1","0","0","0","0","0","0","1","0","0","1","0","2","0","0","0","0","3","3","0","0","0","0","0","0","0","0","0","0","0","0","0","0","0","0","0","0","0","0","0","0","0","0","0","0","0","0","0","0","0","0","0","0","0","1","0","0","8","0","0","clan-bulk-1.2","0","0","0"
"liga_klanow_2_1","Fedorovtseva 🌿 vs Vollley Rybnik 3:0","1297854","2026-09-18 19:00","FB Medicana10","Sons of Eternity II","1391","Vollley Rybnik","","Zalewski, Arkadiusz","1767182","2","2","5","0","0","63.3","0","0","0","0","0","9","5","2","4","1","33","0","0","0","0","0","2","12","35","16","20","78","11","16","26","25","8","","1","2","0","0","0","0","12","35","2","0","6","0","0","6","63.3","55","0","0","0","0","0","0","0","0","0","0","0","0","0","0","0","0","0","0","0","0","0","0","0","0","0","0","0","0","0","0","16","20","3","6","33","78","0","0","0","0","0","0","0","0","0","0","0","0","0","0","0","0","0","2","0","1","1","0","0","clan-bulk-1.2","0","0","0"
"liga_klanow_2_1","Fedorovtseva 🌿 vs Vollley Rybnik 3:0","1297854","2026-09-18 19:00","FB Medicana10","Sons of Eternity II","1391","Vollley Rybnik","","Hervet, David","2003290","3","-6","8","0","0","73.9","18","7","3","17","-22","14","8","1","6","3","29","33","2","94","8","24","0","4","28","0","0","0","0","0","0","0","4.7","","2","2","0","0","0","0","4","28","0","0","1","0","0","3","73.9","61.9","0","2","0","0","4","6","0","0","1","1","0","2","2","0","1","0","2","5","0","0","0","0","0","0","0","0","3","0","2","5","0","0","0","0","0","0","0","0","0","0","0","0","0","0","0","0","0","0","0","0","0","0","0","2","0","1","3","0","0","clan-bulk-1.2","0","0","0"
"liga_klanow_2_1","Fedorovtseva 🌿 vs Vollley Rybnik 3:0","1297854","2026-09-18 19:00","FB Medicana10","Sons of Eternity II","1391","Vollley Rybnik","","Newman, Russ","1976791","7","6","6","0","0","66.5","2","1","1","50","0","7","2","0","5","0","0","0","0","0","0","0","6","25","37","0","0","0","0","0","0","0","18.5","","0","0","0","0","0","0","25","37","5","1","15","1","1","10","66.5","54.8","1","0","0","0","0","1","0","0","0","0","0","0","0","0","0","0","0","0","0","0","1","0","0","1","0","0","0","0","0","0","0","0","0","0","0","0","0","0","0","0","0","0","0","0","0","0","0","0","0","0","0","0","0","3","1","4","3","0","0","clan-bulk-1.2","0","0","0"
"liga_klanow_2_1","Fedorovtseva 🌿 vs Vollley Rybnik 3:0","1297854","2026-09-18 19:00","FB Medicana10","Sons of Eternity II","1391","Vollley Rybnik","","Janjic, Mensur","1927892","6","-5","7","1","0","71.8","30","10","6","20","-13","12","9","0","3","0","0","0","0","0","0","0","0","13","28","0","0","0","0","0","0","0","-6.6","","0","0","0","0","0","0","13","28","0","1","7","0","1","6","71.8","64.8","1","2","0","0","6","9","1","1","5","1","1","9","2","0","1","0","5","8","0","0","0","0","0","0","1","0","1","0","2","4","0","0","0","0","0","0","0","0","0","0","0","0","0","0","0","0","0","0","0","0","0","0","0","3","4","2","3","0","0","clan-bulk-1.2","0","0","0"
"liga_klanow_2_1","Fedorovtseva 🌿 vs Vollley Rybnik 3:0","1297854","2026-09-18 19:00","FB Medicana10","Sons of Eternity II","1391","Vollley Rybnik","","Głowacki, Marcin","2004530","2","2","7","0","0","63.6","6","0","2","33","33","13","4","1","9","4","38","24","0","100","3","13","0","25","53","0","0","0","0","0","0","0","17.2","","2","2","0","0","0","0","25","53","0","0","15","0","0","10","63.6","55.1","0","0","0","0","1","1","0","0","0","0","2","2","2","0","0","0","1","3","0","0","0","0","0","0","0","0","0","0","0","0","0","0","0","0","0","0","0","0","0","0","0","0","0","0","0","0","0","0","0","0","0","0","0","2","2","1","0","0","0","clan-bulk-1.2","0","0","0"
"liga_klanow_2_1","Fedorovtseva 🌿 vs Vollley Rybnik 3:0","1297854","2026-09-18 19:00","FB Medicana10","Sons of Eternity II","1391","Vollley Rybnik","","Bentley, James","1975847","13","5","6","1","1","61.5","20","7","7","35","0","1","0","0","1","1","100","0","0","0","0","0","5","21","42","0","0","0","0","0","0","0","20.9","","0","0","0","0","0","0","21","42","2","0","11","3","1","10","61.5","53.9","0","0","1","1","2","4","0","0","4","0","0","4","0","0","0","0","0","0","6","1","1","0","4","12","0","0","0","0","0","0","0","0","0","0","0","0","0","0","0","0","0","0","0","0","0","0","0","0","0","0","0","0","0","3","5","5","1","0","0","clan-bulk-1.2","0","0","0"
"liga_klanow_2_1","Fedorovtseva 🌿 vs Vollley Rybnik 3:0","1297854","2026-09-18 19:00","FB Medicana10","Sons of Eternity II","1391","Vollley Rybnik","","Bieniek, Janusz","1864742","0","-2","0","0","0","0","0","0","0","0","0","29","16","7","13","6","45","16","2","88","5","31","0","0","0","0","1","4","0","0","1","3","11.6","","4","5","0","0","0","0","0","0","0","0","0","0","0","0","0","0","0","0","0","0","0","0","0","0","0","0","0","0","0","0","0","0","0","0","0","0","0","0","0","0","0","0","0","0","0","0","0","1","1","0","2","4","0","0","0","0","0","0","0","0","0","0","0","0","0","0","0","0","0","0","0","0","0","0","0","clan-bulk-1.2","0","0","0"
"liga_klanow_2_1","Fedorovtseva 🌿 vs Vollley Rybnik 3:0","1297854","2026-09-18 19:00","FB Medicana10","Sons of Eternity II","1391","Vollley Rybnik","","Tanabe, Kinnosuke","1949773","8","3","1","0","0","55.4","20","5","7","35","10","2","1","0","1","0","0","0","0","0","0","0","1","7","17","0","0","0","0","0","0","0","11.5","","0","1","0","0","0","0","7","17","1","0","5","0","0","2","55.4","55.4","0","0","2","2","5","9","0","0","3","0","0","3","4","0","0","1","2","7","0","0","0","0","0","0","0","0","0","0","1","1","0","0","0","0","0","0","0","0","0","0","0","0","0","0","0","0","0","0","0","0","0","0","0","3","2","1","2","0","0","clan-bulk-1.2","0","0","0"
"liga_klanow_2_1","Fedorovtseva 🌿 vs Vollley Rybnik 3:0","1297854","2026-09-18 19:00","FB Medicana10","Sons of Eternity II","1391","Vollley Rybnik","","Chevrier, Simon","1975061","0","0","0","0","0","0","0","0","0","0","0","0","0","0","0","0","0","0","0","0","0","0","0","1","2","0","0","0","0","0","0","0","0","","0","0","0","0","0","0","1","2","0","0","1","0","0","0","0","0","0","0","0","0","0","0","0","0","0","0","0","0","0","0","0","0","0","0","0","0","0","0","0","0","0","0","0","0","0","0","0","0","0","0","0","0","0","0","0","0","0","0","0","0","0","0","0","0","0","0","0","0","0","0","0","0","0","0","0","clan-bulk-1.2","0","0","0"
"liga_klanow_2_1","Fedorovtseva 🌿 vs Vollley Rybnik 3:0","1297854","2026-09-18 19:00","FB Medicana10","Sons of Eternity II","1391","Vollley Rybnik","","Vallieri, Nicola","2032393","0","0","0","0","0","0","0","0","0","0","0","3","1","0","2","1","33","0","0","0","0","0","0","0","1","4","3","14","0","4","5","5","0.4","","0","0","0","0","0","0","0","1","0","0","0","0","0","0","0","0","0","0","0","0","0","0","0","0","0","0","0","0","0","0","0","0","0","0","0","0","0","0","0","0","0","0","0","0","0","0","4","3","2","0","5","14","0","0","0","0","0","0","0","0","0","0","0","0","0","0","0","0","0","0","0","0","0","0","0","clan-bulk-1.2","0","0","0"
"liga_klanow_2_1","VolleyEto vs KS Głogów Młp 3:1","1297855","2026-09-18 19:00","Eto Arena","Turkey II","1391","VolleyEto","","Bocchi, Aimo","1767797","0","-1","10","1","0","62.9","0","0","0","0","0","5","5","1","0","0","20","0","0","0","0","0","0","2","23","26","3","47","18","13","14","2","-0.2","{""sets"":[{""h"":25,""a"":19},{""h"":23,""a"":25},{""h"":25,""a"":21},{""h"":25,""a"":9}],""parsedSets"":[{""rallies"":[{""type"":""end"",""score"":""25 : 19"",""txt"":""Koniec seta 1 : 0""},{""type"":""end"",""score"":""25 : 19"",""txt"":""Koniec seta 1 : 0""},{""type"":""rally"",""score"":""25 : 19"",""speed"":""61.5 km/h"",""res"":""Punkt: D. De Maio""},{""type"":""rally"",""score"":""24 : 19"",""speed"":""51.7 km/h"",""res"":""Punkt: D. De Maio""},{""type"":""rally"",""score"":""23 : 19"",""speed"":""51.6 km/h"",""res"":""Punkt: A. Bueno""},{""type"":""rally"",""score"":""23 : 18"",""speed"":""64.1 km/h"",""res"":""Punkt: T. Czekaj""},{""type"":""rally"",""score"":""23 : 17"",""speed"":""68.8 km/h"",""res"":""Punkt: D. De Maio""},{""type"":""rally"",""score"":""22 : 17"",""speed"":""74.5 km/h"",""res"":""Punkt: A. Bueno""},{""type"":""rally"",""score"":""22 : 16"",""speed"":""79.0 km/h"",""res"":""Punkt: B. Łukaszewicz""},{""type"":""rally"",""score"":""21 : 16"",""speed"":""83.6 km/h"",""res"":""Punkt: P. Yosifov""},{""type"":""rally"",""score"":""20 : 16"",""speed"":""57.3 km/h"",""res"":""Punkt: D. Piskorz""},{""type"":""rally"",""score"":""20 : 15"",""speed"":""58.7 km/h"",""res"":""Punkt: P. Yosifov""},{""type"":""rally"",""score"":""19 : 15"",""speed"":""54.8 km/h"",""res"":""Punkt: T. Woltering""},{""type"":""rally"",""score"":""19 : 14"",""speed"":""49.7 km/h"",""res"":""Punkt: U. Rusciano""},{""type"":""rally"",""score"":""18 : 14"",""speed"":""48.8 km/h"",""res"":""Punkt: L. Maia""},{""type"":""rally"",""score"":""18 : 13"",""speed"":""59.8 km/h"",""res"":""Punkt: U. Rusciano""},{""type"":""rally"",""score"":""17 : 13"",""speed"":""53.0 km/h"",""res"":""Punkt: U. Rusciano""},{""type"":""rally"",""score"":""16 : 13"",""speed"":""58.6 km/h"",""res"":""Błąd: D. De Maio""},{""type"":""rally"",""score"":""16 : 12"",""speed"":""62.1 km/h"",""res"":""Punkt: A. Bueno""},{""type"":""tmo"",""score"":""16 : 11"",""txt"":""Czas: ""},{""type"":""rally"",""score"":""16 : 11"",""speed"":""58.5 km/h"",""res"":""Błąd: L. Maia""},{""type"":""rally"",""score"":""15 : 11"",""speed"":""-"",""res"":""Błąd: R. Miller""},{""type"":""tmo"",""score"":""15 : 10"",""txt"":""Czas: KS Głogów Młp""},{""type"":""rally"",""score"":""15 : 10"",""speed"":""72.1 km/h"",""res"":""Punkt: D. De Maio""},{""type"":""rally"",""score"":""14 : 10"",""speed"":""68.0 km/h"",""res"":""Punkt: D. De Maio""},{""type"":""rally"",""score"":""13 : 10"",""speed"":""59.9 km/h"",""res"":""Punkt: D. De Maio""},{""type"":""rally"",""score"":""12 : 10"",""speed"":""69.5 km/h"",""res"":""Punkt: U. Rusciano""},{""type"":""rally"",""score"":""11 : 10"",""speed"":""66.6 km/h"",""res"":""Punkt: D. De Maio""},{""type"":""rally"",""score"":""10 : 10"",""speed"":""69.4 km/h"",""res"":""Punkt: P. Yosifov""},{""type"":""rally"",""score"":""9 : 10"",""speed"":""-"",""res"":""Błąd: G. Ballerini""},{""type"":""rally"",""score"":""8 : 10"",""speed"":""58.9 km/h"",""res"":""Punkt: A. Bueno""},{""type"":""rally"",""score"":""8 : 9"",""speed"":""62.1 km/h"",""res"":""Punkt: T. Czekaj""},{""type"":""rally"",""score"":""8 : 8"",""speed"":""67.0 km/h"",""res"":""Punkt: A. Agah""},{""type"":""tmo"",""score"":""7 : 8"",""txt"":""Czas: ""},{""type"":""rally"",""score"":""7 : 8"",""speed"":""67.3 km/h"",""res"":""Punkt: L. Maia""},{""type"":""rally"",""score"":""7 : 7"",""speed"":""66.1 km/h"",""res"":""Punkt: B. Łukaszewicz""},{""type"":""rally"",""score"":""6 : 7"",""speed"":""61.1 km/h"",""res"":""Punkt: B. Łukaszewicz""},{""type"":""tmo"",""score"":""5 : 7"",""txt"":""Czas: VolleyEto""},{""type"":""rally"",""score"":""5 : 7"",""speed"":""57.3 km/h"",""res"":""Punkt: G. Ballerini""},{""type"":""rally"",""score"":""5 : 6"",""speed"":""54.1 km/h"",""res"":""Punkt: T. Czekaj""},{""type"":""rally"",""score"":""5 : 5"",""speed"":""46.3 km/h"",""res"":""Błąd: A. Agah""},{""type"":""chg"",""score"":""5 : 4"",""txt"":""Zmiana: R. Miller ⇄ A. Bocchi""},{""type"":""rally"",""score"":""5 : 4"",""speed"":""-"",""res"":""Błąd: D. Piskorz""},{""type"":""rally"",""score"":""4 : 4"",""speed"":""60.7 km/h"",""res"":""Punkt: L. Maia""},{""type"":""rally"",""score"":""4 : 3"",""speed"":""51.7 km/h"",""res"":""Punkt: L. Maia""},{""type"":""rally"",""score"":""4 : 2"",""speed"":""61.1 km/h"",""res"":""Punkt: D. De Maio""},{""type"":""rally"",""score"":""3 : 2"",""speed"":""52.1 km/h"",""res"":""Punkt: L. Maia""},{""type"":""rally"",""score"":""3 : 1"",""speed"":""55.9 km/h"",""res"":""Punkt: U. Rusciano""},{""type"":""rally"",""score"":""2 : 1"",""speed"":""63.4 km/h"",""res"":""Punkt: U. Rusciano""},{""type"":""rally"",""score"":""1 : 1"",""speed"":""49.4 km/h"",""res"":""Punkt: D. De Maio""},{""type"":""rally"",""score"":""0 : 1"",""speed"":""58.5 km/h"",""res"":""Punkt: A. Bueno""}]},{""rallies"":[{""type"":""end"",""score"":""23 : 25"",""txt"":""Koniec seta 1 : 1""},{""type"":""end"",""score"":""23 : 25"",""txt"":""Koniec seta 1 : 1""},{""type"":""rally"",""score"":""23 : 25"",""speed"":""65.0 km/h"",""res"":""Punkt: A. Bueno""},{""type"":""rally"",""score"":""23 : 24"",""speed"":""49.3 km/h"",""res"":""Punkt: D. De Maio""},{""type"":""rally"",""score"":""22 : 24"",""speed"":""-"",""res"":""Błąd: P. Yosifov""},{""type"":""rally"",""score"":""22 : 23"",""speed"":""48.1 km/h"",""res"":""Punkt: D. De Maio""},{""type"":""rally"",""score"":""21 : 23"",""speed"":""48.0 km/h"",""res"":""Punkt: A. Agah""},{""type"":""rally"",""score"":""20 : 23"",""speed"":""66.1 km/h"",""res"":""Punkt: D. De Maio""},{""type"":""rally"",""score"":""19 : 23"",""speed"":""54.5 km/h"",""res"":""Punkt: M. Brüsewitz""},{""type"":""rally"",""score"":""18 : 23"",""speed"":""49.0 km/h"",""res"":""Punkt: A. Bueno""},{""type"":""rally"",""score"":""18 : 22"",""speed"":""53.3 km/h"",""res"":""Punkt: D. Piskorz""},{""type"":""rally"",""score"":""18 : 21"",""speed"":""64.4 km/h"",""res"":""Punkt: D. Piskorz""},{""type"":""rally"",""score"":""18 : 20"",""speed"":""68.6 km/h"",""res"":""Błąd: A. Bueno""},{""type"":""rally"",""score"":""17 : 20"",""speed"":""-"",""res"":""Błąd: T. Woltering""},{""type"":""rally"",""score"":""16 : 20"",""speed"":""71.0 km/h"",""res"":""Punkt: T. Woltering""},{""type"":""rally"",""score"":""16 : 19"",""speed"":""48.1 km/h"",""res"":""Punkt: B. Łukaszewicz""},{""type"":""rally"",""score"":""15 : 19"",""speed"":""59.6 km/h"",""res"":""Punkt: D. Piskorz""},{""type"":""rally"",""score"":""15 : 18"",""speed"":""51.1 km/h"",""res"":""Punkt: A. Agah""},{""type"":""rally"",""score"":""14 : 18"",""speed"":""52.9 km/h"",""res"":""Punkt: T. Woltering""},{""type"":""rally"",""score"":""14 : 17"",""speed"":""52.8 km/h"",""res"":""Punkt: B. Łukaszewicz""},{""type"":""rally"",""score"":""13 : 17"",""speed"":""-"",""res"":""Błąd: A. Bueno""},{""type"":""rally"",""score"":""12 : 17"",""speed"":""57.3 km/h"",""res"":""Punkt: L. Maia""},{""type"":""rally"",""score"":""12 : 16"",""speed"":""61.9 km/h"",""res"":""Punkt: D. De Maio""},{""type"":""tmo"",""score"":""11 : 16"",""txt"":""Czas: ""},{""type"":""rally"",""score"":""11 : 16"",""speed"":""56.4 km/h"",""res"":""Punkt: T. Czekaj""},{""type"":""rally"",""score"":""11 : 15"",""speed"":""65.1 km/h"",""res"":""Punkt: D. De Maio""},{""type"":""rally"",""score"":""10 : 15"",""speed"":""74.2 km/h"",""res"":""Błąd: F. Redonda""},{""type"":""rally"",""score"":""10 : 14"",""speed"":""62.8 km/h"",""res"":""Punkt: P. Yosifov""},{""type"":""rally"",""score"":""9 : 14"",""speed"":""54.9 km/h"",""res"":""Punkt: F. Redonda""},{""type"":""rally"",""score"":""8 : 14"",""speed"":""63.0 km/h"",""res"":""Punkt: F. Redonda""},{""type"":""rally"",""score"":""7 : 14"",""speed"":""77.2 km/h"",""res"":""Punkt: D. De Maio""},{""type"":""chg"",""score"":""6 : 14"",""txt"":""Zmiana: M. Brüsewitz ⇄ U. Rusciano""},{""type"":""rally"",""score"":""6 : 14"",""speed"":""87.2 km/h"",""res"":""Punkt: T. Woltering""},{""type"":""rally"",""score"":""6 : 13"",""speed"":""66.3 km/h"",""res"":""Błąd: P. Yosifov""},{""type"":""rally"",""score"":""6 : 12"",""speed"":""97.6 km/h"",""res"":""Punkt: G. Ballerini""},{""type"":""rally"",""score"":""6 : 11"",""speed"":""79.3 km/h"",""res"":""Punkt: T. Woltering""},{""type"":""rally"",""score"":""6 : 10"",""speed"":""84.0 km/h"",""res"":""Punkt: T. Czekaj""},{""type"":""rally"",""score"":""6 : 9"",""speed"":""80.9 km/h"",""res"":""Punkt: D. Piskorz""},{""type"":""rally"",""score"":""6 : 8"",""speed"":""67.4 km/h"",""res"":""Punkt: B. Łukaszewicz""},{""type"":""tmo"",""score"":""5 : 8"",""txt"":""Czas: ""},{""type"":""rally"",""score"":""5 : 8"",""speed"":""51.0 km/h"",""res"":""Punkt: T. Czekaj""},{""type"":""rally"",""score"":""5 : 7"",""speed"":""53.9 km/h"",""res"":""Punkt: B. Łukaszewicz""},{""type"":""tmo"",""score"":""4 : 7"",""txt"":""Czas: VolleyEto""},{""type"":""rally"",""score"":""4 : 7"",""speed"":""46.7 km/h"",""res"":""Błąd: A. Agah""},{""type"":""rally"",""score"":""4 : 6"",""speed"":""60.7 km/h"",""res"":""Błąd: U. Rusciano""},{""type"":""chg"",""score"":""4 : 5"",""txt"":""Zmiana: F. Redonda ⇄ A. Bocchi""},{""type"":""rally"",""score"":""4 : 5"",""speed"":""61.4 km/h"",""res"":""Błąd: A. Agah""},{""type"":""rally"",""score"":""4 : 4"",""speed"":""58.6 km/h"",""res"":""Punkt: P. Yosifov""},{""type"":""rally"",""score"":""3 : 4"",""speed"":""51.2 km/h"",""res"":""Punkt: T. Woltering""},{""type"":""rally"",""score"":""3 : 3"",""speed"":""65.7 km/h"",""res"":""Punkt: D. Piskorz""},{""type"":""rally"",""score"":""3 : 2"",""speed"":""60.4 km/h"",""res"":""Punkt: B. Łukaszewicz""},{""type"":""rally"",""score"":""2 : 2"",""speed"":""47.6 km/h"",""res"":""Punkt: D. De Maio""},{""type"":""rally"",""score"":""1 : 2"",""speed"":""62.4 km/h"",""res"":""Punkt: A. Bueno""},{""type"":""rally"",""score"":""1 : 1"",""speed"":""49.8 km/h"",""res"":""Punkt: A. Bueno""},{""type"":""rally"",""score"":""1 : 0"",""speed"":""63.7 km/h"",""res"":""Błąd: D. Piskorz""}]},{""rallies"":[{""type"":""end"",""score"":""25 : 21"",""txt"":""Koniec seta 2 : 1""},{""type"":""end"",""score"":""25 : 21"",""txt"":""Koniec seta 2 : 1""},{""type"":""rally"",""score"":""25 : 21"",""speed"":""65.2 km/h"",""res"":""Błąd: T. Woltering""},{""type"":""rally"",""score"":""24 : 21"",""speed"":""56.6 km/h"",""res"":""Punkt: B. Łukaszewicz""},{""type"":""rally"",""score"":""23 : 21"",""speed"":""42.6 km/h"",""res"":""Punkt: D. Piskorz""},{""type"":""rally"",""score"":""23 : 20"",""speed"":""52.4 km/h"",""res"":""Błąd: T. Woltering""},{""type"":""rally"",""score"":""22 : 20"",""speed"":""53.7 km/h"",""res"":""Błąd: D. Piskorz""},{""type"":""rally"",""score"":""21 : 20"",""speed"":""57.7 km/h"",""res"":""Błąd: T. Woltering""},{""type"":""rally"",""score"":""20 : 20"",""speed"":""45.1 km/h"",""res"":""Punkt: U. Rusciano""},{""type"":""rally"",""score"":""19 : 20"",""speed"":""55.7 km/h"",""res"":""Punkt: T. Woltering""},{""type"":""rally"",""score"":""19 : 19"",""speed"":""44.7 km/h"",""res"":""Punkt: A. Agah""},{""type"":""rally"",""score"":""18 : 19"",""speed"":""48.6 km/h"",""res"":""Punkt: T. Czekaj""},{""type"":""rally"",""score"":""18 : 18"",""speed"":""58.8 km/h"",""res"":""Punkt: A. Agah""},{""type"":""rally"",""score"":""17 : 18"",""speed"":""52.0 km/h"",""res"":""Punkt: A. Agah""},{""type"":""rally"",""score"":""16 : 18"",""speed"":""63.6 km/h"",""res"":""Punkt: A. Bueno""},{""type"":""rally"",""score"":""16 : 17"",""speed"":""43.0 km/h"",""res"":""Punkt: T. Czekaj""},{""type"":""rally"",""score"":""16 : 16"",""speed"":""48.6 km/h"",""res"":""Punkt: U. Rusciano""},{""type"":""tmo"",""score"":""15 : 16"",""txt"":""Czas: ""},{""type"":""rally"",""score"":""15 : 16"",""speed"":""51.4 km/h"",""res"":""Punkt: A. Bueno""},{""type"":""rally"",""score"":""15 : 15"",""speed"":""-"",""res"":""Błąd: T. Woltering""},{""type"":""rally"",""score"":""14 : 15"",""speed"":""51.8 km/h"",""res"":""Punkt: T. Czekaj""},{""type"":""rally"",""score"":""14 : 14"",""speed"":""-"",""res"":""Błąd: L. Maia""},{""type"":""rally"",""score"":""13 : 14"",""speed"":""53.8 km/h"",""res"":""Punkt: D. Piskorz""},{""type"":""rally"",""score"":""13 : 13"",""speed"":""49.6 km/h"",""res"":""Błąd: B. Łukaszewicz""},{""type"":""rally"",""score"":""13 : 12"",""speed"":""51.0 km/h"",""res"":""Punkt: B. Łukaszewicz""},{""type"":""rally"",""score"":""12 : 12"",""speed"":""58.2 km/h"",""res"":""Punkt: D. Piskorz""},{""type"":""rally"",""score"":""12 : 11"",""speed"":""45.9 km/h"",""res"":""Punkt: A. Agah""},{""type"":""rally"",""score"":""11 : 11"",""speed"":""48.8 km/h"",""res"":""Punkt: U. Rusciano""},{""type"":""rally"",""score"":""10 : 11"",""speed"":""64.1 km/h"",""res"":""Punkt: A. Bueno""},{""type"":""rally"",""score"":""10 : 10"",""speed"":""-"",""res"":""Błąd: T. Czekaj""},{""type"":""rally"",""score"":""9 : 10"",""speed"":""-"",""res"":""Błąd: A. Bocchi""},{""type"":""rally"",""score"":""9 : 9"",""speed"":""51.3 km/h"",""res"":""Punkt: D. De Maio""},{""type"":""rally"",""score"":""8 : 9"",""speed"":""43.6 km/h"",""res"":""Punkt: P. Yosifov""},{""type"":""rally"",""score"":""7 : 9"",""speed"":""53.5 km/h"",""res"":""Punkt: D. De Maio""},{""type"":""rally"",""score"":""6 : 9"",""speed"":""71.3 km/h"",""res"":""Punkt: T. Czekaj""},{""type"":""rally"",""score"":""6 : 8"",""speed"":""62.2 km/h"",""res"":""Punkt: D. De Maio""},{""type"":""rally"",""score"":""5 : 8"",""speed"":""50.9 km/h"",""res"":""Punkt: B. Łukaszewicz""},{""type"":""tmo"",""score"":""4 : 8"",""txt"":""Czas: ""},{""type"":""rally"",""score"":""4 : 8"",""speed"":""65.9 km/h"",""res"":""Punkt: D. Piskorz""},{""type"":""rally"",""score"":""4 : 7"",""speed"":""72.2 km/h"",""res"":""Punkt: U. Rusciano""},{""type"":""rally"",""score"":""3 : 7"",""speed"":""55.1 km/h"",""res"":""Błąd: B. Łukaszewicz""},{""type"":""rally"",""score"":""3 : 6"",""speed"":""52.9 km/h"",""res"":""Punkt: D. Piskorz""},{""type"":""rally"",""score"":""3 : 5"",""speed"":""49.0 km/h"",""res"":""Punkt: U. Rusciano""},{""type"":""rally"",""score"":""2 : 5"",""speed"":""49.6 km/h"",""res"":""Punkt: L. Maia""},{""type"":""rally"",""score"":""2 : 4"",""speed"":""-"",""res"":""Błąd: D. De Maio""},{""type"":""rally"",""score"":""2 : 3"",""speed"":""49.2 km/h"",""res"":""Punkt: P. Yosifov""},{""type"":""rally"",""score"":""1 : 3"",""speed"":""49.5 km/h"",""res"":""Punkt: A. Bueno""},{""type"":""rally"",""score"":""1 : 2"",""speed"":""60.0 km/h"",""res"":""Punkt: D. De Maio""},{""type"":""rally"",""score"":""0 : 2"",""speed"":""56.8 km/h"",""res"":""Błąd: D. De Maio""},{""type"":""rally"",""score"":""0 : 1"",""speed"":""46.8 km/h"",""res"":""Punkt: A. Bueno""}]},{""rallies"":[{""type"":""end"",""score"":""25 : 9"",""txt"":""Koniec seta 3 : 1""},{""type"":""end"",""score"":""25 : 9"",""txt"":""Koniec seta 3 : 1""},{""type"":""rally"",""score"":""25 : 9"",""speed"":""56.1 km/h"",""res"":""Błąd: T. Woltering""},{""type"":""rally"",""score"":""24 : 9"",""speed"":""44.4 km/h"",""res"":""Punkt: B. Łukaszewicz""},{""type"":""rally"",""score"":""23 : 9"",""speed"":""-"",""res"":""Błąd: D. De Maio""},{""type"":""rally"",""score"":""23 : 8"",""speed"":""45.2 km/h"",""res"":""Błąd: A. Bueno""},{""type"":""rally"",""score"":""22 : 8"",""speed"":""65.9 km/h"",""res"":""Punkt: U. Rusciano""},{""type"":""rally"",""score"":""21 : 8"",""speed"":""55.2 km/h"",""res"":""Punkt: B. Łukaszewicz""},{""type"":""rally"",""score"":""20 : 8"",""speed"":""61.6 km/h"",""res"":""Punkt: D. De Maio""},{""type"":""tmo"",""score"":""19 : 8"",""txt"":""Czas: KS Głogów Młp""},{""type"":""rally"",""score"":""19 : 8"",""speed"":""68.6 km/h"",""res"":""Punkt: B. Łukaszewicz""},{""type"":""rally"",""score"":""18 : 8"",""speed"":""43.7 km/h"",""res"":""Punkt: U. Rusciano""},{""type"":""rally"",""score"":""17 : 8"",""speed"":""67.7 km/h"",""res"":""Błąd: L. Maia""},{""type"":""tmo"",""score"":""16 : 8"",""txt"":""Czas: ""},{""type"":""rally"",""score"":""16 : 8"",""speed"":""55.3 km/h"",""res"":""Punkt: U. Rusciano""},{""type"":""rally"",""score"":""15 : 8"",""speed"":""44.5 km/h"",""res"":""Punkt: T. Czekaj""},{""type"":""rally"",""score"":""15 : 7"",""speed"":""45.7 km/h"",""res"":""Punkt: A. Agah""},{""type"":""rally"",""score"":""14 : 7"",""speed"":""49.5 km/h"",""res"":""Punkt: D. De Maio""},{""type"":""rally"",""score"":""13 : 7"",""speed"":""51.4 km/h"",""res"":""Punkt: U. Rusciano""},{""type"":""rally"",""score"":""12 : 7"",""speed"":""59.7 km/h"",""res"":""Punkt: D. Piskorz""},{""type"":""rally"",""score"":""12 : 6"",""speed"":""62.9 km/h"",""res"":""Błąd: L. Maia""},{""type"":""rally"",""score"":""11 : 6"",""speed"":""61.0 km/h"",""res"":""Punkt: D. De Maio""},{""type"":""rally"",""score"":""10 : 6"",""speed"":""54.5 km/h"",""res"":""Punkt: A. Agah""},{""type"":""rally"",""score"":""9 : 6"",""speed"":""60.0 km/h"",""res"":""Punkt: D. De Maio""},{""type"":""rally"",""score"":""8 : 6"",""speed"":""75.6 km/h"",""res"":""Punkt: D. Piskorz""},{""type"":""tmo"",""score"":""8 : 5"",""txt"":""Czas: ""},{""type"":""rally"",""score"":""8 : 5"",""speed"":""50.6 km/h"",""res"":""Punkt: B. Łukaszewicz""},{""type"":""rally"",""score"":""7 : 5"",""speed"":""58.8 km/h"",""res"":""Punkt: T. Czekaj""},{""type"":""rally"",""score"":""7 : 4"",""speed"":""74.8 km/h"",""res"":""Błąd: D. Piskorz""},{""type"":""rally"",""score"":""6 : 4"",""speed"":""50.1 km/h"",""res"":""Punkt: A. Agah""},{""type"":""rally"",""score"":""5 : 4"",""speed"":""-"",""res"":""Błąd: A. Agah""},{""type"":""rally"",""score"":""5 : 3"",""speed"":""55.8 km/h"",""res"":""Punkt: A. Agah""},{""type"":""rally"",""score"":""4 : 3"",""speed"":""57.5 km/h"",""res"":""Punkt: A. Agah""},{""type"":""rally"",""score"":""3 : 3"",""speed"":""42.9 km/h"",""res"":""Punkt: D. Piskorz""},{""type"":""rally"",""score"":""3 : 2"",""speed"":""48.4 km/h"",""res"":""Punkt: B. Łukaszewicz""},{""type"":""rally"",""score"":""2 : 2"",""speed"":""50.3 km/h"",""res"":""Punkt: P. Yosifov""},{""type"":""rally"",""score"":""1 : 2"",""speed"":""-"",""res"":""Błąd: P. Yosifov""},{""type"":""rally"",""score"":""1 : 1"",""speed"":""53.4 km/h"",""res"":""Punkt: U. Rusciano""},{""type"":""rally"",""score"":""0 : 1"",""speed"":""56.3 km/h"",""res"":""Punkt: T. Czekaj""}]}]}","0","0","0","0","0","0","2","23","0","0","2","0","0","0","62.9","53.5","0","0","0","0","0","0","0","0","0","0","0","0","0","0","0","0","0","0","0","0","0","0","0","0","0","0","0","0","0","0","26","3","2","3","13","47","0","0","0","0","0","1","0","0","0","0","0","0","0","0","0","0","0","1","0","0","1","0","0","clan-bulk-1.2","0","0","0"
"liga_klanow_2_1","VolleyEto vs KS Głogów Młp 3:1","1297855","2026-09-18 19:00","Eto Arena","Turkey II","1391","VolleyEto","","Yosifov, Pavel","1928731","9","4","19","2","0","66.1","18","3","8","44","28","10","9","3","1","1","40","28","0","100","12","43","1","21","51","0","0","0","0","0","0","0","36.9","","1","1","0","0","0","0","21","51","0","0","15","1","0","6","66.1","54.4","1","1","0","0","1","3","1","0","0","0","0","1","4","0","2","0","1","7","0","0","0","0","0","0","2","0","0","0","5","7","0","0","0","0","0","0","11","8","4","5","28","3","0","0","0","0","0","1","0","0","0","0","0","4","3","4","2","2","0","clan-bulk-1.2","0","0","0"
"liga_klanow_2_1","VolleyEto vs KS Głogów Młp 3:1","1297855","2026-09-18 19:00","Eto Arena","Turkey II","1391","VolleyEto","","De Maio, Donatello","1928129","25","20","21","2","1","68.6","20","3","14","70","55","7","5","0","2","0","0","0","0","0","0","0","10","49","63","0","0","1","0","1","0","0","65.5","","0","0","0","0","0","0","49","63","10","4","43","0","0","6","68.6","56.2","1","0","0","0","1","2","0","0","0","1","0","1","0","0","0","0","0","0","12","1","2","0","2","17","0","0","0","0","0","0","0","0","0","0","1","1","0","0","0","0","0","0","0","0","0","0","0","1","0","0","0","0","0","4","10","7","6","5","0","clan-bulk-1.2","0","0","0"
"liga_klanow_2_1","VolleyEto vs KS Głogów Młp 3:1","1297855","2026-09-18 19:00","Eto Arena","Turkey II","1391","VolleyEto","","Agah, Arman","1974643","13","7","14","1","1","61.4","20","5","8","40","15","13","9","0","4","2","15","0","0","0","0","0","4","42","76","0","0","0","0","0","0","0","26.3","","1","3","0","0","0","0","42","76","4","0","38","0","2","4","61.4","53","2","1","1","0","3","7","1","0","1","0","0","2","2","0","0","1","1","4","0","0","0","0","0","0","2","2","0","0","3","7","0","0","0","0","0","0","0","0","0","0","0","0","0","0","0","0","0","2","0","0","0","0","0","4","2","4","4","6","0","clan-bulk-1.2","0","0","0"
"liga_klanow_2_1","VolleyEto vs KS Głogów Młp 3:1","1297855","2026-09-18 19:00","Eto Arena","Turkey II","1391","VolleyEto","","Rusciano, Ubaldo","1949860","16","11","9","0","0","74.8","18","3","9","50","33","19","12","3","7","4","37","28","2","93","15","54","7","30","59","0","0","0","0","0","0","0","57.5","","3","4","0","0","0","0","30","59","7","2","27","0","0","3","74.8","62","0","0","0","0","1","1","0","0","1","0","0","1","5","1","0","0","4","10","0","0","0","0","0","0","4","0","1","0","1","6","0","0","0","0","0","0","7","9","9","1","26","3","0","0","0","0","0","4","0","0","0","0","0","4","6","1","5","5","0","clan-bulk-1.2","0","0","0"
"liga_klanow_2_1","VolleyEto vs KS Głogów Młp 3:1","1297855","2026-09-18 19:00","Eto Arena","Turkey II","1391","VolleyEto","","Łukaszewicz, Bronisław","1951171","16","14","9","0","1","80.9","14","2","8","57","43","4","3","0","1","0","0","0","0","0","0","0","7","44","60","0","0","0","0","0","0","0","45.6","","0","0","0","0","0","0","44","60","7","4","39","0","0","5","80.9","69.8","1","0","0","0","1","2","1","1","0","0","0","2","0","0","0","0","0","0","6","1","0","0","3","10","0","0","0","0","0","0","0","0","0","0","0","0","0","0","0","0","0","0","0","0","0","0","0","0","0","0","0","0","0","4","3","5","5","5","0","clan-bulk-1.2","0","0","0"
"liga_klanow_2_1","VolleyEto vs KS Głogów Młp 3:1","1297855","2026-09-18 19:00","Eto Arena","Turkey II","1391","VolleyEto","","Berna, Cankut","1904417","0","0","0","0","0","0","0","0","0","0","0","15","11","6","4","2","53","9","0","100","4","44","0","0","0","3","1","4","0","3","1","0","10.8","","2","3","0","0","0","0","0","0","0","0","0","0","0","0","0","0","0","0","0","0","0","0","0","0","0","0","0","0","0","0","0","0","0","0","0","0","0","0","0","0","0","0","0","0","0","0","3","1","0","0","0","4","3","4","1","1","9","6","0","0","0","0","0","2","0","0","0","0","0","0","0","0","0","0","0","clan-bulk-1.2","0","0","0"
"liga_klanow_2_1","VolleyEto vs KS Głogów Młp 3:1","1297855","2026-09-18 19:00","Eto Arena","Turkey II","1391","VolleyEto","","Miller, Robert","2112471","0","-1","8","1","0","72.1","0","0","0","0","0","3","3","3","0","0","100","0","0","0","0","0","0","1","12","9","2","20","4","7","6","3","1.4","","0","0","0","0","0","0","1","12","0","0","1","0","0","0","72.1","67.1","0","0","0","0","0","0","0","0","0","0","0","0","0","0","0","0","0","0","0","0","0","0","0","0","0","0","0","0","0","0","9","2","0","2","7","20","0","0","0","0","0","3","0","0","0","0","0","0","0","0","0","0","0","1","1","0","0","0","0","clan-bulk-1.2","0","0","0"
"liga_klanow_2_1","VolleyEto vs KS Głogów Młp 3:1","1297855","2026-09-18 19:00","Eto Arena","Turkey II","1391","VolleyEto","","Redonda, Francisco","2112470","3","3","6","0","2","74.2","0","0","0","0","0","6","2","0","4","1","17","0","0","0","0","0","1","2","12","8","3","21","3","9","3","6","9.4","","1","1","0","0","0","0","2","12","0","0","1","1","0","1","74.2","64.6","0","0","0","0","0","0","0","0","0","0","0","0","0","0","0","0","0","0","0","0","0","0","0","0","0","0","0","0","0","0","8","3","0","3","7","21","0","0","0","0","0","0","0","0","0","0","0","2","0","0","0","0","0","1","0","3","0","0","0","clan-bulk-1.2","0","0","0"
"liga_klanow_2_1","VolleyEto vs KS Głogów Młp 3:1","1297855","2026-09-18 19:00","Eto Arena","Turkey II","1391","VolleyEto","","Brüsewitz, Martin","1928837","1","0","1","0","0","59.6","3","1","1","33","0","2","1","0","1","1","50","3","0","100","2","67","0","6","13","0","0","0","0","0","0","0","2.9","","0","0","0","0","0","0","6","13","0","1","6","0","0","0","59.6","59.6","0","0","0","0","1","1","0","0","1","0","0","1","0","0","0","0","0","0","0","0","0","0","0","0","1","0","0","0","0","1","0","0","0","0","0","0","0","2","0","1","3","0","0","0","0","0","0","1","0","0","0","0","0","1","0","1","0","0","0","clan-bulk-1.2","0","0","0"
"liga_klanow_2_1","VolleyEto vs KS Głogów Młp 3:1","1297855","2026-09-18 19:00","Eto Arena","Sons of Eternity II","1391","KS Głogów Młp","","Ballerini, Giacomo","1929308","2","1","13","1","0","68.8","3","0","0","0","0","22","12","2","10","5","32","0","0","0","0","0","2","15","43","48","26","116","15","45","33","23","8.6","","1","2","0","0","0","0","15","43","2","0","7","0","0","8","68.8","56.4","0","0","0","0","3","3","0","0","0","0","0","0","0","0","0","0","0","0","0","0","0","0","0","0","0","0","0","0","0","0","48","26","12","11","19","116","0","0","0","0","0","0","0","0","0","0","0","0","0","0","0","0","0","2","2","1","0","0","0","clan-bulk-1.2","0","0","0"
"liga_klanow_2_1","VolleyEto vs KS Głogów Młp 3:1","1297855","2026-09-18 19:00","Eto Arena","Sons of Eternity II","1391","KS Głogów Młp","","Czekaj, Tomasz","1904267","16","11","15","1","0","63.6","29","4","14","48","34","25","14","5","11","5","40","10","0","100","7","70","2","16","44","0","0","0","0","0","0","0","46.6","","2","2","0","0","0","0","16","44","1","0","12","1","0","4","63.6","55","1","0","0","0","2","3","1","0","3","2","0","6","8","0","1","0","6","15","0","0","0","0","0","0","2","0","0","0","3","5","0","0","0","0","0","0","0","0","0","0","0","0","0","0","0","0","0","0","0","0","0","0","0","4","3","3","5","3","0","clan-bulk-1.2","0","0","0"
"liga_klanow_2_1","VolleyEto vs KS Głogów Młp 3:1","1297855","2026-09-18 19:00","Eto Arena","Sons of Eternity II","1391","KS Głogów Młp","","Bueno, Alexandre","1724834","18","10","11","1","0","61.1","24","7","15","63","33","6","3","0","3","2","33","0","0","0","0","0","3","36","49","0","0","0","0","0","0","0","34.9","","1","1","0","0","0","0","36","49","2","1","18","1","1","18","61.1","52.7","1","1","1","0","1","4","3","0","2","2","0","7","0","0","0","0","0","0","8","1","2","1","1","13","0","0","0","0","0","0","0","0","0","0","0","0","0","0","0","0","0","0","0","0","0","0","0","0","0","0","0","0","0","4","5","6","5","1","0","clan-bulk-1.2","0","0","0"
"liga_klanow_2_1","VolleyEto vs KS Głogów Młp 3:1","1297855","2026-09-18 19:00","Eto Arena","Sons of Eternity II","1391","KS Głogów Młp","","Piskorz, Dawid","1927341","19","7","12","1","0","60.7","33","11","18","55","21","12","4","1","8","2","25","0","0","0","0","0","1","15","50","0","0","0","0","0","0","0","27.3","","1","1","0","0","0","0","15","50","1","0","11","0","0","4","60.7","51.6","2","1","0","0","1","4","5","1","9","4","1","20","2","0","0","0","0","2","0","0","0","0","0","0","4","0","0","1","2","7","0","0","0","0","0","0","0","0","0","0","0","0","0","0","0","0","0","0","0","0","0","0","0","4","2","6","6","4","0","clan-bulk-1.2","0","0","0"
"liga_klanow_2_1","VolleyEto vs KS Głogów Młp 3:1","1297855","2026-09-18 19:00","Eto Arena","Sons of Eternity II","1391","KS Głogów Młp","","Maia, Liberto","1903426","10","-7","12","1","0","72.2","24","13","9","38","-17","21","10","2","11","2","19","68","3","96","24","35","1","15","49","0","0","0","0","0","0","0","29.1","","0","2","0","0","0","0","15","49","1","0","10","0","0","5","72.2","57.7","0","1","0","0","1","2","0","0","5","1","0","6","5","2","5","2","1","15","0","0","0","0","0","0","1","0","0","0","0","1","0","0","0","0","0","0","0","0","0","0","0","0","0","0","0","0","0","0","0","0","0","0","0","4","6","1","2","2","0","clan-bulk-1.2","0","0","0"
"liga_klanow_2_1","VolleyEto vs KS Głogów Młp 3:1","1297855","2026-09-18 19:00","Eto Arena","Sons of Eternity II","1391","KS Głogów Młp","","Woltering, Thorsten","2032638","7","-1","12","2","2","97.6","13","6","5","38","-8","3","1","1","2","0","33","0","0","0","0","0","0","17","44","0","0","0","0","0","0","0","4.2","","0","1","0","0","0","0","17","44","0","0","11","0","0","6","97.6","75.3","0","0","0","0","0","0","1","0","1","0","0","2","0","0","0","0","0","0","4","4","1","0","2","11","0","0","0","0","0","0","0","0","0","0","0","0","0","0","0","0","0","0","0","0","0","0","0","0","0","0","0","0","0","4","1","6","5","1","0","clan-bulk-1.2","0","0","0"
"liga_klanow_2_1","VolleyEto vs KS Głogów Młp 3:1","1297855","2026-09-18 19:00","Eto Arena","Sons of Eternity II","1391","KS Głogów Młp","","Bocek, Bohuslav","1865589","0","-2","0","0","0","0","0","0","0","0","0","27","17","9","10","5","52","12","2","83","3","25","0","0","0","0","4","7","0","1","2","4","10.4","","3","4","0","0","0","0","0","0","0","0","0","0","0","0","0","0","0","0","0","0","0","0","0","0","0","0","0","0","0","0","0","0","0","0","0","0","0","0","0","0","0","0","0","0","0","0","0","4","1","0","2","7","0","0","0","0","0","0","0","0","0","0","0","0","0","0","0","0","0","0","0","0","0","0","0","clan-bulk-1.2","0","0","0"
"liga_klanow_2_1","KUZEY BORU vs \""Šrv-UHB\"" 3:0","1297856","2026-09-18 19:00","KUZEY BORU","Turkey II","1391","KUZEY BORU","","Sokołowski, Edward","1864317","10","10","11","0","2","63.8","0","0","0","0","0","5","0","0","5","1","20","0","0","0","0","0","8","33","44","31","0","44","38","6","0","0","30.4","{""sets"":[{""h"":25,""a"":10},{""h"":25,""a"":5},{""h"":25,""a"":5}],""parsedSets"":[{""rallies"":[{""type"":""end"",""score"":""25 : 10"",""txt"":""Koniec seta 1 : 0""},{""type"":""end"",""score"":""25 : 10"",""txt"":""Koniec seta 1 : 0""},{""type"":""rally"",""score"":""25 : 10"",""speed"":""50.4 km/h"",""res"":""Punkt: N. Pakkasvirta""},{""type"":""rally"",""score"":""24 : 10"",""speed"":""52.8 km/h"",""res"":""Punkt: N. Pakkasvirta""},{""type"":""rally"",""score"":""23 : 10"",""speed"":""-"",""res"":""Błąd: Q. Azevedo""},{""type"":""rally"",""score"":""23 : 9"",""speed"":""55.8 km/h"",""res"":""Punkt: N. Pakkasvirta""},{""type"":""rally"",""score"":""22 : 9"",""speed"":""45.4 km/h"",""res"":""Punkt: G. Baía""},{""type"":""rally"",""score"":""21 : 9"",""speed"":""45.5 km/h"",""res"":""Błąd: Q. Azevedo""},{""type"":""rally"",""score"":""21 : 8"",""speed"":""43.1 km/h"",""res"":""Błąd: G. Baía""},{""type"":""rally"",""score"":""21 : 7"",""speed"":""46.3 km/h"",""res"":""Punkt: M. Oksiński""},{""type"":""rally"",""score"":""20 : 7"",""speed"":""58.8 km/h"",""res"":""Błąd: D. Gil""},{""type"":""rally"",""score"":""20 : 6"",""speed"":""49.6 km/h"",""res"":""Punkt: Q. Azevedo""},{""type"":""rally"",""score"":""19 : 6"",""speed"":""47.9 km/h"",""res"":""Punkt: D. Gil""},{""type"":""rally"",""score"":""18 : 6"",""speed"":""44.9 km/h"",""res"":""Punkt: M. Oksiński""},{""type"":""rally"",""score"":""17 : 6"",""speed"":""55.7 km/h"",""res"":""Punkt: D. Gil""},{""type"":""tmo"",""score"":""16 : 6"",""txt"":""Czas: ""},{""type"":""rally"",""score"":""16 : 6"",""speed"":""49.1 km/h"",""res"":""Punkt: D. Gil""},{""type"":""chg"",""score"":""15 : 6"",""txt"":""Zmiana: A. Bergauer ⇄ A. Ayşe""},{""type"":""rally"",""score"":""15 : 6"",""speed"":""62.3 km/h"",""res"":""Błąd: M. Oksiński""},{""type"":""rally"",""score"":""15 : 5"",""speed"":""55.6 km/h"",""res"":""Punkt: M. Oksiński""},{""type"":""rally"",""score"":""14 : 5"",""speed"":""42.4 km/h"",""res"":""Punkt: D. Gil""},{""type"":""rally"",""score"":""13 : 5"",""speed"":""44.3 km/h"",""res"":""Błąd: E. Sokołowski""},{""type"":""rally"",""score"":""13 : 4"",""speed"":""77.7 km/h"",""res"":""Punkt: G. Baía""},{""type"":""rally"",""score"":""12 : 4"",""speed"":""72.3 km/h"",""res"":""Punkt: G. Baía""},{""type"":""rally"",""score"":""11 : 4"",""speed"":""60.0 km/h"",""res"":""Punkt: D. Gil""},{""type"":""rally"",""score"":""10 : 4"",""speed"":""59.9 km/h"",""res"":""Punkt: D. Gil""},{""type"":""rally"",""score"":""9 : 4"",""speed"":""55.5 km/h"",""res"":""Punkt: D. Gil""},{""type"":""rally"",""score"":""8 : 4"",""speed"":""57.9 km/h"",""res"":""Punkt: A. Ayşe""},{""type"":""tmo"",""score"":""8 : 3"",""txt"":""Czas: ""},{""type"":""rally"",""score"":""8 : 3"",""speed"":""47.4 km/h"",""res"":""Punkt: M. Oksiński""},{""type"":""rally"",""score"":""7 : 3"",""speed"":""49.9 km/h"",""res"":""Punkt: N. Pakkasvirta""},{""type"":""chg"",""score"":""6 : 3"",""txt"":""Zmiana: T. Nakano ⇄ A. Holmedal""},{""type"":""chg"",""score"":""6 : 3"",""txt"":""Zmiana: M. Eaves ⇄ S. Busck""},{""type"":""rally"",""score"":""6 : 3"",""speed"":""51.4 km/h"",""res"":""Punkt: E. Sokołowski""},{""type"":""tmo"",""score"":""5 : 3"",""txt"":""Czas: \\\""Šrv-UHB\\\"" ""},{""type"":""rally"",""score"":""5 : 3"",""speed"":""50.0 km/h"",""res"":""Punkt: M. Oksiński""},{""type"":""rally"",""score"":""4 : 3"",""speed"":""43.4 km/h"",""res"":""Błąd: D. Gil""},{""type"":""chg"",""score"":""4 : 2"",""txt"":""Zmiana: O. Almarsson ⇄ L. Lallo""},{""type"":""chg"",""score"":""4 : 2"",""txt"":""Zmiana: P. Łaszkiewicz ⇄ S. Klöppel""},{""type"":""tmo"",""score"":""4 : 2"",""txt"":""Czas: \\\""Šrv-UHB\\\"" ""},{""type"":""rally"",""score"":""4 : 2"",""speed"":""46.5 km/h"",""res"":""Punkt: D. Gil""},{""type"":""rally"",""score"":""3 : 2"",""speed"":""60.1 km/h"",""res"":""Punkt: A. Ayşe""},{""type"":""tmo"",""score"":""3 : 1"",""txt"":""Czas: KUZEY BORU ""},{""type"":""rally"",""score"":""3 : 1"",""speed"":""59.2 km/h"",""res"":""Punkt: D. Gil""},{""type"":""rally"",""score"":""2 : 1"",""speed"":""52.3 km/h"",""res"":""Błąd: A. Holmedal""},{""type"":""rally"",""score"":""1 : 1"",""speed"":""44.1 km/h"",""res"":""Punkt: Q. Azevedo""},{""type"":""rally"",""score"":""0 : 1"",""speed"":""41.5 km/h"",""res"":""Błąd: D. Gil""}]},{""rallies"":[{""type"":""end"",""score"":""25 : 5"",""txt"":""Koniec seta 2 : 0""},{""type"":""end"",""score"":""25 : 5"",""txt"":""Koniec seta 2 : 0""},{""type"":""rally"",""score"":""25 : 5"",""speed"":""63.8 km/h"",""res"":""Punkt: D. Gil""},{""type"":""rally"",""score"":""24 : 5"",""speed"":""42.7 km/h"",""res"":""Punkt: M. Oksiński""},{""type"":""rally"",""score"":""23 : 5"",""speed"":""57.5 km/h"",""res"":""Błąd: Q. Azevedo""},{""type"":""rally"",""score"":""23 : 4"",""speed"":""47.9 km/h"",""res"":""Błąd: A. Ayşe""},{""type"":""rally"",""score"":""22 : 4"",""speed"":""47.3 km/h"",""res"":""Punkt: E. Sokołowski""},{""type"":""rally"",""score"":""21 : 4"",""speed"":""44.0 km/h"",""res"":""Punkt: Q. Azevedo""},{""type"":""rally"",""score"":""20 : 4"",""speed"":""56.2 km/h"",""res"":""Punkt: E. Sokołowski""},{""type"":""rally"",""score"":""19 : 4"",""speed"":""59.0 km/h"",""res"":""Punkt: E. Sokołowski""},{""type"":""rally"",""score"":""18 : 4"",""speed"":""44.2 km/h"",""res"":""Punkt: M. Oksiński""},{""type"":""rally"",""score"":""17 : 4"",""speed"":""54.8 km/h"",""res"":""Punkt: Q. Azevedo""},{""type"":""tmo"",""score"":""16 : 4"",""txt"":""Czas: ""},{""type"":""rally"",""score"":""16 : 4"",""speed"":""58.8 km/h"",""res"":""Punkt: Q. Azevedo""},{""type"":""rally"",""score"":""15 : 4"",""speed"":""46.7 km/h"",""res"":""Błąd: T. Nakano""},{""type"":""rally"",""score"":""14 : 4"",""speed"":""53.3 km/h"",""res"":""Błąd: G. Baía""},{""type"":""rally"",""score"":""14 : 3"",""speed"":""50.0 km/h"",""res"":""Punkt: N. Pakkasvirta""},{""type"":""rally"",""score"":""13 : 3"",""speed"":""51.0 km/h"",""res"":""Błąd: D. Gil""},{""type"":""rally"",""score"":""13 : 2"",""speed"":""46.6 km/h"",""res"":""Punkt: D. Gil""},{""type"":""rally"",""score"":""12 : 2"",""speed"":""48.1 km/h"",""res"":""Punkt: N. Pakkasvirta""},{""type"":""rally"",""score"":""11 : 2"",""speed"":""42.8 km/h"",""res"":""Punkt: D. Gil""},{""type"":""rally"",""score"":""10 : 2"",""speed"":""49.0 km/h"",""res"":""Punkt: A. Ayşe""},{""type"":""rally"",""score"":""10 : 1"",""speed"":""60.2 km/h"",""res"":""Punkt: Q. Azevedo""},{""type"":""rally"",""score"":""9 : 1"",""speed"":""44.3 km/h"",""res"":""Punkt: M. Oksiński""},{""type"":""rally"",""score"":""8 : 1"",""speed"":""44.5 km/h"",""res"":""Błąd: B. Berfın""},{""type"":""tmo"",""score"":""8 : 0"",""txt"":""Czas: ""},{""type"":""rally"",""score"":""8 : 0"",""speed"":""61.8 km/h"",""res"":""Punkt: M. Oksiński""},{""type"":""rally"",""score"":""7 : 0"",""speed"":""55.1 km/h"",""res"":""Punkt: D. Gil""},{""type"":""chg"",""score"":""6 : 0"",""txt"":""Zmiana: T. Nakano ⇄ A. Holmedal""},{""type"":""chg"",""score"":""6 : 0"",""txt"":""Zmiana: M. Eaves ⇄ S. Busck""},{""type"":""rally"",""score"":""6 : 0"",""speed"":""55.1 km/h"",""res"":""Punkt: D. Gil""},{""type"":""tmo"",""score"":""5 : 0"",""txt"":""Czas: \\\""Šrv-UHB\\\"" ""},{""type"":""rally"",""score"":""5 : 0"",""speed"":""60.8 km/h"",""res"":""Punkt: D. Gil""},{""type"":""chg"",""score"":""4 : 0"",""txt"":""Zmiana: O. Almarsson ⇄ L. Lallo""},{""type"":""chg"",""score"":""4 : 0"",""txt"":""Zmiana: P. Łaszkiewicz ⇄ S. Klöppel""},{""type"":""tmo"",""score"":""4 : 0"",""txt"":""Czas: \\\""Šrv-UHB\\\"" ""},{""type"":""rally"",""score"":""4 : 0"",""speed"":""49.4 km/h"",""res"":""Punkt: M. Oksiński""},{""type"":""tmo"",""score"":""3 : 0"",""txt"":""Czas: KUZEY BORU ""},{""type"":""rally"",""score"":""3 : 0"",""speed"":""52.8 km/h"",""res"":""Punkt: Q. Azevedo""},{""type"":""rally"",""score"":""2 : 0"",""speed"":""57.2 km/h"",""res"":""Punkt: D. Gil""},{""type"":""rally"",""score"":""1 : 0"",""speed"":""44.2 km/h"",""res"":""Punkt: D. Gil""}]},{""rallies"":[{""type"":""end"",""score"":""25 : 5"",""txt"":""Koniec seta 3 : 0""},{""type"":""end"",""score"":""25 : 5"",""txt"":""Koniec seta 3 : 0""},{""type"":""rally"",""score"":""25 : 5"",""speed"":""42.7 km/h"",""res"":""Punkt: N. Pakkasvirta""},{""type"":""rally"",""score"":""24 : 5"",""speed"":""67.8 km/h"",""res"":""Błąd: E. Sokołowski""},{""type"":""rally"",""score"":""24 : 4"",""speed"":""49.5 km/h"",""res"":""Punkt: N. Pakkasvirta""},{""type"":""rally"",""score"":""23 : 4"",""speed"":""66.3 km/h"",""res"":""Punkt: D. Gil""},{""type"":""rally"",""score"":""22 : 4"",""speed"":""70.5 km/h"",""res"":""Punkt: E. Sokołowski""},{""type"":""rally"",""score"":""21 : 4"",""speed"":""55.6 km/h"",""res"":""Punkt: G. Baía""},{""type"":""rally"",""score"":""20 : 4"",""speed"":""56.2 km/h"",""res"":""Punkt: M. Oksiński""},{""type"":""rally"",""score"":""19 : 4"",""speed"":""42.7 km/h"",""res"":""Punkt: D. Gil""},{""type"":""rally"",""score"":""18 : 4"",""speed"":""58.4 km/h"",""res"":""Punkt: D. Gil""},{""type"":""rally"",""score"":""17 : 4"",""speed"":""68.0 km/h"",""res"":""Punkt: G. Baía""},{""type"":""tmo"",""score"":""16 : 4"",""txt"":""Czas: ""},{""type"":""rally"",""score"":""16 : 4"",""speed"":""70.2 km/h"",""res"":""Punkt: G. Baía""},{""type"":""rally"",""score"":""15 : 4"",""speed"":""57.2 km/h"",""res"":""Punkt: G. Baía""},{""type"":""rally"",""score"":""14 : 4"",""speed"":""69.9 km/h"",""res"":""Punkt: G. Baía""},{""type"":""rally"",""score"":""13 : 4"",""speed"":""64.0 km/h"",""res"":""Punkt: D. Gil""},{""type"":""rally"",""score"":""12 : 4"",""speed"":""60.9 km/h"",""res"":""Punkt: N. Pakkasvirta""},{""type"":""rally"",""score"":""11 : 4"",""speed"":""58.4 km/h"",""res"":""Punkt: D. Gil""},{""type"":""rally"",""score"":""10 : 4"",""speed"":""60.9 km/h"",""res"":""Punkt: G. Baía""},{""type"":""rally"",""score"":""9 : 4"",""speed"":""62.0 km/h"",""res"":""Punkt: D. Gil""},{""type"":""tmo"",""score"":""8 : 4"",""txt"":""Czas: ""},{""type"":""rally"",""score"":""8 : 4"",""speed"":""52.4 km/h"",""res"":""Punkt: D. Gil""},{""type"":""rally"",""score"":""7 : 4"",""speed"":""-"",""res"":""Błąd: T. Nakano""},{""type"":""rally"",""score"":""6 : 4"",""speed"":""47.6 km/h"",""res"":""Punkt: B. Hafner""},{""type"":""chg"",""score"":""6 : 3"",""txt"":""Zmiana: T. Nakano ⇄ A. Holmedal""},{""type"":""chg"",""score"":""6 : 3"",""txt"":""Zmiana: M. Eaves ⇄ S. Busck""},{""type"":""rally"",""score"":""6 : 3"",""speed"":""47.3 km/h"",""res"":""Punkt: N. Pakkasvirta""},{""type"":""rally"",""score"":""5 : 3"",""speed"":""44.9 km/h"",""res"":""Punkt: A. Ayşe""},{""type"":""tmo"",""score"":""5 : 2"",""txt"":""Czas: \\\""Šrv-UHB\\\"" ""},{""type"":""rally"",""score"":""5 : 2"",""speed"":""-"",""res"":""Błąd: O. Almarsson""},{""type"":""rally"",""score"":""4 : 2"",""speed"":""59.0 km/h"",""res"":""Błąd: G. Baía""},{""type"":""chg"",""score"":""4 : 1"",""txt"":""Zmiana: O. Almarsson ⇄ L. Lallo""},{""type"":""chg"",""score"":""4 : 1"",""txt"":""Zmiana: P. Łaszkiewicz ⇄ S. Klöppel""},{""type"":""tmo"",""score"":""4 : 1"",""txt"":""Czas: \\\""Šrv-UHB\\\"" ""},{""type"":""rally"",""score"":""4 : 1"",""speed"":""44.7 km/h"",""res"":""Punkt: Q. Azevedo""},{""type"":""rally"",""score"":""3 : 1"",""speed"":""43.0 km/h"",""res"":""Błąd: E. Sokołowski""},{""type"":""tmo"",""score"":""3 : 0"",""txt"":""Czas: KUZEY BORU ""},{""type"":""rally"",""score"":""3 : 0"",""speed"":""57.5 km/h"",""res"":""Punkt: E. Sokołowski""},{""type"":""rally"",""score"":""2 : 0"",""speed"":""56.4 km/h"",""res"":""Punkt: E. Sokołowski""},{""type"":""rally"",""score"":""1 : 0"",""speed"":""49.1 km/h"",""res"":""Punkt: D. Gil""}]}]}","0","1","0","0","0","0","33","44","5","0","15","3","0","18","63.8","51.7","0","0","0","0","0","0","0","0","0","0","0","0","0","0","0","0","0","0","0","0","0","0","0","0","0","0","0","0","0","0","31","0","0","2","11","44","0","0","0","0","0","0","0","0","0","0","0","4","0","0","0","0","0","3","2","3","5","0","0","clan-bulk-1.2","0","0","0"
"liga_klanow_2_1","KUZEY BORU vs \""Šrv-UHB\"" 3:0","1297856","2026-09-18 19:00","KUZEY BORU","Turkey II","1391","KUZEY BORU","","Gil, Daniel","1903713","27","27","13","0","4","61.8","14","0","11","79","79","13","1","0","12","7","54","4","0","100","4","100","12","39","47","0","0","0","0","0","0","0","91.8","","1","2","0","0","0","0","39","47","10","0","18","2","1","21","61.8","54.6","1","0","0","0","0","1","0","0","0","0","0","0","5","0","0","0","2","7","0","0","0","0","0","0","5","0","0","0","1","6","0","0","0","0","0","0","3","1","0","0","4","0","0","0","0","0","0","11","0","0","0","0","0","3","12","9","8","0","0","clan-bulk-1.2","0","0","0"
"liga_klanow_2_1","KUZEY BORU vs \""Šrv-UHB\"" 3:0","1297856","2026-09-18 19:00","KUZEY BORU","Turkey II","1391","KUZEY BORU","","Azevedo, Quim","1926972","10","8","6","1","1","55.8","5","1","3","60","40","3","0","0","3","1","33","0","0","0","0","0","6","29","37","0","0","0","0","0","0","0","24.9","","0","1","0","0","0","0","29","37","4","0","14","2","3","15","60.2","50.7","0","0","0","0","0","0","0","0","0","0","0","0","0","0","0","0","0","0","3","1","0","0","1","5","0","0","0","0","0","0","0","0","0","0","0","0","0","0","0","0","0","0","0","0","0","0","0","2","0","0","0","0","0","3","4","6","1","0","0","clan-bulk-1.2","0","0","0"
"liga_klanow_2_1","KUZEY BORU vs \""Šrv-UHB\"" 3:0","1297856","2026-09-18 19:00","KUZEY BORU","Turkey II","1391","KUZEY BORU","","Oksiński, Maciej","1865823","13","12","9","0","0","57.9","13","1","9","69","62","5","1","1","4","4","100","0","0","0","0","0","4","20","27","0","0","0","0","0","0","0","43.3","","1","1","0","0","0","0","20","27","2","0","9","2","4","11","57.9","50","0","0","0","0","0","0","1","0","0","0","0","1","3","0","0","0","1","4","0","0","0","0","0","0","5","1","0","0","2","8","0","0","0","0","0","0","0","0","0","0","0","1","0","0","0","0","0","4","0","0","0","0","0","3","6","5","1","0","0","clan-bulk-1.2","0","0","0"
"liga_klanow_2_1","KUZEY BORU vs \""Šrv-UHB\"" 3:0","1297856","2026-09-18 19:00","KUZEY BORU","Turkey II","1391","KUZEY BORU","","Baía, Gabriel","1950881","12","12","24","0","6","70.5","6","0","3","50","50","8","2","2","6","3","63","6","0","100","6","100","3","17","24","0","0","0","0","0","0","0","40.6","","2","2","0","0","0","0","17","24","0","0","6","3","2","11","77.7","60.8","1","0","0","0","1","2","0","0","0","0","0","0","0","0","0","0","1","1","0","0","0","0","0","0","2","0","0","0","1","3","0","0","0","0","0","0","4","2","0","0","6","2","0","0","0","0","0","6","0","0","0","0","0","3","4","1","7","0","0","clan-bulk-1.2","0","0","0"
"liga_klanow_2_1","KUZEY BORU vs \""Šrv-UHB\"" 3:0","1297856","2026-09-18 19:00","KUZEY BORU","Turkey II","1391","KUZEY BORU","","Pakkasvirta, Nils","2003819","14","14","11","0","0","62.3","7","0","6","86","86","2","0","0","2","2","100","0","0","0","0","0","8","27","34","0","0","0","0","0","0","0","36.8","","0","0","0","0","0","0","27","34","4","0","12","4","2","15","62.3","53.4","0","0","0","0","1","1","0","0","0","0","0","0","0","0","0","0","0","0","6","0","0","0","0","6","0","0","0","0","0","0","0","0","0","0","0","0","0","0","0","0","0","0","0","0","0","0","0","2","0","0","0","0","0","3","4","2","4","0","0","clan-bulk-1.2","0","0","0"
"liga_klanow_2_1","KUZEY BORU vs \""Šrv-UHB\"" 3:0","1297856","2026-09-18 19:00","KUZEY BORU","Turkey II","1391","KUZEY BORU","","Berfın, Bulut","1974884","0","0","0","0","0","0","0","0","0","0","0","7","2","2","5","3","71","9","0","100","9","100","0","0","0","1","0","1","1","0","0","0","10","","1","2","0","0","0","0","0","0","0","0","0","0","0","0","0","0","0","0","0","0","0","0","0","0","0","0","0","0","0","0","0","0","0","0","0","0","0","0","0","0","0","0","0","0","0","0","1","0","0","0","0","1","8","1","0","0","9","2","0","0","0","0","0","4","0","0","0","0","0","0","0","1","0","0","0","clan-bulk-1.2","0","0","0"
"liga_klanow_2_1","KUZEY BORU vs \""Šrv-UHB\"" 3:0","1297856","2026-09-18 19:00","KUZEY BORU","Sons of Eternity II","1391","\""Šrv-UHB\""","","Klöppel, Sebastian","2088571","0","0","1","0","0","44.2","0","0","0","0","0","1","1","0","0","0","0","0","0","0","0","0","0","0","0","1","3","8","0","2","2","4","0","","0","0","0","0","0","0","0","0","0","0","0","0","0","0","44.2","44.2","0","0","0","0","0","0","0","0","0","0","0","0","0","0","0","0","0","0","0","0","0","0","0","0","0","0","0","0","0","0","1","3","2","1","1","8","0","0","0","0","0","0","0","0","0","0","0","0","0","0","0","0","0","0","0","0","0","0","0","clan-bulk-1.2","0","0","0"
"liga_klanow_2_1","KUZEY BORU vs \""Šrv-UHB\"" 3:0","1297856","2026-09-18 19:00","KUZEY BORU","Sons of Eternity II","1391","\""Šrv-UHB\""","","Hafner, Bengt Ove","2053911","3","-16","4","0","0","46.3","14","10","3","21","-50","15","5","0","10","0","0","24","9","63","1","4","0","0","29","0","0","0","0","0","0","0","-30.6","","0","1","0","0","0","0","0","29","0","0","0","0","0","0","46.3","44.8","0","0","3","0","0","3","0","0","1","2","0","3","0","0","6","0","0","6","0","0","0","0","0","0","1","0","0","0","1","2","0","0","0","0","0","0","0","0","0","0","0","0","0","0","0","0","0","0","0","0","0","0","0","1","0","0","1","0","0","clan-bulk-1.2","0","0","0"
"liga_klanow_2_1","KUZEY BORU vs \""Šrv-UHB\"" 3:0","1297856","2026-09-18 19:00","KUZEY BORU","Sons of Eternity II","1391","\""Šrv-UHB\""","","Lallo, Lars Gunnar","2053914","0","0","1","0","0","46.5","0","0","0","0","0","0","0","0","0","0","0","0","0","0","0","0","0","0","5","0","0","0","0","0","0","0","0","","0","0","0","0","0","0","0","5","0","0","0","0","0","0","46.5","46.5","0","0","0","0","0","0","0","0","0","0","0","0","0","0","0","0","0","0","0","0","0","0","0","0","0","0","0","0","0","0","0","0","0","0","0","0","0","0","0","0","0","0","0","0","0","0","0","0","0","0","0","0","0","0","0","0","0","0","0","clan-bulk-1.2","0","0","0"
"liga_klanow_2_1","KUZEY BORU vs \""Šrv-UHB\"" 3:0","1297856","2026-09-18 19:00","KUZEY BORU","Sons of Eternity II","1391","\""Šrv-UHB\""","","Ayşe, Alpaslan","2112421","4","-6","3","0","0","50","16","10","4","25","-37","10","7","1","3","0","10","0","0","0","0","0","0","3","13","0","0","0","0","0","0","0","-13.6","","0","0","0","0","0","0","3","13","0","0","0","0","0","3","50","49.1","4","0","3","0","0","7","0","0","2","0","1","3","0","0","1","0","0","1","0","0","0","0","0","0","0","1","3","0","1","5","0","0","0","0","0","0","0","0","0","0","0","0","0","0","0","0","0","0","0","0","0","0","0","3","2","2","1","0","0","clan-bulk-1.2","0","0","0"
"liga_klanow_2_1","KUZEY BORU vs \""Šrv-UHB\"" 3:0","1297856","2026-09-18 19:00","KUZEY BORU","Sons of Eternity II","1391","\""Šrv-UHB\""","","Holmedal, Abel","2053912","3","-1","0","0","0","0","7","3","3","43","0","3","1","0","2","0","0","8","1","88","1","13","0","0","5","0","0","0","0","0","0","0","2.7","","0","1","0","0","0","0","0","5","0","0","0","0","0","0","0","0","0","1","0","1","1","3","0","0","2","2","0","4","0","0","0","0","0","0","0","0","0","0","0","0","0","0","0","0","0","0","0","0","0","0","0","0","0","0","0","0","0","0","0","0","0","0","0","0","0","0","0","0","0","0","1","0","0","0","0","clan-bulk-1.2","0","0","0"
"liga_klanow_2_1","KUZEY BORU vs \""Šrv-UHB\"" 3:0","1297856","2026-09-18 19:00","KUZEY BORU","Sons of Eternity II","1391","\""Šrv-UHB\""","","Nowén, Bengt Ĺke","2053916","1","-8","3","0","0","42.7","11","9","1","9","-73","4","1","0","3","0","0","0","0","0","0","0","0","0","25","0","0","0","0","0","0","0","-26.1","","0","0","0","0","0","0","0","25","0","0","0","0","0","0","42.7","42.6","0","0","1","0","1","2","0","0","3","0","0","3","0","0","0","0","0","0","0","0","5","1","0","6","0","0","0","0","0","0","0","0","0","0","0","0","0","0","0","0","0","0","0","0","0","0","0","0","0","0","0","0","0","0","0","0","0","0","0","clan-bulk-1.2","0","0","0"
"liga_klanow_2_1","KUZEY BORU vs \""Šrv-UHB\"" 3:0","1297856","2026-09-18 19:00","KUZEY BORU","Sons of Eternity II","1391","\""Šrv-UHB\""","","Busck, Stig-Göran","2053917","0","-1","0","0","0","0","0","0","0","0","0","4","4","1","0","0","25","4","1","75","1","25","0","0","0","0","0","0","0","0","0","0","0.4","","0","0","0","0","0","0","0","0","0","0","0","0","0","0","0","0","0","0","0","0","0","0","0","0","0","0","0","0","0","0","0","0","0","0","0","0","0","0","0","0","0","0","0","0","0","0","0","0","0","0","0","0","0","0","0","0","0","0","0","0","0","0","0","0","0","0","0","0","0","0","0","0","0","0","0","clan-bulk-1.2","0","0","0"
"liga_klanow_2_1","KUZEY BORU vs \""Šrv-UHB\"" 3:0","1297856","2026-09-18 19:00","KUZEY BORU","Sons of Eternity II","1391","\""Šrv-UHB\""","","Bergauer, Alex","2112921","1","0","1","0","0","52.8","2","1","1","50","0","0","0","0","0","0","0","0","0","0","0","0","0","2","7","0","0","0","0","0","0","0","0.5","","0","0","0","0","0","0","2","7","0","0","2","0","0","0","52.8","52.8","0","0","1","0","0","1","0","0","0","1","0","1","0","0","0","0","0","0","0","0","0","0","0","0","0","0","0","0","0","0","0","0","0","0","0","0","0","0","0","0","0","0","0","0","0","0","0","0","0","0","0","0","0","0","0","0","0","0","0","clan-bulk-1.2","0","0","0"
"liga_klanow_2_1","KUZEY BORU vs \""Šrv-UHB\"" 3:0","1297856","2026-09-18 19:00","KUZEY BORU","Sons of Eternity II","1391","\""Šrv-UHB\""","","Almarsson, Ove","2053915","1","-1","4","1","0","45.5","3","1","1","33","0","0","0","0","0","0","0","0","0","0","0","0","0","0","15","0","0","0","0","0","0","0","-0.5","","0","0","0","0","0","0","0","15","0","0","0","0","0","0","45.5","44.6","0","0","0","0","1","1","0","0","0","1","0","1","0","0","0","0","0","0","0","0","1","0","0","1","0","0","0","0","0","0","0","0","0","0","0","0","0","0","0","0","0","0","0","0","0","0","0","0","0","0","0","0","0","1","0","0","1","0","0","clan-bulk-1.2","0","0","0"
"liga_klanow_2_1","KUZEY BORU vs \""Šrv-UHB\"" 3:0","1297856","2026-09-18 19:00","KUZEY BORU","Sons of Eternity II","1391","\""Šrv-UHB\""","","Eaves, Matt","1685496","0","0","0","0","0","0","0","0","0","0","0","13","10","6","3","1","54","19","0","100","0","0","0","0","0","0","1","1","0","0","0","1","12.8","","1","1","0","0","0","0","0","0","0","0","0","0","0","0","0","0","0","0","0","0","0","0","0","0","0","0","0","0","0","0","0","0","0","0","0","0","0","0","0","0","0","0","0","0","0","0","0","1","0","0","0","1","0","0","0","0","0","0","0","0","0","0","0","0","0","0","0","0","0","0","0","0","0","0","0","clan-bulk-1.2","0","0","0"
"liga_klanow_2_1","KUZEY BORU vs \""Šrv-UHB\"" 3:0","1297856","2026-09-18 19:00","KUZEY BORU","Sons of Eternity II","1391","\""Šrv-UHB\""","","Nakano, Toshihiko","2113290","4","-9","3","1","0","55.5","18","10","4","22","-33","11","8","1","3","0","9","18","2","89","2","11","0","0","11","0","0","0","0","0","0","0","-10.6","","0","0","0","0","0","0","0","11","0","0","0","0","0","0","55.5","51.1","0","0","3","0","2","5","0","0","2","4","0","6","0","0","1","0","0","1","0","0","0","0","0","0","0","1","3","0","2","6","0","0","0","0","0","0","0","0","0","0","0","0","0","0","0","0","0","0","0","0","0","0","0","0","0","1","1","0","0","clan-bulk-1.2","0","0","0"
"liga_klanow_2_1","KUZEY BORU vs \""Šrv-UHB\"" 3:0","1297856","2026-09-18 19:00","KUZEY BORU","Sons of Eternity II","1391","\""Šrv-UHB\""","","Łaszkiewicz, Piotr","2087835","0","0","1","0","0","49.1","0","0","0","0","0","7","2","0","5","1","14","0","0","0","0","0","0","1","25","4","37","62","2","7","22","31","0.4","","1","1","0","0","0","0","1","25","0","0","1","0","0","0","49.1","49.1","0","0","0","0","0","0","0","0","0","0","0","0","0","0","0","0","0","0","0","0","0","0","0","0","0","0","0","0","0","0","4","37","10","2","9","62","0","0","0","0","0","0","0","0","0","0","0","0","0","0","0","0","0","0","0","0","0","0","0","clan-bulk-1.2","0","0","0"
"liga_klanow_2_1","VAKIFBANK SK. vs KS Celofan 0:3","1297857","2026-09-18 19:00","VAKIFBANK SPOR SARAYI","Turkey II","1391","VAKIFBANK SK.","","Simões, Reinaldo","1929439","1","1","7","0","1","43.5","1","0","0","0","0","19","8","0","11","2","11","0","0","0","0","0","0","0","43","18","29","106","13","29","31","33","3.8","{""sets"":[{""h"":17,""a"":25},{""h"":10,""a"":25},{""h"":12,""a"":25}],""parsedSets"":[{""rallies"":[{""type"":""end"",""score"":""17 : 25"",""txt"":""Koniec seta 0 : 1""},{""type"":""end"",""score"":""17 : 25"",""txt"":""Koniec seta 0 : 1""},{""type"":""rally"",""score"":""17 : 25"",""speed"":""52.7 km/h"",""res"":""Punkt: O. Sowiński""},{""type"":""rally"",""score"":""17 : 24"",""speed"":""48.0 km/h"",""res"":""Błąd: S. Celal""},{""type"":""rally"",""score"":""16 : 24"",""speed"":""49.1 km/h"",""res"":""Punkt: O. Sowiński""},{""type"":""rally"",""score"":""16 : 23"",""speed"":""53.4 km/h"",""res"":""Punkt: J. Blachère""},{""type"":""rally"",""score"":""15 : 23"",""speed"":""-"",""res"":""Błąd: R. Yanev""},{""type"":""rally"",""score"":""14 : 23"",""speed"":""42.3 km/h"",""res"":""Punkt: O. Sowiński""},{""type"":""rally"",""score"":""14 : 22"",""speed"":""41.8 km/h"",""res"":""Punkt: R. Yanev""},{""type"":""rally"",""score"":""14 : 21"",""speed"":""44.7 km/h"",""res"":""Punkt: O. Sowiński""},{""type"":""rally"",""score"":""14 : 20"",""speed"":""54.2 km/h"",""res"":""Punkt: O. Sowiński""},{""type"":""rally"",""score"":""14 : 19"",""speed"":""53.0 km/h"",""res"":""Punkt: R. Yanev""},{""type"":""rally"",""score"":""14 : 18"",""speed"":""55.6 km/h"",""res"":""Punkt: O. Sowiński""},{""type"":""rally"",""score"":""14 : 17"",""speed"":""46.2 km/h"",""res"":""Punkt: P. Feder""},{""type"":""tmo"",""score"":""14 : 16"",""txt"":""Czas: ""},{""type"":""rally"",""score"":""14 : 16"",""speed"":""41.6 km/h"",""res"":""Punkt: O. Sowiński""},{""type"":""rally"",""score"":""14 : 15"",""speed"":""41.8 km/h"",""res"":""Punkt: L. Alencar""},{""type"":""rally"",""score"":""13 : 15"",""speed"":""51.3 km/h"",""res"":""Punkt: R. Yanev""},{""type"":""rally"",""score"":""13 : 14"",""speed"":""54.8 km/h"",""res"":""Punkt: L. Alencar""},{""type"":""rally"",""score"":""12 : 14"",""speed"":""42.3 km/h"",""res"":""Punkt: C. Moura""},{""type"":""rally"",""score"":""11 : 14"",""speed"":""44.5 km/h"",""res"":""Punkt: P. Piłat""},{""type"":""rally"",""score"":""11 : 13"",""speed"":""41.3 km/h"",""res"":""Punkt: R. Yanev""},{""type"":""rally"",""score"":""11 : 12"",""speed"":""48.1 km/h"",""res"":""Błąd: P. Piłat""},{""type"":""rally"",""score"":""10 : 12"",""speed"":""44.9 km/h"",""res"":""Punkt: P. Piłat""},{""type"":""rally"",""score"":""10 : 11"",""speed"":""44.0 km/h"",""res"":""Punkt: P. Feder""},{""type"":""tmo"",""score"":""10 : 10"",""txt"":""Czas: VAKIFBANK SK.""},{""type"":""rally"",""score"":""10 : 10"",""speed"":""43.2 km/h"",""res"":""Punkt: P. Piłat""},{""type"":""rally"",""score"":""10 : 9"",""speed"":""47.5 km/h"",""res"":""Punkt: P. Feder""},{""type"":""rally"",""score"":""10 : 8"",""speed"":""43.4 km/h"",""res"":""Punkt: D. Hráček""},{""type"":""rally"",""score"":""10 : 7"",""speed"":""50.4 km/h"",""res"":""Błąd: D. Hráček""},{""type"":""rally"",""score"":""9 : 7"",""speed"":""43.1 km/h"",""res"":""Błąd: P. Piłat""},{""type"":""tmo"",""score"":""8 : 7"",""txt"":""Czas: ""},{""type"":""rally"",""score"":""8 : 7"",""speed"":""-"",""res"":""Błąd: O. Sowiński""},{""type"":""tmo"",""score"":""7 : 7"",""txt"":""Czas: VAKIFBANK SK.""},{""type"":""rally"",""score"":""7 : 7"",""speed"":""54.1 km/h"",""res"":""Punkt: P. Piłat""},{""type"":""rally"",""score"":""7 : 6"",""speed"":""42.2 km/h"",""res"":""Punkt: P. Piłat""},{""type"":""rally"",""score"":""7 : 5"",""speed"":""62.1 km/h"",""res"":""Punkt: O. Sowiński""},{""type"":""rally"",""score"":""7 : 4"",""speed"":""-"",""res"":""Błąd: D. Hráček""},{""type"":""rally"",""score"":""6 : 4"",""speed"":""49.2 km/h"",""res"":""Punkt: D. Hráček""},{""type"":""rally"",""score"":""6 : 3"",""speed"":""45.5 km/h"",""res"":""Punkt: L. Alencar""},{""type"":""rally"",""score"":""5 : 3"",""speed"":""41.8 km/h"",""res"":""Błąd: N. Velkov""},{""type"":""rally"",""score"":""5 : 2"",""speed"":""40.4 km/h"",""res"":""Punkt: C. Moura""},{""type"":""rally"",""score"":""4 : 2"",""speed"":""45.3 km/h"",""res"":""Błąd: P. Piłat""},{""type"":""rally"",""score"":""3 : 2"",""speed"":""64.3 km/h"",""res"":""Punkt: P. Piłat""},{""type"":""rally"",""score"":""3 : 1"",""speed"":""50.9 km/h"",""res"":""Punkt: C. Moura""},{""type"":""rally"",""score"":""2 : 1"",""speed"":""42.3 km/h"",""res"":""Punkt: C. Moura""},{""type"":""rally"",""score"":""1 : 1"",""speed"":""-"",""res"":""Błąd: P. Feder""},{""type"":""chg"",""score"":""0 : 1"",""txt"":""Zmiana: D. Hráček ⇄ K. Mrowiński""},{""type"":""chg"",""score"":""0 : 1"",""txt"":""Zmiana: J. Brečko ⇄ I. Andreev""},{""type"":""rally"",""score"":""0 : 1"",""speed"":""42.0 km/h"",""res"":""Punkt: R. Yanev""}]},{""rallies"":[{""type"":""end"",""score"":""10 : 25"",""txt"":""Koniec seta 0 : 2""},{""type"":""end"",""score"":""10 : 25"",""txt"":""Koniec seta 0 : 2""},{""type"":""rally"",""score"":""10 : 25"",""speed"":""56.4 km/h"",""res"":""Punkt: P. Feder""},{""type"":""rally"",""score"":""10 : 24"",""speed"":""44.9 km/h"",""res"":""Punkt: P. Feder""},{""type"":""rally"",""score"":""10 : 23"",""speed"":""56.5 km/h"",""res"":""Punkt: R. Yanev""},{""type"":""rally"",""score"":""10 : 22"",""speed"":""42.9 km/h"",""res"":""Punkt: R. Yanev""},{""type"":""rally"",""score"":""10 : 21"",""speed"":""46.9 km/h"",""res"":""Punkt: P. Feder""},{""type"":""rally"",""score"":""10 : 20"",""speed"":""43.1 km/h"",""res"":""Punkt: P. Feder""},{""type"":""rally"",""score"":""10 : 19"",""speed"":""41.3 km/h"",""res"":""Punkt: P. Feder""},{""type"":""rally"",""score"":""10 : 18"",""speed"":""43.5 km/h"",""res"":""Błąd: I. Andreev""},{""type"":""rally"",""score"":""9 : 18"",""speed"":""47.1 km/h"",""res"":""Błąd: P. Piłat""},{""type"":""rally"",""score"":""8 : 18"",""speed"":""49.5 km/h"",""res"":""Błąd: C. Moura""},{""type"":""rally"",""score"":""8 : 17"",""speed"":""44.8 km/h"",""res"":""Punkt: P. Piłat""},{""type"":""tmo"",""score"":""8 : 16"",""txt"":""Czas: ""},{""type"":""rally"",""score"":""8 : 16"",""speed"":""42.2 km/h"",""res"":""Punkt: P. Feder""},{""type"":""rally"",""score"":""8 : 15"",""speed"":""56.1 km/h"",""res"":""Punkt: P. Feder""},{""type"":""rally"",""score"":""8 : 14"",""speed"":""51.2 km/h"",""res"":""Punkt: P. Piłat""},{""type"":""rally"",""score"":""8 : 13"",""speed"":""50.5 km/h"",""res"":""Punkt: O. Sowiński""},{""type"":""rally"",""score"":""8 : 12"",""speed"":""53.4 km/h"",""res"":""Punkt: J. Blachère""},{""type"":""rally"",""score"":""7 : 12"",""speed"":""42.1 km/h"",""res"":""Punkt: L. Alencar""},{""type"":""rally"",""score"":""6 : 12"",""speed"":""57.1 km/h"",""res"":""Błąd: C. Moura""},{""type"":""rally"",""score"":""6 : 11"",""speed"":""45.8 km/h"",""res"":""Punkt: O. Sowiński""},{""type"":""rally"",""score"":""6 : 10"",""speed"":""48.3 km/h"",""res"":""Punkt: C. Moura""},{""type"":""rally"",""score"":""5 : 10"",""speed"":""41.4 km/h"",""res"":""Punkt: O. Sowiński""},{""type"":""rally"",""score"":""5 : 9"",""speed"":""54.2 km/h"",""res"":""Punkt: O. Sowiński""},{""type"":""rally"",""score"":""5 : 8"",""speed"":""47.6 km/h"",""res"":""Punkt: C. Moura""},{""type"":""tmo"",""score"":""4 : 8"",""txt"":""Czas: ""},{""type"":""rally"",""score"":""4 : 8"",""speed"":""46.4 km/h"",""res"":""Błąd: L. Alencar""},{""type"":""rally"",""score"":""4 : 7"",""speed"":""40.5 km/h"",""res"":""Punkt: P. Piłat""},{""type"":""rally"",""score"":""4 : 6"",""speed"":""-"",""res"":""Błąd: P. Feder""},{""type"":""rally"",""score"":""3 : 6"",""speed"":""54.6 km/h"",""res"":""Punkt: R. Yanev""},{""type"":""rally"",""score"":""3 : 5"",""speed"":""43.9 km/h"",""res"":""Punkt: K. Mrowiński""},{""type"":""rally"",""score"":""3 : 4"",""speed"":""45.2 km/h"",""res"":""Punkt: C. Moura""},{""type"":""rally"",""score"":""2 : 4"",""speed"":""50.2 km/h"",""res"":""Błąd: P. Piłat""},{""type"":""rally"",""score"":""1 : 4"",""speed"":""48.6 km/h"",""res"":""Punkt: C. Moura""},{""type"":""tmo"",""score"":""0 : 4"",""txt"":""Czas: VAKIFBANK SK.""},{""type"":""rally"",""score"":""0 : 4"",""speed"":""49.9 km/h"",""res"":""Punkt: P. Piłat""},{""type"":""tmo"",""score"":""0 : 3"",""txt"":""Czas: VAKIFBANK SK.""},{""type"":""rally"",""score"":""0 : 3"",""speed"":""55.7 km/h"",""res"":""Punkt: R. Yanev""},{""type"":""rally"",""score"":""0 : 2"",""speed"":""52.3 km/h"",""res"":""Punkt: R. Yanev""},{""type"":""chg"",""score"":""0 : 1"",""txt"":""Zmiana: M. Hotoboc ⇄ S. Celal""},{""type"":""rally"",""score"":""0 : 1"",""speed"":""46.7 km/h"",""res"":""Punkt: P. Piłat""}]},{""rallies"":[{""type"":""end"",""score"":""12 : 25"",""txt"":""Koniec seta 0 : 3""},{""type"":""end"",""score"":""12 : 25"",""txt"":""Koniec seta 0 : 3""},{""type"":""rally"",""score"":""12 : 25"",""speed"":""60.0 km/h"",""res"":""Punkt: O. Sowiński""},{""type"":""rally"",""score"":""12 : 24"",""speed"":""54.1 km/h"",""res"":""Punkt: L. Alencar""},{""type"":""rally"",""score"":""11 : 24"",""speed"":""53.7 km/h"",""res"":""Punkt: O. Sowiński""},{""type"":""rally"",""score"":""11 : 23"",""speed"":""46.8 km/h"",""res"":""Punkt: C. Moura""},{""type"":""rally"",""score"":""10 : 23"",""speed"":""42.3 km/h"",""res"":""Punkt: O. Sowiński""},{""type"":""rally"",""score"":""10 : 22"",""speed"":""-"",""res"":""Błąd: P. Piłat""},{""type"":""rally"",""score"":""9 : 22"",""speed"":""60.5 km/h"",""res"":""Punkt: P. Piłat""},{""type"":""rally"",""score"":""9 : 21"",""speed"":""54.8 km/h"",""res"":""Błąd: A. Kohlschein""},{""type"":""rally"",""score"":""8 : 21"",""speed"":""45.7 km/h"",""res"":""Punkt: L. Alencar""},{""type"":""rally"",""score"":""7 : 21"",""speed"":""40.9 km/h"",""res"":""Punkt: P. Piłat""},{""type"":""rally"",""score"":""7 : 20"",""speed"":""48.1 km/h"",""res"":""Punkt: C. Moura""},{""type"":""rally"",""score"":""6 : 20"",""speed"":""50.2 km/h"",""res"":""Punkt: R. Yanev""},{""type"":""rally"",""score"":""6 : 19"",""speed"":""47.4 km/h"",""res"":""Punkt: P. Piłat""},{""type"":""rally"",""score"":""6 : 18"",""speed"":""46.5 km/h"",""res"":""Punkt: P. Piłat""},{""type"":""rally"",""score"":""6 : 17"",""speed"":""46.0 km/h"",""res"":""Punkt: P. Piłat""},{""type"":""rally"",""score"":""6 : 16"",""speed"":""51.9 km/h"",""res"":""Punkt: J. Blachère""},{""type"":""tmo"",""score"":""5 : 16"",""txt"":""Czas: ""},{""type"":""rally"",""score"":""5 : 16"",""speed"":""52.2 km/h"",""res"":""Punkt: P. Piłat""},{""type"":""rally"",""score"":""5 : 15"",""speed"":""50.8 km/h"",""res"":""Punkt: P. Piłat""},{""type"":""rally"",""score"":""5 : 14"",""speed"":""50.3 km/h"",""res"":""Punkt: P. Piłat""},{""type"":""rally"",""score"":""5 : 13"",""speed"":""46.4 km/h"",""res"":""Punkt: P. Feder""},{""type"":""rally"",""score"":""5 : 12"",""speed"":""48.5 km/h"",""res"":""Punkt: C. Moura""},{""type"":""rally"",""score"":""4 : 12"",""speed"":""41.3 km/h"",""res"":""Punkt: O. Sowiński""},{""type"":""rally"",""score"":""4 : 11"",""speed"":""59.2 km/h"",""res"":""Błąd: L. Alencar""},{""type"":""rally"",""score"":""4 : 10"",""speed"":""58.0 km/h"",""res"":""Punkt: O. Sowiński""},{""type"":""rally"",""score"":""4 : 9"",""speed"":""42.8 km/h"",""res"":""Punkt: O. Sowiński""},{""type"":""rally"",""score"":""4 : 8"",""speed"":""50.4 km/h"",""res"":""Punkt: J. Blachère""},{""type"":""tmo"",""score"":""3 : 8"",""txt"":""Czas: ""},{""type"":""rally"",""score"":""3 : 8"",""speed"":""43.0 km/h"",""res"":""Punkt: O. Sowiński""},{""type"":""rally"",""score"":""3 : 7"",""speed"":""46.5 km/h"",""res"":""Punkt: N. Velkov""},{""type"":""rally"",""score"":""2 : 7"",""speed"":""47.5 km/h"",""res"":""Punkt: O. Sowiński""},{""type"":""rally"",""score"":""2 : 6"",""speed"":""45.4 km/h"",""res"":""Punkt: R. Yanev""},{""type"":""tmo"",""score"":""2 : 5"",""txt"":""Czas: VAKIFBANK SK.""},{""type"":""rally"",""score"":""2 : 5"",""speed"":""46.3 km/h"",""res"":""Punkt: R. Yanev""},{""type"":""rally"",""score"":""2 : 4"",""speed"":""55.5 km/h"",""res"":""Punkt: P. Piłat""},{""type"":""rally"",""score"":""2 : 3"",""speed"":""43.6 km/h"",""res"":""Punkt: L. Alencar""},{""type"":""tmo"",""score"":""1 : 3"",""txt"":""Czas: VAKIFBANK SK.""},{""type"":""rally"",""score"":""1 : 3"",""speed"":""49.3 km/h"",""res"":""Punkt: R. Yanev""},{""type"":""rally"",""score"":""1 : 2"",""speed"":""49.1 km/h"",""res"":""Punkt: P. Feder""},{""type"":""rally"",""score"":""1 : 1"",""speed"":""42.8 km/h"",""res"":""Punkt: R. Yanev""},{""type"":""chg"",""score"":""1 : 0"",""txt"":""Zmiana: A. Kohlschein ⇄ K. Mrowiński""},{""type"":""chg"",""score"":""1 : 0"",""txt"":""Zmiana: C. Pinhão ⇄ I. Andreev""},{""type"":""rally"",""score"":""1 : 0"",""speed"":""43.2 km/h"",""res"":""Punkt: R. Simões""}]}]}","1","4","0","0","0","0","0","43","0","0","0","0","0","0","43.5","42.1","0","0","0","0","1","1","0","0","0","0","0","0","0","0","0","0","0","0","0","0","0","0","0","0","0","0","0","0","0","0","18","29","11","5","43","106","0","0","0","0","0","0","0","0","0","0","0","2","0","0","0","0","0","1","0","0","1","0","0","clan-bulk-1.2","0","0","0"
"liga_klanow_2_1","VAKIFBANK SK. vs KS Celofan 0:3","1297857","2026-09-18 19:00","VAKIFBANK SPOR SARAYI","Turkey II","1391","VAKIFBANK SK.","","Velkov, Nikolay","1905939","2","-3","11","0","0","64.3","11","3","2","18","-9","13","5","3","8","3","46","24","2","92","2","8","0","25","40","0","0","0","0","0","0","0","6.9","","1","1","0","0","0","0","25","40","0","0","12","0","0","13","64.3","52.2","0","1","1","0","3","5","0","0","0","1","1","2","0","0","1","0","1","2","0","0","0","0","0","0","1","0","0","0","1","2","0","0","0","0","0","0","2","5","8","7","22","3","0","0","0","0","0","3","0","0","0","0","0","2","1","0","1","0","0","clan-bulk-1.2","0","0","0"
"liga_klanow_2_1","VAKIFBANK SK. vs KS Celofan 0:3","1297857","2026-09-18 19:00","VAKIFBANK SPOR SARAYI","Turkey II","1391","VAKIFBANK SK.","","Hanna, Clément","1767022","4","-11","6","0","0","43","22","15","4","18","-50","5","2","0","3","0","0","0","0","0","0","0","0","3","39","0","0","0","0","0","0","0","-24.5","","0","1","0","0","0","0","3","39","0","0","2","0","0","1","43","41.6","0","0","4","1","1","6","0","0","7","1","0","8","0","0","0","0","0","0","0","0","4","2","2","8","0","0","0","0","0","0","0","0","0","0","0","0","0","0","0","0","0","0","0","0","0","0","0","0","0","0","0","0","0","0","0","0","0","0","0","clan-bulk-1.2","0","0","0"
"liga_klanow_2_1","VAKIFBANK SK. vs KS Celofan 0:3","1297857","2026-09-18 19:00","VAKIFBANK SPOR SARAYI","Turkey II","1391","VAKIFBANK SK.","","Moura, Ciro","1927060","18","13","6","0","0","54.2","28","5","9","32","14","25","10","2","15","8","40","0","0","0","0","0","9","22","45","0","0","0","0","0","0","0","45.1","","2","2","0","0","0","0","22","45","3","1","8","6","0","14","54.2","50.4","2","1","0","1","6","10","3","1","2","0","0","6","3","0","1","0","3","7","0","0","0","0","0","0","0","0","0","0","5","5","0","0","0","0","0","0","0","0","0","0","0","2","0","0","0","0","0","8","0","0","0","0","0","3","4","6","3","0","0","clan-bulk-1.2","0","0","0"
"liga_klanow_2_1","VAKIFBANK SK. vs KS Celofan 0:3","1297857","2026-09-18 19:00","VAKIFBANK SPOR SARAYI","Turkey II","1391","VAKIFBANK SK.","","Alencar, Lenilton","1903576","14","4","5","0","0","62.1","35","10","12","34","6","18","9","3","9","5","44","16","0","100","3","19","2","23","48","0","0","0","0","0","0","0","28.2","","1","1","0","0","0","0","23","48","0","0","10","2","0","13","62.1","53.4","4","1","1","1","4","11","1","1","4","4","3","13","1","0","0","0","4","5","0","0","0","0","0","0","1","0","3","0","2","6","0","0","0","0","0","0","2","3","7","4","16","3","0","0","0","0","0","5","0","0","0","0","0","3","3","2","4","0","0","clan-bulk-1.2","0","0","0"
"liga_klanow_2_1","VAKIFBANK SK. vs KS Celofan 0:3","1297857","2026-09-18 19:00","VAKIFBANK SPOR SARAYI","Turkey II","1391","VAKIFBANK SK.","","Blachère, Jason","1865281","8","5","6","0","1","50.5","12","3","2","17","-8","6","3","0","3","2","33","0","0","0","0","0","5","36","49","0","0","0","0","0","0","0","16.7","","0","0","0","0","0","0","36","49","1","2","17","4","0","19","53.4","47.8","0","0","0","0","5","5","0","0","3","0","0","3","0","0","0","0","0","0","2","0","0","0","2","4","0","0","0","0","0","0","0","0","0","0","0","0","0","0","0","0","0","0","0","0","0","0","0","2","0","0","0","0","0","3","1","1","2","0","0","clan-bulk-1.2","0","0","0"
"liga_klanow_2_1","VAKIFBANK SK. vs KS Celofan 0:3","1297857","2026-09-18 19:00","VAKIFBANK SPOR SARAYI","Turkey II","1391","VAKIFBANK SK.","","Gelıncık, Özgür","1864645","0","0","0","0","0","0","0","0","0","0","0","26","13","8","13","8","62","27","0","100","4","15","0","0","0","0","2","2","0","0","0","2","22","","3","4","0","0","0","0","0","0","0","0","0","0","0","0","0","0","0","0","0","0","0","0","0","0","0","0","0","0","0","0","0","0","0","0","0","0","0","0","0","0","0","0","0","0","0","0","0","2","0","0","0","2","2","12","6","7","27","8","0","0","0","0","0","8","0","0","0","0","0","0","0","0","0","0","0","clan-bulk-1.2","0","0","0"
"liga_klanow_2_1","VAKIFBANK SK. vs KS Celofan 0:3","1297857","2026-09-18 19:00","VAKIFBANK SPOR SARAYI","Sons of Eternity II","1391","KS Celofan","","Celal, Samet","1928514","0","0","10","0","0","50.2","0","0","0","0","0","6","1","0","5","2","33","0","0","0","0","0","0","9","39","29","11","62","14","21","21","6","0.8","","2","4","0","0","0","0","9","39","0","0","7","0","0","2","50.2","46.7","0","0","0","0","0","0","0","0","0","0","0","0","0","0","0","0","0","0","0","0","0","0","0","0","0","0","0","0","0","0","29","11","2","4","16","62","0","0","0","0","0","0","0","0","0","0","0","0","0","0","0","0","0","1","1","0","0","0","0","clan-bulk-1.2","0","0","0"
"liga_klanow_2_1","VAKIFBANK SK. vs KS Celofan 0:3","1297857","2026-09-18 19:00","VAKIFBANK SPOR SARAYI","Sons of Eternity II","1391","KS Celofan","","Feder, Paweł","1681963","13","9","9","2","0","54.6","6","0","3","50","50","14","7","4","7","5","64","17","2","88","7","41","10","46","61","0","0","0","0","0","0","0","44","","4","4","0","0","0","0","46","61","9","3","34","1","1","12","54.6","47","1","0","0","0","2","3","0","0","0","0","0","0","1","0","0","0","0","1","0","0","0","0","0","0","1","0","0","0","1","2","0","0","0","0","0","0","0","0","0","0","0","0","0","0","0","0","0","0","0","0","0","0","0","3","4","8","2","0","0","clan-bulk-1.2","0","0","0"
"liga_klanow_2_1","VAKIFBANK SK. vs KS Celofan 0:3","1297857","2026-09-18 19:00","VAKIFBANK SPOR SARAYI","Sons of Eternity II","1391","KS Celofan","","Piłat, Paweł","1905709","22","13","9","1","0","47.6","27","8","13","48","19","4","2","0","2","1","25","0","0","0","0","0","9","36","56","0","1","1","0","0","0","1","44.2","","0","0","0","0","0","0","36","56","9","0","32","0","0","4","47.6","45.8","1","1","0","0","2","4","0","0","2","0","0","2","0","0","0","0","0","0","10","3","2","2","4","21","0","0","0","0","0","0","0","1","0","0","0","1","0","0","0","0","0","0","0","0","0","0","0","0","0","0","0","0","0","3","9","7","10","0","0","clan-bulk-1.2","0","0","0"
"liga_klanow_2_1","VAKIFBANK SK. vs KS Celofan 0:3","1297857","2026-09-18 19:00","VAKIFBANK SPOR SARAYI","Sons of Eternity II","1391","KS Celofan","","Yanev, Rumen","1685605","15","13","13","1","2","55.6","6","1","4","67","50","11","4","3","7","6","82","0","0","0","0","0","9","33","52","0","0","0","0","0","0","0","43.3","","5","6","0","0","0","0","33","52","9","1","28","0","0","5","55.6","47.5","0","0","0","0","0","0","0","0","1","0","0","1","4","0","0","0","0","4","0","0","0","0","0","0","0","0","0","0","1","1","0","0","0","0","0","0","0","0","0","0","0","0","0","0","0","0","0","0","0","0","0","0","0","3","6","5","5","0","0","clan-bulk-1.2","0","0","0"
"liga_klanow_2_1","VAKIFBANK SK. vs KS Celofan 0:3","1297857","2026-09-18 19:00","VAKIFBANK SPOR SARAYI","Sons of Eternity II","1391","KS Celofan","","Mrowiński, Konstanty","2088035","1","-1","2","0","0","57.1","4","2","1","25","-25","3","2","2","1","1","100","5","0","100","3","60","0","7","9","0","0","0","0","0","0","0","4.2","","1","1","0","0","0","0","7","9","0","1","7","0","0","0","57.1","49.6","1","0","0","0","0","1","0","0","2","0","0","2","0","0","0","0","1","1","0","0","0","0","0","0","0","0","0","0","0","0","0","0","0","0","0","0","0","0","0","0","0","0","0","0","0","0","0","0","0","0","0","0","0","0","0","1","0","0","0","clan-bulk-1.2","0","0","0"
"liga_klanow_2_1","VAKIFBANK SK. vs KS Celofan 0:3","1297857","2026-09-18 19:00","VAKIFBANK SPOR SARAYI","Sons of Eternity II","1391","KS Celofan","","Sowiński, Oskar","2002770","21","13","13","1","0","56.1","38","7","19","50","32","4","1","1","3","3","100","0","0","0","0","0","2","38","52","0","0","0","0","0","0","0","40.9","","2","2","0","0","0","0","38","52","2","2","30","0","1","8","56.1","49.4","2","0","0","0","3","5","1","0","2","1","1","5","0","0","0","0","0","0","15","0","5","0","8","28","0","0","0","0","0","0","0","0","0","0","0","0","0","0","0","0","0","0","0","0","0","0","0","0","0","0","0","0","0","3","9","4","8","0","0","clan-bulk-1.2","0","0","0"
"liga_klanow_2_1","VAKIFBANK SK. vs KS Celofan 0:3","1297857","2026-09-18 19:00","VAKIFBANK SPOR SARAYI","Sons of Eternity II","1391","KS Celofan","","Andreev, Ivan","2088844","0","0","0","0","0","0","0","0","0","0","0","5","2","1","3","1","40","1","0","100","1","100","0","0","0","0","1","2","0","1","1","0","2","","1","2","0","0","0","0","0","0","0","0","0","0","0","0","0","0","0","0","0","0","0","0","0","0","0","0","0","0","0","0","0","0","0","0","0","0","0","0","0","0","0","0","0","0","0","0","0","1","0","0","1","2","0","0","0","0","0","0","0","0","0","0","0","0","0","0","0","0","0","0","0","1","0","0","0","clan-bulk-1.2","0","0","0"
"liga_klanow_2_1","VAKIFBANK SK. vs KS Celofan 0:3","1297857","2026-09-18 19:00","VAKIFBANK SPOR SARAYI","Sons of Eternity II","1391","KS Celofan","","Kohlschein, Austin","2003986","0","-1","5","0","0","59.2","2","1","0","0","-50","6","5","3","1","1","67","6","0","100","5","83","0","7","15","0","0","0","0","0","0","0","5.7","","1","1","0","0","0","0","7","15","0","0","6","0","0","1","59.2","52.2","0","0","0","0","1","1","0","0","0","0","0","0","0","1","0","0","0","1","0","0","0","0","0","0","0","0","0","0","0","0","0","0","0","0","0","0","0","0","0","0","0","0","0","0","0","0","0","0","0","0","0","0","0","1","0","0","1","0","0","clan-bulk-1.2","0","0","0"
"liga_klanow_2_1","VAKIFBANK SK. vs KS Celofan 0:3","1297857","2026-09-18 19:00","VAKIFBANK SPOR SARAYI","Sons of Eternity II","1391","KS Celofan","","Hráček, Dušan","2112390","2","-2","2","1","0","48","5","3","2","40","-20","3","1","1","2","2","100","5","0","100","2","40","0","10","23","0","0","0","0","0","0","0","2.9","","1","1","0","0","0","0","10","23","0","1","9","0","1","1","48","48","0","1","1","0","0","2","0","0","1","0","0","1","1","0","0","0","0","1","0","0","0","0","0","0","1","0","0","0","0","1","0","0","0","0","0","0","0","0","0","0","0","0","0","0","0","0","0","0","0","0","0","0","0","1","4","0","0","0","0","clan-bulk-1.2","0","0","0"
"liga_klanow_2_1","VAKIFBANK SK. vs KS Celofan 0:3","1297857","2026-09-18 19:00","VAKIFBANK SPOR SARAYI","Sons of Eternity II","1391","KS Celofan","","Brečko, Janez","2089059","0","0","0","0","0","0","0","0","0","0","0","11","7","7","4","3","91","4","0","100","2","50","0","0","0","0","0","1","0","1","0","0","9.2","","3","3","0","0","0","0","0","0","0","0","0","0","0","0","0","0","0","0","0","0","0","0","0","0","0","0","0","0","0","0","0","0","0","0","0","0","0","0","0","0","0","0","0","0","0","0","0","0","0","0","1","1","0","0","0","0","0","0","0","0","0","0","0","0","0","0","0","0","0","0","0","0","0","0","0","clan-bulk-1.2","0","0","0"
"liga_klanow_2_1","VAKIFBANK SK. vs KS Celofan 0:3","1297857","2026-09-18 19:00","VAKIFBANK SPOR SARAYI","Sons of Eternity II","1391","KS Celofan","","Pinhão, Casimiro","2060767","0","0","0","0","0","0","0","0","0","0","0","4","2","0","2","0","0","3","0","100","2","67","0","0","0","0","0","0","0","0","0","0","2","","0","2","0","0","0","0","0","0","0","0","0","0","0","0","0","0","0","0","0","0","0","0","0","0","0","0","0","0","0","0","0","0","0","0","0","0","0","0","0","0","0","0","0","0","0","0","0","0","0","0","0","0","0","0","0","0","0","0","0","0","0","0","0","0","0","0","0","0","0","0","0","0","0","0","0","clan-bulk-1.2","0","0","0"
"liga_klanow_2_1","VAKIFBANK SK. vs KS Celofan 0:3","1297857","2026-09-18 19:00","VAKIFBANK SPOR SARAYI","Sons of Eternity II","1391","KS Celofan","","Hotoboc, Mircea","1686280","1","1","10","0","0","56.5","0","0","0","0","0","3","2","2","1","0","67","0","0","0","0","0","1","10","17","10","3","22","8","8","5","1","4.6","","0","0","0","0","0","0","10","17","0","0","5","1","0","5","56.5","49.7","0","0","0","0","0","0","0","0","0","0","0","0","0","0","0","0","0","0","0","0","0","0","0","0","0","0","0","0","0","0","10","3","1","2","6","22","0","0","0","0","0","0","0","0","0","0","0","0","0","0","0","0","0","0","0","0","0","0","0","clan-bulk-1.2","0","0","0"
"liga_klanow_2_1","🇯🇲 - FPC_VM - 💫 vs Gks Jastrzębie 3:0","1297858","2026-09-18 19:00","VolleyBall Halle","POLSKIE ORLY","1392","🇯🇲 - FPC_VM - 💫","","Faro, Octávio","1950141","3","1","20","2","0","59.3","0","0","0","0","0","10","6","6","4","4","100","0","0","0","0","0","3","28","35","30","4","51","20","13","12","6","13.4","{""sets"":[{""h"":25,""a"":10},{""h"":25,""a"":7},{""h"":25,""a"":7}],""parsedSets"":[{""rallies"":[{""type"":""end"",""score"":""25 : 10"",""txt"":""Koniec seta 1 : 0""},{""type"":""end"",""score"":""25 : 10"",""txt"":""Koniec seta 1 : 0""},{""type"":""rally"",""score"":""25 : 10"",""speed"":""52.2 km/h"",""res"":""Punkt: E. Furnas""},{""type"":""rally"",""score"":""24 : 10"",""speed"":""50.0 km/h"",""res"":""Punkt: J. Bont""},{""type"":""rally"",""score"":""24 : 9"",""speed"":""42.3 km/h"",""res"":""Punkt: M. Cisheng""},{""type"":""rally"",""score"":""24 : 8"",""speed"":""43.7 km/h"",""res"":""Punkt: I. Antão""},{""type"":""rally"",""score"":""23 : 8"",""speed"":""44.5 km/h"",""res"":""Punkt: I. Antão""},{""type"":""rally"",""score"":""22 : 8"",""speed"":""45.8 km/h"",""res"":""Punkt: E. Furnas""},{""type"":""rally"",""score"":""21 : 8"",""speed"":""40.8 km/h"",""res"":""Punkt: G. Kochanowski""},{""type"":""rally"",""score"":""20 : 8"",""speed"":""47.8 km/h"",""res"":""Punkt: I. Antão""},{""type"":""rally"",""score"":""19 : 8"",""speed"":""46.0 km/h"",""res"":""Punkt: M. Cisheng""},{""type"":""rally"",""score"":""19 : 7"",""speed"":""40.4 km/h"",""res"":""Punkt: I. Antão""},{""type"":""rally"",""score"":""18 : 7"",""speed"":""54.3 km/h"",""res"":""Punkt: M. Cisheng""},{""type"":""rally"",""score"":""18 : 6"",""speed"":""66.2 km/h"",""res"":""Punkt: G. Kochanowski""},{""type"":""rally"",""score"":""17 : 6"",""speed"":""65.7 km/h"",""res"":""Punkt: A. Alegre""},{""type"":""tmo"",""score"":""16 : 6"",""txt"":""Czas: ""},{""type"":""rally"",""score"":""16 : 6"",""speed"":""51.3 km/h"",""res"":""Punkt: A. Alegre""},{""type"":""rally"",""score"":""15 : 6"",""speed"":""64.7 km/h"",""res"":""Punkt: D. Ikemizu""},{""type"":""rally"",""score"":""15 : 5"",""speed"":""87.3 km/h"",""res"":""Punkt: A. Alegre""},{""type"":""rally"",""score"":""14 : 5"",""speed"":""87.9 km/h"",""res"":""Punkt: I. Antão""},{""type"":""rally"",""score"":""13 : 5"",""speed"":""63.3 km/h"",""res"":""Błąd: M. Cisheng""},{""type"":""rally"",""score"":""12 : 5"",""speed"":""46.0 km/h"",""res"":""Punkt: A. Alegre""},{""type"":""rally"",""score"":""11 : 5"",""speed"":""73.9 km/h"",""res"":""Punkt: I. Antão""},{""type"":""rally"",""score"":""10 : 5"",""speed"":""54.4 km/h"",""res"":""Punkt: I. Antão""},{""type"":""rally"",""score"":""9 : 5"",""speed"":""55.5 km/h"",""res"":""Punkt: M. Cisheng""},{""type"":""rally"",""score"":""9 : 4"",""speed"":""48.8 km/h"",""res"":""Punkt: O. Faro""},{""type"":""tmo"",""score"":""8 : 4"",""txt"":""Czas: ""},{""type"":""rally"",""score"":""8 : 4"",""speed"":""48.5 km/h"",""res"":""Punkt: A. Alegre""},{""type"":""rally"",""score"":""7 : 4"",""speed"":""54.1 km/h"",""res"":""Punkt: J. Bourgogne""},{""type"":""tmo"",""score"":""7 : 3"",""txt"":""Czas: Gks Jastrzębie""},{""type"":""rally"",""score"":""7 : 3"",""speed"":""63.4 km/h"",""res"":""Punkt: E. Furnas""},{""type"":""rally"",""score"":""6 : 3"",""speed"":""52.5 km/h"",""res"":""Punkt: I. Antão""},{""type"":""rally"",""score"":""5 : 3"",""speed"":""48.6 km/h"",""res"":""Błąd: I. Antão""},{""type"":""rally"",""score"":""5 : 2"",""speed"":""42.9 km/h"",""res"":""Punkt: M. Cisheng""},{""type"":""rally"",""score"":""5 : 1"",""speed"":""44.4 km/h"",""res"":""Błąd: M. Cisheng""},{""type"":""chg"",""score"":""4 : 1"",""txt"":""Zmiana: E. Furnas ⇄ G. Arnouts""},{""type"":""rally"",""score"":""4 : 1"",""speed"":""43.3 km/h"",""res"":""Punkt: G. Arnouts""},{""type"":""chg"",""score"":""3 : 1"",""txt"":""Zmiana: I. Antão ⇄ C. Helms""},{""type"":""chg"",""score"":""3 : 1"",""txt"":""Zmiana: N. Laranjeira ⇄ A. De Lima""},{""type"":""rally"",""score"":""3 : 1"",""speed"":""47.8 km/h"",""res"":""Punkt: G. Kochanowski""},{""type"":""rally"",""score"":""2 : 1"",""speed"":""51.4 km/h"",""res"":""Punkt: P. Qingli""},{""type"":""chg"",""score"":""2 : 0"",""txt"":""Zmiana: A. Alegre ⇄ A. Amaral""},{""type"":""chg"",""score"":""2 : 0"",""txt"":""Zmiana: G. Kochanowski ⇄ V. Mitrev""},{""type"":""rally"",""score"":""2 : 0"",""speed"":""50.6 km/h"",""res"":""Punkt: C. Helms""},{""type"":""tmo"",""score"":""1 : 0"",""txt"":""Czas: 🇯🇲 - FPC_VM - 💫  ""},{""type"":""rally"",""score"":""1 : 0"",""speed"":""52.8 km/h"",""res"":""Punkt: V. Mitrev""}]},{""rallies"":[{""type"":""end"",""score"":""25 : 7"",""txt"":""Koniec seta 2 : 0""},{""type"":""end"",""score"":""25 : 7"",""txt"":""Koniec seta 2 : 0""},{""type"":""rally"",""score"":""25 : 7"",""speed"":""40.5 km/h"",""res"":""Punkt: G. Kochanowski""},{""type"":""rally"",""score"":""24 : 7"",""speed"":""40.4 km/h"",""res"":""Błąd: E. Furnas""},{""type"":""rally"",""score"":""24 : 6"",""speed"":""44.9 km/h"",""res"":""Punkt: M. Cisheng""},{""type"":""rally"",""score"":""24 : 5"",""speed"":""59.3 km/h"",""res"":""Punkt: G. Kochanowski""},{""type"":""rally"",""score"":""23 : 5"",""speed"":""56.0 km/h"",""res"":""Punkt: I. Antão""},{""type"":""rally"",""score"":""22 : 5"",""speed"":""46.8 km/h"",""res"":""Punkt: G. Kochanowski""},{""type"":""rally"",""score"":""21 : 5"",""speed"":""52.2 km/h"",""res"":""Punkt: G. Kochanowski""},{""type"":""tmo"",""score"":""20 : 5"",""txt"":""Czas: 🇯🇲 - FPC_VM - 💫  ""},{""type"":""rally"",""score"":""20 : 5"",""speed"":""55.1 km/h"",""res"":""Punkt: G. Kochanowski""},{""type"":""rally"",""score"":""19 : 5"",""speed"":""52.1 km/h"",""res"":""Punkt: I. Antão""},{""type"":""rally"",""score"":""18 : 5"",""speed"":""43.0 km/h"",""res"":""Punkt: I. Antão""},{""type"":""rally"",""score"":""17 : 5"",""speed"":""54.9 km/h"",""res"":""Punkt: N. Laranjeira""},{""type"":""rally"",""score"":""16 : 5"",""speed"":""56.4 km/h"",""res"":""Punkt: J. Bourgogne""},{""type"":""tmo"",""score"":""16 : 4"",""txt"":""Czas: ""},{""type"":""rally"",""score"":""16 : 4"",""speed"":""51.1 km/h"",""res"":""Punkt: A. Alegre""},{""type"":""rally"",""score"":""15 : 4"",""speed"":""78.6 km/h"",""res"":""Błąd: I. Antão""},{""type"":""rally"",""score"":""15 : 3"",""speed"":""76.0 km/h"",""res"":""Punkt: I. Antão""},{""type"":""rally"",""score"":""14 : 3"",""speed"":""55.2 km/h"",""res"":""Błąd: M. Cisheng""},{""type"":""rally"",""score"":""13 : 3"",""speed"":""54.1 km/h"",""res"":""Punkt: E. Furnas""},{""type"":""rally"",""score"":""12 : 3"",""speed"":""48.9 km/h"",""res"":""Punkt: J. Bont""},{""type"":""rally"",""score"":""12 : 2"",""speed"":""53.8 km/h"",""res"":""Punkt: I. Antão""},{""type"":""rally"",""score"":""11 : 2"",""speed"":""51.9 km/h"",""res"":""Punkt: O. Faro""},{""type"":""rally"",""score"":""10 : 2"",""speed"":""51.2 km/h"",""res"":""Punkt: I. Antão""},{""type"":""rally"",""score"":""9 : 2"",""speed"":""47.8 km/h"",""res"":""Punkt: O. Faro""},{""type"":""tmo"",""score"":""8 : 2"",""txt"":""Czas: ""},{""type"":""rally"",""score"":""8 : 2"",""speed"":""49.3 km/h"",""res"":""Punkt: I. Antão""},{""type"":""tmo"",""score"":""7 : 2"",""txt"":""Czas: Gks Jastrzębie""},{""type"":""rally"",""score"":""7 : 2"",""speed"":""61.4 km/h"",""res"":""Punkt: N. Laranjeira""},{""type"":""rally"",""score"":""6 : 2"",""speed"":""46.1 km/h"",""res"":""Błąd: J. Bont""},{""type"":""rally"",""score"":""5 : 2"",""speed"":""64.0 km/h"",""res"":""Punkt: P. Qingli""},{""type"":""rally"",""score"":""5 : 1"",""speed"":""44.7 km/h"",""res"":""Punkt: G. Kochanowski""},{""type"":""rally"",""score"":""4 : 1"",""speed"":""44.2 km/h"",""res"":""Błąd: E. Furnas""},{""type"":""chg"",""score"":""4 : 0"",""txt"":""Zmiana: E. Furnas ⇄ G. Arnouts""},{""type"":""rally"",""score"":""4 : 0"",""speed"":""46.1 km/h"",""res"":""Punkt: G. Kochanowski""},{""type"":""chg"",""score"":""3 : 0"",""txt"":""Zmiana: I. Antão ⇄ C. Helms""},{""type"":""chg"",""score"":""3 : 0"",""txt"":""Zmiana: N. Laranjeira ⇄ A. De Lima""},{""type"":""rally"",""score"":""3 : 0"",""speed"":""70.7 km/h"",""res"":""Błąd: M. Cisheng""},{""type"":""chg"",""score"":""2 : 0"",""txt"":""Zmiana: A. Alegre ⇄ A. Amaral""},{""type"":""chg"",""score"":""2 : 0"",""txt"":""Zmiana: G. Kochanowski ⇄ V. Mitrev""},{""type"":""rally"",""score"":""2 : 0"",""speed"":""70.8 km/h"",""res"":""Punkt: G. Arnouts""},{""type"":""tmo"",""score"":""1 : 0"",""txt"":""Czas: 🇯🇲 - FPC_VM - 💫  ""},{""type"":""rally"",""score"":""1 : 0"",""speed"":""40.8 km/h"",""res"":""Punkt: V. Mitrev""}]},{""rallies"":[{""type"":""end"",""score"":""25 : 7"",""txt"":""Koniec seta 3 : 0""},{""type"":""end"",""score"":""25 : 7"",""txt"":""Koniec seta 3 : 0""},{""type"":""rally"",""score"":""25 : 7"",""speed"":""51.8 km/h"",""res"":""Punkt: G. Kochanowski""},{""type"":""rally"",""score"":""24 : 7"",""speed"":""-"",""res"":""Błąd: O. Faro""},{""type"":""rally"",""score"":""24 : 6"",""speed"":""40.8 km/h"",""res"":""Błąd: P. Qingli""},{""type"":""rally"",""score"":""23 : 6"",""speed"":""65.2 km/h"",""res"":""Punkt: P. Qingli""},{""type"":""rally"",""score"":""23 : 5"",""speed"":""46.6 km/h"",""res"":""Punkt: I. Antão""},{""type"":""rally"",""score"":""22 : 5"",""speed"":""-"",""res"":""Błąd: I. Antão""},{""type"":""rally"",""score"":""22 : 4"",""speed"":""66.1 km/h"",""res"":""Punkt: E. Furnas""},{""type"":""rally"",""score"":""21 : 4"",""speed"":""53.5 km/h"",""res"":""Punkt: M. Cisheng""},{""type"":""rally"",""score"":""21 : 3"",""speed"":""57.2 km/h"",""res"":""Punkt: A. Alegre""},{""type"":""rally"",""score"":""20 : 3"",""speed"":""52.3 km/h"",""res"":""Punkt: E. Furnas""},{""type"":""rally"",""score"":""19 : 3"",""speed"":""44.9 km/h"",""res"":""Punkt: A. Alegre""},{""type"":""rally"",""score"":""18 : 3"",""speed"":""60.1 km/h"",""res"":""Punkt: A. Alegre""},{""type"":""rally"",""score"":""17 : 3"",""speed"":""61.2 km/h"",""res"":""Punkt: A. Alegre""},{""type"":""tmo"",""score"":""16 : 3"",""txt"":""Czas: ""},{""type"":""rally"",""score"":""16 : 3"",""speed"":""-"",""res"":""Błąd: J. Bont""},{""type"":""rally"",""score"":""15 : 3"",""speed"":""-"",""res"":""Błąd: G. Kochanowski""},{""type"":""rally"",""score"":""15 : 2"",""speed"":""55.6 km/h"",""res"":""Punkt: A. Alegre""},{""type"":""rally"",""score"":""14 : 2"",""speed"":""45.7 km/h"",""res"":""Punkt: I. Antão""},{""type"":""rally"",""score"":""13 : 2"",""speed"":""56.5 km/h"",""res"":""Punkt: I. Antão""},{""type"":""rally"",""score"":""12 : 2"",""speed"":""74.6 km/h"",""res"":""Punkt: I. Antão""},{""type"":""rally"",""score"":""11 : 2"",""speed"":""50.8 km/h"",""res"":""Punkt: A. Alegre""},{""type"":""rally"",""score"":""10 : 2"",""speed"":""61.4 km/h"",""res"":""Punkt: E. Furnas""},{""type"":""tmo"",""score"":""9 : 2"",""txt"":""Czas: 🇯🇲 - FPC_VM - 💫  ""},{""type"":""rally"",""score"":""9 : 2"",""speed"":""55.2 km/h"",""res"":""Punkt: I. Antão""},{""type"":""rally"",""score"":""8 : 2"",""speed"":""45.9 km/h"",""res"":""Punkt: M. Cisheng""},{""type"":""tmo"",""score"":""8 : 1"",""txt"":""Czas: ""},{""type"":""rally"",""score"":""8 : 1"",""speed"":""46.7 km/h"",""res"":""Punkt: I. Antão""},{""type"":""rally"",""score"":""7 : 1"",""speed"":""42.3 km/h"",""res"":""Punkt: I. Antão""},{""type"":""rally"",""score"":""6 : 1"",""speed"":""-"",""res"":""Błąd: O. Faro""},{""type"":""tmo"",""score"":""6 : 0"",""txt"":""Czas: Gks Jastrzębie""},{""type"":""rally"",""score"":""6 : 0"",""speed"":""44.6 km/h"",""res"":""Punkt: G. Kochanowski""},{""type"":""rally"",""score"":""5 : 0"",""speed"":""54.7 km/h"",""res"":""Błąd: M. Cisheng""},{""type"":""chg"",""score"":""4 : 0"",""txt"":""Zmiana: E. Furnas ⇄ G. Arnouts""},{""type"":""rally"",""score"":""4 : 0"",""speed"":""49.1 km/h"",""res"":""Punkt: G. Kochanowski""},{""type"":""chg"",""score"":""3 : 0"",""txt"":""Zmiana: I. Antão ⇄ C. Helms""},{""type"":""chg"",""score"":""3 : 0"",""txt"":""Zmiana: N. Laranjeira ⇄ A. De Lima""},{""type"":""rally"",""score"":""3 : 0"",""speed"":""46.7 km/h"",""res"":""Punkt: A. De Lima""},{""type"":""chg"",""score"":""2 : 0"",""txt"":""Zmiana: A. Alegre ⇄ A. Amaral""},{""type"":""chg"",""score"":""2 : 0"",""txt"":""Zmiana: G. Kochanowski ⇄ V. Mitrev""},{""type"":""rally"",""score"":""2 : 0"",""speed"":""55.5 km/h"",""res"":""Punkt: A. De Lima""},{""type"":""rally"",""score"":""1 : 0"",""speed"":""43.5 km/h"",""res"":""Punkt: V. Mitrev""}]}]}","4","4","0","0","0","0","28","35","3","0","23","0","0","5","59.3","50.2","0","0","0","0","0","0","0","0","0","0","0","0","0","0","0","0","0","0","0","0","0","0","0","0","0","0","0","0","0","0","30","4","1","4","12","51","0","0","0","0","0","0","0","0","0","0","0","0","0","0","0","0","0","3","1","2","2","0","0","clan-bulk-1.2","0","0","0"
"liga_klanow_2_1","🇯🇲 - FPC_VM - 💫 vs Gks Jastrzębie 3:0","1297858","2026-09-18 19:00","VolleyBall Halle","POLSKIE ORLY","1392","🇯🇲 - FPC_VM - 💫","","De Lima, Aparício","2032811","2","2","2","0","0","70.8","1","0","1","100","100","1","0","0","1","1","100","1","0","100","1","100","1","5","6","0","0","0","0","0","0","0","6.2","","1","1","0","0","0","0","5","6","1","0","5","0","0","0","70.8","70.8","0","0","0","0","0","0","1","0","0","0","0","1","0","0","0","0","0","0","0","0","0","0","0","0","0","0","0","0","0","0","0","0","0","0","0","0","0","0","0","0","0","0","0","0","0","0","0","0","0","0","0","0","0","1","0","0","2","0","0","clan-bulk-1.2","0","0","0"
"liga_klanow_2_1","🇯🇲 - FPC_VM - 💫 vs Gks Jastrzębie 3:0","1297858","2026-09-18 19:00","VolleyBall Halle","POLSKIE ORLY","1392","🇯🇲 - FPC_VM - 💫","","Mitrev, Vladimir","2060907","3","3","0","0","0","0","1","0","1","100","100","0","0","0","0","0","0","0","0","0","0","0","2","5","5","0","0","0","0","0","0","0","8","","0","0","0","0","0","0","5","5","2","0","5","0","0","0","0","0","0","0","0","0","0","0","0","0","0","0","0","0","0","0","0","0","0","0","1","0","0","0","0","1","0","0","0","0","0","0","0","0","0","0","0","0","0","0","0","0","0","0","0","0","0","0","0","0","0","0","0","0","0","0","1","1","1","0","0","clan-bulk-1.2","0","0","0"
"liga_klanow_2_1","🇯🇲 - FPC_VM - 💫 vs Gks Jastrzębie 3:0","1297858","2026-09-18 19:00","VolleyBall Halle","POLSKIE ORLY","1392","🇯🇲 - FPC_VM - 💫","","Arnouts, Gabriel","2087521","2","2","0","0","0","0","2","0","2","100","100","0","0","0","0","0","0","0","0","0","0","0","0","10","12","0","0","0","0","0","0","0","4","","0","0","0","0","0","0","10","12","0","0","10","0","0","0","0","0","1","0","0","0","0","1","0","0","0","0","0","0","1","0","0","0","0","1","0","0","0","0","0","0","0","0","0","0","0","0","0","0","0","0","0","0","0","0","0","0","0","0","0","0","0","0","0","0","0","0","0","0","0","2","1","1","0","0","0","clan-bulk-1.2","0","0","0"
"liga_klanow_2_1","🇯🇲 - FPC_VM - 💫 vs Gks Jastrzębie 3:0","1297858","2026-09-18 19:00","VolleyBall Halle","POLSKIE ORLY","1392","🇯🇲 - FPC_VM - 💫","","Helms, Chad","2003231","1","1","0","0","0","0","1","0","1","100","100","1","0","0","1","1","100","1","0","100","1","100","0","1","2","0","0","0","0","0","0","0","3.2","","1","1","0","0","0","0","1","2","0","0","1","0","0","0","0","0","0","0","0","0","0","0","0","0","0","0","0","0","0","0","0","0","0","0","0","0","0","0","0","0","1","0","0","0","0","1","0","0","0","0","0","0","0","0","0","0","0","0","0","0","0","0","0","0","0","0","0","0","0","0","1","0","0","0","0","clan-bulk-1.2","0","0","0"
"liga_klanow_2_1","🇯🇲 - FPC_VM - 💫 vs Gks Jastrzębie 3:0","1297858","2026-09-18 19:00","VolleyBall Halle","POLSKIE ORLY","1392","🇯🇲 - FPC_VM - 💫","","Amaral, Aurélio","2060482","0","0","0","0","0","0","0","0","0","0","0","0","0","0","0","0","0","0","0","0","0","0","0","0","0","0","0","0","0","0","0","0","0","","0","0","0","0","0","0","0","0","0","0","0","0","0","0","0","0","0","0","0","0","0","0","0","0","0","0","0","0","0","0","0","0","0","0","0","0","0","0","0","0","0","0","0","0","0","0","0","0","0","0","0","0","0","0","0","0","0","0","0","0","0","0","0","0","0","0","0","0","0","0","0","0","0","0","0","clan-bulk-1.2","0","0","0"
"liga_klanow_2_1","🇯🇲 - FPC_VM - 💫 vs Gks Jastrzębie 3:0","1297858","2026-09-18 19:00","VolleyBall Halle","POLSKIE ORLY","1392","🇯🇲 - FPC_VM - 💫","","Gaveau, Olivier","1904706","0","0","0","0","0","0","0","0","0","0","0","13","8","7","5","4","85","5","0","100","4","80","0","0","0","5","1","7","0","1","4","2","10.8","","3","3","0","0","0","0","0","0","0","0","0","0","0","0","0","0","0","0","0","0","0","0","0","0","0","0","0","0","0","0","0","0","0","0","0","0","0","0","0","0","0","0","0","0","0","0","5","1","0","0","1","7","0","0","0","0","0","0","0","0","0","0","0","0","0","0","0","0","0","0","0","0","0","0","0","clan-bulk-1.2","0","0","0"
"liga_klanow_2_1","🇯🇲 - FPC_VM - 💫 vs Gks Jastrzębie 3:0","1297858","2026-09-18 19:00","VolleyBall Halle","POLSKIE ORLY","1392","🇯🇲 - FPC_VM - 💫","","Antão, Igrejas","2003117","22","19","10","1","1","87.9","20","2","13","65","55","14","10","7","4","3","71","9","0","100","5","56","8","34","43","0","0","0","0","0","0","0","72.4","","2","3","0","0","0","0","34","43","8","0","33","0","0","1","87.9","70.3","2","0","0","0","1","3","0","0","0","0","0","0","4","1","0","0","2","7","0","0","0","0","0","0","7","1","0","0","2","10","0","0","0","0","0","0","0","0","0","0","0","0","0","0","0","0","0","0","0","0","0","0","0","3","9","8","8","0","0","clan-bulk-1.2","0","0","0"
"liga_klanow_2_1","🇯🇲 - FPC_VM - 💫 vs Gks Jastrzębie 3:0","1297858","2026-09-18 19:00","VolleyBall Halle","POLSKIE ORLY","1392","🇯🇲 - FPC_VM - 💫","","Kochanowski, Grzegorz","1950894","13","12","10","1","0","74.6","11","0","8","73","73","0","0","0","0","0","0","0","0","0","0","0","5","35","44","3","0","3","0","1","2","0","44.6","","0","0","0","0","0","0","35","44","5","3","32","0","0","3","74.6","58.5","0","0","0","0","1","1","0","0","0","0","0","0","0","0","0","0","0","0","8","0","0","0","2","10","0","0","0","0","0","0","3","0","0","0","0","3","0","0","0","0","0","0","0","0","0","0","0","0","0","0","0","0","0","3","3","7","4","0","0","clan-bulk-1.2","0","0","0"
"liga_klanow_2_1","🇯🇲 - FPC_VM - 💫 vs Gks Jastrzębie 3:0","1297858","2026-09-18 19:00","VolleyBall Halle","POLSKIE ORLY","1392","🇯🇲 - FPC_VM - 💫","","Laranjeira, Natan","1974611","2","-1","12","0","0","46.7","8","3","2","25","-12","8","5","1","3","0","13","8","0","100","3","38","0","0","36","0","0","0","0","0","0","0","4.7","","0","3","0","0","0","0","0","36","0","0","0","0","0","0","46.7","44.2","0","0","1","0","0","1","0","0","0","0","0","0","1","0","2","0","1","4","0","0","0","0","0","0","1","0","0","0","2","3","0","0","0","0","0","0","0","0","0","0","0","0","0","0","0","0","0","0","0","0","0","0","0","1","0","2","0","0","0","clan-bulk-1.2","0","0","0"
"liga_klanow_2_1","🇯🇲 - FPC_VM - 💫 vs Gks Jastrzębie 3:0","1297858","2026-09-18 19:00","VolleyBall Halle","POLSKIE ORLY","1392","🇯🇲 - FPC_VM - 💫","","Furnas, Eusébio","2002464","7","4","15","0","0","61.4","12","3","7","58","33","5","2","1","3","2","60","0","0","0","0","0","0","34","40","0","0","0","0","0","0","0","17.7","","1","1","0","0","0","0","34","40","0","0","31","0","0","3","61.4","53.2","1","1","0","0","1","3","0","0","0","0","0","0","3","1","1","0","1","6","0","0","0","0","0","0","3","0","0","0","0","3","0","0","0","0","0","0","0","0","0","0","0","0","0","0","0","0","0","0","0","0","0","0","0","3","3","3","3","0","0","clan-bulk-1.2","0","0","0"
"liga_klanow_2_1","🇯🇲 - FPC_VM - 💫 vs Gks Jastrzębie 3:0","1297858","2026-09-18 19:00","VolleyBall Halle","POLSKIE ORLY","1392","🇯🇲 - FPC_VM - 💫","","Alegre, Ambrósio","1976488","16","15","5","0","1","66.2","5","1","4","80","60","1","1","0","0","0","0","0","0","0","0","0","11","34","38","0","0","0","0","0","0","0","42.5","","0","0","0","0","0","0","34","38","8","0","30","3","0","4","66.2","61.6","0","0","0","0","0","0","0","0","1","0","0","1","0","0","0","0","0","0","3","0","0","1","0","4","0","0","0","0","0","0","0","0","0","0","0","0","0","0","0","0","0","0","0","0","0","0","0","0","0","0","0","0","0","3","5","1","6","0","0","clan-bulk-1.2","0","0","0"
"liga_klanow_2_1","🇯🇲 - FPC_VM - 💫 vs Gks Jastrzębie 3:0","1297858","2026-09-18 19:00","VolleyBall Halle","ORIGIN II","1392","Gks Jastrzębie","","Antão, Nélson","2002913","0","0","5","0","0","87.9","0","0","0","0","0","15","6","0","9","3","20","0","0","0","0","0","0","1","25","14","27","84","3","15","34","32","1.2","","0","3","0","0","0","0","1","25","0","0","1","0","0","0","40.8","40.6","0","0","0","0","0","0","0","0","0","0","0","0","0","0","0","0","0","0","0","0","0","0","0","0","0","0","0","0","0","0","14","27","3","6","34","84","0","0","0","0","0","0","0","0","0","0","0","0","0","0","0","0","0","0","0","0","0","0","0","clan-bulk-1.2","0","0","0"
"liga_klanow_2_1","🇯🇲 - FPC_VM - 💫 vs Gks Jastrzębie 3:0","1297858","2026-09-18 19:00","VolleyBall Halle","ORIGIN II","1392","Gks Jastrzębie","","Bourgogne, Jordan","1767562","5","-2","5","0","0","51.8","15","6","4","27","-13","12","8","1","4","0","8","42","1","98","6","14","1","14","33","0","0","0","0","0","0","0","17","","0","1","0","0","0","0","14","33","0","0","2","1","0","12","51.8","46.9","0","0","2","0","4","6","1","0","3","1","0","5","0","0","0","0","1","1","0","0","0","0","0","0","1","0","1","1","0","3","0","0","0","0","0","0","0","0","0","0","0","0","0","0","0","0","0","0","0","0","0","0","0","2","1","1","0","0","0","clan-bulk-1.2","0","0","0"
"liga_klanow_2_1","🇯🇲 - FPC_VM - 💫 vs Gks Jastrzębie 3:0","1297858","2026-09-18 19:00","VolleyBall Halle","ORIGIN II","1392","Gks Jastrzębie","","Qingli, Pin","1976461","4","2","6","0","0","55.2","12","2","2","17","0","2","0","0","2","0","0","0","0","0","0","0","2","16","36","0","0","0","0","0","0","0","7","","0","0","0","0","0","0","16","36","1","0","6","1","0","10","55.2","50.8","0","0","0","0","1","1","1","0","1","0","2","4","0","0","0","0","0","0","1","1","0","0","5","7","0","0","0","0","0","0","0","0","0","0","0","0","0","0","0","0","0","0","0","0","0","0","0","0","0","0","0","0","0","3","1","1","2","0","0","clan-bulk-1.2","0","0","0"
"liga_klanow_2_1","🇯🇲 - FPC_VM - 💫 vs Gks Jastrzębie 3:0","1297858","2026-09-18 19:00","VolleyBall Halle","ORIGIN II","1392","Gks Jastrzębie","","Bont, Joachim","2112722","3","-5","3","1","0","54.1","11","7","2","18","-45","18","10","3","8","0","17","0","0","0","0","0","1","18","36","0","0","0","0","0","0","0","-11.1","","0","0","0","0","0","0","18","36","1","0","7","0","0","11","54.1","51.3","1","0","3","1","1","6","0","0","4","0","0","4","0","0","0","0","1","1","0","0","0","0","0","0","0","0","0","0","0","0","0","0","0","0","0","0","0","0","0","0","0","0","0","0","0","0","0","0","0","0","0","0","0","3","1","2","1","0","0","clan-bulk-1.2","0","0","0"
"liga_klanow_2_1","🇯🇲 - FPC_VM - 💫 vs Gks Jastrzębie 3:0","1297858","2026-09-18 19:00","VolleyBall Halle","ORIGIN II","1392","Gks Jastrzębie","","Cisheng, Miao","1903851","9","-11","3","0","0","66.1","44","19","8","18","-25","15","6","1","9","2","20","22","1","95","5","23","1","12","28","0","0","0","0","0","0","0","-4.5","","2","2","0","0","0","0","12","28","0","0","8","1","0","4","66.1","57.2","3","1","1","0","5","10","1","0","4","0","2","7","3","2","8","0","8","21","0","0","0","0","0","0","1","2","1","0","2","6","0","0","0","0","0","0","0","0","0","0","0","0","0","0","0","0","0","0","0","0","0","0","0","3","7","3","3","0","0","clan-bulk-1.2","0","0","0"
"liga_klanow_2_1","🇯🇲 - FPC_VM - 💫 vs Gks Jastrzębie 3:0","1297858","2026-09-18 19:00","VolleyBall Halle","ORIGIN II","1392","Gks Jastrzębie","","Ikemizu, Daolin","2059846","1","-1","3","0","0","54.9","5","2","1","20","-20","3","2","0","1","0","0","0","0","0","0","0","0","14","25","0","1","1","0","0","1","0","-1","","0","0","0","0","0","0","14","25","0","0","4","0","1","10","54.9","50.9","0","0","0","0","1","1","0","0","1","0","1","2","0","0","0","0","0","0","1","0","1","0","0","2","0","0","0","0","0","0","0","1","0","0","0","1","0","0","0","0","0","0","0","0","0","0","0","0","0","0","0","0","0","1","1","0","0","0","0","clan-bulk-1.2","0","0","0"
"liga_klanow_2_1","🇯🇲 - FPC_VM - 💫 vs Gks Jastrzębie 3:0","1297858","2026-09-18 19:00","VolleyBall Halle","ORIGIN II","1392","Gks Jastrzębie","","Guzzi, Emílio","2003824","0","0","0","0","0","0","0","0","0","0","0","20","12","5","8","4","45","6","0","100","1","17","0","0","0","0","2","2","0","0","1","1","8.4","","1","1","0","0","0","0","0","0","0","0","0","0","0","0","0","0","0","0","0","0","0","0","0","0","0","0","0","0","0","0","0","0","0","0","0","0","0","0","0","0","0","0","0","0","0","0","0","2","0","0","0","2","0","0","0","0","0","0","0","0","0","0","0","0","0","0","0","0","0","0","0","0","0","0","0","clan-bulk-1.2","0","0","0"
"liga_klanow_2_1","Volley Leszczyny vs HHC 3:0","1297859","2026-09-18 19:00","Leszczyny arena","POLSKIE ORLY","1392","Volley Leszczyny","","Barteselli, Leone","2032372","6","5","9","1","2","63.6","0","0","0","0","0","12","4","4","8","6","83","0","0","0","0","0","4","22","39","30","4","48","17","14","8","9","22.6","{""sets"":[{""h"":25,""a"":9},{""h"":25,""a"":3},{""h"":25,""a"":12}],""parsedSets"":[{""rallies"":[{""type"":""end"",""score"":""25 : 9"",""txt"":""Koniec seta 1 : 0""},{""type"":""end"",""score"":""25 : 9"",""txt"":""Koniec seta 1 : 0""},{""type"":""rally"",""score"":""25 : 9"",""speed"":""55.0 km/h"",""res"":""Punkt: W. Szymański""},{""type"":""rally"",""score"":""24 : 9"",""speed"":""52.4 km/h"",""res"":""Punkt: W. Szymański""},{""type"":""rally"",""score"":""23 : 9"",""speed"":""50.7 km/h"",""res"":""Punkt: M. Przygoda""},{""type"":""rally"",""score"":""22 : 9"",""speed"":""-"",""res"":""Błąd: I. Belfü""},{""type"":""rally"",""score"":""22 : 8"",""speed"":""-"",""res"":""Błąd: T. Cheminade""},{""type"":""rally"",""score"":""21 : 8"",""speed"":""-"",""res"":""Błąd: L. Barteselli""},{""type"":""chg"",""score"":""21 : 7"",""txt"":""Zmiana: M. Przygoda ⇄ A. Felczak""},{""type"":""chg"",""score"":""21 : 7"",""txt"":""Zmiana: I. Belfü ⇄ J. Lipiński""},{""type"":""rally"",""score"":""21 : 7"",""speed"":""55.3 km/h"",""res"":""Punkt: L. Tulio""},{""type"":""rally"",""score"":""20 : 7"",""speed"":""47.6 km/h"",""res"":""Punkt: T. Cheminade""},{""type"":""rally"",""score"":""20 : 6"",""speed"":""46.9 km/h"",""res"":""Punkt: W. Szymański""},{""type"":""rally"",""score"":""19 : 6"",""speed"":""52.5 km/h"",""res"":""Punkt: J. Lipiński""},{""type"":""rally"",""score"":""18 : 6"",""speed"":""52.0 km/h"",""res"":""Punkt: T. Cheminade""},{""type"":""chg"",""score"":""18 : 5"",""txt"":""Zmiana: W. Szymański ⇄ F. Kaya""},{""type"":""rally"",""score"":""18 : 5"",""speed"":""59.9 km/h"",""res"":""Błąd: K. Mimura""},{""type"":""rally"",""score"":""17 : 5"",""speed"":""49.1 km/h"",""res"":""Punkt: J. Lipiński""},{""type"":""chg"",""score"":""16 : 5"",""txt"":""Zmiana: I. da Costa ⇄ J. Tell""},{""type"":""tmo"",""score"":""16 : 5"",""txt"":""Czas: ""},{""type"":""rally"",""score"":""16 : 5"",""speed"":""47.7 km/h"",""res"":""Punkt: L. Barteselli""},{""type"":""rally"",""score"":""15 : 5"",""speed"":""43.7 km/h"",""res"":""Punkt: A. Silajdžić""},{""type"":""rally"",""score"":""15 : 4"",""speed"":""42.9 km/h"",""res"":""Punkt: A. Felczak""},{""type"":""chg"",""score"":""14 : 4"",""txt"":""Zmiana: J. Lipiński ⇄ I. Belfü""},{""type"":""chg"",""score"":""14 : 4"",""txt"":""Zmiana: A. Felczak ⇄ M. Przygoda""},{""type"":""rally"",""score"":""14 : 4"",""speed"":""65.3 km/h"",""res"":""Punkt: L. Tulio""},{""type"":""rally"",""score"":""13 : 4"",""speed"":""56.9 km/h"",""res"":""Punkt: L. Barteselli""},{""type"":""rally"",""score"":""12 : 4"",""speed"":""49.0 km/h"",""res"":""Punkt: L. Tulio""},{""type"":""rally"",""score"":""11 : 4"",""speed"":""57.9 km/h"",""res"":""Punkt: T. Cheminade""},{""type"":""rally"",""score"":""11 : 3"",""speed"":""45.2 km/h"",""res"":""Punkt: F. Kaya""},{""type"":""rally"",""score"":""10 : 3"",""speed"":""44.6 km/h"",""res"":""Punkt: M. Przygoda""},{""type"":""rally"",""score"":""9 : 3"",""speed"":""58.3 km/h"",""res"":""Punkt: L. Kudzia""},{""type"":""rally"",""score"":""9 : 2"",""speed"":""43.9 km/h"",""res"":""Punkt: L. Tulio""},{""type"":""tmo"",""score"":""8 : 2"",""txt"":""Czas: ""},{""type"":""rally"",""score"":""8 : 2"",""speed"":""60.7 km/h"",""res"":""Punkt: J. Tell""},{""type"":""rally"",""score"":""7 : 2"",""speed"":""52.3 km/h"",""res"":""Błąd: T. Cheminade""},{""type"":""rally"",""score"":""6 : 2"",""speed"":""43.5 km/h"",""res"":""Punkt: L. Tulio""},{""type"":""rally"",""score"":""5 : 2"",""speed"":""56.6 km/h"",""res"":""Punkt: T. Cheminade""},{""type"":""rally"",""score"":""5 : 1"",""speed"":""53.0 km/h"",""res"":""Błąd: J. Tell""},{""type"":""tmo"",""score"":""5 : 0"",""txt"":""Czas: HHC""},{""type"":""rally"",""score"":""5 : 0"",""speed"":""62.3 km/h"",""res"":""Punkt: L. Tulio""},{""type"":""rally"",""score"":""4 : 0"",""speed"":""58.2 km/h"",""res"":""Punkt: M. Przygoda""},{""type"":""rally"",""score"":""3 : 0"",""speed"":""63.6 km/h"",""res"":""Punkt: L. Tulio""},{""type"":""rally"",""score"":""2 : 0"",""speed"":""54.1 km/h"",""res"":""Punkt: L. Barteselli""},{""type"":""rally"",""score"":""1 : 0"",""speed"":""49.9 km/h"",""res"":""Punkt: L. Barteselli""}]},{""rallies"":[{""type"":""end"",""score"":""25 : 3"",""txt"":""Koniec seta 2 : 0""},{""type"":""end"",""score"":""25 : 3"",""txt"":""Koniec seta 2 : 0""},{""type"":""rally"",""score"":""25 : 3"",""speed"":""48.8 km/h"",""res"":""Punkt: L. Tulio""},{""type"":""rally"",""score"":""24 : 3"",""speed"":""-"",""res"":""Błąd: L. Tulio""},{""type"":""rally"",""score"":""24 : 2"",""speed"":""61.9 km/h"",""res"":""Punkt: M. Przygoda""},{""type"":""chg"",""score"":""23 : 2"",""txt"":""Zmiana: I. Belfü ⇄ J. Lipiński""},{""type"":""rally"",""score"":""23 : 2"",""speed"":""47.1 km/h"",""res"":""Punkt: J. Lipiński""},{""type"":""rally"",""score"":""22 : 2"",""speed"":""46.5 km/h"",""res"":""Punkt: L. Tulio""},{""type"":""rally"",""score"":""21 : 2"",""speed"":""45.7 km/h"",""res"":""Punkt: M. Przygoda""},{""type"":""rally"",""score"":""20 : 2"",""speed"":""52.6 km/h"",""res"":""Punkt: W. Szymański""},{""type"":""rally"",""score"":""19 : 2"",""speed"":""52.3 km/h"",""res"":""Punkt: W. Szymański""},{""type"":""chg"",""score"":""18 : 2"",""txt"":""Zmiana: W. Szymański ⇄ F. Kaya""},{""type"":""rally"",""score"":""18 : 2"",""speed"":""45.0 km/h"",""res"":""Punkt: F. Kaya""},{""type"":""rally"",""score"":""17 : 2"",""speed"":""44.7 km/h"",""res"":""Punkt: F. Kaya""},{""type"":""chg"",""score"":""16 : 2"",""txt"":""Zmiana: I. da Costa ⇄ J. Tell""},{""type"":""tmo"",""score"":""16 : 2"",""txt"":""Czas: ""},{""type"":""rally"",""score"":""16 : 2"",""speed"":""41.7 km/h"",""res"":""Punkt: F. Kaya""},{""type"":""rally"",""score"":""15 : 2"",""speed"":""44.6 km/h"",""res"":""Punkt: F. Kaya""},{""type"":""rally"",""score"":""14 : 2"",""speed"":""44.6 km/h"",""res"":""Punkt: T. Cheminade""},{""type"":""chg"",""score"":""14 : 1"",""txt"":""Zmiana: J. Lipiński ⇄ I. Belfü""},{""type"":""rally"",""score"":""14 : 1"",""speed"":""48.0 km/h"",""res"":""Punkt: L. Tulio""},{""type"":""rally"",""score"":""13 : 1"",""speed"":""-"",""res"":""Błąd: I. Belfü""},{""type"":""rally"",""score"":""13 : 0"",""speed"":""57.7 km/h"",""res"":""Punkt: L. Tulio""},{""type"":""rally"",""score"":""12 : 0"",""speed"":""55.2 km/h"",""res"":""Punkt: J. Tell""},{""type"":""rally"",""score"":""11 : 0"",""speed"":""54.3 km/h"",""res"":""Punkt: L. Tulio""},{""type"":""rally"",""score"":""10 : 0"",""speed"":""49.6 km/h"",""res"":""Błąd: A. Silajdžić""},{""type"":""rally"",""score"":""9 : 0"",""speed"":""60.0 km/h"",""res"":""Punkt: L. Tulio""},{""type"":""tmo"",""score"":""8 : 0"",""txt"":""Czas: ""},{""type"":""rally"",""score"":""8 : 0"",""speed"":""58.5 km/h"",""res"":""Błąd: A. Silajdžić""},{""type"":""rally"",""score"":""7 : 0"",""speed"":""54.1 km/h"",""res"":""Punkt: L. Tulio""},{""type"":""rally"",""score"":""6 : 0"",""speed"":""42.7 km/h"",""res"":""Błąd: K. Mimura""},{""type"":""tmo"",""score"":""5 : 0"",""txt"":""Czas: HHC""},{""type"":""rally"",""score"":""5 : 0"",""speed"":""56.2 km/h"",""res"":""Punkt: J. Tell""},{""type"":""rally"",""score"":""4 : 0"",""speed"":""55.2 km/h"",""res"":""Punkt: M. Przygoda""},{""type"":""rally"",""score"":""3 : 0"",""speed"":""47.5 km/h"",""res"":""Punkt: M. Przygoda""},{""type"":""rally"",""score"":""2 : 0"",""speed"":""47.0 km/h"",""res"":""Punkt: M. Przygoda""},{""type"":""rally"",""score"":""1 : 0"",""speed"":""42.0 km/h"",""res"":""Punkt: L. Tulio""}]},{""rallies"":[{""type"":""end"",""score"":""25 : 12"",""txt"":""Koniec seta 3 : 0""},{""type"":""end"",""score"":""25 : 12"",""txt"":""Koniec seta 3 : 0""},{""type"":""rally"",""score"":""25 : 12"",""speed"":""47.4 km/h"",""res"":""Punkt: M. Przygoda""},{""type"":""rally"",""score"":""24 : 12"",""speed"":""67.0 km/h"",""res"":""Błąd: A. Silajdžić""},{""type"":""rally"",""score"":""23 : 12"",""speed"":""54.2 km/h"",""res"":""Punkt: W. Szymański""},{""type"":""rally"",""score"":""22 : 12"",""speed"":""-"",""res"":""Błąd: L. Tulio""},{""type"":""rally"",""score"":""22 : 11"",""speed"":""45.3 km/h"",""res"":""Błąd: A. Silajdžić""},{""type"":""rally"",""score"":""21 : 11"",""speed"":""49.6 km/h"",""res"":""Punkt: W. Szymański""},{""type"":""rally"",""score"":""20 : 11"",""speed"":""52.7 km/h"",""res"":""Punkt: R. Klorek""},{""type"":""chg"",""score"":""19 : 11"",""txt"":""Zmiana: M. Przygoda ⇄ A. Felczak""},{""type"":""rally"",""score"":""19 : 11"",""speed"":""-"",""res"":""Błąd: I. da Costa""},{""type"":""rally"",""score"":""19 : 10"",""speed"":""51.0 km/h"",""res"":""Punkt: W. Szymański""},{""type"":""chg"",""score"":""18 : 10"",""txt"":""Zmiana: W. Szymański ⇄ F. Kaya""},{""type"":""rally"",""score"":""18 : 10"",""speed"":""47.7 km/h"",""res"":""Błąd: T. Kotzev""},{""type"":""rally"",""score"":""17 : 10"",""speed"":""59.5 km/h"",""res"":""Punkt: L. Kudzia""},{""type"":""rally"",""score"":""17 : 9"",""speed"":""47.5 km/h"",""res"":""Punkt: A. Felczak""},{""type"":""rally"",""score"":""16 : 9"",""speed"":""47.9 km/h"",""res"":""Błąd: R. Klorek""},{""type"":""rally"",""score"":""16 : 8"",""speed"":""49.9 km/h"",""res"":""Błąd: L. Barteselli""},{""type"":""chg"",""score"":""16 : 7"",""txt"":""Zmiana: I. da Costa ⇄ J. Tell""},{""type"":""tmo"",""score"":""16 : 7"",""txt"":""Czas: ""},{""type"":""rally"",""score"":""16 : 7"",""speed"":""42.6 km/h"",""res"":""Punkt: J. Tell""},{""type"":""rally"",""score"":""15 : 7"",""speed"":""53.9 km/h"",""res"":""Błąd: J. Tell""},{""type"":""rally"",""score"":""15 : 6"",""speed"":""58.1 km/h"",""res"":""Punkt: J. Tell""},{""type"":""chg"",""score"":""14 : 6"",""txt"":""Zmiana: R. Klorek ⇄ I. Belfü""},{""type"":""chg"",""score"":""14 : 6"",""txt"":""Zmiana: A. Felczak ⇄ M. Przygoda""},{""type"":""rally"",""score"":""14 : 6"",""speed"":""52.3 km/h"",""res"":""Punkt: L. Tulio""},{""type"":""rally"",""score"":""13 : 6"",""speed"":""47.5 km/h"",""res"":""Punkt: T. Kotzev""},{""type"":""rally"",""score"":""13 : 5"",""speed"":""50.1 km/h"",""res"":""Błąd: A. Silajdžić""},{""type"":""rally"",""score"":""12 : 5"",""speed"":""65.0 km/h"",""res"":""Punkt: I. Belfü""},{""type"":""rally"",""score"":""11 : 5"",""speed"":""-"",""res"":""Błąd: K. Mimura""},{""type"":""rally"",""score"":""10 : 5"",""speed"":""47.3 km/h"",""res"":""Punkt: A. Silajdžić""},{""type"":""rally"",""score"":""10 : 4"",""speed"":""53.1 km/h"",""res"":""Punkt: F. Kaya""},{""type"":""rally"",""score"":""9 : 4"",""speed"":""63.3 km/h"",""res"":""Błąd: A. Silajdžić""},{""type"":""tmo"",""score"":""8 : 4"",""txt"":""Czas: ""},{""type"":""rally"",""score"":""8 : 4"",""speed"":""45.8 km/h"",""res"":""Punkt: F. Kaya""},{""type"":""rally"",""score"":""7 : 4"",""speed"":""54.7 km/h"",""res"":""Punkt: M. Przygoda""},{""type"":""rally"",""score"":""6 : 4"",""speed"":""45.8 km/h"",""res"":""Punkt: T. Kotzev""},{""type"":""rally"",""score"":""6 : 3"",""speed"":""54.9 km/h"",""res"":""Punkt: L. Tulio""},{""type"":""tmo"",""score"":""5 : 3"",""txt"":""Czas: HHC""},{""type"":""rally"",""score"":""5 : 3"",""speed"":""50.7 km/h"",""res"":""Punkt: L. Tulio""},{""type"":""rally"",""score"":""4 : 3"",""speed"":""48.9 km/h"",""res"":""Błąd: K. Mimura""},{""type"":""rally"",""score"":""3 : 3"",""speed"":""57.6 km/h"",""res"":""Punkt: J. Tell""},{""type"":""rally"",""score"":""2 : 3"",""speed"":""47.0 km/h"",""res"":""Punkt: L. Tulio""},{""type"":""rally"",""score"":""1 : 3"",""speed"":""55.0 km/h"",""res"":""Punkt: L. Kudzia""},{""type"":""rally"",""score"":""1 : 2"",""speed"":""56.0 km/h"",""res"":""Punkt: J. Tell""},{""type"":""rally"",""score"":""0 : 2"",""speed"":""43.1 km/h"",""res"":""Punkt: T. Cheminade""},{""type"":""rally"",""score"":""0 : 1"",""speed"":""45.8 km/h"",""res"":""Punkt: L. Kudzia""}]}]}","4","5","0","0","0","0","22","39","2","0","19","2","0","3","63.6","54.6","0","0","0","0","0","0","0","0","0","0","0","0","0","0","0","0","0","0","0","0","0","0","0","0","0","0","0","0","0","0","30","4","0","1","13","48","0","0","0","0","0","4","0","0","0","0","0","7","0","0","0","0","0","2","5","0","1","0","0","clan-bulk-1.2","0","0","0"
"liga_klanow_2_1","Volley Leszczyny vs HHC 3:0","1297859","2026-09-18 19:00","Leszczyny arena","POLSKIE ORLY","1392","Volley Leszczyny","","Belfü, Inanç","2088164","1","-2","19","2","0","60.7","5","0","1","20","20","5","4","4","1","1","100","6","1","83","4","67","0","8","14","0","0","0","0","0","0","0","5.2","","0","0","0","0","0","0","8","14","0","0","6","0","0","2","60.7","53.4","0","0","0","0","1","1","0","0","0","0","0","0","1","0","0","0","1","2","0","0","0","0","0","0","0","0","0","0","2","2","0","0","0","0","0","0","2","2","1","0","5","4","0","0","0","0","0","1","0","0","0","0","0","3","1","1","1","0","0","clan-bulk-1.2","0","0","0"
"liga_klanow_2_1","Volley Leszczyny vs HHC 3:0","1297859","2026-09-18 19:00","Leszczyny arena","POLSKIE ORLY","1392","Volley Leszczyny","","Tell, Josh","2060418","9","8","8","0","1","57.9","5","1","3","60","40","4","2","0","2","0","0","0","0","0","0","0","5","26","34","0","0","2","0","0","1","1","22.5","","0","1","0","0","0","0","26","34","3","1","20","2","1","6","57.9","50.7","1","0","0","0","0","1","0","1","0","0","0","1","0","0","0","0","0","0","2","0","0","0","1","3","0","0","0","0","0","0","0","0","0","0","2","2","0","0","0","0","0","0","0","0","0","0","0","1","0","0","0","0","0","3","2","2","5","0","0","clan-bulk-1.2","0","0","0"
"liga_klanow_2_1","Volley Leszczyny vs HHC 3:0","1297859","2026-09-18 19:00","Leszczyny arena","POLSKIE ORLY","1392","Volley Leszczyny","","Tulio, Luciano","2002349","20","17","21","2","1","63.3","19","1","11","58","53","7","5","5","2","2","100","0","0","0","0","0","8","32","50","0","0","0","0","0","0","0","60.9","","1","1","0","0","0","0","32","50","7","0","24","1","0","8","65.3","50","0","0","0","0","0","0","1","0","0","0","0","1","6","0","0","0","5","11","0","0","0","0","0","0","4","0","1","0","2","7","0","0","0","0","0","0","0","0","0","0","0","5","0","0","0","0","0","2","0","0","0","0","0","3","7","9","5","0","0","clan-bulk-1.2","0","0","0"
"liga_klanow_2_1","Volley Leszczyny vs HHC 3:0","1297859","2026-09-18 19:00","Leszczyny arena","POLSKIE ORLY","1392","Volley Leszczyny","","Przygoda, Marek","2112280","11","9","5","0","0","67","12","2","6","50","33","6","1","0","5","4","67","3","0","100","0","0","5","30","57","0","0","0","0","0","0","0","33.4","","2","2","0","0","0","0","30","57","4","0","26","1","0","4","67","55.4","2","0","0","0","2","4","0","0","2","0","0","2","2","0","0","0","2","4","0","0","0","0","0","0","2","0","0","0","0","2","0","0","0","0","0","0","1","1","0","1","3","0","0","0","0","0","0","4","0","0","0","0","0","3","3","5","2","0","0","clan-bulk-1.2","0","0","0"
"liga_klanow_2_1","Volley Leszczyny vs HHC 3:0","1297859","2026-09-18 19:00","Leszczyny arena","POLSKIE ORLY","1392","Volley Leszczyny","","Kaya, Ferhat","2088895","7","6","2","0","0","58.1","5","1","3","60","40","0","0","0","0","0","0","0","0","0","0","0","4","21","32","0","0","0","0","0","0","0","16.5","","0","0","0","0","0","0","21","32","4","2","19","0","0","2","58.1","56","0","0","0","0","0","0","0","0","1","0","0","1","0","0","0","0","0","0","3","0","0","0","1","4","0","0","0","0","0","0","0","0","0","0","0","0","0","0","0","0","0","0","0","0","0","0","0","0","0","0","0","0","0","3","1","4","2","0","0","clan-bulk-1.2","0","0","0"
"liga_klanow_2_1","Volley Leszczyny vs HHC 3:0","1297859","2026-09-18 19:00","Leszczyny arena","POLSKIE ORLY","1392","Volley Leszczyny","","Mannisemäki, Christian","2059923","0","0","0","0","0","0","0","0","0","0","0","11","6","3","5","5","73","9","0","100","7","78","0","0","0","1","0","6","1","2","2","1","10.8","","5","5","0","0","0","0","0","0","0","0","0","0","0","0","0","0","0","0","0","0","0","0","0","0","0","0","0","0","0","0","0","0","0","0","0","0","0","0","0","0","0","0","0","0","0","0","1","0","0","1","4","6","6","3","0","0","9","3","0","0","0","0","0","5","0","0","0","0","0","0","0","0","0","0","0","clan-bulk-1.2","0","0","0"
"liga_klanow_2_1","Volley Leszczyny vs HHC 3:0","1297859","2026-09-18 19:00","Leszczyny arena","POLSKIE ORLY","1392","Volley Leszczyny","","Lipiński, Jakub","2087505","3","3","0","0","0","0","3","0","3","100","100","1","1","0","0","0","0","2","0","100","1","50","0","3","6","0","0","0","0","0","0","0","7.2","","0","0","0","0","0","0","3","6","0","0","3","0","0","0","0","0","0","0","0","0","0","0","0","0","0","0","0","0","2","0","0","0","0","2","0","0","0","0","0","0","1","0","0","0","0","1","0","0","0","0","0","0","1","1","0","0","2","0","0","0","0","0","0","0","0","0","0","0","0","1","2","1","0","0","0","clan-bulk-1.2","0","0","0"
"liga_klanow_2_1","Volley Leszczyny vs HHC 3:0","1297859","2026-09-18 19:00","Leszczyny arena","POLSKIE ORLY","1392","Volley Leszczyny","","Felczak, Antoni","2112609","2","2","3","0","0","59.9","3","0","2","67","67","1","0","0","1","0","0","2","0","100","1","50","0","6","6","0","0","0","0","0","0","0","5.2","","0","0","0","0","0","0","6","6","0","0","5","0","0","1","59.9","53.7","1","0","0","0","0","1","1","0","0","0","0","1","0","0","0","0","1","1","0","0","0","0","0","0","0","0","0","0","0","0","0","0","0","0","0","0","0","1","1","0","2","0","0","0","0","0","0","0","0","0","0","0","0","0","1","0","1","0","0","clan-bulk-1.2","0","0","0"
"liga_klanow_2_1","Volley Leszczyny vs HHC 3:0","1297859","2026-09-18 19:00","Leszczyny arena","POLSKIE ORLY","1392","Volley Leszczyny","","da Costa, Ilan","2032127","0","-1","4","1","0","55","0","0","0","0","0","0","0","0","0","0","0","0","0","0","0","0","0","4","5","1","0","2","0","0","1","1","-1","","0","0","0","0","0","0","4","5","0","0","2","0","1","2","55","52.8","0","0","0","0","0","0","0","0","0","0","0","0","0","0","0","0","0","0","0","0","0","0","0","0","0","0","0","0","0","0","1","0","0","0","1","2","0","0","0","0","0","0","0","0","0","0","0","0","0","0","0","0","0","0","0","0","1","0","0","clan-bulk-1.2","0","0","0"
"liga_klanow_2_1","Volley Leszczyny vs HHC 3:0","1297859","2026-09-18 19:00","Leszczyny arena","POLSKIE ORLY","1392","Volley Leszczyny","","Szymański, Wojciech","1929348","9","9","2","0","1","47.6","3","0","2","67","67","2","0","0","2","1","50","0","0","0","0","0","6","14","18","0","0","0","0","0","0","0","25.4","","0","1","0","0","0","0","14","18","5","1","10","1","0","4","47.6","47.3","0","0","0","0","0","0","0","0","0","0","1","1","0","0","0","0","0","0","2","0","0","0","0","2","0","0","0","0","0","0","0","0","0","0","0","0","0","0","0","0","0","0","0","0","0","0","0","1","0","0","0","0","0","3","3","2","3","0","0","clan-bulk-1.2","0","0","0"
"liga_klanow_2_1","Volley Leszczyny vs HHC 3:0","1297859","2026-09-18 19:00","Leszczyny arena","POLSKIE ORLY","1392","Volley Leszczyny","","Klorek, Ryszard","1951133","1","0","1","0","0","59.5","3","1","1","33","0","2","0","0","2","1","50","1","0","100","1","100","0","5","6","0","0","0","0","0","0","0","1.7","","1","2","0","0","0","0","5","6","0","0","2","0","0","3","59.5","59.5","0","0","0","0","0","0","0","0","0","0","0","0","0","1","0","0","1","2","0","0","0","0","0","0","1","0","0","0","0","1","0","0","0","0","0","0","1","0","0","0","1","0","0","0","0","0","0","1","0","0","0","0","0","1","0","0","2","0","0","clan-bulk-1.2","0","0","0"
"liga_klanow_2_1","Volley Leszczyny vs HHC 3:0","1297859","2026-09-18 19:00","Leszczyny arena","ORIGIN II","1392","HHC","","Audouy, Garner","2002681","0","0","3","0","0","55.3","0","0","0","0","0","17","11","2","6","2","24","0","0","0","0","0","0","5","20","10","29","85","7","21","31","26","2.4","","2","4","0","0","0","0","5","20","0","0","3","0","0","2","55.3","46.6","0","0","0","0","0","0","0","0","0","0","0","0","0","0","0","0","0","0","0","0","0","0","0","0","0","0","0","0","0","0","10","29","6","11","29","85","0","0","0","0","0","0","0","0","0","0","0","0","0","0","0","0","0","0","0","0","0","0","0","clan-bulk-1.2","0","0","0"
"liga_klanow_2_1","Volley Leszczyny vs HHC 3:0","1297859","2026-09-18 19:00","Leszczyny arena","ORIGIN II","1392","HHC","","Cheminade, Tom","1745115","8","1","8","1","1","56","21","6","6","29","0","10","7","3","3","0","30","11","0","100","3","27","1","15","27","0","0","0","0","0","0","0","16","","0","0","0","0","0","0","15","27","1","0","7","0","0","8","56.6","48.9","3","1","2","0","3","9","0","0","3","2","0","5","0","0","0","0","6","6","0","0","0","0","0","0","1","0","0","0","0","1","0","0","0","0","0","0","0","0","0","0","0","0","0","0","0","0","0","0","0","0","0","0","0","3","6","1","1","0","0","clan-bulk-1.2","0","0","0"
"liga_klanow_2_1","Volley Leszczyny vs HHC 3:0","1297859","2026-09-18 19:00","Leszczyny arena","ORIGIN II","1392","HHC","","Kudzia, Leon","1976494","5","0","5","0","0","50.7","11","5","4","36","-9","4","0","0","4","0","0","0","0","0","0","0","1","18","27","0","0","0","0","0","0","0","1.7","","0","1","0","0","0","0","18","27","1","0","10","0","0","8","50.7","46.9","1","0","1","0","1","3","0","0","2","0","0","2","0","0","0","0","0","0","2","0","2","1","1","6","0","0","0","0","0","0","0","0","0","0","0","0","0","0","0","0","0","0","0","0","0","0","0","0","0","0","0","0","0","2","1","0","3","0","0","clan-bulk-1.2","0","0","0"
"liga_klanow_2_1","Volley Leszczyny vs HHC 3:0","1297859","2026-09-18 19:00","Leszczyny arena","ORIGIN II","1392","HHC","","Silajdžić, Ajnur","1948982","2","-12","4","0","0","54.7","26","14","2","8","-46","14","6","1","8","1","14","0","0","0","0","0","0","14","38","0","0","0","0","0","0","0","-25","","0","1","0","0","0","0","14","38","0","0","8","0","0","6","54.7","51.3","0","3","1","0","5","9","0","1","4","0","2","7","0","2","2","0","2","6","0","0","0","0","0","0","2","0","1","0","1","4","0","0","0","0","0","0","0","0","0","0","0","0","0","0","0","0","0","0","0","0","0","0","0","3","1","2","5","0","0","clan-bulk-1.2","0","0","0"
"liga_klanow_2_1","Volley Leszczyny vs HHC 3:0","1297859","2026-09-18 19:00","Leszczyny arena","ORIGIN II","1392","HHC","","Mimura, Kai","2002690","2","-12","3","1","0","54.2","12","8","1","8","-58","11","7","1","4","1","18","36","5","86","4","11","1","10","31","0","0","0","0","0","0","0","-14.4","","1","1","0","0","0","0","10","31","0","0","6","1","0","4","54.2","51","0","0","2","0","3","5","0","1","2","1","0","4","0","0","1","0","0","1","0","0","0","0","0","0","0","2","0","0","0","2","0","0","0","0","0","0","0","0","0","0","0","0","0","0","0","0","0","0","0","0","0","0","0","3","1","1","2","0","0","clan-bulk-1.2","0","0","0"
"liga_klanow_2_1","Volley Leszczyny vs HHC 3:0","1297859","2026-09-18 19:00","Leszczyny arena","ORIGIN II","1392","HHC","","Kotzev, Tzvetan","1950967","5","-5","2","0","0","52.5","19","10","4","21","-32","4","1","0","3","0","0","0","0","0","0","0","1","14","31","0","0","0","0","0","0","0","-10.4","","0","0","0","0","0","0","14","31","0","0","9","1","0","5","52.5","52.4","0","0","2","0","1","3","1","1","5","0","1","8","0","0","0","0","0","0","1","0","2","2","3","8","0","0","0","0","0","0","0","0","0","0","0","0","0","0","0","0","0","0","0","0","0","0","0","0","0","0","0","0","0","1","0","0","3","0","0","clan-bulk-1.2","0","0","0"
"liga_klanow_2_1","Volley Leszczyny vs HHC 3:0","1297859","2026-09-18 19:00","Leszczyny arena","ORIGIN II","1392","HHC","","Tirkkonen, Tero","2003792","0","0","0","0","0","0","0","0","0","0","0","23","13","10","10","5","65","21","0","100","2","10","0","0","0","1","3","4","0","0","2","2","19.2","","0","0","0","0","0","0","0","0","0","0","0","0","0","0","0","0","0","0","0","0","0","0","0","0","0","0","0","0","0","0","0","0","0","0","0","0","0","0","0","0","0","0","0","0","0","0","1","3","0","0","0","4","0","0","0","0","0","0","0","0","0","0","0","0","0","0","0","0","0","0","0","0","0","0","0","clan-bulk-1.2","0","0","0"
"liga_klanow_2_1","Cayman Flot vs Volley Neppe 3:0","1297860","2026-09-18 19:00","Grand Cayman","POLSKIE ORLY","1392","Cayman Flot","","Tavel, Ingo","2113475","0","0","2","0","0","54.6","0","0","0","0","0","1","0","0","1","0","0","0","0","0","0","0","0","0","0","1","0","1","0","1","0","0","0","{""sets"":[{""h"":25,""a"":3},{""h"":25,""a"":4},{""h"":25,""a"":6}],""parsedSets"":[{""rallies"":[{""type"":""end"",""score"":""25 : 3"",""txt"":""Koniec seta 1 : 0""},{""type"":""end"",""score"":""25 : 3"",""txt"":""Koniec seta 1 : 0""},{""type"":""rally"",""score"":""25 : 3"",""speed"":""65.3 km/h"",""res"":""Punkt: T. Diedrich""},{""type"":""chg"",""score"":""24 : 3"",""txt"":""Zmiana: A. Tınaz ⇄ K. Biskupek""},{""type"":""rally"",""score"":""24 : 3"",""speed"":""56.1 km/h"",""res"":""Punkt: T. Diedrich""},{""type"":""chg"",""score"":""23 : 3"",""txt"":""Zmiana: J. Wojtunik ⇄ M. Scheitler""},{""type"":""rally"",""score"":""23 : 3"",""speed"":""57.2 km/h"",""res"":""Punkt: A. Gomez""},{""type"":""rally"",""score"":""22 : 3"",""speed"":""50.0 km/h"",""res"":""Punkt: T. Diedrich""},{""type"":""rally"",""score"":""21 : 3"",""speed"":""73.4 km/h"",""res"":""Punkt: T. Diedrich""},{""type"":""rally"",""score"":""20 : 3"",""speed"":""56.0 km/h"",""res"":""Punkt: A. Gomez""},{""type"":""rally"",""score"":""19 : 3"",""speed"":""49.5 km/h"",""res"":""Punkt: F. Platiau""},{""type"":""rally"",""score"":""19 : 2"",""speed"":""58.8 km/h"",""res"":""Punkt: T. Diedrich""},{""type"":""rally"",""score"":""18 : 2"",""speed"":""56.5 km/h"",""res"":""Punkt: T. Diedrich""},{""type"":""rally"",""score"":""17 : 2"",""speed"":""56.7 km/h"",""res"":""Punkt: A. Gomez""},{""type"":""rally"",""score"":""16 : 2"",""speed"":""45.9 km/h"",""res"":""Punkt: J. Minton""},{""type"":""tmo"",""score"":""16 : 1"",""txt"":""Czas: ""},{""type"":""rally"",""score"":""16 : 1"",""speed"":""49.3 km/h"",""res"":""Punkt: B. Paygnard""},{""type"":""chg"",""score"":""15 : 1"",""txt"":""Zmiana: J. Minton ⇄ E. Jambon""},{""type"":""rally"",""score"":""15 : 1"",""speed"":""60.7 km/h"",""res"":""Punkt: A. Gomez""},{""type"":""chg"",""score"":""14 : 1"",""txt"":""Zmiana: K. Biskupek ⇄ A. Tınaz""},{""type"":""rally"",""score"":""14 : 1"",""speed"":""57.9 km/h"",""res"":""Punkt: I. Dobroczyński""},{""type"":""chg"",""score"":""13 : 1"",""txt"":""Zmiana: H. Rübenkoppel ⇄ O. Paz""},{""type"":""rally"",""score"":""13 : 1"",""speed"":""71.1 km/h"",""res"":""Punkt: O. Paz""},{""type"":""chg"",""score"":""12 : 1"",""txt"":""Zmiana: M. Scheitler ⇄ J. Wojtunik""},{""type"":""rally"",""score"":""12 : 1"",""speed"":""83.9 km/h"",""res"":""Punkt: B. Paygnard""},{""type"":""chg"",""score"":""11 : 1"",""txt"":""Zmiana: I. Dobroczyński ⇄ J. Stępień""},{""type"":""rally"",""score"":""11 : 1"",""speed"":""46.6 km/h"",""res"":""Punkt: A. Gomez""},{""type"":""rally"",""score"":""10 : 1"",""speed"":""61.4 km/h"",""res"":""Punkt: J. Stępień""},{""type"":""rally"",""score"":""9 : 1"",""speed"":""46.5 km/h"",""res"":""Punkt: A. Gomez""},{""type"":""tmo"",""score"":""8 : 1"",""txt"":""Czas: ""},{""type"":""rally"",""score"":""8 : 1"",""speed"":""60.1 km/h"",""res"":""Punkt: A. Gomez""},{""type"":""rally"",""score"":""7 : 1"",""speed"":""49.0 km/h"",""res"":""Punkt: M. Damasceno""},{""type"":""rally"",""score"":""7 : 0"",""speed"":""62.8 km/h"",""res"":""Punkt: O. Paz""},{""type"":""chg"",""score"":""6 : 0"",""txt"":""Zmiana: T. Diedrich ⇄ M. Wideński""},{""type"":""rally"",""score"":""6 : 0"",""speed"":""53.5 km/h"",""res"":""Punkt: J. Stępień""},{""type"":""rally"",""score"":""5 : 0"",""speed"":""61.8 km/h"",""res"":""Punkt: J. Stępień""},{""type"":""rally"",""score"":""4 : 0"",""speed"":""49.7 km/h"",""res"":""Punkt: J. Stępień""},{""type"":""chg"",""score"":""3 : 0"",""txt"":""Zmiana: B. Paygnard ⇄ J. Tran""},{""type"":""tmo"",""score"":""3 : 0"",""txt"":""Czas: Volley Neppe""},{""type"":""rally"",""score"":""3 : 0"",""speed"":""54.1 km/h"",""res"":""Punkt: J. Stępień""},{""type"":""tmo"",""score"":""2 : 0"",""txt"":""Czas: Volley Neppe""},{""type"":""rally"",""score"":""2 : 0"",""speed"":""54.7 km/h"",""res"":""Punkt: J. Stępień""},{""type"":""chg"",""score"":""1 : 0"",""txt"":""Zmiana: B. Tasev ⇄ I. Tavel""},{""type"":""tmo"",""score"":""1 : 0"",""txt"":""Czas: Cayman Flot""},{""type"":""rally"",""score"":""1 : 0"",""speed"":""52.4 km/h"",""res"":""Punkt: O. Paz""}]},{""rallies"":[{""type"":""end"",""score"":""25 : 4"",""txt"":""Koniec seta 2 : 0""},{""type"":""end"",""score"":""25 : 4"",""txt"":""Koniec seta 2 : 0""},{""type"":""rally"",""score"":""25 : 4"",""speed"":""54.5 km/h"",""res"":""Punkt: A. Gomez""},{""type"":""rally"",""score"":""24 : 4"",""speed"":""46.5 km/h"",""res"":""Punkt: B. Tasev""},{""type"":""rally"",""score"":""23 : 4"",""speed"":""64.0 km/h"",""res"":""Punkt: B. Tasev""},{""type"":""rally"",""score"":""22 : 4"",""speed"":""53.7 km/h"",""res"":""Punkt: T. Diedrich""},{""type"":""rally"",""score"":""21 : 4"",""speed"":""56.0 km/h"",""res"":""Punkt: I. Dobroczyński""},{""type"":""rally"",""score"":""20 : 4"",""speed"":""47.1 km/h"",""res"":""Punkt: H. Rübenkoppel""},{""type"":""rally"",""score"":""19 : 4"",""speed"":""56.1 km/h"",""res"":""Punkt: H. Rübenkoppel""},{""type"":""rally"",""score"":""18 : 4"",""speed"":""48.2 km/h"",""res"":""Punkt: T. Diedrich""},{""type"":""rally"",""score"":""17 : 4"",""speed"":""-"",""res"":""Błąd: B. Paygnard""},{""type"":""rally"",""score"":""17 : 3"",""speed"":""68.3 km/h"",""res"":""Punkt: T. Diedrich""},{""type"":""tmo"",""score"":""16 : 3"",""txt"":""Czas: ""},{""type"":""rally"",""score"":""16 : 3"",""speed"":""56.0 km/h"",""res"":""Punkt: T. Diedrich""},{""type"":""chg"",""score"":""15 : 3"",""txt"":""Zmiana: J. Minton ⇄ E. Jambon""},{""type"":""rally"",""score"":""15 : 3"",""speed"":""64.8 km/h"",""res"":""Punkt: B. Paygnard""},{""type"":""chg"",""score"":""14 : 3"",""txt"":""Zmiana: K. Biskupek ⇄ A. Tınaz""},{""type"":""rally"",""score"":""14 : 3"",""speed"":""48.2 km/h"",""res"":""Punkt: T. Diedrich""},{""type"":""chg"",""score"":""13 : 3"",""txt"":""Zmiana: H. Rübenkoppel ⇄ O. Paz""},{""type"":""chg"",""score"":""13 : 3"",""txt"":""Zmiana: J. Wojtunik ⇄ M. Scheitler""},{""type"":""rally"",""score"":""13 : 3"",""speed"":""59.8 km/h"",""res"":""Punkt: T. Diedrich""},{""type"":""chg"",""score"":""12 : 3"",""txt"":""Zmiana: M. Scheitler ⇄ J. Wojtunik""},{""type"":""rally"",""score"":""12 : 3"",""speed"":""62.7 km/h"",""res"":""Punkt: T. Diedrich""},{""type"":""chg"",""score"":""11 : 3"",""txt"":""Zmiana: I. Dobroczyński ⇄ J. Stępień""},{""type"":""tmo"",""score"":""11 : 3"",""txt"":""Czas: Cayman Flot""},{""type"":""rally"",""score"":""11 : 3"",""speed"":""58.8 km/h"",""res"":""Punkt: B. Tasev""},{""type"":""rally"",""score"":""10 : 3"",""speed"":""54.6 km/h"",""res"":""Punkt: T. Diedrich""},{""type"":""rally"",""score"":""9 : 3"",""speed"":""44.6 km/h"",""res"":""Punkt: T. Diedrich""},{""type"":""tmo"",""score"":""8 : 3"",""txt"":""Czas: ""},{""type"":""rally"",""score"":""8 : 3"",""speed"":""54.3 km/h"",""res"":""Punkt: T. Diedrich""},{""type"":""rally"",""score"":""7 : 3"",""speed"":""58.9 km/h"",""res"":""Punkt: G. Gallet""},{""type"":""rally"",""score"":""7 : 2"",""speed"":""-"",""res"":""Błąd: E. Jambon""},{""type"":""rally"",""score"":""6 : 2"",""speed"":""44.3 km/h"",""res"":""Błąd: A. Gomez""},{""type"":""chg"",""score"":""6 : 1"",""txt"":""Zmiana: T. Diedrich ⇄ M. Wideński""},{""type"":""rally"",""score"":""6 : 1"",""speed"":""64.2 km/h"",""res"":""Błąd: A. Tınaz""},{""type"":""rally"",""score"":""5 : 1"",""speed"":""47.7 km/h"",""res"":""Punkt: B. Paygnard""},{""type"":""rally"",""score"":""4 : 1"",""speed"":""-"",""res"":""Błąd: M. Damasceno""},{""type"":""rally"",""score"":""3 : 1"",""speed"":""-"",""res"":""Błąd: O. Paz""},{""type"":""chg"",""score"":""3 : 0"",""txt"":""Zmiana: B. Paygnard ⇄ J. Tran""},{""type"":""tmo"",""score"":""3 : 0"",""txt"":""Czas: Volley Neppe""},{""type"":""rally"",""score"":""3 : 0"",""speed"":""77.1 km/h"",""res"":""Punkt: J. Stępień""},{""type"":""chg"",""score"":""2 : 0"",""txt"":""Zmiana: B. Tasev ⇄ I. Tavel""},{""type"":""tmo"",""score"":""2 : 0"",""txt"":""Czas: Volley Neppe""},{""type"":""rally"",""score"":""2 : 0"",""speed"":""64.8 km/h"",""res"":""Punkt: A. Gomez""},{""type"":""rally"",""score"":""1 : 0"",""speed"":""67.1 km/h"",""res"":""Punkt: J. Stępień""}]},{""rallies"":[{""type"":""end"",""score"":""25 : 6"",""txt"":""Koniec seta 3 : 0""},{""type"":""end"",""score"":""25 : 6"",""txt"":""Koniec seta 3 : 0""},{""type"":""rally"",""score"":""25 : 6"",""speed"":""47.2 km/h"",""res"":""Punkt: I. Dobroczyński""},{""type"":""rally"",""score"":""24 : 6"",""speed"":""64.2 km/h"",""res"":""Punkt: B. Tasev""},{""type"":""rally"",""score"":""23 : 6"",""speed"":""46.7 km/h"",""res"":""Punkt: A. Gomez""},{""type"":""rally"",""score"":""22 : 6"",""speed"":""61.0 km/h"",""res"":""Punkt: H. Rübenkoppel""},{""type"":""chg"",""score"":""21 : 6"",""txt"":""Zmiana: J. Wojtunik ⇄ M. Scheitler""},{""type"":""rally"",""score"":""21 : 6"",""speed"":""51.6 km/h"",""res"":""Punkt: A. Gomez""},{""type"":""rally"",""score"":""20 : 6"",""speed"":""61.3 km/h"",""res"":""Punkt: J. Minton""},{""type"":""rally"",""score"":""20 : 5"",""speed"":""63.0 km/h"",""res"":""Punkt: I. Dobroczyński""},{""type"":""rally"",""score"":""19 : 5"",""speed"":""50.1 km/h"",""res"":""Punkt: T. Diedrich""},{""type"":""rally"",""score"":""18 : 5"",""speed"":""57.4 km/h"",""res"":""Punkt: H. Rübenkoppel""},{""type"":""chg"",""score"":""17 : 5"",""txt"":""Zmiana: A. Tınaz ⇄ K. Biskupek""},{""type"":""rally"",""score"":""17 : 5"",""speed"":""47.6 km/h"",""res"":""Punkt: T. Diedrich""},{""type"":""rally"",""score"":""16 : 5"",""speed"":""47.2 km/h"",""res"":""Punkt: M. Damasceno""},{""type"":""tmo"",""score"":""16 : 4"",""txt"":""Czas: ""},{""type"":""rally"",""score"":""16 : 4"",""speed"":""47.8 km/h"",""res"":""Punkt: H. Rübenkoppel""},{""type"":""chg"",""score"":""15 : 4"",""txt"":""Zmiana: J. Minton ⇄ E. Jambon""},{""type"":""rally"",""score"":""15 : 4"",""speed"":""58.0 km/h"",""res"":""Punkt: B. Tasev""},{""type"":""chg"",""score"":""14 : 4"",""txt"":""Zmiana: K. Biskupek ⇄ A. Tınaz""},{""type"":""rally"",""score"":""14 : 4"",""speed"":""44.9 km/h"",""res"":""Punkt: T. Diedrich""},{""type"":""chg"",""score"":""13 : 4"",""txt"":""Zmiana: H. Rübenkoppel ⇄ O. Paz""},{""type"":""rally"",""score"":""13 : 4"",""speed"":""59.8 km/h"",""res"":""Punkt: T. Diedrich""},{""type"":""rally"",""score"":""12 : 4"",""speed"":""-"",""res"":""Błąd: A. Gomez""},{""type"":""chg"",""score"":""12 : 3"",""txt"":""Zmiana: M. Scheitler ⇄ J. Wojtunik""},{""type"":""rally"",""score"":""12 : 3"",""speed"":""45.7 km/h"",""res"":""Punkt: T. Diedrich""},{""type"":""chg"",""score"":""11 : 3"",""txt"":""Zmiana: I. Dobroczyński ⇄ J. Stępień""},{""type"":""rally"",""score"":""11 : 3"",""speed"":""46.7 km/h"",""res"":""Punkt: T. Diedrich""},{""type"":""rally"",""score"":""10 : 3"",""speed"":""62.1 km/h"",""res"":""Punkt: T. Diedrich""},{""type"":""rally"",""score"":""9 : 3"",""speed"":""75.6 km/h"",""res"":""Punkt: A. Gomez""},{""type"":""tmo"",""score"":""8 : 3"",""txt"":""Czas: ""},{""type"":""rally"",""score"":""8 : 3"",""speed"":""68.4 km/h"",""res"":""Punkt: T. Diedrich""},{""type"":""rally"",""score"":""7 : 3"",""speed"":""59.0 km/h"",""res"":""Punkt: A. Gomez""},{""type"":""chg"",""score"":""6 : 3"",""txt"":""Zmiana: T. Diedrich ⇄ M. Wideński""},{""type"":""rally"",""score"":""6 : 3"",""speed"":""43.5 km/h"",""res"":""Punkt: M. Wideński""},{""type"":""rally"",""score"":""5 : 3"",""speed"":""66.6 km/h"",""res"":""Punkt: A. Tınaz""},{""type"":""rally"",""score"":""5 : 2"",""speed"":""62.9 km/h"",""res"":""Punkt: B. Paygnard""},{""type"":""rally"",""score"":""4 : 2"",""speed"":""68.9 km/h"",""res"":""Błąd: B. Paygnard""},{""type"":""tmo"",""score"":""4 : 1"",""txt"":""Czas: Volley Neppe""},{""type"":""rally"",""score"":""4 : 1"",""speed"":""75.1 km/h"",""res"":""Punkt: B. Paygnard""},{""type"":""chg"",""score"":""3 : 1"",""txt"":""Zmiana: B. Paygnard ⇄ J. Tran""},{""type"":""tmo"",""score"":""3 : 1"",""txt"":""Czas: Volley Neppe""},{""type"":""rally"",""score"":""3 : 1"",""speed"":""51.7 km/h"",""res"":""Błąd: E. Jambon""},{""type"":""rally"",""score"":""2 : 1"",""speed"":""82.3 km/h"",""res"":""Punkt: O. Paz""},{""type"":""rally"",""score"":""1 : 1"",""speed"":""52.2 km/h"",""res"":""Punkt: O. Paz""},{""type"":""chg"",""score"":""0 : 1"",""txt"":""Zmiana: B. Tasev ⇄ I. Tavel""},{""type"":""rally"",""score"":""0 : 1"",""speed"":""54.6 km/h"",""res"":""Punkt: M. Damasceno""}]}]}","0","1","0","0","0","0","0","0","0","0","0","0","0","0","54.6","53.5","0","0","0","0","0","0","0","0","0","0","0","0","0","0","0","0","0","0","0","0","0","0","0","0","0","0","0","0","0","0","1","0","0","0","0","1","0","0","0","0","0","0","0","0","0","0","0","0","0","0","0","0","0","0","0","0","0","0","0","clan-bulk-1.2","0","0","0"
"liga_klanow_2_1","Cayman Flot vs Volley Neppe 3:0","1297860","2026-09-18 19:00","Grand Cayman","POLSKIE ORLY","1392","Cayman Flot","","Paz, Otávio","1976189","5","4","12","1","2","83.9","2","0","1","50","50","0","0","0","0","0","0","3","0","100","2","67","2","15","19","0","0","0","0","0","0","0","15","","0","0","0","0","0","0","15","19","2","0","14","0","0","1","83.9","66.3","0","0","0","0","0","0","1","0","0","0","0","1","0","0","0","0","0","0","0","0","0","0","0","0","0","0","0","0","1","1","0","0","0","0","0","0","1","2","0","0","3","0","0","0","0","0","0","0","0","0","0","0","0","3","3","1","2","0","0","clan-bulk-1.2","0","0","0"
"liga_klanow_2_1","Cayman Flot vs Volley Neppe 3:0","1297860","2026-09-18 19:00","Grand Cayman","POLSKIE ORLY","1392","Cayman Flot","","Stępień, Jerzy","2059982","8","8","4","0","0","66.6","3","0","2","67","67","2","1","0","1","1","50","0","0","0","0","0","6","20","23","0","0","0","0","0","0","0","22.4","","1","1","0","0","0","0","20","23","6","0","20","0","0","0","66.6","55.7","0","0","0","0","0","0","0","0","0","0","0","0","0","0","0","0","0","0","2","0","0","0","1","3","0","0","0","0","0","0","0","0","0","0","0","0","0","0","0","0","0","0","0","0","0","0","0","1","0","0","0","0","0","2","6","2","0","0","0","clan-bulk-1.2","0","0","0"
"liga_klanow_2_1","Cayman Flot vs Volley Neppe 3:0","1297860","2026-09-18 19:00","Grand Cayman","POLSKIE ORLY","1392","Cayman Flot","","Gomez, Armand","2087559","13","11","13","1","1","75.6","13","1","8","62","54","8","3","2","5","4","75","0","0","0","0","0","4","32","39","0","0","0","0","0","0","0","42.5","","4","5","0","0","0","0","32","39","4","1","32","0","0","0","75.6","59.9","0","1","0","0","0","1","0","0","0","0","0","0","4","0","0","0","3","7","0","0","0","0","0","0","4","0","0","0","1","5","0","0","0","0","0","0","0","0","0","0","0","2","0","0","0","0","0","4","0","0","0","0","0","3","7","3","5","0","0","clan-bulk-1.2","0","0","0"
"liga_klanow_2_1","Cayman Flot vs Volley Neppe 3:0","1297860","2026-09-18 19:00","Grand Cayman","POLSKIE ORLY","1392","Cayman Flot","","Tran, Jean-Marie","2002318","0","0","0","0","0","0","0","0","0","0","0","1","0","0","1","1","100","0","0","0","0","0","0","2","3","0","0","0","0","0","0","0","0.4","","1","1","0","0","0","0","2","3","0","0","2","0","0","0","0","0","0","0","0","0","0","0","0","0","0","0","0","0","0","0","0","0","0","0","0","0","0","0","0","0","0","0","0","0","0","0","0","0","0","0","0","0","0","0","0","0","0","0","0","0","0","0","0","1","0","0","0","0","0","0","0","0","0","0","0","clan-bulk-1.2","0","0","0"
"liga_klanow_2_1","Cayman Flot vs Volley Neppe 3:0","1297860","2026-09-18 19:00","Grand Cayman","POLSKIE ORLY","1392","Cayman Flot","","Wideński, Michał","2060672","1","1","0","0","0","0","0","0","0","0","0","0","0","0","0","0","0","0","0","0","0","0","1","4","4","0","0","0","0","0","0","0","3","","0","0","0","0","0","0","4","4","1","0","4","0","0","0","0","0","0","0","0","0","0","0","0","0","0","0","0","0","0","0","0","0","0","0","0","0","0","0","0","0","0","0","0","0","0","0","0","0","0","0","0","0","0","0","0","0","0","0","0","0","0","0","0","0","0","0","0","0","0","0","0","0","1","0","0","clan-bulk-1.2","0","0","0"
"liga_klanow_2_1","Cayman Flot vs Volley Neppe 3:0","1297860","2026-09-18 19:00","Grand Cayman","POLSKIE ORLY","1392","Cayman Flot","","Bartnicki, Zbigniew","1975447","0","0","0","0","0","0","0","0","0","0","0","7","5","5","2","2","100","1","0","100","1","100","0","0","0","3","1","7","2","2","1","2","5.6","","2","2","0","0","0","0","0","0","0","0","0","0","0","0","0","0","0","0","0","0","0","0","0","0","0","0","0","0","0","0","0","0","0","0","0","0","0","0","0","0","0","0","0","0","0","0","3","1","0","1","2","7","1","0","0","0","1","5","0","0","0","0","0","2","0","0","0","0","0","0","0","0","0","0","0","clan-bulk-1.2","0","0","0"
"liga_klanow_2_1","Cayman Flot vs Volley Neppe 3:0","1297860","2026-09-18 19:00","Grand Cayman","POLSKIE ORLY","1392","Cayman Flot","","Diedrich, Theodore","1950620","26","26","11","0","2","64","16","0","15","94","94","1","0","0","1","1","100","0","0","0","0","0","9","24","30","0","0","0","0","0","0","0","82.2","","0","0","0","0","0","0","24","30","8","1","20","1","0","4","64","55.4","3","0","0","0","0","3","0","0","0","0","0","0","0","0","0","0","0","0","11","0","0","1","1","13","0","0","0","0","0","0","0","0","0","0","0","0","0","0","0","0","0","0","0","0","0","0","0","1","0","0","0","0","0","3","6","10","8","0","0","clan-bulk-1.2","0","0","0"
"liga_klanow_2_1","Cayman Flot vs Volley Neppe 3:0","1297860","2026-09-18 19:00","Grand Cayman","POLSKIE ORLY","1392","Cayman Flot","","Tasev, Boris","1950627","5","5","11","0","1","62.8","1","0","0","0","0","8","4","3","4","4","88","0","0","0","0","0","4","28","35","27","0","35","19","7","5","4","19","","3","3","0","0","0","0","28","35","4","0","26","0","0","2","64.2","55","0","0","0","0","1","1","0","0","0","0","0","0","0","0","0","0","0","0","0","0","0","0","0","0","0","0","0","0","0","0","27","0","1","1","6","35","0","0","0","0","0","3","0","0","0","0","0","4","0","0","0","0","0","2","0","3","2","0","0","clan-bulk-1.2","0","0","0"
"liga_klanow_2_1","Cayman Flot vs Volley Neppe 3:0","1297860","2026-09-18 19:00","Grand Cayman","POLSKIE ORLY","1392","Cayman Flot","","Dobroczyński, Igor","2032185","4","3","3","0","0","58.8","4","1","3","75","50","0","0","0","0","0","0","0","0","0","0","0","1","15","17","0","0","0","0","0","0","0","7.5","","0","0","0","0","0","0","15","17","1","0","15","0","0","0","58.8","54.9","1","0","0","0","0","1","0","0","1","0","0","1","0","0","0","0","0","0","2","0","0","0","0","2","0","0","0","0","0","0","0","0","0","0","0","0","0","0","0","0","0","0","0","0","0","0","0","0","0","0","0","0","0","3","1","1","2","0","0","clan-bulk-1.2","0","0","0"
"liga_klanow_2_1","Cayman Flot vs Volley Neppe 3:0","1297860","2026-09-18 19:00","Grand Cayman","POLSKIE ORLY","1392","Cayman Flot","","Paygnard, Benjamin","2060370","6","4","14","1","1","68.3","4","1","2","50","25","6","3","2","3","3","83","4","0","100","3","75","3","27","32","0","0","0","0","0","0","0","19.1","","3","3","0","0","0","0","27","32","3","0","27","0","0","0","68.3","55.1","0","0","0","0","0","0","0","1","0","0","0","1","2","0","0","0","0","2","0","0","0","0","0","0","0","0","0","0","1","1","0","0","0","0","0","0","2","1","1","0","4","2","0","0","0","0","0","3","0","0","0","0","0","3","2","3","3","0","0","clan-bulk-1.2","0","0","0"
"liga_klanow_2_1","Cayman Flot vs Volley Neppe 3:0","1297860","2026-09-18 19:00","Grand Cayman","POLSKIE ORLY","1392","Cayman Flot","","Rübenkoppel, Hartmut","1975954","5","5","4","0","0","60.7","1","0","1","100","100","6","3","3","3","1","67","4","0","100","3","75","4","13","20","0","0","0","0","0","0","0","19.6","","1","2","0","0","0","0","13","20","4","0","13","0","0","0","60.7","53.4","0","0","0","0","0","0","0","0","0","0","0","0","1","0","0","0","0","1","0","0","0","0","0","0","0","0","0","0","0","0","0","0","0","0","0","0","4","0","0","0","4","3","0","0","0","0","0","1","0","0","0","0","0","2","0","2","3","0","0","clan-bulk-1.2","0","0","0"
"liga_klanow_2_1","Cayman Flot vs Volley Neppe 3:0","1297860","2026-09-18 19:00","Grand Cayman","ORIGIN II","1392","Volley Neppe","","Wojtunik, Jakub","1710121","0","0","1","0","0","67.1","1","0","0","0","0","10","5","3","5","1","40","0","0","0","0","0","0","4","15","3","25","51","1","5","15","30","2.8","","0","0","0","0","0","0","4","15","0","0","4","0","0","0","67.1","67.1","0","0","0","0","1","1","0","0","0","0","0","0","0","0","0","0","0","0","0","0","0","0","0","0","0","0","0","0","0","0","3","25","2","2","19","51","0","0","0","0","0","0","0","0","0","0","0","0","0","0","0","0","0","0","0","0","0","0","0","clan-bulk-1.2","0","0","0"
"liga_klanow_2_1","Cayman Flot vs Volley Neppe 3:0","1297860","2026-09-18 19:00","Grand Cayman","ORIGIN II","1392","Volley Neppe","","Damasceno, Márcio","1745505","4","-8","3","1","0","60.1","17","8","4","24","-24","14","7","1","7","1","14","40","3","93","2","5","0","2","13","0","0","0","0","0","0","0","1","","0","1","0","0","0","0","2","13","0","0","2","0","0","0","60.1","56.2","1","0","3","0","0","4","0","0","2","0","1","3","2","0","1","1","0","4","0","0","0","0","0","0","0","0","2","0","4","6","0","0","0","0","0","0","0","0","0","0","0","0","0","0","0","0","0","0","0","0","0","0","0","3","1","1","2","0","0","clan-bulk-1.2","0","0","0"
"liga_klanow_2_1","Cayman Flot vs Volley Neppe 3:0","1297860","2026-09-18 19:00","Grand Cayman","ORIGIN II","1392","Volley Neppe","","Jambon, Emmanuel","1682202","0","-7","2","1","0","62.9","8","6","0","0","-75","4","0","0","4","0","0","0","0","0","0","0","0","7","14","0","0","0","0","0","0","0","-10","","0","0","0","0","0","0","7","14","0","0","7","0","0","0","62.9","62.9","0","1","1","0","2","4","0","0","2","0","0","2","0","0","0","0","0","0","0","0","2","0","0","2","0","0","0","0","0","0","0","0","0","0","0","0","0","0","0","0","0","0","0","0","0","0","0","0","0","0","0","0","0","2","0","1","1","0","0","clan-bulk-1.2","0","0","0"
"liga_klanow_2_1","Cayman Flot vs Volley Neppe 3:0","1297860","2026-09-18 19:00","Grand Cayman","ORIGIN II","1392","Volley Neppe","","Tınaz, Ali","1709495","1","-2","2","0","0","54.3","7","3","1","14","-29","11","3","1","8","1","18","0","0","0","0","0","0","8","17","0","0","0","0","0","0","0","-1.3","","1","2","0","0","0","0","8","17","0","0","8","0","0","0","54.3","48.9","0","1","0","0","0","1","0","0","2","0","0","2","1","0","0","0","2","3","0","0","0","0","0","0","0","0","0","0","1","1","0","0","0","0","0","0","0","0","0","0","0","0","0","0","0","0","0","0","0","0","0","0","0","2","0","1","1","0","0","clan-bulk-1.2","0","0","0"
"liga_klanow_2_1","Cayman Flot vs Volley Neppe 3:0","1297860","2026-09-18 19:00","Grand Cayman","ORIGIN II","1392","Volley Neppe","","Gallet, Gaël","1686023","1","-13","2","0","0","59.8","25","12","1","4","-44","6","4","0","2","0","0","22","2","91","1","5","0","8","30","0","0","0","0","0","0","0","-20.4","","0","0","0","0","0","0","8","30","0","1","8","0","0","0","59.8","54","1","0","3","0","8","12","0","0","1","0","0","1","0","0","5","0","3","8","0","0","0","0","0","0","0","0","3","0","1","4","0","0","0","0","0","0","0","0","0","0","0","0","0","0","0","0","0","0","0","0","0","0","0","1","0","1","0","0","0","clan-bulk-1.2","0","0","0"
"liga_klanow_2_1","Cayman Flot vs Volley Neppe 3:0","1297860","2026-09-18 19:00","Grand Cayman","ORIGIN II","1392","Volley Neppe","","Platiau, Frédéric","1684209","2","-3","1","0","0","47.6","11","5","2","18","-27","1","0","0","1","0","0","0","0","0","0","0","0","9","22","0","0","0","0","0","0","0","-8.9","","0","0","0","0","0","0","9","22","0","0","9","0","0","0","47.6","47.6","1","0","0","0","3","4","0","0","2","0","0","2","0","0","0","0","0","0","0","0","3","1","1","5","0","0","0","0","0","0","0","0","0","0","0","0","0","0","0","0","0","0","0","0","0","0","0","0","0","0","0","0","0","1","1","0","0","0","0","clan-bulk-1.2","0","0","0"
"liga_klanow_2_1","Cayman Flot vs Volley Neppe 3:0","1297860","2026-09-18 19:00","Grand Cayman","ORIGIN II","1392","Volley Neppe","","Kuryś, Łukasz","1745206","0","-2","0","0","0","0","0","0","0","0","0","18","12","2","6","0","11","9","2","78","2","22","0","0","0","1","1","4","0","0","2","2","1.2","","0","2","0","0","0","0","0","0","0","0","0","0","0","0","0","0","0","0","0","0","0","0","0","0","0","0","0","0","0","0","0","0","0","0","0","0","0","0","0","0","0","0","0","0","0","0","1","1","0","0","2","4","0","0","0","0","0","0","0","0","0","0","0","0","0","0","0","0","0","0","0","0","0","0","0","clan-bulk-1.2","0","0","0"
"liga_klanow_2_1","Cayman Flot vs Volley Neppe 3:0","1297860","2026-09-18 19:00","Grand Cayman","ORIGIN II","1392","Volley Neppe","","Minton, Jesse","1745506","2","2","1","0","0","56.7","1","0","1","100","100","1","0","0","1","0","0","0","0","0","0","0","1","1","7","0","0","0","0","0","0","0","5","","0","0","0","0","0","0","1","7","1","0","1","0","0","0","56.7","56.7","0","0","0","0","0","0","0","0","0","0","0","0","0","0","0","0","0","0","1","0","0","0","0","1","0","0","0","0","0","0","0","0","0","0","0","0","0","0","0","0","0","0","0","0","0","0","0","0","0","0","0","0","0","0","1","0","1","0","0","clan-bulk-1.2","0","0","0"
"liga_klanow_2_1","Cayman Flot vs Volley Neppe 3:0","1297860","2026-09-18 19:00","Grand Cayman","ORIGIN II","1392","Volley Neppe","","Biskupek, Karol","1744726","0","-2","1","0","0","56","5","2","0","0","-40","7","2","1","5","0","14","0","0","0","0","0","0","1","4","0","0","0","0","0","0","0","-2.2","","0","0","0","0","0","0","1","4","0","0","1","0","0","0","56","56","0","0","1","0","1","2","0","0","0","0","0","0","0","0","0","0","1","1","0","0","0","0","0","0","0","0","1","0","1","2","0","0","0","0","0","0","0","0","0","0","0","0","0","0","0","0","0","0","0","0","0","0","0","0","0","0","0","0","0","clan-bulk-1.2","0","0","0"
"liga_klanow_2_1","Cayman Flot vs Volley Neppe 3:0","1297860","2026-09-18 19:00","Grand Cayman","ORIGIN II","1392","Volley Neppe","","Scheitler, Magnus","1686051","0","0","1","0","0","51.6","0","0","0","0","0","3","2","0","1","0","0","0","0","0","0","0","0","0","7","3","8","19","1","2","5","11","0","","0","0","0","0","0","0","0","7","0","0","0","0","0","0","51.6","51.6","0","0","0","0","0","0","0","0","0","0","0","0","0","0","0","0","0","0","0","0","0","0","0","0","0","0","0","0","0","0","3","8","0","0","8","19","0","0","0","0","0","0","0","0","0","0","0","0","0","0","0","0","0","0","0","0","0","0","0","clan-bulk-1.2","0","0","0"
"liga_klanow_2_1","Trefl Gdańsk Pomorze vs Aydın Büyükşehir Belediyesi 3:1","1297861","2026-09-18 19:00","Aqua Baltic Arena","POLSKIE ORLY","1392","Trefl Gdańsk Pomorze","","Kania, Kajetan","1905083","6","6","19","0","2","77.7","0","0","0","0","0","22","10","4","12","4","36","0","0","0","0","0","4","24","48","51","25","123","9","38","48","28","22.8","{""sets"":[{""h"":25,""a"":22},{""h"":21,""a"":25},{""h"":25,""a"":23},{""h"":25,""a"":15}],""parsedSets"":[{""rallies"":[{""type"":""end"",""score"":""25 : 22"",""txt"":""Koniec seta 1 : 0""},{""type"":""end"",""score"":""25 : 22"",""txt"":""Koniec seta 1 : 0""},{""type"":""rally"",""score"":""25 : 22"",""speed"":""53.3 km/h"",""res"":""Punkt: D. Mirabella""},{""type"":""rally"",""score"":""24 : 22"",""speed"":""56.5 km/h"",""res"":""Punkt: S. Stalnaker""},{""type"":""rally"",""score"":""24 : 21"",""speed"":""57.5 km/h"",""res"":""Punkt: D. Mirabella""},{""type"":""rally"",""score"":""23 : 21"",""speed"":""62.0 km/h"",""res"":""Błąd: R. Castro""},{""type"":""rally"",""score"":""22 : 21"",""speed"":""57.6 km/h"",""res"":""Punkt: Č. Srbović""},{""type"":""rally"",""score"":""21 : 21"",""speed"":""-"",""res"":""Błąd: A. Rada""},{""type"":""rally"",""score"":""21 : 20"",""speed"":""51.2 km/h"",""res"":""Punkt: D. Mirabella""},{""type"":""rally"",""score"":""20 : 20"",""speed"":""60.3 km/h"",""res"":""Punkt: S. Stalnaker""},{""type"":""rally"",""score"":""20 : 19"",""speed"":""96.6 km/h"",""res"":""Punkt: R. Castro""},{""type"":""rally"",""score"":""20 : 18"",""speed"":""75.5 km/h"",""res"":""Punkt: D. Mirabella""},{""type"":""rally"",""score"":""19 : 18"",""speed"":""57.9 km/h"",""res"":""Punkt: A. Martins""},{""type"":""chg"",""score"":""18 : 18"",""txt"":""Zmiana: �. Srbović ⇄ D. Salzinger""},{""type"":""rally"",""score"":""18 : 18"",""speed"":""61.9 km/h"",""res"":""Punkt: R. Castro""},{""type"":""rally"",""score"":""18 : 17"",""speed"":""62.9 km/h"",""res"":""Punkt: F. Szymański""},{""type"":""rally"",""score"":""18 : 16"",""speed"":""52.3 km/h"",""res"":""Punkt: K. Kania""},{""type"":""rally"",""score"":""17 : 16"",""speed"":""77.7 km/h"",""res"":""Punkt: A. Rada""},{""type"":""rally"",""score"":""16 : 16"",""speed"":""63.2 km/h"",""res"":""Punkt: A. Martins""},{""type"":""rally"",""score"":""15 : 16"",""speed"":""57.7 km/h"",""res"":""Punkt: A. Rada""},{""type"":""rally"",""score"":""14 : 16"",""speed"":""69.0 km/h"",""res"":""Błąd: G. Gaye""},{""type"":""rally"",""score"":""13 : 16"",""speed"":""55.7 km/h"",""res"":""Punkt: A. Rada""},{""type"":""rally"",""score"":""12 : 16"",""speed"":""54.2 km/h"",""res"":""Punkt: A. Rada""},{""type"":""tmo"",""score"":""11 : 16"",""txt"":""Czas: ""},{""type"":""rally"",""score"":""11 : 16"",""speed"":""50.0 km/h"",""res"":""Błąd: A. Martins""},{""type"":""rally"",""score"":""11 : 15"",""speed"":""46.7 km/h"",""res"":""Punkt: F. Szymański""},{""type"":""tmo"",""score"":""11 : 14"",""txt"":""Czas: Trefl Gdańsk Pomorze""},{""type"":""rally"",""score"":""11 : 14"",""speed"":""51.4 km/h"",""res"":""Punkt: S. Stalnaker""},{""type"":""rally"",""score"":""11 : 13"",""speed"":""56.1 km/h"",""res"":""Punkt: S. Stalnaker""},{""type"":""rally"",""score"":""11 : 12"",""speed"":""57.1 km/h"",""res"":""Punkt: R. Castro""},{""type"":""rally"",""score"":""11 : 11"",""speed"":""56.0 km/h"",""res"":""Punkt: G. Gaye""},{""type"":""rally"",""score"":""11 : 10"",""speed"":""83.1 km/h"",""res"":""Punkt: G. Gaye""},{""type"":""rally"",""score"":""11 : 9"",""speed"":""49.7 km/h"",""res"":""Punkt: S. Kopacki""},{""type"":""rally"",""score"":""10 : 9"",""speed"":""-"",""res"":""Błąd: A. Martins""},{""type"":""chg"",""score"":""10 : 8"",""txt"":""Zmiana: D. Salzinger ⇄ �. Srbović""},{""type"":""rally"",""score"":""10 : 8"",""speed"":""44.0 km/h"",""res"":""Punkt: K. Kania""},{""type"":""chg"",""score"":""9 : 8"",""txt"":""Zmiana: D. Mirabella ⇄ W. Bąk""},{""type"":""rally"",""score"":""9 : 8"",""speed"":""60.3 km/h"",""res"":""Punkt: G. Gaye""},{""type"":""rally"",""score"":""9 : 7"",""speed"":""73.5 km/h"",""res"":""Błąd: A. Martins""},{""type"":""chg"",""score"":""9 : 6"",""txt"":""Zmiana: W. Bąk ⇄ D. Mirabella""},{""type"":""tmo"",""score"":""9 : 6"",""txt"":""Czas: Aydın Büyükşehir Belediyesi""},{""type"":""rally"",""score"":""9 : 6"",""speed"":""74.0 km/h"",""res"":""Punkt: Č. Srbović""},{""type"":""tmo"",""score"":""8 : 6"",""txt"":""Czas: ""},{""type"":""rally"",""score"":""8 : 6"",""speed"":""78.0 km/h"",""res"":""Punkt: A. Martins""},{""type"":""rally"",""score"":""7 : 6"",""speed"":""60.8 km/h"",""res"":""Punkt: S. Kopacki""},{""type"":""rally"",""score"":""6 : 6"",""speed"":""77.1 km/h"",""res"":""Błąd: S. Stalnaker""},{""type"":""rally"",""score"":""5 : 6"",""speed"":""-"",""res"":""Błąd: S. Stalnaker""},{""type"":""rally"",""score"":""4 : 6"",""speed"":""69.1 km/h"",""res"":""Błąd: Č. Srbović""},{""type"":""rally"",""score"":""4 : 5"",""speed"":""71.7 km/h"",""res"":""Punkt: C. Sanchez""},{""type"":""rally"",""score"":""4 : 4"",""speed"":""62.4 km/h"",""res"":""Błąd: F. Szymański""},{""type"":""tmo"",""score"":""3 : 4"",""txt"":""Czas: Trefl Gdańsk Pomorze""},{""type"":""rally"",""score"":""3 : 4"",""speed"":""57.0 km/h"",""res"":""Błąd: A. Rada""},{""type"":""rally"",""score"":""3 : 3"",""speed"":""43.6 km/h"",""res"":""Błąd: Č. Srbović""},{""type"":""rally"",""score"":""3 : 2"",""speed"":""-"",""res"":""Błąd: D. Mirabella""},{""type"":""rally"",""score"":""3 : 1"",""speed"":""68.0 km/h"",""res"":""Błąd: S. Stalnaker""},{""type"":""rally"",""score"":""2 : 1"",""speed"":""79.8 km/h"",""res"":""Punkt: A. Martins""},{""type"":""rally"",""score"":""1 : 1"",""speed"":""-"",""res"":""Błąd: G. Gaye""},{""type"":""rally"",""score"":""0 : 1"",""speed"":""60.7 km/h"",""res"":""Błąd: A. Martins""}]},{""rallies"":[{""type"":""end"",""score"":""21 : 25"",""txt"":""Koniec seta 1 : 1""},{""type"":""end"",""score"":""21 : 25"",""txt"":""Koniec seta 1 : 1""},{""type"":""rally"",""score"":""21 : 25"",""speed"":""52.1 km/h"",""res"":""Błąd: W. Bąk""},{""type"":""rally"",""score"":""21 : 24"",""speed"":""50.0 km/h"",""res"":""Punkt: S. Stalnaker""},{""type"":""rally"",""score"":""21 : 23"",""speed"":""54.0 km/h"",""res"":""Punkt: F. Szymański""},{""type"":""rally"",""score"":""21 : 22"",""speed"":""56.5 km/h"",""res"":""Punkt: A. Rada""},{""type"":""rally"",""score"":""20 : 22"",""speed"":""60.4 km/h"",""res"":""Punkt: W. Bąk""},{""type"":""rally"",""score"":""19 : 22"",""speed"":""51.9 km/h"",""res"":""Punkt: F. Szymański""},{""type"":""rally"",""score"":""19 : 21"",""speed"":""47.0 km/h"",""res"":""Punkt: G. Gaye""},{""type"":""rally"",""score"":""19 : 20"",""speed"":""-"",""res"":""Błąd: S. Kopacki""},{""type"":""rally"",""score"":""19 : 19"",""speed"":""62.7 km/h"",""res"":""Punkt: S. Kopacki""},{""type"":""rally"",""score"":""18 : 19"",""speed"":""81.2 km/h"",""res"":""Punkt: W. Bąk""},{""type"":""rally"",""score"":""17 : 19"",""speed"":""65.1 km/h"",""res"":""Punkt: A. Rada""},{""type"":""rally"",""score"":""16 : 19"",""speed"":""58.2 km/h"",""res"":""Punkt: D. Salzinger""},{""type"":""chg"",""score"":""15 : 19"",""txt"":""Zmiana: W. Bąk ⇄ D. Mirabella""},{""type"":""rally"",""score"":""15 : 19"",""speed"":""55.1 km/h"",""res"":""Punkt: G. Gaye""},{""type"":""rally"",""score"":""15 : 18"",""speed"":""65.5 km/h"",""res"":""Punkt: C. Sanchez""},{""type"":""rally"",""score"":""15 : 17"",""speed"":""54.5 km/h"",""res"":""Punkt: A. Martins""},{""type"":""rally"",""score"":""14 : 17"",""speed"":""54.9 km/h"",""res"":""Punkt: S. Stalnaker""},{""type"":""rally"",""score"":""14 : 16"",""speed"":""57.4 km/h"",""res"":""Punkt: A. Martins""},{""type"":""tmo"",""score"":""13 : 16"",""txt"":""Czas: ""},{""type"":""rally"",""score"":""13 : 16"",""speed"":""-"",""res"":""Błąd: A. Rada""},{""type"":""rally"",""score"":""13 : 15"",""speed"":""99.7 km/h"",""res"":""Punkt: S. Kopacki""},{""type"":""rally"",""score"":""12 : 15"",""speed"":""49.4 km/h"",""res"":""Punkt: A. Martins""},{""type"":""rally"",""score"":""11 : 15"",""speed"":""70.0 km/h"",""res"":""Punkt: S. Stalnaker""},{""type"":""rally"",""score"":""11 : 14"",""speed"":""54.0 km/h"",""res"":""Punkt: D. Salzinger""},{""type"":""rally"",""score"":""10 : 14"",""speed"":""54.7 km/h"",""res"":""Punkt: F. Szymański""},{""type"":""tmo"",""score"":""10 : 13"",""txt"":""Czas: Aydın Büyükşehir Belediyesi""},{""type"":""rally"",""score"":""10 : 13"",""speed"":""69.0 km/h"",""res"":""Punkt: A. Rada""},{""type"":""rally"",""score"":""9 : 13"",""speed"":""46.4 km/h"",""res"":""Punkt: K. Kania""},{""type"":""rally"",""score"":""8 : 13"",""speed"":""-"",""res"":""Błąd: C. Sanchez""},{""type"":""rally"",""score"":""7 : 13"",""speed"":""57.6 km/h"",""res"":""Punkt: F. Szymański""},{""type"":""rally"",""score"":""7 : 12"",""speed"":""65.3 km/h"",""res"":""Punkt: R. Serhat""},{""type"":""rally"",""score"":""7 : 11"",""speed"":""53.9 km/h"",""res"":""Punkt: C. Sanchez""},{""type"":""tmo"",""score"":""7 : 10"",""txt"":""Czas: Trefl Gdańsk Pomorze""},{""type"":""rally"",""score"":""7 : 10"",""speed"":""65.4 km/h"",""res"":""Błąd: A. Martins""},{""type"":""rally"",""score"":""7 : 9"",""speed"":""73.2 km/h"",""res"":""Punkt: C. Sanchez""},{""type"":""rally"",""score"":""7 : 8"",""speed"":""53.0 km/h"",""res"":""Punkt: D. Salzinger""},{""type"":""tmo"",""score"":""6 : 8"",""txt"":""Czas: ""},{""type"":""rally"",""score"":""6 : 8"",""speed"":""54.0 km/h"",""res"":""Punkt: S. Stalnaker""},{""type"":""rally"",""score"":""6 : 7"",""speed"":""52.2 km/h"",""res"":""Punkt: D. Salzinger""},{""type"":""chg"",""score"":""5 : 7"",""txt"":""Zmiana: D. Salzinger ⇄ �. Srbović""},{""type"":""tmo"",""score"":""5 : 7"",""txt"":""Czas: Trefl Gdańsk Pomorze""},{""type"":""rally"",""score"":""5 : 7"",""speed"":""65.2 km/h"",""res"":""Punkt: C. Sanchez""},{""type"":""rally"",""score"":""5 : 6"",""speed"":""51.9 km/h"",""res"":""Punkt: C. Sanchez""},{""type"":""rally"",""score"":""5 : 5"",""speed"":""60.5 km/h"",""res"":""Punkt: C. Sanchez""},{""type"":""rally"",""score"":""5 : 4"",""speed"":""59.5 km/h"",""res"":""Punkt: D. Mirabella""},{""type"":""rally"",""score"":""4 : 4"",""speed"":""102.7 km/h"",""res"":""Punkt: F. Szymański""},{""type"":""rally"",""score"":""4 : 3"",""speed"":""62.0 km/h"",""res"":""Punkt: S. Kopacki""},{""type"":""rally"",""score"":""3 : 3"",""speed"":""53.7 km/h"",""res"":""Punkt: A. Martins""},{""type"":""rally"",""score"":""2 : 3"",""speed"":""59.7 km/h"",""res"":""Punkt: G. Gaye""},{""type"":""rally"",""score"":""2 : 2"",""speed"":""69.4 km/h"",""res"":""Punkt: D. Mirabella""},{""type"":""rally"",""score"":""1 : 2"",""speed"":""57.1 km/h"",""res"":""Punkt: Č. Srbović""},{""type"":""rally"",""score"":""0 : 2"",""speed"":""51.8 km/h"",""res"":""Punkt: G. Gaye""},{""type"":""rally"",""score"":""0 : 1"",""speed"":""55.3 km/h"",""res"":""Punkt: G. Gaye""}]},{""rallies"":[{""type"":""end"",""score"":""25 : 23"",""txt"":""Koniec seta 2 : 1""},{""type"":""end"",""score"":""25 : 23"",""txt"":""Koniec seta 2 : 1""},{""type"":""rally"",""score"":""25 : 23"",""speed"":""55.4 km/h"",""res"":""Punkt: A. Martins""},{""type"":""rally"",""score"":""24 : 23"",""speed"":""47.1 km/h"",""res"":""Punkt: C. Sanchez""},{""type"":""rally"",""score"":""24 : 22"",""speed"":""67.7 km/h"",""res"":""Punkt: S. Stalnaker""},{""type"":""rally"",""score"":""24 : 21"",""speed"":""45.0 km/h"",""res"":""Punkt: D. Salzinger""},{""type"":""chg"",""score"":""23 : 21"",""txt"":""Zmiana: D. Mirabella ⇄ W. Bąk""},{""type"":""rally"",""score"":""23 : 21"",""speed"":""63.4 km/h"",""res"":""Punkt: S. Stalnaker""},{""type"":""rally"",""score"":""23 : 20"",""speed"":""53.2 km/h"",""res"":""Punkt: W. Bąk""},{""type"":""rally"",""score"":""22 : 20"",""speed"":""71.2 km/h"",""res"":""Punkt: R. Castro""},{""type"":""rally"",""score"":""22 : 19"",""speed"":""51.4 km/h"",""res"":""Punkt: W. Bąk""},{""type"":""rally"",""score"":""21 : 19"",""speed"":""57.5 km/h"",""res"":""Punkt: W. Bąk""},{""type"":""rally"",""score"":""20 : 19"",""speed"":""58.3 km/h"",""res"":""Punkt: C. Sanchez""},{""type"":""rally"",""score"":""20 : 18"",""speed"":""70.4 km/h"",""res"":""Punkt: S. Kopacki""},{""type"":""rally"",""score"":""19 : 18"",""speed"":""55.5 km/h"",""res"":""Punkt: D. Salzinger""},{""type"":""chg"",""score"":""18 : 18"",""txt"":""Zmiana: D. Salzinger ⇄ �. Srbović""},{""type"":""rally"",""score"":""18 : 18"",""speed"":""55.2 km/h"",""res"":""Punkt: G. Gaye""},{""type"":""rally"",""score"":""18 : 17"",""speed"":""52.7 km/h"",""res"":""Błąd: S. Kopacki""},{""type"":""rally"",""score"":""18 : 16"",""speed"":""62.1 km/h"",""res"":""Punkt: C. Sanchez""},{""type"":""rally"",""score"":""18 : 15"",""speed"":""-"",""res"":""Błąd: Č. Srbović""},{""type"":""rally"",""score"":""18 : 14"",""speed"":""71.4 km/h"",""res"":""Punkt: W. Bąk""},{""type"":""rally"",""score"":""17 : 14"",""speed"":""57.8 km/h"",""res"":""Punkt: C. Sanchez""},{""type"":""rally"",""score"":""17 : 13"",""speed"":""71.1 km/h"",""res"":""Punkt: R. Castro""},{""type"":""rally"",""score"":""17 : 12"",""speed"":""43.8 km/h"",""res"":""Punkt: Č. Srbović""},{""type"":""rally"",""score"":""16 : 12"",""speed"":""60.4 km/h"",""res"":""Błąd: A. Rada""},{""type"":""rally"",""score"":""16 : 11"",""speed"":""45.3 km/h"",""res"":""Punkt: S. Stalnaker""},{""type"":""rally"",""score"":""16 : 10"",""speed"":""91.3 km/h"",""res"":""Punkt: F. Szymański""},{""type"":""tmo"",""score"":""16 : 9"",""txt"":""Czas: ""},{""type"":""rally"",""score"":""16 : 9"",""speed"":""59.6 km/h"",""res"":""Punkt: A. Rada""},{""type"":""rally"",""score"":""15 : 9"",""speed"":""71.2 km/h"",""res"":""Błąd: A. Rada""},{""type"":""tmo"",""score"":""15 : 8"",""txt"":""Czas: Aydın Büyükşehir Belediyesi""},{""type"":""rally"",""score"":""15 : 8"",""speed"":""68.4 km/h"",""res"":""Punkt: Č. Srbović""},{""type"":""chg"",""score"":""14 : 8"",""txt"":""Zmiana: W. Bąk ⇄ D. Mirabella""},{""type"":""rally"",""score"":""14 : 8"",""speed"":""56.6 km/h"",""res"":""Punkt: Č. Srbović""},{""type"":""rally"",""score"":""13 : 8"",""speed"":""-"",""res"":""Błąd: R. Serhat""},{""type"":""rally"",""score"":""12 : 8"",""speed"":""63.1 km/h"",""res"":""Punkt: F. Szymański""},{""type"":""rally"",""score"":""12 : 7"",""speed"":""63.9 km/h"",""res"":""Punkt: D. Mirabella""},{""type"":""rally"",""score"":""11 : 7"",""speed"":""64.8 km/h"",""res"":""Punkt: C. Sanchez""},{""type"":""tmo"",""score"":""11 : 6"",""txt"":""Czas: Aydın Büyükşehir Belediyesi""},{""type"":""rally"",""score"":""11 : 6"",""speed"":""66.4 km/h"",""res"":""Punkt: K. Kania""},{""type"":""rally"",""score"":""10 : 6"",""speed"":""61.3 km/h"",""res"":""Punkt: S. Kopacki""},{""type"":""rally"",""score"":""9 : 6"",""speed"":""58.3 km/h"",""res"":""Punkt: S. Kopacki""},{""type"":""rally"",""score"":""8 : 6"",""speed"":""78.1 km/h"",""res"":""Punkt: G. Gaye""},{""type"":""tmo"",""score"":""8 : 5"",""txt"":""Czas: ""},{""type"":""rally"",""score"":""8 : 5"",""speed"":""-"",""res"":""Błąd: S. Stalnaker""},{""type"":""rally"",""score"":""7 : 5"",""speed"":""62.6 km/h"",""res"":""Punkt: C. Sanchez""},{""type"":""rally"",""score"":""7 : 4"",""speed"":""94.7 km/h"",""res"":""Błąd: R. Castro""},{""type"":""rally"",""score"":""6 : 4"",""speed"":""-"",""res"":""Błąd: F. Szymański""},{""type"":""tmo"",""score"":""5 : 4"",""txt"":""Czas: Trefl Gdańsk Pomorze""},{""type"":""rally"",""score"":""5 : 4"",""speed"":""65.2 km/h"",""res"":""Błąd: K. Kania""},{""type"":""rally"",""score"":""5 : 3"",""speed"":""62.5 km/h"",""res"":""Błąd: A. Martins""},{""type"":""rally"",""score"":""5 : 2"",""speed"":""-"",""res"":""Błąd: D. Mirabella""},{""type"":""rally"",""score"":""5 : 1"",""speed"":""75.9 km/h"",""res"":""Punkt: A. Martins""},{""type"":""rally"",""score"":""4 : 1"",""speed"":""87.9 km/h"",""res"":""Punkt: A. Martins""},{""type"":""rally"",""score"":""3 : 1"",""speed"":""76.5 km/h"",""res"":""Punkt: D. Mirabella""},{""type"":""rally"",""score"":""2 : 1"",""speed"":""70.8 km/h"",""res"":""Punkt: A. Rada""},{""type"":""rally"",""score"":""1 : 1"",""speed"":""58.2 km/h"",""res"":""Punkt: A. Rada""},{""type"":""rally"",""score"":""0 : 1"",""speed"":""67.1 km/h"",""res"":""Punkt: F. Szymański""}]},{""rallies"":[{""type"":""end"",""score"":""25 : 15"",""txt"":""Koniec seta 3 : 1""},{""type"":""end"",""score"":""25 : 15"",""txt"":""Koniec seta 3 : 1""},{""type"":""rally"",""score"":""25 : 15"",""speed"":""61.9 km/h"",""res"":""Punkt: D. Mirabella""},{""type"":""rally"",""score"":""24 : 15"",""speed"":""-"",""res"":""Błąd: S. Kopacki""},{""type"":""rally"",""score"":""24 : 14"",""speed"":""91.3 km/h"",""res"":""Punkt: S. Kopacki""},{""type"":""chg"",""score"":""23 : 14"",""txt"":""Zmiana: D. Mirabella ⇄ W. Bąk""},{""type"":""rally"",""score"":""23 : 14"",""speed"":""64.7 km/h"",""res"":""Punkt: K. Kania""},{""type"":""chg"",""score"":""22 : 14"",""txt"":""Zmiana: D. Salzinger ⇄ �. Srbović""},{""type"":""rally"",""score"":""22 : 14"",""speed"":""67.2 km/h"",""res"":""Punkt: C. Sanchez""},{""type"":""rally"",""score"":""22 : 13"",""speed"":""56.9 km/h"",""res"":""Punkt: C. Sanchez""},{""type"":""rally"",""score"":""22 : 12"",""speed"":""64.4 km/h"",""res"":""Punkt: A. Martins""},{""type"":""tmo"",""score"":""21 : 12"",""txt"":""Czas: Trefl Gdańsk Pomorze""},{""type"":""rally"",""score"":""21 : 12"",""speed"":""63.9 km/h"",""res"":""Punkt: S. Stalnaker""},{""type"":""rally"",""score"":""21 : 11"",""speed"":""52.7 km/h"",""res"":""Punkt: S. Stalnaker""},{""type"":""rally"",""score"":""21 : 10"",""speed"":""75.5 km/h"",""res"":""Punkt: C. Sanchez""},{""type"":""rally"",""score"":""21 : 9"",""speed"":""85.0 km/h"",""res"":""Punkt: Č. Srbović""},{""type"":""rally"",""score"":""20 : 9"",""speed"":""56.7 km/h"",""res"":""Punkt: A. Martins""},{""type"":""rally"",""score"":""19 : 9"",""speed"":""77.3 km/h"",""res"":""Punkt: R. Castro""},{""type"":""rally"",""score"":""19 : 8"",""speed"":""89.1 km/h"",""res"":""Punkt: A. Rada""},{""type"":""rally"",""score"":""18 : 8"",""speed"":""-"",""res"":""Błąd: G. Gaye""},{""type"":""chg"",""score"":""17 : 8"",""txt"":""Zmiana: W. Bąk ⇄ D. Mirabella""},{""type"":""rally"",""score"":""17 : 8"",""speed"":""-"",""res"":""Błąd: D. Mirabella""},{""type"":""rally"",""score"":""17 : 7"",""speed"":""58.2 km/h"",""res"":""Punkt: D. Mirabella""},{""type"":""tmo"",""score"":""16 : 7"",""txt"":""Czas: ""},{""type"":""rally"",""score"":""16 : 7"",""speed"":""52.7 km/h"",""res"":""Punkt: A. Rada""},{""type"":""rally"",""score"":""15 : 7"",""speed"":""74.6 km/h"",""res"":""Punkt: D. Mirabella""},{""type"":""tmo"",""score"":""14 : 7"",""txt"":""Czas: Aydın Büyükşehir Belediyesi""},{""type"":""rally"",""score"":""14 : 7"",""speed"":""68.9 km/h"",""res"":""Punkt: D. Mirabella""},{""type"":""tmo"",""score"":""13 : 7"",""txt"":""Czas: Aydın Büyükşehir Belediyesi""},{""type"":""rally"",""score"":""13 : 7"",""speed"":""88.3 km/h"",""res"":""Punkt: A. Martins""},{""type"":""rally"",""score"":""12 : 7"",""speed"":""68.1 km/h"",""res"":""Punkt: D. Mirabella""},{""type"":""rally"",""score"":""11 : 7"",""speed"":""47.0 km/h"",""res"":""Punkt: A. Rada""},{""type"":""rally"",""score"":""10 : 7"",""speed"":""64.9 km/h"",""res"":""Punkt: R. Castro""},{""type"":""rally"",""score"":""10 : 6"",""speed"":""63.2 km/h"",""res"":""Punkt: A. Martins""},{""type"":""rally"",""score"":""9 : 6"",""speed"":""62.0 km/h"",""res"":""Błąd: A. Rada""},{""type"":""rally"",""score"":""9 : 5"",""speed"":""-"",""res"":""Błąd: S. Kopacki""},{""type"":""rally"",""score"":""9 : 4"",""speed"":""48.5 km/h"",""res"":""Punkt: S. Kopacki""},{""type"":""rally"",""score"":""8 : 4"",""speed"":""56.5 km/h"",""res"":""Punkt: C. Sanchez""},{""type"":""tmo"",""score"":""8 : 3"",""txt"":""Czas: ""},{""type"":""rally"",""score"":""8 : 3"",""speed"":""63.7 km/h"",""res"":""Błąd: S. Stalnaker""},{""type"":""rally"",""score"":""7 : 3"",""speed"":""56.5 km/h"",""res"":""Punkt: Č. Srbović""},{""type"":""rally"",""score"":""6 : 3"",""speed"":""-"",""res"":""Błąd: Č. Srbović""},{""type"":""rally"",""score"":""6 : 2"",""speed"":""72.6 km/h"",""res"":""Punkt: S. Kopacki""},{""type"":""rally"",""score"":""5 : 2"",""speed"":""54.9 km/h"",""res"":""Punkt: Č. Srbović""},{""type"":""rally"",""score"":""4 : 2"",""speed"":""71.7 km/h"",""res"":""Punkt: F. Szymański""},{""type"":""rally"",""score"":""4 : 1"",""speed"":""83.2 km/h"",""res"":""Punkt: S. Kopacki""},{""type"":""rally"",""score"":""3 : 1"",""speed"":""56.5 km/h"",""res"":""Punkt: Č. Srbović""},{""type"":""rally"",""score"":""2 : 1"",""speed"":""83.9 km/h"",""res"":""Punkt: F. Szymański""},{""type"":""rally"",""score"":""2 : 0"",""speed"":""85.9 km/h"",""res"":""Punkt: D. Mirabella""},{""type"":""rally"",""score"":""1 : 0"",""speed"":""51.0 km/h"",""res"":""Punkt: Č. Srbović""}]}]}","2","3","0","0","0","0","24","48","3","0","16","1","0","8","77.7","61.7","0","0","0","0","0","0","0","0","0","0","0","0","0","0","0","0","0","0","0","0","0","0","0","0","0","0","0","0","0","0","51","25","4","8","35","123","0","0","0","0","0","4","0","0","0","0","0","5","0","0","0","0","0","4","2","1","2","1","0","clan-bulk-1.2","0","0","0"
"liga_klanow_2_1","Trefl Gdańsk Pomorze vs Aydın Büyükşehir Belediyesi 3:1","1297861","2026-09-18 19:00","Aqua Baltic Arena","POLSKIE ORLY","1392","Trefl Gdańsk Pomorze","","Mirabella, Danilo","1927097","16","7","23","3","6","96.6","20","5","10","50","25","20","9","7","11","7","70","9","1","89","4","44","0","21","37","0","0","0","0","0","0","0","43.7","","4","5","0","0","0","0","21","37","0","0","17","0","1","4","96.6","73.9","3","0","1","0","2","6","1","0","2","2","0","5","0","0","1","0","2","3","0","0","0","0","0","0","4","0","1","0","1","6","0","0","0","0","0","0","1","3","3","1","8","7","0","0","0","0","0","7","0","0","0","0","0","4","5","2","3","7","0","clan-bulk-1.2","0","0","0"
"liga_klanow_2_1","Trefl Gdańsk Pomorze vs Aydın Büyükşehir Belediyesi 3:1","1297861","2026-09-18 19:00","Aqua Baltic Arena","POLSKIE ORLY","1392","Trefl Gdańsk Pomorze","","Rada, Andrei","1905272","16","8","13","2","1","102.7","19","6","5","26","-5","6","1","1","5","2","50","0","0","0","0","0","10","49","71","0","0","0","0","0","0","0","32.6","","1","1","0","0","0","0","49","71","7","0","34","3","2","15","102.7","80.5","0","2","1","0","7","10","1","0","2","0","0","3","0","0","0","0","0","0","4","0","1","0","1","6","0","0","0","0","0","0","0","0","0","0","0","0","0","0","0","0","0","1","0","0","0","0","0","4","0","0","0","0","0","4","6","4","5","4","0","clan-bulk-1.2","0","0","0"
"liga_klanow_2_1","Trefl Gdańsk Pomorze vs Aydın Büyükşehir Belediyesi 3:1","1297861","2026-09-18 19:00","Aqua Baltic Arena","POLSKIE ORLY","1392","Trefl Gdańsk Pomorze","","Srbović, Čedomir","2004131","14","4","15","2","1","0","24","8","9","38","4","5","4","1","1","1","40","0","0","0","0","0","4","24","43","0","0","0","0","0","0","0","21","","0","0","0","0","0","0","24","43","2","0","13","2","0","11","85","70.1","1","1","0","0","3","5","0","1","1","0","0","2","5","0","3","1","2","11","0","0","0","0","0","0","2","0","2","0","2","6","0","0","0","0","0","0","0","0","0","0","0","1","0","0","0","0","0","1","0","0","0","0","0","4","4","1","4","6","0","clan-bulk-1.2","0","0","0"
"liga_klanow_2_1","Trefl Gdańsk Pomorze vs Aydın Büyükşehir Belediyesi 3:1","1297861","2026-09-18 19:00","Aqua Baltic Arena","POLSKIE ORLY","1392","Trefl Gdańsk Pomorze","","Martins, Antônio","2060875","16","2","11","1","0","70.4","38","11","14","37","8","24","11","4","13","4","33","59","2","97","21","36","2","28","58","0","0","0","0","0","0","0","50.1","","3","4","0","0","0","0","28","58","1","0","15","1","1","13","70.4","61.8","5","1","2","0","6","14","3","0","2","0","0","5","5","0","2","0","3","10","0","0","0","0","0","0","1","3","1","0","4","9","0","0","0","0","0","0","4","16","22","15","57","4","0","0","0","0","0","5","0","0","0","0","0","4","8","5","4","4","0","clan-bulk-1.2","0","0","0"
"liga_klanow_2_1","Trefl Gdańsk Pomorze vs Aydın Büyükşehir Belediyesi 3:1","1297861","2026-09-18 19:00","Aqua Baltic Arena","POLSKIE ORLY","1392","Trefl Gdańsk Pomorze","","Kopacki, Sebastian","1949804","13","9","12","3","2","83.1","9","1","7","78","67","0","0","0","0","0","0","0","0","0","0","0","4","32","45","0","0","0","0","0","0","0","27.5","","0","0","0","0","0","0","32","45","4","1","21","0","0","11","91.3","71.4","1","0","0","0","1","2","0","1","0","1","0","2","0","0","0","0","0","0","5","0","0","0","0","5","0","0","0","0","0","0","0","0","0","0","0","0","0","0","0","0","0","0","0","0","0","0","0","0","0","0","0","0","0","4","2","4","4","6","0","clan-bulk-1.2","0","0","0"
"liga_klanow_2_1","Trefl Gdańsk Pomorze vs Aydın Büyükşehir Belediyesi 3:1","1297861","2026-09-18 19:00","Aqua Baltic Arena","POLSKIE ORLY","1392","Trefl Gdańsk Pomorze","","Huaiqiang, Weijian","2060417","0","0","0","0","0","0","0","0","0","0","0","27","13","7","14","10","63","7","0","100","1","14","0","0","0","0","2","8","0","3","1","4","12.8","","9","10","0","0","0","0","0","0","0","0","0","0","0","0","0","0","0","0","0","0","0","0","0","0","0","0","0","0","0","0","0","0","0","0","0","0","0","0","0","0","0","0","0","0","0","0","0","2","0","2","4","8","0","3","3","1","7","7","0","0","0","0","0","10","0","0","0","0","0","0","0","0","0","0","0","clan-bulk-1.2","0","0","0"
"liga_klanow_2_1","Trefl Gdańsk Pomorze vs Aydın Büyükşehir Belediyesi 3:1","1297861","2026-09-18 19:00","Aqua Baltic Arena","POLSKIE ORLY","1392","Trefl Gdańsk Pomorze","","Salzinger, Diether","2139726","6","4","1","0","0","54.9","10","2","6","60","40","4","2","0","2","0","0","0","0","0","0","0","0","11","25","0","0","0","0","0","0","0","9","","0","1","0","0","0","0","11","25","0","1","9","0","0","2","54.9","54.9","3","0","0","0","2","5","1","0","2","0","0","3","0","0","0","0","0","0","0","0","0","0","0","0","2","0","0","0","0","2","0","0","0","0","0","0","0","0","0","0","0","0","0","0","0","0","0","0","0","0","0","0","0","2","0","4","2","0","0","clan-bulk-1.2","0","0","0"
"liga_klanow_2_1","Trefl Gdańsk Pomorze vs Aydın Büyükşehir Belediyesi 3:1","1297861","2026-09-18 19:00","Aqua Baltic Arena","POLSKIE ORLY","1392","Trefl Gdańsk Pomorze","","Bąk, Wiesław","1865369","6","2","1","0","0","91.3","11","4","4","36","0","8","4","2","4","1","38","4","0","100","2","50","2","16","21","0","0","0","0","0","0","0","12.4","","1","1","0","0","0","0","16","21","2","0","12","0","0","4","91.3","91.3","0","1","1","0","1","3","1","0","1","0","0","2","2","0","1","0","1","4","0","0","0","0","0","0","1","0","0","0","1","2","0","0","0","0","0","0","0","2","2","0","4","2","0","0","0","0","0","1","0","0","0","0","0","2","0","3","4","0","0","clan-bulk-1.2","0","0","0"
"liga_klanow_2_1","Trefl Gdańsk Pomorze vs Aydın Büyükşehir Belediyesi 3:1","1297861","2026-09-18 19:00","Aqua Baltic Arena","ORIGIN II","1392","Aydın Büyükşehir Belediyesi","","Serhat, Rahmi","1928477","2","1","17","1","0","57.1","0","0","0","0","0","20","12","2","8","5","35","0","0","0","0","0","2","29","52","31","24","109","11","33","42","23","8.6","","5","7","0","0","0","0","29","52","1","0","23","1","0","6","57.1","52.7","0","0","0","0","0","0","0","0","0","0","0","0","0","0","0","0","0","0","0","0","0","0","0","0","0","0","0","0","0","0","31","24","5","5","44","109","0","0","0","0","0","0","0","0","0","0","0","0","0","0","0","0","0","2","0","1","1","0","0","clan-bulk-1.2","0","0","0"
"liga_klanow_2_1","Trefl Gdańsk Pomorze vs Aydın Büyükşehir Belediyesi 3:1","1297861","2026-09-18 19:00","Aqua Baltic Arena","ORIGIN II","1392","Aydın Büyükşehir Belediyesi","","Gaye, Gökberk","1903488","12","-6","10","2","0","61.9","27","10","5","19","-19","21","9","3","12","5","38","40","6","85","11","28","7","47","72","0","0","0","0","0","0","0","20.6","","4","5","0","0","0","0","47","72","7","1","40","0","0","7","61.9","55.3","0","1","1","0","6","8","0","0","4","0","0","4","2","0","2","1","5","10","0","0","0","0","0","0","1","0","2","1","1","5","0","0","0","0","0","0","0","0","0","0","0","0","0","0","0","0","0","0","0","0","0","0","0","4","5","5","2","1","0","clan-bulk-1.2","0","0","0"
"liga_klanow_2_1","Trefl Gdańsk Pomorze vs Aydın Büyükşehir Belediyesi 3:1","1297861","2026-09-18 19:00","Aqua Baltic Arena","ORIGIN II","1392","Aydın Büyükşehir Belediyesi","","Szymański, Franciszek","1865538","14","8","17","1","0","65.2","18","5","8","44","17","5","2","0","3","2","40","0","0","0","0","0","6","50","75","1","1","3","0","0","2","1","29.7","","2","2","0","0","0","0","50","75","5","0","38","1","0","12","65.2","55.2","1","0","1","0","3","5","1","0","2","1","0","4","0","0","0","0","0","0","5","0","2","0","2","9","0","0","0","0","0","0","1","1","1","0","0","3","0","0","0","0","0","0","0","0","0","0","0","0","0","0","0","0","0","4","3","5","4","2","0","clan-bulk-1.2","0","0","0"
"liga_klanow_2_1","Trefl Gdańsk Pomorze vs Aydın Büyükşehir Belediyesi 3:1","1297861","2026-09-18 19:00","Aqua Baltic Arena","ORIGIN II","1392","Aydın Büyükşehir Belediyesi","","Stalnaker, Spencer","1950487","15","6","14","2","2","71.4","28","7","8","29","4","14","6","1","8","0","7","0","0","0","0","0","5","43","79","0","0","0","0","0","0","0","26.1","","0","4","0","0","0","0","43","79","4","1","35","1","0","8","71.4","59.8","0","0","0","0","5","5","3","1","2","1","0","7","3","0","1","0","7","11","0","0","0","0","0","0","1","1","2","0","1","5","0","0","0","0","0","0","0","0","0","0","0","0","0","0","0","0","0","0","0","0","0","0","0","4","7","4","4","3","0","clan-bulk-1.2","0","0","0"
"liga_klanow_2_1","Trefl Gdańsk Pomorze vs Aydın Büyükşehir Belediyesi 3:1","1297861","2026-09-18 19:00","Aqua Baltic Arena","ORIGIN II","1392","Aydın Büyükşehir Belediyesi","","Castro, Rafael","1950464","8","-4","14","0","0","67.2","24","6","6","25","0","19","8","4","11","8","63","37","6","84","10","27","2","27","59","0","0","0","0","0","0","0","19.8","","6","8","0","0","0","0","27","59","2","0","22","0","0","5","67.2","56.3","1","1","0","0","5","7","2","0","4","1","2","9","1","1","0","0","4","6","0","0","0","0","0","0","1","0","0","0","1","2","0","0","0","0","0","0","0","0","0","0","0","0","0","0","0","0","0","0","0","0","0","0","0","3","4","0","3","2","0","clan-bulk-1.2","0","0","0"
"liga_klanow_2_1","Trefl Gdańsk Pomorze vs Aydın Büyükşehir Belediyesi 3:1","1297861","2026-09-18 19:00","Aqua Baltic Arena","ORIGIN II","1392","Aydın Büyükşehir Belediyesi","","Sanchez, Cody","1927204","18","14","14","1","1","65.4","19","3","12","63","47","5","3","1","2","0","20","0","0","0","0","0","5","39","56","0","0","0","0","0","0","0","46.7","","0","1","0","0","0","0","39","56","5","0","30","0","2","9","65.4","58.4","3","0","1","0","1","5","1","0","1","1","0","3","0","0","0","0","0","0","7","0","1","0","3","11","0","0","0","0","0","0","0","0","0","0","0","0","0","0","0","0","0","0","0","0","0","0","0","0","0","0","0","0","0","4","1","7","6","4","0","clan-bulk-1.2","0","0","0"
"liga_klanow_2_1","Trefl Gdańsk Pomorze vs Aydın Büyükşehir Belediyesi 3:1","1297861","2026-09-18 19:00","Aqua Baltic Arena","ORIGIN II","1392","Aydın Büyükşehir Belediyesi","","Galchev, Yordan","2088648","0","0","0","0","0","0","0","0","0","0","0","32","15","6","17","7","41","7","0","100","4","57","0","0","0","1","1","4","0","0","0","4","12","","5","8","0","0","0","0","0","0","0","0","0","0","0","0","0","0","0","0","0","0","0","0","0","0","0","0","0","0","0","0","0","0","0","0","0","0","0","0","0","0","0","0","0","0","0","0","1","1","0","0","2","4","0","0","0","0","0","0","0","0","0","0","0","0","0","0","0","0","0","0","0","0","0","0","0","clan-bulk-1.2","0","0","0"
"liga_klanow_2_1","⭐ Nati ⭐ 1995 ⭐  ∞  ⭐ vs ACE VOLLEY 3:0","1297862","2026-09-18 19:00","Nati Memorial Hall","POLSKIE ORLY","1392","⭐ Nati ⭐ 1995 ⭐  ∞  ⭐","","Monti Carlo, Severino","1976060","4","3","14","1","1","63.3","0","0","0","0","0","5","4","1","1","1","40","0","0","0","0","0","3","19","27","34","1","43","25","11","2","5","12.2","{""sets"":[{""h"":25,""a"":7},{""h"":25,""a"":12},{""h"":25,""a"":9}],""parsedSets"":[{""rallies"":[{""type"":""end"",""score"":""25 : 7"",""txt"":""Koniec seta 1 : 0""},{""type"":""end"",""score"":""25 : 7"",""txt"":""Koniec seta 1 : 0""},{""type"":""rally"",""score"":""25 : 7"",""speed"":""45.5 km/h"",""res"":""Punkt: P. Anuszewski""},{""type"":""rally"",""score"":""24 : 7"",""speed"":""59.9 km/h"",""res"":""Punkt: D. Tolentino""},{""type"":""rally"",""score"":""24 : 6"",""speed"":""63.1 km/h"",""res"":""Punkt: M. Bujak""},{""type"":""rally"",""score"":""23 : 6"",""speed"":""67.7 km/h"",""res"":""Błąd: P. Anuszewski""},{""type"":""rally"",""score"":""23 : 5"",""speed"":""62.8 km/h"",""res"":""Punkt: M. Grochowski""},{""type"":""rally"",""score"":""22 : 5"",""speed"":""-"",""res"":""Błąd: D. Kurzawa""},{""type"":""rally"",""score"":""22 : 4"",""speed"":""54.5 km/h"",""res"":""Punkt: M. Grochowski""},{""type"":""rally"",""score"":""21 : 4"",""speed"":""57.1 km/h"",""res"":""Punkt: D. Kurzawa""},{""type"":""rally"",""score"":""20 : 4"",""speed"":""56.3 km/h"",""res"":""Punkt: D. Jakimowicz""},{""type"":""tmo"",""score"":""19 : 4"",""txt"":""Czas: ⭐ Nati ⭐ 1995 ⭐  ∞  ⭐""},{""type"":""rally"",""score"":""19 : 4"",""speed"":""50.9 km/h"",""res"":""Punkt: D. Kurzawa""},{""type"":""rally"",""score"":""18 : 4"",""speed"":""57.2 km/h"",""res"":""Punkt: D. Kurzawa""},{""type"":""rally"",""score"":""17 : 4"",""speed"":""91.5 km/h"",""res"":""Punkt: M. Grochowski""},{""type"":""rally"",""score"":""16 : 4"",""speed"":""-"",""res"":""Błąd: M. Bujak""},{""type"":""tmo"",""score"":""16 : 3"",""txt"":""Czas: ""},{""type"":""rally"",""score"":""16 : 3"",""speed"":""53.5 km/h"",""res"":""Punkt: S. Monti Carlo""},{""type"":""rally"",""score"":""15 : 3"",""speed"":""59.8 km/h"",""res"":""Punkt: M. Grochowski""},{""type"":""rally"",""score"":""14 : 3"",""speed"":""61.7 km/h"",""res"":""Punkt: M. Grochowski""},{""type"":""rally"",""score"":""13 : 3"",""speed"":""45.8 km/h"",""res"":""Punkt: F. Philippe""},{""type"":""rally"",""score"":""13 : 2"",""speed"":""50.3 km/h"",""res"":""Punkt: P. Anuszewski""},{""type"":""rally"",""score"":""12 : 2"",""speed"":""55.2 km/h"",""res"":""Punkt: D. Tolentino""},{""type"":""rally"",""score"":""12 : 1"",""speed"":""59.7 km/h"",""res"":""Punkt: D. Jakimowicz""},{""type"":""rally"",""score"":""11 : 1"",""speed"":""55.8 km/h"",""res"":""Punkt: D. Jakimowicz""},{""type"":""rally"",""score"":""10 : 1"",""speed"":""54.4 km/h"",""res"":""Punkt: P. Anuszewski""},{""type"":""rally"",""score"":""9 : 1"",""speed"":""48.3 km/h"",""res"":""Punkt: D. Jakimowicz""},{""type"":""tmo"",""score"":""8 : 1"",""txt"":""Czas: ""},{""type"":""rally"",""score"":""8 : 1"",""speed"":""62.0 km/h"",""res"":""Punkt: P. Anuszewski""},{""type"":""rally"",""score"":""7 : 1"",""speed"":""51.5 km/h"",""res"":""Punkt: D. Jakimowicz""},{""type"":""rally"",""score"":""6 : 1"",""speed"":""44.1 km/h"",""res"":""Punkt: P. Anuszewski""},{""type"":""rally"",""score"":""5 : 1"",""speed"":""60.7 km/h"",""res"":""Punkt: D. Tolentino""},{""type"":""rally"",""score"":""5 : 0"",""speed"":""61.1 km/h"",""res"":""Punkt: S. Monti Carlo""},{""type"":""tmo"",""score"":""4 : 0"",""txt"":""Czas: ACE VOLLEY""},{""type"":""rally"",""score"":""4 : 0"",""speed"":""63.2 km/h"",""res"":""Punkt: D. Kurzawa""},{""type"":""chg"",""score"":""3 : 0"",""txt"":""Zmiana: M. Bujak ⇄ R. Fabuš""},{""type"":""chg"",""score"":""3 : 0"",""txt"":""Zmiana: D. Jakimowicz ⇄ J. Mazur""},{""type"":""tmo"",""score"":""3 : 0"",""txt"":""Czas: ACE VOLLEY""},{""type"":""rally"",""score"":""3 : 0"",""speed"":""55.6 km/h"",""res"":""Punkt: D. Kurzawa""},{""type"":""chg"",""score"":""2 : 0"",""txt"":""Zmiana: M. Grochowski ⇄ V. Pilfousek""},{""type"":""chg"",""score"":""2 : 0"",""txt"":""Zmiana: P. Anuszewski ⇄ H. Brzeskot""},{""type"":""rally"",""score"":""2 : 0"",""speed"":""54.0 km/h"",""res"":""Punkt: H. Brzeskot""},{""type"":""chg"",""score"":""1 : 0"",""txt"":""Zmiana: D. Kurzawa ⇄ P. Włodarczyk""},{""type"":""tmo"",""score"":""1 : 0"",""txt"":""Czas: ⭐ Nati ⭐ 1995 ⭐  ∞  ⭐""},{""type"":""rally"",""score"":""1 : 0"",""speed"":""45.3 km/h"",""res"":""Punkt: H. Brzeskot""}]},{""rallies"":[{""type"":""end"",""score"":""25 : 12"",""txt"":""Koniec seta 2 : 0""},{""type"":""end"",""score"":""25 : 12"",""txt"":""Koniec seta 2 : 0""},{""type"":""rally"",""score"":""25 : 12"",""speed"":""55.8 km/h"",""res"":""Punkt: M. Grochowski""},{""type"":""rally"",""score"":""24 : 12"",""speed"":""46.7 km/h"",""res"":""Błąd: M. Pohl""},{""type"":""rally"",""score"":""23 : 12"",""speed"":""54.3 km/h"",""res"":""Punkt: M. Bujak""},{""type"":""rally"",""score"":""22 : 12"",""speed"":""49.2 km/h"",""res"":""Punkt: M. Grochowski""},{""type"":""rally"",""score"":""21 : 12"",""speed"":""46.1 km/h"",""res"":""Punkt: F. Philippe""},{""type"":""rally"",""score"":""21 : 11"",""speed"":""55.3 km/h"",""res"":""Punkt: M. Bujak""},{""type"":""rally"",""score"":""20 : 11"",""speed"":""62.5 km/h"",""res"":""Punkt: M. Bujak""},{""type"":""rally"",""score"":""19 : 11"",""speed"":""66.4 km/h"",""res"":""Punkt: D. Kurzawa""},{""type"":""rally"",""score"":""18 : 11"",""speed"":""53.9 km/h"",""res"":""Punkt: M. Bujak""},{""type"":""rally"",""score"":""17 : 11"",""speed"":""62.7 km/h"",""res"":""Punkt: D. Kurzawa""},{""type"":""tmo"",""score"":""16 : 11"",""txt"":""Czas: ""},{""type"":""rally"",""score"":""16 : 11"",""speed"":""71.1 km/h"",""res"":""Punkt: M. Bujak""},{""type"":""rally"",""score"":""15 : 11"",""speed"":""61.4 km/h"",""res"":""Punkt: M. Grochowski""},{""type"":""rally"",""score"":""14 : 11"",""speed"":""56.0 km/h"",""res"":""Punkt: D. Tolentino""},{""type"":""rally"",""score"":""14 : 10"",""speed"":""43.5 km/h"",""res"":""Punkt: M. Bujak""},{""type"":""rally"",""score"":""13 : 10"",""speed"":""43.2 km/h"",""res"":""Punkt: M. Pohl""},{""type"":""rally"",""score"":""13 : 9"",""speed"":""-"",""res"":""Błąd: D. Jakimowicz""},{""type"":""rally"",""score"":""13 : 8"",""speed"":""62.6 km/h"",""res"":""Punkt: M. Bujak""},{""type"":""tmo"",""score"":""12 : 8"",""txt"":""Czas: ACE VOLLEY""},{""type"":""rally"",""score"":""12 : 8"",""speed"":""48.4 km/h"",""res"":""Punkt: D. Jakimowicz""},{""type"":""tmo"",""score"":""11 : 8"",""txt"":""Czas: ACE VOLLEY""},{""type"":""rally"",""score"":""11 : 8"",""speed"":""55.0 km/h"",""res"":""Punkt: P. Anuszewski""},{""type"":""rally"",""score"":""10 : 8"",""speed"":""56.5 km/h"",""res"":""Punkt: P. Anuszewski""},{""type"":""rally"",""score"":""9 : 8"",""speed"":""70.9 km/h"",""res"":""Punkt: M. Bujak""},{""type"":""rally"",""score"":""8 : 8"",""speed"":""-"",""res"":""Błąd: S. Monti Carlo""},{""type"":""tmo"",""score"":""8 : 7"",""txt"":""Czas: ""},{""type"":""rally"",""score"":""8 : 7"",""speed"":""64.4 km/h"",""res"":""Punkt: D. Kurzawa""},{""type"":""rally"",""score"":""7 : 7"",""speed"":""54.7 km/h"",""res"":""Punkt: F. Philippe""},{""type"":""rally"",""score"":""7 : 6"",""speed"":""47.5 km/h"",""res"":""Punkt: S. Monti Carlo""},{""type"":""rally"",""score"":""6 : 6"",""speed"":""61.6 km/h"",""res"":""Punkt: M. Grochowski""},{""type"":""rally"",""score"":""5 : 6"",""speed"":""56.9 km/h"",""res"":""Punkt: F. Philippe""},{""type"":""rally"",""score"":""5 : 5"",""speed"":""59.1 km/h"",""res"":""Punkt: M. Grochowski""},{""type"":""rally"",""score"":""4 : 5"",""speed"":""53.4 km/h"",""res"":""Punkt: E. Cariolaro""},{""type"":""rally"",""score"":""4 : 4"",""speed"":""56.9 km/h"",""res"":""Punkt: D. Jakimowicz""},{""type"":""chg"",""score"":""3 : 4"",""txt"":""Zmiana: P. Anuszewski ⇄ H. Brzeskot""},{""type"":""rally"",""score"":""3 : 4"",""speed"":""55.1 km/h"",""res"":""Błąd: M. Bujak""},{""type"":""rally"",""score"":""3 : 3"",""speed"":""71.9 km/h"",""res"":""Punkt: D. Tolentino""},{""type"":""chg"",""score"":""3 : 2"",""txt"":""Zmiana: M. Bujak ⇄ R. Fabuš""},{""type"":""chg"",""score"":""3 : 2"",""txt"":""Zmiana: D. Jakimowicz ⇄ J. Mazur""},{""type"":""rally"",""score"":""3 : 2"",""speed"":""51.0 km/h"",""res"":""Punkt: M. Grochowski""},{""type"":""rally"",""score"":""2 : 2"",""speed"":""-"",""res"":""Błąd: L. Mathioudakis""},{""type"":""chg"",""score"":""1 : 2"",""txt"":""Zmiana: M. Grochowski ⇄ V. Pilfousek""},{""type"":""rally"",""score"":""1 : 2"",""speed"":""45.2 km/h"",""res"":""Błąd: H. Brzeskot""},{""type"":""rally"",""score"":""1 : 1"",""speed"":""70.5 km/h"",""res"":""Punkt: D. Tolentino""},{""type"":""chg"",""score"":""1 : 0"",""txt"":""Zmiana: D. Kurzawa ⇄ P. Włodarczyk""},{""type"":""rally"",""score"":""1 : 0"",""speed"":""57.8 km/h"",""res"":""Punkt: R. Fabuš""}]},{""rallies"":[{""type"":""end"",""score"":""25 : 9"",""txt"":""Koniec seta 3 : 0""},{""type"":""end"",""score"":""25 : 9"",""txt"":""Koniec seta 3 : 0""},{""type"":""rally"",""score"":""25 : 9"",""speed"":""44.8 km/h"",""res"":""Punkt: D. Jakimowicz""},{""type"":""rally"",""score"":""24 : 9"",""speed"":""58.0 km/h"",""res"":""Punkt: P. Anuszewski""},{""type"":""rally"",""score"":""23 : 9"",""speed"":""64.3 km/h"",""res"":""Punkt: D. Jakimowicz""},{""type"":""rally"",""score"":""22 : 9"",""speed"":""51.9 km/h"",""res"":""Błąd: D. Kurzawa""},{""type"":""rally"",""score"":""22 : 8"",""speed"":""65.9 km/h"",""res"":""Punkt: P. Anuszewski""},{""type"":""rally"",""score"":""21 : 8"",""speed"":""43.5 km/h"",""res"":""Punkt: D. Kurzawa""},{""type"":""rally"",""score"":""20 : 8"",""speed"":""55.9 km/h"",""res"":""Punkt: M. Grochowski""},{""type"":""tmo"",""score"":""19 : 8"",""txt"":""Czas: ⭐ Nati ⭐ 1995 ⭐  ∞  ⭐""},{""type"":""rally"",""score"":""19 : 8"",""speed"":""65.8 km/h"",""res"":""Punkt: M. Grochowski""},{""type"":""rally"",""score"":""18 : 8"",""speed"":""61.2 km/h"",""res"":""Błąd: D. Kurzawa""},{""type"":""rally"",""score"":""18 : 7"",""speed"":""69.7 km/h"",""res"":""Punkt: D. Tolentino""},{""type"":""rally"",""score"":""18 : 6"",""speed"":""-"",""res"":""Błąd: D. Kurzawa""},{""type"":""rally"",""score"":""18 : 5"",""speed"":""49.7 km/h"",""res"":""Punkt: M. Grochowski""},{""type"":""rally"",""score"":""17 : 5"",""speed"":""45.0 km/h"",""res"":""Punkt: M. Grochowski""},{""type"":""tmo"",""score"":""16 : 5"",""txt"":""Czas: ""},{""type"":""rally"",""score"":""16 : 5"",""speed"":""54.9 km/h"",""res"":""Punkt: D. Jakimowicz""},{""type"":""rally"",""score"":""15 : 5"",""speed"":""56.1 km/h"",""res"":""Punkt: D. Kurzawa""},{""type"":""rally"",""score"":""14 : 5"",""speed"":""54.2 km/h"",""res"":""Punkt: M. Grochowski""},{""type"":""rally"",""score"":""13 : 5"",""speed"":""59.4 km/h"",""res"":""Punkt: M. Grochowski""},{""type"":""rally"",""score"":""12 : 5"",""speed"":""48.5 km/h"",""res"":""Punkt: D. Kurzawa""},{""type"":""rally"",""score"":""11 : 5"",""speed"":""109.8 km/h"",""res"":""Punkt: M. Bujak""},{""type"":""rally"",""score"":""10 : 5"",""speed"":""95.4 km/h"",""res"":""Punkt: M. Pohl""},{""type"":""rally"",""score"":""10 : 4"",""speed"":""-"",""res"":""Błąd: M. Bujak""},{""type"":""rally"",""score"":""10 : 3"",""speed"":""66.4 km/h"",""res"":""Punkt: S. Monti Carlo""},{""type"":""rally"",""score"":""9 : 3"",""speed"":""54.5 km/h"",""res"":""Punkt: M. Bujak""},{""type"":""rally"",""score"":""8 : 3"",""speed"":""60.1 km/h"",""res"":""Punkt: F. Philippe""},{""type"":""tmo"",""score"":""8 : 2"",""txt"":""Czas: ""},{""type"":""rally"",""score"":""8 : 2"",""speed"":""59.2 km/h"",""res"":""Punkt: M. Grochowski""},{""type"":""rally"",""score"":""7 : 2"",""speed"":""58.9 km/h"",""res"":""Punkt: P. Anuszewski""},{""type"":""tmo"",""score"":""6 : 2"",""txt"":""Czas: ACE VOLLEY""},{""type"":""rally"",""score"":""6 : 2"",""speed"":""58.4 km/h"",""res"":""Punkt: P. Anuszewski""},{""type"":""rally"",""score"":""5 : 2"",""speed"":""58.1 km/h"",""res"":""Punkt: M. Bujak""},{""type"":""rally"",""score"":""4 : 2"",""speed"":""48.7 km/h"",""res"":""Punkt: D. Tolentino""},{""type"":""chg"",""score"":""4 : 1"",""txt"":""Zmiana: P. Anuszewski ⇄ H. Brzeskot""},{""type"":""rally"",""score"":""4 : 1"",""speed"":""42.6 km/h"",""res"":""Punkt: M. Bujak""},{""type"":""rally"",""score"":""3 : 1"",""speed"":""58.7 km/h"",""res"":""Punkt: D. Tolentino""},{""type"":""chg"",""score"":""3 : 0"",""txt"":""Zmiana: M. Bujak ⇄ R. Fabuš""},{""type"":""chg"",""score"":""3 : 0"",""txt"":""Zmiana: D. Jakimowicz ⇄ J. Mazur""},{""type"":""tmo"",""score"":""3 : 0"",""txt"":""Czas: ACE VOLLEY""},{""type"":""rally"",""score"":""3 : 0"",""speed"":""63.3 km/h"",""res"":""Punkt: J. Mazur""},{""type"":""chg"",""score"":""2 : 0"",""txt"":""Zmiana: M. Grochowski ⇄ V. Pilfousek""},{""type"":""rally"",""score"":""2 : 0"",""speed"":""49.7 km/h"",""res"":""Punkt: H. Brzeskot""},{""type"":""chg"",""score"":""1 : 0"",""txt"":""Zmiana: D. Kurzawa ⇄ P. Włodarczyk""},{""type"":""rally"",""score"":""1 : 0"",""speed"":""51.2 km/h"",""res"":""Punkt: H. Brzeskot""}]}]}","1","1","0","0","0","0","19","27","3","0","18","0","0","1","63.3","55.8","0","0","0","0","0","0","0","0","0","0","0","0","0","0","0","0","0","0","0","0","0","0","0","0","0","0","0","0","0","0","34","1","1","4","3","43","0","0","0","0","0","0","0","0","0","0","0","0","0","0","0","0","0","3","2","2","1","0","0","clan-bulk-1.2","0","0","0"
"liga_klanow_2_1","⭐ Nati ⭐ 1995 ⭐  ∞  ⭐ vs ACE VOLLEY 3:0","1297862","2026-09-18 19:00","Nati Memorial Hall","POLSKIE ORLY","1392","⭐ Nati ⭐ 1995 ⭐  ∞  ⭐","","Mazur, Janusz","2088757","1","1","1","0","0","70.5","0","0","0","0","0","0","0","0","0","0","0","2","0","100","1","50","1","3","6","0","0","0","0","0","0","0","4.2","","0","0","0","0","0","0","3","6","1","0","3","0","0","0","70.5","70.5","0","0","0","0","0","0","0","0","0","0","0","0","0","0","0","0","0","0","0","0","0","0","0","0","0","0","0","0","0","0","0","0","0","0","0","0","0","0","0","0","0","0","0","0","0","0","0","0","0","0","0","0","0","0","0","0","1","0","0","clan-bulk-1.2","0","0","0"
"liga_klanow_2_1","⭐ Nati ⭐ 1995 ⭐  ∞  ⭐ vs ACE VOLLEY 3:0","1297862","2026-09-18 19:00","Nati Memorial Hall","POLSKIE ORLY","1392","⭐ Nati ⭐ 1995 ⭐  ∞  ⭐","","Brzeskot, Hubert","1976258","4","3","2","0","0","71.9","2","1","1","50","0","1","1","0","0","0","0","0","0","0","0","0","3","7","7","0","0","0","0","0","0","0","9.5","","0","0","0","0","0","0","7","7","3","0","7","0","0","0","71.9","61.5","0","0","0","0","0","0","0","0","0","0","0","0","0","0","0","0","0","0","1","1","0","0","0","2","0","0","0","0","0","0","0","0","0","0","0","0","0","0","0","0","0","0","0","0","0","0","0","0","0","0","0","0","0","2","2","1","2","0","0","clan-bulk-1.2","0","0","0"
"liga_klanow_2_1","⭐ Nati ⭐ 1995 ⭐  ∞  ⭐ vs ACE VOLLEY 3:0","1297862","2026-09-18 19:00","Nati Memorial Hall","POLSKIE ORLY","1392","⭐ Nati ⭐ 1995 ⭐  ∞  ⭐","","Fabuš, Radoslav","2003877","1","1","0","0","0","0","1","0","1","100","100","0","0","0","0","0","0","0","0","0","0","0","0","7","8","0","0","0","0","0","0","0","2","","0","0","0","0","0","0","7","8","0","0","7","0","0","0","0","0","0","0","0","0","0","0","0","0","0","0","0","0","1","0","0","0","0","1","0","0","0","0","0","0","0","0","0","0","0","0","0","0","0","0","0","0","0","0","0","0","0","0","0","0","0","0","0","0","0","0","0","0","0","0","0","1","0","0","0","clan-bulk-1.2","0","0","0"
"liga_klanow_2_1","⭐ Nati ⭐ 1995 ⭐  ∞  ⭐ vs ACE VOLLEY 3:0","1297862","2026-09-18 19:00","Nati Memorial Hall","POLSKIE ORLY","1392","⭐ Nati ⭐ 1995 ⭐  ∞  ⭐","","Włodarczyk, Przemysław","2087992","0","0","0","0","0","0","0","0","0","0","0","0","0","0","0","0","0","0","0","0","0","0","0","0","0","0","0","0","0","0","0","0","0","","0","0","0","0","0","0","0","0","0","0","0","0","0","0","0","0","0","0","0","0","0","0","0","0","0","0","0","0","0","0","0","0","0","0","0","0","0","0","0","0","0","0","0","0","0","0","0","0","0","0","0","0","0","0","0","0","0","0","0","0","0","0","0","0","0","0","0","0","0","0","0","0","0","0","0","clan-bulk-1.2","0","0","0"
"liga_klanow_2_1","⭐ Nati ⭐ 1995 ⭐  ∞  ⭐ vs ACE VOLLEY 3:0","1297862","2026-09-18 19:00","Nati Memorial Hall","POLSKIE ORLY","1392","⭐ Nati ⭐ 1995 ⭐  ∞  ⭐","","Pilfousek, Vojtech","2004522","0","0","0","0","0","0","0","0","0","0","0","0","0","0","0","0","0","0","0","0","0","0","0","0","0","0","0","0","0","0","0","0","0","","0","0","0","0","0","0","0","0","0","0","0","0","0","0","0","0","0","0","0","0","0","0","0","0","0","0","0","0","0","0","0","0","0","0","0","0","0","0","0","0","0","0","0","0","0","0","0","0","0","0","0","0","0","0","0","0","0","0","0","0","0","0","0","0","0","0","0","0","0","0","0","0","0","0","0","clan-bulk-1.2","0","0","0"
"liga_klanow_2_1","⭐ Nati ⭐ 1995 ⭐  ∞  ⭐ vs ACE VOLLEY 3:0","1297862","2026-09-18 19:00","Nati Memorial Hall","POLSKIE ORLY","1392","⭐ Nati ⭐ 1995 ⭐  ∞  ⭐","","Brito, Celso","1904540","0","0","0","0","0","0","0","0","0","0","0","3","3","2","0","0","67","1","0","100","1","100","0","0","0","0","0","1","0","1","0","0","2.4","","0","0","0","0","0","0","0","0","0","0","0","0","0","0","0","0","0","0","0","0","0","0","0","0","0","0","0","0","0","0","0","0","0","0","0","0","0","0","0","0","0","0","0","0","0","0","0","0","0","0","1","1","0","0","0","0","0","0","0","0","0","0","0","0","0","0","0","0","0","0","0","0","0","0","0","clan-bulk-1.2","0","0","0"
"liga_klanow_2_1","⭐ Nati ⭐ 1995 ⭐  ∞  ⭐ vs ACE VOLLEY 3:0","1297862","2026-09-18 19:00","Nati Memorial Hall","POLSKIE ORLY","1392","⭐ Nati ⭐ 1995 ⭐  ∞  ⭐","","Jakimowicz, Dawid","1974594","10","7","13","1","5","62.6","5","1","2","40","20","6","5","3","1","0","50","15","1","93","12","80","3","20","27","0","0","0","0","0","0","0","36.3","","0","1","0","0","0","0","20","27","3","1","19","0","0","1","62.6","54.8","0","0","0","0","0","0","0","0","0","0","0","0","1","0","0","0","1","2","0","0","0","0","0","0","1","0","1","0","1","3","0","0","0","0","0","0","0","0","0","0","0","0","0","0","0","0","0","0","0","0","0","0","0","3","5","3","3","0","0","clan-bulk-1.2","0","0","0"
"liga_klanow_2_1","⭐ Nati ⭐ 1995 ⭐  ∞  ⭐ vs ACE VOLLEY 3:0","1297862","2026-09-18 19:00","Nati Memorial Hall","POLSKIE ORLY","1392","⭐ Nati ⭐ 1995 ⭐  ∞  ⭐","","Bujak, Maciej","2032381","13","10","13","2","4","66.4","9","1","8","89","78","7","5","2","2","2","57","0","0","0","0","0","1","11","21","0","0","0","0","0","0","0","29.9","","1","1","0","0","0","0","11","21","1","0","10","0","0","1","71.1","59.2","1","0","0","0","0","1","0","0","0","0","0","0","5","1","0","0","0","6","0","0","0","0","0","0","2","0","0","0","0","2","0","0","0","0","0","0","0","0","0","0","0","0","0","0","0","0","0","0","0","0","0","0","0","3","2","9","5","0","0","clan-bulk-1.2","0","0","0"
"liga_klanow_2_1","⭐ Nati ⭐ 1995 ⭐  ∞  ⭐ vs ACE VOLLEY 3:0","1297862","2026-09-18 19:00","Nati Memorial Hall","POLSKIE ORLY","1392","⭐ Nati ⭐ 1995 ⭐  ∞  ⭐","","Kurzawa, Dawid","2032772","11","7","18","2","4","59.4","7","2","5","71","43","10","7","5","3","2","70","10","0","100","8","80","2","18","23","0","0","0","0","0","0","0","35","","0","0","0","0","0","0","18","23","2","0","17","0","0","1","59.4","53.6","0","0","0","0","0","0","0","0","0","0","0","0","0","0","0","0","0","0","0","0","0","0","0","0","5","2","0","0","0","7","0","0","0","0","0","0","0","0","0","0","0","0","0","0","0","0","0","0","0","0","0","0","0","3","6","3","6","0","0","clan-bulk-1.2","0","0","0"
"liga_klanow_2_1","⭐ Nati ⭐ 1995 ⭐  ∞  ⭐ vs ACE VOLLEY 3:0","1297862","2026-09-18 19:00","Nati Memorial Hall","POLSKIE ORLY","1392","⭐ Nati ⭐ 1995 ⭐  ∞  ⭐","","Grochowski, Mariusz","1904294","19","19","7","0","1","67.7","14","0","13","93","93","0","0","0","0","0","0","0","0","0","0","0","5","21","27","0","0","0","0","0","0","0","62.6","","0","0","0","0","0","0","21","27","4","0","19","1","0","2","67.7","55.3","0","0","0","0","1","1","2","0","0","0","0","2","0","0","0","0","0","0","11","0","0","0","0","11","0","0","0","0","0","0","0","0","0","0","0","0","0","0","0","0","0","0","0","0","0","0","0","0","0","0","0","0","0","3","5","6","7","0","0","clan-bulk-1.2","0","0","0"
"liga_klanow_2_1","⭐ Nati ⭐ 1995 ⭐  ∞  ⭐ vs ACE VOLLEY 3:0","1297862","2026-09-18 19:00","Nati Memorial Hall","POLSKIE ORLY","1392","⭐ Nati ⭐ 1995 ⭐  ∞  ⭐","","Anuszewski, Paweł","1865241","13","13","6","0","2","60.1","7","0","6","86","86","3","1","0","2","0","0","0","0","0","0","0","5","18","22","1","0","1","0","0","1","0","33","","0","1","0","0","0","0","18","22","4","0","16","1","1","2","60.1","56.4","0","0","0","0","1","1","0","0","0","0","0","0","0","0","0","0","0","0","5","0","0","1","0","6","0","0","0","0","0","0","1","0","0","0","0","1","0","0","0","0","0","0","0","0","0","0","0","0","0","0","0","0","0","3","6","2","4","0","0","clan-bulk-1.2","0","0","0"
"liga_klanow_2_1","⭐ Nati ⭐ 1995 ⭐  ∞  ⭐ vs ACE VOLLEY 3:0","1297862","2026-09-18 19:00","Nati Memorial Hall","ORIGIN II","1392","ACE VOLLEY","","Wasyluk, Robert","1928966","0","0","4","0","0","70.9","0","0","0","0","0","7","5","1","2","0","14","0","0","0","0","0","0","3","20","15","22","55","4","6","19","26","0.8","","0","0","0","0","0","0","3","20","0","0","2","0","0","1","70.9","64","0","0","0","0","0","0","0","0","0","0","0","0","0","0","0","0","0","0","0","0","0","0","0","0","0","0","0","0","0","0","15","22","2","1","15","55","0","0","0","0","0","0","0","0","0","0","0","0","0","0","0","0","0","0","0","0","0","0","0","clan-bulk-1.2","0","0","0"
"liga_klanow_2_1","⭐ Nati ⭐ 1995 ⭐  ∞  ⭐ vs ACE VOLLEY 3:0","1297862","2026-09-18 19:00","Nati Memorial Hall","ORIGIN II","1392","ACE VOLLEY","","Mathioudakis, Lykourgos","1928588","0","-30","7","1","0","45.5","12","12","0","0","-100","12","8","0","4","0","0","34","17","50","3","9","0","0","23","0","0","0","0","0","0","0","-65","","0","0","0","0","0","0","0","23","0","0","0","0","0","0","45.5","44","0","0","0","0","0","0","0","0","2","0","0","2","0","0","8","0","0","8","0","0","0","0","0","0","0","0","2","0","0","2","0","0","0","0","0","0","0","0","0","0","0","0","0","0","0","0","0","0","0","0","0","0","0","1","0","1","0","0","0","clan-bulk-1.2","0","0","0"
"liga_klanow_2_1","⭐ Nati ⭐ 1995 ⭐  ∞  ⭐ vs ACE VOLLEY 3:0","1297862","2026-09-18 19:00","Nati Memorial Hall","ORIGIN II","1392","ACE VOLLEY","","Tolentino, Demétrio","1928409","10","6","5","0","0","61.4","21","4","10","48","29","3","2","0","1","0","0","0","0","0","0","0","0","8","26","0","0","0","0","0","0","0","19.8","","0","0","0","0","0","0","8","26","0","1","7","0","0","1","61.4","56.4","1","0","0","0","2","3","0","0","1","0","0","1","0","0","0","0","0","0","8","0","3","1","5","17","0","0","0","0","0","0","0","0","0","0","0","0","0","0","0","0","0","0","0","0","0","0","0","0","0","0","0","0","0","3","3","3","3","0","0","clan-bulk-1.2","0","0","0"
"liga_klanow_2_1","⭐ Nati ⭐ 1995 ⭐  ∞  ⭐ vs ACE VOLLEY 3:0","1297862","2026-09-18 19:00","Nati Memorial Hall","ORIGIN II","1392","ACE VOLLEY","","Cariolaro, Edoardo","2139449","1","1","4","0","0","61.7","3","0","1","33","33","18","9","0","9","0","0","0","0","0","0","0","0","4","25","0","0","0","0","0","0","0","2","","0","0","0","0","0","0","4","25","0","0","4","0","0","0","61.7","56.1","0","0","0","0","0","0","0","0","0","0","0","0","1","0","0","0","1","2","0","0","0","0","0","0","0","0","0","0","1","1","0","0","0","0","0","0","0","0","0","0","0","0","0","0","0","0","0","0","0","0","0","0","0","1","0","1","0","0","0","clan-bulk-1.2","0","0","0"
"liga_klanow_2_1","⭐ Nati ⭐ 1995 ⭐  ∞  ⭐ vs ACE VOLLEY 3:0","1297862","2026-09-18 19:00","Nati Memorial Hall","ORIGIN II","1392","ACE VOLLEY","","Pohl, Mikołaj","1865746","3","-1","4","0","1","109.8","7","4","1","14","-43","7","5","0","2","1","14","22","0","100","7","32","1","6","22","0","0","0","0","0","0","0","14","","1","1","0","0","0","0","6","22","1","0","6","0","0","0","109.8","89.6","0","0","0","0","0","0","0","0","0","0","0","0","0","1","2","0","0","3","0","0","0","0","0","0","0","0","1","1","2","4","0","0","0","0","0","0","0","0","0","0","0","0","0","0","0","0","0","0","0","0","0","0","0","2","0","2","1","0","0","clan-bulk-1.2","0","0","0"
"liga_klanow_2_1","⭐ Nati ⭐ 1995 ⭐  ∞  ⭐ vs ACE VOLLEY 3:0","1297862","2026-09-18 19:00","Nati Memorial Hall","ORIGIN II","1392","ACE VOLLEY","","Philippe, Florian","1950430","5","1","5","0","0","69.7","13","4","5","38","8","2","1","0","1","1","50","0","0","0","0","0","0","12","19","0","0","0","0","0","0","0","6","","0","0","0","0","0","0","12","19","0","0","11","0","0","1","69.7","64.8","1","0","2","0","0","3","1","0","0","0","0","1","0","0","0","0","0","0","3","0","2","0","4","9","0","0","0","0","0","0","0","0","0","0","0","0","0","0","0","0","0","0","0","0","0","0","0","0","0","0","0","0","0","3","1","3","1","0","0","clan-bulk-1.2","0","0","0"
"liga_klanow_2_1","⭐ Nati ⭐ 1995 ⭐  ∞  ⭐ vs ACE VOLLEY 3:0","1297862","2026-09-18 19:00","Nati Memorial Hall","ORIGIN II","1392","ACE VOLLEY","","Chakúrov, Dancho","1745143","0","0","0","0","0","0","0","0","0","0","0","12","6","1","6","1","17","12","0","100","4","33","0","0","0","0","1","1","0","0","1","0","7.6","","1","2","0","0","0","0","0","0","0","0","0","0","0","0","0","0","0","0","0","0","0","0","0","0","0","0","0","0","0","0","0","0","0","0","0","0","0","0","0","0","0","0","0","0","0","0","0","1","0","0","0","1","0","0","0","0","0","0","0","0","0","0","0","0","0","0","0","0","0","0","0","0","0","0","0","clan-bulk-1.2","0","0","0"
"liga_klanow_2_1","PGE Bubisie Bździochy vs VK Dejvid 3:0","1297863","2026-09-18 19:00","Bździochy Arena","POLSKIE ORLY","1392","PGE Bubisie Bździochy","","Szymczyk, Mateusz","1951172","3","2","7","1","0","56.4","0","0","0","0","0","6","5","3","1","1","67","0","0","0","0","0","3","10","18","11","2","25","5","12","6","2","10.8","{""sets"":[{""h"":25,""a"":14},{""h"":25,""a"":10},{""h"":25,""a"":11}],""parsedSets"":[{""rallies"":[{""type"":""end"",""score"":""25 : 14"",""txt"":""Koniec seta 1 : 0""},{""type"":""end"",""score"":""25 : 14"",""txt"":""Koniec seta 1 : 0""},{""type"":""rally"",""score"":""25 : 14"",""speed"":""57.7 km/h"",""res"":""Punkt: J. Borowiec""},{""type"":""rally"",""score"":""24 : 14"",""speed"":""70.5 km/h"",""res"":""Błąd: R. Brößler""},{""type"":""rally"",""score"":""23 : 14"",""speed"":""-"",""res"":""Błąd: H. Misiak""},{""type"":""rally"",""score"":""23 : 13"",""speed"":""49.9 km/h"",""res"":""Punkt: M. Kowacz""},{""type"":""rally"",""score"":""22 : 13"",""speed"":""80.0 km/h"",""res"":""Punkt: T. Rudkowski""},{""type"":""rally"",""score"":""21 : 13"",""speed"":""81.4 km/h"",""res"":""Punkt: J. Borsuk""},{""type"":""rally"",""score"":""21 : 12"",""speed"":""-"",""res"":""Błąd: R. Krzyżanowski""},{""type"":""rally"",""score"":""21 : 11"",""speed"":""67.6 km/h"",""res"":""Punkt: M. Kowacz""},{""type"":""rally"",""score"":""20 : 11"",""speed"":""51.0 km/h"",""res"":""Punkt: R. Krzyżanowski""},{""type"":""rally"",""score"":""19 : 11"",""speed"":""56.0 km/h"",""res"":""Punkt: M. Kowacz""},{""type"":""rally"",""score"":""18 : 11"",""speed"":""58.2 km/h"",""res"":""Punkt: J. Borsuk""},{""type"":""rally"",""score"":""18 : 10"",""speed"":""47.4 km/h"",""res"":""Punkt: D. Mokrzycki""},{""type"":""rally"",""score"":""18 : 9"",""speed"":""46.8 km/h"",""res"":""Punkt: R. Krzyżanowski""},{""type"":""rally"",""score"":""17 : 9"",""speed"":""68.8 km/h"",""res"":""Punkt: R. Krzyżanowski""},{""type"":""tmo"",""score"":""16 : 9"",""txt"":""Czas: ""},{""type"":""rally"",""score"":""16 : 9"",""speed"":""68.7 km/h"",""res"":""Błąd: J. Borsuk""},{""type"":""rally"",""score"":""15 : 9"",""speed"":""-"",""res"":""Błąd: R. Brößler""},{""type"":""rally"",""score"":""14 : 9"",""speed"":""53.8 km/h"",""res"":""Punkt: J. Borsuk""},{""type"":""rally"",""score"":""14 : 8"",""speed"":""58.2 km/h"",""res"":""Punkt: G. Sabatier""},{""type"":""chg"",""score"":""13 : 8"",""txt"":""Zmiana: R. Krzyżanowski ⇄ M. Noga""},{""type"":""rally"",""score"":""13 : 8"",""speed"":""53.4 km/h"",""res"":""Punkt: R. Brößler""},{""type"":""rally"",""score"":""13 : 7"",""speed"":""49.7 km/h"",""res"":""Punkt: J. Borsuk""},{""type"":""tmo"",""score"":""13 : 6"",""txt"":""Czas: VK Dejvid""},{""type"":""rally"",""score"":""13 : 6"",""speed"":""68.0 km/h"",""res"":""Punkt: G. Sabatier""},{""type"":""rally"",""score"":""12 : 6"",""speed"":""55.7 km/h"",""res"":""Punkt: G. Sabatier""},{""type"":""rally"",""score"":""11 : 6"",""speed"":""45.7 km/h"",""res"":""Punkt: G. Sabatier""},{""type"":""chg"",""score"":""10 : 6"",""txt"":""Zmiana: M. Noga ⇄ R. Krzyżanowski""},{""type"":""rally"",""score"":""10 : 6"",""speed"":""51.6 km/h"",""res"":""Punkt: I. Dramchev""},{""type"":""chg"",""score"":""10 : 5"",""txt"":""Zmiana: L. Shuangwen ⇄ J. Chongning""},{""type"":""chg"",""score"":""10 : 5"",""txt"":""Zmiana: T. Rudkowski ⇄ M. Szymczyk""},{""type"":""rally"",""score"":""10 : 5"",""speed"":""65.6 km/h"",""res"":""Punkt: M. Kowacz""},{""type"":""rally"",""score"":""9 : 5"",""speed"":""-"",""res"":""Błąd: H. Misiak""},{""type"":""rally"",""score"":""9 : 4"",""speed"":""-"",""res"":""Błąd: J. Borsuk""},{""type"":""rally"",""score"":""8 : 4"",""speed"":""65.6 km/h"",""res"":""Punkt: I. Dramchev""},{""type"":""tmo"",""score"":""8 : 3"",""txt"":""Czas: ""},{""type"":""rally"",""score"":""8 : 3"",""speed"":""46.9 km/h"",""res"":""Punkt: H. Misiak""},{""type"":""rally"",""score"":""7 : 3"",""speed"":""47.1 km/h"",""res"":""Punkt: J. Borsuk""},{""type"":""rally"",""score"":""7 : 2"",""speed"":""65.4 km/h"",""res"":""Punkt: M. Kowacz""},{""type"":""rally"",""score"":""6 : 2"",""speed"":""53.4 km/h"",""res"":""Punkt: R. Krzyżanowski""},{""type"":""rally"",""score"":""5 : 2"",""speed"":""51.0 km/h"",""res"":""Błąd: J. Chongning""},{""type"":""rally"",""score"":""5 : 1"",""speed"":""61.0 km/h"",""res"":""Punkt: G. Sabatier""},{""type"":""rally"",""score"":""4 : 1"",""speed"":""47.0 km/h"",""res"":""Punkt: I. Dramchev""},{""type"":""rally"",""score"":""4 : 0"",""speed"":""51.5 km/h"",""res"":""Punkt: R. Krzyżanowski""},{""type"":""rally"",""score"":""3 : 0"",""speed"":""50.3 km/h"",""res"":""Błąd: I. Dramchev""},{""type"":""rally"",""score"":""2 : 0"",""speed"":""56.4 km/h"",""res"":""Błąd: P. Broński""},{""type"":""rally"",""score"":""1 : 0"",""speed"":""53.7 km/h"",""res"":""Punkt: R. Krzyżanowski""}]},{""rallies"":[{""type"":""end"",""score"":""25 : 10"",""txt"":""Koniec seta 2 : 0""},{""type"":""end"",""score"":""25 : 10"",""txt"":""Koniec seta 2 : 0""},{""type"":""rally"",""score"":""25 : 10"",""speed"":""66.9 km/h"",""res"":""Punkt: M. Kowacz""},{""type"":""rally"",""score"":""24 : 10"",""speed"":""57.5 km/h"",""res"":""Punkt: I. Dramchev""},{""type"":""rally"",""score"":""24 : 9"",""speed"":""61.6 km/h"",""res"":""Punkt: J. Borsuk""},{""type"":""rally"",""score"":""24 : 8"",""speed"":""68.6 km/h"",""res"":""Punkt: M. Kowacz""},{""type"":""rally"",""score"":""23 : 8"",""speed"":""69.5 km/h"",""res"":""Punkt: R. Krzyżanowski""},{""type"":""rally"",""score"":""22 : 8"",""speed"":""75.8 km/h"",""res"":""Punkt: R. Krzyżanowski""},{""type"":""rally"",""score"":""21 : 8"",""speed"":""55.9 km/h"",""res"":""Punkt: R. Brößler""},{""type"":""rally"",""score"":""21 : 7"",""speed"":""50.4 km/h"",""res"":""Punkt: R. Krzyżanowski""},{""type"":""rally"",""score"":""20 : 7"",""speed"":""60.6 km/h"",""res"":""Punkt: G. Sabatier""},{""type"":""rally"",""score"":""19 : 7"",""speed"":""50.6 km/h"",""res"":""Punkt: P. Broński""},{""type"":""rally"",""score"":""19 : 6"",""speed"":""41.0 km/h"",""res"":""Punkt: R. Krzyżanowski""},{""type"":""tmo"",""score"":""18 : 6"",""txt"":""Czas: VK Dejvid""},{""type"":""rally"",""score"":""18 : 6"",""speed"":""47.2 km/h"",""res"":""Punkt: G. Sabatier""},{""type"":""rally"",""score"":""17 : 6"",""speed"":""46.5 km/h"",""res"":""Błąd: P. Broński""},{""type"":""tmo"",""score"":""16 : 6"",""txt"":""Czas: ""},{""type"":""rally"",""score"":""16 : 6"",""speed"":""55.9 km/h"",""res"":""Punkt: R. Krzyżanowski""},{""type"":""rally"",""score"":""15 : 6"",""speed"":""66.9 km/h"",""res"":""Błąd: R. Krzyżanowski""},{""type"":""rally"",""score"":""15 : 5"",""speed"":""61.0 km/h"",""res"":""Punkt: G. Sabatier""},{""type"":""rally"",""score"":""14 : 5"",""speed"":""68.8 km/h"",""res"":""Punkt: G. Sabatier""},{""type"":""rally"",""score"":""13 : 5"",""speed"":""42.2 km/h"",""res"":""Punkt: D. Mokrzycki""},{""type"":""rally"",""score"":""13 : 4"",""speed"":""57.8 km/h"",""res"":""Punkt: J. Borowiec""},{""type"":""rally"",""score"":""12 : 4"",""speed"":""58.5 km/h"",""res"":""Punkt: J. Borowiec""},{""type"":""rally"",""score"":""11 : 4"",""speed"":""-"",""res"":""Błąd: H. Misiak""},{""type"":""rally"",""score"":""11 : 3"",""speed"":""54.3 km/h"",""res"":""Punkt: M. Kowacz""},{""type"":""chg"",""score"":""10 : 3"",""txt"":""Zmiana: L. Shuangwen ⇄ J. Chongning""},{""type"":""chg"",""score"":""10 : 3"",""txt"":""Zmiana: T. Rudkowski ⇄ M. Szymczyk""},{""type"":""rally"",""score"":""10 : 3"",""speed"":""54.3 km/h"",""res"":""Punkt: M. Kowacz""},{""type"":""rally"",""score"":""9 : 3"",""speed"":""52.3 km/h"",""res"":""Błąd: I. Dramchev""},{""type"":""rally"",""score"":""8 : 3"",""speed"":""70.2 km/h"",""res"":""Punkt: D. Mokrzycki""},{""type"":""tmo"",""score"":""8 : 2"",""txt"":""Czas: ""},{""type"":""rally"",""score"":""8 : 2"",""speed"":""59.2 km/h"",""res"":""Punkt: M. Szymczyk""},{""type"":""rally"",""score"":""7 : 2"",""speed"":""53.6 km/h"",""res"":""Błąd: D. Mokrzycki""},{""type"":""rally"",""score"":""6 : 2"",""speed"":""46.5 km/h"",""res"":""Błąd: D. Mokrzycki""},{""type"":""rally"",""score"":""5 : 2"",""speed"":""55.8 km/h"",""res"":""Punkt: M. Kowacz""},{""type"":""rally"",""score"":""4 : 2"",""speed"":""45.4 km/h"",""res"":""Punkt: R. Brößler""},{""type"":""chg"",""score"":""4 : 1"",""txt"":""Zmiana: T. Smoliński ⇄ J. Gomide""},{""type"":""rally"",""score"":""4 : 1"",""speed"":""52.8 km/h"",""res"":""Błąd: R. Brößler""},{""type"":""chg"",""score"":""3 : 1"",""txt"":""Zmiana: J. Gomide ⇄ T. Smoliński""},{""type"":""rally"",""score"":""3 : 1"",""speed"":""52.3 km/h"",""res"":""Punkt: I. Dramchev""},{""type"":""chg"",""score"":""3 : 0"",""txt"":""Zmiana: R. Brößler ⇄ G. Czapiewski""},{""type"":""chg"",""score"":""3 : 0"",""txt"":""Zmiana: P. Broński ⇄ L. Meinhardt""},{""type"":""rally"",""score"":""3 : 0"",""speed"":""42.7 km/h"",""res"":""Błąd: I. Dramchev""},{""type"":""chg"",""score"":""2 : 0"",""txt"":""Zmiana: L. Meinhardt ⇄ P. Broński""},{""type"":""chg"",""score"":""2 : 0"",""txt"":""Zmiana: G. Czapiewski ⇄ R. Brößler""},{""type"":""rally"",""score"":""2 : 0"",""speed"":""41.1 km/h"",""res"":""Punkt: G. Sabatier""},{""type"":""rally"",""score"":""1 : 0"",""speed"":""67.0 km/h"",""res"":""Punkt: G. Sabatier""}]},{""rallies"":[{""type"":""end"",""score"":""25 : 11"",""txt"":""Koniec seta 3 : 0""},{""type"":""end"",""score"":""25 : 11"",""txt"":""Koniec seta 3 : 0""},{""type"":""rally"",""score"":""25 : 11"",""speed"":""55.8 km/h"",""res"":""Punkt: G. Sabatier""},{""type"":""rally"",""score"":""24 : 11"",""speed"":""61.5 km/h"",""res"":""Punkt: G. Sabatier""},{""type"":""rally"",""score"":""23 : 11"",""speed"":""54.5 km/h"",""res"":""Błąd: P. Broński""},{""type"":""rally"",""score"":""22 : 11"",""speed"":""51.8 km/h"",""res"":""Punkt: R. Krzyżanowski""},{""type"":""rally"",""score"":""21 : 11"",""speed"":""58.1 km/h"",""res"":""Punkt: R. Krzyżanowski""},{""type"":""rally"",""score"":""20 : 11"",""speed"":""51.0 km/h"",""res"":""Punkt: G. Sabatier""},{""type"":""chg"",""score"":""19 : 11"",""txt"":""Zmiana: T. Smoliński ⇄ J. Gomide""},{""type"":""rally"",""score"":""19 : 11"",""speed"":""59.8 km/h"",""res"":""Punkt: G. Sabatier""},{""type"":""rally"",""score"":""18 : 11"",""speed"":""49.6 km/h"",""res"":""Punkt: R. Krzyżanowski""},{""type"":""rally"",""score"":""17 : 11"",""speed"":""48.8 km/h"",""res"":""Punkt: T. Rudkowski""},{""type"":""rally"",""score"":""16 : 11"",""speed"":""64.1 km/h"",""res"":""Punkt: I. Dramchev""},{""type"":""rally"",""score"":""16 : 10"",""speed"":""-"",""res"":""Błąd: M. Kowacz""},{""type"":""tmo"",""score"":""16 : 9"",""txt"":""Czas: ""},{""type"":""rally"",""score"":""16 : 9"",""speed"":""56.6 km/h"",""res"":""Punkt: T. Rudkowski""},{""type"":""chg"",""score"":""15 : 9"",""txt"":""Zmiana: J. Gomide ⇄ T. Smoliński""},{""type"":""rally"",""score"":""15 : 9"",""speed"":""49.6 km/h"",""res"":""Punkt: J. Borowiec""},{""type"":""rally"",""score"":""14 : 9"",""speed"":""50.4 km/h"",""res"":""Punkt: G. Sabatier""},{""type"":""chg"",""score"":""13 : 9"",""txt"":""Zmiana: R. Krzyżanowski ⇄ M. Noga""},{""type"":""rally"",""score"":""13 : 9"",""speed"":""51.9 km/h"",""res"":""Punkt: G. Sabatier""},{""type"":""rally"",""score"":""12 : 9"",""speed"":""65.4 km/h"",""res"":""Punkt: M. Kowacz""},{""type"":""rally"",""score"":""11 : 9"",""speed"":""51.7 km/h"",""res"":""Punkt: I. Dramchev""},{""type"":""tmo"",""score"":""11 : 8"",""txt"":""Czas: PGE Bubisie Bździochy""},{""type"":""rally"",""score"":""11 : 8"",""speed"":""73.4 km/h"",""res"":""Punkt: D. Mokrzycki""},{""type"":""rally"",""score"":""11 : 7"",""speed"":""71.3 km/h"",""res"":""Punkt: R. Brößler""},{""type"":""chg"",""score"":""11 : 6"",""txt"":""Zmiana: M. Noga ⇄ R. Krzyżanowski""},{""type"":""rally"",""score"":""11 : 6"",""speed"":""62.9 km/h"",""res"":""Punkt: J. Borsuk""},{""type"":""rally"",""score"":""11 : 5"",""speed"":""49.2 km/h"",""res"":""Punkt: J. Borowiec""},{""type"":""chg"",""score"":""10 : 5"",""txt"":""Zmiana: L. Shuangwen ⇄ J. Chongning""},{""type"":""chg"",""score"":""10 : 5"",""txt"":""Zmiana: T. Rudkowski ⇄ M. Szymczyk""},{""type"":""rally"",""score"":""10 : 5"",""speed"":""57.8 km/h"",""res"":""Punkt: M. Kowacz""},{""type"":""tmo"",""score"":""9 : 5"",""txt"":""Czas: VK Dejvid""},{""type"":""rally"",""score"":""9 : 5"",""speed"":""53.9 km/h"",""res"":""Punkt: M. Szymczyk""},{""type"":""tmo"",""score"":""8 : 5"",""txt"":""Czas: ""},{""type"":""rally"",""score"":""8 : 5"",""speed"":""46.1 km/h"",""res"":""Punkt: J. Borowiec""},{""type"":""rally"",""score"":""7 : 5"",""speed"":""47.6 km/h"",""res"":""Punkt: J. Borowiec""},{""type"":""rally"",""score"":""6 : 5"",""speed"":""66.6 km/h"",""res"":""Punkt: H. Misiak""},{""type"":""rally"",""score"":""5 : 5"",""speed"":""78.7 km/h"",""res"":""Punkt: J. Borsuk""},{""type"":""rally"",""score"":""5 : 4"",""speed"":""58.0 km/h"",""res"":""Błąd: M. Kowacz""},{""type"":""rally"",""score"":""5 : 3"",""speed"":""54.2 km/h"",""res"":""Punkt: M. Szymczyk""},{""type"":""rally"",""score"":""4 : 3"",""speed"":""58.3 km/h"",""res"":""Punkt: H. Misiak""},{""type"":""rally"",""score"":""3 : 3"",""speed"":""66.8 km/h"",""res"":""Punkt: J. Borsuk""},{""type"":""rally"",""score"":""3 : 2"",""speed"":""74.2 km/h"",""res"":""Punkt: R. Krzyżanowski""},{""type"":""rally"",""score"":""2 : 2"",""speed"":""49.4 km/h"",""res"":""Punkt: R. Brößler""},{""type"":""chg"",""score"":""2 : 1"",""txt"":""Zmiana: J. Borsuk ⇄ L. Meinhardt""},{""type"":""rally"",""score"":""2 : 1"",""speed"":""-"",""res"":""Błąd: P. Broński""},{""type"":""chg"",""score"":""1 : 1"",""txt"":""Zmiana: I. Dramchev ⇄ A. Henriques""},{""type"":""rally"",""score"":""1 : 1"",""speed"":""-"",""res"":""Błąd: M. Szymczyk""},{""type"":""chg"",""score"":""1 : 0"",""txt"":""Zmiana: A. Henriques ⇄ I. Dramchev""},{""type"":""chg"",""score"":""1 : 0"",""txt"":""Zmiana: L. Meinhardt ⇄ J. Borsuk""},{""type"":""rally"",""score"":""1 : 0"",""speed"":""49.4 km/h"",""res"":""Punkt: R. Krzyżanowski""}]}]}","1","1","0","0","0","0","10","18","3","2","8","0","0","2","56.4","51.4","0","0","0","0","0","0","0","0","0","0","0","0","0","0","0","0","0","0","0","0","0","0","0","0","0","0","0","0","0","0","11","2","0","1","11","25","0","0","0","0","0","3","0","0","0","0","0","1","0","0","0","0","0","2","0","1","3","0","0","clan-bulk-1.2","0","0","0"
"liga_klanow_2_1","PGE Bubisie Bździochy vs VK Dejvid 3:0","1297863","2026-09-18 19:00","Bździochy Arena","POLSKIE ORLY","1392","PGE Bubisie Bździochy","","Borowiec, Jakub","2087683","7","3","10","0","0","53.8","7","1","1","14","0","13","10","7","3","0","54","16","3","81","4","25","6","28","55","0","0","0","0","0","0","0","24.9","","0","0","0","0","0","0","28","55","6","0","28","0","0","0","53.8","47.6","0","0","1","0","3","4","0","0","0","0","0","0","1","0","0","0","1","2","0","0","0","0","0","0","0","0","0","0","1","1","0","0","0","0","0","0","3","6","3","1","13","7","0","0","0","0","0","0","0","0","0","0","0","3","1","2","4","0","0","clan-bulk-1.2","0","0","0"
"liga_klanow_2_1","PGE Bubisie Bździochy vs VK Dejvid 3:0","1297863","2026-09-18 19:00","Bździochy Arena","POLSKIE ORLY","1392","PGE Bubisie Bździochy","","Sabatier, Guillaume","1865707","17","15","10","0","0","68.8","19","2","9","47","37","3","2","1","1","1","67","0","0","0","0","0","8","44","61","0","1","1","0","1","0","0","47.6","","0","0","0","0","0","0","44","61","8","1","42","0","0","2","68.8","56.3","1","0","1","0","3","5","1","0","1","0","0","2","0","0","0","0","0","0","7","0","0","0","5","12","0","0","0","0","0","0","0","1","0","0","0","1","0","0","0","0","0","1","0","0","0","0","0","1","0","0","0","0","0","3","5","6","6","0","0","clan-bulk-1.2","0","0","0"
"liga_klanow_2_1","PGE Bubisie Bździochy vs VK Dejvid 3:0","1297863","2026-09-18 19:00","Bździochy Arena","POLSKIE ORLY","1392","PGE Bubisie Bździochy","","Krzyżanowski, Rafał","1903500","18","14","13","1","2","70.2","21","3","11","52","38","4","2","2","2","1","75","0","0","0","0","0","5","32","52","0","0","0","0","0","0","0","47.1","","1","2","0","0","0","0","32","52","5","1","30","0","1","2","70.2","60.5","0","0","0","0","1","1","0","1","0","2","0","3","9","0","2","0","5","16","0","0","0","0","0","0","0","0","0","0","1","1","0","0","0","0","0","0","0","0","0","0","0","2","0","0","0","0","0","1","0","0","0","0","0","3","7","6","5","0","0","clan-bulk-1.2","0","0","0"
"liga_klanow_2_1","PGE Bubisie Bździochy vs VK Dejvid 3:0","1297863","2026-09-18 19:00","Bździochy Arena","POLSKIE ORLY","1392","PGE Bubisie Bździochy","","Misiak, Hubert","1903501","4","-1","12","3","0","62.9","12","1","4","33","25","9","9","9","0","0","100","14","1","93","7","50","0","32","50","0","0","0","0","0","0","0","21.7","","0","0","0","0","0","0","32","50","0","0","30","0","0","2","62.9","52.9","0","0","0","0","0","0","0","0","0","1","0","1","3","0","1","0","6","10","0","0","0","0","0","0","0","0","0","0","1","1","0","0","0","0","0","0","1","6","4","2","13","9","0","0","0","0","0","0","0","0","0","0","0","3","3","1","2","0","0","clan-bulk-1.2","0","0","0"
"liga_klanow_2_1","PGE Bubisie Bździochy vs VK Dejvid 3:0","1297863","2026-09-18 19:00","Bździochy Arena","POLSKIE ORLY","1392","PGE Bubisie Bździochy","","Kowacz, Mateusz","1976187","14","9","9","1","0","57.8","21","4","12","57","38","5","4","2","1","0","40","0","0","0","0","0","2","30","44","0","0","0","0","0","0","0","32.2","","0","0","0","0","0","0","30","44","2","1","28","0","0","2","57.8","52.2","0","0","0","0","1","1","0","0","3","1","0","4","0","0","0","0","0","0","10","1","0","1","4","16","0","0","0","0","0","0","0","0","0","0","0","0","0","0","0","0","0","2","0","0","0","0","0","0","0","0","0","0","0","3","5","5","4","0","0","clan-bulk-1.2","0","0","0"
"liga_klanow_2_1","PGE Bubisie Bździochy vs VK Dejvid 3:0","1297863","2026-09-18 19:00","Bździochy Arena","POLSKIE ORLY","1392","PGE Bubisie Bździochy","","Chongning, Jingbo","1976610","0","0","0","0","0","0","0","0","0","0","0","10","8","6","2","1","70","0","0","0","0","0","0","0","0","1","0","4","0","1","1","2","5.2","","1","1","0","0","0","0","0","0","0","0","0","0","0","0","0","0","0","0","0","0","0","0","0","0","0","0","0","0","0","0","0","0","0","0","0","0","0","0","0","0","0","0","0","0","0","0","1","0","1","0","2","4","0","0","0","0","0","6","0","0","0","0","0","2","0","0","0","0","0","0","1","0","0","0","0","clan-bulk-1.2","0","0","0"
"liga_klanow_2_1","PGE Bubisie Bździochy vs VK Dejvid 3:0","1297863","2026-09-18 19:00","Bździochy Arena","POLSKIE ORLY","1392","PGE Bubisie Bździochy","","Noga, Mikołaj","1950873","1","1","0","0","0","0","0","0","0","0","0","4","3","2","1","1","75","0","0","0","0","0","1","4","9","0","0","0","0","0","0","0","5","","0","0","0","0","0","0","4","9","0","0","3","1","0","1","0","0","0","0","0","0","0","0","0","0","0","0","0","0","0","0","0","0","0","0","0","0","0","0","0","0","0","0","0","0","0","0","0","0","0","0","0","0","0","0","0","0","0","2","0","0","0","0","0","1","0","0","0","0","0","0","0","0","0","0","0","clan-bulk-1.2","0","0","0"
"liga_klanow_2_1","PGE Bubisie Bździochy vs VK Dejvid 3:0","1297863","2026-09-18 19:00","Bździochy Arena","POLSKIE ORLY","1392","PGE Bubisie Bździochy","","Shuangwen, Long","2003028","0","0","0","0","0","0","0","0","0","0","0","13","11","8","2","2","77","3","0","100","1","33","0","0","0","0","0","3","1","0","1","1","8.8","","0","0","0","0","0","0","0","0","0","0","0","0","0","0","0","0","0","0","0","0","0","0","0","0","0","0","0","0","0","0","0","0","0","0","0","0","0","0","0","0","0","0","0","0","0","0","0","0","0","0","3","3","0","1","2","0","3","8","0","0","0","0","0","2","0","0","0","0","0","0","0","0","0","0","0","clan-bulk-1.2","0","0","0"
"liga_klanow_2_1","PGE Bubisie Bździochy vs VK Dejvid 3:0","1297863","2026-09-18 19:00","Bździochy Arena","POLSKIE ORLY","1392","PGE Bubisie Bździochy","","Rudkowski, Tadeusz","1950986","3","3","13","0","0","68","0","0","0","0","0","7","4","4","3","0","57","0","0","0","0","0","3","17","26","20","6","47","7","17","15","8","12.2","","0","0","0","0","0","0","17","26","3","0","17","0","0","0","68","57.2","0","0","0","0","0","0","0","0","0","0","0","0","0","0","0","0","0","0","0","0","0","0","0","0","0","0","0","0","0","0","20","6","4","1","16","47","0","0","0","0","0","4","0","0","0","0","0","0","0","0","0","0","0","2","1","0","2","0","0","clan-bulk-1.2","0","0","0"
"liga_klanow_2_1","PGE Bubisie Bździochy vs VK Dejvid 3:0","1297863","2026-09-18 19:00","Bździochy Arena","ORIGIN II","1392","VK Dejvid","","Smoliński, Tadeusz","1949638","0","0","3","0","0","67","0","0","0","0","0","17","12","7","5","0","41","0","0","0","0","0","0","18","34","15","23","93","11","21","34","27","5.6","","0","0","0","0","0","0","18","34","0","1","12","0","0","6","67","56.2","0","0","0","0","0","0","0","0","0","0","0","0","0","0","0","0","0","0","0","0","0","0","0","0","0","0","0","0","0","0","15","23","5","7","43","93","0","0","0","0","0","0","0","0","0","0","0","0","0","0","0","0","0","0","0","0","0","0","0","clan-bulk-1.2","0","0","0"
"liga_klanow_2_1","PGE Bubisie Bździochy vs VK Dejvid 3:0","1297863","2026-09-18 19:00","Bździochy Arena","ORIGIN II","1392","VK Dejvid","","Broński, Piotr","1865806","1","-15","6","1","0","61","26","13","1","4","-46","16","9","5","7","4","56","44","2","95","7","16","0","19","44","0","0","0","0","0","0","0","-6.5","","1","1","0","0","0","0","19","44","0","0","13","0","1","6","61","57.2","0","1","1","0","0","2","0","0","4","0","1","5","1","2","5","0","10","18","0","0","0","0","0","0","0","0","0","0","1","1","0","0","0","0","0","0","0","0","0","0","0","0","0","0","0","0","0","0","0","0","0","0","0","3","1","2","2","0","0","clan-bulk-1.2","0","0","0"
"liga_klanow_2_1","PGE Bubisie Bździochy vs VK Dejvid 3:0","1297863","2026-09-18 19:00","Bździochy Arena","ORIGIN II","1392","VK Dejvid","","Brößler, Rick","2087756","8","4","5","1","0","75.8","18","3","5","28","11","7","2","1","5","0","14","0","0","0","0","0","3","32","49","0","0","0","0","0","0","0","16.5","","0","0","0","0","0","0","32","49","2","2","24","1","1","8","75.8","64.8","0","1","0","0","1","2","0","0","0","1","0","1","0","0","0","0","0","0","3","0","2","1","9","15","0","0","0","0","0","0","0","0","0","0","0","0","0","0","0","0","0","0","0","0","0","0","0","0","0","0","0","0","0","3","3","3","2","0","0","clan-bulk-1.2","0","0","0"
"liga_klanow_2_1","PGE Bubisie Bździochy vs VK Dejvid 3:0","1297863","2026-09-18 19:00","Bździochy Arena","ORIGIN II","1392","VK Dejvid","","Dramchev, Iliyan","1926989","7","-3","7","0","1","66.9","27","10","4","15","-22","16","8","2","8","1","19","0","0","0","0","0","2","19","46","0","0","0","0","0","0","0","-0.4","","1","1","0","0","0","0","19","46","2","0","16","0","0","3","66.9","56.6","0","0","0","0","1","1","0","1","4","0","3","8","1","0","3","0","7","11","0","0","0","0","0","0","3","1","1","0","2","7","0","0","0","0","0","0","0","0","0","0","0","0","0","0","0","0","0","0","0","0","0","0","0","3","4","4","2","0","0","clan-bulk-1.2","0","0","0"
"liga_klanow_2_1","PGE Bubisie Bździochy vs VK Dejvid 3:0","1297863","2026-09-18 19:00","Bździochy Arena","ORIGIN II","1392","VK Dejvid","","Borsuk, Józef","2002636","13","5","6","1","2","80","25","7","9","36","8","18","6","2","12","7","50","10","0","100","2","20","2","10","36","0","0","0","0","0","0","0","29.3","","4","5","0","0","0","0","10","36","2","0","9","0","0","1","81.4","73","1","0","1","0","1","3","0","0","3","0","1","4","3","1","2","4","6","16","0","0","0","0","0","0","1","0","0","0","1","2","0","0","0","0","0","0","0","0","0","0","0","0","0","0","0","0","0","0","0","0","0","0","0","3","7","1","3","0","0","clan-bulk-1.2","0","0","0"
"liga_klanow_2_1","PGE Bubisie Bździochy vs VK Dejvid 3:0","1297863","2026-09-18 19:00","Bździochy Arena","ORIGIN II","1392","VK Dejvid","","Mokrzycki, Daniel","1974502","5","1","7","0","1","71.3","9","4","2","22","-22","3","1","0","2","1","33","0","0","0","0","0","2","18","31","0","0","0","0","0","0","0","7.4","","0","0","0","0","0","0","18","31","1","0","13","1","0","5","73.4","66.7","0","1","0","0","0","1","0","0","1","0","0","1","0","0","0","0","0","0","2","1","1","0","3","7","0","0","0","0","0","0","0","0","0","0","0","0","0","0","0","0","0","0","0","0","0","0","0","0","0","0","0","0","0","3","1","4","1","0","0","clan-bulk-1.2","0","0","0"
"liga_klanow_2_1","PGE Bubisie Bździochy vs VK Dejvid 3:0","1297863","2026-09-18 19:00","Bździochy Arena","ORIGIN II","1392","VK Dejvid","","Herbolzheim, Oliver","1975272","0","0","0","0","0","0","0","0","0","0","0","22","17","7","5","1","36","14","0","100","1","7","0","0","0","0","2","8","0","3","2","3","12","","1","1","0","0","0","0","0","0","0","0","0","0","0","0","0","0","0","0","0","0","0","0","0","0","0","0","0","0","0","0","0","0","0","0","0","0","0","0","0","0","0","0","0","0","0","0","0","2","1","1","4","8","0","0","0","0","0","0","0","0","0","0","0","0","0","0","0","0","0","0","0","0","0","0","0","clan-bulk-1.2","0","0","0"
"liga_klanow_2_1","PGE Bubisie Bździochy vs VK Dejvid 3:0","1297863","2026-09-18 19:00","Bździochy Arena","ORIGIN II","1392","VK Dejvid","","Gomide, Jorge","1686267","0","0","2","0","0","64.1","0","0","0","0","0","1","0","0","1","1","100","0","0","0","0","0","0","0","0","0","3","4","0","0","1","3","0.4","","1","1","0","0","0","0","0","0","0","0","0","0","0","0","64.1","56.4","0","0","0","0","0","0","0","0","0","0","0","0","0","0","0","0","0","0","0","0","0","0","0","0","0","0","0","0","0","0","0","3","0","1","0","4","0","0","0","0","0","0","0","0","0","0","0","0","0","0","0","0","0","0","0","0","0","0","0","clan-bulk-1.2","0","0","0"
"liga_klanow_2_1","PGE Bubisie Bździochy vs VK Dejvid 3:0","1297863","2026-09-18 19:00","Bździochy Arena","ORIGIN II","1392","VK Dejvid","","Czapiewski, Grzegorz","1949204","0","0","0","0","0","0","0","0","0","0","0","0","0","0","0","0","0","0","0","0","0","0","0","0","0","0","0","0","0","0","0","0","0","","0","0","0","0","0","0","0","0","0","0","0","0","0","0","0","0","0","0","0","0","0","0","0","0","0","0","0","0","0","0","0","0","0","0","0","0","0","0","0","0","0","0","0","0","0","0","0","0","0","0","0","0","0","0","0","0","0","0","0","0","0","0","0","0","0","0","0","0","0","0","0","0","0","0","0","clan-bulk-1.2","0","0","0"
"liga_klanow_2_1","PGE Bubisie Bździochy vs VK Dejvid 3:0","1297863","2026-09-18 19:00","Bździochy Arena","ORIGIN II","1392","VK Dejvid","","Meinhardt, Leif","2032593","0","0","0","0","0","0","0","0","0","0","0","0","0","0","0","0","0","0","0","0","0","0","0","0","0","0","0","0","0","0","0","0","0","","0","0","0","0","0","0","0","0","0","0","0","0","0","0","0","0","0","0","0","0","0","0","0","0","0","0","0","0","0","0","0","0","0","0","0","0","0","0","0","0","0","0","0","0","0","0","0","0","0","0","0","0","0","0","0","0","0","0","0","0","0","0","0","0","0","0","0","0","0","0","0","0","0","0","0","clan-bulk-1.2","0","0","0"
"liga_klanow_2_1","PGE Bubisie Bździochy vs VK Dejvid 3:0","1297863","2026-09-18 19:00","Bździochy Arena","ORIGIN II","1392","VK Dejvid","","Henriques, Angélico","2139715","0","0","0","0","0","0","0","0","0","0","0","0","0","0","0","0","0","0","0","0","0","0","0","0","0","0","0","0","0","0","0","0","0","","0","0","0","0","0","0","0","0","0","0","0","0","0","0","0","0","0","0","0","0","0","0","0","0","0","0","0","0","0","0","0","0","0","0","0","0","0","0","0","0","0","0","0","0","0","0","0","0","0","0","0","0","0","0","0","0","0","0","0","0","0","0","0","0","0","0","0","0","0","0","0","0","0","0","0","clan-bulk-1.2","0","0","0"
"liga_klanow_2_1","Projekt Warszawa vs Groszowice Soreide 1:3","1297864","2026-09-18 19:00","Torwar","Stara Gwardia","1393","Projekt Warszawa","","Yordanov, Stoyan","1684269","0","-1","8","1","0","54.8","0","0","0","0","0","13","5","3","8","0","23","0","0","0","0","0","0","15","54","30","22","110","9","25","50","26","1.4","{""sets"":[{""h"":25,""a"":20},{""h"":14,""a"":25},{""h"":14,""a"":25},{""h"":18,""a"":25}],""parsedSets"":[{""rallies"":[{""type"":""end"",""score"":""25 : 20"",""txt"":""Koniec seta 1 : 0""},{""type"":""end"",""score"":""25 : 20"",""txt"":""Koniec seta 1 : 0""},{""type"":""rally"",""score"":""25 : 20"",""speed"":""77.9 km/h"",""res"":""Punkt: A. Zawadzki""},{""type"":""rally"",""score"":""24 : 20"",""speed"":""80.4 km/h"",""res"":""Punkt: E. Teixidó""},{""type"":""rally"",""score"":""23 : 20"",""speed"":""99.5 km/h"",""res"":""Punkt: E. Teixidó""},{""type"":""rally"",""score"":""22 : 20"",""speed"":""81.0 km/h"",""res"":""Błąd: I. da Costa""},{""type"":""tmo"",""score"":""21 : 20"",""txt"":""Czas: Groszowice Soreide""},{""type"":""rally"",""score"":""21 : 20"",""speed"":""96.5 km/h"",""res"":""Punkt: A. Zawadzki""},{""type"":""rally"",""score"":""20 : 20"",""speed"":""72.6 km/h"",""res"":""Punkt: E. Teixidó""},{""type"":""rally"",""score"":""19 : 20"",""speed"":""49.9 km/h"",""res"":""Błąd: R. Koemets""},{""type"":""rally"",""score"":""18 : 20"",""speed"":""71.5 km/h"",""res"":""Punkt: I. da Costa""},{""type"":""rally"",""score"":""18 : 19"",""speed"":""44.6 km/h"",""res"":""Błąd: A. Zawadzki""},{""type"":""rally"",""score"":""18 : 18"",""speed"":""60.2 km/h"",""res"":""Punkt: A. Zawadzki""},{""type"":""rally"",""score"":""17 : 18"",""speed"":""-"",""res"":""Błąd: G. Górski""},{""type"":""rally"",""score"":""16 : 18"",""speed"":""59.7 km/h"",""res"":""Punkt: R. Koemets""},{""type"":""rally"",""score"":""16 : 17"",""speed"":""47.5 km/h"",""res"":""Punkt: I. Kulpa""},{""type"":""rally"",""score"":""16 : 16"",""speed"":""47.1 km/h"",""res"":""Punkt: B. Jędrychowski""},{""type"":""rally"",""score"":""15 : 16"",""speed"":""61.0 km/h"",""res"":""Punkt: A. Zawadzki""},{""type"":""tmo"",""score"":""14 : 16"",""txt"":""Czas: ""},{""type"":""rally"",""score"":""14 : 16"",""speed"":""69.2 km/h"",""res"":""Punkt: I. Kulpa""},{""type"":""rally"",""score"":""14 : 15"",""speed"":""49.0 km/h"",""res"":""Punkt: G. Górski""},{""type"":""rally"",""score"":""14 : 14"",""speed"":""59.5 km/h"",""res"":""Punkt: B. Jędrychowski""},{""type"":""rally"",""score"":""13 : 14"",""speed"":""-"",""res"":""Błąd: H. Chunxian""},{""type"":""rally"",""score"":""13 : 13"",""speed"":""49.8 km/h"",""res"":""Punkt: E. Teixidó""},{""type"":""rally"",""score"":""12 : 13"",""speed"":""-"",""res"":""Błąd: S. Yordanov""},{""type"":""rally"",""score"":""12 : 12"",""speed"":""48.4 km/h"",""res"":""Punkt: H. Chunxian""},{""type"":""rally"",""score"":""11 : 12"",""speed"":""58.0 km/h"",""res"":""Punkt: H. Chunxian""},{""type"":""rally"",""score"":""10 : 12"",""speed"":""94.5 km/h"",""res"":""Punkt: R. Koemets""},{""type"":""rally"",""score"":""10 : 11"",""speed"":""61.4 km/h"",""res"":""Punkt: A. Zawadzki""},{""type"":""rally"",""score"":""9 : 11"",""speed"":""62.5 km/h"",""res"":""Punkt: I. Kulpa""},{""type"":""rally"",""score"":""9 : 10"",""speed"":""63.0 km/h"",""res"":""Punkt: G. Guangpeng""},{""type"":""rally"",""score"":""8 : 10"",""speed"":""74.1 km/h"",""res"":""Punkt: G. Guangpeng""},{""type"":""rally"",""score"":""7 : 10"",""speed"":""53.1 km/h"",""res"":""Błąd: A. Zawadzki""},{""type"":""rally"",""score"":""7 : 9"",""speed"":""79.5 km/h"",""res"":""Punkt: I. Kulpa""},{""type"":""tmo"",""score"":""7 : 8"",""txt"":""Czas: ""},{""type"":""rally"",""score"":""7 : 8"",""speed"":""46.6 km/h"",""res"":""Punkt: R. Koemets""},{""type"":""rally"",""score"":""7 : 7"",""speed"":""-"",""res"":""Błąd: M. Kruk""},{""type"":""rally"",""score"":""6 : 7"",""speed"":""56.1 km/h"",""res"":""Punkt: G. Górski""},{""type"":""rally"",""score"":""6 : 6"",""speed"":""51.0 km/h"",""res"":""Punkt: A. Zawadzki""},{""type"":""rally"",""score"":""5 : 6"",""speed"":""64.7 km/h"",""res"":""Punkt: E. Teixidó""},{""type"":""rally"",""score"":""4 : 6"",""speed"":""64.7 km/h"",""res"":""Punkt: I. da Costa""},{""type"":""rally"",""score"":""4 : 5"",""speed"":""65.1 km/h"",""res"":""Błąd: M. Kruk""},{""type"":""rally"",""score"":""3 : 5"",""speed"":""49.1 km/h"",""res"":""Punkt: B. Jędrychowski""},{""type"":""rally"",""score"":""2 : 5"",""speed"":""53.0 km/h"",""res"":""Punkt: E. Teixidó""},{""type"":""tmo"",""score"":""1 : 5"",""txt"":""Czas: Projekt Warszawa""},{""type"":""rally"",""score"":""1 : 5"",""speed"":""51.9 km/h"",""res"":""Punkt: I. da Costa""},{""type"":""rally"",""score"":""1 : 4"",""speed"":""64.5 km/h"",""res"":""Punkt: I. da Costa""},{""type"":""rally"",""score"":""1 : 3"",""speed"":""57.6 km/h"",""res"":""Punkt: M. Kruk""},{""type"":""rally"",""score"":""1 : 2"",""speed"":""53.4 km/h"",""res"":""Punkt: G. Górski""},{""type"":""tmo"",""score"":""1 : 1"",""txt"":""Czas: Projekt Warszawa""},{""type"":""rally"",""score"":""1 : 1"",""speed"":""42.5 km/h"",""res"":""Punkt: I. da Costa""},{""type"":""chg"",""score"":""1 : 0"",""txt"":""Zmiana: R. Koemets ⇄ A. Skrzypczyński""},{""type"":""chg"",""score"":""1 : 0"",""txt"":""Zmiana: M. Kruk ⇄ P. Brzozowski""},{""type"":""chg"",""score"":""1 : 0"",""txt"":""Zmiana: A. Jeruzal ⇄ W. Janoś""},{""type"":""tmo"",""score"":""1 : 0"",""txt"":""Czas: Groszowice Soreide""},{""type"":""rally"",""score"":""1 : 0"",""speed"":""44.5 km/h"",""res"":""Punkt: E. Teixidó""}]},{""rallies"":[{""type"":""end"",""score"":""14 : 25"",""txt"":""Koniec seta 1 : 1""},{""type"":""end"",""score"":""14 : 25"",""txt"":""Koniec seta 1 : 1""},{""type"":""rally"",""score"":""14 : 25"",""speed"":""52.6 km/h"",""res"":""Punkt: W. Janoś""},{""type"":""rally"",""score"":""14 : 24"",""speed"":""45.7 km/h"",""res"":""Punkt: I. Kulpa""},{""type"":""rally"",""score"":""14 : 23"",""speed"":""52.1 km/h"",""res"":""Punkt: P. Brzozowski""},{""type"":""rally"",""score"":""14 : 22"",""speed"":""-"",""res"":""Błąd: I. da Costa""},{""type"":""rally"",""score"":""13 : 22"",""speed"":""66.9 km/h"",""res"":""Punkt: I. da Costa""},{""type"":""tmo"",""score"":""13 : 21"",""txt"":""Czas: Groszowice Soreide""},{""type"":""rally"",""score"":""13 : 21"",""speed"":""61.7 km/h"",""res"":""Punkt: E. Teixidó""},{""type"":""rally"",""score"":""12 : 21"",""speed"":""66.6 km/h"",""res"":""Punkt: G. Guangpeng""},{""type"":""rally"",""score"":""11 : 21"",""speed"":""53.2 km/h"",""res"":""Punkt: I. da Costa""},{""type"":""rally"",""score"":""11 : 20"",""speed"":""49.2 km/h"",""res"":""Punkt: E. Teixidó""},{""type"":""rally"",""score"":""10 : 20"",""speed"":""65.2 km/h"",""res"":""Punkt: I. da Costa""},{""type"":""rally"",""score"":""10 : 19"",""speed"":""50.7 km/h"",""res"":""Punkt: I. da Costa""},{""type"":""rally"",""score"":""10 : 18"",""speed"":""49.4 km/h"",""res"":""Punkt: I. da Costa""},{""type"":""rally"",""score"":""10 : 17"",""speed"":""66.3 km/h"",""res"":""Punkt: G. Guangpeng""},{""type"":""rally"",""score"":""9 : 17"",""speed"":""64.5 km/h"",""res"":""Punkt: I. da Costa""},{""type"":""tmo"",""score"":""9 : 16"",""txt"":""Czas: ""},{""type"":""rally"",""score"":""9 : 16"",""speed"":""53.3 km/h"",""res"":""Punkt: I. Kulpa""},{""type"":""rally"",""score"":""9 : 15"",""speed"":""88.1 km/h"",""res"":""Punkt: I. Kulpa""},{""type"":""rally"",""score"":""9 : 14"",""speed"":""61.9 km/h"",""res"":""Punkt: A. Zawadzki""},{""type"":""rally"",""score"":""8 : 14"",""speed"":""85.7 km/h"",""res"":""Błąd: H. Chunxian""},{""type"":""rally"",""score"":""8 : 13"",""speed"":""52.5 km/h"",""res"":""Punkt: G. Górski""},{""type"":""rally"",""score"":""8 : 12"",""speed"":""57.2 km/h"",""res"":""Punkt: G. Guangpeng""},{""type"":""rally"",""score"":""7 : 12"",""speed"":""65.3 km/h"",""res"":""Punkt: I. Kulpa""},{""type"":""rally"",""score"":""7 : 11"",""speed"":""52.0 km/h"",""res"":""Punkt: G. Górski""},{""type"":""rally"",""score"":""7 : 10"",""speed"":""63.9 km/h"",""res"":""Punkt: W. Janoś""},{""type"":""rally"",""score"":""7 : 9"",""speed"":""44.7 km/h"",""res"":""Punkt: I. Kulpa""},{""type"":""rally"",""score"":""7 : 8"",""speed"":""49.1 km/h"",""res"":""Punkt: H. Krauze""},{""type"":""tmo"",""score"":""6 : 8"",""txt"":""Czas: ""},{""type"":""rally"",""score"":""6 : 8"",""speed"":""68.6 km/h"",""res"":""Punkt: I. Kulpa""},{""type"":""rally"",""score"":""6 : 7"",""speed"":""63.1 km/h"",""res"":""Punkt: I. da Costa""},{""type"":""rally"",""score"":""6 : 6"",""speed"":""70.2 km/h"",""res"":""Punkt: G. Guangpeng""},{""type"":""tmo"",""score"":""5 : 6"",""txt"":""Czas: Groszowice Soreide""},{""type"":""rally"",""score"":""5 : 6"",""speed"":""64.9 km/h"",""res"":""Punkt: E. Teixidó""},{""type"":""rally"",""score"":""4 : 6"",""speed"":""53.5 km/h"",""res"":""Punkt: E. Teixidó""},{""type"":""rally"",""score"":""3 : 6"",""speed"":""52.6 km/h"",""res"":""Punkt: E. Teixidó""},{""type"":""rally"",""score"":""2 : 6"",""speed"":""71.6 km/h"",""res"":""Punkt: E. Teixidó""},{""type"":""rally"",""score"":""1 : 6"",""speed"":""60.7 km/h"",""res"":""Błąd: H. Krauze""},{""type"":""rally"",""score"":""1 : 5"",""speed"":""58.7 km/h"",""res"":""Punkt: I. da Costa""},{""type"":""rally"",""score"":""1 : 4"",""speed"":""42.6 km/h"",""res"":""Punkt: E. Teixidó""},{""type"":""rally"",""score"":""0 : 4"",""speed"":""57.6 km/h"",""res"":""Błąd: E. Teixidó""},{""type"":""rally"",""score"":""0 : 3"",""speed"":""46.1 km/h"",""res"":""Punkt: P. Brzozowski""},{""type"":""rally"",""score"":""0 : 2"",""speed"":""70.0 km/h"",""res"":""Punkt: I. da Costa""},{""type"":""chg"",""score"":""0 : 1"",""txt"":""Zmiana: K. Wojciechowski ⇄ W. Minguang""},{""type"":""chg"",""score"":""0 : 1"",""txt"":""Zmiana: H. Krauze ⇄ B. Jędrychowski""},{""type"":""tmo"",""score"":""0 : 1"",""txt"":""Czas: Projekt Warszawa""},{""type"":""rally"",""score"":""0 : 1"",""speed"":""69.2 km/h"",""res"":""Punkt: I. da Costa""}]},{""rallies"":[{""type"":""end"",""score"":""14 : 25"",""txt"":""Koniec seta 1 : 2""},{""type"":""end"",""score"":""14 : 25"",""txt"":""Koniec seta 1 : 2""},{""type"":""rally"",""score"":""14 : 25"",""speed"":""44.1 km/h"",""res"":""Punkt: I. Kulpa""},{""type"":""rally"",""score"":""14 : 24"",""speed"":""59.0 km/h"",""res"":""Punkt: A. Zawadzki""},{""type"":""rally"",""score"":""13 : 24"",""speed"":""49.5 km/h"",""res"":""Punkt: G. Górski""},{""type"":""rally"",""score"":""13 : 23"",""speed"":""-"",""res"":""Błąd: J. Piegza""},{""type"":""tmo"",""score"":""13 : 22"",""txt"":""Czas: Groszowice Soreide""},{""type"":""rally"",""score"":""13 : 22"",""speed"":""55.0 km/h"",""res"":""Punkt: J. Piegza""},{""type"":""rally"",""score"":""12 : 22"",""speed"":""63.7 km/h"",""res"":""Punkt: J. Piegza""},{""type"":""rally"",""score"":""11 : 22"",""speed"":""70.7 km/h"",""res"":""Błąd: G. Guangpeng""},{""type"":""rally"",""score"":""11 : 21"",""speed"":""44.0 km/h"",""res"":""Punkt: I. Kulpa""},{""type"":""rally"",""score"":""11 : 20"",""speed"":""50.3 km/h"",""res"":""Punkt: I. da Costa""},{""type"":""rally"",""score"":""11 : 19"",""speed"":""65.7 km/h"",""res"":""Punkt: J. Piegza""},{""type"":""rally"",""score"":""10 : 19"",""speed"":""44.6 km/h"",""res"":""Punkt: I. da Costa""},{""type"":""rally"",""score"":""10 : 18"",""speed"":""64.0 km/h"",""res"":""Punkt: I. da Costa""},{""type"":""rally"",""score"":""10 : 17"",""speed"":""54.2 km/h"",""res"":""Punkt: I. da Costa""},{""type"":""tmo"",""score"":""10 : 16"",""txt"":""Czas: ""},{""type"":""rally"",""score"":""10 : 16"",""speed"":""65.9 km/h"",""res"":""Błąd: J. Piegza""},{""type"":""tmo"",""score"":""10 : 15"",""txt"":""Czas: Groszowice Soreide""},{""type"":""rally"",""score"":""10 : 15"",""speed"":""64.1 km/h"",""res"":""Punkt: B. Jędrychowski""},{""type"":""rally"",""score"":""9 : 15"",""speed"":""48.8 km/h"",""res"":""Punkt: J. Piegza""},{""type"":""rally"",""score"":""8 : 15"",""speed"":""97.8 km/h"",""res"":""Punkt: I. da Costa""},{""type"":""rally"",""score"":""8 : 14"",""speed"":""64.9 km/h"",""res"":""Błąd: A. Skrzypczyński""},{""type"":""rally"",""score"":""7 : 14"",""speed"":""66.8 km/h"",""res"":""Punkt: K. Fołta""},{""type"":""rally"",""score"":""6 : 14"",""speed"":""56.1 km/h"",""res"":""Punkt: I. Kulpa""},{""type"":""rally"",""score"":""6 : 13"",""speed"":""49.0 km/h"",""res"":""Punkt: A. Zawadzki""},{""type"":""rally"",""score"":""5 : 13"",""speed"":""69.3 km/h"",""res"":""Punkt: A. Zawadzki""},{""type"":""rally"",""score"":""4 : 13"",""speed"":""65.8 km/h"",""res"":""Punkt: I. Kulpa""},{""type"":""tmo"",""score"":""4 : 12"",""txt"":""Czas: Projekt Warszawa""},{""type"":""rally"",""score"":""4 : 12"",""speed"":""61.5 km/h"",""res"":""Punkt: A. Skrzypczyński""},{""type"":""rally"",""score"":""4 : 11"",""speed"":""62.9 km/h"",""res"":""Punkt: A. Skrzypczyński""},{""type"":""rally"",""score"":""4 : 10"",""speed"":""66.7 km/h"",""res"":""Punkt: I. Kulpa""},{""type"":""rally"",""score"":""4 : 9"",""speed"":""64.2 km/h"",""res"":""Punkt: G. Górski""},{""type"":""tmo"",""score"":""4 : 8"",""txt"":""Czas: ""},{""type"":""rally"",""score"":""4 : 8"",""speed"":""48.8 km/h"",""res"":""Punkt: I. Kulpa""},{""type"":""rally"",""score"":""4 : 7"",""speed"":""53.3 km/h"",""res"":""Punkt: A. Zawadzki""},{""type"":""rally"",""score"":""3 : 7"",""speed"":""64.7 km/h"",""res"":""Punkt: B. Jędrychowski""},{""type"":""rally"",""score"":""2 : 7"",""speed"":""68.0 km/h"",""res"":""Punkt: I. Kulpa""},{""type"":""rally"",""score"":""2 : 6"",""speed"":""52.4 km/h"",""res"":""Punkt: W. Janoś""},{""type"":""rally"",""score"":""2 : 5"",""speed"":""58.2 km/h"",""res"":""Punkt: I. Kulpa""},{""type"":""rally"",""score"":""2 : 4"",""speed"":""50.2 km/h"",""res"":""Punkt: P. Brzozowski""},{""type"":""rally"",""score"":""2 : 3"",""speed"":""60.3 km/h"",""res"":""Punkt: J. Piegza""},{""type"":""rally"",""score"":""1 : 3"",""speed"":""47.4 km/h"",""res"":""Punkt: I. da Costa""},{""type"":""rally"",""score"":""1 : 2"",""speed"":""46.6 km/h"",""res"":""Błąd: G. Górski""},{""type"":""rally"",""score"":""0 : 2"",""speed"":""60.0 km/h"",""res"":""Punkt: I. da Costa""},{""type"":""chg"",""score"":""0 : 1"",""txt"":""Zmiana: R. Grygiel ⇄ S. Yordanov""},{""type"":""chg"",""score"":""0 : 1"",""txt"":""Zmiana: K. Fołta ⇄ H. Chunxian""},{""type"":""chg"",""score"":""0 : 1"",""txt"":""Zmiana: J. Piegza ⇄ E. Teixidó""},{""type"":""tmo"",""score"":""0 : 1"",""txt"":""Czas: Projekt Warszawa""},{""type"":""rally"",""score"":""0 : 1"",""speed"":""44.8 km/h"",""res"":""Punkt: I. da Costa""}]},{""rallies"":[{""type"":""end"",""score"":""18 : 25"",""txt"":""Koniec seta 1 : 3""},{""type"":""end"",""score"":""18 : 25"",""txt"":""Koniec seta 1 : 3""},{""type"":""rally"",""score"":""18 : 25"",""speed"":""54.8 km/h"",""res"":""Punkt: R. Koemets""},{""type"":""rally"",""score"":""18 : 24"",""speed"":""55.1 km/h"",""res"":""Punkt: H. Chunxian""},{""type"":""rally"",""score"":""17 : 24"",""speed"":""54.4 km/h"",""res"":""Punkt: R. Koemets""},{""type"":""rally"",""score"":""17 : 23"",""speed"":""55.5 km/h"",""res"":""Punkt: I. da Costa""},{""type"":""rally"",""score"":""17 : 22"",""speed"":""53.2 km/h"",""res"":""Punkt: I. da Costa""},{""type"":""rally"",""score"":""17 : 21"",""speed"":""86.1 km/h"",""res"":""Punkt: R. Koemets""},{""type"":""rally"",""score"":""17 : 20"",""speed"":""67.7 km/h"",""res"":""Punkt: A. Zawadzki""},{""type"":""rally"",""score"":""16 : 20"",""speed"":""48.7 km/h"",""res"":""Punkt: I. Kulpa""},{""type"":""rally"",""score"":""16 : 19"",""speed"":""57.0 km/h"",""res"":""Punkt: G. Guangpeng""},{""type"":""rally"",""score"":""15 : 19"",""speed"":""43.9 km/h"",""res"":""Punkt: P. Brzozowski""},{""type"":""rally"",""score"":""15 : 18"",""speed"":""53.0 km/h"",""res"":""Błąd: R. Koemets""},{""type"":""rally"",""score"":""14 : 18"",""speed"":""57.1 km/h"",""res"":""Punkt: G. Guangpeng""},{""type"":""rally"",""score"":""13 : 18"",""speed"":""58.0 km/h"",""res"":""Punkt: I. da Costa""},{""type"":""rally"",""score"":""13 : 17"",""speed"":""57.9 km/h"",""res"":""Punkt: G. Guangpeng""},{""type"":""rally"",""score"":""12 : 17"",""speed"":""52.0 km/h"",""res"":""Punkt: G. Górski""},{""type"":""tmo"",""score"":""12 : 16"",""txt"":""Czas: ""},{""type"":""rally"",""score"":""12 : 16"",""speed"":""45.1 km/h"",""res"":""Punkt: I. da Costa""},{""type"":""rally"",""score"":""12 : 15"",""speed"":""60.6 km/h"",""res"":""Punkt: B. Jędrychowski""},{""type"":""rally"",""score"":""11 : 15"",""speed"":""44.5 km/h"",""res"":""Punkt: E. Teixidó""},{""type"":""rally"",""score"":""10 : 15"",""speed"":""54.3 km/h"",""res"":""Punkt: I. da Costa""},{""type"":""rally"",""score"":""10 : 14"",""speed"":""63.6 km/h"",""res"":""Punkt: E. Teixidó""},{""type"":""rally"",""score"":""9 : 14"",""speed"":""57.1 km/h"",""res"":""Błąd: E. Teixidó""},{""type"":""rally"",""score"":""9 : 13"",""speed"":""65.5 km/h"",""res"":""Błąd: H. Chunxian""},{""type"":""rally"",""score"":""9 : 12"",""speed"":""74.8 km/h"",""res"":""Punkt: I. Kulpa""},{""type"":""rally"",""score"":""9 : 11"",""speed"":""89.9 km/h"",""res"":""Błąd: I. Kulpa""},{""type"":""rally"",""score"":""8 : 11"",""speed"":""66.6 km/h"",""res"":""Błąd: I. Kulpa""},{""type"":""rally"",""score"":""7 : 11"",""speed"":""-"",""res"":""Błąd: G. Guangpeng""},{""type"":""rally"",""score"":""7 : 10"",""speed"":""68.6 km/h"",""res"":""Punkt: A. Zawadzki""},{""type"":""rally"",""score"":""6 : 10"",""speed"":""58.5 km/h"",""res"":""Punkt: G. Górski""},{""type"":""tmo"",""score"":""6 : 9"",""txt"":""Czas: Projekt Warszawa""},{""type"":""rally"",""score"":""6 : 9"",""speed"":""48.3 km/h"",""res"":""Punkt: R. Koemets""},{""type"":""tmo"",""score"":""6 : 8"",""txt"":""Czas: ""},{""type"":""rally"",""score"":""6 : 8"",""speed"":""68.8 km/h"",""res"":""Punkt: I. Kulpa""},{""type"":""rally"",""score"":""6 : 7"",""speed"":""54.5 km/h"",""res"":""Punkt: I. Kulpa""},{""type"":""rally"",""score"":""6 : 6"",""speed"":""59.4 km/h"",""res"":""Punkt: W. Janoś""},{""type"":""rally"",""score"":""6 : 5"",""speed"":""55.0 km/h"",""res"":""Punkt: G. Górski""},{""type"":""rally"",""score"":""6 : 4"",""speed"":""48.6 km/h"",""res"":""Punkt: G. Guangpeng""},{""type"":""rally"",""score"":""5 : 4"",""speed"":""-"",""res"":""Błąd: I. da Costa""},{""type"":""rally"",""score"":""4 : 4"",""speed"":""60.1 km/h"",""res"":""Punkt: I. Kulpa""},{""type"":""rally"",""score"":""4 : 3"",""speed"":""51.4 km/h"",""res"":""Punkt: P. Brzozowski""},{""type"":""rally"",""score"":""4 : 2"",""speed"":""58.1 km/h"",""res"":""Punkt: A. Zawadzki""},{""type"":""rally"",""score"":""3 : 2"",""speed"":""53.7 km/h"",""res"":""Punkt: A. Zawadzki""},{""type"":""rally"",""score"":""2 : 2"",""speed"":""49.1 km/h"",""res"":""Punkt: E. Teixidó""},{""type"":""rally"",""score"":""1 : 2"",""speed"":""64.1 km/h"",""res"":""Punkt: P. Brzozowski""},{""type"":""tmo"",""score"":""1 : 1"",""txt"":""Czas: Groszowice Soreide""},{""type"":""rally"",""score"":""1 : 1"",""speed"":""61.3 km/h"",""res"":""Punkt: B. Jędrychowski""},{""type"":""chg"",""score"":""0 : 1"",""txt"":""Zmiana: R. Koemets ⇄ A. Skrzypczyński""},{""type"":""tmo"",""score"":""0 : 1"",""txt"":""Czas: Projekt Warszawa""},{""type"":""rally"",""score"":""0 : 1"",""speed"":""48.0 km/h"",""res"":""Punkt: I. da Costa""}]}]}","0","3","0","0","0","0","15","54","0","0","14","0","0","1","54.8","48.4","0","0","0","0","0","0","0","0","0","0","0","0","0","0","0","0","0","0","0","0","0","0","0","0","0","0","0","0","0","0","30","22","3","6","49","110","0","0","0","0","0","0","0","0","0","0","0","0","0","0","0","0","0","1","1","0","0","0","0","clan-bulk-1.2","0","0","0"
"liga_klanow_2_1","Projekt Warszawa vs Groszowice Soreide 1:3","1297864","2026-09-18 19:00","Torwar","Stara Gwardia","1393","Projekt Warszawa","","Chunxian, Hu","1927728","4","-2","9","1","0","65.1","10","4","3","30","-10","15","10","5","5","2","47","58","1","98","18","31","1","19","43","0","0","0","0","0","0","0","34.8","","2","2","0","0","0","0","19","43","1","0","15","0","0","4","65.1","57.6","0","0","0","0","2","2","0","0","0","0","0","0","2","2","0","1","1","6","0","0","0","0","0","0","0","0","2","0","0","2","0","0","0","0","0","0","0","0","0","0","0","0","0","0","0","0","0","0","0","0","0","0","0","3","3","1","0","2","0","clan-bulk-1.2","0","0","0"
"liga_klanow_2_1","Projekt Warszawa vs Groszowice Soreide 1:3","1297864","2026-09-18 19:00","Torwar","Stara Gwardia","1393","Projekt Warszawa","","Teixidó, Enrique","1951023","17","6","14","0","4","70.2","35","11","11","31","0","9","2","1","7","2","33","0","0","0","0","0","2","27","48","0","0","1","0","0","1","0","25.1","","2","3","0","0","0","0","27","48","2","1","24","0","0","3","70.2","57.9","1","0","0","0","3","4","1","1","3","0","0","5","0","0","0","0","0","0","9","1","6","0","10","26","0","0","0","0","0","0","0","0","0","0","1","1","0","0","0","0","0","0","0","0","0","0","0","0","0","0","0","0","0","3","7","8","0","4","0","clan-bulk-1.2","0","0","0"
"liga_klanow_2_1","Projekt Warszawa vs Groszowice Soreide 1:3","1297864","2026-09-18 19:00","Torwar","Stara Gwardia","1393","Projekt Warszawa","","Jędrychowski, Bartłomiej","1681829","8","5","10","0","0","55","18","3","5","28","11","25","17","13","8","1","56","0","0","0","0","0","3","24","55","0","0","0","0","0","0","0","27.5","","1","5","0","0","0","0","24","55","3","0","23","0","0","1","55","48.8","0","0","0","0","1","1","0","0","1","1","0","2","3","0","1","0","6","10","0","0","0","0","0","0","1","0","1","0","3","5","0","0","0","0","0","0","0","0","0","0","0","0","0","0","0","0","0","0","0","0","0","0","0","3","3","0","2","2","0","clan-bulk-1.2","0","0","0"
"liga_klanow_2_1","Projekt Warszawa vs Groszowice Soreide 1:3","1297864","2026-09-18 19:00","Torwar","Stara Gwardia","1393","Projekt Warszawa","","Guangpeng, Guoqiang","1927729","10","-1","9","1","1","62.5","33","10","6","18","-12","22","14","5","8","3","36","7","0","100","0","0","3","35","77","0","0","0","0","0","0","0","13.6","","2","2","0","0","0","0","35","77","3","0","32","0","0","3","63","54.6","0","0","1","0","4","5","1","0","3","0","1","5","4","1","5","0","10","20","0","0","0","0","0","0","1","0","0","0","2","3","0","0","0","0","0","0","0","0","0","0","0","0","0","0","0","0","0","0","0","0","0","0","0","4","2","4","1","5","0","clan-bulk-1.2","0","0","0"
"liga_klanow_2_1","Projekt Warszawa vs Groszowice Soreide 1:3","1297864","2026-09-18 19:00","Torwar","Stara Gwardia","1393","Projekt Warszawa","","Zawadzki, Arkadiusz","1745095","16","7","13","0","2","99.5","44","9","11","25","5","5","1","0","4","0","0","0","0","0","0","0","3","58","72","0","0","0","0","0","0","0","24.5","","0","1","0","0","0","0","58","72","3","1","51","0","1","7","99.5","84.9","3","0","0","0","6","9","1","0","0","0","0","1","0","0","0","0","0","0","6","1","8","1","18","34","0","0","0","0","0","0","0","0","0","0","0","0","0","0","0","0","0","0","0","0","0","0","0","0","0","0","0","0","0","4","8","1","4","4","0","clan-bulk-1.2","0","0","0"
"liga_klanow_2_1","Projekt Warszawa vs Groszowice Soreide 1:3","1297864","2026-09-18 19:00","Torwar","Stara Gwardia","1393","Projekt Warszawa","","Minguang, Wyott","1864555","0","-1","0","0","0","0","0","0","0","0","0","30","20","14","10","5","63","9","1","89","1","11","0","0","0","0","1","5","0","1","3","1","14.8","","3","5","0","0","0","0","0","0","0","0","0","0","0","0","0","0","0","0","0","0","0","0","0","0","0","0","0","0","0","0","0","0","0","0","0","0","0","0","0","0","0","0","0","0","0","0","0","1","0","0","4","5","0","0","0","0","0","0","0","0","0","0","0","0","0","0","0","0","0","0","0","0","0","0","0","clan-bulk-1.2","0","0","0"
"liga_klanow_2_1","Projekt Warszawa vs Groszowice Soreide 1:3","1297864","2026-09-18 19:00","Torwar","Stara Gwardia","1393","Projekt Warszawa","","Piegza, Jakub","1685636","5","3","3","1","1","50.2","10","1","3","30","20","0","0","0","0","0","0","0","0","0","0","0","1","11","18","0","0","0","0","0","0","0","9.5","","0","0","0","0","0","0","11","18","1","0","10","0","0","1","55","52.6","0","0","0","0","0","0","0","0","0","0","2","2","0","0","0","0","0","0","3","1","0","0","4","8","0","0","0","0","0","0","0","0","0","0","0","0","0","0","0","0","0","0","0","0","0","0","0","0","0","0","0","0","0","1","0","0","7","0","0","clan-bulk-1.2","0","0","0"
"liga_klanow_2_1","Projekt Warszawa vs Groszowice Soreide 1:3","1297864","2026-09-18 19:00","Torwar","Stara Gwardia","1393","Projekt Warszawa","","Krauze, Henryk","1724608","2","0","2","0","0","52.1","4","2","2","50","0","5","2","1","3","1","40","0","0","0","0","0","0","2","13","0","0","0","0","0","0","0","2.2","","0","0","0","0","0","0","2","13","0","0","2","0","0","0","52.1","48.4","0","0","0","0","0","0","0","0","0","0","0","0","1","1","1","1","0","4","0","0","0","0","0","0","0","0","0","0","0","0","0","0","0","0","0","0","0","0","0","0","0","0","0","0","0","0","0","0","0","0","0","0","0","1","0","2","0","0","0","clan-bulk-1.2","0","0","0"
"liga_klanow_2_1","Projekt Warszawa vs Groszowice Soreide 1:3","1297864","2026-09-18 19:00","Torwar","Stara Gwardia","1393","Projekt Warszawa","","Fołta, Karol","1767977","1","0","2","0","0","50.3","2","1","0","0","-50","6","3","0","3","1","17","15","0","100","2","13","1","7","18","0","0","0","0","0","0","0","8.7","","1","1","0","0","0","0","7","18","1","0","7","0","0","0","50.3","48.8","0","0","0","0","0","0","0","0","0","0","0","0","0","0","0","0","1","1","0","0","0","0","0","0","0","0","1","0","0","1","0","0","0","0","0","0","0","0","0","0","0","0","0","0","0","0","0","0","0","0","0","0","0","1","0","0","1","0","0","clan-bulk-1.2","0","0","0"
"liga_klanow_2_1","Projekt Warszawa vs Groszowice Soreide 1:3","1297864","2026-09-18 19:00","Torwar","Stara Gwardia","1393","Projekt Warszawa","","Wojciechowski, Kacper","1864556","0","0","0","0","0","0","0","0","0","0","0","12","11","7","1","1","67","1","0","100","0","0","0","0","0","0","0","0","0","0","0","0","6.4","","1","1","0","0","0","0","0","0","0","0","0","0","0","0","0","0","0","0","0","0","0","0","0","0","0","0","0","0","0","0","0","0","0","0","0","0","0","0","0","0","0","0","0","0","0","0","0","0","0","0","0","0","0","0","0","0","0","0","0","0","0","0","0","0","0","0","0","0","0","0","0","0","0","0","0","clan-bulk-1.2","0","0","0"
"liga_klanow_2_1","Projekt Warszawa vs Groszowice Soreide 1:3","1297864","2026-09-18 19:00","Torwar","Stara Gwardia","1393","Projekt Warszawa","","Grygiel, Rafał","1685979","0","0","2","0","0","65.9","0","0","0","0","0","7","5","3","2","0","43","0","0","0","0","0","0","5","16","7","10","40","5","13","12","10","2.4","","0","0","0","0","0","0","5","16","0","0","5","0","0","0","65.9","65","0","0","0","0","0","0","0","0","0","0","0","0","0","0","0","0","0","0","0","0","0","0","0","0","0","0","0","0","0","0","7","10","1","2","20","40","0","0","0","0","0","0","0","0","0","0","0","0","0","0","0","0","0","0","0","0","0","0","0","clan-bulk-1.2","0","0","0"
"liga_klanow_2_1","Projekt Warszawa vs Groszowice Soreide 1:3","1297864","2026-09-18 19:00","Torwar","EXPLOSION II","1393","Groszowice Soreide","","Janoś, Witold","1745111","4","4","12","0","0","70","0","0","0","0","0","16","12","5","4","2","44","0","0","0","0","0","4","41","65","36","8","97","17","43","23","14","16.8","","1","1","0","0","0","0","41","65","4","1","40","0","0","1","70","54.4","0","0","0","0","0","0","0","0","0","0","0","0","0","0","0","0","0","0","0","0","0","0","0","0","0","0","0","0","0","0","36","8","0","4","49","97","0","0","0","0","0","0","0","0","0","0","0","0","0","0","0","0","0","3","0","2","1","1","0","clan-bulk-1.2","0","0","0"
"liga_klanow_2_1","Projekt Warszawa vs Groszowice Soreide 1:3","1297864","2026-09-18 19:00","Torwar","EXPLOSION II","1393","Groszowice Soreide","","Skrzypczyński, Adam","1929110","2","-3","9","0","0","71.6","5","1","1","20","0","17","14","11","3","2","76","25","4","84","10","40","1","23","39","0","0","0","0","0","0","0","17.5","","2","2","0","0","0","0","23","39","1","1","22","0","0","1","71.6","59.3","0","0","0","0","0","0","0","0","0","0","0","0","1","1","0","0","0","2","0","0","0","0","0","0","0","0","0","0","3","3","0","0","0","0","0","0","0","0","0","0","0","0","0","0","0","0","0","0","0","0","0","0","0","1","0","0","3","0","0","clan-bulk-1.2","0","0","0"
"liga_klanow_2_1","Projekt Warszawa vs Groszowice Soreide 1:3","1297864","2026-09-18 19:00","Torwar","EXPLOSION II","1393","Groszowice Soreide","","da Costa, Inácio","1951318","29","20","12","2","0","70.7","47","7","21","45","30","5","3","0","2","0","0","0","0","0","0","0","8","49","77","0","0","0","0","0","0","0","59.5","","0","0","0","0","0","0","49","77","8","0","44","0","0","5","70.7","59.8","5","0","1","0","2","8","1","0","2","0","2","5","0","0","0","0","0","0","15","1","3","0","15","34","0","0","0","0","0","0","0","0","0","0","0","0","0","0","0","0","0","0","0","0","0","0","0","0","0","0","0","0","0","4","6","11","8","7","0","clan-bulk-1.2","0","0","0"
"liga_klanow_2_1","Projekt Warszawa vs Groszowice Soreide 1:3","1297864","2026-09-18 19:00","Torwar","EXPLOSION II","1393","Groszowice Soreide","","Brzozowski, Przemysław","1950555","6","2","19","0","0","68.8","16","4","4","25","0","17","11","10","6","3","76","0","0","0","0","0","2","32","61","0","0","0","0","0","0","0","17.2","","2","3","0","0","0","0","32","61","2","0","31","0","0","1","68.8","58.1","0","0","1","0","3","4","1","0","1","0","0","2","3","0","1","0","4","8","0","0","0","0","0","0","0","0","1","0","1","2","0","0","0","0","0","0","0","0","0","0","0","0","0","0","0","0","0","0","0","0","0","0","0","3","0","2","1","3","0","clan-bulk-1.2","0","0","0"
"liga_klanow_2_1","Projekt Warszawa vs Groszowice Soreide 1:3","1297864","2026-09-18 19:00","Torwar","EXPLOSION II","1393","Groszowice Soreide","","Górski, Grzegorz","1975574","11","8","15","1","1","85.7","15","2","3","20","7","23","15","10","8","7","74","6","0","100","2","33","7","49","84","0","0","0","0","0","0","0","41.4","","6","6","0","0","0","0","49","84","7","1","48","0","0","1","85.7","67.1","1","0","0","1","1","3","0","0","0","0","0","0","1","1","0","0","3","5","0","0","0","0","0","0","0","0","1","0","6","7","0","0","0","0","0","0","0","0","0","0","0","0","0","0","0","0","0","0","0","0","0","0","0","4","4","2","3","3","0","clan-bulk-1.2","0","0","0"
"liga_klanow_2_1","Projekt Warszawa vs Groszowice Soreide 1:3","1297864","2026-09-18 19:00","Torwar","EXPLOSION II","1393","Groszowice Soreide","","Kulpa, Igor","1929589","26","22","14","0","1","71.5","42","4","17","40","31","5","3","0","2","1","20","0","0","0","0","0","8","58","79","0","0","0","0","0","0","0","61.6","","0","0","0","0","0","0","58","79","7","1","55","1","0","3","71.5","59.9","3","0","0","0","6","9","0","0","1","2","0","3","0","0","0","0","0","0","12","2","1","0","15","30","0","0","0","0","0","0","0","0","0","0","0","0","0","0","0","0","0","0","0","0","0","0","0","0","0","0","0","0","0","4","4","6","8","7","0","clan-bulk-1.2","0","0","0"
"liga_klanow_2_1","Projekt Warszawa vs Groszowice Soreide 1:3","1297864","2026-09-18 19:00","Torwar","EXPLOSION II","1393","Groszowice Soreide","","De Meo, Assunto","1950854","0","-2","0","0","0","0","0","0","0","0","0","30","22","14","8","3","57","8","2","75","4","50","0","0","0","1","2","8","0","1","4","3","12.4","","3","5","0","0","0","0","0","0","0","0","0","0","0","0","0","0","0","0","0","0","0","0","0","0","0","0","0","0","0","0","0","0","0","0","0","0","0","0","0","0","0","0","0","0","0","0","1","2","1","1","3","8","0","0","0","0","0","0","0","0","0","0","0","0","0","0","0","0","0","0","0","0","0","0","0","clan-bulk-1.2","0","0","0"
"liga_klanow_2_1","Projekt Warszawa vs Groszowice Soreide 1:3","1297864","2026-09-18 19:00","Torwar","EXPLOSION II","1393","Groszowice Soreide","","Kruk, Mateusz","1974573","1","-1","3","1","0","69.2","3","1","1","33","0","4","2","2","2","1","75","0","0","0","0","0","0","5","12","0","0","0","0","0","0","0","1.5","","1","2","0","0","0","0","5","12","0","0","4","0","0","1","69.2","65.1","0","0","0","0","0","0","0","0","0","0","0","0","1","1","0","0","0","2","0","0","0","0","0","0","0","0","0","0","1","1","0","0","0","0","0","0","0","0","0","0","0","0","0","0","0","0","0","0","0","0","0","0","0","1","3","0","0","0","0","clan-bulk-1.2","0","0","0"
"liga_klanow_2_1","Projekt Warszawa vs Groszowice Soreide 1:3","1297864","2026-09-18 19:00","Torwar","EXPLOSION II","1393","Groszowice Soreide","","Jeruzal, Andrzej","1950642","0","0","1","0","0","58","0","0","0","0","0","2","1","1","1","0","50","0","0","0","0","0","0","9","18","12","4","33","4","11","11","7","0.8","","0","0","0","0","0","0","9","18","0","0","7","0","0","2","58","58","0","0","0","0","0","0","0","0","0","0","0","0","0","0","0","0","0","0","0","0","0","0","0","0","0","0","0","0","0","0","12","4","2","3","12","33","0","0","0","0","0","0","0","0","0","0","0","0","0","0","0","0","0","0","0","0","0","0","0","clan-bulk-1.2","0","0","0"
"liga_klanow_2_1","Projekt Warszawa vs Groszowice Soreide 1:3","1297864","2026-09-18 19:00","Torwar","EXPLOSION II","1393","Groszowice Soreide","","Koemets, Ruut","1951115","8","3","9","0","0","64.5","10","3","5","50","20","10","8","5","2","1","60","29","2","93","11","38","3","16","33","0","0","0","0","0","0","0","30.1","","1","1","0","0","0","0","16","33","2","0","14","1","0","2","64.5","54.4","2","1","1","0","0","4","0","0","0","0","0","0","2","0","0","0","0","2","0","0","0","0","0","0","1","1","0","0","2","4","0","0","0","0","0","0","0","0","0","0","0","0","0","0","0","0","0","0","0","0","0","0","0","2","4","0","0","5","0","clan-bulk-1.2","0","0","0"
"liga_klanow_2_1","Twierdza Teodorówka vs Polonia Bytom 0:3","1297865","2026-09-18 19:00","Arena Twierdza","Stara Gwardia","1393","Twierdza Teodorówka","","Thomas, Xavier","1927154","4","4","11","0","2","96.8","0","0","0","0","0","20","9","0","11","2","10","0","0","0","0","0","2","10","45","33","18","96","7","27","35","27","12.8","{""sets"":[{""h"":20,""a"":25},{""h"":19,""a"":25},{""h"":18,""a"":25}],""parsedSets"":[{""rallies"":[{""type"":""end"",""score"":""20 : 25"",""txt"":""Koniec seta 0 : 1""},{""type"":""end"",""score"":""20 : 25"",""txt"":""Koniec seta 0 : 1""},{""type"":""rally"",""score"":""20 : 25"",""speed"":""61.7 km/h"",""res"":""Punkt: I. Komorowski""},{""type"":""rally"",""score"":""20 : 24"",""speed"":""45.0 km/h"",""res"":""Punkt: F. Blondel""},{""type"":""rally"",""score"":""19 : 24"",""speed"":""44.5 km/h"",""res"":""Punkt: I. Komorowski""},{""type"":""rally"",""score"":""19 : 23"",""speed"":""50.7 km/h"",""res"":""Punkt: M. Oleszczuk""},{""type"":""rally"",""score"":""18 : 23"",""speed"":""62.0 km/h"",""res"":""Punkt: H. Leme""},{""type"":""rally"",""score"":""18 : 22"",""speed"":""53.1 km/h"",""res"":""Punkt: K. Frydryk""},{""type"":""rally"",""score"":""18 : 21"",""speed"":""64.0 km/h"",""res"":""Punkt: V. Bakas""},{""type"":""rally"",""score"":""17 : 21"",""speed"":""47.1 km/h"",""res"":""Punkt: K. Frydryk""},{""type"":""rally"",""score"":""17 : 20"",""speed"":""52.5 km/h"",""res"":""Punkt: M. Oleszczuk""},{""type"":""rally"",""score"":""16 : 20"",""speed"":""55.8 km/h"",""res"":""Punkt: K. Frydryk""},{""type"":""rally"",""score"":""16 : 19"",""speed"":""67.3 km/h"",""res"":""Punkt: K. Frydryk""},{""type"":""rally"",""score"":""16 : 18"",""speed"":""74.1 km/h"",""res"":""Punkt: V. Bakas""},{""type"":""rally"",""score"":""15 : 18"",""speed"":""50.2 km/h"",""res"":""Punkt: S. Krajewski""},{""type"":""rally"",""score"":""14 : 18"",""speed"":""48.4 km/h"",""res"":""Punkt: I. Komorowski""},{""type"":""rally"",""score"":""14 : 17"",""speed"":""74.6 km/h"",""res"":""Punkt: X. Thomas""},{""type"":""rally"",""score"":""13 : 17"",""speed"":""65.4 km/h"",""res"":""Punkt: I. Komorowski""},{""type"":""rally"",""score"":""13 : 16"",""speed"":""-"",""res"":""Błąd: H. Leme""},{""type"":""tmo"",""score"":""12 : 16"",""txt"":""Czas: ""},{""type"":""rally"",""score"":""12 : 16"",""speed"":""60.7 km/h"",""res"":""Punkt: E. Alencar""},{""type"":""rally"",""score"":""12 : 15"",""speed"":""53.3 km/h"",""res"":""Punkt: V. Bakas""},{""type"":""rally"",""score"":""11 : 15"",""speed"":""45.3 km/h"",""res"":""Punkt: K. Frydryk""},{""type"":""rally"",""score"":""11 : 14"",""speed"":""57.3 km/h"",""res"":""Punkt: M. Hyla""},{""type"":""rally"",""score"":""10 : 14"",""speed"":""51.2 km/h"",""res"":""Punkt: V. Bakas""},{""type"":""rally"",""score"":""9 : 14"",""speed"":""85.3 km/h"",""res"":""Punkt: K. Frydryk""},{""type"":""rally"",""score"":""9 : 13"",""speed"":""66.9 km/h"",""res"":""Punkt: M. Oleszczuk""},{""type"":""rally"",""score"":""8 : 13"",""speed"":""56.1 km/h"",""res"":""Punkt: H. Leme""},{""type"":""rally"",""score"":""8 : 12"",""speed"":""55.0 km/h"",""res"":""Punkt: F. Blondel""},{""type"":""rally"",""score"":""7 : 12"",""speed"":""52.4 km/h"",""res"":""Punkt: F. Blondel""},{""type"":""chg"",""score"":""6 : 12"",""txt"":""Zmiana: M. Oleszczuk ⇄ E. Breviglieri""},{""type"":""rally"",""score"":""6 : 12"",""speed"":""65.2 km/h"",""res"":""Punkt: I. Komorowski""},{""type"":""chg"",""score"":""6 : 11"",""txt"":""Zmiana: V. Bakas ⇄ K. Rutkowski""},{""type"":""chg"",""score"":""6 : 11"",""txt"":""Zmiana: A. Swoboda ⇄ C. Arata""},{""type"":""tmo"",""score"":""6 : 11"",""txt"":""Czas: Twierdza Teodorówka""},{""type"":""rally"",""score"":""6 : 11"",""speed"":""80.1 km/h"",""res"":""Punkt: P. Pytlik""},{""type"":""chg"",""score"":""6 : 10"",""txt"":""Zmiana: M. Hyla ⇄ A. Kladar""},{""type"":""rally"",""score"":""6 : 10"",""speed"":""56.1 km/h"",""res"":""Punkt: P. Pytlik""},{""type"":""rally"",""score"":""6 : 9"",""speed"":""64.3 km/h"",""res"":""Punkt: I. Komorowski""},{""type"":""rally"",""score"":""6 : 8"",""speed"":""59.8 km/h"",""res"":""Błąd: I. Komorowski""},{""type"":""tmo"",""score"":""5 : 8"",""txt"":""Czas: ""},{""type"":""rally"",""score"":""5 : 8"",""speed"":""69.5 km/h"",""res"":""Punkt: I. Komorowski""},{""type"":""rally"",""score"":""5 : 7"",""speed"":""54.1 km/h"",""res"":""Punkt: I. Komorowski""},{""type"":""rally"",""score"":""5 : 6"",""speed"":""63.3 km/h"",""res"":""Punkt: E. Alencar""},{""type"":""tmo"",""score"":""5 : 5"",""txt"":""Czas: Polonia Bytom""},{""type"":""rally"",""score"":""5 : 5"",""speed"":""60.1 km/h"",""res"":""Błąd: I. Komorowski""},{""type"":""rally"",""score"":""4 : 5"",""speed"":""57.3 km/h"",""res"":""Punkt: F. Blondel""},{""type"":""rally"",""score"":""3 : 5"",""speed"":""68.8 km/h"",""res"":""Punkt: F. Blondel""},{""type"":""rally"",""score"":""2 : 5"",""speed"":""-"",""res"":""Błąd: E. Breviglieri""},{""type"":""rally"",""score"":""2 : 4"",""speed"":""48.0 km/h"",""res"":""Punkt: S. Krajewski""},{""type"":""rally"",""score"":""1 : 4"",""speed"":""62.7 km/h"",""res"":""Punkt: K. Frydryk""},{""type"":""rally"",""score"":""1 : 3"",""speed"":""50.3 km/h"",""res"":""Punkt: E. Breviglieri""},{""type"":""chg"",""score"":""0 : 3"",""txt"":""Zmiana: F. Blondel ⇄ K. Możejko""},{""type"":""rally"",""score"":""0 : 3"",""speed"":""49.3 km/h"",""res"":""Punkt: E. Alencar""},{""type"":""rally"",""score"":""0 : 2"",""speed"":""51.9 km/h"",""res"":""Punkt: K. Frydryk""},{""type"":""chg"",""score"":""0 : 1"",""txt"":""Zmiana: E. Alencar ⇄ �. Salgado""},{""type"":""chg"",""score"":""0 : 1"",""txt"":""Zmiana: �. Janset ⇄ O. Cosentino""},{""type"":""tmo"",""score"":""0 : 1"",""txt"":""Czas: Polonia Bytom""},{""type"":""rally"",""score"":""0 : 1"",""speed"":""96.8 km/h"",""res"":""Punkt: K. Frydryk""}]},{""rallies"":[{""type"":""end"",""score"":""19 : 25"",""txt"":""Koniec seta 0 : 2""},{""type"":""end"",""score"":""19 : 25"",""txt"":""Koniec seta 0 : 2""},{""type"":""rally"",""score"":""19 : 25"",""speed"":""55.1 km/h"",""res"":""Punkt: I. Komorowski""},{""type"":""chg"",""score"":""19 : 24"",""txt"":""Zmiana: V. Bakas ⇄ K. Rutkowski""},{""type"":""chg"",""score"":""19 : 24"",""txt"":""Zmiana: A. Swoboda ⇄ C. Arata""},{""type"":""rally"",""score"":""19 : 24"",""speed"":""59.4 km/h"",""res"":""Punkt: J. Rak""},{""type"":""chg"",""score"":""19 : 23"",""txt"":""Zmiana: M. Hyla ⇄ A. Kladar""},{""type"":""rally"",""score"":""19 : 23"",""speed"":""52.1 km/h"",""res"":""Punkt: I. Komorowski""},{""type"":""rally"",""score"":""19 : 22"",""speed"":""51.3 km/h"",""res"":""Punkt: K. Frydryk""},{""type"":""rally"",""score"":""19 : 21"",""speed"":""56.6 km/h"",""res"":""Punkt: K. Rutkowski""},{""type"":""chg"",""score"":""18 : 21"",""txt"":""Zmiana: F. Blondel ⇄ K. Możejko""},{""type"":""tmo"",""score"":""18 : 21"",""txt"":""Czas: Twierdza Teodorówka""},{""type"":""rally"",""score"":""18 : 21"",""speed"":""55.9 km/h"",""res"":""Punkt: J. Rak""},{""type"":""rally"",""score"":""18 : 20"",""speed"":""65.6 km/h"",""res"":""Punkt: P. Pytlik""},{""type"":""tmo"",""score"":""18 : 19"",""txt"":""Czas: Polonia Bytom""},{""type"":""rally"",""score"":""18 : 19"",""speed"":""52.6 km/h"",""res"":""Błąd: K. Rutkowski""},{""type"":""rally"",""score"":""18 : 18"",""speed"":""45.5 km/h"",""res"":""Punkt: K. Frydryk""},{""type"":""rally"",""score"":""18 : 17"",""speed"":""58.4 km/h"",""res"":""Punkt: K. Frydryk""},{""type"":""rally"",""score"":""18 : 16"",""speed"":""40.6 km/h"",""res"":""Punkt: S. Krajewski""},{""type"":""rally"",""score"":""17 : 16"",""speed"":""41.2 km/h"",""res"":""Punkt: K. Frydryk""},{""type"":""rally"",""score"":""17 : 15"",""speed"":""56.0 km/h"",""res"":""Punkt: K. Frydryk""},{""type"":""rally"",""score"":""17 : 14"",""speed"":""67.3 km/h"",""res"":""Punkt: X. Thomas""},{""type"":""tmo"",""score"":""16 : 14"",""txt"":""Czas: ""},{""type"":""rally"",""score"":""16 : 14"",""speed"":""49.8 km/h"",""res"":""Punkt: S. Krajewski""},{""type"":""rally"",""score"":""15 : 14"",""speed"":""73.0 km/h"",""res"":""Punkt: I. Komorowski""},{""type"":""rally"",""score"":""15 : 13"",""speed"":""-"",""res"":""Błąd: É. Salgado""},{""type"":""rally"",""score"":""14 : 13"",""speed"":""59.3 km/h"",""res"":""Błąd: K. Rutkowski""},{""type"":""rally"",""score"":""14 : 12"",""speed"":""62.8 km/h"",""res"":""Punkt: I. Komorowski""},{""type"":""rally"",""score"":""14 : 11"",""speed"":""46.1 km/h"",""res"":""Punkt: K. Możejko""},{""type"":""rally"",""score"":""13 : 11"",""speed"":""68.0 km/h"",""res"":""Punkt: I. Komorowski""},{""type"":""rally"",""score"":""13 : 10"",""speed"":""78.4 km/h"",""res"":""Błąd: I. Komorowski""},{""type"":""rally"",""score"":""12 : 10"",""speed"":""69.3 km/h"",""res"":""Punkt: K. Możejko""},{""type"":""rally"",""score"":""11 : 10"",""speed"":""49.8 km/h"",""res"":""Punkt: J. Rak""},{""type"":""rally"",""score"":""11 : 9"",""speed"":""65.9 km/h"",""res"":""Punkt: E. Breviglieri""},{""type"":""rally"",""score"":""10 : 9"",""speed"":""55.5 km/h"",""res"":""Punkt: K. Rutkowski""},{""type"":""rally"",""score"":""9 : 9"",""speed"":""65.4 km/h"",""res"":""Punkt: É. Salgado""},{""type"":""rally"",""score"":""9 : 8"",""speed"":""57.0 km/h"",""res"":""Punkt: K. Frydryk""},{""type"":""rally"",""score"":""9 : 7"",""speed"":""56.2 km/h"",""res"":""Punkt: K. Rutkowski""},{""type"":""tmo"",""score"":""8 : 7"",""txt"":""Czas: ""},{""type"":""rally"",""score"":""8 : 7"",""speed"":""44.5 km/h"",""res"":""Punkt: K. Rutkowski""},{""type"":""rally"",""score"":""7 : 7"",""speed"":""66.3 km/h"",""res"":""Punkt: K. Frydryk""},{""type"":""rally"",""score"":""7 : 6"",""speed"":""70.8 km/h"",""res"":""Punkt: E. Breviglieri""},{""type"":""rally"",""score"":""6 : 6"",""speed"":""62.6 km/h"",""res"":""Punkt: P. Pytlik""},{""type"":""rally"",""score"":""6 : 5"",""speed"":""76.4 km/h"",""res"":""Punkt: I. Komorowski""},{""type"":""rally"",""score"":""6 : 4"",""speed"":""65.5 km/h"",""res"":""Błąd: P. Pytlik""},{""type"":""rally"",""score"":""5 : 4"",""speed"":""54.5 km/h"",""res"":""Punkt: I. Komorowski""},{""type"":""rally"",""score"":""5 : 3"",""speed"":""67.8 km/h"",""res"":""Punkt: K. Rutkowski""},{""type"":""rally"",""score"":""4 : 3"",""speed"":""62.0 km/h"",""res"":""Punkt: I. Komorowski""},{""type"":""rally"",""score"":""4 : 2"",""speed"":""41.9 km/h"",""res"":""Punkt: K. Rutkowski""},{""type"":""rally"",""score"":""3 : 2"",""speed"":""61.5 km/h"",""res"":""Punkt: K. Frydryk""},{""type"":""rally"",""score"":""3 : 1"",""speed"":""55.8 km/h"",""res"":""Punkt: K. Rutkowski""},{""type"":""rally"",""score"":""2 : 1"",""speed"":""-"",""res"":""Błąd: S. Krajewski""},{""type"":""rally"",""score"":""2 : 0"",""speed"":""54.3 km/h"",""res"":""Błąd: K. Frydryk""},{""type"":""chg"",""score"":""1 : 0"",""txt"":""Zmiana: J. Rak ⇄ H. Leme""},{""type"":""tmo"",""score"":""1 : 0"",""txt"":""Czas: Polonia Bytom""},{""type"":""rally"",""score"":""1 : 0"",""speed"":""42.1 km/h"",""res"":""Punkt: K. Rutkowski""}]},{""rallies"":[{""type"":""end"",""score"":""18 : 25"",""txt"":""Koniec seta 0 : 3""},{""type"":""end"",""score"":""18 : 25"",""txt"":""Koniec seta 0 : 3""},{""type"":""rally"",""score"":""18 : 25"",""speed"":""46.2 km/h"",""res"":""Punkt: H. Leme""},{""type"":""rally"",""score"":""18 : 24"",""speed"":""52.0 km/h"",""res"":""Punkt: V. Bakas""},{""type"":""rally"",""score"":""17 : 24"",""speed"":""49.9 km/h"",""res"":""Punkt: K. Frydryk""},{""type"":""rally"",""score"":""17 : 23"",""speed"":""51.0 km/h"",""res"":""Punkt: M. Oleszczuk""},{""type"":""rally"",""score"":""16 : 23"",""speed"":""60.7 km/h"",""res"":""Błąd: M. Hyla""},{""type"":""rally"",""score"":""16 : 22"",""speed"":""64.7 km/h"",""res"":""Punkt: H. Leme""},{""type"":""rally"",""score"":""16 : 21"",""speed"":""46.9 km/h"",""res"":""Punkt: X. Thomas""},{""type"":""rally"",""score"":""15 : 21"",""speed"":""50.3 km/h"",""res"":""Punkt: M. Oleszczuk""},{""type"":""rally"",""score"":""14 : 21"",""speed"":""55.1 km/h"",""res"":""Punkt: S. Krajewski""},{""type"":""rally"",""score"":""13 : 21"",""speed"":""63.1 km/h"",""res"":""Punkt: K. Frydryk""},{""type"":""rally"",""score"":""13 : 20"",""speed"":""45.0 km/h"",""res"":""Punkt: K. Frydryk""},{""type"":""rally"",""score"":""13 : 19"",""speed"":""64.3 km/h"",""res"":""Punkt: X. Thomas""},{""type"":""tmo"",""score"":""12 : 19"",""txt"":""Czas: Polonia Bytom""},{""type"":""rally"",""score"":""12 : 19"",""speed"":""70.9 km/h"",""res"":""Punkt: P. Pytlik""},{""type"":""rally"",""score"":""12 : 18"",""speed"":""66.5 km/h"",""res"":""Błąd: V. Bakas""},{""type"":""rally"",""score"":""12 : 17"",""speed"":""47.8 km/h"",""res"":""Punkt: É. Salgado""},{""type"":""rally"",""score"":""12 : 16"",""speed"":""-"",""res"":""Błąd: É. Salgado""},{""type"":""tmo"",""score"":""11 : 16"",""txt"":""Czas: ""},{""type"":""rally"",""score"":""11 : 16"",""speed"":""55.7 km/h"",""res"":""Punkt: I. Komorowski""},{""type"":""rally"",""score"":""11 : 15"",""speed"":""64.3 km/h"",""res"":""Punkt: F. Blondel""},{""type"":""rally"",""score"":""10 : 15"",""speed"":""65.4 km/h"",""res"":""Punkt: F. Blondel""},{""type"":""chg"",""score"":""9 : 15"",""txt"":""Zmiana: M. Oleszczuk ⇄ E. Breviglieri""},{""type"":""rally"",""score"":""9 : 15"",""speed"":""56.0 km/h"",""res"":""Punkt: I. Komorowski""},{""type"":""chg"",""score"":""9 : 14"",""txt"":""Zmiana: V. Bakas ⇄ K. Rutkowski""},{""type"":""chg"",""score"":""9 : 14"",""txt"":""Zmiana: A. Swoboda ⇄ C. Arata""},{""type"":""rally"",""score"":""9 : 14"",""speed"":""63.6 km/h"",""res"":""Punkt: I. Komorowski""},{""type"":""rally"",""score"":""9 : 13"",""speed"":""-"",""res"":""Błąd: E. Breviglieri""},{""type"":""rally"",""score"":""9 : 12"",""speed"":""60.4 km/h"",""res"":""Punkt: M. Hyla""},{""type"":""rally"",""score"":""8 : 12"",""speed"":""50.9 km/h"",""res"":""Punkt: P. Pytlik""},{""type"":""rally"",""score"":""8 : 11"",""speed"":""57.8 km/h"",""res"":""Punkt: E. Breviglieri""},{""type"":""rally"",""score"":""7 : 11"",""speed"":""86.9 km/h"",""res"":""Punkt: H. Leme""},{""type"":""rally"",""score"":""7 : 10"",""speed"":""70.5 km/h"",""res"":""Punkt: K. Rutkowski""},{""type"":""rally"",""score"":""6 : 10"",""speed"":""-"",""res"":""Błąd: F. Blondel""},{""type"":""rally"",""score"":""6 : 9"",""speed"":""68.3 km/h"",""res"":""Punkt: F. Blondel""},{""type"":""chg"",""score"":""5 : 9"",""txt"":""Zmiana: M. Hyla ⇄ A. Kladar""},{""type"":""chg"",""score"":""5 : 9"",""txt"":""Zmiana: F. Blondel ⇄ K. Możejko""},{""type"":""tmo"",""score"":""5 : 9"",""txt"":""Czas: Twierdza Teodorówka""},{""type"":""rally"",""score"":""5 : 9"",""speed"":""66.8 km/h"",""res"":""Punkt: K. Frydryk""},{""type"":""tmo"",""score"":""5 : 8"",""txt"":""Czas: ""},{""type"":""rally"",""score"":""5 : 8"",""speed"":""70.3 km/h"",""res"":""Punkt: K. Frydryk""},{""type"":""rally"",""score"":""5 : 7"",""speed"":""59.6 km/h"",""res"":""Punkt: P. Pytlik""},{""type"":""rally"",""score"":""5 : 6"",""speed"":""-"",""res"":""Błąd: É. Salgado""},{""type"":""rally"",""score"":""4 : 6"",""speed"":""63.1 km/h"",""res"":""Punkt: P. Pytlik""},{""type"":""rally"",""score"":""4 : 5"",""speed"":""74.4 km/h"",""res"":""Punkt: I. Komorowski""},{""type"":""rally"",""score"":""4 : 4"",""speed"":""-"",""res"":""Błąd: K. Rutkowski""},{""type"":""chg"",""score"":""4 : 3"",""txt"":""Zmiana: I. Komorowski ⇄ M. Nakonieczny""},{""type"":""rally"",""score"":""4 : 3"",""speed"":""78.3 km/h"",""res"":""Punkt: K. Możejko""},{""type"":""rally"",""score"":""3 : 3"",""speed"":""46.9 km/h"",""res"":""Punkt: K. Możejko""},{""type"":""rally"",""score"":""2 : 3"",""speed"":""65.9 km/h"",""res"":""Punkt: M. Nakonieczny""},{""type"":""rally"",""score"":""2 : 2"",""speed"":""66.8 km/h"",""res"":""Punkt: K. Rutkowski""},{""type"":""rally"",""score"":""1 : 2"",""speed"":""-"",""res"":""Błąd: S. Krajewski""},{""type"":""rally"",""score"":""1 : 1"",""speed"":""56.9 km/h"",""res"":""Punkt: K. Rutkowski""},{""type"":""chg"",""score"":""0 : 1"",""txt"":""Zmiana: M. Nakonieczny ⇄ I. Komorowski""},{""type"":""chg"",""score"":""0 : 1"",""txt"":""Zmiana: �. Janset ⇄ O. Cosentino""},{""type"":""tmo"",""score"":""0 : 1"",""txt"":""Czas: Polonia Bytom""},{""type"":""rally"",""score"":""0 : 1"",""speed"":""87.8 km/h"",""res"":""Punkt: K. Frydryk""}]}]}","2","5","0","0","0","0","10","45","2","0","8","0","0","2","96.8","68.7","0","0","0","0","0","0","0","0","0","0","0","0","0","0","0","0","0","0","0","0","0","0","0","0","0","0","0","0","0","0","33","18","5","4","36","96","0","0","0","0","0","0","0","0","0","0","0","0","0","0","0","0","0","3","1","1","2","0","0","clan-bulk-1.2","0","0","0"
"liga_klanow_2_1","Twierdza Teodorówka vs Polonia Bytom 0:3","1297865","2026-09-18 19:00","Arena Twierdza","Stara Gwardia","1393","Twierdza Teodorówka","","Krajewski, Sebastian","1927192","5","-1","12","2","0","62.7","12","4","5","42","8","15","6","1","9","6","47","7","0","100","3","43","0","10","36","0","0","0","0","0","0","0","10.8","","4","5","0","0","0","0","10","36","0","1","10","0","0","0","62.7","54.5","1","0","1","0","3","5","1","0","2","0","0","3","3","0","0","0","0","3","0","0","0","0","0","0","0","0","1","0","0","1","0","0","0","0","0","0","0","0","0","0","0","0","0","0","0","0","0","0","0","0","0","0","0","3","2","3","2","0","0","clan-bulk-1.2","0","0","0"
"liga_klanow_2_1","Twierdza Teodorówka vs Polonia Bytom 0:3","1297865","2026-09-18 19:00","Arena Twierdza","Stara Gwardia","1393","Twierdza Teodorówka","","Breviglieri, Edilio","1864943","4","1","7","2","1","65.9","3","1","2","67","33","1","0","0","1","1","100","0","0","0","0","0","1","15","24","0","0","0","0","0","0","0","6.9","","1","1","0","0","0","0","15","24","1","0","15","0","0","0","65.9","58.9","0","0","0","0","0","0","0","0","1","0","0","1","0","0","0","0","0","0","2","0","0","0","0","2","0","0","0","0","0","0","0","0","0","0","0","0","0","0","0","0","0","0","0","0","0","0","0","0","0","0","0","0","0","3","2","2","2","0","0","clan-bulk-1.2","0","0","0"
"liga_klanow_2_1","Twierdza Teodorówka vs Polonia Bytom 0:3","1297865","2026-09-18 19:00","Arena Twierdza","Stara Gwardia","1393","Twierdza Teodorówka","","Rutkowski, Krzysztof","1948981","14","10","8","1","0","78.4","30","3","12","40","30","12","7","2","5","2","33","0","0","0","0","0","2","18","26","0","0","0","0","0","0","0","32.9","","2","2","0","0","0","0","18","26","2","0","16","0","0","2","78.4","66.8","2","0","0","0","2","4","2","0","0","0","0","2","4","1","0","0","8","13","0","0","0","0","0","0","1","1","1","3","5","11","0","0","0","0","0","0","0","0","0","0","0","0","0","0","0","0","0","0","0","0","0","0","0","2","0","10","4","0","0","clan-bulk-1.2","0","0","0"
"liga_klanow_2_1","Twierdza Teodorówka vs Polonia Bytom 0:3","1297865","2026-09-18 19:00","Arena Twierdza","Stara Gwardia","1393","Twierdza Teodorówka","","Kladar, Adnan","2032104","0","-4","4","0","0","64.3","5","3","0","0","-60","8","5","0","3","2","25","33","1","97","12","36","0","17","32","0","0","0","0","0","0","0","11.9","","1","2","0","0","0","0","17","32","0","1","16","0","0","1","64.3","60.3","0","0","0","0","1","1","0","0","1","0","0","1","0","0","1","0","0","1","0","0","0","0","0","0","0","0","1","0","1","2","0","0","0","0","0","0","0","0","0","0","0","0","0","0","0","0","0","0","0","0","0","0","0","0","0","0","0","0","0","clan-bulk-1.2","0","0","0"
"liga_klanow_2_1","Twierdza Teodorówka vs Polonia Bytom 0:3","1297865","2026-09-18 19:00","Arena Twierdza","Stara Gwardia","1393","Twierdza Teodorówka","","Możejko, Krzysztof","1864673","4","4","2","0","0","76.4","5","0","3","60","60","1","1","0","0","0","0","0","0","0","0","0","1","14","18","0","0","0","0","0","0","0","9","","0","0","0","0","0","0","14","18","1","0","11","0","0","3","76.4","74.7","0","0","0","0","1","1","0","0","0","0","0","0","0","0","0","0","0","0","3","0","0","0","1","4","0","0","0","0","0","0","0","0","0","0","0","0","0","0","0","0","0","0","0","0","0","0","0","0","0","0","0","0","0","2","0","2","2","0","0","clan-bulk-1.2","0","0","0"
"liga_klanow_2_1","Twierdza Teodorówka vs Polonia Bytom 0:3","1297865","2026-09-18 19:00","Arena Twierdza","Stara Gwardia","1393","Twierdza Teodorówka","","Arata, Chuichi","2088669","0","0","0","0","0","0","0","0","0","0","0","11","5","2","6","4","55","4","0","100","1","25","0","0","0","1","0","2","0","1","0","1","5.2","","3","5","0","0","0","0","0","0","0","0","0","0","0","0","0","0","0","0","0","0","0","0","0","0","0","0","0","0","0","0","0","0","0","0","0","0","0","0","0","0","0","0","0","0","0","0","1","0","0","0","1","2","0","0","0","0","0","0","0","0","0","0","0","0","0","0","0","0","0","0","0","0","0","0","0","clan-bulk-1.2","0","0","0"
"liga_klanow_2_1","Twierdza Teodorówka vs Polonia Bytom 0:3","1297865","2026-09-18 19:00","Arena Twierdza","Stara Gwardia","1393","Twierdza Teodorówka","","Hyla, Mikołaj","1927193","2","0","2","0","0","48.4","2","1","1","50","0","5","4","3","1","0","60","24","1","96","12","50","1","4","20","0","0","0","0","0","0","0","17.9","","0","0","0","0","0","0","4","20","1","0","4","0","0","0","48.4","48.1","0","1","0","0","0","1","0","0","0","0","0","0","1","0","0","0","0","1","0","0","0","0","0","0","0","0","0","0","0","0","0","0","0","0","0","0","0","0","0","0","0","0","0","0","0","0","0","0","0","0","0","0","0","2","1","0","2","0","0","clan-bulk-1.2","0","0","0"
"liga_klanow_2_1","Twierdza Teodorówka vs Polonia Bytom 0:3","1297865","2026-09-18 19:00","Arena Twierdza","Stara Gwardia","1393","Twierdza Teodorówka","","Oleszczuk, Marcin","1724842","6","3","3","0","0","60.7","12","3","6","50","25","2","1","0","1","1","50","0","0","0","0","0","0","8","16","0","0","0","0","0","0","0","12.9","","1","1","0","0","0","0","8","16","0","0","8","0","0","0","60.7","50.5","1","0","1","0","1","3","0","0","2","0","0","2","0","0","0","0","0","0","4","0","0","1","2","7","0","0","0","0","0","0","0","0","0","0","0","0","0","0","0","0","0","0","0","0","0","0","0","0","0","0","0","0","0","2","3","0","2","0","0","clan-bulk-1.2","0","0","0"
"liga_klanow_2_1","Twierdza Teodorówka vs Polonia Bytom 0:3","1297865","2026-09-18 19:00","Arena Twierdza","Stara Gwardia","1393","Twierdza Teodorówka","","Swoboda, Adam","1950541","0","0","0","0","0","0","0","0","0","0","0","11","4","1","7","4","45","1","0","100","0","0","0","0","0","0","0","0","0","0","0","0","2.8","","2","3","0","0","0","0","0","0","0","0","0","0","0","0","0","0","0","0","0","0","0","0","0","0","0","0","0","0","0","0","0","0","0","0","0","0","0","0","0","0","0","0","0","0","0","0","0","0","0","0","0","0","0","0","0","0","0","0","0","0","0","0","0","0","0","0","0","0","0","0","0","0","0","0","0","clan-bulk-1.2","0","0","0"
"liga_klanow_2_1","Twierdza Teodorówka vs Polonia Bytom 0:3","1297865","2026-09-18 19:00","Arena Twierdza","Stara Gwardia","1393","Twierdza Teodorówka","","Bakas, Vassilis","1974513","6","3","4","0","0","65.4","10","3","6","60","30","4","3","0","1","0","0","0","0","0","0","0","0","4","17","0","0","0","0","0","0","0","7.5","","0","0","0","0","0","0","4","17","0","0","4","0","0","0","65.4","61.8","0","0","0","0","0","0","1","0","1","0","0","2","3","0","1","1","1","6","0","0","0","0","0","0","1","1","0","0","0","2","0","0","0","0","0","0","0","0","0","0","0","0","0","0","0","0","0","0","0","0","0","0","0","2","4","0","2","0","0","clan-bulk-1.2","0","0","0"
"liga_klanow_2_1","Twierdza Teodorówka vs Polonia Bytom 0:3","1297865","2026-09-18 19:00","Arena Twierdza","Stara Gwardia","1393","Twierdza Teodorówka","","Blondel, Francis","1948989","9","4","6","1","1","74.1","19","4","4","21","0","4","1","0","3","0","0","0","0","0","0","0","4","18","30","0","0","0","0","0","0","0","16","","0","0","0","0","0","0","18","30","3","0","14","1","0","4","74.1","59.5","0","0","0","0","4","4","0","0","2","0","0","2","0","0","0","0","0","0","4","0","2","0","7","13","0","0","0","0","0","0","0","0","0","0","0","0","0","0","0","0","0","0","0","0","0","0","0","0","0","0","0","0","0","2","5","0","4","0","0","clan-bulk-1.2","0","0","0"
"liga_klanow_2_1","Twierdza Teodorówka vs Polonia Bytom 0:3","1297865","2026-09-18 19:00","Arena Twierdza","EXPLOSION II","1393","Polonia Bytom","","Cosentino, Orazio","1681865","0","0","4","0","0","44.5","0","0","0","0","0","8","6","3","2","1","50","0","0","0","0","0","0","5","11","15","1","28","4","10","5","9","2.8","","1","2","0","0","0","0","5","11","0","0","5","0","0","0","44.5","42.1","0","0","0","0","0","0","0","0","0","0","0","0","0","0","0","0","0","0","0","0","0","0","0","0","0","0","0","0","0","0","15","1","1","3","8","28","0","0","0","0","0","0","0","0","0","0","0","0","0","0","0","0","0","0","0","0","0","0","0","clan-bulk-1.2","0","0","0"
"liga_klanow_2_1","Twierdza Teodorówka vs Polonia Bytom 0:3","1297865","2026-09-18 19:00","Arena Twierdza","EXPLOSION II","1393","Polonia Bytom","","Pytlik, Patryk","1725101","8","4","17","0","1","65.4","9","3","2","22","-11","10","9","5","1","0","50","20","1","95","11","55","5","31","48","0","0","0","0","0","0","0","31.5","","0","0","0","0","0","0","31","48","5","1","28","0","0","3","65.6","55.6","1","1","2","0","2","6","0","0","0","0","0","0","0","0","0","0","1","1","0","0","0","0","0","0","1","0","0","0","1","2","0","0","0","0","0","0","0","0","0","0","0","0","0","0","0","0","0","0","0","0","0","0","0","3","2","3","4","0","0","clan-bulk-1.2","0","0","0"
"liga_klanow_2_1","Twierdza Teodorówka vs Polonia Bytom 0:3","1297865","2026-09-18 19:00","Arena Twierdza","EXPLOSION II","1393","Polonia Bytom","","Frydryk, Kamil","1865767","24","22","12","0","0","69.3","28","2","18","64","57","5","3","0","2","0","0","0","0","0","0","0","6","48","57","1","1","2","1","0","0","1","62.4","","0","0","0","0","0","0","48","57","6","2","43","0","0","5","69.3","55.9","3","1","0","0","5","9","0","0","0","1","1","2","0","0","0","0","0","0","14","0","1","0","2","17","0","0","0","0","0","0","1","1","0","0","0","2","0","0","0","0","0","0","0","0","0","0","0","0","0","0","0","0","0","3","9","9","6","0","0","clan-bulk-1.2","0","0","0"
"liga_klanow_2_1","Twierdza Teodorówka vs Polonia Bytom 0:3","1297865","2026-09-18 19:00","Arena Twierdza","EXPLOSION II","1393","Polonia Bytom","","Leme, Heitor","1950826","5","2","7","1","0","68.8","7","2","3","43","14","12","7","5","5","5","83","0","0","0","0","0","2","23","34","0","0","0","0","0","0","0","14","","4","4","0","0","0","0","23","34","2","1","22","0","0","1","68.8","57.6","1","0","1","0","2","4","0","0","0","0","0","0","1","0","1","0","0","2","0","0","0","0","0","0","1","0","0","0","0","1","0","0","0","0","0","0","0","0","0","0","0","0","0","0","0","0","0","0","0","0","0","0","0","2","3","0","3","0","0","clan-bulk-1.2","0","0","0"
"liga_klanow_2_1","Twierdza Teodorówka vs Polonia Bytom 0:3","1297865","2026-09-18 19:00","Arena Twierdza","EXPLOSION II","1393","Polonia Bytom","","Salgado, Érico","1950825","2","-4","7","3","0","0","4","2","1","25","-25","8","5","2","3","2","50","12","1","92","7","58","1","17","31","0","0","0","0","0","0","0","6.6","","1","1","0","0","0","0","17","31","1","0","16","0","0","1","74.4","65.6","1","0","0","0","1","2","0","0","1","0","0","1","0","0","1","0","0","1","0","0","0","0","0","0","0","0","0","0","0","0","0","0","0","0","0","0","0","0","0","0","0","0","0","0","0","0","0","0","0","0","0","0","0","2","0","2","3","0","0","clan-bulk-1.2","0","0","0"
"liga_klanow_2_1","Twierdza Teodorówka vs Polonia Bytom 0:3","1297865","2026-09-18 19:00","Arena Twierdza","EXPLOSION II","1393","Polonia Bytom","","Komorowski, Igor","1927372","20","14","14","0","1","80.1","32","6","18","56","38","2","2","0","0","0","0","0","0","0","0","0","1","28","38","0","0","0","0","0","0","0","40.6","","0","0","0","0","0","0","28","38","1","1","25","0","0","3","80.1","63.9","1","0","0","0","4","5","2","0","0","0","0","2","0","0","0","0","0","0","15","3","3","0","4","25","0","0","0","0","0","0","0","0","0","0","0","0","0","0","0","0","0","0","0","0","0","0","0","0","0","0","0","0","0","3","10","9","4","0","0","clan-bulk-1.2","0","0","0"
"liga_klanow_2_1","Twierdza Teodorówka vs Polonia Bytom 0:3","1297865","2026-09-18 19:00","Arena Twierdza","EXPLOSION II","1393","Polonia Bytom","","Szymczak, Łukasz","1864886","0","-1","0","0","0","0","0","0","0","0","0","18","10","6","8","3","50","14","1","93","10","71","0","0","0","1","1","3","1","0","0","2","13.2","","3","5","0","0","0","0","0","0","0","0","0","0","0","0","0","0","0","0","0","0","0","0","0","0","0","0","0","0","0","0","0","0","0","0","0","0","0","0","0","0","0","0","0","0","0","0","1","1","0","0","1","3","0","0","0","0","0","0","0","0","0","0","0","0","0","0","0","0","0","0","0","0","0","0","0","clan-bulk-1.2","0","0","0"
"liga_klanow_2_1","Twierdza Teodorówka vs Polonia Bytom 0:3","1297865","2026-09-18 19:00","Arena Twierdza","EXPLOSION II","1393","Polonia Bytom","","Nakonieczny, Maurycy","1686209","1","1","0","0","0","0","2","0","1","50","50","0","0","0","0","0","0","0","0","0","0","0","0","0","3","0","0","0","0","0","0","0","2","","0","0","0","0","0","0","0","3","0","0","0","0","0","0","0","0","0","0","0","0","1","1","0","0","0","0","0","0","0","0","0","0","0","0","1","0","0","0","0","1","0","0","0","0","0","0","0","0","0","0","0","0","0","0","0","0","0","0","0","0","0","0","0","0","0","0","0","0","0","0","0","0","1","0","0","clan-bulk-1.2","0","0","0"
"liga_klanow_2_1","Twierdza Teodorówka vs Polonia Bytom 0:3","1297865","2026-09-18 19:00","Arena Twierdza","EXPLOSION II","1393","Polonia Bytom","","Alencar, Elísio","2002597","4","3","4","0","0","74.6","5","0","4","80","80","5","1","0","4","3","60","7","1","86","4","57","0","12","19","0","0","0","0","0","0","0","11.2","","3","3","0","0","0","0","12","19","0","0","11","0","0","1","74.6","64.5","1","0","0","1","1","3","1","0","0","0","0","1","1","0","0","0","0","1","0","0","0","0","0","0","0","0","0","0","0","0","0","0","0","0","0","0","0","0","0","0","0","0","0","0","0","0","0","0","0","0","0","0","0","1","3","0","0","0","0","clan-bulk-1.2","0","0","0"
"liga_klanow_2_1","Twierdza Teodorówka vs Polonia Bytom 0:3","1297865","2026-09-18 19:00","Arena Twierdza","EXPLOSION II","1393","Polonia Bytom","","Rak, Jakub","1950256","3","2","2","0","0","67.8","1","1","0","0","-100","4","3","3","1","0","75","0","0","0","0","0","3","11","20","0","0","0","0","0","0","0","9.9","","0","0","0","0","0","0","11","20","3","0","10","0","0","1","67.8","57","0","0","0","0","0","0","0","0","0","0","0","0","0","0","0","0","0","0","0","0","0","0","0","0","0","0","1","0","0","1","0","0","0","0","0","0","0","0","0","0","0","0","0","0","0","0","0","0","0","0","0","0","0","1","0","3","0","0","0","clan-bulk-1.2","0","0","0"
"liga_klanow_2_1","Twierdza Teodorówka vs Polonia Bytom 0:3","1297865","2026-09-18 19:00","Arena Twierdza","EXPLOSION II","1393","Polonia Bytom","","Janset, Çelik","2003027","0","0","6","0","0","0","0","0","0","0","0","11","9","1","2","0","9","0","0","0","0","0","0","7","33","28","8","55","17","19","14","5","0.8","","0","1","0","0","0","0","7","33","0","0","7","0","0","0","70.5","60.7","0","0","0","0","0","0","0","0","0","0","0","0","0","0","0","0","0","0","0","0","0","0","0","0","0","0","0","0","0","0","28","8","1","2","16","55","0","0","0","0","0","0","0","0","0","0","0","0","0","0","0","0","0","0","0","0","0","0","0","clan-bulk-1.2","0","0","0"
"liga_klanow_2_1","Bydgoszcz Spartans vs Ranczo Wilkowyje 1:3","1297866","2026-09-18 19:00","Sisu Arena","Stara Gwardia","1393","Bydgoszcz Spartans","","Armanet, Jean-Marie","1974412","4","4","15","0","1","56.6","4","0","1","25","25","23","15","8","8","4","52","0","0","0","0","0","2","25","52","33","20","119","12","38","42","27","19","{""sets"":[{""h"":18,""a"":25},{""h"":25,""a"":15},{""h"":18,""a"":25},{""h"":11,""a"":25}],""parsedSets"":[{""rallies"":[{""type"":""end"",""score"":""18 : 25"",""txt"":""Koniec seta 0 : 1""},{""type"":""end"",""score"":""18 : 25"",""txt"":""Koniec seta 0 : 1""},{""type"":""rally"",""score"":""18 : 25"",""speed"":""-"",""res"":""Błąd: G. Piva""},{""type"":""rally"",""score"":""18 : 24"",""speed"":""61.8 km/h"",""res"":""Punkt: J. Armanet""},{""type"":""rally"",""score"":""17 : 24"",""speed"":""58.4 km/h"",""res"":""Błąd: G. Piva""},{""type"":""rally"",""score"":""17 : 23"",""speed"":""64.7 km/h"",""res"":""Punkt: J. Walton""},{""type"":""rally"",""score"":""17 : 22"",""speed"":""-"",""res"":""Błąd: M. Gavrilaş""},{""type"":""rally"",""score"":""17 : 21"",""speed"":""56.2 km/h"",""res"":""Punkt: A. Krústev""},{""type"":""rally"",""score"":""16 : 21"",""speed"":""48.6 km/h"",""res"":""Punkt: G. Piva""},{""type"":""rally"",""score"":""15 : 21"",""speed"":""65.8 km/h"",""res"":""Punkt: G. Piva""},{""type"":""rally"",""score"":""14 : 21"",""speed"":""47.5 km/h"",""res"":""Błąd: G. Piva""},{""type"":""rally"",""score"":""14 : 20"",""speed"":""58.5 km/h"",""res"":""Punkt: D. Ardito""},{""type"":""rally"",""score"":""14 : 19"",""speed"":""47.9 km/h"",""res"":""Punkt: J. Sokolik""},{""type"":""rally"",""score"":""13 : 19"",""speed"":""54.7 km/h"",""res"":""Punkt: G. Piva""},{""type"":""rally"",""score"":""12 : 19"",""speed"":""46.1 km/h"",""res"":""Punkt: G. Piva""},{""type"":""rally"",""score"":""11 : 19"",""speed"":""43.4 km/h"",""res"":""Błąd: G. Piva""},{""type"":""rally"",""score"":""11 : 18"",""speed"":""65.6 km/h"",""res"":""Punkt: D. Ardito""},{""type"":""rally"",""score"":""11 : 17"",""speed"":""48.7 km/h"",""res"":""Punkt: D. Ardito""},{""type"":""tmo"",""score"":""11 : 16"",""txt"":""Czas: ""},{""type"":""rally"",""score"":""11 : 16"",""speed"":""56.3 km/h"",""res"":""Punkt: D. Ardito""},{""type"":""rally"",""score"":""11 : 15"",""speed"":""50.9 km/h"",""res"":""Punkt: S. Hulin""},{""type"":""rally"",""score"":""11 : 14"",""speed"":""78.1 km/h"",""res"":""Punkt: E. Yingkai""},{""type"":""rally"",""score"":""10 : 14"",""speed"":""52.4 km/h"",""res"":""Punkt: J. Walton""},{""type"":""rally"",""score"":""10 : 13"",""speed"":""56.9 km/h"",""res"":""Punkt: E. Yingkai""},{""type"":""rally"",""score"":""9 : 13"",""speed"":""46.0 km/h"",""res"":""Punkt: J. Walton""},{""type"":""rally"",""score"":""9 : 12"",""speed"":""61.1 km/h"",""res"":""Punkt: J. Walton""},{""type"":""rally"",""score"":""9 : 11"",""speed"":""50.5 km/h"",""res"":""Punkt: M. Wilczyński""},{""type"":""rally"",""score"":""9 : 10"",""speed"":""42.9 km/h"",""res"":""Punkt: E. Yingkai""},{""type"":""rally"",""score"":""8 : 10"",""speed"":""48.5 km/h"",""res"":""Punkt: J. Walton""},{""type"":""rally"",""score"":""8 : 9"",""speed"":""61.4 km/h"",""res"":""Punkt: A. Krústev""},{""type"":""rally"",""score"":""7 : 9"",""speed"":""47.6 km/h"",""res"":""Punkt: D. Ardito""},{""type"":""rally"",""score"":""7 : 8"",""speed"":""44.1 km/h"",""res"":""Punkt: G. Piva""},{""type"":""rally"",""score"":""6 : 8"",""speed"":""49.0 km/h"",""res"":""Punkt: M. Gavrilaş""},{""type"":""tmo"",""score"":""5 : 8"",""txt"":""Czas: ""},{""type"":""rally"",""score"":""5 : 8"",""speed"":""49.3 km/h"",""res"":""Punkt: M. Wilczyński""},{""type"":""rally"",""score"":""5 : 7"",""speed"":""51.3 km/h"",""res"":""Punkt: D. Ardito""},{""type"":""rally"",""score"":""5 : 6"",""speed"":""58.9 km/h"",""res"":""Błąd: D. Ardito""},{""type"":""tmo"",""score"":""4 : 6"",""txt"":""Czas: Bydgoszcz Spartans""},{""type"":""rally"",""score"":""4 : 6"",""speed"":""68.4 km/h"",""res"":""Punkt: D. Ardito""},{""type"":""rally"",""score"":""4 : 5"",""speed"":""61.3 km/h"",""res"":""Punkt: D. Ardito""},{""type"":""rally"",""score"":""4 : 4"",""speed"":""50.8 km/h"",""res"":""Punkt: T. Karubo""},{""type"":""rally"",""score"":""4 : 3"",""speed"":""53.2 km/h"",""res"":""Punkt: S. Hulin""},{""type"":""rally"",""score"":""4 : 2"",""speed"":""59.0 km/h"",""res"":""Punkt: E. Yingkai""},{""type"":""rally"",""score"":""3 : 2"",""speed"":""-"",""res"":""Błąd: A. Krústev""},{""type"":""rally"",""score"":""3 : 1"",""speed"":""64.6 km/h"",""res"":""Punkt: E. Yingkai""},{""type"":""rally"",""score"":""2 : 1"",""speed"":""47.7 km/h"",""res"":""Punkt: A. Krústev""},{""type"":""rally"",""score"":""1 : 1"",""speed"":""45.0 km/h"",""res"":""Punkt: E. Yingkai""},{""type"":""rally"",""score"":""0 : 1"",""speed"":""49.9 km/h"",""res"":""Punkt: J. Walton""}]},{""rallies"":[{""type"":""end"",""score"":""25 : 15"",""txt"":""Koniec seta 1 : 1""},{""type"":""end"",""score"":""25 : 15"",""txt"":""Koniec seta 1 : 1""},{""type"":""rally"",""score"":""25 : 15"",""speed"":""53.5 km/h"",""res"":""Punkt: A. Krústev""},{""type"":""rally"",""score"":""24 : 15"",""speed"":""54.3 km/h"",""res"":""Punkt: A. Krústev""},{""type"":""rally"",""score"":""23 : 15"",""speed"":""-"",""res"":""Błąd: D. Ardito""},{""type"":""rally"",""score"":""22 : 15"",""speed"":""-"",""res"":""Błąd: G. Piva""},{""type"":""rally"",""score"":""22 : 14"",""speed"":""49.2 km/h"",""res"":""Punkt: E. Yingkai""},{""type"":""rally"",""score"":""21 : 14"",""speed"":""45.8 km/h"",""res"":""Punkt: J. Sokolik""},{""type"":""rally"",""score"":""20 : 14"",""speed"":""52.1 km/h"",""res"":""Punkt: M. Wilczyński""},{""type"":""rally"",""score"":""20 : 13"",""speed"":""45.9 km/h"",""res"":""Punkt: G. Piva""},{""type"":""rally"",""score"":""19 : 13"",""speed"":""61.1 km/h"",""res"":""Punkt: J. Sokolik""},{""type"":""rally"",""score"":""18 : 13"",""speed"":""57.1 km/h"",""res"":""Punkt: J. Armanet""},{""type"":""rally"",""score"":""17 : 13"",""speed"":""57.8 km/h"",""res"":""Punkt: D. Ardito""},{""type"":""rally"",""score"":""17 : 12"",""speed"":""-"",""res"":""Błąd: J. Walton""},{""type"":""rally"",""score"":""16 : 12"",""speed"":""52.4 km/h"",""res"":""Punkt: D. Ardito""},{""type"":""rally"",""score"":""16 : 11"",""speed"":""56.3 km/h"",""res"":""Punkt: J. Walton""},{""type"":""tmo"",""score"":""16 : 10"",""txt"":""Czas: ""},{""type"":""rally"",""score"":""16 : 10"",""speed"":""51.0 km/h"",""res"":""Punkt: J. Sokolik""},{""type"":""rally"",""score"":""15 : 10"",""speed"":""56.2 km/h"",""res"":""Punkt: M. Gavrilaş""},{""type"":""rally"",""score"":""14 : 10"",""speed"":""58.2 km/h"",""res"":""Punkt: S. Hulin""},{""type"":""rally"",""score"":""14 : 9"",""speed"":""62.1 km/h"",""res"":""Punkt: E. Yingkai""},{""type"":""tmo"",""score"":""13 : 9"",""txt"":""Czas: Ranczo Wilkowyje""},{""type"":""rally"",""score"":""13 : 9"",""speed"":""49.4 km/h"",""res"":""Błąd: J. Walton""},{""type"":""rally"",""score"":""12 : 9"",""speed"":""54.3 km/h"",""res"":""Punkt: A. Krústev""},{""type"":""rally"",""score"":""11 : 9"",""speed"":""52.4 km/h"",""res"":""Punkt: M. Gavrilaş""},{""type"":""rally"",""score"":""10 : 9"",""speed"":""44.8 km/h"",""res"":""Punkt: S. Hulin""},{""type"":""rally"",""score"":""10 : 8"",""speed"":""44.9 km/h"",""res"":""Punkt: J. Walton""},{""type"":""tmo"",""score"":""10 : 7"",""txt"":""Czas: Ranczo Wilkowyje""},{""type"":""rally"",""score"":""10 : 7"",""speed"":""46.7 km/h"",""res"":""Punkt: J. Sokolik""},{""type"":""rally"",""score"":""9 : 7"",""speed"":""56.6 km/h"",""res"":""Punkt: E. Yingkai""},{""type"":""tmo"",""score"":""8 : 7"",""txt"":""Czas: ""},{""type"":""rally"",""score"":""8 : 7"",""speed"":""44.7 km/h"",""res"":""Błąd: T. Karubo""},{""type"":""rally"",""score"":""7 : 7"",""speed"":""-"",""res"":""Błąd: D. Ardito""},{""type"":""rally"",""score"":""6 : 7"",""speed"":""46.8 km/h"",""res"":""Punkt: D. Ardito""},{""type"":""rally"",""score"":""6 : 6"",""speed"":""43.0 km/h"",""res"":""Punkt: G. Piva""},{""type"":""rally"",""score"":""5 : 6"",""speed"":""58.1 km/h"",""res"":""Punkt: M. Wilczyński""},{""type"":""rally"",""score"":""5 : 5"",""speed"":""68.0 km/h"",""res"":""Punkt: M. Wilczyński""},{""type"":""rally"",""score"":""5 : 4"",""speed"":""50.6 km/h"",""res"":""Punkt: D. Ardito""},{""type"":""rally"",""score"":""5 : 3"",""speed"":""58.1 km/h"",""res"":""Punkt: M. Gavrilaş""},{""type"":""rally"",""score"":""4 : 3"",""speed"":""46.4 km/h"",""res"":""Punkt: D. Ardito""},{""type"":""rally"",""score"":""4 : 2"",""speed"":""52.0 km/h"",""res"":""Punkt: J. Sokolik""},{""type"":""rally"",""score"":""3 : 2"",""speed"":""54.2 km/h"",""res"":""Punkt: J. Walton""},{""type"":""rally"",""score"":""3 : 1"",""speed"":""-"",""res"":""Błąd: M. Wilczyński""},{""type"":""rally"",""score"":""2 : 1"",""speed"":""49.5 km/h"",""res"":""Punkt: J. Walton""},{""type"":""rally"",""score"":""2 : 0"",""speed"":""47.7 km/h"",""res"":""Błąd: J. Walton""},{""type"":""rally"",""score"":""1 : 0"",""speed"":""53.8 km/h"",""res"":""Punkt: E. Yingkai""}]},{""rallies"":[{""type"":""end"",""score"":""18 : 25"",""txt"":""Koniec seta 1 : 2""},{""type"":""end"",""score"":""18 : 25"",""txt"":""Koniec seta 1 : 2""},{""type"":""rally"",""score"":""18 : 25"",""speed"":""69.7 km/h"",""res"":""Punkt: D. Ardito""},{""type"":""rally"",""score"":""18 : 24"",""speed"":""55.4 km/h"",""res"":""Punkt: J. Walton""},{""type"":""rally"",""score"":""18 : 23"",""speed"":""49.7 km/h"",""res"":""Punkt: A. Krústev""},{""type"":""rally"",""score"":""17 : 23"",""speed"":""59.6 km/h"",""res"":""Punkt: E. Yingkai""},{""type"":""rally"",""score"":""16 : 23"",""speed"":""55.7 km/h"",""res"":""Punkt: J. Walton""},{""type"":""rally"",""score"":""16 : 22"",""speed"":""59.8 km/h"",""res"":""Punkt: T. Karubo""},{""type"":""rally"",""score"":""16 : 21"",""speed"":""60.2 km/h"",""res"":""Punkt: S. Hulin""},{""type"":""rally"",""score"":""16 : 20"",""speed"":""58.5 km/h"",""res"":""Błąd: E. Yingkai""},{""type"":""rally"",""score"":""16 : 19"",""speed"":""60.8 km/h"",""res"":""Błąd: E. Yingkai""},{""type"":""rally"",""score"":""16 : 18"",""speed"":""53.0 km/h"",""res"":""Punkt: J. Walton""},{""type"":""rally"",""score"":""16 : 17"",""speed"":""48.9 km/h"",""res"":""Punkt: J. Armanet""},{""type"":""rally"",""score"":""15 : 17"",""speed"":""41.5 km/h"",""res"":""Punkt: E. Yingkai""},{""type"":""rally"",""score"":""14 : 17"",""speed"":""53.8 km/h"",""res"":""Punkt: J. Walton""},{""type"":""tmo"",""score"":""14 : 16"",""txt"":""Czas: ""},{""type"":""rally"",""score"":""14 : 16"",""speed"":""44.3 km/h"",""res"":""Punkt: M. Wilczyński""},{""type"":""rally"",""score"":""14 : 15"",""speed"":""67.7 km/h"",""res"":""Punkt: J. Sokolik""},{""type"":""rally"",""score"":""13 : 15"",""speed"":""51.0 km/h"",""res"":""Punkt: D. Ardito""},{""type"":""rally"",""score"":""13 : 14"",""speed"":""64.6 km/h"",""res"":""Punkt: M. Gavrilaş""},{""type"":""rally"",""score"":""12 : 14"",""speed"":""50.8 km/h"",""res"":""Punkt: D. Ardito""},{""type"":""rally"",""score"":""12 : 13"",""speed"":""46.9 km/h"",""res"":""Punkt: M. Gavrilaş""},{""type"":""rally"",""score"":""11 : 13"",""speed"":""58.9 km/h"",""res"":""Punkt: G. Piva""},{""type"":""rally"",""score"":""10 : 13"",""speed"":""58.0 km/h"",""res"":""Punkt: M. Wilczyński""},{""type"":""rally"",""score"":""10 : 12"",""speed"":""73.3 km/h"",""res"":""Punkt: E. Yingkai""},{""type"":""rally"",""score"":""9 : 12"",""speed"":""53.1 km/h"",""res"":""Punkt: T. Karubo""},{""type"":""rally"",""score"":""9 : 11"",""speed"":""45.0 km/h"",""res"":""Punkt: J. Sokolik""},{""type"":""rally"",""score"":""8 : 11"",""speed"":""51.4 km/h"",""res"":""Punkt: J. Walton""},{""type"":""rally"",""score"":""8 : 10"",""speed"":""45.3 km/h"",""res"":""Punkt: E. Yingkai""},{""type"":""rally"",""score"":""7 : 10"",""speed"":""47.8 km/h"",""res"":""Punkt: J. Walton""},{""type"":""rally"",""score"":""7 : 9"",""speed"":""-"",""res"":""Błąd: D. Ardito""},{""type"":""rally"",""score"":""6 : 9"",""speed"":""65.7 km/h"",""res"":""Błąd: G. Piva""},{""type"":""tmo"",""score"":""6 : 8"",""txt"":""Czas: ""},{""type"":""rally"",""score"":""6 : 8"",""speed"":""55.8 km/h"",""res"":""Punkt: D. Ardito""},{""type"":""rally"",""score"":""6 : 7"",""speed"":""58.9 km/h"",""res"":""Punkt: J. Sokolik""},{""type"":""tmo"",""score"":""5 : 7"",""txt"":""Czas: Bydgoszcz Spartans""},{""type"":""rally"",""score"":""5 : 7"",""speed"":""58.4 km/h"",""res"":""Punkt: M. Wilczyński""},{""type"":""rally"",""score"":""5 : 6"",""speed"":""60.7 km/h"",""res"":""Punkt: D. Ardito""},{""type"":""rally"",""score"":""5 : 5"",""speed"":""49.8 km/h"",""res"":""Punkt: D. Ardito""},{""type"":""rally"",""score"":""5 : 4"",""speed"":""-"",""res"":""Błąd: S. Hulin""},{""type"":""rally"",""score"":""4 : 4"",""speed"":""52.3 km/h"",""res"":""Punkt: D. Ardito""},{""type"":""rally"",""score"":""4 : 3"",""speed"":""48.5 km/h"",""res"":""Punkt: S. Hulin""},{""type"":""rally"",""score"":""4 : 2"",""speed"":""56.6 km/h"",""res"":""Punkt: E. Yingkai""},{""type"":""rally"",""score"":""3 : 2"",""speed"":""56.8 km/h"",""res"":""Punkt: J. Walton""},{""type"":""rally"",""score"":""3 : 1"",""speed"":""58.6 km/h"",""res"":""Punkt: E. Yingkai""},{""type"":""rally"",""score"":""2 : 1"",""speed"":""49.7 km/h"",""res"":""Punkt: M. Wilczyński""},{""type"":""rally"",""score"":""2 : 0"",""speed"":""47.1 km/h"",""res"":""Błąd: J. Walton""},{""type"":""rally"",""score"":""1 : 0"",""speed"":""50.3 km/h"",""res"":""Punkt: A. Krústev""}]},{""rallies"":[{""type"":""end"",""score"":""11 : 25"",""txt"":""Koniec seta 1 : 3""},{""type"":""end"",""score"":""11 : 25"",""txt"":""Koniec seta 1 : 3""},{""type"":""rally"",""score"":""11 : 25"",""speed"":""55.9 km/h"",""res"":""Punkt: T. Karubo""},{""type"":""rally"",""score"":""11 : 24"",""speed"":""45.6 km/h"",""res"":""Punkt: G. Piva""},{""type"":""rally"",""score"":""10 : 24"",""speed"":""56.9 km/h"",""res"":""Błąd: J. Walton""},{""type"":""rally"",""score"":""9 : 24"",""speed"":""72.3 km/h"",""res"":""Punkt: J. Walton""},{""type"":""rally"",""score"":""9 : 23"",""speed"":""71.0 km/h"",""res"":""Punkt: J. Walton""},{""type"":""rally"",""score"":""9 : 22"",""speed"":""52.3 km/h"",""res"":""Punkt: T. Karubo""},{""type"":""rally"",""score"":""9 : 21"",""speed"":""47.8 km/h"",""res"":""Punkt: E. Yingkai""},{""type"":""rally"",""score"":""8 : 21"",""speed"":""54.5 km/h"",""res"":""Punkt: J. Walton""},{""type"":""chg"",""score"":""8 : 20"",""txt"":""Zmiana: D. Ardito ⇄ P. Aliverti""},{""type"":""rally"",""score"":""8 : 20"",""speed"":""50.8 km/h"",""res"":""Punkt: M. Gavrilaş""},{""type"":""rally"",""score"":""7 : 20"",""speed"":""45.0 km/h"",""res"":""Punkt: E. Yingkai""},{""type"":""rally"",""score"":""6 : 20"",""speed"":""51.7 km/h"",""res"":""Punkt: J. Walton""},{""type"":""rally"",""score"":""6 : 19"",""speed"":""48.3 km/h"",""res"":""Punkt: E. Yingkai""},{""type"":""rally"",""score"":""5 : 19"",""speed"":""-"",""res"":""Błąd: G. Piva""},{""type"":""rally"",""score"":""5 : 18"",""speed"":""58.5 km/h"",""res"":""Punkt: G. Piva""},{""type"":""rally"",""score"":""4 : 18"",""speed"":""44.6 km/h"",""res"":""Błąd: J. Sokolik""},{""type"":""rally"",""score"":""4 : 17"",""speed"":""45.7 km/h"",""res"":""Punkt: M. Wilczyński""},{""type"":""tmo"",""score"":""4 : 16"",""txt"":""Czas: ""},{""type"":""rally"",""score"":""4 : 16"",""speed"":""53.9 km/h"",""res"":""Punkt: P. Aliverti""},{""type"":""rally"",""score"":""4 : 15"",""speed"":""52.3 km/h"",""res"":""Punkt: G. Piva""},{""type"":""chg"",""score"":""3 : 15"",""txt"":""Zmiana: P. Aliverti ⇄ D. Ardito""},{""type"":""rally"",""score"":""3 : 15"",""speed"":""56.3 km/h"",""res"":""Punkt: D. Ardito""},{""type"":""rally"",""score"":""3 : 14"",""speed"":""51.7 km/h"",""res"":""Punkt: D. Ardito""},{""type"":""rally"",""score"":""3 : 13"",""speed"":""59.1 km/h"",""res"":""Punkt: T. Karubo""},{""type"":""rally"",""score"":""3 : 12"",""speed"":""46.0 km/h"",""res"":""Punkt: S. Hulin""},{""type"":""rally"",""score"":""3 : 11"",""speed"":""46.5 km/h"",""res"":""Punkt: M. Gavrilaş""},{""type"":""rally"",""score"":""2 : 11"",""speed"":""50.3 km/h"",""res"":""Punkt: D. Ardito""},{""type"":""rally"",""score"":""2 : 10"",""speed"":""77.4 km/h"",""res"":""Punkt: D. Ardito""},{""type"":""tmo"",""score"":""2 : 9"",""txt"":""Czas: Bydgoszcz Spartans""},{""type"":""rally"",""score"":""2 : 9"",""speed"":""67.3 km/h"",""res"":""Błąd: G. Piva""},{""type"":""tmo"",""score"":""2 : 8"",""txt"":""Czas: ""},{""type"":""rally"",""score"":""2 : 8"",""speed"":""74.4 km/h"",""res"":""Punkt: S. Hulin""},{""type"":""rally"",""score"":""2 : 7"",""speed"":""71.2 km/h"",""res"":""Punkt: D. Ardito""},{""type"":""rally"",""score"":""2 : 6"",""speed"":""45.3 km/h"",""res"":""Punkt: J. Walton""},{""type"":""rally"",""score"":""2 : 5"",""speed"":""57.0 km/h"",""res"":""Punkt: A. Krústev""},{""type"":""rally"",""score"":""1 : 5"",""speed"":""47.5 km/h"",""res"":""Punkt: J. Walton""},{""type"":""rally"",""score"":""1 : 4"",""speed"":""56.3 km/h"",""res"":""Punkt: J. Walton""},{""type"":""rally"",""score"":""1 : 3"",""speed"":""54.0 km/h"",""res"":""Błąd: J. Walton""},{""type"":""rally"",""score"":""0 : 3"",""speed"":""46.1 km/h"",""res"":""Punkt: J. Walton""},{""type"":""rally"",""score"":""0 : 2"",""speed"":""49.9 km/h"",""res"":""Punkt: S. Hulin""},{""type"":""rally"",""score"":""0 : 1"",""speed"":""41.5 km/h"",""res"":""Punkt: S. Hulin""}]}]}","1","3","0","0","0","0","25","52","1","0","24","1","0","1","56.6","50.2","1","0","0","0","3","4","0","0","0","0","0","0","0","0","0","0","0","0","0","0","0","0","0","0","0","0","0","0","0","0","33","20","8","7","52","119","0","0","0","0","0","0","0","0","0","0","0","0","0","0","0","0","0","3","1","1","1","0","0","clan-bulk-1.2","0","0","0"
"liga_klanow_2_1","Bydgoszcz Spartans vs Ranczo Wilkowyje 1:3","1297866","2026-09-18 19:00","Sisu Arena","Stara Gwardia","1393","Bydgoszcz Spartans","","Krústev, Angel","1864402","9","7","17","1","3","64.6","5","0","1","20","20","26","10","5","16","2","27","45","1","98","13","29","5","30","60","0","0","0","0","0","0","0","50.6","","2","7","0","0","0","0","30","60","5","0","28","0","0","2","64.6","53.9","1","0","0","0","3","4","0","0","0","0","0","0","0","0","0","0","0","0","0","0","0","0","0","0","0","0","0","0","1","1","0","0","0","0","0","0","0","0","0","0","0","0","0","0","0","0","0","0","0","0","0","0","0","4","4","3","2","1","0","clan-bulk-1.2","0","0","0"
"liga_klanow_2_1","Bydgoszcz Spartans vs Ranczo Wilkowyje 1:3","1297866","2026-09-18 19:00","Sisu Arena","Stara Gwardia","1393","Bydgoszcz Spartans","","Yingkai, Eijin","1950652","21","9","9","0","0","58","49","12","18","37","12","5","4","0","1","0","0","0","0","0","0","0","3","32","60","0","1","1","0","0","0","1","29.4","","0","1","0","0","0","0","32","60","3","2","30","0","0","2","58","52.2","2","1","5","1","6","15","0","0","0","0","0","0","0","0","0","0","0","0","14","1","5","1","13","34","0","0","0","0","0","0","0","1","0","0","0","1","0","0","0","0","0","0","0","0","0","0","0","0","0","0","0","0","0","4","6","4","8","3","0","clan-bulk-1.2","0","0","0"
"liga_klanow_2_1","Bydgoszcz Spartans vs Ranczo Wilkowyje 1:3","1297866","2026-09-18 19:00","Sisu Arena","Stara Gwardia","1393","Bydgoszcz Spartans","","Sokolik, Jeremiasz","1709790","11","8","12","0","1","58.5","20","3","8","40","25","28","14","6","14","4","36","0","0","0","0","0","2","35","75","0","0","0","0","0","0","0","31.9","","2","4","0","0","0","0","35","75","2","0","31","0","0","4","58.5","51","0","1","0","0","2","3","0","0","2","1","0","3","2","0","0","0","4","6","0","0","0","0","0","0","4","0","0","1","3","8","0","0","0","0","0","0","0","0","0","0","0","0","0","0","0","0","0","0","0","0","0","0","0","4","1","5","3","1","0","clan-bulk-1.2","0","0","0"
"liga_klanow_2_1","Bydgoszcz Spartans vs Ranczo Wilkowyje 1:3","1297866","2026-09-18 19:00","Sisu Arena","Stara Gwardia","1393","Bydgoszcz Spartans","","Gavrilaş, Mario","1975049","8","4","12","1","0","61.1","11","2","2","18","0","14","10","7","4","3","71","36","1","97","5","14","6","37","67","0","0","0","0","0","0","0","38.8","","3","3","0","0","0","0","37","67","6","1","34","0","0","3","61.1","51.5","1","0","1","0","2","4","0","0","0","0","0","0","1","0","0","0","4","5","0","0","0","0","0","0","0","0","1","0","1","2","0","0","0","0","0","0","0","0","0","0","0","0","0","0","0","0","0","0","0","0","0","0","0","4","2","3","2","2","0","clan-bulk-1.2","0","0","0"
"liga_klanow_2_1","Bydgoszcz Spartans vs Ranczo Wilkowyje 1:3","1297866","2026-09-18 19:00","Sisu Arena","Stara Gwardia","1393","Bydgoszcz Spartans","","Piva, Genilson","1950977","15","-4","8","3","0","49.2","46","16","12","26","-9","1","0","0","1","1","100","0","0","0","0","0","3","38","67","0","0","0","0","0","0","0","4.6","","0","0","0","0","0","0","38","67","3","0","32","0","0","6","49.2","47.3","2","1","3","1","10","17","0","0","3","3","0","6","0","0","0","0","0","0","6","4","5","0","8","23","0","0","0","0","0","0","0","0","0","0","0","0","0","0","0","0","0","0","0","0","0","0","0","0","0","0","0","0","0","4","9","3","2","5","0","clan-bulk-1.2","0","0","0"
"liga_klanow_2_1","Bydgoszcz Spartans vs Ranczo Wilkowyje 1:3","1297866","2026-09-18 19:00","Sisu Arena","Stara Gwardia","1393","Bydgoszcz Spartans","","Bertocco, Marcello","1904293","0","0","0","0","0","0","0","0","0","0","0","32","21","8","11","6","44","2","0","100","1","50","0","0","0","1","4","11","0","3","3","5","10","","5","6","0","0","0","0","0","0","0","0","0","0","0","0","0","0","0","0","0","0","0","0","0","0","0","0","0","0","0","0","0","0","0","0","0","0","0","0","0","0","0","0","0","0","0","0","1","4","0","1","5","11","0","0","0","0","0","0","0","0","0","0","0","0","0","0","0","0","0","0","0","0","0","0","0","clan-bulk-1.2","0","0","0"
"liga_klanow_2_1","Bydgoszcz Spartans vs Ranczo Wilkowyje 1:3","1297866","2026-09-18 19:00","Sisu Arena","EXPLOSION II","1393","Ranczo Wilkowyje","","Blanchard, Etienne","1864321","0","0","12","0","0","54","0","0","0","0","0","15","10","6","5","2","53","0","0","0","0","0","0","26","61","49","20","119","26","31","37","25","5.6","","2","3","0","0","0","0","26","61","0","1","26","0","0","0","54","47.6","0","0","0","0","0","0","0","0","0","0","0","0","0","0","0","0","0","0","0","0","0","0","0","0","0","0","0","0","0","0","49","20","3","5","42","119","0","0","0","0","0","0","0","0","0","0","0","0","0","0","0","0","0","0","0","0","0","0","0","clan-bulk-1.2","0","0","0"
"liga_klanow_2_1","Bydgoszcz Spartans vs Ranczo Wilkowyje 1:3","1297866","2026-09-18 19:00","Sisu Arena","EXPLOSION II","1393","Ranczo Wilkowyje","","Wilczyński, Mateusz","1864703","10","7","17","1","0","61.1","11","1","3","27","18","23","15","9","8","6","65","30","1","97","14","47","7","41","58","0","0","0","0","0","0","0","52.9","","6","7","0","0","0","0","41","58","7","1","41","0","0","0","61.1","54.7","1","0","0","0","2","3","0","0","1","0","1","2","1","0","0","0","1","2","0","0","0","0","0","0","1","0","0","0","3","4","0","0","0","0","0","0","0","0","0","0","0","0","0","0","0","0","0","0","0","0","0","0","0","4","2","4","4","1","0","clan-bulk-1.2","0","0","0"
"liga_klanow_2_1","Bydgoszcz Spartans vs Ranczo Wilkowyje 1:3","1297866","2026-09-18 19:00","Sisu Arena","EXPLOSION II","1393","Ranczo Wilkowyje","","Walton, Joss","1975815","27","14","17","1","2","78.1","44","12","19","43","16","8","4","0","4","2","25","0","0","0","0","0","6","47","59","0","0","1","0","0","0","1","47","","1","1","0","0","0","0","47","59","5","2","46","1","0","1","78.1","64.3","3","1","0","0","4","8","2","0","5","0","1","8","0","0","0","0","0","0","13","3","3","1","8","28","0","0","0","0","0","0","0","0","0","0","1","1","0","0","0","0","0","0","0","0","0","0","0","0","0","0","0","0","0","4","6","7","8","10","0","clan-bulk-1.2","0","0","0"
"liga_klanow_2_1","Bydgoszcz Spartans vs Ranczo Wilkowyje 1:3","1297866","2026-09-18 19:00","Sisu Arena","EXPLOSION II","1393","Ranczo Wilkowyje","","Hulin, Searlus","1951364","11","7","18","1","0","68.4","14","3","7","50","29","23","11","7","12","7","61","0","0","0","0","0","4","37","70","0","0","0","0","0","0","0","34.7","","6","7","0","0","0","0","37","70","4","2","34","0","0","3","68.4","55.6","1","0","0","0","1","2","0","0","0","0","1","1","5","0","2","1","2","10","0","0","0","0","0","0","0","0","1","0","0","1","0","0","0","0","0","0","0","0","0","0","0","0","0","0","0","0","0","0","0","0","0","0","0","4","2","2","3","4","0","clan-bulk-1.2","0","0","0"
"liga_klanow_2_1","Bydgoszcz Spartans vs Ranczo Wilkowyje 1:3","1297866","2026-09-18 19:00","Sisu Arena","EXPLOSION II","1393","Ranczo Wilkowyje","","Karubo, Tamasaburo","1949031","6","-3","15","0","0","68","16","5","4","25","-6","11","5","5","6","3","73","36","4","89","14","39","2","32","73","0","0","0","0","0","0","0","20.9","","3","4","0","0","0","0","32","73","2","0","30","0","0","2","68","54.5","2","1","0","0","2","5","0","0","2","0","0","2","2","0","1","0","3","6","0","0","0","0","0","0","0","0","1","0","2","3","0","0","0","0","0","0","0","0","0","0","0","0","0","0","0","0","0","0","0","0","0","0","0","4","1","1","2","3","0","clan-bulk-1.2","0","0","0"
"liga_klanow_2_1","Bydgoszcz Spartans vs Ranczo Wilkowyje 1:3","1297866","2026-09-18 19:00","Sisu Arena","EXPLOSION II","1393","Ranczo Wilkowyje","","Ardito, Davide","1975659","26","18","9","3","0","67.7","39","5","20","51","38","4","1","0","3","0","0","0","0","0","0","0","6","43","63","0","0","0","0","0","0","0","55.1","","0","1","0","0","0","0","43","63","6","0","37","0","2","6","67.7","63.3","4","0","1","0","4","9","3","0","3","0","0","6","0","0","0","0","0","0","12","0","1","1","10","24","0","0","0","0","0","0","0","0","0","0","0","0","0","0","0","0","0","0","0","0","0","0","0","0","0","0","0","0","0","4","9","7","8","5","0","clan-bulk-1.2","0","0","0"
"liga_klanow_2_1","Bydgoszcz Spartans vs Ranczo Wilkowyje 1:3","1297866","2026-09-18 19:00","Sisu Arena","EXPLOSION II","1393","Ranczo Wilkowyje","","Bartz, Nick","2003737","0","0","0","0","0","0","0","0","0","0","0","35","14","7","21","10","49","2","0","100","0","0","0","0","0","2","1","7","0","2","3","2","10.4","","8","10","0","0","0","0","0","0","0","0","0","0","0","0","0","0","0","0","0","0","0","0","0","0","0","0","0","0","0","0","0","0","0","0","0","0","0","0","0","0","0","0","0","0","0","0","2","1","0","0","4","7","0","0","0","0","0","0","0","0","0","0","0","0","0","0","0","0","0","0","0","0","0","0","0","clan-bulk-1.2","0","0","0"
"liga_klanow_2_1","Bydgoszcz Spartans vs Ranczo Wilkowyje 1:3","1297866","2026-09-18 19:00","Sisu Arena","EXPLOSION II","1393","Ranczo Wilkowyje","","Aliverti, Petrit","1976328","1","1","1","0","0","48.3","3","0","1","33","33","1","1","0","0","0","0","0","0","0","0","0","0","4","9","0","0","0","0","0","0","0","2","","0","0","0","0","0","0","4","9","0","0","4","0","0","0","48.3","48.3","0","0","0","0","0","0","0","0","0","0","0","0","0","0","0","0","0","0","1","0","0","0","2","3","0","0","0","0","0","0","0","0","0","0","0","0","0","0","0","0","0","0","0","0","0","0","0","0","0","0","0","0","0","0","0","0","0","1","0","clan-bulk-1.2","0","0","0"
"liga_klanow_2_1","Aleleble vs eŁKSa1908 3:2","1297867","2026-09-18 19:00","Im. Św. Qbiniego","Stara Gwardia","1393","Aleleble","","Changkai, Dai","1949528","0","0","17","0","0","74.5","1","0","0","0","0","35","16","9","19","5","40","0","0","0","0","0","0","21","66","49","32","155","30","43","48","34","9.2","{""sets"":[{""h"":25,""a"":22},{""h"":20,""a"":25},{""h"":21,""a"":25},{""h"":26,""a"":24},{""h"":15,""a"":10}],""parsedSets"":[{""rallies"":[{""type"":""end"",""score"":""25 : 22"",""txt"":""Koniec seta 1 : 0""},{""type"":""end"",""score"":""25 : 22"",""txt"":""Koniec seta 1 : 0""},{""type"":""rally"",""score"":""25 : 22"",""speed"":""72.9 km/h"",""res"":""Punkt: S. Shirota""},{""type"":""tmo"",""score"":""24 : 22"",""txt"":""Czas: eŁKSa1908""},{""type"":""rally"",""score"":""24 : 22"",""speed"":""51.3 km/h"",""res"":""Punkt: C. Lehr""},{""type"":""rally"",""score"":""23 : 22"",""speed"":""55.7 km/h"",""res"":""Punkt: C. Lehr""},{""type"":""rally"",""score"":""22 : 22"",""speed"":""-"",""res"":""Błąd: K. Madej""},{""type"":""rally"",""score"":""22 : 21"",""speed"":""66.8 km/h"",""res"":""Punkt: S. Shirota""},{""type"":""rally"",""score"":""21 : 21"",""speed"":""60.5 km/h"",""res"":""Punkt: S. Shirota""},{""type"":""rally"",""score"":""20 : 21"",""speed"":""62.5 km/h"",""res"":""Punkt: K. Madej""},{""type"":""rally"",""score"":""19 : 21"",""speed"":""52.6 km/h"",""res"":""Punkt: S. Shirota""},{""type"":""rally"",""score"":""18 : 21"",""speed"":""56.1 km/h"",""res"":""Punkt: S. Shirota""},{""type"":""rally"",""score"":""17 : 21"",""speed"":""60.3 km/h"",""res"":""Punkt: S. Shirota""},{""type"":""rally"",""score"":""16 : 21"",""speed"":""43.6 km/h"",""res"":""Punkt: J. de Carvalho""},{""type"":""rally"",""score"":""16 : 20"",""speed"":""63.3 km/h"",""res"":""Punkt: S. Shirota""},{""type"":""tmo"",""score"":""15 : 20"",""txt"":""Czas: Aleleble""},{""type"":""rally"",""score"":""15 : 20"",""speed"":""64.8 km/h"",""res"":""Punkt: J. de Carvalho""},{""type"":""rally"",""score"":""15 : 19"",""speed"":""60.2 km/h"",""res"":""Punkt: J. de Carvalho""},{""type"":""rally"",""score"":""15 : 18"",""speed"":""45.7 km/h"",""res"":""Punkt: J. de Carvalho""},{""type"":""rally"",""score"":""15 : 17"",""speed"":""59.6 km/h"",""res"":""Punkt: A. Carella""},{""type"":""rally"",""score"":""14 : 17"",""speed"":""43.4 km/h"",""res"":""Punkt: J. de Carvalho""},{""type"":""tmo"",""score"":""14 : 16"",""txt"":""Czas: ""},{""type"":""rally"",""score"":""14 : 16"",""speed"":""65.4 km/h"",""res"":""Punkt: J. de Carvalho""},{""type"":""rally"",""score"":""14 : 15"",""speed"":""68.2 km/h"",""res"":""Punkt: C. Lehr""},{""type"":""rally"",""score"":""13 : 15"",""speed"":""49.9 km/h"",""res"":""Punkt: K. Polok""},{""type"":""tmo"",""score"":""12 : 15"",""txt"":""Czas: Aleleble""},{""type"":""rally"",""score"":""12 : 15"",""speed"":""57.8 km/h"",""res"":""Punkt: F. Odrzywołek""},{""type"":""rally"",""score"":""12 : 14"",""speed"":""67.1 km/h"",""res"":""Punkt: C. Lehr""},{""type"":""rally"",""score"":""11 : 14"",""speed"":""43.1 km/h"",""res"":""Punkt: A. Bień""},{""type"":""rally"",""score"":""11 : 13"",""speed"":""-"",""res"":""Błąd: A. Laisaare""},{""type"":""rally"",""score"":""10 : 13"",""speed"":""62.2 km/h"",""res"":""Punkt: A. Bień""},{""type"":""rally"",""score"":""10 : 12"",""speed"":""51.6 km/h"",""res"":""Punkt: K. Madej""},{""type"":""rally"",""score"":""9 : 12"",""speed"":""-"",""res"":""Błąd: K. Polok""},{""type"":""rally"",""score"":""9 : 11"",""speed"":""51.4 km/h"",""res"":""Punkt: K. Madej""},{""type"":""rally"",""score"":""8 : 11"",""speed"":""50.7 km/h"",""res"":""Punkt: K. Madej""},{""type"":""rally"",""score"":""7 : 11"",""speed"":""55.5 km/h"",""res"":""Punkt: K. Madej""},{""type"":""rally"",""score"":""6 : 11"",""speed"":""54.8 km/h"",""res"":""Punkt: J. de Carvalho""},{""type"":""rally"",""score"":""6 : 10"",""speed"":""56.4 km/h"",""res"":""Punkt: K. Madej""},{""type"":""rally"",""score"":""5 : 10"",""speed"":""56.2 km/h"",""res"":""Punkt: F. Odrzywołek""},{""type"":""rally"",""score"":""5 : 9"",""speed"":""55.5 km/h"",""res"":""Punkt: C. Lehr""},{""type"":""rally"",""score"":""4 : 9"",""speed"":""53.2 km/h"",""res"":""Punkt: A. Bień""},{""type"":""rally"",""score"":""4 : 8"",""speed"":""-"",""res"":""Błąd: Y. Quanzhi""},{""type"":""chg"",""score"":""3 : 8"",""txt"":""Zmiana: S. Shirota ⇄ J. Gwizdała""},{""type"":""tmo"",""score"":""3 : 8"",""txt"":""Czas: ""},{""type"":""rally"",""score"":""3 : 8"",""speed"":""68.8 km/h"",""res"":""Błąd: J. Gwizdała""},{""type"":""rally"",""score"":""3 : 7"",""speed"":""52.8 km/h"",""res"":""Punkt: C. Lehr""},{""type"":""rally"",""score"":""2 : 7"",""speed"":""58.5 km/h"",""res"":""Punkt: F. Odrzywołek""},{""type"":""rally"",""score"":""2 : 6"",""speed"":""48.8 km/h"",""res"":""Punkt: A. Laisaare""},{""type"":""rally"",""score"":""2 : 5"",""speed"":""52.4 km/h"",""res"":""Punkt: A. Bień""},{""type"":""tmo"",""score"":""2 : 4"",""txt"":""Czas: eŁKSa1908""},{""type"":""rally"",""score"":""2 : 4"",""speed"":""56.2 km/h"",""res"":""Punkt: K. Madej""},{""type"":""rally"",""score"":""1 : 4"",""speed"":""53.9 km/h"",""res"":""Punkt: Y. Quanzhi""},{""type"":""rally"",""score"":""1 : 3"",""speed"":""48.6 km/h"",""res"":""Punkt: J. Gwizdała""},{""type"":""rally"",""score"":""0 : 3"",""speed"":""55.3 km/h"",""res"":""Punkt: Y. Quanzhi""},{""type"":""rally"",""score"":""0 : 2"",""speed"":""52.5 km/h"",""res"":""Punkt: J. de Carvalho""},{""type"":""chg"",""score"":""0 : 1"",""txt"":""Zmiana: Y. Quanzhi ⇄ J. Mérienne""},{""type"":""chg"",""score"":""0 : 1"",""txt"":""Zmiana: A. Laisaare ⇄ Y. Sasaoka""},{""type"":""chg"",""score"":""0 : 1"",""txt"":""Zmiana: A. Bień ⇄ T. Yasui""},{""type"":""chg"",""score"":""0 : 1"",""txt"":""Zmiana: J. de Carvalho ⇄ K. Santamaria""},{""type"":""rally"",""score"":""0 : 1"",""speed"":""65.4 km/h"",""res"":""Punkt: K. Santamaria""}]},{""rallies"":[{""type"":""end"",""score"":""20 : 25"",""txt"":""Koniec seta 1 : 1""},{""type"":""end"",""score"":""20 : 25"",""txt"":""Koniec seta 1 : 1""},{""type"":""rally"",""score"":""20 : 25"",""speed"":""48.9 km/h"",""res"":""Punkt: J. Mérienne""},{""type"":""rally"",""score"":""20 : 24"",""speed"":""51.5 km/h"",""res"":""Punkt: C. Lehr""},{""type"":""rally"",""score"":""19 : 24"",""speed"":""56.7 km/h"",""res"":""Punkt: K. Polok""},{""type"":""rally"",""score"":""18 : 24"",""speed"":""68.5 km/h"",""res"":""Punkt: J. Mérienne""},{""type"":""rally"",""score"":""18 : 23"",""speed"":""47.6 km/h"",""res"":""Punkt: C. Lehr""},{""type"":""rally"",""score"":""17 : 23"",""speed"":""48.2 km/h"",""res"":""Punkt: Y. Sasaoka""},{""type"":""rally"",""score"":""17 : 22"",""speed"":""64.0 km/h"",""res"":""Punkt: C. Lehr""},{""type"":""rally"",""score"":""16 : 22"",""speed"":""50.5 km/h"",""res"":""Punkt: K. Madej""},{""type"":""rally"",""score"":""15 : 22"",""speed"":""-"",""res"":""Błąd: K. Polok""},{""type"":""rally"",""score"":""15 : 21"",""speed"":""45.1 km/h"",""res"":""Błąd: K. Santamaria""},{""type"":""tmo"",""score"":""14 : 21"",""txt"":""Czas: Aleleble""},{""type"":""rally"",""score"":""14 : 21"",""speed"":""45.5 km/h"",""res"":""Punkt: K. Santamaria""},{""type"":""rally"",""score"":""14 : 20"",""speed"":""60.1 km/h"",""res"":""Punkt: Y. Sasaoka""},{""type"":""rally"",""score"":""14 : 19"",""speed"":""51.4 km/h"",""res"":""Punkt: K. Polok""},{""type"":""rally"",""score"":""13 : 19"",""speed"":""-"",""res"":""Błąd: C. Lehr""},{""type"":""rally"",""score"":""13 : 18"",""speed"":""53.9 km/h"",""res"":""Punkt: C. Lehr""},{""type"":""rally"",""score"":""12 : 18"",""speed"":""56.7 km/h"",""res"":""Punkt: Y. Sasaoka""},{""type"":""rally"",""score"":""12 : 17"",""speed"":""-"",""res"":""Błąd: Y. Sasaoka""},{""type"":""rally"",""score"":""11 : 17"",""speed"":""59.0 km/h"",""res"":""Punkt: T. Yasui""},{""type"":""rally"",""score"":""11 : 16"",""speed"":""43.9 km/h"",""res"":""Punkt: A. Carella""},{""type"":""tmo"",""score"":""10 : 16"",""txt"":""Czas: ""},{""type"":""rally"",""score"":""10 : 16"",""speed"":""58.1 km/h"",""res"":""Punkt: K. Santamaria""},{""type"":""rally"",""score"":""10 : 15"",""speed"":""45.8 km/h"",""res"":""Punkt: C. Lehr""},{""type"":""rally"",""score"":""9 : 15"",""speed"":""62.0 km/h"",""res"":""Punkt: K. Madej""},{""type"":""tmo"",""score"":""8 : 15"",""txt"":""Czas: Aleleble""},{""type"":""rally"",""score"":""8 : 15"",""speed"":""65.8 km/h"",""res"":""Błąd: S. Shirota""},{""type"":""rally"",""score"":""8 : 14"",""speed"":""55.8 km/h"",""res"":""Błąd: A. Carella""},{""type"":""rally"",""score"":""8 : 13"",""speed"":""45.2 km/h"",""res"":""Punkt: K. Polok""},{""type"":""rally"",""score"":""7 : 13"",""speed"":""50.7 km/h"",""res"":""Punkt: Y. Sasaoka""},{""type"":""rally"",""score"":""7 : 12"",""speed"":""59.6 km/h"",""res"":""Punkt: K. Santamaria""},{""type"":""rally"",""score"":""7 : 11"",""speed"":""44.7 km/h"",""res"":""Punkt: A. Carella""},{""type"":""rally"",""score"":""6 : 11"",""speed"":""45.1 km/h"",""res"":""Punkt: Y. Sasaoka""},{""type"":""rally"",""score"":""6 : 10"",""speed"":""53.1 km/h"",""res"":""Punkt: M. Święcicki""},{""type"":""rally"",""score"":""6 : 9"",""speed"":""61.8 km/h"",""res"":""Błąd: Y. Sasaoka""},{""type"":""rally"",""score"":""5 : 9"",""speed"":""57.0 km/h"",""res"":""Punkt: C. Lehr""},{""type"":""rally"",""score"":""4 : 9"",""speed"":""59.0 km/h"",""res"":""Punkt: T. Yasui""},{""type"":""rally"",""score"":""4 : 8"",""speed"":""-"",""res"":""Błąd: Y. Sasaoka""},{""type"":""tmo"",""score"":""3 : 8"",""txt"":""Czas: ""},{""type"":""rally"",""score"":""3 : 8"",""speed"":""67.5 km/h"",""res"":""Punkt: Y. Sasaoka""},{""type"":""rally"",""score"":""3 : 7"",""speed"":""50.9 km/h"",""res"":""Punkt: C. Lehr""},{""type"":""rally"",""score"":""2 : 7"",""speed"":""56.6 km/h"",""res"":""Błąd: C. Lehr""},{""type"":""chg"",""score"":""2 : 6"",""txt"":""Zmiana: S. Shirota ⇄ J. Gwizdała""},{""type"":""rally"",""score"":""2 : 6"",""speed"":""60.6 km/h"",""res"":""Punkt: T. Yasui""},{""type"":""rally"",""score"":""2 : 5"",""speed"":""56.9 km/h"",""res"":""Punkt: J. Mérienne""},{""type"":""rally"",""score"":""2 : 4"",""speed"":""50.5 km/h"",""res"":""Punkt: J. Mérienne""},{""type"":""rally"",""score"":""2 : 3"",""speed"":""50.1 km/h"",""res"":""Punkt: K. Santamaria""},{""type"":""tmo"",""score"":""2 : 2"",""txt"":""Czas: eŁKSa1908""},{""type"":""rally"",""score"":""2 : 2"",""speed"":""-"",""res"":""Błąd: Y. Quanzhi""},{""type"":""rally"",""score"":""1 : 2"",""speed"":""44.5 km/h"",""res"":""Punkt: K. Santamaria""},{""type"":""rally"",""score"":""1 : 1"",""speed"":""52.3 km/h"",""res"":""Punkt: K. Madej""},{""type"":""chg"",""score"":""0 : 1"",""txt"":""Zmiana: M. Święcicki ⇄ F. Odrzywołek""},{""type"":""chg"",""score"":""0 : 1"",""txt"":""Zmiana: Y. Quanzhi ⇄ C. Maria""},{""type"":""rally"",""score"":""0 : 1"",""speed"":""49.4 km/h"",""res"":""Punkt: K. Santamaria""}]},{""rallies"":[{""type"":""end"",""score"":""21 : 25"",""txt"":""Koniec seta 1 : 2""},{""type"":""end"",""score"":""21 : 25"",""txt"":""Koniec seta 1 : 2""},{""type"":""rally"",""score"":""21 : 25"",""speed"":""52.1 km/h"",""res"":""Błąd: C. Lehr""},{""type"":""rally"",""score"":""21 : 24"",""speed"":""51.1 km/h"",""res"":""Punkt: F. Odrzywołek""},{""type"":""rally"",""score"":""21 : 23"",""speed"":""60.2 km/h"",""res"":""Punkt: Y. Sasaoka""},{""type"":""rally"",""score"":""21 : 22"",""speed"":""65.9 km/h"",""res"":""Punkt: C. Lehr""},{""type"":""rally"",""score"":""20 : 22"",""speed"":""54.3 km/h"",""res"":""Punkt: C. Lehr""},{""type"":""rally"",""score"":""19 : 22"",""speed"":""43.0 km/h"",""res"":""Punkt: J. de Carvalho""},{""type"":""rally"",""score"":""19 : 21"",""speed"":""46.4 km/h"",""res"":""Punkt: S. Shirota""},{""type"":""rally"",""score"":""18 : 21"",""speed"":""48.6 km/h"",""res"":""Punkt: Y. Sasaoka""},{""type"":""rally"",""score"":""18 : 20"",""speed"":""54.0 km/h"",""res"":""Punkt: S. Shirota""},{""type"":""rally"",""score"":""17 : 20"",""speed"":""53.3 km/h"",""res"":""Błąd: A. Bień""},{""type"":""rally"",""score"":""16 : 20"",""speed"":""54.6 km/h"",""res"":""Punkt: S. Shirota""},{""type"":""rally"",""score"":""15 : 20"",""speed"":""49.2 km/h"",""res"":""Punkt: S. Shirota""},{""type"":""rally"",""score"":""14 : 20"",""speed"":""59.6 km/h"",""res"":""Błąd: A. Bień""},{""type"":""tmo"",""score"":""13 : 20"",""txt"":""Czas: Aleleble""},{""type"":""rally"",""score"":""13 : 20"",""speed"":""54.6 km/h"",""res"":""Punkt: J. Mérienne""},{""type"":""rally"",""score"":""13 : 19"",""speed"":""48.6 km/h"",""res"":""Błąd: K. Madej""},{""type"":""rally"",""score"":""13 : 18"",""speed"":""65.1 km/h"",""res"":""Punkt: C. Maria""},{""type"":""rally"",""score"":""13 : 17"",""speed"":""70.7 km/h"",""res"":""Błąd: A. Bień""},{""type"":""rally"",""score"":""12 : 17"",""speed"":""44.2 km/h"",""res"":""Punkt: K. Madej""},{""type"":""rally"",""score"":""11 : 17"",""speed"":""62.2 km/h"",""res"":""Punkt: A. Bień""},{""type"":""tmo"",""score"":""11 : 16"",""txt"":""Czas: ""},{""type"":""rally"",""score"":""11 : 16"",""speed"":""54.4 km/h"",""res"":""Punkt: A. Bień""},{""type"":""tmo"",""score"":""11 : 15"",""txt"":""Czas: Aleleble""},{""type"":""rally"",""score"":""11 : 15"",""speed"":""56.3 km/h"",""res"":""Punkt: C. Maria""},{""type"":""rally"",""score"":""11 : 14"",""speed"":""70.6 km/h"",""res"":""Punkt: A. Bień""},{""type"":""rally"",""score"":""11 : 13"",""speed"":""54.9 km/h"",""res"":""Punkt: C. Lehr""},{""type"":""rally"",""score"":""10 : 13"",""speed"":""59.0 km/h"",""res"":""Punkt: J. de Carvalho""},{""type"":""rally"",""score"":""10 : 12"",""speed"":""54.8 km/h"",""res"":""Punkt: K. Polok""},{""type"":""rally"",""score"":""9 : 12"",""speed"":""50.7 km/h"",""res"":""Błąd: J. de Carvalho""},{""type"":""rally"",""score"":""8 : 12"",""speed"":""52.0 km/h"",""res"":""Punkt: J. de Carvalho""},{""type"":""rally"",""score"":""8 : 11"",""speed"":""59.1 km/h"",""res"":""Punkt: S. Shirota""},{""type"":""rally"",""score"":""7 : 11"",""speed"":""64.8 km/h"",""res"":""Punkt: C. Lehr""},{""type"":""rally"",""score"":""6 : 11"",""speed"":""57.2 km/h"",""res"":""Punkt: C. Lehr""},{""type"":""rally"",""score"":""5 : 11"",""speed"":""50.1 km/h"",""res"":""Punkt: J. de Carvalho""},{""type"":""rally"",""score"":""5 : 10"",""speed"":""57.7 km/h"",""res"":""Błąd: C. Lehr""},{""type"":""chg"",""score"":""5 : 9"",""txt"":""Zmiana: S. Shirota ⇄ J. Gwizdała""},{""type"":""rally"",""score"":""5 : 9"",""speed"":""49.7 km/h"",""res"":""Błąd: J. Gwizdała""},{""type"":""tmo"",""score"":""5 : 8"",""txt"":""Czas: ""},{""type"":""rally"",""score"":""5 : 8"",""speed"":""50.4 km/h"",""res"":""Punkt: J. Mérienne""},{""type"":""rally"",""score"":""5 : 7"",""speed"":""51.8 km/h"",""res"":""Punkt: J. Gwizdała""},{""type"":""rally"",""score"":""4 : 7"",""speed"":""53.6 km/h"",""res"":""Punkt: J. Mérienne""},{""type"":""rally"",""score"":""4 : 6"",""speed"":""46.8 km/h"",""res"":""Błąd: Y. Sasaoka""},{""type"":""rally"",""score"":""3 : 6"",""speed"":""51.2 km/h"",""res"":""Punkt: J. Gwizdała""},{""type"":""rally"",""score"":""2 : 6"",""speed"":""54.4 km/h"",""res"":""Punkt: A. Bień""},{""type"":""rally"",""score"":""2 : 5"",""speed"":""58.1 km/h"",""res"":""Punkt: Y. Sasaoka""},{""type"":""rally"",""score"":""2 : 4"",""speed"":""52.1 km/h"",""res"":""Punkt: J. Mérienne""},{""type"":""rally"",""score"":""2 : 3"",""speed"":""61.9 km/h"",""res"":""Punkt: C. Maria""},{""type"":""rally"",""score"":""2 : 2"",""speed"":""67.3 km/h"",""res"":""Punkt: J. Mérienne""},{""type"":""rally"",""score"":""2 : 1"",""speed"":""58.5 km/h"",""res"":""Punkt: Y. Sasaoka""},{""type"":""tmo"",""score"":""2 : 0"",""txt"":""Czas: eŁKSa1908""},{""type"":""rally"",""score"":""2 : 0"",""speed"":""57.9 km/h"",""res"":""Punkt: K. Madej""},{""type"":""chg"",""score"":""1 : 0"",""txt"":""Zmiana: A. Bień ⇄ K. Santamaria""},{""type"":""chg"",""score"":""1 : 0"",""txt"":""Zmiana: J. de Carvalho ⇄ T. Yasui""},{""type"":""rally"",""score"":""1 : 0"",""speed"":""68.7 km/h"",""res"":""Punkt: K. Madej""}]},{""rallies"":[{""type"":""end"",""score"":""26 : 24"",""txt"":""Koniec seta 2 : 2""},{""type"":""end"",""score"":""26 : 24"",""txt"":""Koniec seta 2 : 2""},{""type"":""rally"",""score"":""26 : 24"",""speed"":""61.4 km/h"",""res"":""Punkt: K. Madej""},{""type"":""rally"",""score"":""25 : 24"",""speed"":""51.9 km/h"",""res"":""Punkt: K. Madej""},{""type"":""rally"",""score"":""24 : 24"",""speed"":""42.9 km/h"",""res"":""Punkt: C. Lehr""},{""type"":""rally"",""score"":""23 : 24"",""speed"":""58.4 km/h"",""res"":""Punkt: T. Yasui""},{""type"":""rally"",""score"":""23 : 23"",""speed"":""65.5 km/h"",""res"":""Punkt: T. Yasui""},{""type"":""rally"",""score"":""23 : 22"",""speed"":""59.4 km/h"",""res"":""Punkt: C. Lehr""},{""type"":""rally"",""score"":""22 : 22"",""speed"":""60.8 km/h"",""res"":""Punkt: T. Yasui""},{""type"":""tmo"",""score"":""22 : 21"",""txt"":""Czas: Aleleble""},{""type"":""rally"",""score"":""22 : 21"",""speed"":""60.8 km/h"",""res"":""Punkt: T. Yasui""},{""type"":""rally"",""score"":""22 : 20"",""speed"":""52.3 km/h"",""res"":""Punkt: C. Lehr""},{""type"":""rally"",""score"":""21 : 20"",""speed"":""52.9 km/h"",""res"":""Błąd: C. Lehr""},{""type"":""tmo"",""score"":""21 : 19"",""txt"":""Czas: eŁKSa1908""},{""type"":""rally"",""score"":""21 : 19"",""speed"":""61.4 km/h"",""res"":""Punkt: K. Madej""},{""type"":""rally"",""score"":""20 : 19"",""speed"":""63.2 km/h"",""res"":""Punkt: K. Madej""},{""type"":""rally"",""score"":""19 : 19"",""speed"":""-"",""res"":""Błąd: K. Polok""},{""type"":""rally"",""score"":""19 : 18"",""speed"":""57.4 km/h"",""res"":""Błąd: K. Santamaria""},{""type"":""rally"",""score"":""18 : 18"",""speed"":""50.0 km/h"",""res"":""Punkt: S. Shirota""},{""type"":""rally"",""score"":""17 : 18"",""speed"":""50.5 km/h"",""res"":""Punkt: S. Shirota""},{""type"":""rally"",""score"":""16 : 18"",""speed"":""50.6 km/h"",""res"":""Punkt: K. Madej""},{""type"":""rally"",""score"":""15 : 18"",""speed"":""48.0 km/h"",""res"":""Punkt: Y. Sasaoka""},{""type"":""rally"",""score"":""15 : 17"",""speed"":""70.3 km/h"",""res"":""Punkt: Y. Sasaoka""},{""type"":""rally"",""score"":""15 : 16"",""speed"":""-"",""res"":""Błąd: T. Yasui""},{""type"":""tmo"",""score"":""14 : 16"",""txt"":""Czas: ""},{""type"":""rally"",""score"":""14 : 16"",""speed"":""63.2 km/h"",""res"":""Punkt: Y. Quanzhi""},{""type"":""rally"",""score"":""14 : 15"",""speed"":""48.5 km/h"",""res"":""Punkt: A. Carella""},{""type"":""tmo"",""score"":""13 : 15"",""txt"":""Czas: Aleleble""},{""type"":""rally"",""score"":""13 : 15"",""speed"":""46.2 km/h"",""res"":""Punkt: T. Yasui""},{""type"":""rally"",""score"":""13 : 14"",""speed"":""49.8 km/h"",""res"":""Punkt: C. Lehr""},{""type"":""rally"",""score"":""12 : 14"",""speed"":""53.4 km/h"",""res"":""Punkt: Y. Sasaoka""},{""type"":""rally"",""score"":""12 : 13"",""speed"":""68.5 km/h"",""res"":""Punkt: A. Carella""},{""type"":""rally"",""score"":""11 : 13"",""speed"":""55.1 km/h"",""res"":""Punkt: S. Shirota""},{""type"":""rally"",""score"":""10 : 13"",""speed"":""61.6 km/h"",""res"":""Punkt: K. Santamaria""},{""type"":""rally"",""score"":""10 : 12"",""speed"":""67.3 km/h"",""res"":""Punkt: K. Madej""},{""type"":""rally"",""score"":""9 : 12"",""speed"":""44.0 km/h"",""res"":""Punkt: Y. Quanzhi""},{""type"":""rally"",""score"":""9 : 11"",""speed"":""45.3 km/h"",""res"":""Punkt: S. Shirota""},{""type"":""rally"",""score"":""8 : 11"",""speed"":""50.0 km/h"",""res"":""Błąd: K. Polok""},{""type"":""rally"",""score"":""8 : 10"",""speed"":""51.1 km/h"",""res"":""Punkt: J. Mérienne""},{""type"":""rally"",""score"":""8 : 9"",""speed"":""50.2 km/h"",""res"":""Punkt: K. Santamaria""},{""type"":""rally"",""score"":""8 : 8"",""speed"":""54.0 km/h"",""res"":""Błąd: K. Madej""},{""type"":""rally"",""score"":""8 : 7"",""speed"":""61.4 km/h"",""res"":""Punkt: K. Santamaria""},{""type"":""tmo"",""score"":""8 : 6"",""txt"":""Czas: ""},{""type"":""rally"",""score"":""8 : 6"",""speed"":""-"",""res"":""Błąd: T. Yasui""},{""type"":""rally"",""score"":""7 : 6"",""speed"":""56.9 km/h"",""res"":""Punkt: J. Mérienne""},{""type"":""rally"",""score"":""7 : 5"",""speed"":""56.2 km/h"",""res"":""Punkt: K. Madej""},{""type"":""rally"",""score"":""6 : 5"",""speed"":""59.5 km/h"",""res"":""Punkt: C. Lehr""},{""type"":""rally"",""score"":""5 : 5"",""speed"":""52.2 km/h"",""res"":""Punkt: C. Lehr""},{""type"":""rally"",""score"":""4 : 5"",""speed"":""53.9 km/h"",""res"":""Punkt: T. Yasui""},{""type"":""chg"",""score"":""4 : 4"",""txt"":""Zmiana: S. Shirota ⇄ J. Gwizdała""},{""type"":""rally"",""score"":""4 : 4"",""speed"":""52.5 km/h"",""res"":""Błąd: T. Yasui""},{""type"":""rally"",""score"":""3 : 4"",""speed"":""65.2 km/h"",""res"":""Punkt: Y. Sasaoka""},{""type"":""rally"",""score"":""3 : 3"",""speed"":""52.7 km/h"",""res"":""Punkt: J. Mérienne""},{""type"":""rally"",""score"":""3 : 2"",""speed"":""50.7 km/h"",""res"":""Punkt: K. Polok""},{""type"":""rally"",""score"":""2 : 2"",""speed"":""53.8 km/h"",""res"":""Punkt: K. Santamaria""},{""type"":""tmo"",""score"":""2 : 1"",""txt"":""Czas: eŁKSa1908""},{""type"":""rally"",""score"":""2 : 1"",""speed"":""50.3 km/h"",""res"":""Punkt: J. Gwizdała""},{""type"":""rally"",""score"":""1 : 1"",""speed"":""50.8 km/h"",""res"":""Punkt: Y. Quanzhi""},{""type"":""chg"",""score"":""1 : 0"",""txt"":""Zmiana: M. Święcicki ⇄ F. Odrzywołek""},{""type"":""chg"",""score"":""1 : 0"",""txt"":""Zmiana: Y. Quanzhi ⇄ C. Maria""},{""type"":""rally"",""score"":""1 : 0"",""speed"":""-"",""res"":""Błąd: F. Odrzywołek""}]},{""rallies"":[{""type"":""end"",""score"":""15 : 10"",""txt"":""Koniec seta 3 : 2""},{""type"":""end"",""score"":""15 : 10"",""txt"":""Koniec seta 3 : 2""},{""type"":""rally"",""score"":""15 : 10"",""speed"":""49.7 km/h"",""res"":""Punkt: C. Lehr""},{""type"":""tmo"",""score"":""14 : 10"",""txt"":""Czas: Aleleble""},{""type"":""rally"",""score"":""14 : 10"",""speed"":""57.2 km/h"",""res"":""Punkt: A. Bień""},{""type"":""rally"",""score"":""14 : 9"",""speed"":""61.1 km/h"",""res"":""Punkt: Y. Quanzhi""},{""type"":""rally"",""score"":""14 : 8"",""speed"":""55.4 km/h"",""res"":""Błąd: K. Polok""},{""type"":""tmo"",""score"":""14 : 7"",""txt"":""Czas: Aleleble""},{""type"":""rally"",""score"":""14 : 7"",""speed"":""58.9 km/h"",""res"":""Punkt: Y. Sasaoka""},{""type"":""rally"",""score"":""14 : 6"",""speed"":""72.0 km/h"",""res"":""Punkt: A. Carella""},{""type"":""rally"",""score"":""13 : 6"",""speed"":""80.3 km/h"",""res"":""Punkt: S. Shirota""},{""type"":""rally"",""score"":""12 : 6"",""speed"":""75.7 km/h"",""res"":""Punkt: C. Lehr""},{""type"":""rally"",""score"":""11 : 6"",""speed"":""60.2 km/h"",""res"":""Punkt: A. Carella""},{""type"":""rally"",""score"":""10 : 6"",""speed"":""50.6 km/h"",""res"":""Punkt: C. Lehr""},{""type"":""rally"",""score"":""9 : 6"",""speed"":""47.0 km/h"",""res"":""Punkt: C. Lehr""},{""type"":""rally"",""score"":""8 : 6"",""speed"":""67.5 km/h"",""res"":""Błąd: C. Lehr""},{""type"":""rally"",""score"":""8 : 5"",""speed"":""65.8 km/h"",""res"":""Punkt: C. Lehr""},{""type"":""rally"",""score"":""7 : 5"",""speed"":""52.1 km/h"",""res"":""Punkt: C. Lehr""},{""type"":""rally"",""score"":""6 : 5"",""speed"":""51.5 km/h"",""res"":""Punkt: A. Carella""},{""type"":""rally"",""score"":""5 : 5"",""speed"":""53.7 km/h"",""res"":""Punkt: Y. Sasaoka""},{""type"":""rally"",""score"":""5 : 4"",""speed"":""50.8 km/h"",""res"":""Punkt: Y. Sasaoka""},{""type"":""rally"",""score"":""5 : 3"",""speed"":""48.6 km/h"",""res"":""Błąd: K. Madej""},{""type"":""rally"",""score"":""5 : 2"",""speed"":""54.4 km/h"",""res"":""Punkt: K. Madej""},{""type"":""chg"",""score"":""4 : 2"",""txt"":""Zmiana: S. Shirota ⇄ J. Gwizdała""},{""type"":""rally"",""score"":""4 : 2"",""speed"":""46.5 km/h"",""res"":""Punkt: K. Santamaria""},{""type"":""rally"",""score"":""4 : 1"",""speed"":""50.5 km/h"",""res"":""Punkt: K. Santamaria""},{""type"":""rally"",""score"":""4 : 0"",""speed"":""54.3 km/h"",""res"":""Punkt: K. Madej""},{""type"":""rally"",""score"":""3 : 0"",""speed"":""59.4 km/h"",""res"":""Punkt: K. Polok""},{""type"":""tmo"",""score"":""2 : 0"",""txt"":""Czas: eŁKSa1908""},{""type"":""rally"",""score"":""2 : 0"",""speed"":""74.5 km/h"",""res"":""Punkt: J. Gwizdała""},{""type"":""chg"",""score"":""1 : 0"",""txt"":""Zmiana: Y. Quanzhi ⇄ J. Mérienne""},{""type"":""chg"",""score"":""1 : 0"",""txt"":""Zmiana: A. Bień ⇄ T. Yasui""},{""type"":""rally"",""score"":""1 : 0"",""speed"":""65.9 km/h"",""res"":""Punkt: J. Gwizdała""}]}]}","5","15","0","0","0","0","21","66","0","0","20","0","0","1","74.5","61.3","0","0","0","0","1","1","0","0","0","0","0","0","0","0","0","0","0","0","0","0","0","0","0","0","0","0","0","0","0","0","49","32","2","12","60","155","0","0","0","0","0","9","0","0","0","0","0","5","0","0","0","0","0","0","0","0","0","0","0","clan-bulk-1.2","0","0","0"
"liga_klanow_2_1","Aleleble vs eŁKSa1908 3:2","1297867","2026-09-18 19:00","Im. Św. Qbiniego","Stara Gwardia","1393","Aleleble","","Polok, Krzysztof","2032561","7","-4","22","3","0","57.4","17","6","6","35","0","22","11","5","11","5","45","37","2","95","11","30","1","35","79","0","0","0","0","0","0","0","23.4","","5","6","0","0","0","0","35","79","1","0","29","0","0","6","57.4","50.6","2","0","1","0","2","5","0","1","1","0","0","2","2","0","2","0","1","5","0","0","0","0","0","0","2","1","0","0","2","5","0","0","0","0","0","0","6","14","8","7","35","5","0","0","0","0","0","5","0","0","0","0","0","5","2","4","1","3","2","clan-bulk-1.2","0","0","0"
"liga_klanow_2_1","Aleleble vs eŁKSa1908 3:2","1297867","2026-09-18 19:00","Im. Św. Qbiniego","Stara Gwardia","1393","Aleleble","","Madej, Karol","1950159","24","8","22","1","2","67.5","55","15","14","25","-2","9","2","1","7","3","44","0","0","0","0","0","8","64","91","0","0","2","0","0","2","0","36.1","","2","2","0","0","0","0","64","91","8","1","57","0","0","7","67.5","56.6","0","0","0","0","0","0","0","1","6","1","2","10","0","0","0","0","0","0","12","2","6","1","24","45","0","0","0","0","0","0","0","0","0","1","1","2","0","0","0","0","0","1","0","0","0","0","0","3","0","0","0","0","0","5","8","3","4","8","3","clan-bulk-1.2","0","0","0"
"liga_klanow_2_1","Aleleble vs eŁKSa1908 3:2","1297867","2026-09-18 19:00","Im. Św. Qbiniego","Stara Gwardia","1393","Aleleble","","Gwizdała, Jakub","1903779","6","0","2","0","0","68.8","14","6","4","29","-14","2","0","0","2","0","0","0","0","0","0","0","2","24","39","0","0","0","0","0","0","0","2.2","","0","0","0","0","0","0","24","39","2","1","24","0","0","0","68.8","60.8","1","0","1","0","3","5","0","1","1","0","0","2","3","0","2","0","1","6","0","0","0","0","0","0","0","1","0","0","0","1","0","0","0","0","0","0","0","0","0","0","0","0","0","0","0","0","0","0","0","0","0","0","0","4","2","0","3","1","2","clan-bulk-1.2","0","0","0"
"liga_klanow_2_1","Aleleble vs eŁKSa1908 3:2","1297867","2026-09-18 19:00","Im. Św. Qbiniego","Stara Gwardia","1393","Aleleble","","Carella, Alfredo","2032562","8","1","11","0","0","65.5","18","6","5","28","-6","30","10","4","20","7","37","44","1","98","18","41","3","49","90","0","0","0","0","0","0","0","37.2","","7","12","0","0","0","0","49","90","3","0","45","0","0","4","65.5","55.1","0","1","2","0","1","4","0","0","3","0","2","5","2","0","0","0","2","4","0","0","0","0","0","0","3","0","0","0","2","5","0","0","0","0","0","0","11","13","16","3","43","4","0","0","0","0","0","7","0","0","0","0","0","4","1","3","0","2","3","clan-bulk-1.2","0","0","0"
"liga_klanow_2_1","Aleleble vs eŁKSa1908 3:2","1297867","2026-09-18 19:00","Im. Św. Qbiniego","Stara Gwardia","1393","Aleleble","","Lehr, Chris","1905387","31","19","13","1","2","70.6","44","11","19","43","18","6","2","1","4","0","17","0","0","0","0","0","10","53","78","0","0","0","0","0","0","0","60.9","","0","0","0","0","0","0","53","78","9","1","49","1","0","4","70.6","60.4","2","0","0","0","1","3","0","3","2","0","1","6","0","0","0","0","0","0","17","2","4","0","12","35","0","0","0","0","0","0","0","0","0","0","0","0","0","0","0","0","0","1","0","0","0","0","0","0","0","0","0","0","0","5","6","9","7","7","7","clan-bulk-1.2","0","0","0"
"liga_klanow_2_1","Aleleble vs eŁKSa1908 3:2","1297867","2026-09-18 19:00","Im. Św. Qbiniego","Stara Gwardia","1393","Aleleble","","Snee, Sebastian","1724646","0","-1","0","0","0","0","0","0","0","0","0","30","13","11","17","12","77","17","1","94","8","47","0","0","0","3","3","12","2","0","6","4","21.2","","11","14","0","0","0","0","0","0","0","0","0","0","0","0","0","0","0","0","0","0","0","0","0","0","0","0","0","0","0","0","0","0","0","0","0","0","0","0","0","0","0","0","0","0","0","0","3","3","0","1","5","12","6","3","3","4","16","11","0","0","0","0","0","12","0","0","0","0","0","0","0","0","0","0","0","clan-bulk-1.2","0","0","0"
"liga_klanow_2_1","Aleleble vs eŁKSa1908 3:2","1297867","2026-09-18 19:00","Im. Św. Qbiniego","Stara Gwardia","1393","Aleleble","","Shirota, Shun","1928197","17","12","20","0","2","75.7","21","5","6","29","5","25","16","9","9","4","52","0","0","0","0","0","9","45","64","0","0","0","0","0","0","0","47.3","","3","5","0","0","0","0","45","64","9","0","41","0","0","4","80.3","62.2","2","0","1","0","3","6","0","0","1","0","0","1","4","1","0","0","7","12","0","0","0","0","0","0","0","0","2","0","0","2","0","0","0","0","0","0","0","0","0","0","0","9","0","0","0","0","0","4","0","0","0","0","0","5","7","1","5","4","1","clan-bulk-1.2","0","0","0"
"liga_klanow_2_1","Aleleble vs eŁKSa1908 3:2","1297867","2026-09-18 19:00","Im. Św. Qbiniego","EXPLOSION II","1393","eŁKSa1908","","Odrzywołek, Franciszek","1744848","4","3","9","1","0","62.2","0","0","0","0","0","14","9","5","5","2","50","0","0","0","0","0","4","15","34","26","21","89","10","29","25","25","15.8","","1","2","0","0","0","0","15","34","4","0","13","0","0","2","62.2","53.2","0","0","0","0","0","0","0","0","0","0","0","0","0","0","0","0","0","0","0","0","0","0","0","0","0","0","0","0","0","0","26","21","2","5","35","89","0","0","0","0","0","0","0","0","0","0","0","0","0","0","0","0","0","3","3","0","1","1","0","clan-bulk-1.2","0","0","0"
"liga_klanow_2_1","Aleleble vs eŁKSa1908 3:2","1297867","2026-09-18 19:00","Im. Św. Qbiniego","EXPLOSION II","1393","eŁKSa1908","","Maria, Christian","1903649","3","-2","18","0","1","67.3","8","4","1","13","-37","18","13","9","5","2","61","9","1","89","3","33","1","20","30","0","0","0","0","0","0","0","12.4","","2","2","0","0","0","0","20","30","1","0","18","0","0","2","67.3","56.1","1","0","0","0","1","2","0","0","3","0","0","3","0","0","1","0","0","1","0","0","0","0","0","0","0","0","0","0","2","2","0","0","0","0","0","0","0","0","0","0","0","0","0","0","0","0","0","0","0","0","0","0","0","1","0","0","3","0","0","clan-bulk-1.2","0","0","0"
"liga_klanow_2_1","Aleleble vs eŁKSa1908 3:2","1297867","2026-09-18 19:00","Im. Św. Qbiniego","EXPLOSION II","1393","eŁKSa1908","","Santamaria, Kanjuro","2003565","14","6","13","0","0","60.6","30","8","12","40","13","4","2","0","2","1","25","0","0","0","0","0","2","24","44","0","0","0","0","0","0","0","21","","1","1","0","0","0","0","24","44","2","1","21","0","0","3","60.6","52.4","6","2","0","0","4","12","1","0","2","1","0","4","0","0","0","0","0","0","4","0","4","0","6","14","0","0","0","0","0","0","0","0","0","0","0","0","0","0","0","0","0","0","0","0","0","0","0","0","0","0","0","0","0","4","1","7","0","5","2","clan-bulk-1.2","0","0","0"
"liga_klanow_2_1","Aleleble vs eŁKSa1908 3:2","1297867","2026-09-18 19:00","Im. Św. Qbiniego","EXPLOSION II","1393","eŁKSa1908","","Sasaoka, Yutaku","1929332","19","10","14","2","1","60.8","30","7","11","37","13","18","11","5","7","0","28","0","0","0","0","0","7","50","84","0","0","0","0","0","0","0","40.1","","0","1","0","0","0","0","50","84","6","0","45","1","0","5","65.2","55","9","1","3","1","6","20","0","0","1","0","0","1","0","0","1","0","0","1","0","0","0","0","0","0","1","1","0","0","6","8","0","0","0","0","0","0","0","0","0","0","0","0","0","0","0","0","0","0","0","0","0","0","0","4","0","9","5","4","3","clan-bulk-1.2","0","0","0"
"liga_klanow_2_1","Aleleble vs eŁKSa1908 3:2","1297867","2026-09-18 19:00","Im. Św. Qbiniego","EXPLOSION II","1393","eŁKSa1908","","Mérienne, Jason","1927070","12","7","9","0","0","58.4","13","3","4","31","8","17","10","6","7","3","53","50","2","96","13","26","8","36","62","0","0","0","0","0","0","0","55.5","","1","1","0","0","0","0","36","62","8","0","32","0","0","4","58.4","51.9","0","0","2","0","2","4","1","0","1","0","0","2","1","0","0","0","1","2","0","0","0","0","0","0","2","0","0","0","3","5","0","0","0","0","0","0","0","0","0","0","0","0","0","0","0","0","0","0","0","0","0","0","0","3","0","4","5","3","0","clan-bulk-1.2","0","0","0"
"liga_klanow_2_1","Aleleble vs eŁKSa1908 3:2","1297867","2026-09-18 19:00","Im. Św. Qbiniego","EXPLOSION II","1393","eŁKSa1908","","Yasui, Takashi","2003566","10","5","5","2","0","51.4","20","3","6","30","15","0","0","0","0","0","0","0","0","0","0","0","4","29","42","0","0","0","0","0","0","0","20.5","","0","0","0","0","0","0","29","42","3","0","25","1","0","4","51.4","47.1","1","0","0","0","6","7","0","0","0","0","0","0","0","0","0","0","0","0","5","1","2","0","5","13","0","0","0","0","0","0","0","0","0","0","0","0","0","0","0","0","0","0","0","0","0","0","0","0","0","0","0","0","0","2","0","3","0","9","0","clan-bulk-1.2","0","0","0"
"liga_klanow_2_1","Aleleble vs eŁKSa1908 3:2","1297867","2026-09-18 19:00","Im. Św. Qbiniego","EXPLOSION II","1393","eŁKSa1908","","Bała, Krystian","1905485","0","-1","0","0","0","0","0","0","0","0","0","43","31","23","12","5","65","8","1","88","2","25","0","0","0","1","1","10","0","1","6","3","22","","4","7","0","0","0","0","0","0","0","0","0","0","0","0","0","0","0","0","0","0","0","0","0","0","0","0","0","0","0","0","0","0","0","0","0","0","0","0","0","0","0","0","0","0","0","0","1","1","0","0","8","10","0","0","0","0","0","0","0","0","0","0","0","0","0","0","0","0","0","0","0","0","0","0","0","clan-bulk-1.2","0","0","0"
"liga_klanow_2_1","Aleleble vs eŁKSa1908 3:2","1297867","2026-09-18 19:00","Im. Św. Qbiniego","EXPLOSION II","1393","eŁKSa1908","","Bień, Adam","2002856","10","-1","4","0","0","55.5","31","11","8","26","-10","6","2","0","4","0","0","0","0","0","0","0","2","24","45","0","0","0","0","0","0","0","3.5","","0","0","0","0","0","0","24","45","2","0","22","0","0","2","55.5","50.9","1","0","3","0","5","9","1","0","1","0","0","2","0","0","0","0","0","0","5","3","4","1","7","20","0","0","0","0","0","0","0","0","0","0","0","0","0","0","0","0","0","0","0","0","0","0","0","0","0","0","0","0","0","3","4","0","7","0","1","clan-bulk-1.2","0","0","0"
"liga_klanow_2_1","Aleleble vs eŁKSa1908 3:2","1297867","2026-09-18 19:00","Im. Św. Qbiniego","EXPLOSION II","1393","eŁKSa1908","","Quanzhi, Yong","1976383","6","-1","13","2","1","67.3","11","3","2","18","-9","19","11","5","8","4","47","35","2","94","14","40","3","42","77","0","0","0","0","0","0","0","28.1","","2","3","0","0","0","0","42","77","3","1","37","0","0","5","67.3","59.1","0","0","1","0","3","4","0","0","1","0","0","1","2","0","1","0","1","4","0","0","0","0","0","0","0","0","0","0","2","2","0","0","0","0","0","0","0","0","0","0","0","0","0","0","0","0","0","0","0","0","0","0","0","4","3","1","0","3","1","clan-bulk-1.2","0","0","0"
"liga_klanow_2_1","Aleleble vs eŁKSa1908 3:2","1297867","2026-09-18 19:00","Im. Św. Qbiniego","EXPLOSION II","1393","eŁKSa1908","","de Carvalho, Josivaldo","1975494","13","10","4","0","0","60.3","26","3","10","38","27","6","2","0","4","0","0","0","0","0","0","0","3","13","38","0","0","0","0","0","0","0","29.9","","0","0","0","0","0","0","13","38","2","0","10","1","0","3","60.3","55.8","3","0","1","0","6","10","2","0","0","0","0","2","0","0","0","0","0","0","5","1","1","0","7","14","0","0","0","0","0","0","0","0","0","0","0","0","0","0","0","0","0","0","0","0","0","0","0","0","0","0","0","0","0","2","8","0","5","0","0","clan-bulk-1.2","0","0","0"
"liga_klanow_2_1","Aleleble vs eŁKSa1908 3:2","1297867","2026-09-18 19:00","Im. Św. Qbiniego","EXPLOSION II","1393","eŁKSa1908","","Laisaare, Aldis","2060877","1","0","5","1","1","58.5","0","0","0","0","0","2","2","0","0","0","0","0","0","0","0","0","0","9","22","0","0","0","0","0","0","0","2","","0","0","0","0","0","0","9","22","0","0","6","0","0","3","58.5","54","0","0","0","0","0","0","0","0","0","0","0","0","0","0","0","0","0","0","0","0","0","0","0","0","0","0","0","0","0","0","0","0","0","0","0","0","0","0","0","0","0","0","0","0","0","0","0","0","0","0","0","0","0","1","2","0","0","0","0","clan-bulk-1.2","0","0","0"
"liga_klanow_2_1","Aleleble vs eŁKSa1908 3:2","1297867","2026-09-18 19:00","Im. Św. Qbiniego","EXPLOSION II","1393","eŁKSa1908","","Święcicki, Marcin","1928462","1","1","12","0","0","54","0","0","0","0","0","10","8","3","2","0","30","0","0","0","0","0","1","7","29","24","11","70","8","21","29","12","5.4","","0","1","0","0","0","0","7","29","1","0","5","0","0","2","54","49","0","0","0","0","0","0","0","0","0","0","0","0","0","0","0","0","0","0","0","0","0","0","0","0","0","0","0","0","0","0","24","11","1","4","30","70","0","0","0","0","0","0","0","0","0","0","0","0","0","0","0","0","0","1","0","1","0","0","0","clan-bulk-1.2","0","0","0"
"liga_klanow_2_1","S-Ninjas vs Projekt Słomin 1:3","1297868","2026-09-18 19:00","Ninjutsu Arena 2024","Stara Gwardia","1393","S-Ninjas","","Hałaczkiewicz, Jakub","1929421","4","4","16","0","1","66.3","1","0","1","100","100","35","28","5","7","3","23","0","0","0","0","0","2","35","74","54","17","150","35","55","41","19","16.2","{""sets"":[{""h"":25,""a"":16},{""h"":21,""a"":25},{""h"":29,""a"":31},{""h"":22,""a"":25}],""parsedSets"":[{""rallies"":[{""type"":""end"",""score"":""25 : 16"",""txt"":""Koniec seta 1 : 0""},{""type"":""end"",""score"":""25 : 16"",""txt"":""Koniec seta 1 : 0""},{""type"":""rally"",""score"":""25 : 16"",""speed"":""59.1 km/h"",""res"":""Punkt: Z. Uryga""},{""type"":""rally"",""score"":""24 : 16"",""speed"":""64.9 km/h"",""res"":""Błąd: M. Górka""},{""type"":""rally"",""score"":""23 : 16"",""speed"":""64.1 km/h"",""res"":""Punkt: Z. Uryga""},{""type"":""rally"",""score"":""22 : 16"",""speed"":""57.4 km/h"",""res"":""Punkt: Z. Uryga""},{""type"":""rally"",""score"":""21 : 16"",""speed"":""48.0 km/h"",""res"":""Punkt: S. Pereda""},{""type"":""rally"",""score"":""21 : 15"",""speed"":""48.3 km/h"",""res"":""Punkt: M. Czarny""},{""type"":""rally"",""score"":""20 : 15"",""speed"":""45.3 km/h"",""res"":""Punkt: P. Gajda""},{""type"":""rally"",""score"":""20 : 14"",""speed"":""56.9 km/h"",""res"":""Punkt: L. Benedito""},{""type"":""rally"",""score"":""19 : 14"",""speed"":""44.2 km/h"",""res"":""Punkt: M. Czarny""},{""type"":""rally"",""score"":""18 : 14"",""speed"":""41.8 km/h"",""res"":""Punkt: Ł. Jusiński""},{""type"":""rally"",""score"":""18 : 13"",""speed"":""56.9 km/h"",""res"":""Punkt: M. Czarny""},{""type"":""rally"",""score"":""17 : 13"",""speed"":""46.6 km/h"",""res"":""Punkt: P. Gajda""},{""type"":""rally"",""score"":""17 : 12"",""speed"":""44.5 km/h"",""res"":""Punkt: P. Gajda""},{""type"":""rally"",""score"":""17 : 11"",""speed"":""41.8 km/h"",""res"":""Punkt: M. Czarny""},{""type"":""tmo"",""score"":""16 : 11"",""txt"":""Czas: ""},{""type"":""rally"",""score"":""16 : 11"",""speed"":""63.2 km/h"",""res"":""Punkt: L. Benedito""},{""type"":""rally"",""score"":""15 : 11"",""speed"":""49.3 km/h"",""res"":""Punkt: M. Górka""},{""type"":""rally"",""score"":""15 : 10"",""speed"":""55.4 km/h"",""res"":""Punkt: Z. Uryga""},{""type"":""rally"",""score"":""14 : 10"",""speed"":""52.1 km/h"",""res"":""Punkt: Z. Uryga""},{""type"":""tmo"",""score"":""13 : 10"",""txt"":""Czas: S-Ninjas""},{""type"":""rally"",""score"":""13 : 10"",""speed"":""54.5 km/h"",""res"":""Punkt: M. Górka""},{""type"":""rally"",""score"":""13 : 9"",""speed"":""59.5 km/h"",""res"":""Punkt: M. Górka""},{""type"":""rally"",""score"":""13 : 8"",""speed"":""47.2 km/h"",""res"":""Punkt: Z. Uryga""},{""type"":""rally"",""score"":""12 : 8"",""speed"":""43.8 km/h"",""res"":""Punkt: M. Górka""},{""type"":""rally"",""score"":""12 : 7"",""speed"":""45.5 km/h"",""res"":""Punkt: L. Benedito""},{""type"":""rally"",""score"":""11 : 7"",""speed"":""51.9 km/h"",""res"":""Punkt: P. Gajda""},{""type"":""rally"",""score"":""11 : 6"",""speed"":""45.2 km/h"",""res"":""Punkt: M. Czarny""},{""type"":""rally"",""score"":""10 : 6"",""speed"":""42.1 km/h"",""res"":""Punkt: P. Gajda""},{""type"":""tmo"",""score"":""10 : 5"",""txt"":""Czas: Projekt Słomin""},{""type"":""rally"",""score"":""10 : 5"",""speed"":""40.7 km/h"",""res"":""Punkt: M. Czarny""},{""type"":""rally"",""score"":""9 : 5"",""speed"":""42.1 km/h"",""res"":""Punkt: J. Hałaczkiewicz""},{""type"":""tmo"",""score"":""8 : 5"",""txt"":""Czas: ""},{""type"":""rally"",""score"":""8 : 5"",""speed"":""41.2 km/h"",""res"":""Punkt: M. Czarny""},{""type"":""rally"",""score"":""7 : 5"",""speed"":""42.0 km/h"",""res"":""Punkt: L. Benedito""},{""type"":""rally"",""score"":""6 : 5"",""speed"":""45.9 km/h"",""res"":""Punkt: M. Czarny""},{""type"":""rally"",""score"":""5 : 5"",""speed"":""54.1 km/h"",""res"":""Punkt: P. Gajda""},{""type"":""rally"",""score"":""5 : 4"",""speed"":""50.9 km/h"",""res"":""Punkt: P. Gajda""},{""type"":""rally"",""score"":""5 : 3"",""speed"":""63.5 km/h"",""res"":""Punkt: Z. Uryga""},{""type"":""rally"",""score"":""4 : 3"",""speed"":""59.4 km/h"",""res"":""Punkt: M. Górka""},{""type"":""rally"",""score"":""4 : 2"",""speed"":""46.9 km/h"",""res"":""Punkt: L. Benedito""},{""type"":""rally"",""score"":""3 : 2"",""speed"":""54.8 km/h"",""res"":""Punkt: Z. Uryga""},{""type"":""rally"",""score"":""2 : 2"",""speed"":""42.6 km/h"",""res"":""Punkt: Z. Uryga""},{""type"":""rally"",""score"":""1 : 2"",""speed"":""50.5 km/h"",""res"":""Błąd: Z. Uryga""},{""type"":""tmo"",""score"":""1 : 1"",""txt"":""Czas: S-Ninjas""},{""type"":""rally"",""score"":""1 : 1"",""speed"":""65.8 km/h"",""res"":""Punkt: M. Górka""},{""type"":""tmo"",""score"":""1 : 0"",""txt"":""Czas: Projekt Słomin""},{""type"":""rally"",""score"":""1 : 0"",""speed"":""53.4 km/h"",""res"":""Błąd: M. Górka""}]},{""rallies"":[{""type"":""end"",""score"":""21 : 25"",""txt"":""Koniec seta 1 : 1""},{""type"":""end"",""score"":""21 : 25"",""txt"":""Koniec seta 1 : 1""},{""type"":""rally"",""score"":""21 : 25"",""speed"":""53.1 km/h"",""res"":""Punkt: M. Górka""},{""type"":""rally"",""score"":""21 : 24"",""speed"":""53.8 km/h"",""res"":""Punkt: Z. Uryga""},{""type"":""rally"",""score"":""20 : 24"",""speed"":""50.6 km/h"",""res"":""Punkt: M. Górka""},{""type"":""rally"",""score"":""20 : 23"",""speed"":""-"",""res"":""Błąd: E. Jabłoński""},{""type"":""rally"",""score"":""19 : 23"",""speed"":""50.1 km/h"",""res"":""Punkt: M. Górka""},{""type"":""rally"",""score"":""19 : 22"",""speed"":""66.3 km/h"",""res"":""Punkt: Z. Uryga""},{""type"":""rally"",""score"":""18 : 22"",""speed"":""58.4 km/h"",""res"":""Punkt: Z. Uryga""},{""type"":""rally"",""score"":""17 : 22"",""speed"":""54.5 km/h"",""res"":""Punkt: M. Jakóbczak""},{""type"":""rally"",""score"":""17 : 21"",""speed"":""47.8 km/h"",""res"":""Punkt: M. Czarny""},{""type"":""rally"",""score"":""16 : 21"",""speed"":""41.8 km/h"",""res"":""Punkt: M. Jakóbczak""},{""type"":""rally"",""score"":""16 : 20"",""speed"":""43.4 km/h"",""res"":""Błąd: P. Gajda""},{""type"":""rally"",""score"":""15 : 20"",""speed"":""47.5 km/h"",""res"":""Punkt: P. Gajda""},{""type"":""rally"",""score"":""15 : 19"",""speed"":""42.4 km/h"",""res"":""Punkt: B. Diković""},{""type"":""rally"",""score"":""14 : 19"",""speed"":""57.2 km/h"",""res"":""Punkt: M. Górka""},{""type"":""rally"",""score"":""14 : 18"",""speed"":""44.0 km/h"",""res"":""Punkt: P. Gajda""},{""type"":""rally"",""score"":""14 : 17"",""speed"":""58.9 km/h"",""res"":""Punkt: M. Górka""},{""type"":""rally"",""score"":""14 : 16"",""speed"":""59.3 km/h"",""res"":""Błąd: M. Górka""},{""type"":""rally"",""score"":""13 : 16"",""speed"":""41.4 km/h"",""res"":""Punkt: B. Diković""},{""type"":""tmo"",""score"":""12 : 16"",""txt"":""Czas: ""},{""type"":""rally"",""score"":""12 : 16"",""speed"":""58.7 km/h"",""res"":""Punkt: Ł. Jusiński""},{""type"":""rally"",""score"":""12 : 15"",""speed"":""58.7 km/h"",""res"":""Błąd: R. Wójcik""},{""type"":""rally"",""score"":""12 : 14"",""speed"":""49.4 km/h"",""res"":""Punkt: Ł. Jusiński""},{""type"":""rally"",""score"":""12 : 13"",""speed"":""52.9 km/h"",""res"":""Punkt: Z. Uryga""},{""type"":""rally"",""score"":""11 : 13"",""speed"":""51.3 km/h"",""res"":""Punkt: M. Górka""},{""type"":""rally"",""score"":""11 : 12"",""speed"":""55.1 km/h"",""res"":""Punkt: M. Górka""},{""type"":""rally"",""score"":""11 : 11"",""speed"":""55.2 km/h"",""res"":""Błąd: Z. Uryga""},{""type"":""rally"",""score"":""11 : 10"",""speed"":""60.0 km/h"",""res"":""Punkt: Ł. Jusiński""},{""type"":""rally"",""score"":""11 : 9"",""speed"":""59.9 km/h"",""res"":""Punkt: J. Hałaczkiewicz""},{""type"":""rally"",""score"":""10 : 9"",""speed"":""-"",""res"":""Błąd: P. Gajda""},{""type"":""rally"",""score"":""9 : 9"",""speed"":""45.9 km/h"",""res"":""Punkt: P. Gajda""},{""type"":""rally"",""score"":""9 : 8"",""speed"":""-"",""res"":""Błąd: M. Jakóbczak""},{""type"":""rally"",""score"":""8 : 8"",""speed"":""42.1 km/h"",""res"":""Punkt: P. Gajda""},{""type"":""tmo"",""score"":""8 : 7"",""txt"":""Czas: ""},{""type"":""rally"",""score"":""8 : 7"",""speed"":""61.8 km/h"",""res"":""Punkt: M. Czarny""},{""type"":""rally"",""score"":""7 : 7"",""speed"":""-"",""res"":""Błąd: S. Pereda""},{""type"":""rally"",""score"":""6 : 7"",""speed"":""48.6 km/h"",""res"":""Punkt: P. Gajda""},{""type"":""rally"",""score"":""6 : 6"",""speed"":""53.7 km/h"",""res"":""Punkt: J. Hałaczkiewicz""},{""type"":""rally"",""score"":""5 : 6"",""speed"":""47.7 km/h"",""res"":""Punkt: V. Lusini""},{""type"":""rally"",""score"":""4 : 6"",""speed"":""52.0 km/h"",""res"":""Punkt: R. Wójcik""},{""type"":""rally"",""score"":""3 : 6"",""speed"":""60.0 km/h"",""res"":""Punkt: M. Górka""},{""type"":""rally"",""score"":""3 : 5"",""speed"":""55.8 km/h"",""res"":""Punkt: B. Diković""},{""type"":""rally"",""score"":""2 : 5"",""speed"":""-"",""res"":""Błąd: R. Wójcik""},{""type"":""rally"",""score"":""2 : 4"",""speed"":""44.5 km/h"",""res"":""Punkt: R. Wójcik""},{""type"":""rally"",""score"":""1 : 4"",""speed"":""51.2 km/h"",""res"":""Punkt: Z. Uryga""},{""type"":""rally"",""score"":""0 : 4"",""speed"":""51.7 km/h"",""res"":""Punkt: M. Górka""},{""type"":""tmo"",""score"":""0 : 3"",""txt"":""Czas: S-Ninjas""},{""type"":""rally"",""score"":""0 : 3"",""speed"":""41.2 km/h"",""res"":""Punkt: Ł. Jusiński""},{""type"":""tmo"",""score"":""0 : 2"",""txt"":""Czas: Projekt Słomin""},{""type"":""rally"",""score"":""0 : 2"",""speed"":""52.3 km/h"",""res"":""Punkt: M. Górka""},{""type"":""chg"",""score"":""0 : 1"",""txt"":""Zmiana: V. Lusini ⇄ L. Benedito""},{""type"":""chg"",""score"":""0 : 1"",""txt"":""Zmiana: B. Diković ⇄ P. Szczerbiński""},{""type"":""tmo"",""score"":""0 : 1"",""txt"":""Czas: S-Ninjas""},{""type"":""rally"",""score"":""0 : 1"",""speed"":""50.4 km/h"",""res"":""Błąd: Z. Uryga""}]},{""rallies"":[{""type"":""end"",""score"":""29 : 31"",""txt"":""Koniec seta 1 : 2""},{""type"":""end"",""score"":""29 : 31"",""txt"":""Koniec seta 1 : 2""},{""type"":""rally"",""score"":""29 : 31"",""speed"":""55.2 km/h"",""res"":""Punkt: M. Górka""},{""type"":""rally"",""score"":""29 : 30"",""speed"":""54.9 km/h"",""res"":""Punkt: M. Górka""},{""type"":""rally"",""score"":""29 : 29"",""speed"":""50.6 km/h"",""res"":""Punkt: Z. Uryga""},{""type"":""rally"",""score"":""28 : 29"",""speed"":""55.1 km/h"",""res"":""Punkt: M. Górka""},{""type"":""rally"",""score"":""28 : 28"",""speed"":""55.9 km/h"",""res"":""Punkt: M. Górka""},{""type"":""rally"",""score"":""28 : 27"",""speed"":""53.3 km/h"",""res"":""Punkt: R. Wójcik""},{""type"":""rally"",""score"":""27 : 27"",""speed"":""52.5 km/h"",""res"":""Punkt: P. Gajda""},{""type"":""rally"",""score"":""27 : 26"",""speed"":""48.7 km/h"",""res"":""Błąd: P. Gajda""},{""type"":""rally"",""score"":""26 : 26"",""speed"":""43.6 km/h"",""res"":""Punkt: J. Hałaczkiewicz""},{""type"":""rally"",""score"":""25 : 26"",""speed"":""41.1 km/h"",""res"":""Punkt: P. Gajda""},{""type"":""rally"",""score"":""25 : 25"",""speed"":""-"",""res"":""Błąd: B. Laurent""},{""type"":""rally"",""score"":""24 : 25"",""speed"":""54.5 km/h"",""res"":""Punkt: P. Gajda""},{""type"":""rally"",""score"":""24 : 24"",""speed"":""56.9 km/h"",""res"":""Punkt: P. Gajda""},{""type"":""rally"",""score"":""24 : 23"",""speed"":""51.9 km/h"",""res"":""Punkt: M. Czarny""},{""type"":""rally"",""score"":""23 : 23"",""speed"":""57.0 km/h"",""res"":""Błąd: M. Jakóbczak""},{""type"":""rally"",""score"":""22 : 23"",""speed"":""51.0 km/h"",""res"":""Punkt: M. Górka""},{""type"":""rally"",""score"":""22 : 22"",""speed"":""50.7 km/h"",""res"":""Punkt: Z. Uryga""},{""type"":""rally"",""score"":""21 : 22"",""speed"":""44.8 km/h"",""res"":""Punkt: M. Górka""},{""type"":""rally"",""score"":""21 : 21"",""speed"":""-"",""res"":""Błąd: E. Jabłoński""},{""type"":""rally"",""score"":""20 : 21"",""speed"":""51.2 km/h"",""res"":""Punkt: M. Górka""},{""type"":""rally"",""score"":""20 : 20"",""speed"":""60.4 km/h"",""res"":""Punkt: M. Czarny""},{""type"":""rally"",""score"":""19 : 20"",""speed"":""58.8 km/h"",""res"":""Punkt: P. Gajda""},{""type"":""rally"",""score"":""19 : 19"",""speed"":""55.7 km/h"",""res"":""Punkt: M. Czarny""},{""type"":""rally"",""score"":""18 : 19"",""speed"":""47.0 km/h"",""res"":""Punkt: M. Czarny""},{""type"":""rally"",""score"":""17 : 19"",""speed"":""41.8 km/h"",""res"":""Punkt: M. Czarny""},{""type"":""rally"",""score"":""16 : 19"",""speed"":""43.0 km/h"",""res"":""Punkt: M. Jakóbczak""},{""type"":""rally"",""score"":""16 : 18"",""speed"":""41.6 km/h"",""res"":""Punkt: P. Szczerbiński""},{""type"":""rally"",""score"":""15 : 18"",""speed"":""40.7 km/h"",""res"":""Punkt: M. Czarny""},{""type"":""rally"",""score"":""14 : 18"",""speed"":""-"",""res"":""Błąd: B. Laurent""},{""type"":""rally"",""score"":""13 : 18"",""speed"":""52.8 km/h"",""res"":""Punkt: P. Gajda""},{""type"":""rally"",""score"":""13 : 17"",""speed"":""55.3 km/h"",""res"":""Punkt: P. Gajda""},{""type"":""rally"",""score"":""13 : 16"",""speed"":""51.7 km/h"",""res"":""Punkt: Z. Uryga""},{""type"":""rally"",""score"":""12 : 16"",""speed"":""50.3 km/h"",""res"":""Punkt: M. Czarny""},{""type"":""rally"",""score"":""11 : 16"",""speed"":""46.0 km/h"",""res"":""Punkt: Z. Uryga""},{""type"":""tmo"",""score"":""10 : 16"",""txt"":""Czas: ""},{""type"":""rally"",""score"":""10 : 16"",""speed"":""53.7 km/h"",""res"":""Punkt: B. Laurent""},{""type"":""rally"",""score"":""10 : 15"",""speed"":""41.6 km/h"",""res"":""Punkt: P. Gajda""},{""type"":""rally"",""score"":""10 : 14"",""speed"":""43.0 km/h"",""res"":""Punkt: P. Gajda""},{""type"":""rally"",""score"":""10 : 13"",""speed"":""50.5 km/h"",""res"":""Punkt: P. Gajda""},{""type"":""rally"",""score"":""10 : 12"",""speed"":""47.9 km/h"",""res"":""Punkt: M. Górka""},{""type"":""rally"",""score"":""10 : 11"",""speed"":""45.3 km/h"",""res"":""Punkt: Z. Uryga""},{""type"":""rally"",""score"":""9 : 11"",""speed"":""42.6 km/h"",""res"":""Punkt: L. Benedito""},{""type"":""rally"",""score"":""8 : 11"",""speed"":""41.8 km/h"",""res"":""Punkt: Z. Uryga""},{""type"":""rally"",""score"":""7 : 11"",""speed"":""42.7 km/h"",""res"":""Punkt: M. Górka""},{""type"":""rally"",""score"":""7 : 10"",""speed"":""49.2 km/h"",""res"":""Punkt: Z. Uryga""},{""type"":""rally"",""score"":""6 : 10"",""speed"":""44.2 km/h"",""res"":""Punkt: M. Górka""},{""type"":""rally"",""score"":""6 : 9"",""speed"":""44.7 km/h"",""res"":""Punkt: M. Czarny""},{""type"":""tmo"",""score"":""5 : 9"",""txt"":""Czas: S-Ninjas""},{""type"":""rally"",""score"":""5 : 9"",""speed"":""44.5 km/h"",""res"":""Punkt: Ł. Jusiński""},{""type"":""tmo"",""score"":""5 : 8"",""txt"":""Czas: ""},{""type"":""rally"",""score"":""5 : 8"",""speed"":""42.7 km/h"",""res"":""Punkt: M. Górka""},{""type"":""rally"",""score"":""5 : 7"",""speed"":""49.7 km/h"",""res"":""Punkt: P. Gajda""},{""type"":""rally"",""score"":""5 : 6"",""speed"":""47.2 km/h"",""res"":""Punkt: R. Wójcik""},{""type"":""rally"",""score"":""4 : 6"",""speed"":""44.7 km/h"",""res"":""Punkt: L. Benedito""},{""type"":""rally"",""score"":""3 : 6"",""speed"":""42.2 km/h"",""res"":""Błąd: M. Czarny""},{""type"":""rally"",""score"":""3 : 5"",""speed"":""43.4 km/h"",""res"":""Punkt: M. Czarny""},{""type"":""rally"",""score"":""2 : 5"",""speed"":""58.9 km/h"",""res"":""Punkt: P. Gajda""},{""type"":""rally"",""score"":""2 : 4"",""speed"":""58.2 km/h"",""res"":""Punkt: Z. Uryga""},{""type"":""rally"",""score"":""1 : 4"",""speed"":""50.0 km/h"",""res"":""Punkt: P. Gajda""},{""type"":""rally"",""score"":""1 : 3"",""speed"":""48.9 km/h"",""res"":""Punkt: M. Górka""},{""type"":""rally"",""score"":""1 : 2"",""speed"":""56.1 km/h"",""res"":""Punkt: Z. Uryga""},{""type"":""tmo"",""score"":""0 : 2"",""txt"":""Czas: Projekt Słomin""},{""type"":""rally"",""score"":""0 : 2"",""speed"":""49.2 km/h"",""res"":""Punkt: M. Górka""},{""type"":""chg"",""score"":""0 : 1"",""txt"":""Zmiana: B. Laurent ⇄ S. Pereda""},{""type"":""tmo"",""score"":""0 : 1"",""txt"":""Czas: S-Ninjas""},{""type"":""rally"",""score"":""0 : 1"",""speed"":""60.0 km/h"",""res"":""Punkt: Ł. Jusiński""}]},{""rallies"":[{""type"":""end"",""score"":""22 : 25"",""txt"":""Koniec seta 1 : 3""},{""type"":""end"",""score"":""22 : 25"",""txt"":""Koniec seta 1 : 3""},{""type"":""rally"",""score"":""22 : 25"",""speed"":""47.8 km/h"",""res"":""Punkt: P. Gajda""},{""type"":""rally"",""score"":""22 : 24"",""speed"":""40.9 km/h"",""res"":""Punkt: P. Gajda""},{""type"":""rally"",""score"":""22 : 23"",""speed"":""52.5 km/h"",""res"":""Punkt: M. Czarny""},{""type"":""rally"",""score"":""21 : 23"",""speed"":""42.8 km/h"",""res"":""Błąd: M. Czarny""},{""type"":""rally"",""score"":""21 : 22"",""speed"":""43.0 km/h"",""res"":""Punkt: M. Górka""},{""type"":""rally"",""score"":""21 : 21"",""speed"":""48.4 km/h"",""res"":""Błąd: M. Górka""},{""type"":""rally"",""score"":""20 : 21"",""speed"":""44.5 km/h"",""res"":""Punkt: Z. Uryga""},{""type"":""rally"",""score"":""19 : 21"",""speed"":""56.2 km/h"",""res"":""Punkt: M. Górka""},{""type"":""rally"",""score"":""19 : 20"",""speed"":""58.6 km/h"",""res"":""Punkt: M. Górka""},{""type"":""rally"",""score"":""19 : 19"",""speed"":""58.9 km/h"",""res"":""Punkt: Z. Uryga""},{""type"":""rally"",""score"":""18 : 19"",""speed"":""54.3 km/h"",""res"":""Punkt: Z. Uryga""},{""type"":""rally"",""score"":""17 : 19"",""speed"":""50.2 km/h"",""res"":""Punkt: M. Górka""},{""type"":""rally"",""score"":""17 : 18"",""speed"":""57.2 km/h"",""res"":""Punkt: Z. Uryga""},{""type"":""rally"",""score"":""16 : 18"",""speed"":""40.9 km/h"",""res"":""Punkt: P. Gajda""},{""type"":""rally"",""score"":""16 : 17"",""speed"":""41.0 km/h"",""res"":""Błąd: E. Jabłoński""},{""type"":""rally"",""score"":""15 : 17"",""speed"":""-"",""res"":""Błąd: L. Benedito""},{""type"":""rally"",""score"":""15 : 16"",""speed"":""-"",""res"":""Błąd: S. Pereda""},{""type"":""tmo"",""score"":""14 : 16"",""txt"":""Czas: ""},{""type"":""rally"",""score"":""14 : 16"",""speed"":""47.0 km/h"",""res"":""Punkt: E. Jabłoński""},{""type"":""rally"",""score"":""14 : 15"",""speed"":""40.7 km/h"",""res"":""Punkt: P. Gajda""},{""type"":""rally"",""score"":""14 : 14"",""speed"":""58.3 km/h"",""res"":""Punkt: M. Czarny""},{""type"":""rally"",""score"":""13 : 14"",""speed"":""48.3 km/h"",""res"":""Punkt: M. Górka""},{""type"":""rally"",""score"":""13 : 13"",""speed"":""53.6 km/h"",""res"":""Punkt: M. Górka""},{""type"":""rally"",""score"":""13 : 12"",""speed"":""56.2 km/h"",""res"":""Punkt: L. Benedito""},{""type"":""rally"",""score"":""12 : 12"",""speed"":""56.5 km/h"",""res"":""Błąd: M. Górka""},{""type"":""rally"",""score"":""11 : 12"",""speed"":""59.0 km/h"",""res"":""Punkt: Z. Uryga""},{""type"":""rally"",""score"":""10 : 12"",""speed"":""48.6 km/h"",""res"":""Punkt: S. Pereda""},{""type"":""rally"",""score"":""10 : 11"",""speed"":""41.0 km/h"",""res"":""Punkt: R. Wójcik""},{""type"":""rally"",""score"":""9 : 11"",""speed"":""46.3 km/h"",""res"":""Punkt: M. Górka""},{""type"":""rally"",""score"":""9 : 10"",""speed"":""49.2 km/h"",""res"":""Punkt: Z. Uryga""},{""type"":""rally"",""score"":""8 : 10"",""speed"":""41.1 km/h"",""res"":""Punkt: M. Górka""},{""type"":""rally"",""score"":""8 : 9"",""speed"":""52.7 km/h"",""res"":""Punkt: P. Gajda""},{""type"":""rally"",""score"":""8 : 8"",""speed"":""42.1 km/h"",""res"":""Punkt: M. Czarny""},{""type"":""tmo"",""score"":""7 : 8"",""txt"":""Czas: ""},{""type"":""rally"",""score"":""7 : 8"",""speed"":""43.1 km/h"",""res"":""Punkt: Ł. Jusiński""},{""type"":""rally"",""score"":""7 : 7"",""speed"":""49.7 km/h"",""res"":""Punkt: P. Gajda""},{""type"":""rally"",""score"":""7 : 6"",""speed"":""49.5 km/h"",""res"":""Punkt: P. Gajda""},{""type"":""rally"",""score"":""7 : 5"",""speed"":""56.9 km/h"",""res"":""Punkt: Ł. Jusiński""},{""type"":""rally"",""score"":""7 : 4"",""speed"":""56.0 km/h"",""res"":""Punkt: M. Czarny""},{""type"":""rally"",""score"":""6 : 4"",""speed"":""51.1 km/h"",""res"":""Punkt: M. Czarny""},{""type"":""rally"",""score"":""5 : 4"",""speed"":""42.6 km/h"",""res"":""Punkt: P. Gajda""},{""type"":""rally"",""score"":""5 : 3"",""speed"":""57.4 km/h"",""res"":""Punkt: M. Czarny""},{""type"":""rally"",""score"":""4 : 3"",""speed"":""53.3 km/h"",""res"":""Punkt: P. Gajda""},{""type"":""rally"",""score"":""4 : 2"",""speed"":""-"",""res"":""Błąd: Z. Uryga""},{""type"":""rally"",""score"":""4 : 1"",""speed"":""42.2 km/h"",""res"":""Punkt: R. Wójcik""},{""type"":""rally"",""score"":""3 : 1"",""speed"":""43.4 km/h"",""res"":""Punkt: M. Górka""},{""type"":""rally"",""score"":""3 : 0"",""speed"":""58.6 km/h"",""res"":""Punkt: Z. Uryga""},{""type"":""rally"",""score"":""2 : 0"",""speed"":""48.9 km/h"",""res"":""Punkt: R. Wójcik""},{""type"":""tmo"",""score"":""1 : 0"",""txt"":""Czas: Projekt Słomin""},{""type"":""rally"",""score"":""1 : 0"",""speed"":""51.1 km/h"",""res"":""Punkt: R. Wójcik""}]}]}","0","2","0","0","0","0","35","74","2","0","32","0","0","3","66.3","56.4","1","0","0","0","0","1","0","0","0","0","0","0","0","0","0","0","0","0","0","0","0","0","0","0","0","0","0","0","0","0","54","17","5","6","69","150","0","0","0","0","0","0","0","0","0","0","0","0","0","0","0","0","0","3","1","2","1","0","0","clan-bulk-1.2","0","0","0"
"liga_klanow_2_1","S-Ninjas vs Projekt Słomin 1:3","1297868","2026-09-18 19:00","Ninjutsu Arena 2024","Stara Gwardia","1393","S-Ninjas","","Wójcik, Radosław","1904178","8","4","20","1","1","59.4","24","3","7","29","17","23","18","8","5","3","48","7","0","100","4","57","0","41","77","0","0","0","0","0","0","0","26.9","","3","3","0","0","0","0","41","77","0","0","36","0","0","5","59.4","50.7","0","0","0","0","2","2","1","0","0","0","0","1","3","0","2","0","7","12","0","0","0","0","0","0","3","1","0","0","5","9","0","0","0","0","0","0","0","0","0","0","0","0","0","0","0","0","0","0","0","0","0","0","0","3","0","4","2","4","0","clan-bulk-1.2","0","0","0"
"liga_klanow_2_1","S-Ninjas vs Projekt Słomin 1:3","1297868","2026-09-18 19:00","Ninjutsu Arena 2024","Stara Gwardia","1393","S-Ninjas","","Uryga, Zygfryd","1949875","34","24","19","1","1","60","56","9","24","43","27","3","1","0","2","1","33","0","0","0","0","0","9","51","79","1","0","2","0","0","1","1","69.3","","1","1","0","0","0","0","51","79","7","0","45","2","0","6","60","52.8","0","0","1","0","4","5","3","1","1","2","1","8","0","0","0","0","0","0","19","2","4","0","18","43","0","0","0","0","0","0","1","0","0","0","1","2","0","0","0","0","0","0","0","0","0","0","0","0","0","0","0","0","0","4","10","7","9","8","0","clan-bulk-1.2","0","0","0"
"liga_klanow_2_1","S-Ninjas vs Projekt Słomin 1:3","1297868","2026-09-18 19:00","Ninjutsu Arena 2024","Stara Gwardia","1393","S-Ninjas","","Szczerbiński, Paweł","1976171","2","-2","14","0","1","43","8","4","1","13","-37","18","12","0","6","0","0","0","0","0","0","0","0","1","70","0","0","0","0","0","0","0","-1","","0","3","0","0","0","0","1","70","0","0","1","0","0","0","43","41.6","0","0","0","0","0","0","0","0","1","0","0","1","0","0","2","0","1","3","0","0","0","0","0","0","0","0","1","1","2","4","0","0","0","0","0","0","0","0","0","0","0","0","0","0","0","0","0","0","0","0","0","0","0","1","0","0","1","0","0","clan-bulk-1.2","0","0","0"
"liga_klanow_2_1","S-Ninjas vs Projekt Słomin 1:3","1297868","2026-09-18 19:00","Ninjutsu Arena 2024","Stara Gwardia","1393","S-Ninjas","","Benedito, Leandro","1976542","9","5","13","1","0","58.8","17","2","5","29","18","20","13","10","7","5","75","59","1","98","24","41","4","43","74","0","0","0","0","0","0","0","62.4","","4","4","0","0","0","0","43","74","4","0","38","0","0","5","58.8","52.2","0","0","0","0","0","0","0","0","1","0","0","1","2","0","0","1","8","11","0","0","0","0","0","0","2","0","1","0","2","5","0","0","0","0","0","0","0","0","0","0","0","0","0","0","0","0","0","0","0","0","0","0","0","3","5","0","2","2","0","clan-bulk-1.2","0","0","0"
"liga_klanow_2_1","S-Ninjas vs Projekt Słomin 1:3","1297868","2026-09-18 19:00","Ninjutsu Arena 2024","Stara Gwardia","1393","S-Ninjas","","Czarny, Marek","1905590","26","19","9","0","0","55.9","47","7","20","43","28","9","6","2","3","1","33","0","0","0","0","0","6","61","86","0","0","0","0","0","0","0","55.1","","0","0","0","0","0","0","61","86","6","1","55","0","0","6","55.9","48.6","1","1","0","0","4","6","1","0","1","0","1","3","0","0","0","0","0","0","17","1","4","1","15","38","0","0","0","0","0","0","0","0","0","0","0","0","0","0","0","0","0","0","0","0","0","0","0","0","0","0","0","0","0","4","8","2","10","7","0","clan-bulk-1.2","0","0","0"
"liga_klanow_2_1","S-Ninjas vs Projekt Słomin 1:3","1297868","2026-09-18 19:00","Ninjutsu Arena 2024","Stara Gwardia","1393","S-Ninjas","","Silvério, Wilson","1975850","0","-1","0","0","0","0","0","0","0","0","0","43","32","27","11","5","74","8","1","88","3","38","0","0","0","1","3","6","1","1","2","2","25.6","","4","5","0","0","0","0","0","0","0","0","0","0","0","0","0","0","0","0","0","0","0","0","0","0","0","0","0","0","0","0","0","0","0","0","0","0","0","0","0","0","0","0","0","0","0","0","1","3","0","0","2","6","0","0","0","0","0","0","0","0","0","0","0","0","0","0","0","0","0","0","0","0","0","0","0","clan-bulk-1.2","0","0","0"
"liga_klanow_2_1","S-Ninjas vs Projekt Słomin 1:3","1297868","2026-09-18 19:00","Ninjutsu Arena 2024","Stara Gwardia","1393","S-Ninjas","","Diković, Benjamin","2003060","3","3","4","0","0","53.7","3","0","3","100","100","2","1","1","1","0","50","0","0","0","0","0","0","6","21","0","0","0","0","0","0","0","6.8","","0","0","0","0","0","0","6","21","0","0","4","0","0","2","53.7","49.4","1","0","0","0","0","1","1","0","0","0","0","1","1","0","0","0","0","1","0","0","0","0","0","0","0","0","0","0","0","0","0","0","0","0","0","0","0","0","0","0","0","0","0","0","0","0","0","0","0","0","0","0","0","1","0","3","0","0","0","clan-bulk-1.2","0","0","0"
"liga_klanow_2_1","S-Ninjas vs Projekt Słomin 1:3","1297868","2026-09-18 19:00","Ninjutsu Arena 2024","Stara Gwardia","1393","S-Ninjas","","Lusini, Vittorio","1927736","2","0","3","0","0","61.8","3","1","0","0","-33","6","4","1","2","2","50","14","1","93","4","29","2","6","14","0","0","0","0","0","0","0","10.9","","2","2","0","0","0","0","6","14","1","0","5","1","0","1","61.8","48.6","0","0","0","0","1","1","0","0","1","0","0","1","0","0","0","0","0","0","0","0","0","0","0","0","0","0","0","0","1","1","0","0","0","0","0","0","0","0","0","0","0","0","0","0","0","0","0","0","0","0","0","0","0","1","0","1","0","0","0","clan-bulk-1.2","0","0","0"
"liga_klanow_2_1","S-Ninjas vs Projekt Słomin 1:3","1297868","2026-09-18 19:00","Ninjutsu Arena 2024","EXPLOSION II","1393","Projekt Słomin","","Jabłoński, Eryk","1865571","1","-1","19","2","0","57.4","1","0","1","100","100","32","22","9","10","4","41","0","0","0","0","0","0","19","72","63","21","152","19","61","48","24","8.8","","3","3","0","0","0","0","19","72","0","1","15","0","0","4","57.4","51","1","0","0","0","0","1","0","0","0","0","0","0","0","0","0","0","0","0","0","0","0","0","0","0","0","0","0","0","0","0","63","21","1","7","61","152","0","0","0","0","0","0","0","0","0","0","0","0","0","0","0","0","0","3","0","1","1","2","0","clan-bulk-1.2","0","0","0"
"liga_klanow_2_1","S-Ninjas vs Projekt Słomin 1:3","1297868","2026-09-18 19:00","Ninjutsu Arena 2024","EXPLOSION II","1393","Projekt Słomin","","Jusiński, Łukasz","2002296","10","7","18","0","1","59","19","2","6","32","21","24","16","10","8","1","46","22","1","95","10","45","3","20","80","0","0","0","0","0","0","0","44","","1","2","0","0","0","0","20","80","3","0","15","0","0","5","59","51.3","0","0","0","0","1","1","0","0","1","0","0","1","3","0","0","0","6","9","0","0","0","0","0","0","2","0","1","1","4","8","0","0","0","0","0","0","0","0","0","0","0","0","0","0","0","0","0","0","0","0","0","0","0","4","1","4","2","2","0","clan-bulk-1.2","0","0","0"
"liga_klanow_2_1","S-Ninjas vs Projekt Słomin 1:3","1297868","2026-09-18 19:00","Ninjutsu Arena 2024","EXPLOSION II","1393","Projekt Słomin","","Górka, Mateusz","1767969","38","23","20","0","2","63.5","65","15","31","48","25","9","5","0","4","0","0","0","0","0","0","0","5","46","75","1","0","5","1","2","2","0","65.5","","0","1","0","0","0","0","46","75","5","0","40","0","0","6","63.5","51.7","3","0","0","0","5","8","4","0","4","0","0","8","0","0","0","0","0","0","24","5","6","0","14","49","0","0","0","0","0","0","1","0","0","0","4","5","0","0","0","0","0","0","0","0","0","0","0","0","0","0","0","0","0","4","8","11","13","11","0","clan-bulk-1.2","0","0","0"
"liga_klanow_2_1","S-Ninjas vs Projekt Słomin 1:3","1297868","2026-09-18 19:00","Ninjutsu Arena 2024","EXPLOSION II","1393","Projekt Słomin","","Pereda, Silo","2002648","2","-2","10","2","0","56.9","8","2","2","25","0","19","14","8","5","3","58","0","0","0","0","0","0","22","63","0","0","0","0","0","0","0","6.6","","2","2","0","0","0","0","22","63","0","0","20","0","0","2","56.9","49.1","0","0","0","0","0","0","0","0","1","0","0","1","1","0","0","0","2","3","0","0","0","0","0","0","1","0","1","0","2","4","0","0","0","0","0","0","0","0","0","0","0","0","0","0","0","0","0","0","0","0","0","0","0","3","1","1","0","2","0","clan-bulk-1.2","0","0","0"
"liga_klanow_2_1","S-Ninjas vs Projekt Słomin 1:3","1297868","2026-09-18 19:00","Ninjutsu Arena 2024","EXPLOSION II","1393","Projekt Słomin","","Jakóbczak, Maciej","2002297","3","-1","12","1","0","49.7","11","1","2","18","9","26","21","9","5","2","42","57","2","96","24","42","1","33","78","0","0","0","0","0","0","0","41.9","","2","3","0","0","0","0","33","78","1","0","24","0","0","9","49.7","44.8","1","0","0","0","2","3","0","0","1","0","1","2","0","0","0","0","0","0","0","0","0","0","0","0","1","0","0","0","5","6","0","0","0","0","0","0","0","0","0","0","0","0","0","0","0","0","0","0","0","0","0","0","0","2","0","3","2","0","0","clan-bulk-1.2","0","0","0"
"liga_klanow_2_1","S-Ninjas vs Projekt Słomin 1:3","1297868","2026-09-18 19:00","Ninjutsu Arena 2024","EXPLOSION II","1393","Projekt Słomin","","Gajda, Przemysław","1745553","36","27","12","1","0","60.4","53","8","26","49","34","4","4","0","0","0","0","0","0","0","0","0","10","61","83","0","0","0","0","0","0","0","75.8","","0","0","0","0","0","0","61","83","8","2","49","2","1","12","60.4","49.6","1","0","2","0","4","7","1","0","1","0","2","4","0","0","0","0","0","0","24","2","3","0","13","42","0","0","0","0","0","0","0","0","0","0","0","0","0","0","0","0","0","0","0","0","0","0","0","0","0","0","0","0","0","4","7","7","14","9","0","clan-bulk-1.2","0","0","0"
"liga_klanow_2_1","S-Ninjas vs Projekt Słomin 1:3","1297868","2026-09-18 19:00","Ninjutsu Arena 2024","EXPLOSION II","1393","Projekt Słomin","","Yanakiev, Valentin","2003381","0","-1","0","0","0","0","0","0","0","0","0","32","27","20","5","3","72","16","1","94","6","38","0","0","0","3","2","8","1","5","2","0","23.6","","3","3","0","0","0","0","0","0","0","0","0","0","0","0","0","0","0","0","0","0","0","0","0","0","0","0","0","0","0","0","0","0","0","0","0","0","0","0","0","0","0","0","0","0","0","0","3","2","0","0","3","8","0","0","0","0","0","0","0","0","0","0","0","0","0","0","0","0","0","0","0","0","0","0","0","clan-bulk-1.2","0","0","0"
"liga_klanow_2_1","S-Ninjas vs Projekt Słomin 1:3","1297868","2026-09-18 19:00","Ninjutsu Arena 2024","EXPLOSION II","1393","Projekt Słomin","","Laurent, Benoît","2002852","1","-3","5","2","0","54.5","9","2","0","0","-22","7","5","5","2","1","86","0","0","0","0","0","1","9","23","0","0","0","0","0","0","0","2.4","","0","0","0","0","0","0","9","23","1","0","7","0","1","2","54.5","50.2","0","0","0","0","2","2","0","0","1","0","0","1","0","0","1","0","0","1","0","0","0","0","0","0","0","0","0","0","5","5","0","0","0","0","0","0","0","0","0","0","0","0","0","0","0","0","0","0","0","0","0","0","0","1","0","0","3","0","0","clan-bulk-1.2","0","0","0"
"liga_klanow_2_1","Pogromcy Gdańsk vs Vernixo 0:3","1297869","2026-09-18 19:00","Pogro Arena","Stara Gwardia","1393","Pogromcy Gdańsk","","Gvozdenović, Andrija","1928422","4","1","12","3","0","70.2","1","0","1","100","100","18","13","4","5","0","22","0","0","0","0","0","3","21","33","33","17","91","16","28","30","17","11.2","{""sets"":[{""h"":23,""a"":25},{""h"":15,""a"":25},{""h"":22,""a"":25}],""parsedSets"":[{""rallies"":[{""type"":""end"",""score"":""23 : 25"",""txt"":""Koniec seta 0 : 1""},{""type"":""end"",""score"":""23 : 25"",""txt"":""Koniec seta 0 : 1""},{""type"":""rally"",""score"":""23 : 25"",""speed"":""46.6 km/h"",""res"":""Punkt: J. Zych""},{""type"":""rally"",""score"":""23 : 24"",""speed"":""-"",""res"":""Błąd: M. Ptak""},{""type"":""rally"",""score"":""22 : 24"",""speed"":""-"",""res"":""Błąd: A. Gvozdenović""},{""type"":""rally"",""score"":""22 : 23"",""speed"":""51.0 km/h"",""res"":""Punkt: M. Andjelić""},{""type"":""rally"",""score"":""21 : 23"",""speed"":""42.3 km/h"",""res"":""Punkt: J. Zych""},{""type"":""rally"",""score"":""21 : 22"",""speed"":""64.5 km/h"",""res"":""Punkt: J. Zych""},{""type"":""rally"",""score"":""21 : 21"",""speed"":""66.5 km/h"",""res"":""Punkt: S. Maričić""},{""type"":""rally"",""score"":""20 : 21"",""speed"":""49.5 km/h"",""res"":""Punkt: S. Maričić""},{""type"":""rally"",""score"":""19 : 21"",""speed"":""64.0 km/h"",""res"":""Punkt: J. Zych""},{""type"":""rally"",""score"":""19 : 20"",""speed"":""47.1 km/h"",""res"":""Punkt: J. Zych""},{""type"":""rally"",""score"":""19 : 19"",""speed"":""60.6 km/h"",""res"":""Punkt: D. Makuch""},{""type"":""rally"",""score"":""19 : 18"",""speed"":""62.0 km/h"",""res"":""Błąd: D. Makuch""},{""type"":""rally"",""score"":""18 : 18"",""speed"":""73.2 km/h"",""res"":""Punkt: V. Lucas""},{""type"":""rally"",""score"":""18 : 17"",""speed"":""59.6 km/h"",""res"":""Punkt: D. Makuch""},{""type"":""rally"",""score"":""18 : 16"",""speed"":""67.8 km/h"",""res"":""Punkt: D. Makuch""},{""type"":""rally"",""score"":""18 : 15"",""speed"":""47.2 km/h"",""res"":""Punkt: A. Gvozdenović""},{""type"":""rally"",""score"":""17 : 15"",""speed"":""48.7 km/h"",""res"":""Punkt: P. Garcia""},{""type"":""rally"",""score"":""16 : 15"",""speed"":""49.0 km/h"",""res"":""Punkt: D. Makuch""},{""type"":""tmo"",""score"":""16 : 14"",""txt"":""Czas: ""},{""type"":""rally"",""score"":""16 : 14"",""speed"":""-"",""res"":""Błąd: J. Zych""},{""type"":""tmo"",""score"":""15 : 14"",""txt"":""Czas: Pogromcy Gdańsk""},{""type"":""rally"",""score"":""15 : 14"",""speed"":""55.1 km/h"",""res"":""Punkt: J. Zych""},{""type"":""rally"",""score"":""15 : 13"",""speed"":""64.0 km/h"",""res"":""Punkt: A. Bujok""},{""type"":""rally"",""score"":""15 : 12"",""speed"":""65.8 km/h"",""res"":""Punkt: M. Ptak""},{""type"":""rally"",""score"":""15 : 11"",""speed"":""52.5 km/h"",""res"":""Punkt: M. Andjelić""},{""type"":""rally"",""score"":""14 : 11"",""speed"":""55.9 km/h"",""res"":""Punkt: J. Zych""},{""type"":""rally"",""score"":""14 : 10"",""speed"":""48.3 km/h"",""res"":""Punkt: G. Veloso""},{""type"":""rally"",""score"":""13 : 10"",""speed"":""48.9 km/h"",""res"":""Punkt: J. Zych""},{""type"":""rally"",""score"":""13 : 9"",""speed"":""58.3 km/h"",""res"":""Punkt: J. Zych""},{""type"":""rally"",""score"":""13 : 8"",""speed"":""56.5 km/h"",""res"":""Punkt: S. Maričić""},{""type"":""rally"",""score"":""12 : 8"",""speed"":""61.1 km/h"",""res"":""Punkt: G. Drąg""},{""type"":""rally"",""score"":""12 : 7"",""speed"":""75.8 km/h"",""res"":""Punkt: G. Veloso""},{""type"":""chg"",""score"":""11 : 7"",""txt"":""Zmiana: A. Gvozdenović ⇄ E. Lamarca""},{""type"":""rally"",""score"":""11 : 7"",""speed"":""89.0 km/h"",""res"":""Punkt: A. Bujok""},{""type"":""rally"",""score"":""11 : 6"",""speed"":""63.4 km/h"",""res"":""Punkt: D. Makuch""},{""type"":""rally"",""score"":""11 : 5"",""speed"":""64.6 km/h"",""res"":""Punkt: P. Garcia""},{""type"":""chg"",""score"":""10 : 5"",""txt"":""Zmiana: E. Lamarca ⇄ A. Gvozdenović""},{""type"":""rally"",""score"":""10 : 5"",""speed"":""52.1 km/h"",""res"":""Punkt: P. Garcia""},{""type"":""rally"",""score"":""9 : 5"",""speed"":""54.9 km/h"",""res"":""Punkt: P. Garcia""},{""type"":""chg"",""score"":""8 : 5"",""txt"":""Zmiana: M. Samardžić ⇄ D. Bauer""},{""type"":""tmo"",""score"":""8 : 5"",""txt"":""Czas: ""},{""type"":""rally"",""score"":""8 : 5"",""speed"":""50.9 km/h"",""res"":""Punkt: P. Garcia""},{""type"":""chg"",""score"":""7 : 5"",""txt"":""Zmiana: M. Andjelić ⇄ C. Circolo""},{""type"":""chg"",""score"":""7 : 5"",""txt"":""Zmiana: S. Maričić ⇄ A. Lusini""},{""type"":""rally"",""score"":""7 : 5"",""speed"":""64.7 km/h"",""res"":""Punkt: A. Lusini""},{""type"":""rally"",""score"":""6 : 5"",""speed"":""55.9 km/h"",""res"":""Punkt: D. Makuch""},{""type"":""rally"",""score"":""6 : 4"",""speed"":""51.4 km/h"",""res"":""Punkt: D. Makuch""},{""type"":""rally"",""score"":""6 : 3"",""speed"":""43.8 km/h"",""res"":""Punkt: C. Circolo""},{""type"":""rally"",""score"":""5 : 3"",""speed"":""62.5 km/h"",""res"":""Punkt: G. Drąg""},{""type"":""rally"",""score"":""5 : 2"",""speed"":""-"",""res"":""Błąd: D. Bauer""},{""type"":""chg"",""score"":""5 : 1"",""txt"":""Zmiana: D. Bauer ⇄ M. Samardžić""},{""type"":""rally"",""score"":""5 : 1"",""speed"":""75.0 km/h"",""res"":""Punkt: G. Veloso""},{""type"":""rally"",""score"":""4 : 1"",""speed"":""67.5 km/h"",""res"":""Punkt: J. Zych""},{""type"":""tmo"",""score"":""4 : 0"",""txt"":""Czas: Vernixo""},{""type"":""rally"",""score"":""4 : 0"",""speed"":""50.2 km/h"",""res"":""Punkt: C. Circolo""},{""type"":""tmo"",""score"":""3 : 0"",""txt"":""Czas: Vernixo""},{""type"":""rally"",""score"":""3 : 0"",""speed"":""70.2 km/h"",""res"":""Punkt: C. Circolo""},{""type"":""rally"",""score"":""2 : 0"",""speed"":""54.8 km/h"",""res"":""Błąd: J. Zych""},{""type"":""rally"",""score"":""1 : 0"",""speed"":""59.4 km/h"",""res"":""Punkt: C. Circolo""}]},{""rallies"":[{""type"":""end"",""score"":""15 : 25"",""txt"":""Koniec seta 0 : 2""},{""type"":""end"",""score"":""15 : 25"",""txt"":""Koniec seta 0 : 2""},{""type"":""rally"",""score"":""15 : 25"",""speed"":""89.8 km/h"",""res"":""Punkt: D. Makuch""},{""type"":""rally"",""score"":""15 : 24"",""speed"":""58.8 km/h"",""res"":""Punkt: D. Makuch""},{""type"":""rally"",""score"":""15 : 23"",""speed"":""84.9 km/h"",""res"":""Punkt: M. Ptak""},{""type"":""rally"",""score"":""15 : 22"",""speed"":""63.4 km/h"",""res"":""Punkt: A. Bujok""},{""type"":""rally"",""score"":""15 : 21"",""speed"":""-"",""res"":""Błąd: G. Drąg""},{""type"":""rally"",""score"":""14 : 21"",""speed"":""-"",""res"":""Błąd: G. Veloso""},{""type"":""rally"",""score"":""14 : 20"",""speed"":""61.8 km/h"",""res"":""Punkt: S. Maričić""},{""type"":""rally"",""score"":""13 : 20"",""speed"":""51.3 km/h"",""res"":""Punkt: D. Makuch""},{""type"":""rally"",""score"":""13 : 19"",""speed"":""-"",""res"":""Błąd: M. Andjelić""},{""type"":""tmo"",""score"":""13 : 18"",""txt"":""Czas: Vernixo""},{""type"":""rally"",""score"":""13 : 18"",""speed"":""54.7 km/h"",""res"":""Punkt: P. Garcia""},{""type"":""rally"",""score"":""12 : 18"",""speed"":""57.4 km/h"",""res"":""Punkt: M. Andjelić""},{""type"":""rally"",""score"":""11 : 18"",""speed"":""72.1 km/h"",""res"":""Punkt: G. Drąg""},{""type"":""rally"",""score"":""11 : 17"",""speed"":""68.2 km/h"",""res"":""Punkt: A. Bujok""},{""type"":""tmo"",""score"":""11 : 16"",""txt"":""Czas: ""},{""type"":""rally"",""score"":""11 : 16"",""speed"":""58.8 km/h"",""res"":""Punkt: J. Zych""},{""type"":""rally"",""score"":""11 : 15"",""speed"":""49.6 km/h"",""res"":""Punkt: M. Samardžić""},{""type"":""tmo"",""score"":""10 : 15"",""txt"":""Czas: Pogromcy Gdańsk""},{""type"":""rally"",""score"":""10 : 15"",""speed"":""50.6 km/h"",""res"":""Punkt: J. Zych""},{""type"":""rally"",""score"":""10 : 14"",""speed"":""45.5 km/h"",""res"":""Punkt: J. Zych""},{""type"":""rally"",""score"":""10 : 13"",""speed"":""47.5 km/h"",""res"":""Punkt: J. Zych""},{""type"":""rally"",""score"":""10 : 12"",""speed"":""62.3 km/h"",""res"":""Punkt: G. Veloso""},{""type"":""chg"",""score"":""9 : 12"",""txt"":""Zmiana: A. Gvozdenović ⇄ E. Lamarca""},{""type"":""rally"",""score"":""9 : 12"",""speed"":""67.4 km/h"",""res"":""Punkt: G. Drąg""},{""type"":""rally"",""score"":""9 : 11"",""speed"":""66.2 km/h"",""res"":""Punkt: S. Maričić""},{""type"":""rally"",""score"":""8 : 11"",""speed"":""72.7 km/h"",""res"":""Punkt: D. Makuch""},{""type"":""chg"",""score"":""8 : 10"",""txt"":""Zmiana: E. Lamarca ⇄ A. Gvozdenović""},{""type"":""rally"",""score"":""8 : 10"",""speed"":""45.9 km/h"",""res"":""Punkt: D. Makuch""},{""type"":""rally"",""score"":""8 : 9"",""speed"":""55.7 km/h"",""res"":""Punkt: S. Maričić""},{""type"":""chg"",""score"":""7 : 9"",""txt"":""Zmiana: M. Samardžić ⇄ D. Bauer""},{""type"":""rally"",""score"":""7 : 9"",""speed"":""62.2 km/h"",""res"":""Punkt: D. Makuch""},{""type"":""tmo"",""score"":""7 : 8"",""txt"":""Czas: ""},{""type"":""rally"",""score"":""7 : 8"",""speed"":""55.6 km/h"",""res"":""Punkt: A. Bujok""},{""type"":""rally"",""score"":""7 : 7"",""speed"":""54.5 km/h"",""res"":""Punkt: D. Makuch""},{""type"":""chg"",""score"":""7 : 6"",""txt"":""Zmiana: M. Andjelić ⇄ C. Circolo""},{""type"":""chg"",""score"":""7 : 6"",""txt"":""Zmiana: S. Maričić ⇄ A. Lusini""},{""type"":""rally"",""score"":""7 : 6"",""speed"":""61.6 km/h"",""res"":""Punkt: G. Veloso""},{""type"":""rally"",""score"":""6 : 6"",""speed"":""55.9 km/h"",""res"":""Błąd: G. Veloso""},{""type"":""rally"",""score"":""6 : 5"",""speed"":""66.9 km/h"",""res"":""Punkt: J. Zych""},{""type"":""rally"",""score"":""6 : 4"",""speed"":""62.7 km/h"",""res"":""Błąd: J. Zych""},{""type"":""chg"",""score"":""5 : 4"",""txt"":""Zmiana: D. Bauer ⇄ M. Samardžić""},{""type"":""rally"",""score"":""5 : 4"",""speed"":""53.3 km/h"",""res"":""Punkt: A. Lusini""},{""type"":""rally"",""score"":""4 : 4"",""speed"":""60.1 km/h"",""res"":""Punkt: P. Garcia""},{""type"":""rally"",""score"":""3 : 4"",""speed"":""72.2 km/h"",""res"":""Punkt: G. Veloso""},{""type"":""rally"",""score"":""2 : 4"",""speed"":""66.8 km/h"",""res"":""Punkt: G. Drąg""},{""type"":""rally"",""score"":""2 : 3"",""speed"":""63.8 km/h"",""res"":""Punkt: G. Veloso""},{""type"":""rally"",""score"":""1 : 3"",""speed"":""49.1 km/h"",""res"":""Punkt: C. Circolo""},{""type"":""rally"",""score"":""0 : 3"",""speed"":""45.9 km/h"",""res"":""Punkt: J. Zych""},{""type"":""rally"",""score"":""0 : 2"",""speed"":""45.7 km/h"",""res"":""Punkt: M. Ptak""},{""type"":""rally"",""score"":""0 : 1"",""speed"":""49.9 km/h"",""res"":""Punkt: G. Drąg""}]},{""rallies"":[{""type"":""end"",""score"":""22 : 25"",""txt"":""Koniec seta 0 : 3""},{""type"":""end"",""score"":""22 : 25"",""txt"":""Koniec seta 0 : 3""},{""type"":""rally"",""score"":""22 : 25"",""speed"":""51.0 km/h"",""res"":""Punkt: D. Makuch""},{""type"":""rally"",""score"":""22 : 24"",""speed"":""57.8 km/h"",""res"":""Punkt: M. Andjelić""},{""type"":""rally"",""score"":""21 : 24"",""speed"":""55.1 km/h"",""res"":""Punkt: J. Zych""},{""type"":""rally"",""score"":""21 : 23"",""speed"":""65.0 km/h"",""res"":""Punkt: M. Andjelić""},{""type"":""rally"",""score"":""20 : 23"",""speed"":""78.4 km/h"",""res"":""Punkt: G. Veloso""},{""type"":""rally"",""score"":""19 : 23"",""speed"":""-"",""res"":""Błąd: A. Gvozdenović""},{""type"":""rally"",""score"":""19 : 22"",""speed"":""45.3 km/h"",""res"":""Punkt: G. Veloso""},{""type"":""rally"",""score"":""18 : 22"",""speed"":""62.4 km/h"",""res"":""Punkt: J. Zych""},{""type"":""rally"",""score"":""18 : 21"",""speed"":""64.3 km/h"",""res"":""Punkt: M. Andjelić""},{""type"":""rally"",""score"":""17 : 21"",""speed"":""48.5 km/h"",""res"":""Punkt: A. Gvozdenović""},{""type"":""rally"",""score"":""16 : 21"",""speed"":""48.2 km/h"",""res"":""Punkt: P. Garcia""},{""type"":""rally"",""score"":""15 : 21"",""speed"":""58.9 km/h"",""res"":""Punkt: J. Zych""},{""type"":""rally"",""score"":""15 : 20"",""speed"":""55.2 km/h"",""res"":""Punkt: D. Makuch""},{""type"":""rally"",""score"":""15 : 19"",""speed"":""68.8 km/h"",""res"":""Punkt: D. Makuch""},{""type"":""rally"",""score"":""15 : 18"",""speed"":""61.8 km/h"",""res"":""Punkt: S. Maričić""},{""type"":""tmo"",""score"":""14 : 18"",""txt"":""Czas: Pogromcy Gdańsk""},{""type"":""rally"",""score"":""14 : 18"",""speed"":""92.0 km/h"",""res"":""Punkt: G. Drąg""},{""type"":""rally"",""score"":""14 : 17"",""speed"":""86.3 km/h"",""res"":""Punkt: A. Bujok""},{""type"":""tmo"",""score"":""14 : 16"",""txt"":""Czas: ""},{""type"":""rally"",""score"":""14 : 16"",""speed"":""57.2 km/h"",""res"":""Punkt: M. Ptak""},{""type"":""rally"",""score"":""14 : 15"",""speed"":""67.3 km/h"",""res"":""Punkt: G. Veloso""},{""type"":""rally"",""score"":""13 : 15"",""speed"":""58.8 km/h"",""res"":""Punkt: D. Makuch""},{""type"":""rally"",""score"":""13 : 14"",""speed"":""55.7 km/h"",""res"":""Punkt: M. Andjelić""},{""type"":""rally"",""score"":""12 : 14"",""speed"":""71.9 km/h"",""res"":""Punkt: J. Zych""},{""type"":""rally"",""score"":""12 : 13"",""speed"":""72.5 km/h"",""res"":""Punkt: M. Andjelić""},{""type"":""rally"",""score"":""11 : 13"",""speed"":""58.9 km/h"",""res"":""Błąd: G. Veloso""},{""type"":""rally"",""score"":""11 : 12"",""speed"":""55.8 km/h"",""res"":""Błąd: J. Zych""},{""type"":""rally"",""score"":""10 : 12"",""speed"":""49.8 km/h"",""res"":""Punkt: M. Andjelić""},{""type"":""chg"",""score"":""9 : 12"",""txt"":""Zmiana: A. Gvozdenović ⇄ E. Lamarca""},{""type"":""rally"",""score"":""9 : 12"",""speed"":""53.6 km/h"",""res"":""Punkt: J. Zych""},{""type"":""rally"",""score"":""9 : 11"",""speed"":""50.8 km/h"",""res"":""Błąd: J. Zych""},{""type"":""rally"",""score"":""8 : 11"",""speed"":""42.5 km/h"",""res"":""Punkt: V. Lucas""},{""type"":""chg"",""score"":""8 : 10"",""txt"":""Zmiana: E. Lamarca ⇄ A. Gvozdenović""},{""type"":""rally"",""score"":""8 : 10"",""speed"":""53.1 km/h"",""res"":""Błąd: P. Garcia""},{""type"":""rally"",""score"":""8 : 9"",""speed"":""63.3 km/h"",""res"":""Punkt: D. Makuch""},{""type"":""chg"",""score"":""8 : 8"",""txt"":""Zmiana: M. Samardžić ⇄ D. Bauer""},{""type"":""rally"",""score"":""8 : 8"",""speed"":""50.6 km/h"",""res"":""Punkt: D. Makuch""},{""type"":""tmo"",""score"":""8 : 7"",""txt"":""Czas: ""},{""type"":""rally"",""score"":""8 : 7"",""speed"":""88.1 km/h"",""res"":""Punkt: A. Gvozdenović""},{""type"":""rally"",""score"":""7 : 7"",""speed"":""55.5 km/h"",""res"":""Punkt: G. Drąg""},{""type"":""chg"",""score"":""7 : 6"",""txt"":""Zmiana: M. Andjelić ⇄ C. Circolo""},{""type"":""chg"",""score"":""7 : 6"",""txt"":""Zmiana: S. Maričić ⇄ A. Lusini""},{""type"":""rally"",""score"":""7 : 6"",""speed"":""62.8 km/h"",""res"":""Punkt: A. Gvozdenović""},{""type"":""tmo"",""score"":""6 : 6"",""txt"":""Czas: Vernixo""},{""type"":""rally"",""score"":""6 : 6"",""speed"":""57.7 km/h"",""res"":""Punkt: A. Lusini""},{""type"":""rally"",""score"":""5 : 6"",""speed"":""60.9 km/h"",""res"":""Punkt: P. Garcia""},{""type"":""rally"",""score"":""4 : 6"",""speed"":""46.6 km/h"",""res"":""Błąd: P. Garcia""},{""type"":""chg"",""score"":""4 : 5"",""txt"":""Zmiana: D. Bauer ⇄ M. Samardžić""},{""type"":""rally"",""score"":""4 : 5"",""speed"":""60.3 km/h"",""res"":""Punkt: M. Ptak""},{""type"":""rally"",""score"":""4 : 4"",""speed"":""60.8 km/h"",""res"":""Punkt: A. Lusini""},{""type"":""rally"",""score"":""3 : 4"",""speed"":""62.1 km/h"",""res"":""Punkt: G. Veloso""},{""type"":""rally"",""score"":""2 : 4"",""speed"":""58.4 km/h"",""res"":""Punkt: J. Zych""},{""type"":""rally"",""score"":""2 : 3"",""speed"":""51.3 km/h"",""res"":""Błąd: M. Ptak""},{""type"":""rally"",""score"":""1 : 3"",""speed"":""73.4 km/h"",""res"":""Punkt: C. Circolo""},{""type"":""rally"",""score"":""0 : 3"",""speed"":""88.4 km/h"",""res"":""Punkt: G. Drąg""},{""type"":""rally"",""score"":""0 : 2"",""speed"":""79.2 km/h"",""res"":""Punkt: A. Bujok""},{""type"":""rally"",""score"":""0 : 1"",""speed"":""-"",""res"":""Błąd: A. Gvozdenović""}]}]}","0","3","0","0","0","0","21","33","3","0","19","0","0","2","70.2","57.8","1","0","0","0","0","1","0","0","0","0","0","0","0","0","0","0","0","0","0","0","0","0","0","0","0","0","0","0","0","0","33","17","4","4","34","91","0","0","0","0","0","0","0","0","0","0","0","0","0","0","0","0","0","2","2","0","5","0","0","clan-bulk-1.2","0","0","0"
"liga_klanow_2_1","Pogromcy Gdańsk vs Vernixo 0:3","1297869","2026-09-18 19:00","Pogro Arena","Stara Gwardia","1393","Pogromcy Gdańsk","","Samardžić, Milorad","1976242","3","0","10","0","0","71.9","8","3","2","25","-12","20","13","10","7","3","65","5","0","100","2","40","1","19","34","0","0","0","0","0","0","0","14.5","","1","1","0","0","0","0","19","34","1","0","19","0","0","0","71.9","60.4","0","0","0","2","2","4","0","0","0","0","0","0","0","0","3","0","1","4","0","0","0","0","0","0","0","0","0","0","0","0","0","0","0","0","0","0","0","0","0","0","0","0","0","0","0","0","0","0","0","0","0","0","0","1","0","1","0","0","0","clan-bulk-1.2","0","0","0"
"liga_klanow_2_1","Pogromcy Gdańsk vs Vernixo 0:3","1297869","2026-09-18 19:00","Pogro Arena","Stara Gwardia","1393","Pogromcy Gdańsk","","Circolo, Corrado","1950200","6","3","7","0","0","66.9","11","3","4","36","9","3","0","0","3","0","0","0","0","0","0","0","2","12","18","0","0","1","0","1","0","0","11.3","","0","2","0","0","0","0","12","18","2","0","11","0","0","1","66.9","59.4","0","0","1","0","1","2","0","0","1","0","0","1","0","0","0","0","0","0","4","0","1","0","3","8","0","0","0","0","0","0","0","0","0","0","1","1","0","0","0","0","0","0","0","0","0","0","0","0","0","0","0","0","0","3","4","1","1","0","0","clan-bulk-1.2","0","0","0"
"liga_klanow_2_1","Pogromcy Gdańsk vs Vernixo 0:3","1297869","2026-09-18 19:00","Pogro Arena","Stara Gwardia","1393","Pogromcy Gdańsk","","Veloso, Gregorio","2112040","11","6","13","1","0","67.8","27","4","11","41","26","14","5","0","9","3","21","0","0","0","0","0","0","18","53","0","0","0","0","0","0","0","21.4","","3","3","0","0","0","0","18","53","0","0","17","0","0","1","67.8","57.4","1","1","0","0","3","5","0","0","0","0","0","0","6","1","2","0","8","17","0","0","0","0","0","0","4","0","0","0","1","5","0","0","0","0","0","0","0","0","0","0","0","0","0","0","0","0","0","0","0","0","0","0","0","3","3","6","5","0","0","clan-bulk-1.2","0","0","0"
"liga_klanow_2_1","Pogromcy Gdańsk vs Vernixo 0:3","1297869","2026-09-18 19:00","Pogro Arena","Stara Gwardia","1393","Pogromcy Gdańsk","","Garcia, Patrick","1976391","11","3","6","0","0","68.8","12","4","4","33","0","11","8","4","3","2","55","57","4","93","23","40","7","33","59","0","0","0","0","0","0","0","49.4","","0","0","0","0","0","0","33","59","7","0","29","0","0","4","68.8","58.4","1","1","1","2","4","9","0","0","1","0","0","1","1","0","0","0","0","1","0","0","0","0","0","0","0","1","0","0","0","1","0","0","0","0","0","0","0","0","0","0","0","0","0","0","0","0","0","0","0","0","0","0","0","3","5","2","4","0","0","clan-bulk-1.2","0","0","0"
"liga_klanow_2_1","Pogromcy Gdańsk vs Vernixo 0:3","1297869","2026-09-18 19:00","Pogro Arena","Stara Gwardia","1393","Pogromcy Gdańsk","","Lusini, Astolfo","1864345","5","5","0","0","0","0","6","0","3","50","50","0","0","0","0","0","0","0","0","0","0","0","2","13","16","0","0","0","0","0","0","0","12","","0","0","0","0","0","0","13","16","2","0","13","0","0","0","0","0","0","0","0","0","0","0","0","0","0","1","0","1","0","0","0","0","0","0","2","0","0","0","3","5","0","0","0","0","0","0","0","0","0","0","0","0","0","0","0","0","0","0","0","0","0","0","0","0","0","0","0","0","0","3","1","1","2","0","0","clan-bulk-1.2","0","0","0"
"liga_klanow_2_1","Pogromcy Gdańsk vs Vernixo 0:3","1297869","2026-09-18 19:00","Pogro Arena","Stara Gwardia","1393","Pogromcy Gdańsk","","Chmura, Kacper","1928723","0","-1","0","0","0","0","0","0","0","0","0","23","16","7","7","3","43","7","1","86","1","14","0","0","0","0","1","2","0","0","1","1","7.6","","2","3","0","0","0","0","0","0","0","0","0","0","0","0","0","0","0","0","0","0","0","0","0","0","0","0","0","0","0","0","0","0","0","0","0","0","0","0","0","0","0","0","0","0","0","0","0","1","0","0","1","2","0","0","0","0","0","0","0","0","0","0","0","0","0","0","0","0","0","0","0","0","0","0","0","clan-bulk-1.2","0","0","0"
"liga_klanow_2_1","Pogromcy Gdańsk vs Vernixo 0:3","1297869","2026-09-18 19:00","Pogro Arena","Stara Gwardia","1393","Pogromcy Gdańsk","","Bauer, David","1709437","0","-1","1","1","0","0","1","0","0","0","0","3","3","2","0","0","67","1","0","100","0","0","0","1","1","0","0","0","0","0","0","0","1","","0","0","0","0","0","0","1","1","0","0","1","0","0","0","0","0","0","0","0","0","0","0","0","0","0","0","0","0","0","0","0","0","0","0","0","0","0","0","0","0","0","0","0","0","1","1","0","0","0","0","0","0","0","0","0","0","0","0","0","0","0","0","0","0","0","0","0","0","0","0","1","0","0","0","0","clan-bulk-1.2","0","0","0"
"liga_klanow_2_1","Pogromcy Gdańsk vs Vernixo 0:3","1297869","2026-09-18 19:00","Pogro Arena","Stara Gwardia","1393","Pogromcy Gdańsk","","Andjelić, Mihajlo","2139723","9","5","5","1","0","58.8","16","3","8","50","31","2","1","0","1","0","0","0","0","0","0","0","1","16","27","0","1","1","0","0","1","0","19.7","","0","0","0","0","0","0","16","27","1","0","16","0","0","0","58.8","53.4","0","0","0","0","0","0","0","0","0","0","0","0","0","0","0","0","0","0","8","0","3","0","5","16","0","0","0","0","0","0","0","1","0","0","0","1","0","0","0","0","0","0","0","0","0","0","0","0","0","0","0","0","0","3","2","2","6","0","0","clan-bulk-1.2","0","0","0"
"liga_klanow_2_1","Pogromcy Gdańsk vs Vernixo 0:3","1297869","2026-09-18 19:00","Pogro Arena","Stara Gwardia","1393","Pogromcy Gdańsk","","Maričić, Stefan","2139724","7","0","8","0","1","67.4","21","7","6","29","-5","4","2","0","2","0","0","0","0","0","0","0","0","11","33","0","0","0","0","0","0","0","3.5","","0","0","0","0","0","0","11","33","0","0","10","0","0","1","67.4","60.7","1","0","0","0","1","2","0","0","1","0","0","1","0","0","0","0","0","0","5","0","6","0","7","18","0","0","0","0","0","0","0","0","0","0","0","0","0","0","0","0","0","0","0","0","0","0","0","0","0","0","0","0","0","3","3","3","1","0","0","clan-bulk-1.2","0","0","0"
"liga_klanow_2_1","Pogromcy Gdańsk vs Vernixo 0:3","1297869","2026-09-18 19:00","Pogro Arena","Stara Gwardia","1393","Pogromcy Gdańsk","","Lamarca, Enéas","1904773","0","0","0","0","0","0","0","0","0","0","0","0","0","0","0","0","0","0","0","0","0","0","0","4","8","1","1","7","3","1","1","2","0","","0","0","0","0","0","0","4","8","0","0","4","0","0","0","0","0","0","0","0","0","0","0","0","0","0","0","0","0","0","0","0","0","0","0","0","0","0","0","0","0","0","0","0","0","0","0","1","1","1","0","4","7","0","0","0","0","0","0","0","0","0","0","0","0","0","0","0","0","0","0","0","0","0","0","0","clan-bulk-1.2","0","0","0"
"liga_klanow_2_1","Pogromcy Gdańsk vs Vernixo 0:3","1297869","2026-09-18 19:00","Pogro Arena","EXPLOSION II","1393","Vernixo","","Lucas, Vincent","1949237","2","2","13","0","0","51","1","0","0","0","0","22","16","6","6","1","32","0","0","0","0","0","2","13","43","38","15","87","15","25","31","16","11.2","","1","2","0","0","0","0","13","43","2","0","13","0","0","0","51","47.8","0","0","0","0","1","1","0","0","0","0","0","0","0","0","0","0","0","0","0","0","0","0","0","0","0","0","0","0","0","0","38","15","0","6","28","87","0","0","0","0","0","0","0","0","0","0","0","0","0","0","0","0","0","2","1","0","1","0","0","clan-bulk-1.2","0","0","0"
"liga_klanow_2_1","Pogromcy Gdańsk vs Vernixo 0:3","1297869","2026-09-18 19:00","Pogro Arena","EXPLOSION II","1393","Vernixo","","Ptak, Michał","1929072","5","-2","12","1","0","88.4","11","6","3","27","-27","14","10","7","4","3","71","25","0","100","9","36","2","19","51","0","0","0","0","0","0","0","17","","3","3","0","0","0","0","19","51","2","0","19","0","0","0","88.4","71.8","1","0","2","0","0","3","0","0","0","0","0","0","0","0","2","0","2","4","0","0","0","0","0","0","2","1","1","0","0","4","0","0","0","0","0","0","0","0","0","0","0","0","0","0","0","0","0","0","0","0","0","0","0","3","2","2","3","0","0","clan-bulk-1.2","0","0","0"
"liga_klanow_2_1","Pogromcy Gdańsk vs Vernixo 0:3","1297869","2026-09-18 19:00","Pogro Arena","EXPLOSION II","1393","Vernixo","","Zych, Jerzy","1929183","22","13","12","1","1","64","36","8","17","47","25","4","2","0","2","0","0","0","0","0","0","0","4","37","56","0","0","1","0","0","1","0","41","","0","0","0","0","0","0","37","56","4","3","34","0","0","3","64","57.4","1","0","1","0","1","3","1","0","0","0","0","1","0","0","0","0","0","0","15","4","3","0","10","32","0","0","0","0","0","0","0","0","0","0","1","1","0","0","0","0","0","0","0","0","0","0","0","0","0","0","0","0","0","3","12","7","8","0","0","clan-bulk-1.2","0","0","0"
"liga_klanow_2_1","Pogromcy Gdańsk vs Vernixo 0:3","1297869","2026-09-18 19:00","Pogro Arena","EXPLOSION II","1393","Vernixo","","Drąg, Grzegorz","1864218","9","7","10","1","0","67.3","11","1","5","45","36","10","5","1","5","1","20","0","0","0","0","0","4","30","59","0","0","0","0","0","0","0","27.9","","1","2","0","0","0","0","30","59","4","1","29","0","0","1","67.3","57.5","0","0","1","0","2","3","0","0","0","0","0","0","1","0","0","0","2","3","0","0","0","0","0","0","4","0","0","0","1","5","0","0","0","0","0","0","0","0","0","0","0","0","0","0","0","0","0","0","0","0","0","0","0","3","2","5","3","0","0","clan-bulk-1.2","0","0","0"
"liga_klanow_2_1","Pogromcy Gdańsk vs Vernixo 0:3","1297869","2026-09-18 19:00","Pogro Arena","EXPLOSION II","1393","Vernixo","","Bujok, Arkadiusz","1905171","7","3","14","0","2","92","11","3","1","9","-18","11","10","6","1","0","55","28","1","96","14","50","4","29","51","0","0","0","0","0","0","0","31.1","","0","0","0","0","0","0","29","51","4","1","25","0","0","4","92","75.7","0","0","0","0","1","1","0","0","2","0","0","2","1","0","1","0","5","7","0","0","0","0","0","0","0","0","0","0","1","1","0","0","0","0","0","0","0","0","0","0","0","0","0","0","0","0","0","0","0","0","0","0","0","3","2","3","2","0","0","clan-bulk-1.2","0","0","0"
"liga_klanow_2_1","Pogromcy Gdańsk vs Vernixo 0:3","1297869","2026-09-18 19:00","Pogro Arena","EXPLOSION II","1393","Vernixo","","Makuch, Damian","1975655","20","16","12","0","2","64","25","4","14","56","40","4","1","0","3","0","0","0","0","0","0","0","4","28","46","0","0","0","0","0","0","0","48","","0","1","0","0","0","0","28","46","4","0","24","0","0","4","64","54.3","4","0","2","0","1","7","2","0","0","0","0","2","0","0","0","0","0","0","8","1","1","0","6","16","0","0","0","0","0","0","0","0","0","0","0","0","0","0","0","0","0","0","0","0","0","0","0","0","0","0","0","0","0","3","8","7","6","0","0","clan-bulk-1.2","0","0","0"
"liga_klanow_2_1","Pogromcy Gdańsk vs Vernixo 0:3","1297869","2026-09-18 19:00","Pogro Arena","EXPLOSION II","1393","Vernixo","","Valenti, Garrett","2003282","0","0","0","0","0","0","0","0","0","0","0","25","15","9","10","6","60","3","0","100","1","33","0","0","0","2","1","6","1","1","2","2","11.2","","6","7","0","0","0","0","0","0","0","0","0","0","0","0","0","0","0","0","0","0","0","0","0","0","0","0","0","0","0","0","0","0","0","0","0","0","0","0","0","0","0","0","0","0","0","0","2","1","0","0","3","6","0","0","0","0","0","0","0","0","0","0","0","0","0","0","0","0","0","0","0","0","0","0","0","clan-bulk-1.2","0","0","0"